species	gene	family	type	is_MYB	degree	strength	transitivity	treatment_r	treatment_padj	N_correlated	on_conserved_edge	conservation_status
sugarcane	SoffiXsponR570.01Ag001600	AP2-EREBP	TFF	FALSE	6	2.346558	0.733333333333333			FALSE	FALSE	
sugarcane	SoffiXsponR570.01Ag002000	Sigma70-like	TFF	FALSE	360	57.273452	0.400108325595791	0.0572	0.8872	FALSE	TRUE	
sugarcane	SoffiXsponR570.01Ag005800	WRKY	TFF	FALSE	3	0.246918	0.333333333333333			FALSE	FALSE	
sugarcane	SoffiXsponR570.01Ag006800	HSF	TFF	FALSE	130	13.098284	0.57757901013715	-0.4022	0.03255	FALSE	TRUE	
sugarcane	SoffiXsponR570.01Ag016300	FAR1	TFF	FALSE	59	6.302681	0.402688486265342	-0.1363	0.6309	FALSE	TRUE	
sugarcane	SoffiXsponR570.01Ag019400	mTERF	OTR	FALSE	141	23.533702	0.614690982776089			FALSE	FALSE	
sugarcane	SoffiXsponR570.01Ag019900	mTERF	OTR	FALSE	64	7.681431	0.664186507936508			FALSE	FALSE	
sugarcane	SoffiXsponR570.01Ag028300	GRAS	TFF	FALSE	2141	192.222391	0.988122416374565			FALSE	FALSE	
sugarcane	SoffiXsponR570.01Ag034100	mTERF	OTR	FALSE	14628	6081.659835	0.577764488299598			FALSE	FALSE	
sugarcane	SoffiXsponR570.01Ag034300	mTERF	OTR	FALSE	12766	4738.124667	0.664274369118078			FALSE	FALSE	
sugarcane	SoffiXsponR570.01Ag036000	C2H2	TFF	FALSE	16	2.770945	0.0333333333333333			FALSE	FALSE	
sugarcane	SoffiXsponR570.01Ag037300	AP2-EREBP	TFF	FALSE	130	15.717649	0.529755515802028	-0.2534	0.2702	FALSE	TRUE	
sugarcane	SoffiXsponR570.01Ag040300	TFIIS	TFF	FALSE	72	8.778174	0.458528951486698	-0.5084	0.003133	FALSE	TRUE	
sugarcane	SoffiXsponR570.01Ag040800	NAC	TFF	FALSE	18	2.99994	0.437908496732026	0.419	0.02355	FALSE	TRUE	
sugarcane	SoffiXsponR570.01Ag051500	bHLH	TFF	FALSE	538	61.293952	0.608315507466096	-0.0431	0.9189	FALSE	TRUE	
sugarcane	SoffiXsponR570.01Ag053400	FHA	TFF	FALSE	65	8.288699	0.31875	-0.7996	2.237e-09	TRUE	TRUE	ortholog_not_correlated
sugarcane	SoffiXsponR570.01Ag055500	WRKY	TFF	FALSE	12	2.732431	0.409090909090909			FALSE	FALSE	
sugarcane	SoffiXsponR570.01Ag056000	AUX/IAA	OTR	FALSE	6	0.923712	0.6			FALSE	FALSE	
sugarcane	SoffiXsponR570.01Ag058100	bZIP	TFF	FALSE	1	0.063982				FALSE	FALSE	
sugarcane	SoffiXsponR570.01Ag058700	HSF	TFF	FALSE	10	1.369815	0.288888888888889	0.0619	0.8745	FALSE	TRUE	
sugarcane	SoffiXsponR570.01Ag061100	GNAT	OTR	FALSE	33	5.547929	0.295454545454545			FALSE	FALSE	
sugarcane	SoffiXsponR570.01Ag062900	TRAF	OTR	FALSE	5	0.292176	0.4			FALSE	FALSE	
sugarcane	SoffiXsponR570.01Ag064000	C2C2-GATA	TFF	FALSE	1293	302.63005	0.696554919439995			FALSE	FALSE	
sugarcane	SoffiXsponR570.01Ag067900	mTERF	OTR	FALSE	26	5.595303	0.615384615384615	0.2638	0.242	FALSE	TRUE	
sugarcane	SoffiXsponR570.01Ag070100	bHLH	TFF	FALSE	2	1.326463	1	-0.3515	0.07728	FALSE	TRUE	
sugarcane	SoffiXsponR570.01Ag077200	HB	TFF	FALSE	383	43.585013	0.469741500690334			FALSE	FALSE	
sugarcane	SoffiXsponR570.01Ag077300	MYB	TFF	TRUE	9	4.463532	0.555555555555556			FALSE	FALSE	
sugarcane	SoffiXsponR570.01Ag077900	bZIP	TFF	FALSE	36	15.868184	0.582539682539683			FALSE	FALSE	
sugarcane	SoffiXsponR570.01Ag078500	TRAF	OTR	FALSE	8414	1989.718149	0.719259594935125	-0.3543	0.07387	FALSE	TRUE	
sugarcane	SoffiXsponR570.01Ag080800	C2C2-Dof	TFF	FALSE	55	14.432781	0.133333333333333	0.1459	0.596	FALSE	TRUE	
sugarcane	SoffiXsponR570.01Ag081200	MYB-related	TFF	TRUE	17	2.615533	0.566176470588235			FALSE	FALSE	
sugarcane	SoffiXsponR570.01Ag081300	SWI/SNF-BAF60b	OTR	FALSE	6	0.291281	0.4	-0.0554	0.8916	FALSE	TRUE	
sugarcane	SoffiXsponR570.01Ag081500	C2H2	TFF	FALSE	204	47.378434	0.235873659808751	0.4915	0.004802	FALSE	TRUE	
sugarcane	SoffiXsponR570.01Ag083800	SWI/SNF-BAF60b	OTR	FALSE	9	0.813557	0.166666666666667			FALSE	FALSE	
sugarcane	SoffiXsponR570.01Ag085500	WRKY	TFF	FALSE	1	0.333892				FALSE	FALSE	
sugarcane	SoffiXsponR570.01Ag086600	WRKY	TFF	FALSE	2	0.11063	0			FALSE	FALSE	
sugarcane	SoffiXsponR570.01Ag090000	MADS	TFF	FALSE	2	0.05962	1			FALSE	FALSE	
sugarcane	SoffiXsponR570.01Ag090100	MADS	TFF	FALSE	2	0.509305	0			FALSE	FALSE	
sugarcane	SoffiXsponR570.01Ag090800	PAS	TFF	FALSE	95	12.212426	0.317357222844345	-0.1169	0.7014	FALSE	TRUE	
sugarcane	SoffiXsponR570.01Ag091800	MYB-related	TFF	TRUE	9010	2294.962726	0.773744519138526	-0.1724	0.5276	FALSE	TRUE	
sugarcane	SoffiXsponR570.01Ag098700	AUX/IAA	OTR	FALSE	277	35.541031	0.330063307696332	-0.229	0.3416	FALSE	TRUE	
sugarcane	SoffiXsponR570.01Ag099800	WRKY	TFF	FALSE	1	0.09964				FALSE	FALSE	
sugarcane	SoffiXsponR570.01Ag099900	bHLH	TFF	FALSE	60	11.143327	0.526553672316384	0.4203	0.0229	FALSE	TRUE	
sugarcane	SoffiXsponR570.01Ag104500	C2C2-GATA	TFF	FALSE	5362	899.483627	0.715875100823839	-0.0246	0.9567	FALSE	TRUE	
sugarcane	SoffiXsponR570.01Ag106100	HB	TFF	FALSE	25	2.90007	0.326666666666667	0.3357	0.09771	FALSE	TRUE	
sugarcane	SoffiXsponR570.01Ag107600	FHA	TFF	FALSE	35	2.847039	0.736134453781513			FALSE	FALSE	
sugarcane	SoffiXsponR570.01Ag108400	BSD	TFF	FALSE	54	3.558534	0.83717679944095	-0.2073	0.4121	FALSE	TRUE	
sugarcane	SoffiXsponR570.01Ag108800	GRF	TFF	FALSE	145	18.32061	0.669827586206897			FALSE	FALSE	
sugarcane	SoffiXsponR570.01Ag110500	HB	TFF	FALSE	1	0.082801				FALSE	FALSE	
sugarcane	SoffiXsponR570.01Ag112200	Top	TFF	FALSE	1	0.084782				FALSE	FALSE	
sugarcane	SoffiXsponR570.01Ag112400	bHLH	TFF	FALSE	231	27.299205	0.466704310182571	-0.3507	0.07826	FALSE	TRUE	
sugarcane	SoffiXsponR570.01Ag114600	MYB-related	TFF	TRUE	8139	1825.252961	0.855820038359674	-0.1141	0.7115	FALSE	TRUE	
sugarcane	SoffiXsponR570.01Ag115600	MYB	TFF	TRUE	6463	1208.751061	0.827232826354891	0.0966	0.7699	FALSE	TRUE	
sugarcane	SoffiXsponR570.01Ag116100	PAS	TFF	FALSE	100	10.198234	0.633737373737374	0.2905	0.1787	FALSE	TRUE	
sugarcane	SoffiXsponR570.01Ag117200	zf-HD	TFF	FALSE	6	1.548219	0.266666666666667			FALSE	FALSE	
sugarcane	SoffiXsponR570.01Ag118700	PHD	OTR	FALSE	1	0.034762				FALSE	FALSE	
sugarcane	SoffiXsponR570.01Ag122800	C2C2-CO-like	TFF	FALSE	7	1.21947	0.523809523809524			FALSE	FALSE	
sugarcane	SoffiXsponR570.01Ag124700	GeBP	TFF	FALSE	164	14.673432	0.845952416579381	0.0355	0.934	FALSE	TRUE	
sugarcane	SoffiXsponR570.01Ag125800	GRAS	TFF	FALSE	104	14.6395	0.228715459297984	0.5137	0.002751	FALSE	TRUE	
sugarcane	SoffiXsponR570.01Ag130900	GNAT	OTR	FALSE	9177	2395.984352	0.806581410312864	-0.0136	0.9787	FALSE	TRUE	
sugarcane	SoffiXsponR570.01Ag131900	C3H	TFF	FALSE	57	7.676308	0.355263157894737	0.5442	0.001191	FALSE	TRUE	
sugarcane	SoffiXsponR570.01Ag132900	CCAAT	TFF	FALSE	89	9.863887	0.56435137895812			FALSE	FALSE	
sugarcane	SoffiXsponR570.01Ag136800	C3H	TFF	FALSE	48	4.244377	0.668439716312057	-0.1178	0.6983	FALSE	TRUE	
sugarcane	SoffiXsponR570.01Ag139900	C2C2-GATA	TFF	FALSE	1222	220.817309	0.551534721747488			FALSE	FALSE	
sugarcane	SoffiXsponR570.01Ag141600	HB	TFF	FALSE	26	2.767439	0.356923076923077	-0.3329	0.1017	FALSE	TRUE	
sugarcane	SoffiXsponR570.01Ag141900	C2C2-GATA	TFF	FALSE	1	0.014952				FALSE	FALSE	
sugarcane	SoffiXsponR570.01Ag144700	HB	TFF	FALSE	53	5.634517	0.613933236574746	-0.0774	0.832	FALSE	TRUE	
sugarcane	SoffiXsponR570.01Ag145200	bHLH	TFF	FALSE	20	5.688829	0.263157894736842			FALSE	FALSE	
sugarcane	SoffiXsponR570.01Ag145500	bHLH	TFF	FALSE	24	8.975178	0.322463768115942			FALSE	FALSE	
sugarcane	SoffiXsponR570.01Ag147900	MYB-related	TFF	TRUE	6	0.617154	0			FALSE	FALSE	
sugarcane	SoffiXsponR570.01Ag154200	WRKY	TFF	FALSE	5	0.17926	0.4			FALSE	FALSE	
sugarcane	SoffiXsponR570.01Ag161400	CCAAT	TFF	FALSE	143	26.945653	0.359105683049345	-0.9277	1.138e-17	TRUE	TRUE	ortholog_not_correlated
sugarcane	SoffiXsponR570.01Ag166600	bHLH	TFF	FALSE	15	2.301356	0.447619047619048	-0.0036	0.9946	FALSE	TRUE	
sugarcane	SoffiXsponR570.01Ag170100	AUX/IAA	OTR	FALSE	1800	461.243157	0.542862083873757	0.108	0.7325	FALSE	TRUE	
sugarcane	SoffiXsponR570.01Ag170200	AUX/IAA	OTR	FALSE	562	83.194102	0.522852557393064	-0.1517	0.596	FALSE	TRUE	
sugarcane	SoffiXsponR570.01Ag170800	WRKY	TFF	FALSE	4447	656.288019	0.845305750812716			FALSE	FALSE	
sugarcane	SoffiXsponR570.01Ag172000	LIM	TFF	FALSE	13862	5523.680675	0.606345463202157			FALSE	FALSE	
sugarcane	SoffiXsponR570.01Ag173100	NAC	TFF	FALSE	7	0.993142	0.619047619047619			FALSE	FALSE	
sugarcane	SoffiXsponR570.01Ag173500	MYB-related	TFF	TRUE	64	7.992941	0.120535714285714			FALSE	FALSE	
sugarcane	SoffiXsponR570.01Ag173700	ABI3VP1	TFF	FALSE	4	2.001676	1			FALSE	FALSE	
sugarcane	SoffiXsponR570.01Ag174000	ABI3VP1	TFF	FALSE	26	5.689895	0.32			FALSE	FALSE	
sugarcane	SoffiXsponR570.01Ag174200	ABI3VP1	TFF	FALSE	99	14.277989	0.668934240362812			FALSE	FALSE	
sugarcane	SoffiXsponR570.01Ag174800	ABI3VP1	TFF	FALSE	1	0.047639				FALSE	FALSE	
sugarcane	SoffiXsponR570.01Ag174900	ABI3VP1	TFF	FALSE	3	0.217699	0.333333333333333			FALSE	FALSE	
sugarcane	SoffiXsponR570.01Ag175000	C2C2-Dof	TFF	FALSE	282	111.364412	0.0283940334671008			FALSE	FALSE	
sugarcane	SoffiXsponR570.01Ag175400	bHLH	TFF	FALSE	5	0.298614	0.7			FALSE	FALSE	
sugarcane	SoffiXsponR570.01Ag175800	ABI3VP1	TFF	FALSE	62	8.997114	0.529878371232152			FALSE	FALSE	
sugarcane	SoffiXsponR570.01Ag175900	ABI3VP1	TFF	FALSE	12	0.841081	0.696969696969697			FALSE	FALSE	
sugarcane	SoffiXsponR570.01Ag177400	C2H2	TFF	FALSE	3	0.291491	0.333333333333333			FALSE	FALSE	
sugarcane	SoffiXsponR570.01Ag178200	AP2-EREBP	TFF	FALSE	1	0.066458				FALSE	FALSE	
sugarcane	SoffiXsponR570.01Ag182100	GRAS	TFF	FALSE	17	3.327699	0.0441176470588235			FALSE	FALSE	
sugarcane	SoffiXsponR570.01Ag183300	FAR1	TFF	FALSE	14405	5936.732156	0.587762655307769			FALSE	FALSE	
sugarcane	SoffiXsponR570.01Ag184200	FHA	TFF	FALSE	124	10.252021	0.70364542355101	-0.0345	0.9364	FALSE	TRUE	
sugarcane	SoffiXsponR570.01Ag184600	mTERF	OTR	FALSE	2610	274.371596	0.884225397203021	-0.2637	0.2421	FALSE	TRUE	
sugarcane	SoffiXsponR570.01Ag187100	C2C2-Dof	TFF	FALSE	1	0.043182				FALSE	FALSE	
sugarcane	SoffiXsponR570.01Ag202400	SWI/SNF-BAF60b	OTR	FALSE	7083	1416.852621	0.848057504149671	0.0533	0.8955	FALSE	TRUE	
sugarcane	SoffiXsponR570.01Ag206500	SET	OTR	FALSE	43	3.633757	0.547065337763012	-0.2372	0.3161	FALSE	TRUE	
sugarcane	SoffiXsponR570.01Ag211100	MYB	TFF	TRUE	146	3.276568	0.000661313179026925	0.0313	0.9428	FALSE	TRUE	
sugarcane	SoffiXsponR570.01Ag211700	GeBP	TFF	FALSE	12313	4138.501656	0.680649297110504	0.027	0.9517	FALSE	TRUE	
sugarcane	SoffiXsponR570.01Ag216900	FHA	TFF	FALSE	144	14.250075	0.718628593628594	-0.3462	0.08367	FALSE	TRUE	
sugarcane	SoffiXsponR570.01Ag220500	ARF	TFF	FALSE	45	4.825018	0.198989898989899	-0.4764	0.006873	FALSE	TRUE	
sugarcane	SoffiXsponR570.01Ag222000	ARF	TFF	FALSE	37	4.066528	0.154654654654655	-0.6187	9.328e-05	TRUE	TRUE	ortholog_not_correlated
sugarcane	SoffiXsponR570.01Ag224200	bHLH	TFF	FALSE	176	61.961806	0.26525974025974			FALSE	FALSE	
sugarcane	SoffiXsponR570.01Ag231600	SAP	TFF	FALSE	179	35.562916	0.315673843449878	-0.2317	0.3329	FALSE	TRUE	
sugarcane	SoffiXsponR570.01Ag243800	TRAF	OTR	FALSE	6212	1120.389885	0.910012800545073	0.1058	0.7391	FALSE	TRUE	
sugarcane	SoffiXsponR570.01Ag244900	HSF	TFF	FALSE	4	0.576848	0.666666666666667			FALSE	FALSE	
sugarcane	SoffiXsponR570.01Ag247900	TRAF	OTR	FALSE	80	15.867414	0.0693037974683544			FALSE	FALSE	
sugarcane	SoffiXsponR570.01Ag253100	C2C2-Dof	TFF	FALSE	5	0.667079	0.3			FALSE	FALSE	
sugarcane	SoffiXsponR570.01Ag258000	Tify	TFF	FALSE	194	65.992851	0.265584103413279			FALSE	FALSE	
sugarcane	SoffiXsponR570.01Ag258400	Tify	TFF	FALSE	27	3.622826	0.507122507122507	0.3728	0.05453	FALSE	TRUE	
sugarcane	SoffiXsponR570.01Ag258500	Tify	TFF	FALSE	26	3.953557	0.64			FALSE	FALSE	
sugarcane	SoffiXsponR570.01Ag258600	Tify	TFF	FALSE	50	11.672291	0.446530612244898			FALSE	FALSE	
sugarcane	SoffiXsponR570.01Ag262700	bHLH	TFF	FALSE	1	0.01941				FALSE	FALSE	
sugarcane	SoffiXsponR570.01Ag263500	TIG	TFF	FALSE	12	0.493417	0.984848484848485			FALSE	FALSE	
sugarcane	SoffiXsponR570.01Ag263900	AP2-EREBP	TFF	FALSE	8	0.87091	0.678571428571429			FALSE	FALSE	
sugarcane	SoffiXsponR570.01Ag264900	GRAS	TFF	FALSE	119	15.036133	0.394245833926791	0.3414	0.08986	FALSE	TRUE	
sugarcane	SoffiXsponR570.01Ag287000	zf-C5HC2	TFF	FALSE	37	6.002946	0.264264264264264	0.5934	0.0002436	FALSE	TRUE	
sugarcane	SoffiXsponR570.01Ag288300	MYB-related	TFF	TRUE	15	2.833747	0.552380952380952			FALSE	FALSE	
sugarcane	SoffiXsponR570.01Ag289800	bHLH	TFF	FALSE	3	0.33012	0.333333333333333			FALSE	FALSE	
sugarcane	SoffiXsponR570.01Ag290300	PLATZ	TFF	FALSE	5	0.171336	0			FALSE	FALSE	
sugarcane	SoffiXsponR570.01Ag291900	MED26	OTR	FALSE	4274	593.883252	0.882031902881059			FALSE	FALSE	
sugarcane	SoffiXsponR570.01Ag295400	zf-LSD1	TFF	FALSE	1	0.034267		-0.1889	0.4694	FALSE	TRUE	
sugarcane	SoffiXsponR570.01Ag296200	SOH1	OTR	FALSE	3	0.803082	0			FALSE	FALSE	
sugarcane	SoffiXsponR570.01Ag297000	MYB-related	TFF	TRUE	35	3.98908	0.489075630252101			FALSE	FALSE	
sugarcane	SoffiXsponR570.01Ag297400	zf-LSD1	TFF	FALSE	1	0.047144				FALSE	FALSE	
sugarcane	SoffiXsponR570.01Ag299000	MYB-related	TFF	TRUE	150	21.281181	0.283758389261745	0.1516	0.596	FALSE	TRUE	
sugarcane	SoffiXsponR570.01Ag299700	AP2-EREBP	TFF	FALSE	2	0.207204	1			FALSE	FALSE	
sugarcane	SoffiXsponR570.01Ag300900	MYB-related	TFF	TRUE	142	26.043217	0.47547697532714	0.0887	0.7967	FALSE	TRUE	
sugarcane	SoffiXsponR570.01Ag301300	AP2-EREBP	TFF	FALSE	379	46.063842	0.89867515461183	0.0735	0.8435	FALSE	TRUE	
sugarcane	SoffiXsponR570.01Ag302500	C2C2-GATA	TFF	FALSE	2209	667.043552	0.463145662343116			FALSE	FALSE	
sugarcane	SoffiXsponR570.01Ag302600	Not1	TFF	FALSE	39	8.848334	0.423751686909582	0.2507	0.2779	FALSE	TRUE	
sugarcane	SoffiXsponR570.01Ag302700	bHLH	TFF	FALSE	5	0.760185	0			FALSE	FALSE	
sugarcane	SoffiXsponR570.01Ag302900	bHLH	TFF	FALSE	604	67.033707	0.685677572402886	0.1252	0.6714	FALSE	TRUE	
sugarcane	SoffiXsponR570.01Ag315900	ABI3VP1	TFF	FALSE	14	2.750945	0.0989010989010989			FALSE	FALSE	
sugarcane	SoffiXsponR570.01Ag317100	HB	TFF	FALSE	12	0.858414	0.545454545454545	-0.3411	0.09025	FALSE	TRUE	
sugarcane	SoffiXsponR570.01Ag318800	bZIP	TFF	FALSE	4	0.175203	1			FALSE	FALSE	
sugarcane	SoffiXsponR570.01Ag332400	C2H2	TFF	FALSE	19	4.275298	0.298245614035088			FALSE	FALSE	
sugarcane	SoffiXsponR570.01Ag332500	C2H2	TFF	FALSE	57	16.302531	0.719298245614035	0.0995	0.7601	FALSE	TRUE	
sugarcane	SoffiXsponR570.01Ag335000	WRKY	TFF	FALSE	1	0.042686				FALSE	FALSE	
sugarcane	SoffiXsponR570.01Ag336200	C2H2	TFF	FALSE	18	5.106228	0.42483660130719			FALSE	FALSE	
sugarcane	SoffiXsponR570.01Ag340700	CCAAT	TFF	FALSE	10	2.460845	0.0666666666666667	-0.1459	0.596	FALSE	TRUE	
sugarcane	SoffiXsponR570.01Ag341900	CCAAT	TFF	FALSE	68	8.501941	0.34503950834065			FALSE	FALSE	
sugarcane	SoffiXsponR570.01Ag345400	Tify	TFF	FALSE	7	1.216498	0.380952380952381	0.0477	0.909	FALSE	TRUE	
sugarcane	SoffiXsponR570.01Ag347900	Top	TFF	FALSE	32	2.217294	0.94758064516129	-0.0634	0.8707	FALSE	TRUE	
sugarcane	SoffiXsponR570.01Ag352000	bHLH	TFF	FALSE	55	13.831056	0.538047138047138			FALSE	FALSE	
sugarcane	SoffiXsponR570.01Ag353900	TIG	TFF	FALSE	5094	822.934967	0.80887252116522	0.3226	0.1175	FALSE	TRUE	
sugarcane	SoffiXsponR570.01Ag357100	SAP	TFF	FALSE	72	9.217459	0.384194053208138	-0.6744	7.964e-06	TRUE	TRUE	ortholog_not_correlated
sugarcane	SoffiXsponR570.01Ag358400	MYB	TFF	TRUE	498	64.663282	0.904123536399118			FALSE	FALSE	
sugarcane	SoffiXsponR570.01Ag360900	MYB	TFF	TRUE	50	11.686158	0.0751020408163265			FALSE	FALSE	
sugarcane	SoffiXsponR570.01Ag363200	HSF	TFF	FALSE	218	61.664687	0.156470637974041	0.0456	0.9134	FALSE	TRUE	
sugarcane	SoffiXsponR570.01Ag363800	MED26	OTR	FALSE	29	3.424422	0.421182266009852	0.7579	6.108e-08	TRUE	TRUE	ortholog_not_correlated
sugarcane	SoffiXsponR570.01Ag365600	MYB-related	TFF	TRUE	97	15.597634	0.475730240549828	0.1356	0.6331	FALSE	TRUE	
sugarcane	SoffiXsponR570.01Ag366000	mTERF	OTR	FALSE	1	0.016438				FALSE	FALSE	
sugarcane	SoffiXsponR570.01Ag372100	Top	TFF	FALSE	10681	3143.917044	0.754735490617068	-0.1003	0.7576	FALSE	TRUE	
sugarcane	SoffiXsponR570.01Ag373900	TUB	TFF	FALSE	29	2.075863	0.677339901477833	0.1793	0.5033	FALSE	TRUE	
sugarcane	SoffiXsponR570.01Ag376000	Jumonji	OTR	FALSE	8871	2150.128214	0.765162697143334			FALSE	FALSE	
sugarcane	SoffiXsponR570.01Ag381900	OFP	TFF	FALSE	1	0.032286				FALSE	FALSE	
sugarcane	SoffiXsponR570.01Ag383000	WRKY	TFF	FALSE	15	1.701116	0.542857142857143	0.3248	0.1139	FALSE	TRUE	
sugarcane	SoffiXsponR570.01Ag386300	MYB-related	TFF	TRUE	10721	3088.104952	0.712633108127862	0.0191	0.9687	FALSE	TRUE	
sugarcane	SoffiXsponR570.01Ag387600	NAC	TFF	FALSE	164	27.526098	0.357249738141553	-0.3738	0.05365	FALSE	TRUE	
sugarcane	SoffiXsponR570.01Ag387800	NAC	TFF	FALSE	4	0.399055	0.166666666666667	-0.4434	0.01433	FALSE	TRUE	
sugarcane	SoffiXsponR570.01Ag388900	MYB-related	TFF	TRUE	15546	7000.509185	0.536338490482825	-0.0233	0.9592	FALSE	TRUE	
sugarcane	SoffiXsponR570.01Ag389500	EIL	TFF	FALSE	3	1.154707	0.666666666666667	-0.3485	0.08093	FALSE	TRUE	
sugarcane	SoffiXsponR570.01Ag393600	bZIP	TFF	FALSE	11	1.074742	0.327272727272727	-0.3956	0.03663	FALSE	TRUE	
sugarcane	SoffiXsponR570.01Ag397700	PAS	TFF	FALSE	10	1.454997	0.533333333333333	0.4893	0.005064	FALSE	TRUE	
sugarcane	SoffiXsponR570.01Ag399600	bZIP	TFF	FALSE	3	0.077544	0			FALSE	FALSE	
sugarcane	SoffiXsponR570.01Ag401300	PHD	OTR	FALSE	89	6.434297	0.86338100102145	-0.0532	0.8956	FALSE	TRUE	
sugarcane	SoffiXsponR570.01Ag403200	C3H	TFF	FALSE	39	5.750065	0.748987854251012			FALSE	FALSE	
sugarcane	SoffiXsponR570.01Ag408200	MYB	TFF	TRUE	9	0.523837	0.611111111111111			FALSE	FALSE	
sugarcane	SoffiXsponR570.01Ag414400	Pseudo_ARR-B	OTR	FALSE	304	45.038484	0.34427653291645	0.0708	0.8508	FALSE	TRUE	
sugarcane	SoffiXsponR570.01Ag422400	SART-1	OTR	FALSE	15728	7176.997079	0.53018078653961			FALSE	FALSE	
sugarcane	SoffiXsponR570.01Ag423600	GRAS	TFF	FALSE	186	29.196678	0.546004068584714	0.3641	0.06321	FALSE	TRUE	
sugarcane	SoffiXsponR570.01Ag425000	Sigma70-like	TFF	FALSE	278	46.058204	0.519180323611147	0.3248	0.1138	FALSE	TRUE	
sugarcane	SoffiXsponR570.01Ag427400	LIM	TFF	FALSE	2256	227.288929	0.90940070135711	-0.2835	0.1937	FALSE	TRUE	
sugarcane	SoffiXsponR570.01Ag428300	LIM	TFF	FALSE	14289	5975.412351	0.589514536236733	-0.0022	0.9964	FALSE	TRUE	
sugarcane	SoffiXsponR570.01Ag431100	GRAS	TFF	FALSE	3	1.100725	1			FALSE	FALSE	
sugarcane	SoffiXsponR570.01Ag436200	FAR1	TFF	FALSE	14214	5821.744742	0.597689491516887	0.0958	0.7727	FALSE	TRUE	
sugarcane	SoffiXsponR570.01Ag436700	Top	TFF	FALSE	132	49.463022	0.47675225537821	-0.0887	0.7967	FALSE	TRUE	
sugarcane	SoffiXsponR570.01Ag438400	CCAAT	TFF	FALSE	69	11.993532	0.381074168797954	0.7675	2.979e-08	TRUE	TRUE	ortholog_not_correlated
sugarcane	SoffiXsponR570.01Ag445900	C2H2	TFF	FALSE	1129	262.047739	0.731936565968754	0.1539	0.596	FALSE	TRUE	
sugarcane	SoffiXsponR570.01Ag450000	bHLH	TFF	FALSE	32	6.415013	0.0766129032258065			FALSE	FALSE	
sugarcane	SoffiXsponR570.01Ag451400	AP2-EREBP	TFF	FALSE	14	2.667249	0.021978021978022			FALSE	FALSE	
sugarcane	SoffiXsponR570.01Ag454000	ARR-B;MYB-related	TFF	TRUE	177	23.704022	0.228749357986646	-0.5419	0.001274	FALSE	TRUE	
sugarcane	SoffiXsponR570.01Ag455600	NAC	TFF	FALSE	2069	287.433837	0.652634964143248	-0.2828	0.1951	FALSE	TRUE	
sugarcane	SoffiXsponR570.01Ag458800	C2C2-YABBY	TFF	FALSE	113	11.872911	0.642857142857143	0.2986	0.1615	FALSE	TRUE	
sugarcane	SoffiXsponR570.01Ag461700	ABI3VP1	TFF	FALSE	2	0.449875	0			FALSE	FALSE	
sugarcane	SoffiXsponR570.01Ag471300	C2H2	TFF	FALSE	34	2.392801	0.675579322638146	0.1022	0.7513	FALSE	TRUE	
sugarcane	SoffiXsponR570.01Ag474200	GNAT	OTR	FALSE	6242	1124.681581	0.920865732653098	-0.1118	0.7192	FALSE	TRUE	
sugarcane	SoffiXsponR570.01Ag475100	GRAS	TFF	FALSE	157	14.925838	0.630491589090315	0.0489	0.9066	FALSE	TRUE	
sugarcane	SoffiXsponR570.01Ag476400	AP2-EREBP	TFF	FALSE	2	0.149755	0	0.4513	0.01205	FALSE	TRUE	
sugarcane	SoffiXsponR570.01Ag477200	TIG	TFF	FALSE	19	2.692486	0.421052631578947	-0.0579	0.8853	FALSE	TRUE	
sugarcane	SoffiXsponR570.01Ag478600	bHLH	TFF	FALSE	539	67.023567	0.672607265278535			FALSE	FALSE	
sugarcane	SoffiXsponR570.01Ag482000	ABI3VP1	TFF	FALSE	16	3.076513	0.00833333333333333			FALSE	FALSE	
sugarcane	SoffiXsponR570.01Ag484700	Tify	TFF	FALSE	2	0.45978	1	0.3712	0.05599	FALSE	TRUE	
sugarcane	SoffiXsponR570.01Ag484800	Tify	TFF	FALSE	7	0.58902	0.619047619047619	0.3701	0.05704	FALSE	TRUE	
sugarcane	SoffiXsponR570.01Ag487200	GNAT	OTR	FALSE	34	4.093482	0.661319073083779			FALSE	FALSE	
sugarcane	SoffiXsponR570.01Ag487700	AP2-EREBP	TFF	FALSE	48	13.577319	0.76063829787234			FALSE	FALSE	
sugarcane	SoffiXsponR570.01Ag488800	CCAAT	TFF	FALSE	97	13.285323	0.198024054982818	-0.5442	0.001192	FALSE	TRUE	
sugarcane	SoffiXsponR570.01Ag491200	bHLH	TFF	FALSE	1464	321.930255	0.56653929906734	0.3007	0.1575	FALSE	TRUE	
sugarcane	SoffiXsponR570.01Ag492600	C2C2-Dof	TFF	FALSE	7231	1497.032421	0.747128746619414	-0.1506	0.596	FALSE	TRUE	
sugarcane	SoffiXsponR570.01Ag496800	HB	TFF	FALSE	14	1.904567	0.692307692307692	-0.2984	0.1619	FALSE	TRUE	
sugarcane	SoffiXsponR570.01Ag498900	HSF	TFF	FALSE	137	15.609855	0.502898239587806			FALSE	FALSE	
sugarcane	SoffiXsponR570.01Ag505200	Jumonji	OTR	FALSE	5	0.517019	0.5			FALSE	FALSE	
sugarcane	SoffiXsponR570.01Ag505900	AP2-EREBP	TFF	FALSE	72	9.716668	0.699530516431925			FALSE	FALSE	
sugarcane	SoffiXsponR570.01Ag509800	C2C2-GATA	TFF	FALSE	1	0.445818				FALSE	FALSE	
sugarcane	SoffiXsponR570.01Ag518500	MYB-related	TFF	TRUE	3	0.32913	0.666666666666667			FALSE	FALSE	
sugarcane	SoffiXsponR570.01Ag525200	MYB-related	TFF	TRUE	8	3.373892	0.571428571428571			FALSE	FALSE	
sugarcane	SoffiXsponR570.01Ag528300	bZIP	TFF	FALSE	22	1.896413	0.45021645021645			FALSE	FALSE	
sugarcane	SoffiXsponR570.01Ag529400	OFP	TFF	FALSE	9	1.199355	0.5			FALSE	FALSE	
sugarcane	SoffiXsponR570.01Ag531400	HB	TFF	FALSE	1	0.454732		0.2089	0.4079	FALSE	TRUE	
sugarcane	SoffiXsponR570.01Ag531800	HB	TFF	FALSE	308	37.64977	0.550255932992089			FALSE	FALSE	
sugarcane	SoffiXsponR570.01Ag532700	MADS	TFF	FALSE	40	3.278874	0.643589743589744	0.0638	0.8697	FALSE	TRUE	
sugarcane	SoffiXsponR570.01Ag533500	bHLH	TFF	FALSE	1	0.092211				FALSE	FALSE	
sugarcane	SoffiXsponR570.01Ag534200	ABI3VP1	TFF	FALSE	160	39.01992	0.130817610062893			FALSE	FALSE	
sugarcane	SoffiXsponR570.01Ag535500	NAC	TFF	FALSE	178	102.677789	0.480099028756427			FALSE	FALSE	
sugarcane	SoffiXsponR570.01Ag542800	Trihelix	TFF	FALSE	138	11.685608	0.895588701999365	0.1167	0.7022	FALSE	TRUE	
sugarcane	SoffiXsponR570.01Ag543300	SWI/SNF-BAF60b	OTR	FALSE	15243	6689.454972	0.55051210240149	0.0185	0.9697	FALSE	TRUE	
sugarcane	SoffiXsponR570.01Ag546200	MYB-related	TFF	TRUE	9	1.157259	0.444444444444444			FALSE	FALSE	
sugarcane	SoffiXsponR570.01Ag551200	Not1	TFF	FALSE	9393	2505.8305	0.813830290816079	0.0257	0.9539	FALSE	TRUE	
sugarcane	SoffiXsponR570.01Bg002600	Sigma70-like	TFF	FALSE	262	37.294267	0.692345938989793			FALSE	FALSE	
sugarcane	SoffiXsponR570.01Bg006300	WRKY	TFF	FALSE	3	0.236023	0.333333333333333			FALSE	FALSE	
sugarcane	SoffiXsponR570.01Bg007000	HSF	TFF	FALSE	51	4.358074	0.872156862745098	-0.1485	0.596	FALSE	TRUE	
sugarcane	SoffiXsponR570.01Bg019900	mTERF	OTR	FALSE	178	29.011191	0.588586301022028			FALSE	FALSE	
sugarcane	SoffiXsponR570.01Bg020200	mTERF	OTR	FALSE	48	4.275578	0.749113475177305			FALSE	FALSE	
sugarcane	SoffiXsponR570.01Bg027100	SBP	TFF	FALSE	7102	1415.733187	0.783863997800414	-0.1207	0.6884	FALSE	TRUE	
sugarcane	SoffiXsponR570.01Bg028200	GRAS	TFF	FALSE	386	33.799205	0.806015745912119			FALSE	FALSE	
sugarcane	SoffiXsponR570.01Bg029700	C3H	TFF	FALSE	20	3.041731	0.389473684210526			FALSE	FALSE	
sugarcane	SoffiXsponR570.01Bg034000	mTERF	OTR	FALSE	3	0.136478	0.666666666666667			FALSE	FALSE	
sugarcane	SoffiXsponR570.01Bg034100	mTERF	OTR	FALSE	12	0.906453	0.681818181818182			FALSE	FALSE	
sugarcane	SoffiXsponR570.01Bg034200	mTERF	OTR	FALSE	32	6.415013	0.0766129032258065			FALSE	FALSE	
sugarcane	SoffiXsponR570.01Bg035000	C2H2	TFF	FALSE	1	0.096668				FALSE	FALSE	
sugarcane	SoffiXsponR570.01Bg035300	C2H2	TFF	FALSE	74	33.582841	0.19585338763421			FALSE	FALSE	
sugarcane	SoffiXsponR570.01Bg036600	AP2-EREBP	TFF	FALSE	49	5.13047	0.543367346938776			FALSE	FALSE	
sugarcane	SoffiXsponR570.01Bg039100	AP2-EREBP	TFF	FALSE	9	1.764432	0.0277777777777778			FALSE	FALSE	
sugarcane	SoffiXsponR570.01Bg039500	NAC	TFF	FALSE	6	0.789005	0.466666666666667			FALSE	FALSE	
sugarcane	SoffiXsponR570.01Bg042700	mTERF	OTR	FALSE	183	56.0091	0.340238995976701			FALSE	FALSE	
sugarcane	SoffiXsponR570.01Bg043000	bZIP	TFF	FALSE	1243	128.405603	0.866866691799358	0.0786	0.8286	FALSE	TRUE	
sugarcane	SoffiXsponR570.01Bg048200	DDT	OTR	FALSE	392	78.670695	0.275288376220053	-0.5634	0.0006686	FALSE	TRUE	
sugarcane	SoffiXsponR570.01Bg049600	bHLH	TFF	FALSE	2	0.06903	1			FALSE	FALSE	
sugarcane	SoffiXsponR570.01Bg051000	FHA	TFF	FALSE	211	33.831601	0.231234484315053	-0.821	3.002e-10	TRUE	TRUE	ortholog_not_correlated
sugarcane	SoffiXsponR570.01Bg053100	AUX/IAA	OTR	FALSE	1	0.162536				FALSE	FALSE	
sugarcane	SoffiXsponR570.01Bg053400	bHLH	TFF	FALSE	264	23.805398	0.696134347275032			FALSE	FALSE	
sugarcane	SoffiXsponR570.01Bg053800	bZIP	TFF	FALSE	11	1.254022	0.527272727272727			FALSE	FALSE	
sugarcane	SoffiXsponR570.01Bg054800	HSF	TFF	FALSE	150	15.013327	0.691812080536913			FALSE	FALSE	
sugarcane	SoffiXsponR570.01Bg056900	GNAT	OTR	FALSE	14	1.216668	0.846153846153846			FALSE	FALSE	
sugarcane	SoffiXsponR570.01Bg058300	TRAF	OTR	FALSE	493	32.258259	0.956941902076221	-0.0728	0.8454	FALSE	TRUE	
sugarcane	SoffiXsponR570.01Bg059000	FAR1	TFF	FALSE	112	53.808899	0.600546975546976			FALSE	FALSE	
sugarcane	SoffiXsponR570.01Bg059300	C2C2-GATA	TFF	FALSE	498	71.544252	0.637196674020024			FALSE	FALSE	
sugarcane	SoffiXsponR570.01Bg063600	mTERF	OTR	FALSE	24	3.267449	0.75			FALSE	FALSE	
sugarcane	SoffiXsponR570.01Bg065400	bHLH	TFF	FALSE	2	1.284367	1			FALSE	FALSE	
sugarcane	SoffiXsponR570.01Bg067400	FAR1	TFF	FALSE	4770	678.335943	0.941319572202199	-0.027	0.9518	FALSE	TRUE	
sugarcane	SoffiXsponR570.01Bg071500	HB	TFF	FALSE	437	59.335553	0.685774568051561			FALSE	FALSE	
sugarcane	SoffiXsponR570.01Bg071700	MYB	TFF	TRUE	194	65.992851	0.265584103413279	0.1459	0.596	FALSE	TRUE	
sugarcane	SoffiXsponR570.01Bg072700	TRAF	OTR	FALSE	140	17.662446	0.267523124357657			FALSE	FALSE	
sugarcane	SoffiXsponR570.01Bg075100	C2C2-Dof	TFF	FALSE	4	1.973447	0.5			FALSE	FALSE	
sugarcane	SoffiXsponR570.01Bg075400	MYB-related	TFF	TRUE	154	31.036948	0.390544096426449			FALSE	FALSE	
sugarcane	SoffiXsponR570.01Bg075800	C2H2	TFF	FALSE	201	44.562171	0.220746268656716			FALSE	FALSE	
sugarcane	SoffiXsponR570.01Bg077700	SWI/SNF-BAF60b	OTR	FALSE	1	0.287339				FALSE	FALSE	
sugarcane	SoffiXsponR570.01Bg079100	WRKY	TFF	FALSE	1	0.204632				FALSE	FALSE	
sugarcane	SoffiXsponR570.01Bg080100	WRKY	TFF	FALSE	12	1.167449	0.348484848484849			FALSE	FALSE	
sugarcane	SoffiXsponR570.01Bg083200	MADS	TFF	FALSE	2	0.471666	0			FALSE	FALSE	
sugarcane	SoffiXsponR570.01Bg084000	PAS	TFF	FALSE	110	13.831331	0.508757297748123	-0.1983	0.4386	FALSE	TRUE	
sugarcane	SoffiXsponR570.01Bg084800	MYB-related	TFF	TRUE	6	0.92916	0.4	-0.2776	0.2076	FALSE	TRUE	
sugarcane	SoffiXsponR570.01Bg087500	PHD	OTR	FALSE	4	0.390635	0	-0.3596	0.06802	FALSE	TRUE	
sugarcane	SoffiXsponR570.01Bg091000	AUX/IAA	OTR	FALSE	246	42.623097	0.331806869089099			FALSE	FALSE	
sugarcane	SoffiXsponR570.01Bg091900	WRKY	TFF	FALSE	1	0.114497				FALSE	FALSE	
sugarcane	SoffiXsponR570.01Bg092000	bHLH	TFF	FALSE	28	3.637284	0.624338624338624	0.3872	0.04265	FALSE	TRUE	
sugarcane	SoffiXsponR570.01Bg097800	HB	TFF	FALSE	87	10.835868	0.331194867682438	0.3153	0.1301	FALSE	TRUE	
sugarcane	SoffiXsponR570.01Bg098800	FHA	TFF	FALSE	1	0.165508				FALSE	FALSE	
sugarcane	SoffiXsponR570.01Bg099500	BSD	TFF	FALSE	643	73.706913	0.637180661133801			FALSE	FALSE	
sugarcane	SoffiXsponR570.01Bg099800	GRF	TFF	FALSE	202	17.777294	0.955864243140732			FALSE	FALSE	
sugarcane	SoffiXsponR570.01Bg100300	bHLH	TFF	FALSE	8	0.671821	0.5			FALSE	FALSE	
sugarcane	SoffiXsponR570.01Bg101500	HB	TFF	FALSE	1054	83.932726	0.939417693370888			FALSE	FALSE	
sugarcane	SoffiXsponR570.01Bg102700	Top	TFF	FALSE	8	0.963522	0.357142857142857			FALSE	FALSE	
sugarcane	SoffiXsponR570.01Bg102800	bHLH	TFF	FALSE	13	1.098209	0.384615384615385	-0.1804	0.4994	FALSE	TRUE	
sugarcane	SoffiXsponR570.01Bg104900	MYB-related	TFF	TRUE	8410	2019.021076	0.804383277132578	-0.1535	0.596	FALSE	TRUE	
sugarcane	SoffiXsponR570.01Bg105100	CCAAT	TFF	FALSE	33	2.663607	0.545454545454545	0.3263	0.1114	FALSE	TRUE	
sugarcane	SoffiXsponR570.01Bg106200	PAS	TFF	FALSE	4224	589.068654	0.867713064818203			FALSE	FALSE	
sugarcane	SoffiXsponR570.01Bg107500	zf-HD	TFF	FALSE	28	3.83043	0.291005291005291			FALSE	FALSE	
sugarcane	SoffiXsponR570.01Bg112700	C2C2-CO-like	TFF	FALSE	881	155.610805	0.38602827365597	0.4404	0.01523	FALSE	TRUE	
sugarcane	SoffiXsponR570.01Bg115300	GRAS	TFF	FALSE	36	4.585948	0.292063492063492	0.5796	0.0003955	FALSE	TRUE	
sugarcane	SoffiXsponR570.01Bg115700	TCP	TFF	FALSE	50	11.686158	0.0751020408163265			FALSE	FALSE	
sugarcane	SoffiXsponR570.01Bg121000	C3H	TFF	FALSE	14	2.052646	0.340659340659341	0.3451	0.08509	FALSE	TRUE	
sugarcane	SoffiXsponR570.01Bg121600	CCAAT	TFF	FALSE	2	0.477609	1			FALSE	FALSE	
sugarcane	SoffiXsponR570.01Bg128100	C2C2-GATA	TFF	FALSE	531	85.006733	0.260178374729062			FALSE	FALSE	
sugarcane	SoffiXsponR570.01Bg129900	HB	TFF	FALSE	220	25.580145	0.590867579908676	-0.1687	0.5407	FALSE	TRUE	
sugarcane	SoffiXsponR570.01Bg132700	HB	TFF	FALSE	42	4.287884	0.40418118466899			FALSE	FALSE	
sugarcane	SoffiXsponR570.01Bg133200	bHLH	TFF	FALSE	305	43.082351	0.395211389128559			FALSE	FALSE	
sugarcane	SoffiXsponR570.01Bg133400	bHLH	TFF	FALSE	1	0.026343				FALSE	FALSE	
sugarcane	SoffiXsponR570.01Bg136000	MYB-related	TFF	TRUE	1	0.322006				FALSE	FALSE	
sugarcane	SoffiXsponR570.01Bg137600	GNAT	OTR	FALSE	408	148.071266	0.288685744568098			FALSE	FALSE	
sugarcane	SoffiXsponR570.01Bg142700	NOT2_3_5	OTR	FALSE	2	0.180955	1	0.0376	0.9301	FALSE	TRUE	
sugarcane	SoffiXsponR570.01Bg144200	C2C2-YABBY	TFF	FALSE	353	43.628714	0.487654519701262			FALSE	FALSE	
sugarcane	SoffiXsponR570.01Bg145700	CCAAT	TFF	FALSE	124	19.962341	0.218069761342775			FALSE	FALSE	
sugarcane	SoffiXsponR570.01Bg148200	MYB-related	TFF	TRUE	10904	3218.982121	0.717123616384029			FALSE	FALSE	
sugarcane	SoffiXsponR570.01Bg150100	zf-LSD1	TFF	FALSE	142	10.373087	0.854759764259315	0.0389	0.927	FALSE	TRUE	
sugarcane	SoffiXsponR570.01Bg150700	bHLH	TFF	FALSE	92	9.903792	0.451505016722408	0.1289	0.6583	FALSE	TRUE	
sugarcane	SoffiXsponR570.01Bg151500	CPP	TFF	FALSE	88	5.566033	0.912225705329154	-0.1688	0.5403	FALSE	TRUE	
sugarcane	SoffiXsponR570.01Bg153400	AUX/IAA	OTR	FALSE	1814	462.414262	0.487325702950211			FALSE	FALSE	
sugarcane	SoffiXsponR570.01Bg153500	AUX/IAA	OTR	FALSE	415	68.406893	0.402689016937314	-0.1986	0.4378	FALSE	TRUE	
sugarcane	SoffiXsponR570.01Bg154100	WRKY	TFF	FALSE	11071	3406.039155	0.73051540451273			FALSE	FALSE	
sugarcane	SoffiXsponR570.01Bg155900	NAC	TFF	FALSE	49	11.444877	0.707482993197279			FALSE	FALSE	
sugarcane	SoffiXsponR570.01Bg156100	MYB-related	TFF	TRUE	1	0.027334				FALSE	FALSE	
sugarcane	SoffiXsponR570.01Bg156300	ABI3VP1	TFF	FALSE	3	0.401436	0			FALSE	FALSE	
sugarcane	SoffiXsponR570.01Bg157100	ABI3VP1	TFF	FALSE	346	74.267039	0.699438719946385			FALSE	FALSE	
sugarcane	SoffiXsponR570.01Bg157500	ABI3VP1	TFF	FALSE	13	2.913787	0.282051282051282			FALSE	FALSE	
sugarcane	SoffiXsponR570.01Bg157800	ABI3VP1	TFF	FALSE	7347	1504.497419	0.899839436177854	-0.1052	0.741	FALSE	TRUE	
sugarcane	SoffiXsponR570.01Bg159000	ABI3VP1	TFF	FALSE	1	0.187794				FALSE	FALSE	
sugarcane	SoffiXsponR570.01Bg161200	AP2-EREBP	TFF	FALSE	8	3.043067	0.392857142857143			FALSE	FALSE	
sugarcane	SoffiXsponR570.01Bg166300	FHA	TFF	FALSE	12091	4076.53003	0.678683424888147			FALSE	FALSE	
sugarcane	SoffiXsponR570.01Bg169900	MADS	TFF	FALSE	53	15.117024	0.109579100145138			FALSE	FALSE	
sugarcane	SoffiXsponR570.01Bg181700	Trihelix	TFF	FALSE	112	16.346388	0.336389961389961			FALSE	FALSE	
sugarcane	SoffiXsponR570.01Bg183600	SWI/SNF-BAF60b	OTR	FALSE	655	58.571801	0.848112612928076	0.0481	0.9083	FALSE	TRUE	
sugarcane	SoffiXsponR570.01Bg193900	Top	TFF	FALSE	1117	126.316063	0.762957935843257	-0.1701	0.5354	FALSE	TRUE	
sugarcane	SoffiXsponR570.01Bg199600	FHA	TFF	FALSE	3	0.193927	1			FALSE	FALSE	
sugarcane	SoffiXsponR570.01Bg212000	Top	TFF	FALSE	11100	3431.665033	0.750653309404548	-0.0925	0.7832	FALSE	TRUE	
sugarcane	SoffiXsponR570.01Bg222500	E2F-DP	TFF	FALSE	8361	1971.578629	0.85841881508416	-0.0551	0.8924	FALSE	TRUE	
sugarcane	SoffiXsponR570.01Bg226800	TRAF	OTR	FALSE	42	2.581261	0.797909407665505			FALSE	FALSE	
sugarcane	SoffiXsponR570.01Bg228000	HSF	TFF	FALSE	3	0.176098	0.333333333333333			FALSE	FALSE	
sugarcane	SoffiXsponR570.01Bg231900	TRAF	OTR	FALSE	1	0.162041				FALSE	FALSE	
sugarcane	SoffiXsponR570.01Bg232100	TRAF	OTR	FALSE	427	52.649255	0.436839616936592			FALSE	FALSE	
sugarcane	SoffiXsponR570.01Bg232300	TRAF	OTR	FALSE	1	0.030305				FALSE	FALSE	
sugarcane	SoffiXsponR570.01Bg238200	C2C2-Dof	TFF	FALSE	4	0.618449	0.333333333333333	-0.5008	0.003827	FALSE	TRUE	
sugarcane	SoffiXsponR570.01Bg242400	Tify	TFF	FALSE	5	0.498199	0.7			FALSE	FALSE	
sugarcane	SoffiXsponR570.01Bg242500	Tify	TFF	FALSE	166	43.107274	0.0237312887915298			FALSE	FALSE	
sugarcane	SoffiXsponR570.01Bg242800	Tify	TFF	FALSE	18	2.588389	0.607843137254902	0.2296	0.3396	FALSE	TRUE	
sugarcane	SoffiXsponR570.01Bg243000	Tify	TFF	FALSE	56	14.251121	0.453246753246753	0.3428	0.08812	FALSE	TRUE	
sugarcane	SoffiXsponR570.01Bg246400	bHLH	TFF	FALSE	1	0.062991				FALSE	FALSE	
sugarcane	SoffiXsponR570.01Bg247000	TIG	TFF	FALSE	5395	883.704707	0.906526491007239	-0.0882	0.7982	FALSE	TRUE	
sugarcane	SoffiXsponR570.01Bg247400	AP2-EREBP	TFF	FALSE	105	18.043432	0			FALSE	FALSE	
sugarcane	SoffiXsponR570.01Bg248100	GRAS	TFF	FALSE	2611	332.644507	0.785972403814689	-0.121	0.6871	FALSE	TRUE	
sugarcane	SoffiXsponR570.01Bg266000	zf-BED	TFF	FALSE	3909	523.50953	0.919615599829593	0.1671	0.5474	FALSE	TRUE	
sugarcane	SoffiXsponR570.01Bg270800	zf-C5HC2	TFF	FALSE	31	4.175903	0.202150537634409	0.509	0.003096	FALSE	TRUE	
sugarcane	SoffiXsponR570.01Bg273700	bHLH	TFF	FALSE	10	1.376748	0.288888888888889			FALSE	FALSE	
sugarcane	SoffiXsponR570.01Bg274100	PLATZ	TFF	FALSE	470	52.033292	0.639468311935762	0.1694	0.5376	FALSE	TRUE	
sugarcane	SoffiXsponR570.01Bg275400	MED26	OTR	FALSE	9	1.262251	0.583333333333333	0.0272	0.9513	FALSE	TRUE	
sugarcane	SoffiXsponR570.01Bg275700	MED26	OTR	FALSE	44	7.12931	0.454545454545455	0.217	0.3809	FALSE	TRUE	
sugarcane	SoffiXsponR570.01Bg276500	NAC	TFF	FALSE	1	0.03922				FALSE	FALSE	
sugarcane	SoffiXsponR570.01Bg276900	MYB-related	TFF	TRUE	290	45.128774	0.298341486696098	0.0592	0.8816	FALSE	TRUE	
sugarcane	SoffiXsponR570.01Bg277500	AP2-EREBP	TFF	FALSE	25	3.200685	0.31			FALSE	FALSE	
sugarcane	SoffiXsponR570.01Bg278500	MYB-related	TFF	TRUE	44	10.33059	0.461945031712474	0.036	0.9331	FALSE	TRUE	
sugarcane	SoffiXsponR570.01Bg279000	AP2-EREBP	TFF	FALSE	31	1.989385	0.929032258064516	0.0243	0.9569	FALSE	TRUE	
sugarcane	SoffiXsponR570.01Bg280400	C2C2-GATA	TFF	FALSE	1708	461.525618	0.51692370168846			FALSE	FALSE	
sugarcane	SoffiXsponR570.01Bg280500	Not1	TFF	FALSE	110	17.280235	0.252376980817348	0.4345	0.0172	FALSE	TRUE	
sugarcane	SoffiXsponR570.01Bg280900	bHLH	TFF	FALSE	2	0.318634	0			FALSE	FALSE	
sugarcane	SoffiXsponR570.01Bg295500	ABI3VP1	TFF	FALSE	8	0.673802	0.428571428571429			FALSE	FALSE	
sugarcane	SoffiXsponR570.01Bg296700	HB	TFF	FALSE	3	0.363302	0.333333333333333			FALSE	FALSE	
sugarcane	SoffiXsponR570.01Bg298000	SWI/SNF-SWI3	OTR	FALSE	8	0.643097	0.464285714285714	-0.0493	0.9057	FALSE	TRUE	
sugarcane	SoffiXsponR570.01Bg298100	NAC	TFF	FALSE	52	19.661816	0.368778280542986			FALSE	FALSE	
sugarcane	SoffiXsponR570.01Bg298200	bZIP	TFF	FALSE	356	35.448004	0.923358126285805	0.0824	0.8183	FALSE	TRUE	
sugarcane	SoffiXsponR570.01Bg302900	C2H2	TFF	FALSE	8	1.128934	0.142857142857143			FALSE	FALSE	
sugarcane	SoffiXsponR570.01Bg303000	C2H2	TFF	FALSE	20	3.705363	0.573684210526316			FALSE	FALSE	
sugarcane	SoffiXsponR570.01Bg305600	WRKY	TFF	FALSE	16	1.564522	0.641666666666667	-0.2374	0.3155	FALSE	TRUE	
sugarcane	SoffiXsponR570.01Bg307100	MYB-related	TFF	TRUE	255	26.723037	0.642427049559982	-0.1703	0.5347	FALSE	TRUE	
sugarcane	SoffiXsponR570.01Bg310800	CCAAT	TFF	FALSE	545	112.845438	0.49057609282245	0.4012	0.03314	FALSE	TRUE	
sugarcane	SoffiXsponR570.01Bg316000	bHLH	TFF	FALSE	29	4.742276	0.470443349753695	0.5353	0.001539	FALSE	TRUE	
sugarcane	SoffiXsponR570.01Bg316600	Jumonji	OTR	FALSE	5881	1010.807174	0.853551735266458			FALSE	FALSE	
sugarcane	SoffiXsponR570.01Bg316900	zf-LSD1	TFF	FALSE	2	0.062096	0			FALSE	FALSE	
sugarcane	SoffiXsponR570.01Bg317600	TIG	TFF	FALSE	10152	2888.266493	0.775831884951729	0.1248	0.6726	FALSE	TRUE	
sugarcane	SoffiXsponR570.01Bg320200	CCAAT	TFF	FALSE	177	30.011991	0.256869542886492			FALSE	FALSE	
sugarcane	SoffiXsponR570.01Bg323900	Tify	TFF	FALSE	4	1.187489	0.5	0.0559	0.8907	FALSE	TRUE	
sugarcane	SoffiXsponR570.01Bg329300	Top	TFF	FALSE	10	0.699745	0.888888888888889	-0.1089	0.7296	FALSE	TRUE	
sugarcane	SoffiXsponR570.01Bg333200	Jumonji	OTR	FALSE	47	6.836903	0.547641073080481	0.1229	0.6802	FALSE	TRUE	
sugarcane	SoffiXsponR570.01Bg339700	WRKY	TFF	FALSE	1	0.165508				FALSE	FALSE	
sugarcane	SoffiXsponR570.01Bg343300	MYB-related	TFF	TRUE	339	52.633957	0.361767118744655	0.0915	0.7869	FALSE	TRUE	
sugarcane	SoffiXsponR570.01Bg344000	FAR1	TFF	FALSE	115	12.096953	0.428222730739893	0.4452	0.0138	FALSE	TRUE	
sugarcane	SoffiXsponR570.01Bg345100	NAC	TFF	FALSE	143	24.345108	0.381759085984438	-0.2755	0.2127	FALSE	TRUE	
sugarcane	SoffiXsponR570.01Bg345400	NAC	TFF	FALSE	11051	3394.327619	0.726079996855386	-0.0908	0.7897	FALSE	TRUE	
sugarcane	SoffiXsponR570.01Bg346400	MYB-related	TFF	TRUE	2	1.268519	1	-0.631	5.709e-05	TRUE	TRUE	ortholog_not_correlated
sugarcane	SoffiXsponR570.01Bg347100	EIL	TFF	FALSE	66	7.14923	0.578554778554779	-0.1674	0.5465	FALSE	TRUE	
sugarcane	SoffiXsponR570.01Bg350800	bZIP	TFF	FALSE	25	2.850545	0.446666666666667	-0.6438	3.294e-05	TRUE	TRUE	ortholog_not_correlated
sugarcane	SoffiXsponR570.01Bg358800	PHD	OTR	FALSE	6	0.148649	0.666666666666667	-0.3506	0.07832	FALSE	TRUE	
sugarcane	SoffiXsponR570.01Bg360200	PHD	OTR	FALSE	66	5.902196	0.593006993006993	0.2952	0.1687	FALSE	TRUE	
sugarcane	SoffiXsponR570.01Bg371400	Pseudo_ARR-B	OTR	FALSE	7310	1524.465258	0.652636340819248	-0.0254	0.9546	FALSE	TRUE	
sugarcane	SoffiXsponR570.01Bg378900	SART-1	OTR	FALSE	8782	2306.046488	0.758462448075103			FALSE	FALSE	
sugarcane	SoffiXsponR570.01Bg381400	Sigma70-like	TFF	FALSE	5	0.494237	0.9	0.2172	0.3803	FALSE	TRUE	
sugarcane	SoffiXsponR570.01Bg383200	LIM	TFF	FALSE	6272	1133.160595	0.892812649497688	-0.1338	0.6403	FALSE	TRUE	
sugarcane	SoffiXsponR570.01Bg384300	LIM	TFF	FALSE	7810	1685.087909	0.77000191348208	-0.171	0.5324	FALSE	TRUE	
sugarcane	SoffiXsponR570.01Bg386800	AP2-EREBP	TFF	FALSE	3	0.123602	0			FALSE	FALSE	
sugarcane	SoffiXsponR570.01Bg391600	FAR1	TFF	FALSE	12	1.057009	0.606060606060606			FALSE	FALSE	
sugarcane	SoffiXsponR570.01Bg392200	Top	TFF	FALSE	9	0.695193	0.916666666666667	0.0015	0.9973	FALSE	TRUE	
sugarcane	SoffiXsponR570.01Bg393800	CCAAT	TFF	FALSE	65	9.401521	0.401923076923077	0.807	1.158e-09	TRUE	TRUE	ortholog_not_correlated
sugarcane	SoffiXsponR570.01Bg399900	MYB-related	TFF	TRUE	116	20.87977	0.520539730134933			FALSE	FALSE	
sugarcane	SoffiXsponR570.01Bg400400	bZIP	TFF	FALSE	3	0.151336	0	-0.4481	0.01295	FALSE	TRUE	
sugarcane	SoffiXsponR570.01Bg401800	C2H2	TFF	FALSE	15	2.542046	0.323809523809524			FALSE	FALSE	
sugarcane	SoffiXsponR570.01Bg406500	bHLH	TFF	FALSE	127	35.867009	0.12623422072241	0.1459	0.596	FALSE	TRUE	
sugarcane	SoffiXsponR570.01Bg410200	HSF	TFF	FALSE	1461	163.803347	0.793498542000694	0.1297	0.6553	FALSE	TRUE	
sugarcane	SoffiXsponR570.01Bg410500	ARR-B;MYB-related	TFF	TRUE	7907	1777.457839	0.900606023648747	-0.117	0.7011	FALSE	TRUE	
sugarcane	SoffiXsponR570.01Bg415300	C2C2-YABBY	TFF	FALSE	289	121.578074	0.471261053440984			FALSE	FALSE	
sugarcane	SoffiXsponR570.01Bg418200	MYB-related	TFF	TRUE	1618	171.998769	0.851857542657472	-0.078	0.8303	FALSE	TRUE	
sugarcane	SoffiXsponR570.01Bg418300	ABI3VP1	TFF	FALSE	2	0.084877	0			FALSE	FALSE	
sugarcane	SoffiXsponR570.01Bg428600	OFP	TFF	FALSE	66	22.535583	0.224242424242424			FALSE	FALSE	
sugarcane	SoffiXsponR570.01Bg428800	C2H2	TFF	FALSE	1	0.039715				FALSE	FALSE	
sugarcane	SoffiXsponR570.01Bg431700	GNAT	OTR	FALSE	2	0.127469	0			FALSE	FALSE	
sugarcane	SoffiXsponR570.01Bg432800	GRAS	TFF	FALSE	7	4.974932	0.80952380952381			FALSE	FALSE	
sugarcane	SoffiXsponR570.01Bg434500	AP2-EREBP	TFF	FALSE	8	0.654982	0.428571428571429			FALSE	FALSE	
sugarcane	SoffiXsponR570.01Bg439200	Tify	TFF	FALSE	90	17.990005	0.306866416978777	0.3267	0.1109	FALSE	TRUE	
sugarcane	SoffiXsponR570.01Bg439300	Tify	TFF	FALSE	97	13.255113	0.222508591065292	0.4722	0.007572	FALSE	TRUE	
sugarcane	SoffiXsponR570.01Bg441600	GNAT	OTR	FALSE	145	20.773572	0.370210727969349			FALSE	FALSE	
sugarcane	SoffiXsponR570.01Bg442700	CCAAT	TFF	FALSE	197	31.93991	0.20392624054698	-0.5062	0.003334	FALSE	TRUE	
sugarcane	SoffiXsponR570.01Bg444700	bHLH	TFF	FALSE	1	0.029315				FALSE	FALSE	
sugarcane	SoffiXsponR570.01Bg446000	C2C2-Dof	TFF	FALSE	117	15.570315	0.191276156793398	-0.3511	0.07782	FALSE	TRUE	
sugarcane	SoffiXsponR570.01Bg447100	SET	OTR	FALSE	6	0.342291	0.8			FALSE	FALSE	
sugarcane	SoffiXsponR570.01Bg449800	HB	TFF	FALSE	633	97.690805	0.427490151378807	-0.2253	0.3536	FALSE	TRUE	
sugarcane	SoffiXsponR570.01Bg452000	HSF	TFF	FALSE	80	8.252486	0.50253164556962			FALSE	FALSE	
sugarcane	SoffiXsponR570.01Bg457200	E2F-DP	TFF	FALSE	1	0.08082				FALSE	FALSE	
sugarcane	SoffiXsponR570.01Bg457800	Top	TFF	FALSE	1	0.263072		-0.3175	0.1262	FALSE	TRUE	
sugarcane	SoffiXsponR570.01Bg458700	AP2-EREBP	TFF	FALSE	32	6.415013	0.0766129032258065			FALSE	FALSE	
sugarcane	SoffiXsponR570.01Bg464800	MYB	TFF	TRUE	4	0.764052	0.333333333333333			FALSE	FALSE	
sugarcane	SoffiXsponR570.01Bg468700	MYB-related	TFF	TRUE	4	0.361416	0.833333333333333	-0.5831	0.0003506	FALSE	TRUE	
sugarcane	SoffiXsponR570.01Bg471600	NAC	TFF	FALSE	30	3.724142	0.832183908045977	0.5648	0.0006374	FALSE	TRUE	
sugarcane	SoffiXsponR570.01Bg478100	FHA	TFF	FALSE	87	9.904802	0.459770114942529			FALSE	FALSE	
sugarcane	SoffiXsponR570.01Bg478200	bZIP	TFF	FALSE	1171	233.654232	0.647276416533462	0.2754	0.2129	FALSE	TRUE	
sugarcane	SoffiXsponR570.01Bg478400	NAC	TFF	FALSE	16	4.468159	0.433333333333333	-0.0303	0.9448	FALSE	TRUE	
sugarcane	SoffiXsponR570.01Bg481200	HB	TFF	FALSE	1	0.454732		0.097	0.7685	FALSE	TRUE	
sugarcane	SoffiXsponR570.01Bg481500	HB	TFF	FALSE	103	9.791921	0.589187131163145	-0.1099	0.7261	FALSE	TRUE	
sugarcane	SoffiXsponR570.01Bg482700	bHLH	TFF	FALSE	11	2.670925	0.163636363636364			FALSE	FALSE	
sugarcane	SoffiXsponR570.01Bg492500	SWI/SNF-BAF60b	OTR	FALSE	2	0.237909	1	0.13	0.6541	FALSE	TRUE	
sugarcane	SoffiXsponR570.01Bg500300	Not1	TFF	FALSE	151	25.816753	0.360529801324503	0.3197	0.1223	FALSE	TRUE	
sugarcane	SoffiXsponR570.01Cg003100	Sigma70-like	TFF	FALSE	830	179.051476	0.431868850552996	0.1329	0.6433	FALSE	TRUE	
sugarcane	SoffiXsponR570.01Cg006600	WRKY	TFF	FALSE	7	0.43054	0.666666666666667			FALSE	FALSE	
sugarcane	SoffiXsponR570.01Cg007400	HSF	TFF	FALSE	34	4.032071	0.417112299465241	-0.3738	0.0536	FALSE	TRUE	
sugarcane	SoffiXsponR570.01Cg012600	C2C2-GATA	TFF	FALSE	19	1.285488	0.508771929824561			FALSE	FALSE	
sugarcane	SoffiXsponR570.01Cg016700	GRAS	TFF	FALSE	1	0.048629				FALSE	FALSE	
sugarcane	SoffiXsponR570.01Cg020000	TFIIS	TFF	FALSE	139	18.172951	0.199770618287978	-0.6208	8.605e-05	TRUE	TRUE	ortholog_not_correlated
sugarcane	SoffiXsponR570.01Cg025100	bZIP	TFF	FALSE	3613	457.363362	0.930917760676577			FALSE	FALSE	
sugarcane	SoffiXsponR570.01Cg027900	AUX/IAA	OTR	FALSE	2	0.07002	0			FALSE	FALSE	
sugarcane	SoffiXsponR570.01Cg028900	bZIP	TFF	FALSE	1	0.025848				FALSE	FALSE	
sugarcane	SoffiXsponR570.01Cg029700	HSF	TFF	FALSE	6	0.956398	0.466666666666667	-0.0316	0.9423	FALSE	TRUE	
sugarcane	SoffiXsponR570.01Cg032000	GNAT	OTR	FALSE	194	65.992851	0.265584103413279	0.1459	0.596	FALSE	TRUE	
sugarcane	SoffiXsponR570.01Cg032100	GNAT	OTR	FALSE	7	0.596448	0.285714285714286			FALSE	FALSE	
sugarcane	SoffiXsponR570.01Cg034100	TRAF	OTR	FALSE	1	0.184822				FALSE	FALSE	
sugarcane	SoffiXsponR570.01Cg034700	zf-A20	TFF	FALSE	11	2.432711	0.0727272727272727			FALSE	FALSE	
sugarcane	SoffiXsponR570.01Cg035100	C2C2-GATA	TFF	FALSE	130	9.810335	0.807871198568873			FALSE	FALSE	
sugarcane	SoffiXsponR570.01Cg036500	mTERF	OTR	FALSE	34	5.385088	0.42602495543672	0.1994	0.4349	FALSE	TRUE	
sugarcane	SoffiXsponR570.01Cg038200	bHLH	TFF	FALSE	2	1.184327	1	-0.3373	0.09535	FALSE	TRUE	
sugarcane	SoffiXsponR570.01Cg039000	GeBP	TFF	FALSE	4	0.349035	0.666666666666667	-0.3132	0.1338	FALSE	TRUE	
sugarcane	SoffiXsponR570.01Cg040300	FAR1	TFF	FALSE	3	0.355873	0.333333333333333	0.1506	0.596	FALSE	TRUE	
sugarcane	SoffiXsponR570.01Cg040800	NAC	TFF	FALSE	9	0.65904	0.361111111111111	0.376	0.05166	FALSE	TRUE	
sugarcane	SoffiXsponR570.01Cg045000	HB	TFF	FALSE	392	103.193872	0.794809228039042	-0.0668	0.861	FALSE	TRUE	
sugarcane	SoffiXsponR570.01Cg045100	MYB	TFF	TRUE	344	135.60079	0.708692114719642			FALSE	FALSE	
sugarcane	SoffiXsponR570.01Cg045800	TRAF	OTR	FALSE	123	16.679745	0.268159402905505	-0.8069	1.16e-09	TRUE	TRUE	ortholog_not_correlated
sugarcane	SoffiXsponR570.01Cg046400	bHLH	TFF	FALSE	102	21.268694	0.337798485730926	0.4191	0.02347	FALSE	TRUE	
sugarcane	SoffiXsponR570.01Cg050300	C2C2-GATA	TFF	FALSE	1366	221.069705	0.474610504185907	-0.0503	0.9032	FALSE	TRUE	
sugarcane	SoffiXsponR570.01Cg052300	HB	TFF	FALSE	41	4.416553	0.302439024390244	0.3587	0.06894	FALSE	TRUE	
sugarcane	SoffiXsponR570.01Cg053200	FHA	TFF	FALSE	12870	4641.655858	0.65351422737389	-0.0848	0.8097	FALSE	TRUE	
sugarcane	SoffiXsponR570.01Cg053800	BSD	TFF	FALSE	373	43.806923	0.511314826025541			FALSE	FALSE	
sugarcane	SoffiXsponR570.01Cg054300	GRF	TFF	FALSE	1244	263.063527	0.635468591960639			FALSE	FALSE	
sugarcane	SoffiXsponR570.01Cg055000	bHLH	TFF	FALSE	225	24.15926	0.50968253968254			FALSE	FALSE	
sugarcane	SoffiXsponR570.01Cg056200	HB	TFF	FALSE	455	35.557454	0.930289974342838			FALSE	FALSE	
sugarcane	SoffiXsponR570.01Cg056400	HB	TFF	FALSE	11	2.317814	0.0545454545454545			FALSE	FALSE	
sugarcane	SoffiXsponR570.01Cg057800	Top	TFF	FALSE	131	14.703972	0.757017028772754	-0.2676	0.2321	FALSE	TRUE	
sugarcane	SoffiXsponR570.01Cg057900	bHLH	TFF	FALSE	153	17.102566	0.440058479532164	-0.156	0.5883	FALSE	TRUE	
sugarcane	SoffiXsponR570.01Cg059100	GRAS	TFF	FALSE	46	5.146528	0.301449275362319	0.3777	0.05024	FALSE	TRUE	
sugarcane	SoffiXsponR570.01Cg059500	MYB-related	TFF	TRUE	7775	1715.097579	0.871181587234884			FALSE	FALSE	
sugarcane	SoffiXsponR570.01Cg061000	PAS	TFF	FALSE	1	0.141241				FALSE	FALSE	
sugarcane	SoffiXsponR570.01Cg061800	zf-HD	TFF	FALSE	42	9.705398	0.275261324041812			FALSE	FALSE	
sugarcane	SoffiXsponR570.01Cg063100	PHD	OTR	FALSE	9169	2409.007614	0.835115959060017	-0.0255	0.9545	FALSE	TRUE	
sugarcane	SoffiXsponR570.01Cg064000	FAR1	TFF	FALSE	4	0.317339	0.666666666666667	-0.0707	0.8509	FALSE	TRUE	
sugarcane	SoffiXsponR570.01Cg069000	GeBP	TFF	FALSE	7	0.466693	0.666666666666667	-0.0541	0.8938	FALSE	TRUE	
sugarcane	SoffiXsponR570.01Cg070100	GRAS	TFF	FALSE	12	1.468559	0.272727272727273	0.501	0.003803	FALSE	TRUE	
sugarcane	SoffiXsponR570.01Cg075800	GNAT	OTR	FALSE	408	148.071266	0.288685744568098	0.1459	0.596	FALSE	TRUE	
sugarcane	SoffiXsponR570.01Cg076700	C3H	TFF	FALSE	10	1.032551	0.177777777777778	0.5481	0.001055	FALSE	TRUE	
sugarcane	SoffiXsponR570.01Cg079100	ARF	TFF	FALSE	35	4.209465	0.240336134453782			FALSE	FALSE	
sugarcane	SoffiXsponR570.01Cg089100	MYB-related	TFF	TRUE	7528	1622.630685	0.882242171187621	0.0242	0.957	FALSE	TRUE	
sugarcane	SoffiXsponR570.01Cg089300	MYB-related	TFF	TRUE	1	0.305663				FALSE	FALSE	
sugarcane	SoffiXsponR570.01Cg090800	E2F-DP	TFF	FALSE	14762	6233.687839	0.572431770001876			FALSE	FALSE	
sugarcane	SoffiXsponR570.01Cg095500	HSF	TFF	FALSE	6999	1371.648834	0.744382827563534			FALSE	FALSE	
sugarcane	SoffiXsponR570.01Cg097500	TRAF	OTR	FALSE	134	9.411546	0.902928964201548			FALSE	FALSE	
sugarcane	SoffiXsponR570.01Cg097600	TRAF	OTR	FALSE	2	0.119545	1			FALSE	FALSE	
sugarcane	SoffiXsponR570.01Cg098900	zf-BED	TFF	FALSE	939	116.022261	0.624715309804242	0.0911	0.7887	FALSE	TRUE	
sugarcane	SoffiXsponR570.01Cg099400	GNAT	OTR	FALSE	210	29.425783	0.639462292093871	-0.2321	0.3318	FALSE	TRUE	
sugarcane	SoffiXsponR570.01Cg101500	SET	OTR	FALSE	6030	1090.716168	0.855859146243681	-0.226	0.3517	FALSE	TRUE	
sugarcane	SoffiXsponR570.01Cg102500	C2C2-Dof	TFF	FALSE	3	0.861026	0.666666666666667			FALSE	FALSE	
sugarcane	SoffiXsponR570.01Cg107300	Tify	TFF	FALSE	91	4.473802	0.258119658119658			FALSE	FALSE	
sugarcane	SoffiXsponR570.01Cg107400	Tify	TFF	FALSE	155	42.895253	0.0130708001675744			FALSE	FALSE	
sugarcane	SoffiXsponR570.01Cg107500	Tify	TFF	FALSE	48	9.669815	0.523936170212766	0.4408	0.01508	FALSE	TRUE	
sugarcane	SoffiXsponR570.01Cg107600	Tify	TFF	FALSE	33	5.397869	0.541666666666667			FALSE	FALSE	
sugarcane	SoffiXsponR570.01Cg112100	AP2-EREBP	TFF	FALSE	16	2.770945	0.0333333333333333			FALSE	FALSE	
sugarcane	SoffiXsponR570.01Cg113000	GRAS	TFF	FALSE	2	0.135393	0			FALSE	FALSE	
sugarcane	SoffiXsponR570.01Cg132000	bHLH	TFF	FALSE	53	15.117024	0.109579100145138			FALSE	FALSE	
sugarcane	SoffiXsponR570.01Cg137600	zf-C5HC2	TFF	FALSE	883	88.043867	0.75709997098122			FALSE	FALSE	
sugarcane	SoffiXsponR570.01Cg140200	bHLH	TFF	FALSE	36	4.714712	0.379365079365079	0.2261	0.3511	FALSE	TRUE	
sugarcane	SoffiXsponR570.01Cg140600	PLATZ	TFF	FALSE	56	6.930865	0.355194805194805	0.1604	0.5725	FALSE	TRUE	
sugarcane	SoffiXsponR570.01Cg141900	MED26	OTR	FALSE	9670	2568.850345	0.763316403782149	-0.1065	0.7372	FALSE	TRUE	
sugarcane	SoffiXsponR570.01Cg142200	MED26	OTR	FALSE	8805	2131.618004	0.831184188901798	-0.0762	0.8353	FALSE	TRUE	
sugarcane	SoffiXsponR570.01Cg145300	SOH1	OTR	FALSE	282	16.821146	0.977158577522021	-0.0881	0.7986	FALSE	TRUE	
sugarcane	SoffiXsponR570.01Cg146200	MYB-related	TFF	TRUE	107	10.444542	0.574501851525304			FALSE	FALSE	
sugarcane	SoffiXsponR570.01Cg148200	MYB-related	TFF	TRUE	256	44.552541	0.402205882352941			FALSE	FALSE	
sugarcane	SoffiXsponR570.01Cg148700	AP2-EREBP	TFF	FALSE	1	0.033277				FALSE	FALSE	
sugarcane	SoffiXsponR570.01Cg150000	C2C2-GATA	TFF	FALSE	1779	379.544122	0.572977703250837			FALSE	FALSE	
sugarcane	SoffiXsponR570.01Cg150100	Not1	TFF	FALSE	10202	2850.105483	0.747352379108944	0.1314	0.6489	FALSE	TRUE	
sugarcane	SoffiXsponR570.01Cg150300	bHLH	TFF	FALSE	11512	3591.073887	0.690809072314369			FALSE	FALSE	
sugarcane	SoffiXsponR570.01Cg165600	MADS	TFF	FALSE	12	0.888624	0.484848484848485	-0.3435	0.08714	FALSE	TRUE	
sugarcane	SoffiXsponR570.01Cg166000	HB	TFF	FALSE	1	0.094192				FALSE	FALSE	
sugarcane	SoffiXsponR570.01Cg167400	SWI/SNF-SWI3	OTR	FALSE	312	22.261321	0.912132080138511	0.0584	0.8841	FALSE	TRUE	
sugarcane	SoffiXsponR570.01Cg167600	bZIP	TFF	FALSE	4	0.223737	1			FALSE	FALSE	
sugarcane	SoffiXsponR570.01Cg171500	AP2-EREBP	TFF	FALSE	32	6.608159	0.393145161290323	0.1891	0.4689	FALSE	TRUE	
sugarcane	SoffiXsponR570.01Cg177000	GNAT	OTR	FALSE	15	1.819975	0.466666666666667	0.4752	0.00707	FALSE	TRUE	
sugarcane	SoffiXsponR570.01Cg180400	C2H2	TFF	FALSE	102	36.009245	0.353911861774413			FALSE	FALSE	
sugarcane	SoffiXsponR570.01Cg184000	C2H2	TFF	FALSE	4	0.735328	0.333333333333333			FALSE	FALSE	
sugarcane	SoffiXsponR570.01Cg184100	MYB-related	TFF	TRUE	114	11.713537	0.535786368576308	-0.2998	0.1594	FALSE	TRUE	
sugarcane	SoffiXsponR570.01Cg188900	CCAAT	TFF	FALSE	364	52.497664	0.616368480004844			FALSE	FALSE	
sugarcane	SoffiXsponR570.01Cg189900	GRAS	TFF	FALSE	1	0.046153				FALSE	FALSE	
sugarcane	SoffiXsponR570.01Cg192300	Tify	TFF	FALSE	4	1.198384	0.5			FALSE	FALSE	
sugarcane	SoffiXsponR570.01Cg199000	bHLH	TFF	FALSE	47	9.842561	0.514338575393155			FALSE	FALSE	
sugarcane	SoffiXsponR570.01Cg200600	TIG	TFF	FALSE	271	34.901591	0.456744567445674			FALSE	FALSE	
sugarcane	SoffiXsponR570.01Cg203700	SAP	TFF	FALSE	70	8.561561	0.433540372670807	-0.5784	0.000409	FALSE	TRUE	
sugarcane	SoffiXsponR570.01Cg204800	bHLH	TFF	FALSE	43	12.091596	0.483942414174972			FALSE	FALSE	
sugarcane	SoffiXsponR570.01Cg205100	MYB	TFF	TRUE	634	78.121191	0.728487349310529	0.0493	0.9056	FALSE	TRUE	
sugarcane	SoffiXsponR570.01Cg208100	MYB	TFF	TRUE	7	1.792966	0.666666666666667			FALSE	FALSE	
sugarcane	SoffiXsponR570.01Cg209000	GeBP	TFF	FALSE	3	0.153812	0			FALSE	FALSE	
sugarcane	SoffiXsponR570.01Cg210600	HSF	TFF	FALSE	13	2.177849	0.58974358974359			FALSE	FALSE	
sugarcane	SoffiXsponR570.01Cg211300	MED26	OTR	FALSE	15	1.453987	0.676190476190476	0.6209	8.587e-05	TRUE	TRUE	ortholog_not_correlated
sugarcane	SoffiXsponR570.01Cg213600	MYB-related	TFF	TRUE	1230	178.721526	0.667625870725754	0.1625	0.5645	FALSE	TRUE	
sugarcane	SoffiXsponR570.01Cg213900	mTERF	OTR	FALSE	41	4.891496	0.476829268292683	0.7119	1.097e-06	TRUE	TRUE	ortholog_not_correlated
sugarcane	SoffiXsponR570.01Cg219700	Top	TFF	FALSE	8	1.74948	0.428571428571429	-0.1749	0.5184	FALSE	TRUE	
sugarcane	SoffiXsponR570.01Cg223700	Jumonji	OTR	FALSE	12	0.81929	0.333333333333333	0.132	0.6468	FALSE	TRUE	
sugarcane	SoffiXsponR570.01Cg230800	WRKY	TFF	FALSE	113	13.601821	0.373577749683944			FALSE	FALSE	
sugarcane	SoffiXsponR570.01Cg234200	MYB-related	TFF	TRUE	235	30.613782	0.334824513547918	0.0051	0.9921	FALSE	TRUE	
sugarcane	SoffiXsponR570.01Cg235500	NAC	TFF	FALSE	234	42.143052	0.269249110450827			FALSE	FALSE	
sugarcane	SoffiXsponR570.01Cg235700	NAC	TFF	FALSE	3	0.831806	0	-0.4211	0.02256	FALSE	TRUE	
sugarcane	SoffiXsponR570.01Cg237000	MYB-related	TFF	TRUE	2	1.406693	1	-0.5556	0.0008516	FALSE	TRUE	
sugarcane	SoffiXsponR570.01Cg237700	EIL	TFF	FALSE	20	2.088874	0.415789473684211	-0.2994	0.1602	FALSE	TRUE	
sugarcane	SoffiXsponR570.01Cg239200	WRKY	TFF	FALSE	45	5.078584	0.418181818181818			FALSE	FALSE	
sugarcane	SoffiXsponR570.01Cg241100	bZIP	TFF	FALSE	28	2.992471	0.312169312169312	-0.4648	0.008924	FALSE	TRUE	
sugarcane	SoffiXsponR570.01Cg245000	PAS	TFF	FALSE	1	0.166498		0.5508	0.0009809	FALSE	TRUE	
sugarcane	SoffiXsponR570.01Cg246100	SET	OTR	FALSE	3	0.366273	0.333333333333333			FALSE	FALSE	
sugarcane	SoffiXsponR570.01Cg248500	PHD	OTR	FALSE	371	50.601036	0.352939462373425	-0.5938	0.0002401	FALSE	TRUE	
sugarcane	SoffiXsponR570.01Cg248600	MYB	TFF	TRUE	12	1.564142	0.272727272727273			FALSE	FALSE	
sugarcane	SoffiXsponR570.01Cg262200	Pseudo_ARR-B	OTR	FALSE	268	38.834562	0.379059757392811	0.1312	0.65	FALSE	TRUE	
sugarcane	SoffiXsponR570.01Cg267100	CCAAT	TFF	FALSE	61	4.590305	0.908743169398907	-0.1985	0.4378	FALSE	TRUE	
sugarcane	SoffiXsponR570.01Cg269500	C2C2-Dof	TFF	FALSE	5	0.248594	0.4	-0.2512	0.2763	FALSE	TRUE	
sugarcane	SoffiXsponR570.01Cg269700	SART-1	OTR	FALSE	9046	2260.541486	0.761825480893858	0.0927	0.7828	FALSE	TRUE	
sugarcane	SoffiXsponR570.01Cg269900	SART-1	OTR	FALSE	107	11.133432	0.5469934755775	-0.1362	0.6314	FALSE	TRUE	
sugarcane	SoffiXsponR570.01Cg271400	GRAS	TFF	FALSE	9	0.434692	0.75	0.0403	0.9241	FALSE	TRUE	
sugarcane	SoffiXsponR570.01Cg272700	Sigma70-like	TFF	FALSE	635	135.593782	0.446538662162498	0.3741	0.05341	FALSE	TRUE	
sugarcane	SoffiXsponR570.01Cg274500	LIM	TFF	FALSE	1	0.037734				FALSE	FALSE	
sugarcane	SoffiXsponR570.01Cg275300	LIM	TFF	FALSE	7021	1451.554177	0.731412031711134	-0.2732	0.2183	FALSE	TRUE	
sugarcane	SoffiXsponR570.01Cg277900	GRAS	TFF	FALSE	90	24.324717	0.125842696629213			FALSE	FALSE	
sugarcane	SoffiXsponR570.01Cg283000	FAR1	TFF	FALSE	24	2.432461	0.358695652173913	0.5822	0.00036	FALSE	TRUE	
sugarcane	SoffiXsponR570.01Cg285300	CCAAT	TFF	FALSE	194	37.943017	0.365098018268255	0.8456	1.989e-11	TRUE	TRUE	ortholog_not_correlated
sugarcane	SoffiXsponR570.01Cg290900	MYB-related	TFF	TRUE	1	0.022876				FALSE	FALSE	
sugarcane	SoffiXsponR570.01Cg302400	ARR-B;MYB-related	TFF	TRUE	1	0.025353				FALSE	FALSE	
sugarcane	SoffiXsponR570.01Cg304000	NAC	TFF	FALSE	5	0.568029	1	-0.4376	0.01615	FALSE	TRUE	
sugarcane	SoffiXsponR570.01Cg306200	MADS	TFF	FALSE	12	2.30949	0.590909090909091			FALSE	FALSE	
sugarcane	SoffiXsponR570.01Cg306300	C2C2-YABBY	TFF	FALSE	7	0.866358	0.619047619047619			FALSE	FALSE	
sugarcane	SoffiXsponR570.01Cg309500	MYB-related	TFF	TRUE	4	0.895788	0.333333333333333	-0.124	0.6759	FALSE	TRUE	
sugarcane	SoffiXsponR570.01Cg309600	ABI3VP1	TFF	FALSE	2	0.133412	0			FALSE	FALSE	
sugarcane	SoffiXsponR570.01Cg325200	AP2-EREBP	TFF	FALSE	2	0.082896	0	0.3913	0.0395	FALSE	TRUE	
sugarcane	SoffiXsponR570.01Cg325900	TIG	TFF	FALSE	2	0.652431	1	0.0087	0.9862	FALSE	TRUE	
sugarcane	SoffiXsponR570.01Cg327300	bHLH	TFF	FALSE	73	6.798269	0.726027397260274	-0.1043	0.744	FALSE	TRUE	
sugarcane	SoffiXsponR570.01Cg329000	MADS	TFF	FALSE	1	0.037734				FALSE	FALSE	
sugarcane	SoffiXsponR570.01Cg331400	AP2-EREBP	TFF	FALSE	17	1.45913	0.617647058823529	0.1118	0.7192	FALSE	TRUE	
sugarcane	SoffiXsponR570.01Cg332900	Tify	TFF	FALSE	104	22.115263	0.307879014189694	0.499	0.003988	FALSE	TRUE	
sugarcane	SoffiXsponR570.01Cg333000	Tify	TFF	FALSE	32	3.602006	0.413306451612903	0.3804	0.04793	FALSE	TRUE	
sugarcane	SoffiXsponR570.01Cg336100	AP2-EREBP	TFF	FALSE	6	0.625573	0.333333333333333			FALSE	FALSE	
sugarcane	SoffiXsponR570.01Cg336900	CCAAT	TFF	FALSE	176	27.992771	0.217467532467532	-0.5564	0.0008321	FALSE	TRUE	
sugarcane	SoffiXsponR570.01Cg338800	bHLH	TFF	FALSE	948	221.973422	0.75551931705274	0.2458	0.291	FALSE	TRUE	
sugarcane	SoffiXsponR570.01Cg340100	C2C2-Dof	TFF	FALSE	47	6.413962	0.199814986123959	-0.3767	0.05109	FALSE	TRUE	
sugarcane	SoffiXsponR570.01Cg344700	HB	TFF	FALSE	51	5.252491	0.621176470588235	-0.2234	0.3594	FALSE	TRUE	
sugarcane	SoffiXsponR570.01Cg348000	HSF	TFF	FALSE	15	1.538179	0.295238095238095			FALSE	FALSE	
sugarcane	SoffiXsponR570.01Cg354000	E2F-DP	TFF	FALSE	9	0.755118	0.916666666666667	-0.383	0.04586	FALSE	TRUE	
sugarcane	SoffiXsponR570.01Cg354700	Jumonji	OTR	FALSE	1	0.03922				FALSE	FALSE	
sugarcane	SoffiXsponR570.01Cg365500	MYB-related	TFF	TRUE	3	0.213737	0	-0.5241	0.002097	FALSE	TRUE	
sugarcane	SoffiXsponR570.01Cg366500	bHLH	TFF	FALSE	18	2.277374	0.464052287581699			FALSE	FALSE	
sugarcane	SoffiXsponR570.01Cg368400	NAC	TFF	FALSE	40	5.700635	0.624358974358974			FALSE	FALSE	
sugarcane	SoffiXsponR570.01Cg370600	RWP-RK	TFF	FALSE	13951	5564.282106	0.599390966179889	-0.1411	0.613	FALSE	TRUE	
sugarcane	SoffiXsponR570.01Cg372200	MYB-related	TFF	TRUE	3	0.357854	0.666666666666667			FALSE	FALSE	
sugarcane	SoffiXsponR570.01Cg375100	NAC	TFF	FALSE	139	48.076993	0.0574496924199771	-0.2011	0.4293	FALSE	TRUE	
sugarcane	SoffiXsponR570.01Cg375600	OFP	TFF	FALSE	10	1.602086	0.244444444444444			FALSE	FALSE	
sugarcane	SoffiXsponR570.01Cg377700	HB	TFF	FALSE	1	0.025353				FALSE	FALSE	
sugarcane	SoffiXsponR570.01Cg378000	HB	TFF	FALSE	710	98.507359	0.596193805995352	-0.1042	0.7442	FALSE	TRUE	
sugarcane	SoffiXsponR570.01Cg378100	Top	TFF	FALSE	2	0.143317	0			FALSE	FALSE	
sugarcane	SoffiXsponR570.01Cg378500	MADS	TFF	FALSE	475	37.311541	0.843846324672441			FALSE	FALSE	
sugarcane	SoffiXsponR570.01Cg380000	ABI3VP1	TFF	FALSE	4	0.323282	1			FALSE	FALSE	
sugarcane	SoffiXsponR570.01Cg393600	GRAS	TFF	FALSE	14	1.207259	0.362637362637363			FALSE	FALSE	
sugarcane	SoffiXsponR570.01Cg394600	Not1	TFF	FALSE	27	3.696123	0.45014245014245	0.3479	0.08164	FALSE	TRUE	
sugarcane	SoffiXsponR570.01Dg000100	C3H	TFF	FALSE	8731	2097.872226	0.734046333042209	-0.0978	0.7662	FALSE	TRUE	
sugarcane	SoffiXsponR570.01Dg003300	mTERF	OTR	FALSE	1582	118.336258	0.9881678049467	-0.09	0.7925	FALSE	TRUE	
sugarcane	SoffiXsponR570.01Dg004800	mTERF	OTR	FALSE	115	10.577039	0.8465293668955	0.0419	0.9209	FALSE	TRUE	
sugarcane	SoffiXsponR570.01Dg004900	mTERF	OTR	FALSE	11488	3646.981101	0.709947517273372	0.0133	0.979	FALSE	TRUE	
sugarcane	SoffiXsponR570.01Dg005800	C2H2	TFF	FALSE	3	0.248899	0	0.3466	0.08319	FALSE	TRUE	
sugarcane	SoffiXsponR570.01Dg006000	C2H2	TFF	FALSE	115	9.269585	0.00198321891685736			FALSE	FALSE	
sugarcane	SoffiXsponR570.01Dg007200	AP2-EREBP	TFF	FALSE	514	37.172616	0.959701458575102	-0.2485	0.2836	FALSE	TRUE	
sugarcane	SoffiXsponR570.01Dg010200	AP2-EREBP	TFF	FALSE	14865	6322.127064	0.572452874217437	-0.0619	0.8745	FALSE	TRUE	
sugarcane	SoffiXsponR570.01Dg010600	NAC	TFF	FALSE	12	1.188249	0.681818181818182	0.3784	0.04965	FALSE	TRUE	
sugarcane	SoffiXsponR570.01Dg011900	bHLH	TFF	FALSE	58	16.615128	0.685420447670901			FALSE	FALSE	
sugarcane	SoffiXsponR570.01Dg014300	bZIP	TFF	FALSE	10702	3202.185913	0.747178444209835			FALSE	FALSE	
sugarcane	SoffiXsponR570.01Dg015700	NAC	TFF	FALSE	12	1.157544	0.803030303030303			FALSE	FALSE	
sugarcane	SoffiXsponR570.01Dg023000	AUX/IAA	OTR	FALSE	505	89.035578	0.267633191890618	-0.2783	0.2059	FALSE	TRUE	
sugarcane	SoffiXsponR570.01Dg024000	WRKY	TFF	FALSE	3	0.312291	0.333333333333333			FALSE	FALSE	
sugarcane	SoffiXsponR570.01Dg024200	bHLH	TFF	FALSE	12	1.23084	0.833333333333333	0.3264	0.1112	FALSE	TRUE	
sugarcane	SoffiXsponR570.01Dg030500	HB	TFF	FALSE	2	0.187394	1			FALSE	FALSE	
sugarcane	SoffiXsponR570.01Dg031400	HB	TFF	FALSE	37	4.154682	0.792792792792793			FALSE	FALSE	
sugarcane	SoffiXsponR570.01Dg032000	bHLH	TFF	FALSE	142	28.742811	0.330236739586455			FALSE	FALSE	
sugarcane	SoffiXsponR570.01Dg034700	MYB-related	TFF	TRUE	13	3.626943	0.346153846153846			FALSE	FALSE	
sugarcane	SoffiXsponR570.01Dg034800	MYB-related	TFF	TRUE	15	3.115543	0.457142857142857			FALSE	FALSE	
sugarcane	SoffiXsponR570.01Dg034900	MYB-related	TFF	TRUE	210	66.942276	0.099293688767373			FALSE	FALSE	
sugarcane	SoffiXsponR570.01Dg043600	C2C2-YABBY	TFF	FALSE	621	86.476763	0.367051062282479	0.0484	0.9078	FALSE	TRUE	
sugarcane	SoffiXsponR570.01Dg046000	MYB-related	TFF	TRUE	47	4.721701	0.768732654949121	-0.1122	0.7179	FALSE	TRUE	
sugarcane	SoffiXsponR570.01Dg048000	bHLH	TFF	FALSE	1843	232.426498	0.694485634819781	0.1163	0.7037	FALSE	TRUE	
sugarcane	SoffiXsponR570.01Dg048700	CPP	TFF	FALSE	1	0.126878				FALSE	FALSE	
sugarcane	SoffiXsponR570.01Dg050500	AUX/IAA	OTR	FALSE	1950	532.154587	0.530108010682664	0.0934	0.7802	FALSE	TRUE	
sugarcane	SoffiXsponR570.01Dg050600	AUX/IAA	OTR	FALSE	1048	172.223417	0.437163250873087	-0.0865	0.8038	FALSE	TRUE	
sugarcane	SoffiXsponR570.01Dg052300	LIM	TFF	FALSE	13549	5131.876873	0.62427386056227			FALSE	FALSE	
sugarcane	SoffiXsponR570.01Dg053400	NAC	TFF	FALSE	14	1.751536	0.527472527472528			FALSE	FALSE	
sugarcane	SoffiXsponR570.01Dg055300	MYB-related	TFF	TRUE	1	0.063982				FALSE	FALSE	
sugarcane	SoffiXsponR570.01Dg055500	ABI3VP1	TFF	FALSE	6	1.558619	0.2			FALSE	FALSE	
sugarcane	SoffiXsponR570.01Dg055900	ABI3VP1	TFF	FALSE	8	0.317224	0.607142857142857	-0.2473	0.287	FALSE	TRUE	
sugarcane	SoffiXsponR570.01Dg056700	ABI3VP1	TFF	FALSE	4	0.701651	0.333333333333333			FALSE	FALSE	
sugarcane	SoffiXsponR570.01Dg057000	ABI3VP1	TFF	FALSE	6	1.394692	0.333333333333333			FALSE	FALSE	
sugarcane	SoffiXsponR570.01Dg057200	ABI3VP1	TFF	FALSE	4359	591.212041	0.96960970013353	-0.0879	0.7991	FALSE	TRUE	
sugarcane	SoffiXsponR570.01Dg057300	ABI3VP1	TFF	FALSE	28	7.918699	0.134920634920635			FALSE	FALSE	
sugarcane	SoffiXsponR570.01Dg057500	ABI3VP1	TFF	FALSE	5392	875.543237	0.938278546450921	0.086	0.8055	FALSE	TRUE	
sugarcane	SoffiXsponR570.01Dg057600	C2C2-Dof	TFF	FALSE	15	3.627629	0.323809523809524			FALSE	FALSE	
sugarcane	SoffiXsponR570.01Dg058000	bHLH	TFF	FALSE	4824	736.128549	0.934566145703853	-0.0582	0.8846	FALSE	TRUE	
sugarcane	SoffiXsponR570.01Dg058300	ABI3VP1	TFF	FALSE	132	25.644087	0.415336571825121			FALSE	FALSE	
sugarcane	SoffiXsponR570.01Dg058400	ABI3VP1	TFF	FALSE	148	29.202971	0.389685603971318	0.0952	0.7745	FALSE	TRUE	
sugarcane	SoffiXsponR570.01Dg060600	AP2-EREBP	TFF	FALSE	9	5.781881	0.444444444444444			FALSE	FALSE	
sugarcane	SoffiXsponR570.01Dg064900	Jumonji	OTR	FALSE	89	5.905868	0.850868232890705	0.1181	0.6977	FALSE	TRUE	
sugarcane	SoffiXsponR570.01Dg065900	FHA	TFF	FALSE	10845	3282.886238	0.774778301062947	-0.0022	0.9967	FALSE	TRUE	
sugarcane	SoffiXsponR570.01Dg069900	GRAS	TFF	FALSE	1186	85.901501	0.97723938210202			FALSE	FALSE	
sugarcane	SoffiXsponR570.01Dg084800	ARF	TFF	FALSE	594	61.751436	0.703181335559076	-0.3137	0.1329	FALSE	TRUE	
sugarcane	SoffiXsponR570.01Dg093500	FHA	TFF	FALSE	1	0.032781		-0.2977	0.1632	FALSE	TRUE	
sugarcane	SoffiXsponR570.01Dg096300	ARR-B	TFF	FALSE	10	2.460845	0.0666666666666667			FALSE	FALSE	
sugarcane	SoffiXsponR570.01Dg096700	SAP	TFF	FALSE	32	3.398954	0.481854838709677	-0.2393	0.31	FALSE	TRUE	
sugarcane	SoffiXsponR570.01Dg102300	MYB-related	TFF	TRUE	91	11.226998	0.373137973137973			FALSE	FALSE	
sugarcane	SoffiXsponR570.01Dg102400	MYB-related	TFF	TRUE	53	15.117024	0.109579100145138	-0.1459	0.596	FALSE	TRUE	
sugarcane	SoffiXsponR570.01Dg104200	E2F-DP	TFF	FALSE	10	2.460845	0.0666666666666667			FALSE	FALSE	
sugarcane	SoffiXsponR570.01Dg107400	TFIID	TFF	FALSE	90	24.324717	0.125842696629213			FALSE	FALSE	
sugarcane	SoffiXsponR570.01Dg109500	HSF	TFF	FALSE	21	3.4509	0.319047619047619			FALSE	FALSE	
sugarcane	SoffiXsponR570.01Dg115300	SET	OTR	FALSE	202	21.447079	0.53982562435348			FALSE	FALSE	
sugarcane	SoffiXsponR570.01Dg116600	C2C2-Dof	TFF	FALSE	5	1.326253	0.3			FALSE	FALSE	
sugarcane	SoffiXsponR570.01Dg121700	Tify	TFF	FALSE	16	3.076513	0.00833333333333333			FALSE	FALSE	
sugarcane	SoffiXsponR570.01Dg121800	Tify	TFF	FALSE	7	0.575153	0.714285714285714			FALSE	FALSE	
sugarcane	SoffiXsponR570.01Dg122300	Tify	TFF	FALSE	2	0.16065	1			FALSE	FALSE	
sugarcane	SoffiXsponR570.01Dg122400	Tify	TFF	FALSE	29	6.177999	0.660098522167488	0.3647	0.06263	FALSE	TRUE	
sugarcane	SoffiXsponR570.01Dg122700	SAP	TFF	FALSE	86	7.950955	0.207113543091655			FALSE	FALSE	
sugarcane	SoffiXsponR570.01Dg126600	TIG	TFF	FALSE	8176	1904.341581	0.820962853911201	-0.0462	0.9121	FALSE	TRUE	
sugarcane	SoffiXsponR570.01Dg127500	GRAS	TFF	FALSE	14642	5946.584852	0.549869064520011	0.0685	0.8567	FALSE	TRUE	
sugarcane	SoffiXsponR570.01Dg141900	bHLH	TFF	FALSE	24	5.914547	0.0181159420289855			FALSE	FALSE	
sugarcane	SoffiXsponR570.01Dg142000	bHLH	TFF	FALSE	231	57.212161	0.0172030867683042			FALSE	FALSE	
sugarcane	SoffiXsponR570.01Dg147300	zf-C5HC2	TFF	FALSE	4	0.625878	0.666666666666667	0.5501	0.0009981	FALSE	TRUE	
sugarcane	SoffiXsponR570.01Dg150600	bHLH	TFF	FALSE	2628	282.961891	0.880511709857649			FALSE	FALSE	
sugarcane	SoffiXsponR570.01Dg151200	PLATZ	TFF	FALSE	16	2.48915	0.508333333333333	0.0601	0.8789	FALSE	TRUE	
sugarcane	SoffiXsponR570.01Dg152800	MED26	OTR	FALSE	12582	4653.097924	0.657623527218082			FALSE	FALSE	
sugarcane	SoffiXsponR570.01Dg153000	MED26	OTR	FALSE	12669	4739.881501	0.637380668306087	0.0625	0.8729	FALSE	TRUE	
sugarcane	SoffiXsponR570.01Dg153600	NAC	TFF	FALSE	366	45.030015	0.668523093045887			FALSE	FALSE	
sugarcane	SoffiXsponR570.01Dg153900	NAC	TFF	FALSE	10949	3330.753882	0.741236188789469			FALSE	FALSE	
sugarcane	SoffiXsponR570.01Dg156500	zf-LSD1	TFF	FALSE	1	0.050115				FALSE	FALSE	
sugarcane	SoffiXsponR570.01Dg158100	MYB-related	TFF	TRUE	22	2.318859	0.606060606060606			FALSE	FALSE	
sugarcane	SoffiXsponR570.01Dg158700	AP2-EREBP	TFF	FALSE	4	0.422826	0.833333333333333			FALSE	FALSE	
sugarcane	SoffiXsponR570.01Dg159600	MYB-related	TFF	TRUE	532	71.626228	0.560249493790975			FALSE	FALSE	
sugarcane	SoffiXsponR570.01Dg161700	C2C2-GATA	TFF	FALSE	1362	275.551021	0.662402720639247			FALSE	FALSE	
sugarcane	SoffiXsponR570.01Dg161800	Not1	TFF	FALSE	24	4.899785	0.561594202898551	0.3351	0.09837	FALSE	TRUE	
sugarcane	SoffiXsponR570.01Dg161900	bHLH	TFF	FALSE	3	0.531191	0			FALSE	FALSE	
sugarcane	SoffiXsponR570.01Dg178200	HB	TFF	FALSE	1	0.279415				FALSE	FALSE	
sugarcane	SoffiXsponR570.01Dg179800	SWI/SNF-SWI3	OTR	FALSE	9925	2821.611331	0.80605652835606	-0.055	0.8925	FALSE	TRUE	
sugarcane	SoffiXsponR570.01Dg179900	NAC	TFF	FALSE	5	1.64024	0.4			FALSE	FALSE	
sugarcane	SoffiXsponR570.01Dg180000	bZIP	TFF	FALSE	434	55.748684	0.588637839103458	0.1838	0.4874	FALSE	TRUE	
sugarcane	SoffiXsponR570.01Dg188400	GNAT	OTR	FALSE	313	43.397594	0.38219873842877	0.4908	0.004886	FALSE	TRUE	
sugarcane	SoffiXsponR570.01Dg191900	C2H2	TFF	FALSE	450	95.952426	0.39290274684484			FALSE	FALSE	
sugarcane	SoffiXsponR570.01Dg192000	C2H2	TFF	FALSE	48	15.381011	0.386524822695035			FALSE	FALSE	
sugarcane	SoffiXsponR570.01Dg194400	WRKY	TFF	FALSE	2	0.054667	1			FALSE	FALSE	
sugarcane	SoffiXsponR570.01Dg195500	C2H2	TFF	FALSE	53	15.117024	0.109579100145138			FALSE	FALSE	
sugarcane	SoffiXsponR570.01Dg195700	MYB-related	TFF	TRUE	1799	234.024937	0.711896548632567			FALSE	FALSE	
sugarcane	SoffiXsponR570.01Dg199600	CCAAT	TFF	FALSE	183	23.721926	0.703116555575572	0.2916	0.1764	FALSE	TRUE	
sugarcane	SoffiXsponR570.01Dg201100	CCAAT	TFF	FALSE	360	49.19002	0.346285979572888			FALSE	FALSE	
sugarcane	SoffiXsponR570.01Dg203000	Tify	TFF	FALSE	7	1.529495	0.285714285714286	-0.0124	0.9801	FALSE	TRUE	
sugarcane	SoffiXsponR570.01Dg209700	bHLH	TFF	FALSE	68	16.460075	0.488147497805092			FALSE	FALSE	
sugarcane	SoffiXsponR570.01Dg210300	Jumonji	OTR	FALSE	8973	2269.167704	0.850163036789568	-0.0753	0.8383	FALSE	TRUE	
sugarcane	SoffiXsponR570.01Dg210500	zf-LSD1	TFF	FALSE	14716	6214.518374	0.578110741766851			FALSE	FALSE	
sugarcane	SoffiXsponR570.01Dg211400	TIG	TFF	FALSE	411	53.142981	0.480208889680138			FALSE	FALSE	
sugarcane	SoffiXsponR570.01Dg214100	SAP	TFF	FALSE	9030	2216.835353	0.756675910904533	-0.2854	0.19	FALSE	TRUE	
sugarcane	SoffiXsponR570.01Dg215500	MYB	TFF	TRUE	2045	502.831091	0.513864181168331			FALSE	FALSE	
sugarcane	SoffiXsponR570.01Dg220800	HSF	TFF	FALSE	3	0.438084	0.666666666666667			FALSE	FALSE	
sugarcane	SoffiXsponR570.01Dg221600	MED26	OTR	FALSE	202	28.609845	0.264518989212354	0.8416	3.076e-11	TRUE	TRUE	ortholog_not_correlated
sugarcane	SoffiXsponR570.01Dg223400	MYB-related	TFF	TRUE	3	0.387074	0.666666666666667	-0.193	0.456	FALSE	TRUE	
sugarcane	SoffiXsponR570.01Dg223600	mTERF	OTR	FALSE	162	25.348799	0.604478184188329			FALSE	FALSE	
sugarcane	SoffiXsponR570.01Dg231000	TUB	TFF	FALSE	8	0.754527	0.535714285714286			FALSE	FALSE	
sugarcane	SoffiXsponR570.01Dg232900	Jumonji	OTR	FALSE	27	1.885993	0.413105413105413	0.2921	0.1753	FALSE	TRUE	
sugarcane	SoffiXsponR570.01Dg238300	OFP	TFF	FALSE	1	0.028819				FALSE	FALSE	
sugarcane	SoffiXsponR570.01Dg239400	WRKY	TFF	FALSE	99	12.265303	0.38857967429396			FALSE	FALSE	
sugarcane	SoffiXsponR570.01Dg242200	MYB-related	TFF	TRUE	368	35.957269	0.855467361687004			FALSE	FALSE	
sugarcane	SoffiXsponR570.01Dg243900	NAC	TFF	FALSE	346	67.725313	0.204607522828181			FALSE	FALSE	
sugarcane	SoffiXsponR570.01Dg244800	MYB-related	TFF	TRUE	2	1.525058	1	-0.6105	0.0001292	TRUE	TRUE	ortholog_not_correlated
sugarcane	SoffiXsponR570.01Dg245300	EIL	TFF	FALSE	2	0.598944	1	-0.4285	0.01943	FALSE	TRUE	
sugarcane	SoffiXsponR570.01Dg246700	WRKY	TFF	FALSE	6	0.618639	0.666666666666667			FALSE	FALSE	
sugarcane	SoffiXsponR570.01Dg248300	bZIP	TFF	FALSE	220	31.795503	0.301494396014944			FALSE	FALSE	
sugarcane	SoffiXsponR570.01Dg249200	MYB	TFF	TRUE	2	0.407284	0			FALSE	FALSE	
sugarcane	SoffiXsponR570.01Dg249400	MYB	TFF	TRUE	3	0.165203	0.333333333333333			FALSE	FALSE	
sugarcane	SoffiXsponR570.01Dg252500	PAS	TFF	FALSE	1	0.166498		0.2946	0.17	FALSE	TRUE	
sugarcane	SoffiXsponR570.01Dg253500	SET	OTR	FALSE	180	15.94972	0.676536312849162	0.2733	0.2182	FALSE	TRUE	
sugarcane	SoffiXsponR570.01Dg255900	PHD	OTR	FALSE	1	0.2601				FALSE	FALSE	
sugarcane	SoffiXsponR570.01Dg256000	MYB	TFF	TRUE	30	3.337354	0.280459770114943			FALSE	FALSE	
sugarcane	SoffiXsponR570.01Dg257500	C3H	TFF	FALSE	5	0.407569	0.4			FALSE	FALSE	
sugarcane	SoffiXsponR570.01Dg262500	MYB	TFF	TRUE	6	3.597059	0.666666666666667			FALSE	FALSE	
sugarcane	SoffiXsponR570.01Dg269000	Pseudo_ARR-B	OTR	FALSE	56	5.81012	0.18961038961039	0.0163	0.9734	FALSE	TRUE	
sugarcane	SoffiXsponR570.01Dg276400	C2C2-Dof	TFF	FALSE	232	27.714812	0.323816987610091	-0.3091	0.1412	FALSE	TRUE	
sugarcane	SoffiXsponR570.01Dg277700	GRAS	TFF	FALSE	239	41.303587	0.26549699377659	0.3714	0.05578	FALSE	TRUE	
sugarcane	SoffiXsponR570.01Dg279000	Sigma70-like	TFF	FALSE	20	1.847689	0.4	0.0058	0.9913	FALSE	TRUE	
sugarcane	SoffiXsponR570.01Dg281000	LIM	TFF	FALSE	1	0.037734				FALSE	FALSE	
sugarcane	SoffiXsponR570.01Dg282100	LIM	TFF	FALSE	19	1.676733	0.391812865497076			FALSE	FALSE	
sugarcane	SoffiXsponR570.01Dg289400	FAR1	TFF	FALSE	8	0.872396	0.357142857142857	0.4937	0.004544	FALSE	TRUE	
sugarcane	SoffiXsponR570.01Dg289900	Top	TFF	FALSE	12848	4616.706658	0.65419234770056	0.084	0.8129	FALSE	TRUE	
sugarcane	SoffiXsponR570.01Dg291600	CCAAT	TFF	FALSE	256	55.264747	0.419301470588235			FALSE	FALSE	
sugarcane	SoffiXsponR570.01Dg296900	MYB-related	TFF	TRUE	3	0.176593	0.333333333333333			FALSE	FALSE	
sugarcane	SoffiXsponR570.01Dg302100	bHLH	TFF	FALSE	86	12.246238	0.170725034199726			FALSE	FALSE	
sugarcane	SoffiXsponR570.01Dg303700	AP2-EREBP	TFF	FALSE	21	6.156933	0.180952380952381			FALSE	FALSE	
sugarcane	SoffiXsponR570.01Dg306500	HSF	TFF	FALSE	7671	1698.190835	0.883008169918811	0.0417	0.9214	FALSE	TRUE	
sugarcane	SoffiXsponR570.01Dg306800	ARR-B;MYB-related	TFF	TRUE	2	0.150745	0			FALSE	FALSE	
sugarcane	SoffiXsponR570.01Dg311500	C2C2-YABBY	TFF	FALSE	1	0.011981				FALSE	FALSE	
sugarcane	SoffiXsponR570.01Dg314300	MYB-related	TFF	TRUE	7	0.93916	0.476190476190476			FALSE	FALSE	
sugarcane	SoffiXsponR570.01Dg314400	ABI3VP1	TFF	FALSE	4	0.528809	0.166666666666667			FALSE	FALSE	
sugarcane	SoffiXsponR570.01Dg326000	GNAT	OTR	FALSE	59	4.865968	0.459964932787843			FALSE	FALSE	
sugarcane	SoffiXsponR570.01Dg326700	GRAS	TFF	FALSE	547	56.397304	0.700959613208242	0.3781	0.04992	FALSE	TRUE	
sugarcane	SoffiXsponR570.01Dg328100	AP2-EREBP	TFF	FALSE	25	2.591036	0.303333333333333			FALSE	FALSE	
sugarcane	SoffiXsponR570.01Dg328800	TIG	TFF	FALSE	11	1.505608	0.2	-0.1042	0.7444	FALSE	TRUE	
sugarcane	SoffiXsponR570.01Dg331900	MADS	TFF	FALSE	2618	310.291181	0.883031351978732	0.1716	0.5305	FALSE	TRUE	
sugarcane	SoffiXsponR570.01Dg333700	AP2-EREBP	TFF	FALSE	1	0.278919				FALSE	FALSE	
sugarcane	SoffiXsponR570.01Dg333900	AP2-EREBP	TFF	FALSE	5	0.647269	0.9			FALSE	FALSE	
sugarcane	SoffiXsponR570.01Dg335100	Tify	TFF	FALSE	110	23.113757	0.328106755629691			FALSE	FALSE	
sugarcane	SoffiXsponR570.01Dg335200	Tify	TFF	FALSE	36	4.901916	0.355555555555556			FALSE	FALSE	
sugarcane	SoffiXsponR570.01Dg337300	GNAT	OTR	FALSE	112	13.198099	0.503056628056628			FALSE	FALSE	
sugarcane	SoffiXsponR570.01Dg337700	AP2-EREBP	TFF	FALSE	66	16.253862	0.112820512820513			FALSE	FALSE	
sugarcane	SoffiXsponR570.01Dg338400	CCAAT	TFF	FALSE	178	24.966503	0.209356947882943	-0.4348	0.01712	FALSE	TRUE	
sugarcane	SoffiXsponR570.01Dg340400	bHLH	TFF	FALSE	313	41.306658	0.931227983943639			FALSE	FALSE	
sugarcane	SoffiXsponR570.01Dg342100	C2C2-Dof	TFF	FALSE	39	5.523242	0.326585695006748			FALSE	FALSE	
sugarcane	SoffiXsponR570.01Dg343300	SET	OTR	FALSE	4	0.324272	1			FALSE	FALSE	
sugarcane	SoffiXsponR570.01Dg346200	HB	TFF	FALSE	84	9.029415	0.333333333333333	-0.3113	0.1373	FALSE	TRUE	
sugarcane	SoffiXsponR570.01Dg348100	HSF	TFF	FALSE	166	18.358264	0.45206279664111			FALSE	FALSE	
sugarcane	SoffiXsponR570.01Dg354400	Top	TFF	FALSE	2	0.379055	0			FALSE	FALSE	
sugarcane	SoffiXsponR570.01Dg355200	AP2-EREBP	TFF	FALSE	32	6.415013	0.0766129032258065			FALSE	FALSE	
sugarcane	SoffiXsponR570.01Dg365400	MYB-related	TFF	TRUE	834	96.388094	0.70415792216167	-0.3234	0.1162	FALSE	TRUE	
sugarcane	SoffiXsponR570.01Dg366400	bHLH	TFF	FALSE	1029	147.689025	0.540731245249629			FALSE	FALSE	
sugarcane	SoffiXsponR570.01Dg368300	NAC	TFF	FALSE	3	0.381131	0			FALSE	FALSE	
sugarcane	SoffiXsponR570.01Dg369900	RWP-RK	TFF	FALSE	3	0.145888	0	-0.4664	0.00861	FALSE	TRUE	
sugarcane	SoffiXsponR570.01Dg372000	MYB-related	TFF	TRUE	4	0.369835	0.166666666666667			FALSE	FALSE	
sugarcane	SoffiXsponR570.01Dg374900	FHA	TFF	FALSE	17	1.936548	0.404411764705882			FALSE	FALSE	
sugarcane	SoffiXsponR570.01Dg375000	bZIP	TFF	FALSE	386	39.18948	0.757136128120584			FALSE	FALSE	
sugarcane	SoffiXsponR570.01Dg375900	OFP	TFF	FALSE	10	2.987294	0.4			FALSE	FALSE	
sugarcane	SoffiXsponR570.01Dg377800	HB	TFF	FALSE	795	89.024017	0.750968743564153	0.2091	0.4074	FALSE	TRUE	
sugarcane	SoffiXsponR570.01Dg378100	HB	TFF	FALSE	1118	177.272186	0.498878128388237			FALSE	FALSE	
sugarcane	SoffiXsponR570.01Dg378200	Top	TFF	FALSE	9034	2272.621416	0.759200056095206	0.1993	0.4351	FALSE	TRUE	
sugarcane	SoffiXsponR570.01Dg378800	MADS	TFF	FALSE	30	2.934717	0.754022988505747			FALSE	FALSE	
sugarcane	SoffiXsponR570.01Dg379500	bHLH	TFF	FALSE	1	0.018914				FALSE	FALSE	
sugarcane	SoffiXsponR570.01Dg381400	NAC	TFF	FALSE	7	0.872301	0.666666666666667			FALSE	FALSE	
sugarcane	SoffiXsponR570.01Dg383300	AP2-EREBP	TFF	FALSE	55	14.432781	0.133333333333333			FALSE	FALSE	
sugarcane	SoffiXsponR570.01Dg387100	Trihelix	TFF	FALSE	81	7.943052	0.585493827160494			FALSE	FALSE	
sugarcane	SoffiXsponR570.01Dg387800	SWI/SNF-BAF60b	OTR	FALSE	603	72.163387	0.637201588954453	0.0022	0.9964	FALSE	TRUE	
sugarcane	SoffiXsponR570.01Dg396000	Not1	TFF	FALSE	1139	182.77985	0.56448708591849	0.2131	0.3942	FALSE	TRUE	
sugarcane	SoffiXsponR570.01Eg001400	AP2-EREBP	TFF	FALSE	1	0.187794				FALSE	FALSE	
sugarcane	SoffiXsponR570.01Eg002100	Sigma70-like	TFF	FALSE	778	163.708219	0.433845156210195	0.1309	0.6509	FALSE	TRUE	
sugarcane	SoffiXsponR570.01Eg006600	HSF	TFF	FALSE	9677	2640.775823	0.800543585082155	0.0058	0.9916	FALSE	TRUE	
sugarcane	SoffiXsponR570.01Eg020200	mTERF	OTR	FALSE	288	41.841626	0.668505613627565			FALSE	FALSE	
sugarcane	SoffiXsponR570.01Eg020800	mTERF	OTR	FALSE	178	22.457579	0.658795150130134			FALSE	FALSE	
sugarcane	SoffiXsponR570.01Eg020900	C2H2	TFF	FALSE	2	0.421646	1			FALSE	FALSE	
sugarcane	SoffiXsponR570.01Eg027700	SBP	TFF	FALSE	3338	364.872511	0.947268968783828	-0.0779	0.8307	FALSE	TRUE	
sugarcane	SoffiXsponR570.01Eg030100	C3H	TFF	FALSE	11395	3693.741961	0.720792734573203	-0.0147	0.9765	FALSE	TRUE	
sugarcane	SoffiXsponR570.01Eg034700	mTERF	OTR	FALSE	12130	4151.668744	0.69374554672201			FALSE	FALSE	
sugarcane	SoffiXsponR570.01Eg034900	mTERF	OTR	FALSE	11519	3723.00951	0.704586777749637			FALSE	FALSE	
sugarcane	SoffiXsponR570.01Eg036300	C2H2	TFF	FALSE	14	1.74064	0.857142857142857	0.4775	0.006685	FALSE	TRUE	
sugarcane	SoffiXsponR570.01Eg040400	TFIIS	TFF	FALSE	5370	876.851571	0.836788751758925	-0.337	0.09579	FALSE	TRUE	
sugarcane	SoffiXsponR570.01Eg040500	AP2-EREBP	TFF	FALSE	15489	6935.213292	0.542414406398249	-0.023	0.9599	FALSE	TRUE	
sugarcane	SoffiXsponR570.01Eg041000	NAC	TFF	FALSE	6	0.611706	0.2			FALSE	FALSE	
sugarcane	SoffiXsponR570.01Eg044700	mTERF	OTR	FALSE	194	65.992851	0.265584103413279			FALSE	FALSE	
sugarcane	SoffiXsponR570.01Eg044900	bZIP	TFF	FALSE	13361	5167.577749	0.633950484630619	0.0423	0.9203	FALSE	TRUE	
sugarcane	SoffiXsponR570.01Eg051000	DDT	OTR	FALSE	506	102.168154	0.258591946151137	-0.5362	0.001506	FALSE	TRUE	
sugarcane	SoffiXsponR570.01Eg054400	FHA	TFF	FALSE	9797	2747.58936	0.763618149121324	-0.1961	0.4453	FALSE	TRUE	
sugarcane	SoffiXsponR570.01Eg056400	WRKY	TFF	FALSE	1	0.261586				FALSE	FALSE	
sugarcane	SoffiXsponR570.01Eg058700	bHLH	TFF	FALSE	2	0.195318	1			FALSE	FALSE	
sugarcane	SoffiXsponR570.01Eg059300	bZIP	TFF	FALSE	1931	171.855183	0.973429429300505	0.219	0.3742	FALSE	TRUE	
sugarcane	SoffiXsponR570.01Eg060200	HSF	TFF	FALSE	4864	709.858969	0.940042865298657			FALSE	FALSE	
sugarcane	SoffiXsponR570.01Eg062400	GNAT	OTR	FALSE	6	0.325948	0.133333333333333	0.2486	0.2835	FALSE	TRUE	
sugarcane	SoffiXsponR570.01Eg062900	GNAT	OTR	FALSE	7	0.324557	0			FALSE	FALSE	
sugarcane	SoffiXsponR570.01Eg064400	TRAF	OTR	FALSE	11519	3693.073277	0.741532086903959	0.036	0.9331	FALSE	TRUE	
sugarcane	SoffiXsponR570.01Eg065600	C2C2-GATA	TFF	FALSE	16	2.003312	0.525			FALSE	FALSE	
sugarcane	SoffiXsponR570.01Eg069100	TCP	TFF	FALSE	2	0.145793	1			FALSE	FALSE	
sugarcane	SoffiXsponR570.01Eg069500	mTERF	OTR	FALSE	13	1.801956	0.41025641025641	0.3334	0.101	FALSE	TRUE	
sugarcane	SoffiXsponR570.01Eg071800	bHLH	TFF	FALSE	8	0.781271	0.464285714285714			FALSE	FALSE	
sugarcane	SoffiXsponR570.01Eg072700	GeBP	TFF	FALSE	2	0.377074	0			FALSE	FALSE	
sugarcane	SoffiXsponR570.01Eg074400	FAR1	TFF	FALSE	2830	287.764192	0.962401028219838	0.1103	0.7247	FALSE	TRUE	
sugarcane	SoffiXsponR570.01Eg074900	NAC	TFF	FALSE	1	0.034267				FALSE	FALSE	
sugarcane	SoffiXsponR570.01Eg078900	HB	TFF	FALSE	510	109.408559	0.811510458800416			FALSE	FALSE	
sugarcane	SoffiXsponR570.01Eg079100	MYB	TFF	TRUE	14	2.667249	0.021978021978022	-0.1459	0.596	FALSE	TRUE	
sugarcane	SoffiXsponR570.01Eg079500	AP2-EREBP	TFF	FALSE	18	4.112761	0.261437908496732			FALSE	FALSE	
sugarcane	SoffiXsponR570.01Eg079700	bZIP	TFF	FALSE	354	29.526138	0.000208063251228373	0.0352	0.9344	FALSE	TRUE	
sugarcane	SoffiXsponR570.01Eg080400	TRAF	OTR	FALSE	1342	243.146553	0.311677674533874	-0.5087	0.003114	FALSE	TRUE	
sugarcane	SoffiXsponR570.01Eg083000	C2C2-Dof	TFF	FALSE	85	23.776993	0.0893557422969188	0.2021	0.4262	FALSE	TRUE	
sugarcane	SoffiXsponR570.01Eg083200	MYB-related	TFF	TRUE	8	1.881711	0.928571428571429			FALSE	FALSE	
sugarcane	SoffiXsponR570.01Eg083300	SWI/SNF-BAF60b	OTR	FALSE	5988	1061.703047	0.892252407493011			FALSE	FALSE	
sugarcane	SoffiXsponR570.01Eg083700	C2H2	TFF	FALSE	146	31.574027	0.309116674539443	0.525	0.002046	FALSE	TRUE	
sugarcane	SoffiXsponR570.01Eg085500	SWI/SNF-BAF60b	OTR	FALSE	4	0.363397	0.333333333333333			FALSE	FALSE	
sugarcane	SoffiXsponR570.01Eg088000	WRKY	TFF	FALSE	17	2.108894	0.463235294117647			FALSE	FALSE	
sugarcane	SoffiXsponR570.01Eg090900	MADS	TFF	FALSE	203	24.177474	0.579524947568649			FALSE	FALSE	
sugarcane	SoffiXsponR570.01Eg091000	MADS	TFF	FALSE	1	0.261091				FALSE	FALSE	
sugarcane	SoffiXsponR570.01Eg091800	PAS	TFF	FALSE	351	38.367509	0.599088319088319	-0.1921	0.4588	FALSE	TRUE	
sugarcane	SoffiXsponR570.01Eg092700	MYB-related	TFF	TRUE	47	2.876903	0.895467160037003	-0.1963	0.4446	FALSE	TRUE	
sugarcane	SoffiXsponR570.01Eg095600	PHD	OTR	FALSE	82	8.690475	0.735922914784703	-0.1921	0.459	FALSE	TRUE	
sugarcane	SoffiXsponR570.01Eg097000	Top	TFF	FALSE	3638	444.876583	0.949068753539873	-0.0974	0.7674	FALSE	TRUE	
sugarcane	SoffiXsponR570.01Eg097800	HSF	TFF	FALSE	1	0.431951				FALSE	FALSE	
sugarcane	SoffiXsponR570.01Eg100000	WRKY	TFF	FALSE	1	0.09964				FALSE	FALSE	
sugarcane	SoffiXsponR570.01Eg100100	bHLH	TFF	FALSE	116	28.150995	0.281259370314843	0.4391	0.01568	FALSE	TRUE	
sugarcane	SoffiXsponR570.01Eg104400	C2C2-GATA	TFF	FALSE	214	32.972136	0.39173357904436			FALSE	FALSE	
sugarcane	SoffiXsponR570.01Eg106100	HB	TFF	FALSE	3	1.014057	0.666666666666667			FALSE	FALSE	
sugarcane	SoffiXsponR570.01Eg108800	GRF	TFF	FALSE	567	107.401291	0.85931784047214			FALSE	FALSE	
sugarcane	SoffiXsponR570.01Eg110500	HB	TFF	FALSE	15186	6625.917209	0.555664821518841			FALSE	FALSE	
sugarcane	SoffiXsponR570.01Eg110700	HB	TFF	FALSE	9	3.419055	0.361111111111111			FALSE	FALSE	
sugarcane	SoffiXsponR570.01Eg111900	bHLH	TFF	FALSE	18	1.747459	0.601307189542484	-0.0943	0.7776	FALSE	TRUE	
sugarcane	SoffiXsponR570.01Eg114300	MYB-related	TFF	TRUE	87	5.952231	0.896017107725207			FALSE	FALSE	
sugarcane	SoffiXsponR570.01Eg116300	PAS	TFF	FALSE	823	90.437144	0.702341147011261	0.1753	0.5169	FALSE	TRUE	
sugarcane	SoffiXsponR570.01Eg116500	MYB-related	TFF	TRUE	32	6.415013	0.0766129032258065			FALSE	FALSE	
sugarcane	SoffiXsponR570.01Eg117400	zf-HD	TFF	FALSE	54	9.818959	0.642208245981831			FALSE	FALSE	
sugarcane	SoffiXsponR570.01Eg118600	PHD	OTR	FALSE	12	1.180325	0.590909090909091			FALSE	FALSE	
sugarcane	SoffiXsponR570.01Eg122600	C2C2-CO-like	TFF	FALSE	169	26.219615	0.492040011270781	0.6012	0.0001822	TRUE	TRUE	ortholog_not_correlated
sugarcane	SoffiXsponR570.01Eg125300	GRAS	TFF	FALSE	70	10.210735	0.280331262939959	0.5746	0.0004674	FALSE	TRUE	
sugarcane	SoffiXsponR570.01Eg130600	GNAT	OTR	FALSE	2961	324.891491	0.909363390746369	-0.2521	0.2738	FALSE	TRUE	
sugarcane	SoffiXsponR570.01Eg131600	C3H	TFF	FALSE	1	0.025848				FALSE	FALSE	
sugarcane	SoffiXsponR570.01Eg132600	CCAAT	TFF	FALSE	16	1.885938	0.241666666666667			FALSE	FALSE	
sugarcane	SoffiXsponR570.01Eg136500	C3H	TFF	FALSE	541	80.223592	0.867186965153693	0.0524	0.8979	FALSE	TRUE	
sugarcane	SoffiXsponR570.01Eg139300	C2C2-GATA	TFF	FALSE	89	9.679655	0.544943820224719			FALSE	FALSE	
sugarcane	SoffiXsponR570.01Eg141200	HB	TFF	FALSE	26	2.712466	0.372307692307692	-0.4367	0.01644	FALSE	TRUE	
sugarcane	SoffiXsponR570.01Eg141300	HB	TFF	FALSE	2	0.311701	0			FALSE	FALSE	
sugarcane	SoffiXsponR570.01Eg141800	WRKY	TFF	FALSE	208	33.937794	0.384383128948346			FALSE	FALSE	
sugarcane	SoffiXsponR570.01Eg144500	HB	TFF	FALSE	216	36.261266	0.351464254952627	0.1471	0.596	FALSE	TRUE	
sugarcane	SoffiXsponR570.01Eg145100	bHLH	TFF	FALSE	323	70.286528	0.306020806491933	0.1432	0.6057	FALSE	TRUE	
sugarcane	SoffiXsponR570.01Eg145400	bHLH	TFF	FALSE	92	35.109915	0.314859053989489	0.1459	0.596	FALSE	TRUE	
sugarcane	SoffiXsponR570.01Eg147300	MYB-related	TFF	TRUE	1	0.096173				FALSE	FALSE	
sugarcane	SoffiXsponR570.01Eg152200	WRKY	TFF	FALSE	25	10.728449	0.543333333333333	0.0179	0.9707	FALSE	TRUE	
sugarcane	SoffiXsponR570.01Eg152300	WRKY	TFF	FALSE	4	0.175203	0.5			FALSE	FALSE	
sugarcane	SoffiXsponR570.01Eg154700	NOT2_3_5	OTR	FALSE	119	12.626753	0.544509329155391	-0.017	0.9724	FALSE	TRUE	
sugarcane	SoffiXsponR570.01Eg156200	C2C2-YABBY	TFF	FALSE	151	18.238969	0.389139072847682	0.1302	0.6537	FALSE	TRUE	
sugarcane	SoffiXsponR570.01Eg157900	CCAAT	TFF	FALSE	233	45.577499	0.299430220512062	-0.8741	5.395e-13	TRUE	TRUE	ortholog_not_correlated
sugarcane	SoffiXsponR570.01Eg160300	MYB-related	TFF	TRUE	5449	868.105083	0.848949705573157			FALSE	FALSE	
sugarcane	SoffiXsponR570.01Eg162100	zf-LSD1	TFF	FALSE	12	1.532941	0.590909090909091	0.1059	0.7387	FALSE	TRUE	
sugarcane	SoffiXsponR570.01Eg162400	bHLH	TFF	FALSE	7	1.148649	0.476190476190476	0.173	0.5254	FALSE	TRUE	
sugarcane	SoffiXsponR570.01Eg164900	AUX/IAA	OTR	FALSE	1890	520.083167	0.551851011565146	0.1425	0.6082	FALSE	TRUE	
sugarcane	SoffiXsponR570.01Eg165200	AUX/IAA	OTR	FALSE	585	82.321186	0.448425242945791	-0.1397	0.6184	FALSE	TRUE	
sugarcane	SoffiXsponR570.01Eg165800	WRKY	TFF	FALSE	6	0.623592	0.266666666666667	-0.0173	0.972	FALSE	TRUE	
sugarcane	SoffiXsponR570.01Eg166800	LIM	TFF	FALSE	8	0.515818	0.107142857142857	-0.2961	0.1667	FALSE	TRUE	
sugarcane	SoffiXsponR570.01Eg167700	NAC	TFF	FALSE	4	0.18907	0.5			FALSE	FALSE	
sugarcane	SoffiXsponR570.01Eg168200	ABI3VP1	TFF	FALSE	1	0.082306				FALSE	FALSE	
sugarcane	SoffiXsponR570.01Eg168400	ABI3VP1	TFF	FALSE	232	26.712431	0.0171667413046723			FALSE	FALSE	
sugarcane	SoffiXsponR570.01Eg168500	ABI3VP1	TFF	FALSE	3	0.440065	0			FALSE	FALSE	
sugarcane	SoffiXsponR570.01Eg168900	ABI3VP1	TFF	FALSE	4	0.344577	0.5			FALSE	FALSE	
sugarcane	SoffiXsponR570.01Eg169000	ABI3VP1	TFF	FALSE	132	42.855923	0.174068933610918			FALSE	FALSE	
sugarcane	SoffiXsponR570.01Eg169500	ABI3VP1	TFF	FALSE	12	1.137239	0.681818181818182			FALSE	FALSE	
sugarcane	SoffiXsponR570.01Eg169600	ABI3VP1	TFF	FALSE	1	0.038229				FALSE	FALSE	
sugarcane	SoffiXsponR570.01Eg169900	C2C2-Dof	TFF	FALSE	1	0.156098				FALSE	FALSE	
sugarcane	SoffiXsponR570.01Eg172100	C2H2	TFF	FALSE	54	7.976638	0.53738644304682			FALSE	FALSE	
sugarcane	SoffiXsponR570.01Eg172800	AP2-EREBP	TFF	FALSE	1	0.149165				FALSE	FALSE	
sugarcane	SoffiXsponR570.01Eg179500	mTERF	OTR	FALSE	435	47.636623	0.659017956459558	-0.268	0.2312	FALSE	TRUE	
sugarcane	SoffiXsponR570.01Eg184100	GRAS	TFF	FALSE	6	0.762261	0.933333333333333			FALSE	FALSE	
sugarcane	SoffiXsponR570.01Eg190900	MYB-related	TFF	TRUE	7731	1665.070415	0.858761729921522	-0.0837	0.8137	FALSE	TRUE	
sugarcane	SoffiXsponR570.01Eg195600	Trihelix	TFF	FALSE	76	10.981416	0.296140350877193			FALSE	FALSE	
sugarcane	SoffiXsponR570.01Eg209000	Top	TFF	FALSE	7561	1691.383107	0.761729957894486	0.0819	0.8192	FALSE	TRUE	
sugarcane	SoffiXsponR570.01Eg214100	AP2-EREBP	TFF	FALSE	9	0.90914	0.444444444444444			FALSE	FALSE	
sugarcane	SoffiXsponR570.01Eg215000	MYB-related	TFF	TRUE	40	8.712731	0.501282051282051			FALSE	FALSE	
sugarcane	SoffiXsponR570.01Eg215500	AP2-EREBP	TFF	FALSE	111	7.846358	0.864045864045864			FALSE	FALSE	
sugarcane	SoffiXsponR570.01Eg216800	C2C2-GATA	TFF	FALSE	540	82.131686	0.604445818731533			FALSE	FALSE	
sugarcane	SoffiXsponR570.01Eg216900	Not1	TFF	FALSE	3	0.358349	1			FALSE	FALSE	
sugarcane	SoffiXsponR570.01Eg230200	ABI3VP1	TFF	FALSE	6	2.482256	0.733333333333333			FALSE	FALSE	
sugarcane	SoffiXsponR570.01Eg230800	MADS	TFF	FALSE	634	58.392506	0.843711533382172	0.0253	0.9547	FALSE	TRUE	
sugarcane	SoffiXsponR570.01Eg233400	SWI/SNF-SWI3	OTR	FALSE	1	0.093697		0.1566	0.5864	FALSE	TRUE	
sugarcane	SoffiXsponR570.01Eg233600	bZIP	TFF	FALSE	261	28.991841	0.541968759210139	0.1578	0.5815	FALSE	TRUE	
sugarcane	SoffiXsponR570.01Eg241500	GNAT	OTR	FALSE	442	68.282676	0.268928084054135	0.5557	0.0008504	FALSE	TRUE	
sugarcane	SoffiXsponR570.01Eg245000	C2H2	TFF	FALSE	128	30.782891	0.388902559055118			FALSE	FALSE	
sugarcane	SoffiXsponR570.01Eg245100	C2H2	TFF	FALSE	18	2.857804	0.261437908496732			FALSE	FALSE	
sugarcane	SoffiXsponR570.01Eg249000	C2H2	TFF	FALSE	11	0.833062	0.309090909090909			FALSE	FALSE	
sugarcane	SoffiXsponR570.01Eg249100	MYB-related	TFF	TRUE	21	1.974567	0.366666666666667			FALSE	FALSE	
sugarcane	SoffiXsponR570.01Eg255300	CCAAT	TFF	FALSE	211	37.468699	0.232859399684044			FALSE	FALSE	
sugarcane	SoffiXsponR570.01Eg258400	Tify	TFF	FALSE	13338	5222.690185	0.636109966295481			FALSE	FALSE	
sugarcane	SoffiXsponR570.01Eg265200	bHLH	TFF	FALSE	72	15.805243	0.447965571205008			FALSE	FALSE	
sugarcane	SoffiXsponR570.01Eg265900	Jumonji	OTR	FALSE	19	1.86047	0.590643274853801	-0.2026	0.4249	FALSE	TRUE	
sugarcane	SoffiXsponR570.01Eg266200	zf-LSD1	TFF	FALSE	2	0.103202	1			FALSE	FALSE	
sugarcane	SoffiXsponR570.01Eg266900	TIG	TFF	FALSE	14915	6365.305523	0.561748383210011	0.0827	0.8172	FALSE	TRUE	
sugarcane	SoffiXsponR570.01Eg270200	SAP	TFF	FALSE	1414	129.662946	0.872983840695262	-0.3268	0.1107	FALSE	TRUE	
sugarcane	SoffiXsponR570.01Eg271100	bHLH	TFF	FALSE	13	3.021751	0.551282051282051			FALSE	FALSE	
sugarcane	SoffiXsponR570.01Eg271500	MYB	TFF	TRUE	296	41.546723	0.521117727897389			FALSE	FALSE	
sugarcane	SoffiXsponR570.01Eg274300	MYB	TFF	TRUE	10	2.460845	0.0666666666666667			FALSE	FALSE	
sugarcane	SoffiXsponR570.01Eg277000	HSF	TFF	FALSE	32	8.521796	0.602822580645161			FALSE	FALSE	
sugarcane	SoffiXsponR570.01Eg277900	MED26	OTR	FALSE	5906	1032.875308	0.761895665453666	0.4107	0.02774	FALSE	TRUE	
sugarcane	SoffiXsponR570.01Eg280300	MYB-related	TFF	TRUE	3282	353.967779	0.982224025054415	0.0244	0.9568	FALSE	TRUE	
sugarcane	SoffiXsponR570.01Eg286300	Top	TFF	FALSE	4	1.07903	0.333333333333333			FALSE	FALSE	
sugarcane	SoffiXsponR570.01Eg289900	Jumonji	OTR	FALSE	6540	1195.52982	0.782354473488404	0.1163	0.7037	FALSE	TRUE	
sugarcane	SoffiXsponR570.01Eg295200	OFP	TFF	FALSE	33	12.153542	0.401515151515151			FALSE	FALSE	
sugarcane	SoffiXsponR570.01Eg296400	WRKY	TFF	FALSE	8	0.956093	0.571428571428571			FALSE	FALSE	
sugarcane	SoffiXsponR570.01Eg299600	MYB-related	TFF	TRUE	9029	2303.778949	0.779113017067586			FALSE	FALSE	
sugarcane	SoffiXsponR570.01Eg301200	NAC	TFF	FALSE	162	28.588709	0.320067479487769			FALSE	FALSE	
sugarcane	SoffiXsponR570.01Eg301400	NAC	TFF	FALSE	816	100.788144	0.605055335017443			FALSE	FALSE	
sugarcane	SoffiXsponR570.01Eg303100	EIL	TFF	FALSE	2	0.138364	0			FALSE	FALSE	
sugarcane	SoffiXsponR570.01Eg304500	WRKY	TFF	FALSE	225	18.147944	0.783650793650794			FALSE	FALSE	
sugarcane	SoffiXsponR570.01Eg306100	bZIP	TFF	FALSE	15355	6837.665003	0.549165991087487	-0.005	0.9923	FALSE	TRUE	
sugarcane	SoffiXsponR570.01Eg308200	AP2-EREBP	TFF	FALSE	279	94.715883	0.684381527036435	0.1333	0.6421	FALSE	TRUE	
sugarcane	SoffiXsponR570.01Eg309900	PAS	TFF	FALSE	40	5.619415	0.332051282051282	0.7691	2.679e-08	TRUE	TRUE	ortholog_not_correlated
sugarcane	SoffiXsponR570.01Eg313600	PHD	OTR	FALSE	1	0.2601				FALSE	FALSE	
sugarcane	SoffiXsponR570.01Eg313700	MYB	TFF	TRUE	12	1.279375	0.287878787878788			FALSE	FALSE	
sugarcane	SoffiXsponR570.01Eg314400	PHD	OTR	FALSE	61	5.882406	0.513661202185792	0.2649	0.2389	FALSE	TRUE	
sugarcane	SoffiXsponR570.01Eg319500	MYB	TFF	TRUE	60	11.585583	0.0350282485875706			FALSE	FALSE	
sugarcane	SoffiXsponR570.01Eg330500	C2C2-Dof	TFF	FALSE	10908	3436.52002	0.705942167518301			FALSE	FALSE	
sugarcane	SoffiXsponR570.01Eg331900	GRAS	TFF	FALSE	29	4.194037	0.519704433497537			FALSE	FALSE	
sugarcane	SoffiXsponR570.01Eg333200	Sigma70-like	TFF	FALSE	13	1.645458	0.282051282051282	0.2716	0.222	FALSE	TRUE	
sugarcane	SoffiXsponR570.01Eg335000	LIM	TFF	FALSE	1198	115.294102	0.817760874082814			FALSE	FALSE	
sugarcane	SoffiXsponR570.01Eg336200	LIM	TFF	FALSE	14195	5753.44928	0.595371777477131	-0.0847	0.81	FALSE	TRUE	
sugarcane	SoffiXsponR570.01Eg338700	GRAS	TFF	FALSE	4	0.498104	1			FALSE	FALSE	
sugarcane	SoffiXsponR570.01Eg343400	FAR1	TFF	FALSE	10616	3134.582381	0.763698872044472	0.1881	0.4728	FALSE	TRUE	
sugarcane	SoffiXsponR570.01Eg344100	Top	TFF	FALSE	15114	6606.438219	0.560122276241052	-0.0028	0.9957	FALSE	TRUE	
sugarcane	SoffiXsponR570.01Eg346000	CCAAT	TFF	FALSE	111	20.826798	0.212776412776413			FALSE	FALSE	
sugarcane	SoffiXsponR570.01Eg353900	C2H2	TFF	FALSE	19	2.984187	0.538011695906433			FALSE	FALSE	
sugarcane	SoffiXsponR570.01Eg361500	HSF	TFF	FALSE	3624	427.08992	0.975552775101921			FALSE	FALSE	
sugarcane	SoffiXsponR570.01Eg361800	ARR-B;MYB-related	TFF	TRUE	50	10.589185	0.253877551020408	-0.2318	0.3328	FALSE	TRUE	
sugarcane	SoffiXsponR570.01Eg363500	NAC	TFF	FALSE	14670	6303.593697	0.561543829497659	-0.0974	0.7673	FALSE	TRUE	
sugarcane	SoffiXsponR570.01Eg366300	C2C2-YABBY	TFF	FALSE	1	0.15065				FALSE	FALSE	
sugarcane	SoffiXsponR570.01Eg368900	MYB-related	TFF	TRUE	14356	5897.583622	0.595675755256274	-0.0238	0.9583	FALSE	TRUE	
sugarcane	SoffiXsponR570.01Eg378700	OFP	TFF	FALSE	2	0.325073	1			FALSE	FALSE	
sugarcane	SoffiXsponR570.01Eg378800	C2H2	TFF	FALSE	1	0.023867				FALSE	FALSE	
sugarcane	SoffiXsponR570.01Eg381600	GNAT	OTR	FALSE	5945	1018.474242	0.907778288415455			FALSE	FALSE	
sugarcane	SoffiXsponR570.01Eg382300	GRAS	TFF	FALSE	14637	6150.697714	0.581939256881803	0.0066	0.9904	FALSE	TRUE	
sugarcane	SoffiXsponR570.01Eg384300	TIG	TFF	FALSE	14085	5675.664147	0.60126781276941	-0.0172	0.9721	FALSE	TRUE	
sugarcane	SoffiXsponR570.01Eg385900	bHLH	TFF	FALSE	20	2.289945	0.642105263157895			FALSE	FALSE	
sugarcane	SoffiXsponR570.01Eg387600	MADS	TFF	FALSE	10417	2995.986248	0.736042529588362	0.0571	0.8875	FALSE	TRUE	
sugarcane	SoffiXsponR570.01Eg389600	AP2-EREBP	TFF	FALSE	26	1.908679	0.68			FALSE	FALSE	
sugarcane	SoffiXsponR570.01Eg389700	AP2-EREBP	TFF	FALSE	14	1.172591	0.791208791208791			FALSE	FALSE	
sugarcane	SoffiXsponR570.01Eg389800	AP2-EREBP	TFF	FALSE	15	5.76908	0.380952380952381			FALSE	FALSE	
sugarcane	SoffiXsponR570.01Eg390600	FAR1	TFF	FALSE	8479	2046.377684	0.851675792775685	0.0386	0.9275	FALSE	TRUE	
sugarcane	SoffiXsponR570.01Eg390900	Tify	TFF	FALSE	63	13.627279	0.409626216077829			FALSE	FALSE	
sugarcane	SoffiXsponR570.01Eg391000	Tify	TFF	FALSE	90	13.621921	0.199750312109863			FALSE	FALSE	
sugarcane	SoffiXsponR570.01Eg391100	Tify	TFF	FALSE	9	1.002246	0.444444444444444			FALSE	FALSE	
sugarcane	SoffiXsponR570.01Eg393200	GNAT	OTR	FALSE	100	10.858399	0.482828282828283	0.3899	0.04052	FALSE	TRUE	
sugarcane	SoffiXsponR570.01Eg393400	AP2-EREBP	TFF	FALSE	1	0.177889				FALSE	FALSE	
sugarcane	SoffiXsponR570.01Eg394400	CCAAT	TFF	FALSE	242	35.713022	0.233908302184424	-0.4085	0.0289	FALSE	TRUE	
sugarcane	SoffiXsponR570.01Eg396300	bHLH	TFF	FALSE	1486	353.634632	0.587907790330401	0.1736	0.5228	FALSE	TRUE	
sugarcane	SoffiXsponR570.01Eg396500	bHLH	TFF	FALSE	1	0.218004				FALSE	FALSE	
sugarcane	SoffiXsponR570.01Eg402000	HB	TFF	FALSE	249	30.682961	0.405331001425055	-0.2614	0.2481	FALSE	TRUE	
sugarcane	SoffiXsponR570.01Eg404200	HSF	TFF	FALSE	183	16.371461	0.828439320242599			FALSE	FALSE	
sugarcane	SoffiXsponR570.01Eg410500	Top	TFF	FALSE	758	87.788324	0.674447461337107	-0.2252	0.3539	FALSE	TRUE	
sugarcane	SoffiXsponR570.01Eg410700	Jumonji	OTR	FALSE	15	0.638314	0.980952380952381	-0.1037	0.7462	FALSE	TRUE	
sugarcane	SoffiXsponR570.01Eg413400	C2C2-GATA	TFF	FALSE	8	0.435588	0.964285714285714			FALSE	FALSE	
sugarcane	SoffiXsponR570.01Eg415300	C2C2-GATA	TFF	FALSE	20	10.294137	0.678947368421053			FALSE	FALSE	
sugarcane	SoffiXsponR570.01Eg423200	bHLH	TFF	FALSE	191	20.752686	0.771341967484155			FALSE	FALSE	
sugarcane	SoffiXsponR570.01Eg426600	RWP-RK	TFF	FALSE	14522	6006.672736	0.578347989686844	-0.0827	0.817	FALSE	TRUE	
sugarcane	SoffiXsponR570.01Eg428300	MYB-related	TFF	TRUE	37	15.375508	0.456456456456457			FALSE	FALSE	
sugarcane	SoffiXsponR570.01Eg430700	bZIP	TFF	FALSE	126	13.728354	0.510857142857143			FALSE	FALSE	
sugarcane	SoffiXsponR570.01Eg433900	HB	TFF	FALSE	8836	2121.279685	0.815415431494813	0.0281	0.9497	FALSE	TRUE	
sugarcane	SoffiXsponR570.01Eg434300	Top	TFF	FALSE	14199	5729.05921	0.606103505242592	0.0521	0.8988	FALSE	TRUE	
sugarcane	SoffiXsponR570.01Eg434800	MADS	TFF	FALSE	4	1.005733	0.166666666666667			FALSE	FALSE	
sugarcane	SoffiXsponR570.01Eg435600	bHLH	TFF	FALSE	32	6.415013	0.0766129032258065			FALSE	FALSE	
sugarcane	SoffiXsponR570.01Eg437400	NAC	TFF	FALSE	7	0.595458	0.523809523809524			FALSE	FALSE	
sugarcane	SoffiXsponR570.01Eg439500	AP2-EREBP	TFF	FALSE	55	14.432781	0.133333333333333	0.1459	0.596	FALSE	TRUE	
sugarcane	SoffiXsponR570.01Eg443500	Trihelix	TFF	FALSE	2	0.051201	0			FALSE	FALSE	
sugarcane	SoffiXsponR570.01Eg443900	SWI/SNF-BAF60b	OTR	FALSE	360	30.516213	0.898901268956979	-0.0386	0.9277	FALSE	TRUE	
sugarcane	SoffiXsponR570.01Eg450700	GRAS	TFF	FALSE	948	107.452856	0.752759101582167			FALSE	FALSE	
sugarcane	SoffiXsponR570.01Eg452100	Not1	TFF	FALSE	12162	4181.227174	0.688644937398515			FALSE	FALSE	
sugarcane	SoffiXsponR570.01Fg001200	Trihelix	TFF	FALSE	92	13.623102	0.455088389870999	0.3349	0.09864	FALSE	TRUE	
sugarcane	SoffiXsponR570.01Fg006600	SET	OTR	FALSE	96	9.294027	0.469736842105263			FALSE	FALSE	
sugarcane	SoffiXsponR570.01Fg018300	FHA	TFF	FALSE	7	0.315643	0.571428571428571	-0.3446	0.08576	FALSE	TRUE	
sugarcane	SoffiXsponR570.01Fg022600	ARF	TFF	FALSE	37	4.428059	0.279279279279279			FALSE	FALSE	
sugarcane	SoffiXsponR570.01Fg029300	Top	TFF	FALSE	1922	179.097819	0.914377538147026	-0.1478	0.596	FALSE	TRUE	
sugarcane	SoffiXsponR570.01Fg031400	SAP	TFF	FALSE	41	7.815438	0.617073170731707	-0.2697	0.2267	FALSE	TRUE	
sugarcane	SoffiXsponR570.01Fg037000	MYB-related	TFF	TRUE	47	12.698654	0.122109158186864			FALSE	FALSE	
sugarcane	SoffiXsponR570.01Fg044000	TFIID	TFF	FALSE	13	5.272651	0.435897435897436			FALSE	FALSE	
sugarcane	SoffiXsponR570.01Fg045900	HSF	TFF	FALSE	8	1.115563	0.357142857142857			FALSE	FALSE	
sugarcane	SoffiXsponR570.01Fg046700	HSF	TFF	FALSE	132	42.855923	0.174068933610918			FALSE	FALSE	
sugarcane	SoffiXsponR570.01Fg051700	GNAT	OTR	FALSE	2145	194.323612	0.928029433253314	-0.0022	0.9965	FALSE	TRUE	
sugarcane	SoffiXsponR570.01Fg055600	C2C2-Dof	TFF	FALSE	4286	571.052981	0.94769815812357	-0.1297	0.6554	FALSE	TRUE	
sugarcane	SoffiXsponR570.01Fg061000	Tify	TFF	FALSE	13	2.261546	0.58974358974359			FALSE	FALSE	
sugarcane	SoffiXsponR570.01Fg061100	Tify	TFF	FALSE	23	3.89087	0.553359683794466			FALSE	FALSE	
sugarcane	SoffiXsponR570.01Fg063900	TIG	TFF	FALSE	13625	5316.738739	0.617318644378242	0.0327	0.9401	FALSE	TRUE	
sugarcane	SoffiXsponR570.01Fg064100	TIG	TFF	FALSE	7001	1419.620195	0.866244944599751	-0.0725	0.846	FALSE	TRUE	
sugarcane	SoffiXsponR570.01Fg064400	AP2-EREBP	TFF	FALSE	12	6.75087	0.666666666666667			FALSE	FALSE	
sugarcane	SoffiXsponR570.01Fg065200	GRAS	TFF	FALSE	6441	1183.269965	0.834456958093579	-0.0456	0.9134	FALSE	TRUE	
sugarcane	SoffiXsponR570.01Fg086900	zf-C5HC2	TFF	FALSE	9	1.771861	0.305555555555556	0.5199	0.00234	FALSE	TRUE	
sugarcane	SoffiXsponR570.01Fg089700	bHLH	TFF	FALSE	10	0.887444	0.711111111111111	0.1035	0.7469	FALSE	TRUE	
sugarcane	SoffiXsponR570.01Fg090200	PLATZ	TFF	FALSE	11	2.317814	0.490909090909091	0.0772	0.8324	FALSE	TRUE	
sugarcane	SoffiXsponR570.01Fg091800	MED26	OTR	FALSE	3443	417.17024	0.942725245860914			FALSE	FALSE	
sugarcane	SoffiXsponR570.01Fg092800	NAC	TFF	FALSE	153	12.888504	0.746474028207774			FALSE	FALSE	
sugarcane	SoffiXsponR570.01Fg096300	zf-LSD1	TFF	FALSE	3	0.227604	1			FALSE	FALSE	
sugarcane	SoffiXsponR570.01Fg098100	MYB-related	TFF	TRUE	1748	230.874772	0.622673848205292			FALSE	FALSE	
sugarcane	SoffiXsponR570.01Fg098700	AP2-EREBP	TFF	FALSE	2	0.444427	0			FALSE	FALSE	
sugarcane	SoffiXsponR570.01Fg102100	C2C2-GATA	TFF	FALSE	1	0.151146				FALSE	FALSE	
sugarcane	SoffiXsponR570.01Fg116100	MADS	TFF	FALSE	320	23.317454	0.90121473354232	-0.1656	0.5532	FALSE	TRUE	
sugarcane	SoffiXsponR570.01Fg117900	OFP	TFF	FALSE	2	0.41917	1			FALSE	FALSE	
sugarcane	SoffiXsponR570.01Fg118300	SWI/SNF-SWI3	OTR	FALSE	10532	3054.193727	0.747138113171238	-0.076	0.8359	FALSE	TRUE	
sugarcane	SoffiXsponR570.01Fg118400	NAC	TFF	FALSE	28	7.918699	0.134920634920635			FALSE	FALSE	
sugarcane	SoffiXsponR570.01Fg118700	bZIP	TFF	FALSE	29	2.207599	0.645320197044335			FALSE	FALSE	
sugarcane	SoffiXsponR570.01Fg128500	GNAT	OTR	FALSE	98	12.188939	0.512308015989901	0.7595	5.505e-08	TRUE	TRUE	ortholog_not_correlated
sugarcane	SoffiXsponR570.01Fg132400	C2H2	TFF	FALSE	130	30.552791	0.0478234943351222			FALSE	FALSE	
sugarcane	SoffiXsponR570.01Fg136000	C2H2	TFF	FALSE	13	3.028189	0.705128205128205			FALSE	FALSE	
sugarcane	SoffiXsponR570.01Fg136100	MYB-related	TFF	TRUE	423	25.891636	0.979137956147132			FALSE	FALSE	
sugarcane	SoffiXsponR570.01Fg139300	CCAAT	TFF	FALSE	220	29.834817	0.710502283105023	0.3795	0.04868	FALSE	TRUE	
sugarcane	SoffiXsponR570.01Fg140600	CCAAT	TFF	FALSE	63	9.185403	0.381976446492576			FALSE	FALSE	
sugarcane	SoffiXsponR570.01Fg141700	GRAS	TFF	FALSE	1	0.035753				FALSE	FALSE	
sugarcane	SoffiXsponR570.01Fg144100	Tify	TFF	FALSE	390	38.651031	0.757932898292795			FALSE	FALSE	
sugarcane	SoffiXsponR570.01Fg150600	bHLH	TFF	FALSE	75	16.802461	0.444684684684685			FALSE	FALSE	
sugarcane	SoffiXsponR570.01Fg151300	Jumonji	OTR	FALSE	1312	102.544882	0.949267222935387	0.0821	0.8189	FALSE	TRUE	
sugarcane	SoffiXsponR570.01Fg152300	TIG	TFF	FALSE	3670	456.326778	0.898564079484717			FALSE	FALSE	
sugarcane	SoffiXsponR570.01Fg155300	SAP	TFF	FALSE	7750	1658.349235	0.763646672411425			FALSE	FALSE	
sugarcane	SoffiXsponR570.01Fg156600	MYB	TFF	TRUE	1072	231.871836	0.604970595203255			FALSE	FALSE	
sugarcane	SoffiXsponR570.01Fg161500	HSF	TFF	FALSE	6	0.688469	0.466666666666667			FALSE	FALSE	
sugarcane	SoffiXsponR570.01Fg162100	MED26	OTR	FALSE	31	3.541491	0.372043010752688			FALSE	FALSE	
sugarcane	SoffiXsponR570.01Fg164200	MYB-related	TFF	TRUE	33	4.591606	0.590909090909091	0.2946	0.17	FALSE	TRUE	
sugarcane	SoffiXsponR570.01Fg170100	Top	TFF	FALSE	138	8.307029	0.871257801756056			FALSE	FALSE	
sugarcane	SoffiXsponR570.01Fg171800	TUB	TFF	FALSE	9166	2413.418004	0.778932102665047			FALSE	FALSE	
sugarcane	SoffiXsponR570.01Fg174200	Jumonji	OTR	FALSE	11224	3410.157814	0.696968995487007	-0.0196	0.9675	FALSE	TRUE	
sugarcane	SoffiXsponR570.01Fg180500	WRKY	TFF	FALSE	1	0.097164				FALSE	FALSE	
sugarcane	SoffiXsponR570.01Fg183200	MYB-related	TFF	TRUE	88	8.133892	0.477795193312435			FALSE	FALSE	
sugarcane	SoffiXsponR570.01Fg184400	NAC	TFF	FALSE	2	0.195813	1			FALSE	FALSE	
sugarcane	SoffiXsponR570.01Fg184700	NAC	TFF	FALSE	9	1.42915	0.333333333333333			FALSE	FALSE	
sugarcane	SoffiXsponR570.01Fg185700	MYB-related	TFF	TRUE	3567	444.205708	0.840828898164627	-0.2658	0.2368	FALSE	TRUE	
sugarcane	SoffiXsponR570.01Fg186300	EIL	TFF	FALSE	197	18.948574	0.69517248523775	-0.0844	0.811	FALSE	TRUE	
sugarcane	SoffiXsponR570.01Fg187800	WRKY	TFF	FALSE	1	0.035258				FALSE	FALSE	
sugarcane	SoffiXsponR570.01Fg189900	bZIP	TFF	FALSE	7423	1562.382746	0.736607613971781			FALSE	FALSE	
sugarcane	SoffiXsponR570.01Fg191300	MYB	TFF	TRUE	4	0.270785	0.166666666666667			FALSE	FALSE	
sugarcane	SoffiXsponR570.01Fg194000	PAS	TFF	FALSE	2464	293.056783	0.795759381706398			FALSE	FALSE	
sugarcane	SoffiXsponR570.01Fg195900	bZIP	TFF	FALSE	16	3.532636	0.35			FALSE	FALSE	
sugarcane	SoffiXsponR570.01Fg198500	PHD	OTR	FALSE	1369	114.503597	0.909357793070453			FALSE	FALSE	
sugarcane	SoffiXsponR570.01Fg199000	C3H	TFF	FALSE	7	0.68064	0.714285714285714			FALSE	FALSE	
sugarcane	SoffiXsponR570.01Fg203600	MYB	TFF	TRUE	181	67.274802	0.240270104358502			FALSE	FALSE	
sugarcane	SoffiXsponR570.01Fg206200	PHD	OTR	FALSE	7170	1511.034702	0.876811500313316	0.153	0.596	FALSE	TRUE	
sugarcane	SoffiXsponR570.01Fg209900	Pseudo_ARR-B	OTR	FALSE	9403	2390.994917	0.692997249561873	0.119	0.6946	FALSE	TRUE	
sugarcane	SoffiXsponR570.01Fg217500	C2C2-Dof	TFF	FALSE	2	0.265148	0			FALSE	FALSE	
sugarcane	SoffiXsponR570.01Fg218900	GRAS	TFF	FALSE	497	68.057614	0.517167521256572	0.2143	0.39	FALSE	TRUE	
sugarcane	SoffiXsponR570.01Fg220000	Sigma70-like	TFF	FALSE	8792	2101.260565	0.748389322813296	0.0596	0.8804	FALSE	TRUE	
sugarcane	SoffiXsponR570.01Fg223200	LIM	TFF	FALSE	463	70.685633	0.352117285162642	-0.3015	0.1559	FALSE	TRUE	
sugarcane	SoffiXsponR570.01Fg228300	Top	TFF	FALSE	13860	5540.478789	0.611537212496878	0.0976	0.7669	FALSE	TRUE	
sugarcane	SoffiXsponR570.01Fg228800	FAR1	TFF	FALSE	14037	5626.94059	0.613291780082168	0.0668	0.8608	FALSE	TRUE	
sugarcane	SoffiXsponR570.01Fg233300	CCAAT	TFF	FALSE	223	40.191226	0.392760473477962			FALSE	FALSE	
sugarcane	SoffiXsponR570.01Fg238600	MYB-related	TFF	TRUE	9823	2683.745498	0.78200883390025	-0.1004	0.7575	FALSE	TRUE	
sugarcane	SoffiXsponR570.01Fg239200	bZIP	TFF	FALSE	12636	4527.712796	0.681012121947795	-0.0299	0.9458	FALSE	TRUE	
sugarcane	SoffiXsponR570.01Fg240600	C2H2	TFF	FALSE	429	63.867299	0.796396749667778			FALSE	FALSE	
sugarcane	SoffiXsponR570.01Fg246300	bHLH	TFF	FALSE	11529	3720.382181	0.712270475159976			FALSE	FALSE	
sugarcane	SoffiXsponR570.01Fg248700	HSF	TFF	FALSE	4	0.59963	0.833333333333333			FALSE	FALSE	
sugarcane	SoffiXsponR570.01Fg249000	ARR-B;MYB-related	TFF	TRUE	2959	354.35903	0.864821709178013	-0.2633	0.2433	FALSE	TRUE	
sugarcane	SoffiXsponR570.01Fg250500	NAC	TFF	FALSE	13	1.202706	0.397435897435897	-0.4733	0.007375	FALSE	TRUE	
sugarcane	SoffiXsponR570.01Fg252600	bHLH	TFF	FALSE	13	3.106438	0.448717948717949			FALSE	FALSE	
sugarcane	SoffiXsponR570.01Fg253600	C2C2-YABBY	TFF	FALSE	3	0.369245	0.333333333333333			FALSE	FALSE	
sugarcane	SoffiXsponR570.01Fg256400	MYB-related	TFF	TRUE	4	0.262861	0.166666666666667			FALSE	FALSE	
sugarcane	SoffiXsponR570.01Fg256500	ABI3VP1	TFF	FALSE	1	0.045658				FALSE	FALSE	
sugarcane	SoffiXsponR570.01Fg265900	OFP	TFF	FALSE	178	54.490195	0.443788484733067			FALSE	FALSE	
sugarcane	SoffiXsponR570.01Fg266000	C2H2	TFF	FALSE	1	0.035258				FALSE	FALSE	
sugarcane	SoffiXsponR570.01Fg268500	GNAT	OTR	FALSE	492	37.768784	0.866532545162519			FALSE	FALSE	
sugarcane	SoffiXsponR570.01Fg269300	GRAS	TFF	FALSE	7137	1471.767839	0.879016404438186	0.0797	0.8255	FALSE	TRUE	
sugarcane	SoffiXsponR570.01Fg272500	bHLH	TFF	FALSE	27	4.865898	0.353276353276353			FALSE	FALSE	
sugarcane	SoffiXsponR570.01Fg274400	MADS	TFF	FALSE	14490	6098.326658	0.584993656214102	-0.0253	0.9547	FALSE	TRUE	
sugarcane	SoffiXsponR570.01Fg277000	AP2-EREBP	TFF	FALSE	3	0.368254	0.333333333333333			FALSE	FALSE	
sugarcane	SoffiXsponR570.01Fg277300	AP2-EREBP	TFF	FALSE	116	28.829485	0.0892053973013493			FALSE	FALSE	
sugarcane	SoffiXsponR570.01Fg278300	Tify	TFF	FALSE	95	20.317154	0.386786114221725			FALSE	FALSE	
sugarcane	SoffiXsponR570.01Fg278500	Tify	TFF	FALSE	31	4.227409	0.356989247311828			FALSE	FALSE	
sugarcane	SoffiXsponR570.01Fg278600	Tify	TFF	FALSE	2	0.078439	0			FALSE	FALSE	
sugarcane	SoffiXsponR570.01Fg280800	GNAT	OTR	FALSE	88	6.325743	0.588819226750261			FALSE	FALSE	
sugarcane	SoffiXsponR570.01Fg281200	AP2-EREBP	TFF	FALSE	171	9.384852	0.0882696938424493			FALSE	FALSE	
sugarcane	SoffiXsponR570.01Fg281900	CCAAT	TFF	FALSE	175	25.083592	0.289261083743842	-0.4613	0.009681	FALSE	TRUE	
sugarcane	SoffiXsponR570.01Fg283900	bHLH	TFF	FALSE	87	9.35904	0.77492649024325			FALSE	FALSE	
sugarcane	SoffiXsponR570.01Fg285400	C2C2-Dof	TFF	FALSE	4441	642.796408	0.802972709255078			FALSE	FALSE	
sugarcane	SoffiXsponR570.01Fg289400	HB	TFF	FALSE	140	17.013177	0.43360739979445	-0.2615	0.2479	FALSE	TRUE	
sugarcane	SoffiXsponR570.01Fg291500	HSF	TFF	FALSE	108	9.523972	0.643475250951886			FALSE	FALSE	
sugarcane	SoffiXsponR570.01Fg297200	E2F-DP	TFF	FALSE	595	37.72063	0.983068783068783	-0.1382	0.6234	FALSE	TRUE	
sugarcane	SoffiXsponR570.01Fg298000	Top	TFF	FALSE	7469	1552.548034	0.885058097303886	-0.1427	0.6076	FALSE	TRUE	
sugarcane	SoffiXsponR570.01Fg298200	Jumonji	OTR	FALSE	10322	2908.71954	0.785965996266972			FALSE	FALSE	
sugarcane	SoffiXsponR570.01Fg299900	C2H2	TFF	FALSE	4043	503.327554	0.972932489836191	-0.0107	0.9829	FALSE	TRUE	
sugarcane	SoffiXsponR570.01Fg304700	MYB;MYB-related	TFF	TRUE	24	7.051636	0.521739130434783			FALSE	FALSE	
sugarcane	SoffiXsponR570.01Fg309000	MYB-related	TFF	TRUE	1	0.121431		-0.2202	0.3701	FALSE	TRUE	
sugarcane	SoffiXsponR570.01Fg310500	bHLH	TFF	FALSE	28	2.157979	0.658730158730159			FALSE	FALSE	
sugarcane	SoffiXsponR570.01Fg312200	NAC	TFF	FALSE	5	0.661631	0.4			FALSE	FALSE	
sugarcane	SoffiXsponR570.01Fg314400	MYB-related	TFF	TRUE	100	30.941186	0.162424242424242			FALSE	FALSE	
sugarcane	SoffiXsponR570.01Fg315900	MYB-related	TFF	TRUE	24	11.971921	0.492753623188406			FALSE	FALSE	
sugarcane	SoffiXsponR570.01Fg319200	FHA	TFF	FALSE	12671	4629.745553	0.662192577286992			FALSE	FALSE	
sugarcane	SoffiXsponR570.01Fg319300	bZIP	TFF	FALSE	128	17.979255	0.359744094488189			FALSE	FALSE	
sugarcane	SoffiXsponR570.01Fg319700	FAR1	TFF	FALSE	8283	1895.764157	0.808840596429675	-0.0622	0.8736	FALSE	TRUE	
sugarcane	SoffiXsponR570.01Fg320300	OFP	TFF	FALSE	408	148.071266	0.288685744568098			FALSE	FALSE	
sugarcane	SoffiXsponR570.01Fg322600	HB	TFF	FALSE	175	21.495523	0.584302134646962			FALSE	FALSE	
sugarcane	SoffiXsponR570.01Fg322700	Top	TFF	FALSE	11240	3547.926328	0.734839458684633	0.1403	0.616	FALSE	TRUE	
sugarcane	SoffiXsponR570.01Fg323200	MADS	TFF	FALSE	1	0.057544				FALSE	FALSE	
sugarcane	SoffiXsponR570.01Fg324000	bHLH	TFF	FALSE	11	2.317814	0.0545454545454545			FALSE	FALSE	
sugarcane	SoffiXsponR570.01Fg325900	NAC	TFF	FALSE	64	30.084452	0.223214285714286			FALSE	FALSE	
sugarcane	SoffiXsponR570.01Fg331200	Trihelix	TFF	FALSE	1	0.024362				FALSE	FALSE	
sugarcane	SoffiXsponR570.01Fg331600	SWI/SNF-BAF60b	OTR	FALSE	71	5.367309	0.626559356136821	-0.2173	0.3802	FALSE	TRUE	
sugarcane	SoffiXsponR570.01Fg338000	GRAS	TFF	FALSE	1	0.049125				FALSE	FALSE	
sugarcane	SoffiXsponR570.01Fg339500	Not1	TFF	FALSE	25	4.194647	0.663333333333333	0.1273	0.6641	FALSE	TRUE	
sugarcane	SoffiXsponR570.02Ag001600	WRKY	TFF	FALSE	21	2.182076	0.219047619047619	0.0275	0.9506	FALSE	TRUE	
sugarcane	SoffiXsponR570.02Ag001800	RWP-RK	TFF	FALSE	70	4.846708	0.510973084886128	-0.2373	0.3157	FALSE	TRUE	
sugarcane	SoffiXsponR570.02Ag002700	NAC	TFF	FALSE	50	11.686158	0.0751020408163265			FALSE	FALSE	
sugarcane	SoffiXsponR570.02Ag003200	G2-like	TFF	FALSE	642	60.164767	0.803101656776551	0.1646	0.5569	FALSE	TRUE	
sugarcane	SoffiXsponR570.02Ag004600	RWP-RK	TFF	FALSE	447	65.580585	0.59140658701257	0.3869	0.04284	FALSE	TRUE	
sugarcane	SoffiXsponR570.02Ag005300	ARF	TFF	FALSE	21	1.861156	0.571428571428571	-0.715	9.232e-07	TRUE	TRUE	ortholog_not_correlated
sugarcane	SoffiXsponR570.02Ag005700	bHLH	TFF	FALSE	4513	638.507969	0.917492885014607	0.2064	0.4146	FALSE	TRUE	
sugarcane	SoffiXsponR570.02Ag009200	AUX/IAA	OTR	FALSE	9592	2653.83931	0.784418757194266			FALSE	FALSE	
sugarcane	SoffiXsponR570.02Ag012400	OFP	TFF	FALSE	9	1.531171	0.361111111111111			FALSE	FALSE	
sugarcane	SoffiXsponR570.02Ag019500	PHD	OTR	FALSE	13	0.945178	0.705128205128205	0.5353	0.001542	FALSE	TRUE	
sugarcane	SoffiXsponR570.02Ag024400	bZIP	TFF	FALSE	47	13.931821	0.364477335800185			FALSE	FALSE	
sugarcane	SoffiXsponR570.02Ag029000	BES1	TFF	FALSE	1	0.345778				FALSE	FALSE	
sugarcane	SoffiXsponR570.02Ag035200	bHLH	TFF	FALSE	314	52.271536	0.450621680470483	0.3656	0.06179	FALSE	TRUE	
sugarcane	SoffiXsponR570.02Ag038400	MYB-related	TFF	TRUE	9293	2434.55932	0.831750081609202			FALSE	FALSE	
sugarcane	SoffiXsponR570.02Ag038500	C3H	TFF	FALSE	993	165.527889	0.703899067667219	0.0843	0.8115	FALSE	TRUE	
sugarcane	SoffiXsponR570.02Ag039000	NAC	TFF	FALSE	7404	1558.627954	0.866858406359564	-0.1676	0.5457	FALSE	TRUE	
sugarcane	SoffiXsponR570.02Ag041400	PAS	TFF	FALSE	4359	585.23044	0.902993821711153			FALSE	FALSE	
sugarcane	SoffiXsponR570.02Ag042700	HMG	OTR	FALSE	1	0.085773				FALSE	FALSE	
sugarcane	SoffiXsponR570.02Ag044100	PHD	OTR	FALSE	6	0.524542	0.4			FALSE	FALSE	
sugarcane	SoffiXsponR570.02Ag044500	CCAAT	TFF	FALSE	3	0.958589	0.666666666666667			FALSE	FALSE	
sugarcane	SoffiXsponR570.02Ag049100	AUX/IAA	OTR	FALSE	45	4.648709	0.288888888888889	-0.6352	4.813e-05	TRUE	TRUE	ortholog_not_correlated
sugarcane	SoffiXsponR570.02Ag053700	bZIP	TFF	FALSE	7040	1386.491341	0.900578957819422	-0.093	0.7815	FALSE	TRUE	
sugarcane	SoffiXsponR570.02Ag054800	bZIP	TFF	FALSE	3	0.266233	0.333333333333333			FALSE	FALSE	
sugarcane	SoffiXsponR570.02Ag057800	MYB	TFF	TRUE	404	129.03951	0.042036213546913			FALSE	FALSE	
sugarcane	SoffiXsponR570.02Ag061300	AP2-EREBP	TFF	FALSE	6557	1235.881736	0.919657608042786			FALSE	FALSE	
sugarcane	SoffiXsponR570.02Ag062200	MYB-related	TFF	TRUE	2252	249.555378	0.870499631898355	-0.3008	0.1572	FALSE	TRUE	
sugarcane	SoffiXsponR570.02Ag062700	bHLH	TFF	FALSE	1	0.013467				FALSE	FALSE	
sugarcane	SoffiXsponR570.02Ag063500	zf-fF-X1	TFF	FALSE	6773	1266.45954	0.817830282132881	-0.1535	0.596	FALSE	TRUE	
sugarcane	SoffiXsponR570.02Ag065800	MYB-related	TFF	TRUE	11	1.991941	0.363636363636364			FALSE	FALSE	
sugarcane	SoffiXsponR570.02Ag068200	CCAAT	TFF	FALSE	6894	1349.723652	0.876141590058422	-0.1857	0.4806	FALSE	TRUE	
sugarcane	SoffiXsponR570.02Ag068300	CCAAT	TFF	FALSE	9	0.50056	0.361111111111111	-0.3716	0.05565	FALSE	TRUE	
sugarcane	SoffiXsponR570.02Ag072900	Top	TFF	FALSE	24	1.72079	0.851449275362319	-0.1661	0.551	FALSE	TRUE	
sugarcane	SoffiXsponR570.02Ag075700	MYB	TFF	TRUE	238	48.525193	0.55760025529199	-0.3479	0.0817	FALSE	TRUE	
sugarcane	SoffiXsponR570.02Ag083500	AP2-EREBP	TFF	FALSE	12435	4352.951511	0.681983205058131	-0.0364	0.9323	FALSE	TRUE	
sugarcane	SoffiXsponR570.02Ag085400	MYB	TFF	TRUE	1	0.021886				FALSE	FALSE	
sugarcane	SoffiXsponR570.02Ag086000	MYB-related	TFF	TRUE	10	2.309795	0.244444444444444			FALSE	FALSE	
sugarcane	SoffiXsponR570.02Ag095000	zf-BED	TFF	FALSE	2	0.113602	0			FALSE	FALSE	
sugarcane	SoffiXsponR570.02Ag097400	bHLH	TFF	FALSE	3	0.293472	1			FALSE	FALSE	
sugarcane	SoffiXsponR570.02Ag098200	C2H2	TFF	FALSE	54	5.270605	0.559748427672956			FALSE	FALSE	
sugarcane	SoffiXsponR570.02Ag100800	NAC	TFF	FALSE	12	3.663497	0.424242424242424			FALSE	FALSE	
sugarcane	SoffiXsponR570.02Ag101000	NAC	TFF	FALSE	200	38.356623	0.27356783919598			FALSE	FALSE	
sugarcane	SoffiXsponR570.02Ag101700	MYB	TFF	TRUE	55	14.432781	0.133333333333333			FALSE	FALSE	
sugarcane	SoffiXsponR570.02Ag105400	mTERF	OTR	FALSE	17	6.448254	0.419117647058824			FALSE	FALSE	
sugarcane	SoffiXsponR570.02Ag109800	Top	TFF	FALSE	12700	4548.020565	0.656433496840535	-0.1653	0.5541	FALSE	TRUE	
sugarcane	SoffiXsponR570.02Ag111400	C3H	TFF	FALSE	4	0.174707	0.833333333333333			FALSE	FALSE	
sugarcane	SoffiXsponR570.02Ag111900	C3H	TFF	FALSE	4	0.213337	0.833333333333333			FALSE	FALSE	
sugarcane	SoffiXsponR570.02Ag112100	C3H	TFF	FALSE	5199	838.633402	0.862906272634636	0.2994	0.1601	FALSE	TRUE	
sugarcane	SoffiXsponR570.02Ag114100	NAC	TFF	FALSE	187	22.724382	0.522166637916164	0.0077	0.988	FALSE	TRUE	
sugarcane	SoffiXsponR570.02Ag120200	BSD	TFF	FALSE	10367	3043.054782	0.785607003596971	-0.0094	0.9851	FALSE	TRUE	
sugarcane	SoffiXsponR570.02Ag122300	MYB	TFF	TRUE	232	43.515193	0.0209732795939693			FALSE	FALSE	
sugarcane	SoffiXsponR570.02Ag122400	MYB	TFF	TRUE	194	65.992851	0.265584103413279			FALSE	FALSE	
sugarcane	SoffiXsponR570.02Ag125600	MYB-related	TFF	TRUE	2	0.481076	1			FALSE	FALSE	
sugarcane	SoffiXsponR570.02Ag129700	MYB;MYB-related	TFF	TRUE	490	75.537169	0.510955302366345	-0.1784	0.5068	FALSE	TRUE	
sugarcane	SoffiXsponR570.02Ag130000	bHLH	TFF	FALSE	26	2.714447	0.32	-0.2491	0.2821	FALSE	TRUE	
sugarcane	SoffiXsponR570.02Ag130500	MADS	TFF	FALSE	13	2.287794	0.0641025641025641			FALSE	FALSE	
sugarcane	SoffiXsponR570.02Ag131400	WRKY	TFF	FALSE	7	1.174402	0.285714285714286			FALSE	FALSE	
sugarcane	SoffiXsponR570.02Ag143100	Top	TFF	FALSE	6993	1410.128509	0.886042547941861	-0.1401	0.6171	FALSE	TRUE	
sugarcane	SoffiXsponR570.02Ag149200	C2C2-GATA	TFF	FALSE	11	1.481836	0.4			FALSE	FALSE	
sugarcane	SoffiXsponR570.02Ag171300	Jumonji	OTR	FALSE	2992	310.272251	0.985816853412287	-0.075	0.8393	FALSE	TRUE	
sugarcane	SoffiXsponR570.02Ag174800	PHD;zf-BED	OTR;TFF	FALSE	37	2.834847	0.854354354354354			FALSE	FALSE	
sugarcane	SoffiXsponR570.02Ag178500	bHLH	TFF	FALSE	2	0.530105	0			FALSE	FALSE	
sugarcane	SoffiXsponR570.02Ag181500	bHLH	TFF	FALSE	5	0.676488	0.2			FALSE	FALSE	
sugarcane	SoffiXsponR570.02Ag182000	MYB-related	TFF	TRUE	13241	5003.857784	0.647862151593136	0.0397	0.9253	FALSE	TRUE	
sugarcane	SoffiXsponR570.02Ag185300	mTERF	OTR	FALSE	1	0.128859				FALSE	FALSE	
sugarcane	SoffiXsponR570.02Ag185900	CCAAT	TFF	FALSE	4	0.478789	0			FALSE	FALSE	
sugarcane	SoffiXsponR570.02Ag186100	WRKY	TFF	FALSE	32	6.415013	0.0766129032258065	0.1459	0.596	FALSE	TRUE	
sugarcane	SoffiXsponR570.02Ag187800	MYB-related	TFF	TRUE	74	4.856498	0.900037023324695			FALSE	FALSE	
sugarcane	SoffiXsponR570.02Ag198500	Top	TFF	FALSE	1	0.020895				FALSE	FALSE	
sugarcane	SoffiXsponR570.02Ag200100	GNAT	OTR	FALSE	1	0.025848				FALSE	FALSE	
sugarcane	SoffiXsponR570.02Ag203900	C3H	TFF	FALSE	7526	1587.264367	0.856630083263954	-0.1164	0.7033	FALSE	TRUE	
sugarcane	SoffiXsponR570.02Ag220100	C3H	TFF	FALSE	11	2.222231	0.454545454545455			FALSE	FALSE	
sugarcane	SoffiXsponR570.02Ag224600	PHD	OTR	FALSE	19	1.313717	0.742690058479532	0.0784	0.8291	FALSE	TRUE	
sugarcane	SoffiXsponR570.02Ag227100	bZIP	TFF	FALSE	2	0.129945	0			FALSE	FALSE	
sugarcane	SoffiXsponR570.02Ag229400	MYB-related	TFF	TRUE	82	11.751106	0.0704607046070461	0.0379	0.9291	FALSE	TRUE	
sugarcane	SoffiXsponR570.02Ag231300	HMG	OTR	FALSE	20	2.933272	0.3	-0.4248	0.02096	FALSE	TRUE	
sugarcane	SoffiXsponR570.02Ag232600	C3H	TFF	FALSE	14716	6206.168499	0.577448572806306	0.065	0.8661	FALSE	TRUE	
sugarcane	SoffiXsponR570.02Ag234100	DDT	OTR	FALSE	8870	2331.512561	0.760160842975221			FALSE	FALSE	
sugarcane	SoffiXsponR570.02Ag235400	C2C2-Dof	TFF	FALSE	3	0.381131	0.333333333333333			FALSE	FALSE	
sugarcane	SoffiXsponR570.02Ag236100	TUB	TFF	FALSE	10239	3003.458959	0.76713572383084			FALSE	FALSE	
sugarcane	SoffiXsponR570.02Ag236900	AUX/IAA	OTR	FALSE	8007	1808.048389	0.751634850108204			FALSE	FALSE	
sugarcane	SoffiXsponR570.02Ag239100	GeBP	TFF	FALSE	2	0.146783	0			FALSE	FALSE	
sugarcane	SoffiXsponR570.02Ag247100	AP2-EREBP	TFF	FALSE	12	0.848509	0.681818181818182			FALSE	FALSE	
sugarcane	SoffiXsponR570.02Ag256800	bHLH	TFF	FALSE	1	0.127374				FALSE	FALSE	
sugarcane	SoffiXsponR570.02Ag257900	MYB-related	TFF	TRUE	4	0.245528	0.833333333333333			FALSE	FALSE	
sugarcane	SoffiXsponR570.02Ag260800	WRKY	TFF	FALSE	66	22.535583	0.224242424242424			FALSE	FALSE	
sugarcane	SoffiXsponR570.02Ag267200	MADS	TFF	FALSE	1	0.124402				FALSE	FALSE	
sugarcane	SoffiXsponR570.02Ag270400	OFP	TFF	FALSE	14	2.667249	0.021978021978022			FALSE	FALSE	
sugarcane	SoffiXsponR570.02Ag277700	SWI/SNF-BAF60b	OTR	FALSE	5959	1034.512681	0.84231703932337	0.1008	0.7562	FALSE	TRUE	
sugarcane	SoffiXsponR570.02Ag279500	HB	TFF	FALSE	8	0.677269	0.607142857142857			FALSE	FALSE	
sugarcane	SoffiXsponR570.02Ag281300	OFP	TFF	FALSE	7	1.366063	0			FALSE	FALSE	
sugarcane	SoffiXsponR570.02Ag281500	WRKY	TFF	FALSE	238	26.478749	0.668014041059462	-0.2566	0.2615	FALSE	TRUE	
sugarcane	SoffiXsponR570.02Ag283000	VOZ	TFF	FALSE	5734	971.671611	0.920069776365556	-0.1407	0.6145	FALSE	TRUE	
sugarcane	SoffiXsponR570.02Ag283400	ARF	TFF	FALSE	3233	389.589255	0.947638906327997			FALSE	FALSE	
sugarcane	SoffiXsponR570.02Ag285000	bZIP	TFF	FALSE	533	77.393977	0.782314604522564	0.0061	0.991	FALSE	TRUE	
sugarcane	SoffiXsponR570.02Ag287400	TUB	TFF	FALSE	17	4.47915	0.102941176470588			FALSE	FALSE	
sugarcane	SoffiXsponR570.02Ag290100	TCP	TFF	FALSE	236	34.21086	0.634835917778579			FALSE	FALSE	
sugarcane	SoffiXsponR570.02Ag295100	NAC	TFF	FALSE	233	129.006913	0.477319816486607			FALSE	FALSE	
sugarcane	SoffiXsponR570.02Ag296200	SET	OTR	FALSE	30	8.395813	0.406896551724138	0.1075	0.7339	FALSE	TRUE	
sugarcane	SoffiXsponR570.02Ag297700	bHLH	TFF	FALSE	1	0.033277				FALSE	FALSE	
sugarcane	SoffiXsponR570.02Ag309600	AP2-EREBP	TFF	FALSE	6	0.814757	0.666666666666667			FALSE	FALSE	
sugarcane	SoffiXsponR570.02Ag311800	SAP	TFF	FALSE	11307	3686.193947	0.733818914410515	-0.0322	0.9408	FALSE	TRUE	
sugarcane	SoffiXsponR570.02Ag317200	SET	OTR	FALSE	147	28.011806	0.364364924051813	-0.2251	0.3542	FALSE	TRUE	
sugarcane	SoffiXsponR570.02Ag317400	MYB	TFF	TRUE	9394	2419.513392	0.815837517875834	-0.0723	0.8468	FALSE	TRUE	
sugarcane	SoffiXsponR570.02Ag318600	AP2-EREBP	TFF	FALSE	8	3.177774	0.607142857142857			FALSE	FALSE	
sugarcane	SoffiXsponR570.02Ag321000	NAC	TFF	FALSE	15	4.278879	0.561904761904762			FALSE	FALSE	
sugarcane	SoffiXsponR570.02Ag323800	WRKY	TFF	FALSE	6	1.563077	0.133333333333333			FALSE	FALSE	
sugarcane	SoffiXsponR570.02Ag323900	WRKY	TFF	FALSE	12	1.430425	0.363636363636364	0.1895	0.4675	FALSE	TRUE	
sugarcane	SoffiXsponR570.02Ag324000	WRKY	TFF	FALSE	32	4.86984	0.475806451612903	0.5181	0.002454	FALSE	TRUE	
sugarcane	SoffiXsponR570.02Ag327200	WRKY	TFF	FALSE	1	0.036743				FALSE	FALSE	
sugarcane	SoffiXsponR570.02Ag332200	CCAAT	TFF	FALSE	10115	2799.473002	0.724908128403917	-0.279	0.2039	FALSE	TRUE	
sugarcane	SoffiXsponR570.02Ag335300	C2H2	TFF	FALSE	27	3.415318	0.324786324786325	0.3584	0.06921	FALSE	TRUE	
sugarcane	SoffiXsponR570.02Ag335500	C2H2	TFF	FALSE	52	4.807854	0.761689291101056			FALSE	FALSE	
sugarcane	SoffiXsponR570.02Ag337500	MYB	TFF	TRUE	5268	825.630795	0.913554028110732	-0.0345	0.9364	FALSE	TRUE	
sugarcane	SoffiXsponR570.02Ag341900	HB	TFF	FALSE	10213	2879.569305	0.694803927423053	-0.0237	0.9584	FALSE	TRUE	
sugarcane	SoffiXsponR570.02Ag345900	MYB	TFF	TRUE	26	2.737229	0.56	-0.3413	0.09005	FALSE	TRUE	
sugarcane	SoffiXsponR570.02Ag349200	CCAAT	TFF	FALSE	17	1.538864	0.360294117647059			FALSE	FALSE	
sugarcane	SoffiXsponR570.02Ag349600	C2H2	TFF	FALSE	15	1.223202	0.933333333333333			FALSE	FALSE	
sugarcane	SoffiXsponR570.02Ag351700	MYB-related	TFF	TRUE	2	0.15025	1			FALSE	FALSE	
sugarcane	SoffiXsponR570.02Ag352000	OFP	TFF	FALSE	3	0.111716	0.333333333333333			FALSE	FALSE	
sugarcane	SoffiXsponR570.02Ag352100	OFP	TFF	FALSE	24	8.975178	0.322463768115942			FALSE	FALSE	
sugarcane	SoffiXsponR570.02Ag354500	TUB	TFF	FALSE	11816	3855.148014	0.717050938483751	0.0493	0.9057	FALSE	TRUE	
sugarcane	SoffiXsponR570.02Ag354800	bZIP	TFF	FALSE	6	0.372006	1			FALSE	FALSE	
sugarcane	SoffiXsponR570.02Ag355300	AP2-EREBP	TFF	FALSE	1	0.067944				FALSE	FALSE	
sugarcane	SoffiXsponR570.02Ag356800	C2H2	TFF	FALSE	5273	923.102441	0.722812869524278	-0.1928	0.4565	FALSE	TRUE	
sugarcane	SoffiXsponR570.02Ag364200	GRAS	TFF	FALSE	90	11.082786	0.450187265917603			FALSE	FALSE	
sugarcane	SoffiXsponR570.02Ag365700	NAC	TFF	FALSE	165	23.583032	0.278048780487805			FALSE	FALSE	
sugarcane	SoffiXsponR570.02Ag365900	SWI/SNF-BAF60b	OTR	FALSE	1627	323.662276	0.496590061167975	0.0789	0.8278	FALSE	TRUE	
sugarcane	SoffiXsponR570.02Ag368100	Alfin-like	TFF	FALSE	2	0.185908	0			FALSE	FALSE	
sugarcane	SoffiXsponR570.02Ag371400	TAZ	TFF	FALSE	916	163.784232	0.350091870093302	0.0201	0.9665	FALSE	TRUE	
sugarcane	SoffiXsponR570.02Ag376900	bHLH	TFF	FALSE	1	0.025353				FALSE	FALSE	
sugarcane	SoffiXsponR570.02Ag378900	ARR-B;MYB-related	TFF	TRUE	3712	478.473787	0.876166150958474	-0.2409	0.3055	FALSE	TRUE	
sugarcane	SoffiXsponR570.02Ag381000	TAZ	TFF	FALSE	338	52.672491	0.342791424507928	-0.5114	0.00291	FALSE	TRUE	
sugarcane	SoffiXsponR570.02Ag383700	ABI3VP1	TFF	FALSE	5	0.806738	0.3			FALSE	FALSE	
sugarcane	SoffiXsponR570.02Ag386200	bHLH	TFF	FALSE	75	9.746173	0.348108108108108			FALSE	FALSE	
sugarcane	SoffiXsponR570.02Ag387300	C3H	TFF	FALSE	533	88.408779	0.337725175979348			FALSE	FALSE	
sugarcane	SoffiXsponR570.02Ag391500	SBP	TFF	FALSE	2	0.114592	1			FALSE	FALSE	
sugarcane	SoffiXsponR570.02Ag391600	MADS	TFF	FALSE	53	3.96999	0.782293178519594			FALSE	FALSE	
sugarcane	SoffiXsponR570.02Ag392300	CAMTA	TFF	FALSE	9	0.594162	0.277777777777778			FALSE	FALSE	
sugarcane	SoffiXsponR570.02Ag395400	NAC	TFF	FALSE	7360	1513.145678	0.87689083760199	0.1557	0.5895	FALSE	TRUE	
sugarcane	SoffiXsponR570.02Ag395500	MYB	TFF	TRUE	10420	3127.552531	0.793908533778261	-0.0122	0.9804	FALSE	TRUE	
sugarcane	SoffiXsponR570.02Ag396000	Tify	TFF	FALSE	1	0.046153				FALSE	FALSE	
sugarcane	SoffiXsponR570.02Ag397600	ARF	TFF	FALSE	8	1.17945	0.214285714285714			FALSE	FALSE	
sugarcane	SoffiXsponR570.02Ag397900	bHLH	TFF	FALSE	61	6.598534	0.522950819672131	-0.5612	0.0007199	FALSE	TRUE	
sugarcane	SoffiXsponR570.02Ag400800	TRAF	OTR	FALSE	922	102.942641	0.638021955763447	-0.4115	0.0273	FALSE	TRUE	
sugarcane	SoffiXsponR570.02Ag403500	CCAAT	TFF	FALSE	61	5.601106	0.860109289617486			FALSE	FALSE	
sugarcane	SoffiXsponR570.02Ag411100	TRAF	OTR	FALSE	773	130.80052	0.726390685640362			FALSE	FALSE	
sugarcane	SoffiXsponR570.02Ag416200	bHLH	TFF	FALSE	25	8.792031	0.536666666666667			FALSE	FALSE	
sugarcane	SoffiXsponR570.02Ag417200	SRS	TFF	FALSE	1	0.035258				FALSE	FALSE	
sugarcane	SoffiXsponR570.02Ag422200	Top	TFF	FALSE	802	107.08983	0.500421854228349	-0.333	0.1016	FALSE	TRUE	
sugarcane	SoffiXsponR570.02Ag426000	PHD	OTR	FALSE	50	3.341731	0.906122448979592	0.2007	0.4303	FALSE	TRUE	
sugarcane	SoffiXsponR570.02Ag429800	MYB-related	TFF	TRUE	441	52.242996	0.620975056689342	-0.2118	0.3985	FALSE	TRUE	
sugarcane	SoffiXsponR570.02Ag430300	Top	TFF	FALSE	197	47.695718	0.378483373044649			FALSE	FALSE	
sugarcane	SoffiXsponR570.02Bg000400	TUB	TFF	FALSE	10	0.710145	0.222222222222222	0.452	0.01189	FALSE	TRUE	
sugarcane	SoffiXsponR570.02Bg001000	C2H2	TFF	FALSE	24	8.975178	0.322463768115942			FALSE	FALSE	
sugarcane	SoffiXsponR570.02Bg001600	RWP-RK	TFF	FALSE	1	0.330425				FALSE	FALSE	
sugarcane	SoffiXsponR570.02Bg001900	WRKY	TFF	FALSE	110	14.762891	0.30208507089241			FALSE	FALSE	
sugarcane	SoffiXsponR570.02Bg003000	G2-like	TFF	FALSE	1	0.0308		-0.0156	0.9749	FALSE	TRUE	
sugarcane	SoffiXsponR570.02Bg003800	RWP-RK	TFF	FALSE	202	33.17058	0.280922122062953	0.677	7.057e-06	TRUE	TRUE	ortholog_not_correlated
sugarcane	SoffiXsponR570.02Bg004100	ARF	TFF	FALSE	325	54.502681	0.171585944919278	-0.7453	1.437e-07	TRUE	TRUE	ortholog_not_correlated
sugarcane	SoffiXsponR570.02Bg007800	AUX/IAA	OTR	FALSE	872	161.64999	0.368354943700692	-0.0995	0.7601	FALSE	TRUE	
sugarcane	SoffiXsponR570.02Bg011700	OFP	TFF	FALSE	1	0.074877				FALSE	FALSE	
sugarcane	SoffiXsponR570.02Bg017500	PHD	OTR	FALSE	75	11.609295	0.252252252252252	0.7047	1.675e-06	TRUE	TRUE	ortholog_not_correlated
sugarcane	SoffiXsponR570.02Bg022400	NOZZLE	TFF	FALSE	6	0.605268	0.266666666666667			FALSE	FALSE	
sugarcane	SoffiXsponR570.02Bg023000	bZIP	TFF	FALSE	1	0.107069				FALSE	FALSE	
sugarcane	SoffiXsponR570.02Bg027500	BES1	TFF	FALSE	28	2.377374	0.788359788359788	0.1751	0.5177	FALSE	TRUE	
sugarcane	SoffiXsponR570.02Bg033000	bHLH	TFF	FALSE	586	123.425348	0.35687407018465	0.4103	0.02792	FALSE	TRUE	
sugarcane	SoffiXsponR570.02Bg033900	C2H2	TFF	FALSE	70	5.261726	0.639337474120083	-0.3534	0.07495	FALSE	TRUE	
sugarcane	SoffiXsponR570.02Bg036400	MYB-related	TFF	TRUE	6942	1386.191316	0.867918598255677			FALSE	FALSE	
sugarcane	SoffiXsponR570.02Bg038700	MYB-related	TFF	TRUE	65	8.113877	0.276442307692308			FALSE	FALSE	
sugarcane	SoffiXsponR570.02Bg039700	PAS	TFF	FALSE	353	28.815363	0.880746201390677			FALSE	FALSE	
sugarcane	SoffiXsponR570.02Bg039900	WRKY	TFF	FALSE	3	0.183527	0.333333333333333			FALSE	FALSE	
sugarcane	SoffiXsponR570.02Bg040800	HMG	OTR	FALSE	88	10.337744	0.428944618599791			FALSE	FALSE	
sugarcane	SoffiXsponR570.02Bg042700	PHD	OTR	FALSE	31	9.211086	0.864516129032258			FALSE	FALSE	
sugarcane	SoffiXsponR570.02Bg051800	bZIP	TFF	FALSE	5	0.723537	0.1			FALSE	FALSE	
sugarcane	SoffiXsponR570.02Bg053000	bZIP	TFF	FALSE	4	0.083087	0.833333333333333			FALSE	FALSE	
sugarcane	SoffiXsponR570.02Bg063500	MYB-related	TFF	TRUE	6	0.620125	0.4	0.2493	0.2816	FALSE	TRUE	
sugarcane	SoffiXsponR570.02Bg065300	CCAAT	TFF	FALSE	98	10.574927	0.643383126446455	-0.4806	0.006239	FALSE	TRUE	
sugarcane	SoffiXsponR570.02Bg065500	CCAAT	TFF	FALSE	9125	2317.455423	0.693420285503234	-0.2346	0.3239	FALSE	TRUE	
sugarcane	SoffiXsponR570.02Bg070200	MED26	OTR	FALSE	6484	1218.072626	0.837372274262026	-0.178	0.508	FALSE	TRUE	
sugarcane	SoffiXsponR570.02Bg070700	MADS	TFF	FALSE	4	0.405988	0.666666666666667			FALSE	FALSE	
sugarcane	SoffiXsponR570.02Bg074000	MYB	TFF	TRUE	3561	457.533242	0.880607328455269	-0.2567	0.2613	FALSE	TRUE	
sugarcane	SoffiXsponR570.02Bg074100	MYB-related	TFF	TRUE	1	0.195223				FALSE	FALSE	
sugarcane	SoffiXsponR570.02Bg075400	ABI3VP1;AP2-EREBP	TFF	FALSE	2	0.683137	1	-0.3297	0.1064	FALSE	TRUE	
sugarcane	SoffiXsponR570.02Bg075500	AP2-EREBP	TFF	FALSE	247	33.958339	0.0242914979757085			FALSE	FALSE	
sugarcane	SoffiXsponR570.02Bg082800	AP2-EREBP	TFF	FALSE	331	32.812891	0.741078458299002	-0.2082	0.4099	FALSE	TRUE	
sugarcane	SoffiXsponR570.02Bg085400	MYB-related	TFF	TRUE	2	0.089335	1			FALSE	FALSE	
sugarcane	SoffiXsponR570.02Bg088300	AP2-EREBP	TFF	FALSE	35	3.76919	0.564705882352941	-0.0545	0.8933	FALSE	TRUE	
sugarcane	SoffiXsponR570.02Bg090000	MYB	TFF	TRUE	44	5.578689	0.46723044397463			FALSE	FALSE	
sugarcane	SoffiXsponR570.02Bg101000	zf-BED	TFF	FALSE	11114	3539.40996	0.747717676549962	-0.0433	0.9184	FALSE	TRUE	
sugarcane	SoffiXsponR570.02Bg103300	bHLH	TFF	FALSE	1	0.278424				FALSE	FALSE	
sugarcane	SoffiXsponR570.02Bg103500	bHLH	TFF	FALSE	14	1.016588	0.307692307692308			FALSE	FALSE	
sugarcane	SoffiXsponR570.02Bg106200	NAC	TFF	FALSE	23	1.613227	0.802371541501976			FALSE	FALSE	
sugarcane	SoffiXsponR570.02Bg106400	NAC	TFF	FALSE	215	35.505423	0.275766137796131	-0.12	0.6909	FALSE	TRUE	
sugarcane	SoffiXsponR570.02Bg107300	MYB	TFF	TRUE	49	10.488554	0.777210884353742			FALSE	FALSE	
sugarcane	SoffiXsponR570.02Bg112500	MYB	TFF	TRUE	1	0.038724				FALSE	FALSE	
sugarcane	SoffiXsponR570.02Bg114100	WRKY	TFF	FALSE	9	1.521266	0.388888888888889	-0.1764	0.5132	FALSE	TRUE	
sugarcane	SoffiXsponR570.02Bg115200	SBP	TFF	FALSE	49	6.738539	0.585884353741497	0.1895	0.4675	FALSE	TRUE	
sugarcane	SoffiXsponR570.02Bg118700	HB	TFF	FALSE	22	2.221791	0.41991341991342			FALSE	FALSE	
sugarcane	SoffiXsponR570.02Bg119800	MYB	TFF	TRUE	34	2.490365	0.928698752228164			FALSE	FALSE	
sugarcane	SoffiXsponR570.02Bg122800	AP2-EREBP	TFF	FALSE	39	4.741246	0.541160593792173			FALSE	FALSE	
sugarcane	SoffiXsponR570.02Bg125700	Top	TFF	FALSE	10215	2982.617649	0.753222957251288	-0.1087	0.7301	FALSE	TRUE	
sugarcane	SoffiXsponR570.02Bg131300	MADS	TFF	FALSE	116	28.829485	0.0892053973013493			FALSE	FALSE	
sugarcane	SoffiXsponR570.02Bg131600	C2C2-GATA	TFF	FALSE	142	41.534067	0.136050344620917	0.1459	0.596	FALSE	TRUE	
sugarcane	SoffiXsponR570.02Bg134500	SAP	TFF	FALSE	2	0.22008	1			FALSE	FALSE	
sugarcane	SoffiXsponR570.02Bg139300	MYB	TFF	TRUE	6	0.201146	0.8			FALSE	FALSE	
sugarcane	SoffiXsponR570.02Bg149700	bHLH	TFF	FALSE	2	0.26069	0			FALSE	FALSE	
sugarcane	SoffiXsponR570.02Bg150800	MYB-related	TFF	TRUE	5421	889.778419	0.939847021049071	0.093	0.7817	FALSE	TRUE	
sugarcane	SoffiXsponR570.02Bg155700	PLATZ	TFF	FALSE	64	17.555678	0.129960317460317			FALSE	FALSE	
sugarcane	SoffiXsponR570.02Bg156900	ABI3VP1	TFF	FALSE	2	0.116573	0			FALSE	FALSE	
sugarcane	SoffiXsponR570.02Bg165200	Top	TFF	FALSE	14	1.46033	0.142857142857143			FALSE	FALSE	
sugarcane	SoffiXsponR570.02Bg166600	GNAT	OTR	FALSE	167	17.748214	0.499747492965876			FALSE	FALSE	
sugarcane	SoffiXsponR570.02Bg168200	zf-LSD1	TFF	FALSE	6	0.44035	0.733333333333333			FALSE	FALSE	
sugarcane	SoffiXsponR570.02Bg181800	MYB	TFF	TRUE	97	35.781946	0.326245704467354			FALSE	FALSE	
sugarcane	SoffiXsponR570.02Bg186200	C3H	TFF	FALSE	5	0.703232	0			FALSE	FALSE	
sugarcane	SoffiXsponR570.02Bg191200	PHD	OTR	FALSE	17	1.986073	0.404411764705882	0.2868	0.1866	FALSE	TRUE	
sugarcane	SoffiXsponR570.02Bg197000	WRKY	TFF	FALSE	914	77.151861	0.865674753919198	-0.1055	0.7401	FALSE	TRUE	
sugarcane	SoffiXsponR570.02Bg197400	HMG	OTR	FALSE	54	5.822311	0.39832285115304	-0.5243	0.002086	FALSE	TRUE	
sugarcane	SoffiXsponR570.02Bg198800	C3H	TFF	FALSE	719	53.727924	0.943479995815916			FALSE	FALSE	
sugarcane	SoffiXsponR570.02Bg200100	ARF	TFF	FALSE	12	0.953502	0.560606060606061			FALSE	FALSE	
sugarcane	SoffiXsponR570.02Bg200500	DDT	OTR	FALSE	476	68.115543	0.534356479433879	0.156	0.5883	FALSE	TRUE	
sugarcane	SoffiXsponR570.02Bg202300	TUB	TFF	FALSE	2	0.477609	1			FALSE	FALSE	
sugarcane	SoffiXsponR570.02Bg203000	AUX/IAA	OTR	FALSE	170	22.732671	0.35377654020188	-0.0668	0.8608	FALSE	TRUE	
sugarcane	SoffiXsponR570.02Bg204300	E2F-DP	TFF	FALSE	92	35.109915	0.314859053989489			FALSE	FALSE	
sugarcane	SoffiXsponR570.02Bg214300	MYB	TFF	TRUE	2	0.865883	0			FALSE	FALSE	
sugarcane	SoffiXsponR570.02Bg219300	bHLH	TFF	FALSE	2	0.124002	0			FALSE	FALSE	
sugarcane	SoffiXsponR570.02Bg219400	Coactivator_p15	OTR	FALSE	2	0.16065	0			FALSE	FALSE	
sugarcane	SoffiXsponR570.02Bg220300	bHLH	TFF	FALSE	37	2.420325	0.594594594594595			FALSE	FALSE	
sugarcane	SoffiXsponR570.02Bg220400	MYB-related	TFF	TRUE	22	2.60016	0.29004329004329	-0.5514	0.0009647	FALSE	TRUE	
sugarcane	SoffiXsponR570.02Bg221200	MYB	TFF	TRUE	17	4.47915	0.102941176470588			FALSE	FALSE	
sugarcane	SoffiXsponR570.02Bg227400	MYB;MYB-related	TFF	TRUE	34	7.686998	0.071301247771836			FALSE	FALSE	
sugarcane	SoffiXsponR570.02Bg233500	HSF	TFF	FALSE	1	0.090725				FALSE	FALSE	
sugarcane	SoffiXsponR570.02Bg237900	AUX/IAA	OTR	FALSE	1318	241.331666	0.479347346420049	-0.1212	0.6864	FALSE	TRUE	
sugarcane	SoffiXsponR570.02Bg240000	SWI/SNF-BAF60b	OTR	FALSE	10231	2836.49933	0.738460984302686	-0.1626	0.5642	FALSE	TRUE	
sugarcane	SoffiXsponR570.02Bg241700	HB	TFF	FALSE	24	1.632636	0.550724637681159			FALSE	FALSE	
sugarcane	SoffiXsponR570.02Bg243200	HSF	TFF	FALSE	1	0.0308				FALSE	FALSE	
sugarcane	SoffiXsponR570.02Bg243600	OFP	TFF	FALSE	1	0.032781				FALSE	FALSE	
sugarcane	SoffiXsponR570.02Bg243800	WRKY	TFF	FALSE	41	4.443792	0.528048780487805			FALSE	FALSE	
sugarcane	SoffiXsponR570.02Bg245000	AP2-EREBP	TFF	FALSE	17	1.191201	0.676470588235294	0.4112	0.02743	FALSE	TRUE	
sugarcane	SoffiXsponR570.02Bg245400	VOZ	TFF	FALSE	14684	6195.338849	0.580082513048435	0.0155	0.9752	FALSE	TRUE	
sugarcane	SoffiXsponR570.02Bg245900	ARF	TFF	FALSE	11113	3453.100585	0.717091820092528	-0.1618	0.5672	FALSE	TRUE	
sugarcane	SoffiXsponR570.02Bg246900	TCP	TFF	FALSE	14	1.295908	0.483516483516484			FALSE	FALSE	
sugarcane	SoffiXsponR570.02Bg247300	bZIP	TFF	FALSE	19	2.631571	0.403508771929825			FALSE	FALSE	
sugarcane	SoffiXsponR570.02Bg251000	CPP	TFF	FALSE	8346	2018.503897	0.860601082280638	-0.0089	0.9859	FALSE	TRUE	
sugarcane	SoffiXsponR570.02Bg252700	FAR1	TFF	FALSE	70	12.553257	0.642236024844721			FALSE	FALSE	
sugarcane	SoffiXsponR570.02Bg253000	TCP	TFF	FALSE	122	15.114172	0.552364178295624			FALSE	FALSE	
sugarcane	SoffiXsponR570.02Bg255500	zf-A20	TFF	FALSE	109	23.04086	0.018008834522596			FALSE	FALSE	
sugarcane	SoffiXsponR570.02Bg256800	TRAF	OTR	FALSE	52	7.182566	0.312971342383107			FALSE	FALSE	
sugarcane	SoffiXsponR570.02Bg258700	NAC	TFF	FALSE	4	0.548124	0.5			FALSE	FALSE	
sugarcane	SoffiXsponR570.02Bg261900	bHLH	TFF	FALSE	1	0.322006				FALSE	FALSE	
sugarcane	SoffiXsponR570.02Bg265200	Top	TFF	FALSE	152	14.047784	0.490676193795748			FALSE	FALSE	
sugarcane	SoffiXsponR570.02Bg273400	AP2-EREBP	TFF	FALSE	2515	257.61032	0.946944585470471	0.1157	0.7056	FALSE	TRUE	
sugarcane	SoffiXsponR570.02Bg275600	SAP	TFF	FALSE	14752	6382.600915	0.571699696156487	-0.0352	0.9344	FALSE	TRUE	
sugarcane	SoffiXsponR570.02Bg276200	bZIP	TFF	FALSE	12462	4300.711891	0.640933701271865	-0.1271	0.6646	FALSE	TRUE	
sugarcane	SoffiXsponR570.02Bg279200	bZIP	TFF	FALSE	7	1.005028	0.476190476190476			FALSE	FALSE	
sugarcane	SoffiXsponR570.02Bg280700	SET	OTR	FALSE	2	1.064477	1			FALSE	FALSE	
sugarcane	SoffiXsponR570.02Bg280900	MYB	TFF	TRUE	1	0.043677				FALSE	FALSE	
sugarcane	SoffiXsponR570.02Bg282000	bZIP	TFF	FALSE	15398	6841.547869	0.546668342816608	-0.0201	0.9665	FALSE	TRUE	
sugarcane	SoffiXsponR570.02Bg284500	NAC	TFF	FALSE	59	9.108259	0.473407364114553	0.7109	1.16e-06	TRUE	TRUE	ortholog_not_correlated
sugarcane	SoffiXsponR570.02Bg287400	WRKY	TFF	FALSE	31	3.242856	0.425806451612903	0.2879	0.1842	FALSE	TRUE	
sugarcane	SoffiXsponR570.02Bg287500	WRKY	TFF	FALSE	657	61.678679	0.807597356795486	0.0629	0.8722	FALSE	TRUE	
sugarcane	SoffiXsponR570.02Bg291100	WRKY	TFF	FALSE	23	2.515568	0.561264822134387	0.3581	0.0696	FALSE	TRUE	
sugarcane	SoffiXsponR570.02Bg296400	CCAAT	TFF	FALSE	10	3.106153	0.488888888888889			FALSE	FALSE	
sugarcane	SoffiXsponR570.02Bg299500	C2H2	TFF	FALSE	43	7.014317	0.380952380952381	0.3642	0.06317	FALSE	TRUE	
sugarcane	SoffiXsponR570.02Bg299800	C2H2	TFF	FALSE	332	52.515423	0.428784624904452	0.3554	0.07263	FALSE	TRUE	
sugarcane	SoffiXsponR570.02Bg302600	GRAS	TFF	FALSE	1	0.032286				FALSE	FALSE	
sugarcane	SoffiXsponR570.02Bg306400	HB	TFF	FALSE	207	28.011566	0.276487969607429	0.2473	0.287	FALSE	TRUE	
sugarcane	SoffiXsponR570.02Bg309800	MYB	TFF	TRUE	6	0.665688	0.333333333333333	-0.3983	0.035	FALSE	TRUE	
sugarcane	SoffiXsponR570.02Bg313100	CCAAT	TFF	FALSE	7	2.125278	0.952380952380952			FALSE	FALSE	
sugarcane	SoffiXsponR570.02Bg316400	OFP	TFF	FALSE	9	4.215908	0.444444444444444			FALSE	FALSE	
sugarcane	SoffiXsponR570.02Bg319200	AP2-EREBP	TFF	FALSE	1	0.315568				FALSE	FALSE	
sugarcane	SoffiXsponR570.02Bg320700	C2H2	TFF	FALSE	3653	428.633887	0.978781562304265	-0.0109	0.9825	FALSE	TRUE	
sugarcane	SoffiXsponR570.02Bg328000	GRAS	TFF	FALSE	13753	5375.473902	0.628392157454926	-0.0377	0.9296	FALSE	TRUE	
sugarcane	SoffiXsponR570.02Bg329800	SWI/SNF-BAF60b	OTR	FALSE	4	0.44957	0.833333333333333	0.1018	0.7527	FALSE	TRUE	
sugarcane	SoffiXsponR570.02Bg330700	MADS	TFF	FALSE	5	1.314862	0.1			FALSE	FALSE	
sugarcane	SoffiXsponR570.02Bg331500	Alfin-like	TFF	FALSE	2	0.048229	0			FALSE	FALSE	
sugarcane	SoffiXsponR570.02Bg335200	TAZ	TFF	FALSE	3	0.159755	0.333333333333333			FALSE	FALSE	
sugarcane	SoffiXsponR570.02Bg342700	GRAS	TFF	FALSE	1	0.103107				FALSE	FALSE	
sugarcane	SoffiXsponR570.02Bg343600	ABI3VP1	TFF	FALSE	4065	557.374037	0.949224462717068	-0.1015	0.7538	FALSE	TRUE	
sugarcane	SoffiXsponR570.02Bg345200	TAZ	TFF	FALSE	317	46.978119	0.431597652038494	-0.4959	0.004313	FALSE	TRUE	
sugarcane	SoffiXsponR570.02Bg348000	ABI3VP1	TFF	FALSE	33	14.335108	0.431818181818182			FALSE	FALSE	
sugarcane	SoffiXsponR570.02Bg350600	bHLH	TFF	FALSE	4	0.226213	0.166666666666667			FALSE	FALSE	
sugarcane	SoffiXsponR570.02Bg351900	C3H	TFF	FALSE	31	4.148664	0.445161290322581			FALSE	FALSE	
sugarcane	SoffiXsponR570.02Bg356900	SBP	TFF	FALSE	234	25.485893	0.621730677524669	-0.1276	0.6629	FALSE	TRUE	
sugarcane	SoffiXsponR570.02Bg357800	TIG	TFF	FALSE	3	0.158269	0.333333333333333	0.006	0.9911	FALSE	TRUE	
sugarcane	SoffiXsponR570.02Bg358800	Top	TFF	FALSE	263	33.844962	0.71686065074159	0.0838	0.8134	FALSE	TRUE	
sugarcane	SoffiXsponR570.02Bg362500	SET	OTR	FALSE	1	0.65927				FALSE	FALSE	
sugarcane	SoffiXsponR570.02Bg363000	ARF	TFF	FALSE	8	1.415188	0.107142857142857	-0.1704	0.5344	FALSE	TRUE	
sugarcane	SoffiXsponR570.02Bg363300	bHLH	TFF	FALSE	5	0.612106	0.1			FALSE	FALSE	
sugarcane	SoffiXsponR570.02Bg368000	C2H2	TFF	FALSE	365	43.815573	0.776998344121632	-0.0113	0.9816	FALSE	TRUE	
sugarcane	SoffiXsponR570.02Bg368300	CCAAT	TFF	FALSE	99	9.536983	0.650587507730365			FALSE	FALSE	
sugarcane	SoffiXsponR570.02Bg376400	TRAF	OTR	FALSE	2015	493.554727	0.510900125917584	0.1025	0.7507	FALSE	TRUE	
sugarcane	SoffiXsponR570.02Bg381400	bHLH	TFF	FALSE	30	5.720485	0.455172413793103	0.6156	0.0001047	TRUE	TRUE	ortholog_not_correlated
sugarcane	SoffiXsponR570.02Bg382100	SRS	TFF	FALSE	34	3.794847	0.755793226381462			FALSE	FALSE	
sugarcane	SoffiXsponR570.02Bg384200	FAR1	TFF	FALSE	35	3.691436	0.277310924369748			FALSE	FALSE	
sugarcane	SoffiXsponR570.02Bg388100	Top	TFF	FALSE	72	10.606628	0.247652582159624			FALSE	FALSE	
sugarcane	SoffiXsponR570.02Bg392500	PHD	OTR	FALSE	3	0.093392	1			FALSE	FALSE	
sugarcane	SoffiXsponR570.02Bg392700	GNAT	OTR	FALSE	2	0.644507	1			FALSE	FALSE	
sugarcane	SoffiXsponR570.02Bg394400	AP2-EREBP	TFF	FALSE	197	67.919155	0.128250284885528	0.055	0.8925	FALSE	TRUE	
sugarcane	SoffiXsponR570.02Bg396200	MYB-related	TFF	TRUE	326	79.842616	0.37623407267579	-0.3692	0.05796	FALSE	TRUE	
sugarcane	SoffiXsponR570.02Bg396700	Top	TFF	FALSE	14	1.09979	0.307692307692308			FALSE	FALSE	
sugarcane	SoffiXsponR570.02Cg000500	WRKY	TFF	FALSE	26	3.223562	0.218461538461538	0.2439	0.2961	FALSE	TRUE	
sugarcane	SoffiXsponR570.02Cg002600	G2-like	TFF	FALSE	372	39.156948	0.622496594499029	-0.0397	0.9253	FALSE	TRUE	
sugarcane	SoffiXsponR570.02Cg004300	RWP-RK	TFF	FALSE	5711	973.176463	0.854150698823452	0.3241	0.1151	FALSE	TRUE	
sugarcane	SoffiXsponR570.02Cg004800	ARF	TFF	FALSE	1848	295.208524	0.506231586496882	-0.5793	0.0003987	FALSE	TRUE	
sugarcane	SoffiXsponR570.02Cg009000	AUX/IAA	OTR	FALSE	2022	446.150785	0.438487376121447			FALSE	FALSE	
sugarcane	SoffiXsponR570.02Cg012000	OFP	TFF	FALSE	21	3.693572	0.171428571428571			FALSE	FALSE	
sugarcane	SoffiXsponR570.02Cg018300	SET	OTR	FALSE	49	5.090355	0.267006802721088			FALSE	FALSE	
sugarcane	SoffiXsponR570.02Cg019700	bHLH	TFF	FALSE	25	2.526158	0.45			FALSE	FALSE	
sugarcane	SoffiXsponR570.02Cg023700	bZIP	TFF	FALSE	20	8.035808	0.357894736842105			FALSE	FALSE	
sugarcane	SoffiXsponR570.02Cg028600	BES1	TFF	FALSE	6	0.691441	0.866666666666667			FALSE	FALSE	
sugarcane	SoffiXsponR570.02Cg035100	bHLH	TFF	FALSE	448	87.835623	0.418813918184724	0.3605	0.06709	FALSE	TRUE	
sugarcane	SoffiXsponR570.02Cg038500	MYB-related	TFF	TRUE	11	1.821576	0.272727272727273			FALSE	FALSE	
sugarcane	SoffiXsponR570.02Cg038700	C3H	TFF	FALSE	693	100.373322	0.721421481537089			FALSE	FALSE	
sugarcane	SoffiXsponR570.02Cg040700	MYB-related	TFF	TRUE	15	2.555418	0.466666666666667			FALSE	FALSE	
sugarcane	SoffiXsponR570.02Cg041900	PAS	TFF	FALSE	158	21.747969	0.371684269934693			FALSE	FALSE	
sugarcane	SoffiXsponR570.02Cg043200	HMG	OTR	FALSE	1	0.036248				FALSE	FALSE	
sugarcane	SoffiXsponR570.02Cg044600	PHD	OTR	FALSE	3	0.222156	0.333333333333333			FALSE	FALSE	
sugarcane	SoffiXsponR570.02Cg045000	CCAAT	TFF	FALSE	1	0.043182				FALSE	FALSE	
sugarcane	SoffiXsponR570.02Cg049200	AUX/IAA	OTR	FALSE	10	1.292061	0.422222222222222	-0.3127	0.1347	FALSE	TRUE	
sugarcane	SoffiXsponR570.02Cg052500	C3H	TFF	FALSE	10	0.406063	0.177777777777778			FALSE	FALSE	
sugarcane	SoffiXsponR570.02Cg052900	bZIP	TFF	FALSE	1	0.423037				FALSE	FALSE	
sugarcane	SoffiXsponR570.02Cg056300	MYB	TFF	TRUE	138	17.558254	0.603935258648048			FALSE	FALSE	
sugarcane	SoffiXsponR570.02Cg063900	MYB-related	TFF	TRUE	12	2.61902	0.333333333333333			FALSE	FALSE	
sugarcane	SoffiXsponR570.02Cg066900	CCAAT	TFF	FALSE	679	105.802381	0.351471233507544			FALSE	FALSE	
sugarcane	SoffiXsponR570.02Cg075500	bHLH	TFF	FALSE	90	24.324717	0.125842696629213			FALSE	FALSE	
sugarcane	SoffiXsponR570.02Cg085400	MYB	TFF	TRUE	50	8.199615	0.546122448979592			FALSE	FALSE	
sugarcane	SoffiXsponR570.02Cg086600	Top	TFF	FALSE	14	0.854642	0.373626373626374			FALSE	FALSE	
sugarcane	SoffiXsponR570.02Cg095100	zf-BED	TFF	FALSE	11534	3782.305943	0.73047312563968	-0.0105	0.9834	FALSE	TRUE	
sugarcane	SoffiXsponR570.02Cg097200	bHLH	TFF	FALSE	35	4.038109	0.309243697478992			FALSE	FALSE	
sugarcane	SoffiXsponR570.02Cg100300	NAC	TFF	FALSE	3	1.162136	0.333333333333333			FALSE	FALSE	
sugarcane	SoffiXsponR570.02Cg100500	NAC	TFF	FALSE	280	55.066948	0.270967741935484			FALSE	FALSE	
sugarcane	SoffiXsponR570.02Cg101200	MYB	TFF	TRUE	8	1.631116	0.214285714285714			FALSE	FALSE	
sugarcane	SoffiXsponR570.02Cg104700	mTERF	OTR	FALSE	6713	1301.865033	0.850957493217135			FALSE	FALSE	
sugarcane	SoffiXsponR570.02Cg105200	NAC	TFF	FALSE	3	0.555953	0			FALSE	FALSE	
sugarcane	SoffiXsponR570.02Cg109000	Top	TFF	FALSE	12520	4333.258639	0.65606361397768	-0.0969	0.7687	FALSE	TRUE	
sugarcane	SoffiXsponR570.02Cg110700	C3H	TFF	FALSE	50	4.548649	0.503673469387755	-0.3301	0.1059	FALSE	TRUE	
sugarcane	SoffiXsponR570.02Cg111200	C3H	TFF	FALSE	10332	3067.682596	0.7469111548286			FALSE	FALSE	
sugarcane	SoffiXsponR570.02Cg111400	C3H	TFF	FALSE	46	7.103747	0.399033816425121			FALSE	FALSE	
sugarcane	SoffiXsponR570.02Cg113400	NAC	TFF	FALSE	5	0.569515	0			FALSE	FALSE	
sugarcane	SoffiXsponR570.02Cg114700	C2C2-Dof	TFF	FALSE	18	2.478444	0.745098039215686	0.0458	0.9129	FALSE	TRUE	
sugarcane	SoffiXsponR570.02Cg119100	BSD	TFF	FALSE	17	1.293717	0.875	-0.0971	0.7681	FALSE	TRUE	
sugarcane	SoffiXsponR570.02Cg120800	MYB	TFF	TRUE	184	17.163457	0.0213827512473272	-0.1166	0.7025	FALSE	TRUE	
sugarcane	SoffiXsponR570.02Cg122800	C2C2-Dof	TFF	FALSE	62	5.601696	0.61872025383395	-0.3581	0.06962	FALSE	TRUE	
sugarcane	SoffiXsponR570.02Cg127200	MYB	TFF	TRUE	23	1.545873	0.711462450592885			FALSE	FALSE	
sugarcane	SoffiXsponR570.02Cg127400	bHLH	TFF	FALSE	15	1.272726	0.4			FALSE	FALSE	
sugarcane	SoffiXsponR570.02Cg127700	AUX/IAA	OTR	FALSE	4	0.457989	0			FALSE	FALSE	
sugarcane	SoffiXsponR570.02Cg131000	MYB	TFF	TRUE	66	22.535583	0.224242424242424			FALSE	FALSE	
sugarcane	SoffiXsponR570.02Cg133000	HB	TFF	FALSE	117	22.444352	0.160330091364574	0.0093	0.9855	FALSE	TRUE	
sugarcane	SoffiXsponR570.02Cg174100	C3H	TFF	FALSE	4249	596.275893	0.89327631759151	-0.2192	0.3737	FALSE	TRUE	
sugarcane	SoffiXsponR570.02Cg174200	C2H2	TFF	FALSE	1	0.021886				FALSE	FALSE	
sugarcane	SoffiXsponR570.02Cg174900	bHLH	TFF	FALSE	6	0.262061	0.533333333333333			FALSE	FALSE	
sugarcane	SoffiXsponR570.02Cg175400	MYB-related	TFF	TRUE	94	6.250045	0.850377487989018	-0.0036	0.9945	FALSE	TRUE	
sugarcane	SoffiXsponR570.02Cg178600	mTERF	OTR	FALSE	14	2.546903	0.472527472527473			FALSE	FALSE	
sugarcane	SoffiXsponR570.02Cg180900	MYB-related	TFF	TRUE	13654	5305.385468	0.634088761205982	-0.0345	0.9363	FALSE	TRUE	
sugarcane	SoffiXsponR570.02Cg182200	ABI3VP1	TFF	FALSE	6	0.361111	0.266666666666667	-0.3267	0.1107	FALSE	TRUE	
sugarcane	SoffiXsponR570.02Cg191000	Top	TFF	FALSE	17	4.47915	0.102941176470588			FALSE	FALSE	
sugarcane	SoffiXsponR570.02Cg194400	zf-LSD1	TFF	FALSE	3579	402.400025	0.961113919764554	-0.0309	0.9434	FALSE	TRUE	
sugarcane	SoffiXsponR570.02Cg196000	C3H	TFF	FALSE	1789	150.936293	0.981993489920381			FALSE	FALSE	
sugarcane	SoffiXsponR570.02Cg198600	MYB-related	TFF	TRUE	21	3.106703	0.566666666666667	0.2132	0.3939	FALSE	TRUE	
sugarcane	SoffiXsponR570.02Cg201900	HSF	TFF	FALSE	38	4.516308	0.39402560455192			FALSE	FALSE	
sugarcane	SoffiXsponR570.02Cg202100	OFP	TFF	FALSE	466	90.466603	0.435894595966588	0.4115	0.02726	FALSE	TRUE	
sugarcane	SoffiXsponR570.02Cg208200	MYB	TFF	TRUE	4	2.424122	0.5			FALSE	FALSE	
sugarcane	SoffiXsponR570.02Cg212500	C3H	TFF	FALSE	17	3.554522	0.720588235294118			FALSE	FALSE	
sugarcane	SoffiXsponR570.02Cg219000	bZIP	TFF	FALSE	4	0.378749	0.166666666666667			FALSE	FALSE	
sugarcane	SoffiXsponR570.02Cg224300	HMG	OTR	FALSE	128	16.038379	0.299827755905512			FALSE	FALSE	
sugarcane	SoffiXsponR570.02Cg226800	ARF	TFF	FALSE	457	56.529895	0.363017774194787			FALSE	FALSE	
sugarcane	SoffiXsponR570.02Cg227200	DDT	OTR	FALSE	24	2.663247	0.561594202898551			FALSE	FALSE	
sugarcane	SoffiXsponR570.02Cg229000	TUB	TFF	FALSE	2	0.167584	1			FALSE	FALSE	
sugarcane	SoffiXsponR570.02Cg231300	E2F-DP	TFF	FALSE	1	0.098649				FALSE	FALSE	
sugarcane	SoffiXsponR570.02Cg236000	Top	TFF	FALSE	5	0.593782	0.6			FALSE	FALSE	
sugarcane	SoffiXsponR570.02Cg245100	MYB	TFF	TRUE	8	0.880815	0.821428571428571			FALSE	FALSE	
sugarcane	SoffiXsponR570.02Cg247000	bHLH	TFF	FALSE	46	7.98925	0.373913043478261			FALSE	FALSE	
sugarcane	SoffiXsponR570.02Cg248100	MYB-related	TFF	TRUE	75	8.766078	0.473153153153153	-0.3806	0.04782	FALSE	TRUE	
sugarcane	SoffiXsponR570.02Cg249200	MYB	TFF	TRUE	194	65.992851	0.265584103413279			FALSE	FALSE	
sugarcane	SoffiXsponR570.02Cg251000	WRKY	TFF	FALSE	1	0.277929				FALSE	FALSE	
sugarcane	SoffiXsponR570.02Cg255500	MYB	TFF	TRUE	53	15.117024	0.109579100145138			FALSE	FALSE	
sugarcane	SoffiXsponR570.02Cg256500	ABI3VP1	TFF	FALSE	7	2.736908	0.238095238095238			FALSE	FALSE	
sugarcane	SoffiXsponR570.02Cg260400	WRKY	TFF	FALSE	1	0.042191				FALSE	FALSE	
sugarcane	SoffiXsponR570.02Cg261300	OFP	TFF	FALSE	10	2.460845	0.0666666666666667			FALSE	FALSE	
sugarcane	SoffiXsponR570.02Cg261800	HSF	TFF	FALSE	236	41.206728	0.328705373241976			FALSE	FALSE	
sugarcane	SoffiXsponR570.02Cg262100	WRKY	TFF	FALSE	452	125.645188	0.74013499990189			FALSE	FALSE	
sugarcane	SoffiXsponR570.02Cg267400	AUX/IAA	OTR	FALSE	366	54.39911	0.368485665094693			FALSE	FALSE	
sugarcane	SoffiXsponR570.02Cg269500	SWI/SNF-BAF60b	OTR	FALSE	2	0.064572	1			FALSE	FALSE	
sugarcane	SoffiXsponR570.02Cg271000	HB	TFF	FALSE	1	0.077354				FALSE	FALSE	
sugarcane	SoffiXsponR570.02Cg272200	HSF	TFF	FALSE	9	1.233032	0.25			FALSE	FALSE	
sugarcane	SoffiXsponR570.02Cg272600	WRKY	TFF	FALSE	13	1.427054	0.576923076923077			FALSE	FALSE	
sugarcane	SoffiXsponR570.02Cg274100	VOZ	TFF	FALSE	1	0.101126				FALSE	FALSE	
sugarcane	SoffiXsponR570.02Cg274600	ARF	TFF	FALSE	3	0.157279	0.333333333333333	-0.3063	0.1464	FALSE	TRUE	
sugarcane	SoffiXsponR570.02Cg276500	bZIP	TFF	FALSE	14	3.228364	0.318681318681319			FALSE	FALSE	
sugarcane	SoffiXsponR570.02Cg281100	TCP	TFF	FALSE	584	93.447819	0.487711177424282			FALSE	FALSE	
sugarcane	SoffiXsponR570.02Cg283100	NAC	TFF	FALSE	86	17.559255	0.0473324213406293			FALSE	FALSE	
sugarcane	SoffiXsponR570.02Cg283400	zf-A20	TFF	FALSE	132	42.855923	0.174068933610918			FALSE	FALSE	
sugarcane	SoffiXsponR570.02Cg283800	BSD	TFF	FALSE	528	61.101836	0.56074981312173			FALSE	FALSE	
sugarcane	SoffiXsponR570.02Cg286400	NAC	TFF	FALSE	34	7.686998	0.071301247771836			FALSE	FALSE	
sugarcane	SoffiXsponR570.02Cg300500	AP2-EREBP	TFF	FALSE	1	0.595383				FALSE	FALSE	
sugarcane	SoffiXsponR570.02Cg300600	AP2-EREBP	TFF	FALSE	56	5.862121	0.757792207792208			FALSE	FALSE	
sugarcane	SoffiXsponR570.02Cg303200	bZIP	TFF	FALSE	53	6.44078	0.388243831640058	-0.2524	0.273	FALSE	TRUE	
sugarcane	SoffiXsponR570.02Cg306100	bZIP	TFF	FALSE	1	0.050115				FALSE	FALSE	
sugarcane	SoffiXsponR570.02Cg307500	SET	OTR	FALSE	1	0.052096				FALSE	FALSE	
sugarcane	SoffiXsponR570.02Cg307700	MYB	TFF	TRUE	2	0.078934	0			FALSE	FALSE	
sugarcane	SoffiXsponR570.02Cg308800	AP2-EREBP	TFF	FALSE	55	14.432781	0.133333333333333	0.1459	0.596	FALSE	TRUE	
sugarcane	SoffiXsponR570.02Cg309100	AP2-EREBP	TFF	FALSE	4	2.363207	0.833333333333333	-0.207	0.4129	FALSE	TRUE	
sugarcane	SoffiXsponR570.02Cg311200	NAC	TFF	FALSE	8	0.541571	0.5			FALSE	FALSE	
sugarcane	SoffiXsponR570.02Cg314100	WRKY	TFF	FALSE	24	8.975178	0.322463768115942			FALSE	FALSE	
sugarcane	SoffiXsponR570.02Cg314200	WRKY	TFF	FALSE	14	2.750945	0.0989010989010989			FALSE	FALSE	
sugarcane	SoffiXsponR570.02Cg314400	WRKY	TFF	FALSE	49	7.347199	0.349489795918367			FALSE	FALSE	
sugarcane	SoffiXsponR570.02Cg314500	WRKY	TFF	FALSE	33	5.122016	0.475378787878788			FALSE	FALSE	
sugarcane	SoffiXsponR570.02Cg316600	FAR1	TFF	FALSE	16	5.867729	0.291666666666667			FALSE	FALSE	
sugarcane	SoffiXsponR570.02Cg318000	WRKY	TFF	FALSE	36	4.485413	0.503174603174603	0.4143	0.02577	FALSE	TRUE	
sugarcane	SoffiXsponR570.02Cg326900	C2H2	TFF	FALSE	9	2.134877	0.416666666666667			FALSE	FALSE	
sugarcane	SoffiXsponR570.02Cg329500	WRKY	TFF	FALSE	2	0.098744	0			FALSE	FALSE	
sugarcane	SoffiXsponR570.02Cg332200	HB	TFF	FALSE	191	25.155933	0.455717828602921	0.1225	0.6816	FALSE	TRUE	
sugarcane	SoffiXsponR570.02Cg335800	MYB	TFF	TRUE	25	2.841136	0.35			FALSE	FALSE	
sugarcane	SoffiXsponR570.02Cg340000	C2H2	TFF	FALSE	3	0.108249	0			FALSE	FALSE	
sugarcane	SoffiXsponR570.02Cg342800	OFP	TFF	FALSE	19	13.420045	0.766081871345029			FALSE	FALSE	
sugarcane	SoffiXsponR570.02Cg342900	OFP	TFF	FALSE	408	148.071266	0.288685744568098			FALSE	FALSE	
sugarcane	SoffiXsponR570.02Cg344000	C2C2-Dof	TFF	FALSE	9	2.227984	0.75			FALSE	FALSE	
sugarcane	SoffiXsponR570.02Cg347500	C2H2	TFF	FALSE	16	1.182191	0.55	-0.0936	0.7797	FALSE	TRUE	
sugarcane	SoffiXsponR570.02Cg355200	GRAS	TFF	FALSE	35	3.69936	0.680672268907563	-0.5122	0.002855	FALSE	TRUE	
sugarcane	SoffiXsponR570.02Cg357000	NAC	TFF	FALSE	55	7.054087	0.316498316498317			FALSE	FALSE	
sugarcane	SoffiXsponR570.02Cg362900	TAZ	TFF	FALSE	112	16.176023	0.382722007722008			FALSE	FALSE	
sugarcane	SoffiXsponR570.02Cg368400	bHLH	TFF	FALSE	2	0.546943	1			FALSE	FALSE	
sugarcane	SoffiXsponR570.02Cg370300	ARR-B;MYB-related	TFF	TRUE	20	1.758049	0.584210526315789			FALSE	FALSE	
sugarcane	SoffiXsponR570.02Cg370600	ABI3VP1	TFF	FALSE	4	0.3005	0			FALSE	FALSE	
sugarcane	SoffiXsponR570.02Cg372300	TAZ	TFF	FALSE	104	13.226063	0.477595220313667			FALSE	FALSE	
sugarcane	SoffiXsponR570.02Cg377800	bHLH	TFF	FALSE	5	0.85973	0.2			FALSE	FALSE	
sugarcane	SoffiXsponR570.02Cg378800	C3H	TFF	FALSE	141	17.25	0.428368794326241			FALSE	FALSE	
sugarcane	SoffiXsponR570.02Cg384300	SBP	TFF	FALSE	190	17.541901	0.750041771094403			FALSE	FALSE	
sugarcane	SoffiXsponR570.02Cg386000	TCP	TFF	FALSE	13	1.183887	0.5			FALSE	FALSE	
sugarcane	SoffiXsponR570.02Cg387900	NAC	TFF	FALSE	1	0.03922				FALSE	FALSE	
sugarcane	SoffiXsponR570.02Cg388000	MYB	TFF	TRUE	15	1.158819	0.714285714285714	0.2447	0.2943	FALSE	TRUE	
sugarcane	SoffiXsponR570.02Cg388400	Tify	TFF	FALSE	871	160.363242	0.755627697058474	0.0411	0.9227	FALSE	TRUE	
sugarcane	SoffiXsponR570.02Cg389500	SET	OTR	FALSE	2	0.186403	0			FALSE	FALSE	
sugarcane	SoffiXsponR570.02Cg390100	ARF	TFF	FALSE	91	11.403802	0.483272283272283			FALSE	FALSE	
sugarcane	SoffiXsponR570.02Cg396000	C2H2	TFF	FALSE	36	3.443907	0.679365079365079			FALSE	FALSE	
sugarcane	SoffiXsponR570.02Cg396400	CCAAT	TFF	FALSE	31	3.801991	0.223655913978495			FALSE	FALSE	
sugarcane	SoffiXsponR570.02Cg405500	TRAF	OTR	FALSE	1444	326.507909	0.646846078979043			FALSE	FALSE	
sugarcane	SoffiXsponR570.02Cg411100	bHLH	TFF	FALSE	41	8.438954	0.426829268292683			FALSE	FALSE	
sugarcane	SoffiXsponR570.02Cg411700	SRS	TFF	FALSE	1	0.104097				FALSE	FALSE	
sugarcane	SoffiXsponR570.02Cg417000	Top	TFF	FALSE	43	4.153272	0.471760797342193	-0.5817	0.0003676	FALSE	TRUE	
sugarcane	SoffiXsponR570.02Cg423800	AP2-EREBP	TFF	FALSE	1	0.403722				FALSE	FALSE	
sugarcane	SoffiXsponR570.02Cg425500	MYB-related	TFF	TRUE	221	47.954537	0.463595228301111			FALSE	FALSE	
sugarcane	SoffiXsponR570.02Cg427600	C2C2-GATA	TFF	FALSE	1	0.036743		-0.5119	0.002873	FALSE	TRUE	
sugarcane	SoffiXsponR570.02Dg000900	WRKY	TFF	FALSE	15	1.674372	0.238095238095238	0.0665	0.8617	FALSE	TRUE	
sugarcane	SoffiXsponR570.02Dg001100	RWP-RK	TFF	FALSE	3135	446.868204	0.699830128782535	-0.2445	0.2948	FALSE	TRUE	
sugarcane	SoffiXsponR570.02Dg001900	NAC	TFF	FALSE	24	8.975178	0.322463768115942			FALSE	FALSE	
sugarcane	SoffiXsponR570.02Dg002600	G2-like	TFF	FALSE	7	0.324062	0.142857142857143	-0.1496	0.596	FALSE	TRUE	
sugarcane	SoffiXsponR570.02Dg004000	RWP-RK	TFF	FALSE	196	29.144637	0.411878597592883			FALSE	FALSE	
sugarcane	SoffiXsponR570.02Dg004300	ARF	TFF	FALSE	325	62.807984	0.200664767331434	-0.8679	1.142e-12	TRUE	TRUE	ortholog_not_correlated
sugarcane	SoffiXsponR570.02Dg008200	AUX/IAA	OTR	FALSE	2009	431.319855	0.434153381496414			FALSE	FALSE	
sugarcane	SoffiXsponR570.02Dg012200	OFP	TFF	FALSE	814	142.594282	0.706803751084194			FALSE	FALSE	
sugarcane	SoffiXsponR570.02Dg017800	SET	OTR	FALSE	968	134.472496	0.516798140282205	0.3881	0.04194	FALSE	TRUE	
sugarcane	SoffiXsponR570.02Dg023000	bZIP	TFF	FALSE	7	2.132211	0.19047619047619			FALSE	FALSE	
sugarcane	SoffiXsponR570.02Dg027300	BES1	TFF	FALSE	17	1.761231	0.330882352941176			FALSE	FALSE	
sugarcane	SoffiXsponR570.02Dg027700	MADS	TFF	FALSE	2	0.068534	1			FALSE	FALSE	
sugarcane	SoffiXsponR570.02Dg028900	AP2-EREBP	TFF	FALSE	90	26.421101	0.128589263420724			FALSE	FALSE	
sugarcane	SoffiXsponR570.02Dg032500	bHLH	TFF	FALSE	609	131.537709	0.345956486042693	0.347	0.08271	FALSE	TRUE	
sugarcane	SoffiXsponR570.02Dg033500	TRAF	OTR	FALSE	40	3.3804	0.606410256410256			FALSE	FALSE	
sugarcane	SoffiXsponR570.02Dg034900	C2C2-Dof	TFF	FALSE	1	0.211566				FALSE	FALSE	
sugarcane	SoffiXsponR570.02Dg035700	C3H	TFF	FALSE	404	47.250355	0.854863277891065			FALSE	FALSE	
sugarcane	SoffiXsponR570.02Dg036300	NAC	TFF	FALSE	11550	3599.139635	0.682767459111731			FALSE	FALSE	
sugarcane	SoffiXsponR570.02Dg037700	MYB-related	TFF	TRUE	2	0.100725	0			FALSE	FALSE	
sugarcane	SoffiXsponR570.02Dg038600	PAS	TFF	FALSE	10439	2902.156743	0.735824493837234			FALSE	FALSE	
sugarcane	SoffiXsponR570.02Dg039700	HMG	OTR	FALSE	270	28.372151	0.547707558859975	-0.4421	0.01471	FALSE	TRUE	
sugarcane	SoffiXsponR570.02Dg041200	PHD	OTR	FALSE	9	0.78087	0.166666666666667			FALSE	FALSE	
sugarcane	SoffiXsponR570.02Dg041600	CCAAT	TFF	FALSE	23	6.734582	0.181818181818182			FALSE	FALSE	
sugarcane	SoffiXsponR570.02Dg043200	OFP	TFF	FALSE	74	23.772481	0.14476119955572			FALSE	FALSE	
sugarcane	SoffiXsponR570.02Dg049800	C3H	TFF	FALSE	35	8.742466	0.0588235294117647	-0.1459	0.596	FALSE	TRUE	
sugarcane	SoffiXsponR570.02Dg050200	bZIP	TFF	FALSE	295	23.718704	0.880779430416234			FALSE	FALSE	
sugarcane	SoffiXsponR570.02Dg059600	MYB-related	TFF	TRUE	13597	5216.740135	0.606884981442547			FALSE	FALSE	
sugarcane	SoffiXsponR570.02Dg061200	zf-fF-X1	TFF	FALSE	76	7.29083	0.623508771929825	-0.2276	0.3466	FALSE	TRUE	
sugarcane	SoffiXsponR570.02Dg061300	Alfin-like	TFF	FALSE	898	89.647419	0.762576566779143			FALSE	FALSE	
sugarcane	SoffiXsponR570.02Dg063200	MYB-related	TFF	TRUE	31	5.876088	0.16989247311828	0.1083	0.7314	FALSE	TRUE	
sugarcane	SoffiXsponR570.02Dg065100	CCAAT	TFF	FALSE	36	4.801876	0.311111111111111	-0.6665	1.175e-05	TRUE	TRUE	ortholog_not_correlated
sugarcane	SoffiXsponR570.02Dg065200	CCAAT	TFF	FALSE	5265	875.702026	0.781595643652381	-0.3672	0.06008	FALSE	TRUE	
sugarcane	SoffiXsponR570.02Dg069500	MED26	OTR	FALSE	7114	1406.688629	0.884172687490161	-0.0161	0.9738	FALSE	TRUE	
sugarcane	SoffiXsponR570.02Dg070500	Top	TFF	FALSE	12817	4640.161116	0.653966349701167			FALSE	FALSE	
sugarcane	SoffiXsponR570.02Dg070700	MADS	TFF	FALSE	179	16.345823	0.711819722553512	0.3326	0.1021	FALSE	TRUE	
sugarcane	SoffiXsponR570.02Dg073800	MYB	TFF	TRUE	1	0.206118				FALSE	FALSE	
sugarcane	SoffiXsponR570.02Dg077900	bZIP	TFF	FALSE	10126	2868.603682	0.756996266791513			FALSE	FALSE	
sugarcane	SoffiXsponR570.02Dg082200	AP2-EREBP	TFF	FALSE	2	0.579135	1	-0.0321	0.9414	FALSE	TRUE	
sugarcane	SoffiXsponR570.02Dg084000	MYB	TFF	TRUE	10	1.184592	0.644444444444444			FALSE	FALSE	
sugarcane	SoffiXsponR570.02Dg095000	zf-BED	TFF	FALSE	12040	4156.165953	0.715267490291105	-0.0347	0.9359	FALSE	TRUE	
sugarcane	SoffiXsponR570.02Dg095300	zf-BED	TFF	FALSE	10426	3116.358029	0.774672854848674	-0.0182	0.9702	FALSE	TRUE	
sugarcane	SoffiXsponR570.02Dg097300	bHLH	TFF	FALSE	37	7.015728	0.484984984984985			FALSE	FALSE	
sugarcane	SoffiXsponR570.02Dg100500	NAC	TFF	FALSE	5	1.160345	0.8			FALSE	FALSE	
sugarcane	SoffiXsponR570.02Dg100700	NAC	TFF	FALSE	115	21.227834	0.383981693363844			FALSE	FALSE	
sugarcane	SoffiXsponR570.02Dg105600	NAC	TFF	FALSE	74	23.772481	0.14476119955572			FALSE	FALSE	
sugarcane	SoffiXsponR570.02Dg107500	C3H	TFF	FALSE	4812	681.714552	0.918921172092287			FALSE	FALSE	
sugarcane	SoffiXsponR570.02Dg109300	Top	TFF	FALSE	3	0.296938	0.333333333333333	-0.523	0.002162	FALSE	TRUE	
sugarcane	SoffiXsponR570.02Dg110600	C3H	TFF	FALSE	42	5.260055	0.803716608594657	-0.5541	0.0008841	FALSE	TRUE	
sugarcane	SoffiXsponR570.02Dg111200	C3H	TFF	FALSE	1	0.06002				FALSE	FALSE	
sugarcane	SoffiXsponR570.02Dg113400	NAC	TFF	FALSE	40	5.141501	0.426923076923077			FALSE	FALSE	
sugarcane	SoffiXsponR570.02Dg119800	BSD	TFF	FALSE	2586	267.146623	0.962771118401271			FALSE	FALSE	
sugarcane	SoffiXsponR570.02Dg122000	MYB	TFF	TRUE	1	0.228899				FALSE	FALSE	
sugarcane	SoffiXsponR570.02Dg123700	C2C2-Dof	TFF	FALSE	1	0.034762				FALSE	FALSE	
sugarcane	SoffiXsponR570.02Dg128600	MYB	TFF	TRUE	2	0.264157	0			FALSE	FALSE	
sugarcane	SoffiXsponR570.02Dg128800	bHLH	TFF	FALSE	19	2.272516	0.321637426900585			FALSE	FALSE	
sugarcane	SoffiXsponR570.02Dg129100	AUX/IAA	OTR	FALSE	2	0.134897	0			FALSE	FALSE	
sugarcane	SoffiXsponR570.02Dg129800	WRKY	TFF	FALSE	91	12.252656	0.422954822954823	-0.4061	0.03023	FALSE	TRUE	
sugarcane	SoffiXsponR570.02Dg131400	bHLH	TFF	FALSE	34	7.686998	0.071301247771836			FALSE	FALSE	
sugarcane	SoffiXsponR570.02Dg135100	MYB	TFF	TRUE	3992	513.554027	0.913498884514205	-0.0479	0.9085	FALSE	TRUE	
sugarcane	SoffiXsponR570.02Dg138500	AP2-EREBP	TFF	FALSE	119	11.126153	0.840763424013673			FALSE	FALSE	
sugarcane	SoffiXsponR570.02Dg147700	MADS	TFF	FALSE	47	12.698654	0.122109158186864			FALSE	FALSE	
sugarcane	SoffiXsponR570.02Dg148100	C2C2-GATA	TFF	FALSE	8	1.093772	0.285714285714286			FALSE	FALSE	
sugarcane	SoffiXsponR570.02Dg150500	SAP	TFF	FALSE	527	67.30026	0.386043390740327	0.0363	0.9325	FALSE	TRUE	
sugarcane	SoffiXsponR570.02Dg166500	MYB	TFF	TRUE	1823	435.89015	0.492123753502176			FALSE	FALSE	
sugarcane	SoffiXsponR570.02Dg173800	TRAF	OTR	FALSE	8337	1982.710505	0.805880182393451	-0.2033	0.4232	FALSE	TRUE	
sugarcane	SoffiXsponR570.02Dg178400	bHLH	TFF	FALSE	160	22.860485	0.540801886792453			FALSE	FALSE	
sugarcane	SoffiXsponR570.02Dg179000	MYB-related	TFF	TRUE	231	37.776663	0.461246000376435	0.126	0.6685	FALSE	TRUE	
sugarcane	SoffiXsponR570.02Dg182500	mTERF	OTR	FALSE	3	0.585668	1			FALSE	FALSE	
sugarcane	SoffiXsponR570.02Dg183100	CCAAT	TFF	FALSE	17	1.435853	0.595588235294118			FALSE	FALSE	
sugarcane	SoffiXsponR570.02Dg185200	MYB-related	TFF	TRUE	690	63.169045	0.877259628531163			FALSE	FALSE	
sugarcane	SoffiXsponR570.02Dg196000	GNAT	OTR	FALSE	68	4.497864	0.84811237928007			FALSE	FALSE	
sugarcane	SoffiXsponR570.02Dg199500	C3H	TFF	FALSE	5263	817.373552	0.944965076432339			FALSE	FALSE	
sugarcane	SoffiXsponR570.02Dg200700	bHLH	TFF	FALSE	8669	2122.835233	0.831315036424204			FALSE	FALSE	
sugarcane	SoffiXsponR570.02Dg202300	MYB-related	TFF	TRUE	10557	3179.251081	0.766448600737339			FALSE	FALSE	
sugarcane	SoffiXsponR570.02Dg205600	HSF	TFF	FALSE	10	0.933007	0.466666666666667			FALSE	FALSE	
sugarcane	SoffiXsponR570.02Dg205800	OFP	TFF	FALSE	32	6.415013	0.0766129032258065			FALSE	FALSE	
sugarcane	SoffiXsponR570.02Dg211200	MYB	TFF	TRUE	1	0.183337				FALSE	FALSE	
sugarcane	SoffiXsponR570.02Dg215700	C3H	TFF	FALSE	128	3.191161	0.015748031496063			FALSE	FALSE	
sugarcane	SoffiXsponR570.02Dg221500	bZIP	TFF	FALSE	1	0.083792				FALSE	FALSE	
sugarcane	SoffiXsponR570.02Dg222100	bZIP	TFF	FALSE	2	0.461266	1			FALSE	FALSE	
sugarcane	SoffiXsponR570.02Dg224100	MYB-related	TFF	TRUE	1	0.042191				FALSE	FALSE	
sugarcane	SoffiXsponR570.02Dg226100	HMG	OTR	FALSE	47	4.77073	0.231267345050879	-0.339	0.09308	FALSE	TRUE	
sugarcane	SoffiXsponR570.02Dg227900	MYB	TFF	TRUE	1	0.059525				FALSE	FALSE	
sugarcane	SoffiXsponR570.02Dg231100	E2F-DP	TFF	FALSE	72	6.672381	0.501956181533646			FALSE	FALSE	
sugarcane	SoffiXsponR570.02Dg232500	AUX/IAA	OTR	FALSE	4	0.3005	0.833333333333333			FALSE	FALSE	
sugarcane	SoffiXsponR570.02Dg233200	TUB	TFF	FALSE	1	0.018419				FALSE	FALSE	
sugarcane	SoffiXsponR570.02Dg234900	DDT	OTR	FALSE	1	0.027334				FALSE	FALSE	
sugarcane	SoffiXsponR570.02Dg239900	AP2-EREBP	TFF	FALSE	26	2.623322	0.486153846153846			FALSE	FALSE	
sugarcane	SoffiXsponR570.02Dg242300	MYB	TFF	TRUE	24	5.46932	0.391304347826087			FALSE	FALSE	
sugarcane	SoffiXsponR570.02Dg247100	bHLH	TFF	FALSE	24	2.853422	0.278985507246377			FALSE	FALSE	
sugarcane	SoffiXsponR570.02Dg247200	Coactivator_p15	OTR	FALSE	11870	3892.201136	0.682957784798002			FALSE	FALSE	
sugarcane	SoffiXsponR570.02Dg251300	WRKY	TFF	FALSE	1	0.047639				FALSE	FALSE	
sugarcane	SoffiXsponR570.02Dg261400	OFP	TFF	FALSE	4	0.819025	0			FALSE	FALSE	
sugarcane	SoffiXsponR570.02Dg261700	HSF	TFF	FALSE	22	2.778449	0.597402597402597			FALSE	FALSE	
sugarcane	SoffiXsponR570.02Dg266700	AUX/IAA	OTR	FALSE	853	141.97992	0.491851460462659			FALSE	FALSE	
sugarcane	SoffiXsponR570.02Dg269200	SWI/SNF-BAF60b	OTR	FALSE	12	1.175373	0.545454545454545	-0.1273	0.6641	FALSE	TRUE	
sugarcane	SoffiXsponR570.02Dg272200	OFP	TFF	FALSE	11	2.060285	0.290909090909091			FALSE	FALSE	
sugarcane	SoffiXsponR570.02Dg272400	WRKY	TFF	FALSE	19	1.972396	0.60233918128655			FALSE	FALSE	
sugarcane	SoffiXsponR570.02Dg274100	VOZ	TFF	FALSE	153	11.80094	0.94547643618851	0.0061	0.991	FALSE	TRUE	
sugarcane	SoffiXsponR570.02Dg275800	TCP	TFF	FALSE	8	0.601001	0.392857142857143			FALSE	FALSE	
sugarcane	SoffiXsponR570.02Dg280700	TCP	TFF	FALSE	696	120.828819	0.470102538658728			FALSE	FALSE	
sugarcane	SoffiXsponR570.02Dg283000	NAC	TFF	FALSE	12	1.891996	0.242424242424242			FALSE	FALSE	
sugarcane	SoffiXsponR570.02Dg283500	zf-A20	TFF	FALSE	179	34.941876	0.000627706986378758			FALSE	FALSE	
sugarcane	SoffiXsponR570.02Dg283900	BSD	TFF	FALSE	959	126.683377	0.533094886157075			FALSE	FALSE	
sugarcane	SoffiXsponR570.02Dg286200	NAC	TFF	FALSE	5	0.769595	0.9			FALSE	FALSE	
sugarcane	SoffiXsponR570.02Dg287500	SET	OTR	FALSE	14	1.272136	0.901098901098901			FALSE	FALSE	
sugarcane	SoffiXsponR570.02Dg289100	bHLH	TFF	FALSE	2	0.412236	0			FALSE	FALSE	
sugarcane	SoffiXsponR570.02Dg292300	Top	TFF	FALSE	15	1.418824	0.419047619047619			FALSE	FALSE	
sugarcane	SoffiXsponR570.02Dg300000	AP2-EREBP	TFF	FALSE	30	3.256628	0.363218390804598	0.2347	0.3238	FALSE	TRUE	
sugarcane	SoffiXsponR570.02Dg302400	SAP	TFF	FALSE	3	0.173127	0			FALSE	FALSE	
sugarcane	SoffiXsponR570.02Dg303000	bZIP	TFF	FALSE	75	10.395938	0.392072072072072	-0.4465	0.0134	FALSE	TRUE	
sugarcane	SoffiXsponR570.02Dg309100	AP2-EREBP	TFF	FALSE	3	0.437094	0.666666666666667			FALSE	FALSE	
sugarcane	SoffiXsponR570.02Dg311300	NAC	TFF	FALSE	2	0.098744	0			FALSE	FALSE	
sugarcane	SoffiXsponR570.02Dg314300	WRKY	TFF	FALSE	1	0.040705				FALSE	FALSE	
sugarcane	SoffiXsponR570.02Dg314400	WRKY	TFF	FALSE	7	0.79009	0.238095238095238			FALSE	FALSE	
sugarcane	SoffiXsponR570.02Dg314500	WRKY	TFF	FALSE	8	0.777804	0.142857142857143			FALSE	FALSE	
sugarcane	SoffiXsponR570.02Dg323300	CCAAT	TFF	FALSE	9035	2304.280215	0.834864514171943			FALSE	FALSE	
sugarcane	SoffiXsponR570.02Dg325700	C2H2	TFF	FALSE	13	1.536998	0.717948717948718			FALSE	FALSE	
sugarcane	SoffiXsponR570.02Dg326000	C2H2	TFF	FALSE	226	43.053052	0.596145526057031			FALSE	FALSE	
sugarcane	SoffiXsponR570.02Dg326400	CCAAT	TFF	FALSE	6	0.403702	0.533333333333333			FALSE	FALSE	
sugarcane	SoffiXsponR570.02Dg328500	WRKY	TFF	FALSE	75	5.153742	0.850810810810811			FALSE	FALSE	
sugarcane	SoffiXsponR570.02Dg329600	MYB-related	TFF	TRUE	1	0.037239				FALSE	FALSE	
sugarcane	SoffiXsponR570.02Dg332000	HB	TFF	FALSE	177	18.457864	0.467449922958398	0.244	0.2959	FALSE	TRUE	
sugarcane	SoffiXsponR570.02Dg338900	bZIP	TFF	FALSE	1	0.017924				FALSE	FALSE	
sugarcane	SoffiXsponR570.02Dg341600	OFP	TFF	FALSE	1	0.061506				FALSE	FALSE	
sugarcane	SoffiXsponR570.02Dg342800	C2C2-Dof	TFF	FALSE	7	0.615268	0.904761904761905			FALSE	FALSE	
sugarcane	SoffiXsponR570.02Dg343600	TUB	TFF	FALSE	3	0.214727	1	0.1549	0.5924	FALSE	TRUE	
sugarcane	SoffiXsponR570.02Dg343800	bZIP	TFF	FALSE	3	0.604487	0.333333333333333			FALSE	FALSE	
sugarcane	SoffiXsponR570.02Dg345900	C2H2	TFF	FALSE	50	5.289045	0.242448979591837			FALSE	FALSE	
sugarcane	SoffiXsponR570.02Dg352400	GRAS	TFF	FALSE	1	0.211071				FALSE	FALSE	
sugarcane	SoffiXsponR570.02Dg354400	NAC	TFF	FALSE	67	9.20064	0.39348710990502			FALSE	FALSE	
sugarcane	SoffiXsponR570.02Dg354600	SWI/SNF-BAF60b	OTR	FALSE	347	40.497684	0.539921040795589	0.1622	0.5656	FALSE	TRUE	
sugarcane	SoffiXsponR570.02Dg356600	Alfin-like	TFF	FALSE	1	0.045658				FALSE	FALSE	
sugarcane	SoffiXsponR570.02Dg356800	NAC	TFF	FALSE	3	0.111221	0.333333333333333			FALSE	FALSE	
sugarcane	SoffiXsponR570.02Dg359400	TAZ	TFF	FALSE	18	1.138799	0.73202614379085			FALSE	FALSE	
sugarcane	SoffiXsponR570.02Dg365500	bHLH	TFF	FALSE	2	0.413227	1			FALSE	FALSE	
sugarcane	SoffiXsponR570.02Dg368600	Jumonji	OTR	FALSE	2	0.092801	0			FALSE	FALSE	
sugarcane	SoffiXsponR570.02Dg369000	TAZ;TRAF	OTR;TFF	FALSE	336	60.52049	0.447921108742004			FALSE	FALSE	
sugarcane	SoffiXsponR570.02Dg371900	ABI3VP1	TFF	FALSE	405	33.576663	0.104730473047305			FALSE	FALSE	
sugarcane	SoffiXsponR570.02Dg374200	bHLH	TFF	FALSE	2	0.418674	0			FALSE	FALSE	
sugarcane	SoffiXsponR570.02Dg375400	C3H	TFF	FALSE	10	2.25928	0.777777777777778			FALSE	FALSE	
sugarcane	SoffiXsponR570.02Dg379300	SBP	TFF	FALSE	174	20.465808	0.563550594644874			FALSE	FALSE	
sugarcane	SoffiXsponR570.02Dg379400	MADS	TFF	FALSE	2	0.270595	1			FALSE	FALSE	
sugarcane	SoffiXsponR570.02Dg379900	TIG	TFF	FALSE	1	0.464637		-0.0771	0.8327	FALSE	TRUE	
sugarcane	SoffiXsponR570.02Dg381100	TCP	TFF	FALSE	10	0.763137	0.688888888888889			FALSE	FALSE	
sugarcane	SoffiXsponR570.02Dg382800	Tify	TFF	FALSE	4	1.232556	0.166666666666667	-0.2066	0.4141	FALSE	TRUE	
sugarcane	SoffiXsponR570.02Dg384600	ARF	TFF	FALSE	5659	986.597189	0.88774145245851	-0.0241	0.9575	FALSE	TRUE	
sugarcane	SoffiXsponR570.02Dg384900	bHLH	TFF	FALSE	27	2.635798	0.572649572649573			FALSE	FALSE	
sugarcane	SoffiXsponR570.02Dg387800	TRAF	OTR	FALSE	73	9.109095	0	-0.2405	0.3064	FALSE	TRUE	
sugarcane	SoffiXsponR570.02Dg391100	C2H2	TFF	FALSE	32	7.208399	0.36491935483871			FALSE	FALSE	
sugarcane	SoffiXsponR570.02Dg399100	TRAF	OTR	FALSE	972	156.092911	0.609070450471068			FALSE	FALSE	
sugarcane	SoffiXsponR570.02Dg403900	bHLH	TFF	FALSE	23	7.77064	0.553359683794466			FALSE	FALSE	
sugarcane	SoffiXsponR570.02Dg404700	SRS	TFF	FALSE	4	0.18065	0.166666666666667			FALSE	FALSE	
sugarcane	SoffiXsponR570.02Dg417600	AP2-EREBP	TFF	FALSE	132	39.045488	0.590677770067083			FALSE	FALSE	
sugarcane	SoffiXsponR570.02Dg419200	MYB-related	TFF	TRUE	144	26.695153	0.566530691530692			FALSE	FALSE	
sugarcane	SoffiXsponR570.02Dg419600	Top	TFF	FALSE	22	3.395033	0.649350649350649			FALSE	FALSE	
sugarcane	SoffiXsponR570.02Eg000300	NAC	TFF	FALSE	18	8.677954	0.464052287581699			FALSE	FALSE	
sugarcane	SoffiXsponR570.02Eg000900	G2-like	TFF	FALSE	14	1.094342	0.505494505494506	0.2083	0.4096	FALSE	TRUE	
sugarcane	SoffiXsponR570.02Eg001900	RWP-RK	TFF	FALSE	1145	202.679965	0.370417137447705	0.1923	0.4582	FALSE	TRUE	
sugarcane	SoffiXsponR570.02Eg002500	ARF	TFF	FALSE	203	40.326013	0.31249085499683	-0.8937	2.314e-14	TRUE	TRUE	ortholog_not_correlated
sugarcane	SoffiXsponR570.02Eg002900	bHLH	TFF	FALSE	9772	2693.953152	0.777414896923419	0.0779	0.8305	FALSE	TRUE	
sugarcane	SoffiXsponR570.02Eg003900	ABI3VP1	TFF	FALSE	1	0.267034				FALSE	FALSE	
sugarcane	SoffiXsponR570.02Eg006000	AUX/IAA	OTR	FALSE	627	87.776368	0.422571095179133	-0.0263	0.9533	FALSE	TRUE	
sugarcane	SoffiXsponR570.02Eg009100	OFP	TFF	FALSE	453	67.077299	0.686885854382778			FALSE	FALSE	
sugarcane	SoffiXsponR570.02Eg015200	SET	OTR	FALSE	16	1.442196	0.45			FALSE	FALSE	
sugarcane	SoffiXsponR570.02Eg019600	NOZZLE	TFF	FALSE	236	100.553737	0.594482509917057			FALSE	FALSE	
sugarcane	SoffiXsponR570.02Eg028800	FAR1	TFF	FALSE	1	0.04021				FALSE	FALSE	
sugarcane	SoffiXsponR570.02Eg031400	bHLH	TFF	FALSE	553	119.13931	0.372068034698745	0.3874	0.04248	FALSE	TRUE	
sugarcane	SoffiXsponR570.02Eg033000	MYB-related	TFF	TRUE	449	43.246593	0.716622255806554	0.0115	0.9811	FALSE	TRUE	
sugarcane	SoffiXsponR570.02Eg034100	MYB-related	TFF	TRUE	7974	1767.164542	0.876025654806693	0.01	0.9842	FALSE	TRUE	
sugarcane	SoffiXsponR570.02Eg034200	C3H	TFF	FALSE	322	37.646643	0.757744625684488	-0.0091	0.9856	FALSE	TRUE	
sugarcane	SoffiXsponR570.02Eg034800	NAC	TFF	FALSE	13506	5123.043512	0.625440851963007			FALSE	FALSE	
sugarcane	SoffiXsponR570.02Eg037400	PAS	TFF	FALSE	5	0.378349	1	-0.0193	0.9683	FALSE	TRUE	
sugarcane	SoffiXsponR570.02Eg038600	HMG	OTR	FALSE	1301	179.22996	0.575578549045113	-0.4445	0.01402	FALSE	TRUE	
sugarcane	SoffiXsponR570.02Eg040000	PHD	OTR	FALSE	5	0.263947	0.2			FALSE	FALSE	
sugarcane	SoffiXsponR570.02Eg040400	CCAAT	TFF	FALSE	7	0.65984	0.380952380952381			FALSE	FALSE	
sugarcane	SoffiXsponR570.02Eg040800	WRKY	TFF	FALSE	4099	525.242631	0.941506165545739	-0.1592	0.5767	FALSE	TRUE	
sugarcane	SoffiXsponR570.02Eg042300	MYB-related	TFF	TRUE	3	0.321206	0			FALSE	FALSE	
sugarcane	SoffiXsponR570.02Eg044400	CCAAT	TFF	FALSE	43	5.585528	0.481727574750831	-0.5347	0.001565	FALSE	TRUE	
sugarcane	SoffiXsponR570.02Eg052900	MYB	TFF	TRUE	3	0.38014	0.333333333333333			FALSE	FALSE	
sugarcane	SoffiXsponR570.02Eg053900	ABI3VP1;AP2-EREBP	TFF	FALSE	3	0.275643	1			FALSE	FALSE	
sugarcane	SoffiXsponR570.02Eg063500	bHLH	TFF	FALSE	7	1.171926	0.333333333333333			FALSE	FALSE	
sugarcane	SoffiXsponR570.02Eg063600	zf-BED	TFF	FALSE	57	5.377864	0.647243107769424	-0.3613	0.06614	FALSE	TRUE	
sugarcane	SoffiXsponR570.02Eg065700	bHLH	TFF	FALSE	15	2.712411	0.733333333333333	0.1588	0.5778	FALSE	TRUE	
sugarcane	SoffiXsponR570.02Eg065800	bHLH	TFF	FALSE	1	0.011486				FALSE	FALSE	
sugarcane	SoffiXsponR570.02Eg069200	NAC	TFF	FALSE	324	60.246963	0.288843022589153	-0.0251	0.9553	FALSE	TRUE	
sugarcane	SoffiXsponR570.02Eg070000	MYB	TFF	TRUE	11	2.493132	0.272727272727273			FALSE	FALSE	
sugarcane	SoffiXsponR570.02Eg074500	NAC	TFF	FALSE	8	0.802071	0.107142857142857			FALSE	FALSE	
sugarcane	SoffiXsponR570.02Eg076500	C3H	TFF	FALSE	10	0.709155	0.777777777777778	-0.1284	0.6602	FALSE	TRUE	
sugarcane	SoffiXsponR570.02Eg078300	Top	TFF	FALSE	6	1.287224	0.4	-0.4919	0.004756	FALSE	TRUE	
sugarcane	SoffiXsponR570.02Eg080000	C3H	TFF	FALSE	1	0.067944		0.2181	0.3773	FALSE	TRUE	
sugarcane	SoffiXsponR570.02Eg080200	C3H	TFF	FALSE	402	67.327999	0.230741554075011	0.4037	0.03164	FALSE	TRUE	
sugarcane	SoffiXsponR570.02Eg082100	NAC	TFF	FALSE	3462	427.214182	0.911908564042243	0.0675	0.8594	FALSE	TRUE	
sugarcane	SoffiXsponR570.02Eg083400	C2C2-Dof	TFF	FALSE	285	61.765153	0.389251297257228	0.2104	0.4032	FALSE	TRUE	
sugarcane	SoffiXsponR570.02Eg090600	MYB	TFF	TRUE	2	0.103697	0			FALSE	FALSE	
sugarcane	SoffiXsponR570.02Eg092400	C2C2-Dof	TFF	FALSE	17	1.475473	0.455882352941176			FALSE	FALSE	
sugarcane	SoffiXsponR570.02Eg093100	MYB-related	TFF	TRUE	4	0.734337	0.166666666666667			FALSE	FALSE	
sugarcane	SoffiXsponR570.02Eg097100	MYB	TFF	TRUE	381	57.091216	0.637146014642906			FALSE	FALSE	
sugarcane	SoffiXsponR570.02Eg097400	bHLH	TFF	FALSE	93	11.129625	0.30481533426835	0.452	0.0119	FALSE	TRUE	
sugarcane	SoffiXsponR570.02Eg097600	AUX/IAA	OTR	FALSE	7370	1521.622791	0.852874550746434			FALSE	FALSE	
sugarcane	SoffiXsponR570.02Eg097900	MADS	TFF	FALSE	10	2.999675	0.6			FALSE	FALSE	
sugarcane	SoffiXsponR570.02Eg098100	MADS	TFF	FALSE	32	6.415013	0.0766129032258065			FALSE	FALSE	
sugarcane	SoffiXsponR570.02Eg099100	WRKY	TFF	FALSE	93	11.273742	0.377980364656381	-0.2145	0.3894	FALSE	TRUE	
sugarcane	SoffiXsponR570.02Eg100400	SBP	TFF	FALSE	107	12.432961	0.554399576794216	0.4697	0.007993	FALSE	TRUE	
sugarcane	SoffiXsponR570.02Eg101900	MYB	TFF	TRUE	1	0.116478				FALSE	FALSE	
sugarcane	SoffiXsponR570.02Eg103500	HB	TFF	FALSE	11	2.432711	0.0727272727272727			FALSE	FALSE	
sugarcane	SoffiXsponR570.02Eg108200	AP2-EREBP	TFF	FALSE	109	11.313892	0.705232755691471			FALSE	FALSE	
sugarcane	SoffiXsponR570.02Eg111000	Top	TFF	FALSE	4	0.168764	0.166666666666667			FALSE	FALSE	
sugarcane	SoffiXsponR570.02Eg117300	C2C2-GATA	TFF	FALSE	237	27.191316	0.574197239505113			FALSE	FALSE	
sugarcane	SoffiXsponR570.02Eg134900	MYB	TFF	TRUE	2	0.19086	0			FALSE	FALSE	
sugarcane	SoffiXsponR570.02Eg135600	Jumonji	OTR	FALSE	2251	213.440835	0.942780986228343	-0.1541	0.5958	FALSE	TRUE	
sugarcane	SoffiXsponR570.02Eg143100	bHLH	TFF	FALSE	1	0.141241				FALSE	FALSE	
sugarcane	SoffiXsponR570.02Eg145800	HSF	TFF	FALSE	10789	3411.078239	0.73928199642222			FALSE	FALSE	
sugarcane	SoffiXsponR570.02Eg146000	C2H2	TFF	FALSE	2	0.097754	1			FALSE	FALSE	
sugarcane	SoffiXsponR570.02Eg146800	bHLH	TFF	FALSE	2	0.577649	0			FALSE	FALSE	
sugarcane	SoffiXsponR570.02Eg147500	MYB-related	TFF	TRUE	27	2.482766	0.541310541310541	0.1288	0.6586	FALSE	TRUE	
sugarcane	SoffiXsponR570.02Eg152300	CCAAT	TFF	FALSE	3	0.423722	0.333333333333333			FALSE	FALSE	
sugarcane	SoffiXsponR570.02Eg154300	MYB-related	TFF	TRUE	3590	417.795348	0.983221868740061			FALSE	FALSE	
sugarcane	SoffiXsponR570.02Eg161600	MYB-related	TFF	TRUE	4	0.216803	0.666666666666667			FALSE	FALSE	
sugarcane	SoffiXsponR570.02Eg164300	Top	TFF	FALSE	76	7.787069	0.446315789473684	-0.5658	0.0006162	FALSE	TRUE	
sugarcane	SoffiXsponR570.02Eg166800	GNAT	OTR	FALSE	160	21.358894	0.178066037735849			FALSE	FALSE	
sugarcane	SoffiXsponR570.02Eg171800	bHLH	TFF	FALSE	9459	2464.556893	0.789820357688437			FALSE	FALSE	
sugarcane	SoffiXsponR570.02Eg176600	HSF	TFF	FALSE	3	0.19987	0.333333333333333			FALSE	FALSE	
sugarcane	SoffiXsponR570.02Eg176800	OFP	TFF	FALSE	2	0.122021	0			FALSE	FALSE	
sugarcane	SoffiXsponR570.02Eg182400	MYB	TFF	TRUE	32	6.415013	0.0766129032258065			FALSE	FALSE	
sugarcane	SoffiXsponR570.02Eg187300	C3H	TFF	FALSE	39	10.057234	0.315789473684211			FALSE	FALSE	
sugarcane	SoffiXsponR570.02Eg192300	WRKY	TFF	FALSE	1	0.156593				FALSE	FALSE	
sugarcane	SoffiXsponR570.02Eg192900	AP2-EREBP	TFF	FALSE	1	0.263567				FALSE	FALSE	
sugarcane	SoffiXsponR570.02Eg193400	bZIP	TFF	FALSE	1	0.222461				FALSE	FALSE	
sugarcane	SoffiXsponR570.02Eg197000	MYB-related	TFF	TRUE	1	0.042191				FALSE	FALSE	
sugarcane	SoffiXsponR570.02Eg198300	FAR1	TFF	FALSE	1	0.094687				FALSE	FALSE	
sugarcane	SoffiXsponR570.02Eg198900	HMG	OTR	FALSE	64	6.272946	0.587301587301587	-0.422	0.02215	FALSE	TRUE	
sugarcane	SoffiXsponR570.02Eg206400	GeBP	TFF	FALSE	11	2.483227	0.454545454545455			FALSE	FALSE	
sugarcane	SoffiXsponR570.02Eg210000	Top	TFF	FALSE	8	0.431131	0.821428571428571			FALSE	FALSE	
sugarcane	SoffiXsponR570.02Eg213700	AP2-EREBP	TFF	FALSE	4	0.5506	0.5	0.1718	0.5296	FALSE	TRUE	
sugarcane	SoffiXsponR570.02Eg215700	MYB	TFF	TRUE	66	20.435238	0.145454545454545			FALSE	FALSE	
sugarcane	SoffiXsponR570.02Eg222200	MYB-related	TFF	TRUE	30	2.412726	0.517241379310345	-0.4393	0.01561	FALSE	TRUE	
sugarcane	SoffiXsponR570.02Eg225400	PAS	TFF	FALSE	194	65.992851	0.265584103413279			FALSE	FALSE	
sugarcane	SoffiXsponR570.02Eg225500	WRKY	TFF	FALSE	6	0.501761	0.466666666666667	0.476	0.006932	FALSE	TRUE	
sugarcane	SoffiXsponR570.02Eg229400	MYB	TFF	TRUE	408	148.071266	0.288685744568098			FALSE	FALSE	
sugarcane	SoffiXsponR570.02Eg230400	ABI3VP1	TFF	FALSE	6	1.022761	0.666666666666667			FALSE	FALSE	
sugarcane	SoffiXsponR570.02Eg231500	MADS	TFF	FALSE	3	0.132516	1			FALSE	FALSE	
sugarcane	SoffiXsponR570.02Eg235500	HSF	TFF	FALSE	99	15.483422	0.397649969078541			FALSE	FALSE	
sugarcane	SoffiXsponR570.02Eg236000	WRKY	TFF	FALSE	18	4.682296	0.477124183006536			FALSE	FALSE	
sugarcane	SoffiXsponR570.02Eg240100	AUX/IAA	OTR	FALSE	460	65.692756	0.651094060812731	-0.1609	0.5704	FALSE	TRUE	
sugarcane	SoffiXsponR570.02Eg242200	SWI/SNF-BAF60b	OTR	FALSE	1033	121.804792	0.791061632784769	0.068	0.8579	FALSE	TRUE	
sugarcane	SoffiXsponR570.02Eg243900	HB	TFF	FALSE	996	81.053787	0.928647252325886			FALSE	FALSE	
sugarcane	SoffiXsponR570.02Eg245300	OFP	TFF	FALSE	256	82.121036	0.217126225490196			FALSE	FALSE	
sugarcane	SoffiXsponR570.02Eg245500	WRKY	TFF	FALSE	10956	3322.57058	0.722718699369071			FALSE	FALSE	
sugarcane	SoffiXsponR570.02Eg246800	AP2-EREBP	TFF	FALSE	1	0.058534				FALSE	FALSE	
sugarcane	SoffiXsponR570.02Eg249200	bZIP	TFF	FALSE	39	6.662311	0.426450742240216			FALSE	FALSE	
sugarcane	SoffiXsponR570.02Eg254000	TCP	TFF	FALSE	473	78.272786	0.546072669939442			FALSE	FALSE	
sugarcane	SoffiXsponR570.02Eg256300	NAC	TFF	FALSE	6	2.490675	0.333333333333333			FALSE	FALSE	
sugarcane	SoffiXsponR570.02Eg257200	BSD	TFF	FALSE	697	49.403807	0.963163145830241	-0.0959	0.7724	FALSE	TRUE	
sugarcane	SoffiXsponR570.02Eg259200	NAC	TFF	FALSE	55	14.432781	0.133333333333333			FALSE	FALSE	
sugarcane	SoffiXsponR570.02Eg261800	bHLH	TFF	FALSE	7	1.04019	0.380952380952381			FALSE	FALSE	
sugarcane	SoffiXsponR570.02Eg276300	bZIP	TFF	FALSE	24	1.562806	0.394927536231884			FALSE	FALSE	
sugarcane	SoffiXsponR570.02Eg279200	bZIP	TFF	FALSE	6	0.72066	0.466666666666667			FALSE	FALSE	
sugarcane	SoffiXsponR570.02Eg281700	bZIP	TFF	FALSE	4	0.188079	0.5			FALSE	FALSE	
sugarcane	SoffiXsponR570.02Eg287300	WRKY	TFF	FALSE	13	3.158439	0.128205128205128			FALSE	FALSE	
sugarcane	SoffiXsponR570.02Eg287500	WRKY	TFF	FALSE	54	9.502496	0.714185883997205			FALSE	FALSE	
sugarcane	SoffiXsponR570.02Eg287600	WRKY	TFF	FALSE	8	0.754032	0.321428571428571			FALSE	FALSE	
sugarcane	SoffiXsponR570.02Eg287700	WRKY	TFF	FALSE	3	0.23949	0.666666666666667			FALSE	FALSE	
sugarcane	SoffiXsponR570.02Eg296800	CCAAT	TFF	FALSE	77	7.344412	0.492822966507177			FALSE	FALSE	
sugarcane	SoffiXsponR570.02Eg299800	C2H2	TFF	FALSE	4	0.371321	0.5			FALSE	FALSE	
sugarcane	SoffiXsponR570.02Eg300200	CCAAT	TFF	FALSE	9	0.822966	0.222222222222222			FALSE	FALSE	
sugarcane	SoffiXsponR570.02Eg302400	WRKY	TFF	FALSE	7	0.441436	0.761904761904762			FALSE	FALSE	
sugarcane	SoffiXsponR570.02Eg305400	HB	TFF	FALSE	81	9.060825	0.416666666666667	0.0873	0.8012	FALSE	TRUE	
sugarcane	SoffiXsponR570.02Eg309500	MYB	TFF	TRUE	62	8.356263	0.292966684294024	-0.4438	0.01422	FALSE	TRUE	
sugarcane	SoffiXsponR570.02Eg313600	bZIP	TFF	FALSE	1	0.01099				FALSE	FALSE	
sugarcane	SoffiXsponR570.02Eg316000	OFP	TFF	FALSE	8	3.353587	0.464285714285714			FALSE	FALSE	
sugarcane	SoffiXsponR570.02Eg317500	C2C2-Dof	TFF	FALSE	12	1.547304	0.46969696969697			FALSE	FALSE	
sugarcane	SoffiXsponR570.02Eg319200	AP2-EREBP	TFF	FALSE	2	0.096763	0			FALSE	FALSE	
sugarcane	SoffiXsponR570.02Eg320600	C2H2	TFF	FALSE	1	0.109545				FALSE	FALSE	
sugarcane	SoffiXsponR570.02Eg329300	NAC	TFF	FALSE	40	4.1099	0.553846153846154			FALSE	FALSE	
sugarcane	SoffiXsponR570.02Eg329600	SWI/SNF-BAF60b	OTR	FALSE	65	6.295823	0.729326923076923	0.0312	0.9428	FALSE	TRUE	
sugarcane	SoffiXsponR570.02Eg330600	AP2-EREBP	TFF	FALSE	18	6.723212	0.300653594771242			FALSE	FALSE	
sugarcane	SoffiXsponR570.02Eg334700	TAZ	TFF	FALSE	9863	2775.085343	0.758645666272837			FALSE	FALSE	
sugarcane	SoffiXsponR570.02Eg341900	ABI3VP1	TFF	FALSE	16	2.770945	0.0333333333333333			FALSE	FALSE	
sugarcane	SoffiXsponR570.02Eg343000	TAZ	TFF	FALSE	171	22.210775	0.403715170278638			FALSE	FALSE	
sugarcane	SoffiXsponR570.02Eg345800	ABI3VP1	TFF	FALSE	1	0.25069				FALSE	FALSE	
sugarcane	SoffiXsponR570.02Eg354500	SBP	TFF	FALSE	3	0.264747	0.333333333333333			FALSE	FALSE	
sugarcane	SoffiXsponR570.02Eg355500	TIG	TFF	FALSE	6731	1258.765343	0.886678191411276	0.1594	0.5759	FALSE	TRUE	
sugarcane	SoffiXsponR570.02Eg359900	SET	OTR	FALSE	32	8.109255	0.314516129032258			FALSE	FALSE	
sugarcane	SoffiXsponR570.02Eg360400	ARF	TFF	FALSE	1	0.042191				FALSE	FALSE	
sugarcane	SoffiXsponR570.02Eg360800	CCAAT	TFF	FALSE	5	1.666983	0.5			FALSE	FALSE	
sugarcane	SoffiXsponR570.02Eg373200	GRAS	TFF	FALSE	46	4.302626	0.566183574879227			FALSE	FALSE	
sugarcane	SoffiXsponR570.02Eg373900	TRAF	OTR	FALSE	23	2.004472	0.798418972332016			FALSE	FALSE	
sugarcane	SoffiXsponR570.02Eg379700	bHLH	TFF	FALSE	27	9.416728	0.475783475783476	0.3767	0.05111	FALSE	TRUE	
sugarcane	SoffiXsponR570.02Eg380700	SRS	TFF	FALSE	11	0.804337	0.581818181818182			FALSE	FALSE	
sugarcane	SoffiXsponR570.02Eg388300	PHD	OTR	FALSE	227	61.927529	0.0100970722388991			FALSE	FALSE	
sugarcane	SoffiXsponR570.02Eg393200	MYB-related	TFF	TRUE	203	41.223897	0.45286055699166			FALSE	FALSE	
sugarcane	SoffiXsponR570.02Eg393800	Top	TFF	FALSE	2	0.39094	1			FALSE	FALSE	
sugarcane	SoffiXsponR570.02Fg001000	WRKY	TFF	FALSE	94	10.167949	0.229466941203386			FALSE	FALSE	
sugarcane	SoffiXsponR570.02Fg001900	NAC	TFF	FALSE	8	1.418654	0.428571428571429			FALSE	FALSE	
sugarcane	SoffiXsponR570.02Fg002500	G2-like	TFF	FALSE	1266	125.766138	0.879011420614553	0.0697	0.8536	FALSE	TRUE	
sugarcane	SoffiXsponR570.02Fg004400	RWP-RK	TFF	FALSE	2337	363.76954	0.60699453696051			FALSE	FALSE	
sugarcane	SoffiXsponR570.02Fg004700	ARF	TFF	FALSE	161	26.672996	0.358928571428571	-0.8364	5.465e-11	TRUE	TRUE	ortholog_not_correlated
sugarcane	SoffiXsponR570.02Fg005200	bHLH	TFF	FALSE	4336	601.928994	0.928055559102304	0.1879	0.4734	FALSE	TRUE	
sugarcane	SoffiXsponR570.02Fg008600	AUX/IAA	OTR	FALSE	824	123.958569	0.376794582925362	-0.1285	0.6599	FALSE	TRUE	
sugarcane	SoffiXsponR570.02Fg011900	OFP	TFF	FALSE	12	1.961331	0.409090909090909			FALSE	FALSE	
sugarcane	SoffiXsponR570.02Fg017600	PHD	OTR	FALSE	1201	172.313732	0.534104912572856	0.4824	0.005958	FALSE	TRUE	
sugarcane	SoffiXsponR570.02Fg021300	NOZZLE	TFF	FALSE	15	3.604847	0.0380952380952381			FALSE	FALSE	
sugarcane	SoffiXsponR570.02Fg021900	bZIP	TFF	FALSE	17	2.354537	0.588235294117647			FALSE	FALSE	
sugarcane	SoffiXsponR570.02Fg027200	BES1	TFF	FALSE	2	0.227509	0	0.0452	0.9141	FALSE	TRUE	
sugarcane	SoffiXsponR570.02Fg033200	bHLH	TFF	FALSE	489	98.497744	0.409576251299071	0.4006	0.03349	FALSE	TRUE	
sugarcane	SoffiXsponR570.02Fg034200	C2H2	TFF	FALSE	777	63.05994	0.894452626411389	-0.1724	0.5276	FALSE	TRUE	
sugarcane	SoffiXsponR570.02Fg036200	MYB-related	TFF	TRUE	4	0.548619	0.666666666666667			FALSE	FALSE	
sugarcane	SoffiXsponR570.02Fg036300	C3H	TFF	FALSE	214	18.98981	0.833267517879865	0.0944	0.7775	FALSE	TRUE	
sugarcane	SoffiXsponR570.02Fg039600	PAS	TFF	FALSE	57	7.357864	0.43734335839599			FALSE	FALSE	
sugarcane	SoffiXsponR570.02Fg040700	HMG	OTR	FALSE	2	0.164612	0	-0.3772	0.05061	FALSE	TRUE	
sugarcane	SoffiXsponR570.02Fg047100	AUX/IAA	OTR	FALSE	28	3.390155	0.253968253968254			FALSE	FALSE	
sugarcane	SoffiXsponR570.02Fg048100	Top	TFF	FALSE	24	2.239315	0.615942028985507	0.0425	0.92	FALSE	TRUE	
sugarcane	SoffiXsponR570.02Fg050800	C3H	TFF	FALSE	90	24.324717	0.125842696629213	0.1459	0.596	FALSE	TRUE	
sugarcane	SoffiXsponR570.02Fg053100	bZIP	TFF	FALSE	26	6.514977	0.126153846153846			FALSE	FALSE	
sugarcane	SoffiXsponR570.02Fg055900	MYB	TFF	TRUE	56	13.732101	0.236363636363636	0.2522	0.2736	FALSE	TRUE	
sugarcane	SoffiXsponR570.02Fg056100	MYB	TFF	TRUE	13	1.863367	0.371794871794872			FALSE	FALSE	
sugarcane	SoffiXsponR570.02Fg061300	MYB-related	TFF	TRUE	13399	5124.345748	0.617004524102583	-0.1619	0.5666	FALSE	TRUE	
sugarcane	SoffiXsponR570.02Fg061900	bHLH	TFF	FALSE	2019	162.188884	0.988181159068139	0.0176	0.9713	FALSE	TRUE	
sugarcane	SoffiXsponR570.02Fg062600	zf-fF-X1	TFF	FALSE	7333	1583.121106	0.811754499479183	0.028	0.9498	FALSE	TRUE	
sugarcane	SoffiXsponR570.02Fg062700	Alfin-like	TFF	FALSE	5356	887.479245	0.84094942433035	-0.1481	0.596	FALSE	TRUE	
sugarcane	SoffiXsponR570.02Fg064300	MYB-related	TFF	TRUE	3	0.427189	0			FALSE	FALSE	
sugarcane	SoffiXsponR570.02Fg066800	CCAAT	TFF	FALSE	675	102.45066	0.403727882184856	-0.4794	0.006387	FALSE	TRUE	
sugarcane	SoffiXsponR570.02Fg067100	CCAAT	TFF	FALSE	5720	1033.934297	0.749299721086747	-0.3316	0.1037	FALSE	TRUE	
sugarcane	SoffiXsponR570.02Fg072500	MED26	OTR	FALSE	5	0.301091	0.1			FALSE	FALSE	
sugarcane	SoffiXsponR570.02Fg077300	MYB	TFF	TRUE	19	1.677724	0.467836257309942	-0.3615	0.06593	FALSE	TRUE	
sugarcane	SoffiXsponR570.02Fg077400	MYB-related	TFF	TRUE	48	5.062031	0.38386524822695	-0.8502	1.119e-11	TRUE	TRUE	ortholog_not_correlated
sugarcane	SoffiXsponR570.02Fg078700	ABI3VP1;AP2-EREBP	TFF	FALSE	15	1.453492	0.485714285714286			FALSE	FALSE	
sugarcane	SoffiXsponR570.02Fg081600	bZIP	TFF	FALSE	2852	362.916148	0.787058550357322			FALSE	FALSE	
sugarcane	SoffiXsponR570.02Fg086200	AP2-EREBP	TFF	FALSE	2837	335.305658	0.844197395588121	-0.2421	0.3017	FALSE	TRUE	
sugarcane	SoffiXsponR570.02Fg088000	MYB	TFF	TRUE	1	0.069925				FALSE	FALSE	
sugarcane	SoffiXsponR570.02Fg088500	MYB-related	TFF	TRUE	15	2.14981	0.266666666666667			FALSE	FALSE	
sugarcane	SoffiXsponR570.02Fg095900	bHLH	TFF	FALSE	3	0.196898	0.666666666666667			FALSE	FALSE	
sugarcane	SoffiXsponR570.02Fg096000	zf-BED	TFF	FALSE	8485	2090.537999	0.856538940365962	-0.1221	0.6832	FALSE	TRUE	
sugarcane	SoffiXsponR570.02Fg098300	bHLH	TFF	FALSE	3	0.494047	0.333333333333333			FALSE	FALSE	
sugarcane	SoffiXsponR570.02Fg101200	NAC	TFF	FALSE	161	29.842086	0.36832298136646			FALSE	FALSE	
sugarcane	SoffiXsponR570.02Fg109200	C3H	TFF	FALSE	3752	521.39971	0.735796538122883	-0.2028	0.4244	FALSE	TRUE	
sugarcane	SoffiXsponR570.02Fg111000	Top	TFF	FALSE	9847	2759.097724	0.71633722956976	-0.2592	0.254	FALSE	TRUE	
sugarcane	SoffiXsponR570.02Fg112500	C3H	TFF	FALSE	11515	3692.740585	0.698490410322656	0.1007	0.7564	FALSE	TRUE	
sugarcane	SoffiXsponR570.02Fg112700	C3H	TFF	FALSE	10826	3186.524102	0.650498342669197	0.1983	0.4386	FALSE	TRUE	
sugarcane	SoffiXsponR570.02Fg117600	BSD	TFF	FALSE	8	3.618544	0.428571428571429			FALSE	FALSE	
sugarcane	SoffiXsponR570.02Fg122200	MYB-related	TFF	TRUE	4384	598.214742	0.93312791125633			FALSE	FALSE	
sugarcane	SoffiXsponR570.02Fg126200	MYB	TFF	TRUE	57	5.678479	0.731203007518797	-0.2466	0.2889	FALSE	TRUE	
sugarcane	SoffiXsponR570.02Fg126500	bHLH	TFF	FALSE	49	5.071041	0.552721088435374			FALSE	FALSE	
sugarcane	SoffiXsponR570.02Fg126800	AUX/IAA	OTR	FALSE	8	0.647059	0.214285714285714			FALSE	FALSE	
sugarcane	SoffiXsponR570.02Fg127200	MADS	TFF	FALSE	12	2.863672	0.0606060606060606			FALSE	FALSE	
sugarcane	SoffiXsponR570.02Fg127800	WRKY	TFF	FALSE	23	2.827079	0.173913043478261	-0.252	0.274	FALSE	TRUE	
sugarcane	SoffiXsponR570.02Fg128900	SBP	TFF	FALSE	26	2.505948	0.381538461538462	0.4289	0.01929	FALSE	TRUE	
sugarcane	SoffiXsponR570.02Fg133100	HB	TFF	FALSE	370	84.996878	0.0176810957298762			FALSE	FALSE	
sugarcane	SoffiXsponR570.02Fg136900	AP2-EREBP	TFF	FALSE	4	0.183127	0.833333333333333	-0.125	0.6717	FALSE	TRUE	
sugarcane	SoffiXsponR570.02Fg139500	Top	TFF	FALSE	4118	540.151391	0.882476418569376	-0.2758	0.2118	FALSE	TRUE	
sugarcane	SoffiXsponR570.02Fg151500	MYB	TFF	TRUE	336	35.736318	0.698614072494669	0.1213	0.6863	FALSE	TRUE	
sugarcane	SoffiXsponR570.02Fg155800	PHD;zf-BED	OTR;TFF	FALSE	12113	4094.987524	0.717420343068426			FALSE	FALSE	
sugarcane	SoffiXsponR570.02Fg159400	bHLH	TFF	FALSE	2	0.475628	0			FALSE	FALSE	
sugarcane	SoffiXsponR570.02Fg161400	C3H	TFF	FALSE	1	0.027334				FALSE	FALSE	
sugarcane	SoffiXsponR570.02Fg161500	C2H2	TFF	FALSE	3	0.142421	0.333333333333333			FALSE	FALSE	
sugarcane	SoffiXsponR570.02Fg162800	MYB-related	TFF	TRUE	10954	3275.785833	0.718750444347994	-0.0494	0.9055	FALSE	TRUE	
sugarcane	SoffiXsponR570.02Fg166200	CCAAT	TFF	FALSE	1	0.021886				FALSE	FALSE	
sugarcane	SoffiXsponR570.02Fg168000	MYB-related	TFF	TRUE	43	2.675453	0.832779623477298			FALSE	FALSE	
sugarcane	SoffiXsponR570.02Fg178400	Top	TFF	FALSE	5	0.578924	0.1			FALSE	FALSE	
sugarcane	SoffiXsponR570.02Fg178600	Top	TFF	FALSE	10	0.502141	0.288888888888889	0.0578	0.8854	FALSE	TRUE	
sugarcane	SoffiXsponR570.02Fg180300	GNAT	OTR	FALSE	9690	2616.865018	0.827438880664411	-0.1008	0.7563	FALSE	TRUE	
sugarcane	SoffiXsponR570.02Fg181900	zf-LSD1	TFF	FALSE	1	0.210575				FALSE	FALSE	
sugarcane	SoffiXsponR570.02Fg183700	C3H	TFF	FALSE	14815	6324.885793	0.574600214216642			FALSE	FALSE	
sugarcane	SoffiXsponR570.02Fg190000	HSF	TFF	FALSE	6	0.45917	0.666666666666667			FALSE	FALSE	
sugarcane	SoffiXsponR570.02Fg201000	C3H	TFF	FALSE	24	11.973902	0.492753623188406			FALSE	FALSE	
sugarcane	SoffiXsponR570.02Fg207400	bZIP	TFF	FALSE	5	0.781481	0.1			FALSE	FALSE	
sugarcane	SoffiXsponR570.02Fg211600	HMG	OTR	FALSE	95	13.191036	0.337290033594625	-0.5234	0.00214	FALSE	TRUE	
sugarcane	SoffiXsponR570.02Fg214500	ARF	TFF	FALSE	525	70.53998	0.541577608142494			FALSE	FALSE	
sugarcane	SoffiXsponR570.02Fg215000	DDT	OTR	FALSE	75	11.395348	0.396396396396396	0.1565	0.5865	FALSE	TRUE	
sugarcane	SoffiXsponR570.02Fg216300	C2C2-Dof	TFF	FALSE	4	1.622316	0			FALSE	FALSE	
sugarcane	SoffiXsponR570.02Fg217800	AUX/IAA	OTR	FALSE	44	4.687244	0.346723044397463			FALSE	FALSE	
sugarcane	SoffiXsponR570.02Fg227500	ABI3VP1;AP2-EREBP	TFF	FALSE	18	2.218439	0.372549019607843	0.042	0.9207	FALSE	TRUE	
sugarcane	SoffiXsponR570.02Fg229600	MYB	TFF	TRUE	1	0.2705				FALSE	FALSE	
sugarcane	SoffiXsponR570.02Fg235200	bHLH	TFF	FALSE	1	0.213052				FALSE	FALSE	
sugarcane	SoffiXsponR570.02Fg236500	MYB-related	TFF	TRUE	35	3.837039	0.174789915966387	-0.514	0.00273	FALSE	TRUE	
sugarcane	SoffiXsponR570.02Fg238700	ABI3VP1	TFF	FALSE	23	3.274287	0.351778656126482			FALSE	FALSE	
sugarcane	SoffiXsponR570.02Fg239300	WRKY	TFF	FALSE	1	0.108554				FALSE	FALSE	
sugarcane	SoffiXsponR570.02Fg244600	MADS	TFF	FALSE	2	0.7391	1			FALSE	FALSE	
sugarcane	SoffiXsponR570.02Fg248200	OFP	TFF	FALSE	4	0.863102	0.5			FALSE	FALSE	
sugarcane	SoffiXsponR570.02Fg251300	SWI/SNF-BAF60b	OTR	FALSE	9560	2532.959695	0.808453379824311	-0.1104	0.7241	FALSE	TRUE	
sugarcane	SoffiXsponR570.02Fg253100	HB	TFF	FALSE	55	4.516933	0.663973063973064			FALSE	FALSE	
sugarcane	SoffiXsponR570.02Fg254600	OFP	TFF	FALSE	7	1.366063	0			FALSE	FALSE	
sugarcane	SoffiXsponR570.02Fg254900	WRKY	TFF	FALSE	3546	438.891686	0.892161930604579			FALSE	FALSE	
sugarcane	SoffiXsponR570.02Fg256500	VOZ	TFF	FALSE	7950	1786.136188	0.777834607572963	0.082	0.819	FALSE	TRUE	
sugarcane	SoffiXsponR570.02Fg257900	ARF	TFF	FALSE	18	1.568674	0.477124183006536	-0.202	0.4266	FALSE	TRUE	
sugarcane	SoffiXsponR570.02Fg261600	TUB	TFF	FALSE	15	7.481646	0.571428571428571			FALSE	FALSE	
sugarcane	SoffiXsponR570.02Fg265800	NAC	TFF	FALSE	16	3.076513	0.00833333333333333			FALSE	FALSE	
sugarcane	SoffiXsponR570.02Fg266100	zf-A20	TFF	FALSE	81	31.141936	0.0484567901234568			FALSE	FALSE	
sugarcane	SoffiXsponR570.02Fg267400	TRAF	OTR	FALSE	4	0.194517	0.833333333333333			FALSE	FALSE	
sugarcane	SoffiXsponR570.02Fg271400	bHLH	TFF	FALSE	236	17.965253	0.0258564731337901			FALSE	FALSE	
sugarcane	SoffiXsponR570.02Fg274700	Top	TFF	FALSE	40	3.379905	0.738461538461539	0.2012	0.4289	FALSE	TRUE	
sugarcane	SoffiXsponR570.02Fg288900	bZIP	TFF	FALSE	1	0.025848				FALSE	FALSE	
sugarcane	SoffiXsponR570.02Fg291500	bZIP	TFF	FALSE	8748	2169.387599	0.838306153330564	-0.2063	0.4152	FALSE	TRUE	
sugarcane	SoffiXsponR570.02Fg291600	AP2-EREBP	TFF	FALSE	6	0.943522	0.2			FALSE	FALSE	
sugarcane	SoffiXsponR570.02Fg294400	NAC	TFF	FALSE	146	14.719265	0.534718941898914	0.2889	0.1821	FALSE	TRUE	
sugarcane	SoffiXsponR570.02Fg297400	WRKY	TFF	FALSE	6	0.433912	0.266666666666667			FALSE	FALSE	
sugarcane	SoffiXsponR570.02Fg297500	WRKY	TFF	FALSE	54	8.214852	0.403913347309574	0.4673	0.008445	FALSE	TRUE	
sugarcane	SoffiXsponR570.02Fg306400	CCAAT	TFF	FALSE	18	2.130285	0.738562091503268			FALSE	FALSE	
sugarcane	SoffiXsponR570.02Fg309100	CCAAT	TFF	FALSE	3	0.641631	0.333333333333333			FALSE	FALSE	
sugarcane	SoffiXsponR570.02Fg309400	C2H2	TFF	FALSE	3	0.263262	0.333333333333333			FALSE	FALSE	
sugarcane	SoffiXsponR570.02Fg309600	bZIP	TFF	FALSE	3	0.16025	1			FALSE	FALSE	
sugarcane	SoffiXsponR570.02Fg312200	OFP	TFF	FALSE	17	3.327699	0.0441176470588235			FALSE	FALSE	
sugarcane	SoffiXsponR570.02Fg314400	bZIP	TFF	FALSE	2	0.237909	0			FALSE	FALSE	
sugarcane	SoffiXsponR570.02Fg316300	C2H2	TFF	FALSE	1250	137.182551	0.864672538030425	-0.1552	0.5914	FALSE	TRUE	
sugarcane	SoffiXsponR570.02Fg318600	MYB	TFF	TRUE	10	0.718069	0.577777777777778			FALSE	FALSE	
sugarcane	SoffiXsponR570.02Fg323600	GRAS	TFF	FALSE	14685	6199.738724	0.576142885086962	-0.0163	0.9734	FALSE	TRUE	
sugarcane	SoffiXsponR570.02Fg325300	NAC	TFF	FALSE	2	0.073982	1	-0.1966	0.4439	FALSE	TRUE	
sugarcane	SoffiXsponR570.02Fg326300	AP2-EREBP	TFF	FALSE	9	0.745213	0.277777777777778			FALSE	FALSE	
sugarcane	SoffiXsponR570.02Fg327500	NAC	TFF	FALSE	67	4.342261	0.921754862053369			FALSE	FALSE	
sugarcane	SoffiXsponR570.02Fg330900	TAZ;TRAF	OTR;TFF	FALSE	34	2.533452	0.809269162210339			FALSE	FALSE	
sugarcane	SoffiXsponR570.02Fg336400	bHLH	TFF	FALSE	1	0.577554				FALSE	FALSE	
sugarcane	SoffiXsponR570.02Fg338100	GRAS	TFF	FALSE	17	2.254002	0.242647058823529			FALSE	FALSE	
sugarcane	SoffiXsponR570.02Fg340000	Jumonji	OTR	FALSE	1	0.020895				FALSE	FALSE	
sugarcane	SoffiXsponR570.02Fg340500	TAZ	TFF	FALSE	221	34.15991	0.294775812422871			FALSE	FALSE	
sugarcane	SoffiXsponR570.02Fg344000	ABI3VP1	TFF	FALSE	400	50.939075	0.0624436090225564			FALSE	FALSE	
sugarcane	SoffiXsponR570.02Fg346400	bHLH	TFF	FALSE	76	7.632056	0.625964912280702	0.1511	0.596	FALSE	TRUE	
sugarcane	SoffiXsponR570.02Fg347600	C3H	TFF	FALSE	199	26.315078	0.442261814121111	0.531	0.001732	FALSE	TRUE	
sugarcane	SoffiXsponR570.02Fg355900	NAC	TFF	FALSE	1	0.03922				FALSE	FALSE	
sugarcane	SoffiXsponR570.02Fg357800	SET	OTR	FALSE	1	0.65927				FALSE	FALSE	
sugarcane	SoffiXsponR570.02Fg358200	ARF	TFF	FALSE	1	0.674127		-0.1061	0.7383	FALSE	TRUE	
sugarcane	SoffiXsponR570.02Fg363600	C2H2	TFF	FALSE	169	40.376763	0.0410679064525218	0.2036	0.4224	FALSE	TRUE	
sugarcane	SoffiXsponR570.02Fg364000	CCAAT	TFF	FALSE	3	0.682241	1			FALSE	FALSE	
sugarcane	SoffiXsponR570.02Gg003100	bHLH	TFF	FALSE	4	0.811101	0			FALSE	FALSE	
sugarcane	SoffiXsponR570.02Gg003200	zf-BED	TFF	FALSE	14286	5824.911266	0.598461951657012	-0.0603	0.8788	FALSE	TRUE	
sugarcane	SoffiXsponR570.02Gg005400	bHLH	TFF	FALSE	2	0.326558	0			FALSE	FALSE	
sugarcane	SoffiXsponR570.02Gg005600	bHLH	TFF	FALSE	48	7.116318	0.434397163120567			FALSE	FALSE	
sugarcane	SoffiXsponR570.02Gg008700	NAC	TFF	FALSE	191	37.006713	0.326150454670708	-0.0896	0.7939	FALSE	TRUE	
sugarcane	SoffiXsponR570.02Gg013900	NAC	TFF	FALSE	1	0.087754				FALSE	FALSE	
sugarcane	SoffiXsponR570.02Gg018100	Top	TFF	FALSE	6089	1054.633577	0.909947528221871	0.0423	0.9202	FALSE	TRUE	
sugarcane	SoffiXsponR570.02Gg019900	C3H	TFF	FALSE	9832	2713.722701	0.768586777235028	0.1375	0.6264	FALSE	TRUE	
sugarcane	SoffiXsponR570.02Gg020100	C3H	TFF	FALSE	868	94.039395	0.791608863659316	0.2931	0.1732	FALSE	TRUE	
sugarcane	SoffiXsponR570.02Gg021800	NAC	TFF	FALSE	44	6.170015	0.248414376321353			FALSE	FALSE	
sugarcane	SoffiXsponR570.02Gg023200	C2C2-Dof	TFF	FALSE	52	7.514382	0.446455505279035	0.1555	0.59	FALSE	TRUE	
sugarcane	SoffiXsponR570.02Gg029900	MYB	TFF	TRUE	111	11.238804	0.873054873054873			FALSE	FALSE	
sugarcane	SoffiXsponR570.02Gg033300	SBP	TFF	FALSE	5	0.536828	0.4	0.46	0.009989	FALSE	TRUE	
sugarcane	SoffiXsponR570.02Gg035300	MYB	TFF	TRUE	7	0.851501	0.285714285714286	0.159	0.5773	FALSE	TRUE	
sugarcane	SoffiXsponR570.02Gg037100	HB	TFF	FALSE	9	2.289395	0.694444444444445			FALSE	FALSE	
sugarcane	SoffiXsponR570.02Gg041100	AP2-EREBP	TFF	FALSE	3	0.112211	0.333333333333333			FALSE	FALSE	
sugarcane	SoffiXsponR570.02Gg044100	Top	TFF	FALSE	95	10.636548	0.301903695408735			FALSE	FALSE	
sugarcane	SoffiXsponR570.02Gg049800	C2C2-GATA	TFF	FALSE	31	3.761381	0.443010752688172			FALSE	FALSE	
sugarcane	SoffiXsponR570.02Gg052400	SAP	TFF	FALSE	98	6.535193	0.886808331580055	0.0736	0.8433	FALSE	TRUE	
sugarcane	SoffiXsponR570.02Gg069100	MYB	TFF	TRUE	23	2.982586	0.363636363636364			FALSE	FALSE	
sugarcane	SoffiXsponR570.02Gg084900	WRKY	TFF	FALSE	92	35.109915	0.314859053989489	0.1459	0.596	FALSE	TRUE	
sugarcane	SoffiXsponR570.02Gg085600	PLATZ	TFF	FALSE	194	65.992851	0.265584103413279			FALSE	FALSE	
sugarcane	SoffiXsponR570.02Gg098800	GNAT	OTR	FALSE	259	18.438914	0.855915716380833	0.1263	0.6676	FALSE	TRUE	
sugarcane	SoffiXsponR570.02Gg102400	MADS	TFF	FALSE	10	3.589515	0.2	0.0298	0.946	FALSE	TRUE	
sugarcane	SoffiXsponR570.02Gg102700	C3H	TFF	FALSE	168	56.103752	0.63622754491018			FALSE	FALSE	
sugarcane	SoffiXsponR570.02Gg105400	MYB-related	TFF	TRUE	52	5.959305	0.484162895927602	0.1163	0.7037	FALSE	TRUE	
sugarcane	SoffiXsponR570.02Gg109100	OFP	TFF	FALSE	1	0.033772				FALSE	FALSE	
sugarcane	SoffiXsponR570.02Gg124300	MYB-related	TFF	TRUE	1	0.128364				FALSE	FALSE	
sugarcane	SoffiXsponR570.02Gg126100	HMG	OTR	FALSE	13382	5172.204862	0.619340025452945	-0.0995	0.7601	FALSE	TRUE	
sugarcane	SoffiXsponR570.02Gg128700	ARF	TFF	FALSE	10	1.077124	0.888888888888889			FALSE	FALSE	
sugarcane	SoffiXsponR570.02Gg129200	DDT	OTR	FALSE	29	3.142131	0.549261083743842	0.0585	0.884	FALSE	TRUE	
sugarcane	SoffiXsponR570.02Gg131700	AUX/IAA	OTR	FALSE	1	0.047639				FALSE	FALSE	
sugarcane	SoffiXsponR570.02Gg137700	Top	TFF	FALSE	2	0.388464	0	0.1829	0.4904	FALSE	TRUE	
sugarcane	SoffiXsponR570.02Gg143800	AP2-EREBP	TFF	FALSE	6	0.541876	0.8			FALSE	FALSE	
sugarcane	SoffiXsponR570.02Gg145500	MYB	TFF	TRUE	50	13.896448	0.666122448979592			FALSE	FALSE	
sugarcane	SoffiXsponR570.02Gg150700	bHLH	TFF	FALSE	64	10.204717	0.339285714285714	0.4512	0.01207	FALSE	TRUE	
sugarcane	SoffiXsponR570.02Gg150800	Coactivator_p15	OTR	FALSE	1	0.023867				FALSE	FALSE	
sugarcane	SoffiXsponR570.02Gg153900	ABI3VP1	TFF	FALSE	108	34.54091	0.180512287988924			FALSE	FALSE	
sugarcane	SoffiXsponR570.02Gg154400	WRKY	TFF	FALSE	12	0.840585	0.712121212121212			FALSE	FALSE	
sugarcane	SoffiXsponR570.02Gg163600	WRKY	TFF	FALSE	3	0.102801	0.666666666666667			FALSE	FALSE	
sugarcane	SoffiXsponR570.02Gg164600	OFP	TFF	FALSE	1	0.034267				FALSE	FALSE	
sugarcane	SoffiXsponR570.02Gg165600	HSF	TFF	FALSE	40	3.371486	0.675641025641026			FALSE	FALSE	
sugarcane	SoffiXsponR570.02Gg170200	AUX/IAA	OTR	FALSE	1200	200.554637	0.475942452043369			FALSE	FALSE	
sugarcane	SoffiXsponR570.02Gg172200	SWI/SNF-BAF60b	OTR	FALSE	226	36.076003	0.456637168141593	0.0734	0.844	FALSE	TRUE	
sugarcane	SoffiXsponR570.02Gg174100	HB	TFF	FALSE	2	0.111126	0	0.1007	0.7565	FALSE	TRUE	
sugarcane	SoffiXsponR570.02Gg175700	HSF	TFF	FALSE	14	1.429625	0.252747252747253	0.2481	0.2847	FALSE	TRUE	
sugarcane	SoffiXsponR570.02Gg176300	WRKY	TFF	FALSE	93	13.011071	0.633473585787751	-0.3994	0.03431	FALSE	TRUE	
sugarcane	SoffiXsponR570.02Gg178100	VOZ	TFF	FALSE	4	0.444122	1			FALSE	FALSE	
sugarcane	SoffiXsponR570.02Gg179900	bZIP	TFF	FALSE	2	0.066058	0			FALSE	FALSE	
sugarcane	SoffiXsponR570.02Gg182200	TUB	TFF	FALSE	3	0.560905	0.333333333333333			FALSE	FALSE	
sugarcane	SoffiXsponR570.02Gg184500	TCP	TFF	FALSE	741	126.908794	0.49641098588467			FALSE	FALSE	
sugarcane	SoffiXsponR570.02Gg187200	BSD	TFF	FALSE	125	12.528769	0.598322580645161	-0.0779	0.8306	FALSE	TRUE	
sugarcane	SoffiXsponR570.02Gg188000	TRAF	OTR	FALSE	5	0.877559	0.4	0.3465	0.08332	FALSE	TRUE	
sugarcane	SoffiXsponR570.02Gg192500	bHLH	TFF	FALSE	4	0.590715	0			FALSE	FALSE	
sugarcane	SoffiXsponR570.02Gg196100	Top	TFF	FALSE	56	5.987419	0.645454545454546			FALSE	FALSE	
sugarcane	SoffiXsponR570.02Gg204000	AP2-EREBP	TFF	FALSE	38	5.113577	0.469416785206259			FALSE	FALSE	
sugarcane	SoffiXsponR570.02Gg204100	AP2-EREBP	TFF	FALSE	272	23.853207	0.845181245930106	0.0715	0.8489	FALSE	TRUE	
sugarcane	SoffiXsponR570.02Gg206700	bZIP	TFF	FALSE	49	4.764482	0.344387755102041	-0.2726	0.2197	FALSE	TRUE	
sugarcane	SoffiXsponR570.02Gg212300	MYB	TFF	TRUE	180	41.781836	0.439540657976412			FALSE	FALSE	
sugarcane	SoffiXsponR570.02Gg213500	bZIP	TFF	FALSE	3	0.244442	1	-0.5299	0.001788	FALSE	TRUE	
sugarcane	SoffiXsponR570.02Gg213600	AP2-EREBP	TFF	FALSE	120	36.85981	0.258963585434174			FALSE	FALSE	
sugarcane	SoffiXsponR570.02Gg215800	NAC	TFF	FALSE	18	1.317584	0.333333333333333			FALSE	FALSE	
sugarcane	SoffiXsponR570.02Gg218500	WRKY	TFF	FALSE	21	3.438024	0.3			FALSE	FALSE	
sugarcane	SoffiXsponR570.02Gg218600	WRKY	TFF	FALSE	26	4.416613	0.470769230769231	0.3327	0.102	FALSE	TRUE	
sugarcane	SoffiXsponR570.02Gg218700	WRKY	TFF	FALSE	52	8.717834	0.371794871794872	0.3816	0.04704	FALSE	TRUE	
sugarcane	SoffiXsponR570.02Gg222200	WRKY	TFF	FALSE	3	0.317739	0.333333333333333	0.3506	0.07834	FALSE	TRUE	
sugarcane	SoffiXsponR570.02Gg230600	C2H2	TFF	FALSE	5	0.511076	0.7			FALSE	FALSE	
sugarcane	SoffiXsponR570.02Gg230800	C2H2	TFF	FALSE	4	0.481761	0			FALSE	FALSE	
sugarcane	SoffiXsponR570.02Gg233400	WRKY	TFF	FALSE	495	74.170265	0.45583772952194	-0.1469	0.596	FALSE	TRUE	
sugarcane	SoffiXsponR570.02Gg236500	HB	TFF	FALSE	214	36.305153	0.28471765170462	0.6002	0.0001885	TRUE	TRUE	ortholog_not_correlated
sugarcane	SoffiXsponR570.02Gg240100	MYB	TFF	TRUE	21	2.346498	0.680952380952381	-0.4706	0.007848	FALSE	TRUE	
sugarcane	SoffiXsponR570.02Gg243800	C2H2	TFF	FALSE	1	0.136783				FALSE	FALSE	
sugarcane	SoffiXsponR570.02Gg245800	MYB-related	TFF	TRUE	6	0.762261	0.333333333333333			FALSE	FALSE	
sugarcane	SoffiXsponR570.02Gg248600	bZIP	TFF	FALSE	9	1.218669	0.138888888888889			FALSE	FALSE	
sugarcane	SoffiXsponR570.02Gg250700	C2H2	TFF	FALSE	20	2.328079	0.389473684210526			FALSE	FALSE	
sugarcane	SoffiXsponR570.02Gg253000	MYB	TFF	TRUE	16	1.474387	0.233333333333333			FALSE	FALSE	
sugarcane	SoffiXsponR570.02Gg255300	PHD	OTR	FALSE	72	8.306203	0.393974960876369	-0.6923	3.263e-06	TRUE	TRUE	ortholog_not_correlated
sugarcane	SoffiXsponR570.02Gg256400	SET	OTR	FALSE	1	0.136288				FALSE	FALSE	
sugarcane	SoffiXsponR570.02Gg257700	GRAS	TFF	FALSE	280	43.188929	0.284383000512033	-0.4971	0.004187	FALSE	TRUE	
sugarcane	SoffiXsponR570.02Gg259400	NAC	TFF	FALSE	28	3.062796	0.433862433862434	-0.3509	0.07801	FALSE	TRUE	
sugarcane	SoffiXsponR570.02Gg259600	SWI/SNF-BAF60b	OTR	FALSE	2112	448.403307	0.42559312332228	0.1959	0.4459	FALSE	TRUE	
sugarcane	SoffiXsponR570.02Gg264300	TAZ;TRAF	OTR;TFF	FALSE	123	16.030475	0.545115287218446			FALSE	FALSE	
sugarcane	SoffiXsponR570.02Gg270400	bHLH	TFF	FALSE	3	0.815463	0.333333333333333			FALSE	FALSE	
sugarcane	SoffiXsponR570.02Gg271700	GRAS	TFF	FALSE	3	1.060115	0			FALSE	FALSE	
sugarcane	SoffiXsponR570.02Gg272400	ABI3VP1	TFF	FALSE	119	63.730365	0.126192850021365			FALSE	FALSE	
sugarcane	SoffiXsponR570.02Gg273500	Jumonji	OTR	FALSE	1	0.051106				FALSE	FALSE	
sugarcane	SoffiXsponR570.02Gg274100	TAZ;TRAF	OTR;TFF	FALSE	205	30.820915	0.256384505021521			FALSE	FALSE	
sugarcane	SoffiXsponR570.02Gg279000	bHLH	TFF	FALSE	9	1.116648	0.5			FALSE	FALSE	
sugarcane	SoffiXsponR570.02Gg280100	C3H	TFF	FALSE	421	62.68042	0.41347132677299	0.5959	0.0002223	FALSE	TRUE	
sugarcane	SoffiXsponR570.02Gg285900	SBP	TFF	FALSE	6	0.346253	0.6			FALSE	FALSE	
sugarcane	SoffiXsponR570.02Gg286500	TIG	TFF	FALSE	2	0.616773	0	0.0834	0.8147	FALSE	TRUE	
sugarcane	SoffiXsponR570.02Gg287700	Top	TFF	FALSE	286	33.442531	0.645614035087719	-0.0236	0.9588	FALSE	TRUE	
sugarcane	SoffiXsponR570.02Gg287800	TCP	TFF	FALSE	6	0.51018	0.466666666666667	-0.0025	0.9959	FALSE	TRUE	
sugarcane	SoffiXsponR570.02Gg289300	MYB	TFF	TRUE	9647	2636.347934	0.802485137761918	-0.0627	0.8725	FALSE	TRUE	
sugarcane	SoffiXsponR570.02Gg291300	ARF	TFF	FALSE	518	54.427424	0.612189420700059			FALSE	FALSE	
sugarcane	SoffiXsponR570.02Gg291600	bHLH	TFF	FALSE	84	7.171246	0.430292598967298	-0.45	0.0124	FALSE	TRUE	
sugarcane	SoffiXsponR570.02Gg296400	CCAAT	TFF	FALSE	7	0.971351	0.285714285714286			FALSE	FALSE	
sugarcane	SoffiXsponR570.02Gg303800	TRAF	OTR	FALSE	1787	387.83929	0.540175373842815			FALSE	FALSE	
sugarcane	SoffiXsponR570.02Gg308900	bHLH	TFF	FALSE	24	7.334917	0.583333333333333	0.4223	0.02203	FALSE	TRUE	
sugarcane	SoffiXsponR570.02Gg314900	Top	TFF	FALSE	9	0.44955	0.638888888888889	-0.6296	5.997e-05	TRUE	TRUE	ortholog_not_correlated
sugarcane	SoffiXsponR570.02Gg321000	MYB-related	TFF	TRUE	285	70.4305	0.364665184086978	-0.3778	0.05016	FALSE	TRUE	
sugarcane	SoffiXsponR570.03Ag001100	bZIP	TFF	FALSE	7	1.787519	0.428571428571429			FALSE	FALSE	
sugarcane	SoffiXsponR570.03Ag003400	MADS	TFF	FALSE	6661	1288.693437	0.84931993996699			FALSE	FALSE	
sugarcane	SoffiXsponR570.03Ag006200	Jumonji	OTR	FALSE	2	0.142326	1			FALSE	FALSE	
sugarcane	SoffiXsponR570.03Ag010500	MYB	TFF	TRUE	3	1.097754	0.666666666666667			FALSE	FALSE	
sugarcane	SoffiXsponR570.03Ag011500	bHLH	TFF	FALSE	7204	1493.339765	0.793917882170602	0.1952	0.4486	FALSE	TRUE	
sugarcane	SoffiXsponR570.03Ag018800	bHLH	TFF	FALSE	41	11.885383	0.51219512195122			FALSE	FALSE	
sugarcane	SoffiXsponR570.03Ag019400	CSD	TFF	FALSE	205	23.765123	0.474366331898613	0.0976	0.7669	FALSE	TRUE	
sugarcane	SoffiXsponR570.03Ag028300	BES1	TFF	FALSE	5292	877.020465	0.688816760245332	0.1418	0.6108	FALSE	TRUE	
sugarcane	SoffiXsponR570.03Ag032200	PHD	OTR	FALSE	223	46.832001	0.283036399628328	0.5339	0.001601	FALSE	TRUE	
sugarcane	SoffiXsponR570.03Ag034500	RWP-RK	TFF	FALSE	80	8.792306	0.431962025316456			FALSE	FALSE	
sugarcane	SoffiXsponR570.03Ag035400	TAZ	TFF	FALSE	7631	1642.573202	0.746301842196064	0.0242	0.957	FALSE	TRUE	
sugarcane	SoffiXsponR570.03Ag036600	MYB-related	TFF	TRUE	4	0.289605	0.333333333333333			FALSE	FALSE	
sugarcane	SoffiXsponR570.03Ag037000	SBP	TFF	FALSE	504	60.607774	0.597896746505096	0.1703	0.535	FALSE	TRUE	
sugarcane	SoffiXsponR570.03Ag037900	ARF	TFF	FALSE	439	51.23052	0.689601730791234	0.0558	0.8908	FALSE	TRUE	
sugarcane	SoffiXsponR570.03Ag039400	PAS	TFF	FALSE	914	160.727374	0.315266237018893	0.2535	0.2699	FALSE	TRUE	
sugarcane	SoffiXsponR570.03Ag044500	AP2-EREBP	TFF	FALSE	16	3.276098	0.433333333333333	0.6576	1.763e-05	TRUE	TRUE	ortholog_not_correlated
sugarcane	SoffiXsponR570.03Ag045000	PBF-2-like	TFF	FALSE	191	24.482396	0.344392394599063	-0.3434	0.0873	FALSE	TRUE	
sugarcane	SoffiXsponR570.03Ag049300	ARF	TFF	FALSE	81	10.241496	0.407098765432099	0.3617	0.06581	FALSE	TRUE	
sugarcane	SoffiXsponR570.03Ag054500	bZIP	TFF	FALSE	13	1.642486	0.461538461538462	-0.2342	0.3252	FALSE	TRUE	
sugarcane	SoffiXsponR570.03Ag055600	SBP	TFF	FALSE	34	3.775038	0.470588235294118	0.0971	0.7682	FALSE	TRUE	
sugarcane	SoffiXsponR570.03Ag056500	PLATZ	TFF	FALSE	979	179.32069	0.74464365165406	0.106	0.7384	FALSE	TRUE	
sugarcane	SoffiXsponR570.03Ag060700	SBP	TFF	FALSE	16	2.770945	0.0333333333333333			FALSE	FALSE	
sugarcane	SoffiXsponR570.03Ag063800	WRKY	TFF	FALSE	36	4.167959	0.252380952380952	0.2564	0.2621	FALSE	TRUE	
sugarcane	SoffiXsponR570.03Ag064600	ARR-B	TFF	FALSE	11651	3841.471916	0.698061320603547	-0.2338	0.3267	FALSE	TRUE	
sugarcane	SoffiXsponR570.03Ag065100	HB	TFF	FALSE	103	9.263492	0.546925566343042			FALSE	FALSE	
sugarcane	SoffiXsponR570.03Ag069700	MYB	TFF	TRUE	1996	551.258679	0.491850869659118	0.0551	0.8925	FALSE	TRUE	
sugarcane	SoffiXsponR570.03Ag073600	bZIP	TFF	FALSE	82	10.956728	0.396266184884071			FALSE	FALSE	
sugarcane	SoffiXsponR570.03Ag074500	PHD	OTR	FALSE	2	0.384997	1	0.4265	0.02022	FALSE	TRUE	
sugarcane	SoffiXsponR570.03Ag077700	zf-A20	TFF	FALSE	14562	6090.455103	0.58270710148039			FALSE	FALSE	
sugarcane	SoffiXsponR570.03Ag083400	AP2-EREBP	TFF	FALSE	20	3.572141	0.726315789473684			FALSE	FALSE	
sugarcane	SoffiXsponR570.03Ag084200	bZIP	TFF	FALSE	7	1.043162	0.380952380952381			FALSE	FALSE	
sugarcane	SoffiXsponR570.03Ag084300	bZIP	TFF	FALSE	49	7.294702	0.482142857142857	0.1705	0.5341	FALSE	TRUE	
sugarcane	SoffiXsponR570.03Ag087500	Top	TFF	FALSE	14963	6385.947054	0.555517645749593	0.0417	0.9213	FALSE	TRUE	
sugarcane	SoffiXsponR570.03Ag093900	C2C2-GATA	TFF	FALSE	8	0.425188	0.821428571428571			FALSE	FALSE	
sugarcane	SoffiXsponR570.03Ag097400	AP2-EREBP	TFF	FALSE	1018	195.37983	0.650385489893809			FALSE	FALSE	
sugarcane	SoffiXsponR570.03Ag098200	HSF	TFF	FALSE	25	4.587874	0.376666666666667	-0.0437	0.9172	FALSE	TRUE	
sugarcane	SoffiXsponR570.03Ag100700	MYB-related	TFF	TRUE	5	0.382311	0.4			FALSE	FALSE	
sugarcane	SoffiXsponR570.03Ag105300	NAC	TFF	FALSE	17	3.327699	0.0441176470588235			FALSE	FALSE	
sugarcane	SoffiXsponR570.03Ag106500	C3H	TFF	FALSE	11161	3523.192096	0.728459250224556	-0.0899	0.7929	FALSE	TRUE	
sugarcane	SoffiXsponR570.03Ag114800	MYB	TFF	TRUE	609	59.753052	0.811311684383372	0.2856	0.1894	FALSE	TRUE	
sugarcane	SoffiXsponR570.03Ag119300	Tudor-knot	OTR	FALSE	1131	126.332746	0.70401164291918	-0.3294	0.1069	FALSE	TRUE	
sugarcane	SoffiXsponR570.03Ag119600	GeBP	TFF	FALSE	4	0.353492	0.166666666666667			FALSE	FALSE	
sugarcane	SoffiXsponR570.03Ag121400	bHLH	TFF	FALSE	1	0.015943				FALSE	FALSE	
sugarcane	SoffiXsponR570.03Ag127400	WRKY	TFF	FALSE	171	18.564762	0.53952528379773			FALSE	FALSE	
sugarcane	SoffiXsponR570.03Ag128400	bHLH	TFF	FALSE	50	9.401581	0.351836734693878	0.7948	3.349e-09	TRUE	TRUE	ortholog_not_correlated
sugarcane	SoffiXsponR570.03Ag128700	zf-BED	TFF	FALSE	48	3.45941	0.761524822695035			FALSE	FALSE	
sugarcane	SoffiXsponR570.03Ag129900	ARID	OTR	FALSE	704	171.788084	0.492818925384715			FALSE	FALSE	
sugarcane	SoffiXsponR570.03Ag142500	WRKY	TFF	FALSE	40	3.611186	0.656410256410256			FALSE	FALSE	
sugarcane	SoffiXsponR570.03Ag148300	HSF	TFF	FALSE	10	1.051866	0.377777777777778			FALSE	FALSE	
sugarcane	SoffiXsponR570.03Ag156900	AP2-EREBP	TFF	FALSE	194	65.992851	0.265584103413279	0.1459	0.596	FALSE	TRUE	
sugarcane	SoffiXsponR570.03Ag159100	MYB-related	TFF	TRUE	13183	4932.181026	0.64304456967143	-0.1469	0.596	FALSE	TRUE	
sugarcane	SoffiXsponR570.03Ag160900	Coactivator_p15	OTR	FALSE	7	0.417169	0.571428571428571			FALSE	FALSE	
sugarcane	SoffiXsponR570.03Ag161200	SET	OTR	FALSE	7	1.308119	0.285714285714286	0.3452	0.08501	FALSE	TRUE	
sugarcane	SoffiXsponR570.03Ag161800	NAC	TFF	FALSE	1	0.012971				FALSE	FALSE	
sugarcane	SoffiXsponR570.03Ag162800	DDT	OTR	FALSE	67	4.81027	0.707824513794663	-0.2099	0.4045	FALSE	TRUE	
sugarcane	SoffiXsponR570.03Ag163800	C3H	TFF	FALSE	6183	1101.45084	0.863270330410457	-0.1209	0.6875	FALSE	TRUE	
sugarcane	SoffiXsponR570.03Ag164000	ARF	TFF	FALSE	9182	2341.343662	0.748626873313863	-0.085	0.8088	FALSE	TRUE	
sugarcane	SoffiXsponR570.03Ag164800	AP2-EREBP	TFF	FALSE	183	29.147859	0.629856482315499			FALSE	FALSE	
sugarcane	SoffiXsponR570.03Ag166800	Alfin-like	TFF	FALSE	5	0.468484	0.2			FALSE	FALSE	
sugarcane	SoffiXsponR570.03Ag172500	EIL	TFF	FALSE	8	1.508789	0.357142857142857			FALSE	FALSE	
sugarcane	SoffiXsponR570.03Ag175300	MYB	TFF	TRUE	23	10.366233	0.430830039525692			FALSE	FALSE	
sugarcane	SoffiXsponR570.03Ag189500	mTERF	OTR	FALSE	4	0.665498	0.666666666666667	-0.2894	0.181	FALSE	TRUE	
sugarcane	SoffiXsponR570.03Ag195500	FAR1	TFF	FALSE	2	0.086858	1			FALSE	FALSE	
sugarcane	SoffiXsponR570.03Ag197600	C2C2-CO-like	TFF	FALSE	9	0.886358	0.416666666666667	0.5234	0.002142	FALSE	TRUE	
sugarcane	SoffiXsponR570.03Ag200900	AP2-EREBP	TFF	FALSE	3	0.221661	0			FALSE	FALSE	
sugarcane	SoffiXsponR570.03Ag204500	Pseudo_ARR-B	OTR	FALSE	186	32.583182	0.439116535890729	-0.5194	0.002367	FALSE	TRUE	
sugarcane	SoffiXsponR570.03Ag204800	MYB	TFF	TRUE	537	70.457424	0.633459795992106	0.0836	0.8141	FALSE	TRUE	
sugarcane	SoffiXsponR570.03Ag205900	SET	OTR	FALSE	585	35.912521	0.989796276782578			FALSE	FALSE	
sugarcane	SoffiXsponR570.03Ag209600	ARF	TFF	FALSE	25	3.291316	0.266666666666667	0.5805	0.0003825	FALSE	TRUE	
sugarcane	SoffiXsponR570.03Ag216600	AP2-EREBP	TFF	FALSE	6	0.75929	0.466666666666667			FALSE	FALSE	
sugarcane	SoffiXsponR570.03Ag219700	LIM	TFF	FALSE	112	19.105413	0.00160875160875161			FALSE	FALSE	
sugarcane	SoffiXsponR570.03Ag219900	MYB	TFF	TRUE	1	0.256138				FALSE	FALSE	
sugarcane	SoffiXsponR570.03Ag220800	C2C2-YABBY	TFF	FALSE	1945	560.27972	0.51675976176119	0.0151	0.9755	FALSE	TRUE	
sugarcane	SoffiXsponR570.03Ag221200	C2H2	TFF	FALSE	94	24.888689	0.100205902539465			FALSE	FALSE	
sugarcane	SoffiXsponR570.03Ag224800	bHLH	TFF	FALSE	416	126.451001	0.139295644114921			FALSE	FALSE	
sugarcane	SoffiXsponR570.03Ag225000	MYB-related	TFF	TRUE	2	0.051201	0			FALSE	FALSE	
sugarcane	SoffiXsponR570.03Ag225700	GRF	TFF	FALSE	173	18.960655	0.469686785858314			FALSE	FALSE	
sugarcane	SoffiXsponR570.03Ag226900	MYB-related	TFF	TRUE	1411	311.266498	0.567434192338817			FALSE	FALSE	
sugarcane	SoffiXsponR570.03Ag227000	zf-C5HC2	TFF	FALSE	1	0.212556		0.2018	0.427	FALSE	TRUE	
sugarcane	SoffiXsponR570.03Ag228700	GNAT	OTR	FALSE	3	0.093392	0			FALSE	FALSE	
sugarcane	SoffiXsponR570.03Ag229600	PLATZ	TFF	FALSE	20	2.138399	0.394736842105263	-0.7208	6.473e-07	TRUE	TRUE	ortholog_not_correlated
sugarcane	SoffiXsponR570.03Ag229800	bHLH	TFF	FALSE	29	7.380955	0.33743842364532			FALSE	FALSE	
sugarcane	SoffiXsponR570.03Ag234800	MADS	TFF	FALSE	17	3.327699	0.0441176470588235			FALSE	FALSE	
sugarcane	SoffiXsponR570.03Ag235700	MYB-related	TFF	TRUE	361	79.21054	0.381932902431517	0.2219	0.3641	FALSE	TRUE	
sugarcane	SoffiXsponR570.03Ag236100	OFP	TFF	FALSE	2	0.196308	1			FALSE	FALSE	
sugarcane	SoffiXsponR570.03Ag237300	AP2-EREBP	TFF	FALSE	27	5.262591	0.438746438746439			FALSE	FALSE	
sugarcane	SoffiXsponR570.03Ag239500	C2H2	TFF	FALSE	404	52.216203	0.585263985455618	0.1388	0.621	FALSE	TRUE	
sugarcane	SoffiXsponR570.03Ag244500	GRAS	TFF	FALSE	6	0.533457	0.6			FALSE	FALSE	
sugarcane	SoffiXsponR570.03Ag244600	GRAS	TFF	FALSE	1	0.097164				FALSE	FALSE	
sugarcane	SoffiXsponR570.03Ag248300	AP2-EREBP	TFF	FALSE	7	1.541381	0.333333333333333			FALSE	FALSE	
sugarcane	SoffiXsponR570.03Ag248400	AP2-EREBP	TFF	FALSE	226	95.491851	0.299193706981318			FALSE	FALSE	
sugarcane	SoffiXsponR570.03Ag250000	AP2-EREBP	TFF	FALSE	1	0.012971				FALSE	FALSE	
sugarcane	SoffiXsponR570.03Ag250300	AP2-EREBP	TFF	FALSE	78	12.552036	0.528471528471529	0.5885	0.000291	FALSE	TRUE	
sugarcane	SoffiXsponR570.03Ag252000	WRKY	TFF	FALSE	21	4.116018	0.276190476190476			FALSE	FALSE	
sugarcane	SoffiXsponR570.03Ag255100	TUB	TFF	FALSE	2	0.057144	1			FALSE	FALSE	
sugarcane	SoffiXsponR570.03Ag255300	bHLH	TFF	FALSE	57	6.257424	0.352756892230576	0.3132	0.1339	FALSE	TRUE	
sugarcane	SoffiXsponR570.03Ag255800	zf-HD	TFF	FALSE	1	0.026838				FALSE	FALSE	
sugarcane	SoffiXsponR570.03Ag256300	C2C2-Dof	TFF	FALSE	1	0.076858				FALSE	FALSE	
sugarcane	SoffiXsponR570.03Ag257000	SET	OTR	FALSE	14976	6467.505173	0.568251858510623	0.0028	0.9957	FALSE	TRUE	
sugarcane	SoffiXsponR570.03Ag261000	ARID	OTR	FALSE	2549	265.653402	0.902690931217524			FALSE	FALSE	
sugarcane	SoffiXsponR570.03Ag268000	SET	OTR	FALSE	212	36.877469	0.401502280246803			FALSE	FALSE	
sugarcane	SoffiXsponR570.03Ag269500	C2C2-Dof	TFF	FALSE	12	1.394272	0.53030303030303			FALSE	FALSE	
sugarcane	SoffiXsponR570.03Ag270000	bHLH	TFF	FALSE	31	5.033177	0.268817204301075			FALSE	FALSE	
sugarcane	SoffiXsponR570.03Ag273600	C2C2-CO-like	TFF	FALSE	14	1.493512	0.285714285714286			FALSE	FALSE	
sugarcane	SoffiXsponR570.03Ag274200	MYB	TFF	TRUE	4	0.184612	0.833333333333333			FALSE	FALSE	
sugarcane	SoffiXsponR570.03Ag275000	SET	OTR	FALSE	2	0.120535	1			FALSE	FALSE	
sugarcane	SoffiXsponR570.03Ag279900	E2F-DP	TFF	FALSE	8	1.028399	0.357142857142857			FALSE	FALSE	
sugarcane	SoffiXsponR570.03Ag285300	NAC	TFF	FALSE	3	1.364197	0.666666666666667			FALSE	FALSE	
sugarcane	SoffiXsponR570.03Ag286400	AP2-EREBP	TFF	FALSE	20	1.136018	0.863157894736842			FALSE	FALSE	
sugarcane	SoffiXsponR570.03Ag286500	bHLH	TFF	FALSE	27	11.465073	0.572649572649573			FALSE	FALSE	
sugarcane	SoffiXsponR570.03Ag288300	mTERF	OTR	FALSE	115	11.246613	0.671548436308162			FALSE	FALSE	
sugarcane	SoffiXsponR570.03Ag288700	mTERF	OTR	FALSE	9	5.558029	0.611111111111111			FALSE	FALSE	
sugarcane	SoffiXsponR570.03Ag291000	AP2-EREBP	TFF	FALSE	123	16.68024	0.446088231374117	0.0327	0.9402	FALSE	TRUE	
sugarcane	SoffiXsponR570.03Ag292300	MYB	TFF	TRUE	34	5.403907	0.242424242424242	2e-04	0.9997	FALSE	TRUE	
sugarcane	SoffiXsponR570.03Ag300100	bZIP	TFF	FALSE	17	2.96072	0.397058823529412			FALSE	FALSE	
sugarcane	SoffiXsponR570.03Ag301100	AP2-EREBP	TFF	FALSE	47	4.322036	0.593894542090657	0.109	0.7293	FALSE	TRUE	
sugarcane	SoffiXsponR570.03Ag301800	GeBP	TFF	FALSE	10843	3314.562581	0.790825054610927			FALSE	FALSE	
sugarcane	SoffiXsponR570.03Ag302600	WRKY	TFF	FALSE	67	18.946618	0.333333333333333	0.2735	0.2173	FALSE	TRUE	
sugarcane	SoffiXsponR570.03Ag303000	Top	TFF	FALSE	1156	164.577649	0.507104660045837	-0.0437	0.9175	FALSE	TRUE	
sugarcane	SoffiXsponR570.03Ag304300	GNAT	OTR	FALSE	1	0.135793				FALSE	FALSE	
sugarcane	SoffiXsponR570.03Ag307000	CCAAT	TFF	FALSE	2	0.195318	1			FALSE	FALSE	
sugarcane	SoffiXsponR570.03Ag309900	AP2-EREBP	TFF	FALSE	11	1.535818	0.763636363636364			FALSE	FALSE	
sugarcane	SoffiXsponR570.03Ag311400	AP2-EREBP	TFF	FALSE	111	11.259605	0.489434889434889	0.0219	0.9624	FALSE	TRUE	
sugarcane	SoffiXsponR570.03Ag312900	MYB	TFF	TRUE	23	6.869785	0.383399209486166	-0.0646	0.8672	FALSE	TRUE	
sugarcane	SoffiXsponR570.03Ag319400	bHLH	TFF	FALSE	9	1.257794	0.222222222222222			FALSE	FALSE	
sugarcane	SoffiXsponR570.03Ag320100	ARR-B;MYB-related	TFF	TRUE	53	6.466038	0.353410740203193	-0.6765	7.221e-06	TRUE	TRUE	ortholog_not_correlated
sugarcane	SoffiXsponR570.03Ag320500	AP2-EREBP	TFF	FALSE	393	56.48964	0.587383808485226			FALSE	FALSE	
sugarcane	SoffiXsponR570.03Ag322000	DBP	TFF	FALSE	54	6.558249	0.501747030048917	-0.5691	0.0005567	FALSE	TRUE	
sugarcane	SoffiXsponR570.03Ag325400	AUX/IAA	OTR	FALSE	72	31.487259	0			FALSE	FALSE	
sugarcane	SoffiXsponR570.03Ag325600	bHLH	TFF	FALSE	64	5.255708	0.865079365079365			FALSE	FALSE	
sugarcane	SoffiXsponR570.03Ag326600	C2C2-GATA	TFF	FALSE	32	5.215028	0.445564516129032	0.2059	0.4165	FALSE	TRUE	
sugarcane	SoffiXsponR570.03Ag328300	zf-C5HC2	TFF	FALSE	12	1.144667	0.5			FALSE	FALSE	
sugarcane	SoffiXsponR570.03Ag335000	AUX/IAA	OTR	FALSE	10	1.044437	0.777777777777778	-0.0444	0.9157	FALSE	TRUE	
sugarcane	SoffiXsponR570.03Ag340900	C2H2	TFF	FALSE	5	1.522866	0.7			FALSE	FALSE	
sugarcane	SoffiXsponR570.03Ag342100	NAC	TFF	FALSE	7040	1431.236468	0.826871230417544			FALSE	FALSE	
sugarcane	SoffiXsponR570.03Ag348800	C3H	TFF	FALSE	646	85.006768	0.59406244750042	0.01	0.9842	FALSE	TRUE	
sugarcane	SoffiXsponR570.03Bg003700	MADS	TFF	FALSE	3	0.341511	0.333333333333333			FALSE	FALSE	
sugarcane	SoffiXsponR570.03Bg013000	bHLH	TFF	FALSE	48	6.258549	0.534574468085106	0.3397	0.09224	FALSE	TRUE	
sugarcane	SoffiXsponR570.03Bg019400	bHLH	TFF	FALSE	16	3.076513	0.00833333333333333			FALSE	FALSE	
sugarcane	SoffiXsponR570.03Bg020000	CSD	TFF	FALSE	462	77.8904	0.441934060155318			FALSE	FALSE	
sugarcane	SoffiXsponR570.03Bg022600	PHD	OTR	FALSE	2	0.038819	1			FALSE	FALSE	
sugarcane	SoffiXsponR570.03Bg029600	bZIP	TFF	FALSE	192	27.603542	0.616819371727749	0.4382	0.016	FALSE	TRUE	
sugarcane	SoffiXsponR570.03Bg030500	BES1	TFF	FALSE	1051	168.520735	0.438193104073218	0.1753	0.517	FALSE	TRUE	
sugarcane	SoffiXsponR570.03Bg031000	SWI/SNF-BAF60b	OTR	FALSE	150	22.191941	0.205011185682327	-0.673	8.567e-06	TRUE	TRUE	ortholog_not_correlated
sugarcane	SoffiXsponR570.03Bg034700	PHD	OTR	FALSE	2976	377.636788	0.803707870244872	0.333	0.1016	FALSE	TRUE	
sugarcane	SoffiXsponR570.03Bg037100	RWP-RK	TFF	FALSE	37	3.839705	0.301801801801802			FALSE	FALSE	
sugarcane	SoffiXsponR570.03Bg037900	TAZ	TFF	FALSE	34	5.58071	0.500891265597148	0.0047	0.9927	FALSE	TRUE	
sugarcane	SoffiXsponR570.03Bg038000	TAZ	TFF	FALSE	19	1.325603	0.263157894736842			FALSE	FALSE	
sugarcane	SoffiXsponR570.03Bg039700	MYB-related	TFF	TRUE	26	2.706028	0.443076923076923			FALSE	FALSE	
sugarcane	SoffiXsponR570.03Bg040100	SBP	TFF	FALSE	72	9.84048	0.442488262910798			FALSE	FALSE	
sugarcane	SoffiXsponR570.03Bg040700	ARF	TFF	FALSE	74	7.14058	0.51462421325435			FALSE	FALSE	
sugarcane	SoffiXsponR570.03Bg045800	AP2-EREBP	TFF	FALSE	32	5.237809	0.320564516129032			FALSE	FALSE	
sugarcane	SoffiXsponR570.03Bg046300	PBF-2-like	TFF	FALSE	2444	332.620215	0.671221024296681	-0.2385	0.312	FALSE	TRUE	
sugarcane	SoffiXsponR570.03Bg051400	ARF	TFF	FALSE	146	17.705608	0.304487482286254	0.3689	0.0582	FALSE	TRUE	
sugarcane	SoffiXsponR570.03Bg056900	PLATZ	TFF	FALSE	127	20.240955	0.468941382327209	-0.0388	0.9272	FALSE	TRUE	
sugarcane	SoffiXsponR570.03Bg058800	bZIP	TFF	FALSE	1	0.101621				FALSE	FALSE	
sugarcane	SoffiXsponR570.03Bg060600	SBP	TFF	FALSE	1	0.139755				FALSE	FALSE	
sugarcane	SoffiXsponR570.03Bg061700	C2C2-CO-like	TFF	FALSE	6	1.057924	0.266666666666667	0.4969	0.004207	FALSE	TRUE	
sugarcane	SoffiXsponR570.03Bg063900	WRKY	TFF	FALSE	132	25.857044	0.303839925977331	0.2985	0.1618	FALSE	TRUE	
sugarcane	SoffiXsponR570.03Bg064600	ARR-B	TFF	FALSE	3	0.585668	1			FALSE	FALSE	
sugarcane	SoffiXsponR570.03Bg065100	HB	TFF	FALSE	31	2.512366	0.701075268817204			FALSE	FALSE	
sugarcane	SoffiXsponR570.03Bg066000	PLATZ	TFF	FALSE	130	43.89922	0.0735837805605248			FALSE	FALSE	
sugarcane	SoffiXsponR570.03Bg068700	MYB	TFF	TRUE	2400	678.83919	0.427325274419897	0.1112	0.7212	FALSE	TRUE	
sugarcane	SoffiXsponR570.03Bg079500	AP2-EREBP	TFF	FALSE	231	40.140975	0.766384340297384	0.0447	0.9153	FALSE	TRUE	
sugarcane	SoffiXsponR570.03Bg080300	HSF	TFF	FALSE	11	2.858129	0.727272727272727	0.0484	0.9078	FALSE	TRUE	
sugarcane	SoffiXsponR570.03Bg085200	bZIP	TFF	FALSE	16	4.279965	0.316666666666667			FALSE	FALSE	
sugarcane	SoffiXsponR570.03Bg090200	bHLH	TFF	FALSE	15	3.604847	0.0380952380952381			FALSE	FALSE	
sugarcane	SoffiXsponR570.03Bg090500	HMG	OTR	FALSE	1	0.011981				FALSE	FALSE	
sugarcane	SoffiXsponR570.03Bg096800	MYB	TFF	TRUE	2	0.312691	1			FALSE	FALSE	
sugarcane	SoffiXsponR570.03Bg097600	CPP	TFF	FALSE	5623	913.566533	0.94759118432433			FALSE	FALSE	
sugarcane	SoffiXsponR570.03Bg101500	GeBP	TFF	FALSE	8009	1797.431461	0.876252540068247	-0.0837	0.8137	FALSE	TRUE	
sugarcane	SoffiXsponR570.03Bg110100	WRKY	TFF	FALSE	9	0.708564	0.555555555555556			FALSE	FALSE	
sugarcane	SoffiXsponR570.03Bg111100	bHLH	TFF	FALSE	7	0.96095	0.619047619047619			FALSE	FALSE	
sugarcane	SoffiXsponR570.03Bg112900	ARID;HMG	OTR	FALSE	352	68.957564	0.485479797979798	0.2497	0.2805	FALSE	TRUE	
sugarcane	SoffiXsponR570.03Bg117200	HSF	TFF	FALSE	3615	429.904052	0.971480664175969			FALSE	FALSE	
sugarcane	SoffiXsponR570.03Bg125900	AP2-EREBP	TFF	FALSE	160	21.628309	0.015251572327044			FALSE	FALSE	
sugarcane	SoffiXsponR570.03Bg129900	HSF	TFF	FALSE	718	95.452936	0.574787395640299	-0.4099	0.02815	FALSE	TRUE	
sugarcane	SoffiXsponR570.03Bg134600	MADS	TFF	FALSE	49	14.025118	0.238945578231293			FALSE	FALSE	
sugarcane	SoffiXsponR570.03Bg139300	MYB-related	TFF	TRUE	131	22.254022	0.405519671168526			FALSE	FALSE	
sugarcane	SoffiXsponR570.03Bg141200	SET	OTR	FALSE	3400	395.697169	0.924378969593133	0.162	0.5664	FALSE	TRUE	
sugarcane	SoffiXsponR570.03Bg142900	DDT	OTR	FALSE	3820	497.528799	0.849219183772513			FALSE	FALSE	
sugarcane	SoffiXsponR570.03Bg143700	C3H	TFF	FALSE	2	0.490485	0			FALSE	FALSE	
sugarcane	SoffiXsponR570.03Bg143900	ARF	TFF	FALSE	189	23.314907	0.350219520432286	-0.1574	0.5829	FALSE	TRUE	
sugarcane	SoffiXsponR570.03Bg144700	AP2-EREBP	TFF	FALSE	12	1.322461	0.242424242424242			FALSE	FALSE	
sugarcane	SoffiXsponR570.03Bg146800	Alfin-like	TFF	FALSE	9363	2426.95055	0.839780494764981	-0.0622	0.8736	FALSE	TRUE	
sugarcane	SoffiXsponR570.03Bg147800	bHLH	TFF	FALSE	5	0.463532	0.5	-0.4782	0.006574	FALSE	TRUE	
sugarcane	SoffiXsponR570.03Bg151900	C2H2	TFF	FALSE	8858	2218.553857	0.834444339558117	-0.0707	0.8509	FALSE	TRUE	
sugarcane	SoffiXsponR570.03Bg157600	MYB	TFF	TRUE	1	0.206118				FALSE	FALSE	
sugarcane	SoffiXsponR570.03Bg167800	TRAF	OTR	FALSE	3	0.410845	1			FALSE	FALSE	
sugarcane	SoffiXsponR570.03Bg168900	ABI3VP1	TFF	FALSE	1	0.11004				FALSE	FALSE	
sugarcane	SoffiXsponR570.03Bg170800	mTERF	OTR	FALSE	189	31.608819	0.447146234380277			FALSE	FALSE	
sugarcane	SoffiXsponR570.03Bg173800	FAR1	TFF	FALSE	42	5.405658	0.479674796747968	-0.2535	0.2702	FALSE	TRUE	
sugarcane	SoffiXsponR570.03Bg175900	C2C2-CO-like	TFF	FALSE	3641	456.566198	0.908153025222512	0.1906	0.4638	FALSE	TRUE	
sugarcane	SoffiXsponR570.03Bg176800	SET	OTR	FALSE	38	5.431031	0.246088193456615	-0.2388	0.3112	FALSE	TRUE	
sugarcane	SoffiXsponR570.03Bg182100	SET	OTR	FALSE	7021	1391.273627	0.82319963187361	-0.1721	0.5285	FALSE	TRUE	
sugarcane	SoffiXsponR570.03Bg183600	NAC	TFF	FALSE	58	8.282586	0.47005444646098			FALSE	FALSE	
sugarcane	SoffiXsponR570.03Bg188900	AP2-EREBP	TFF	FALSE	1	0.021886		0.5104	0.002985	FALSE	TRUE	
sugarcane	SoffiXsponR570.03Bg191100	LIM	TFF	FALSE	7	0.832186	0.19047619047619			FALSE	FALSE	
sugarcane	SoffiXsponR570.03Bg191200	MYB	TFF	TRUE	17	3.821461	0.441176470588235			FALSE	FALSE	
sugarcane	SoffiXsponR570.03Bg192200	C2C2-YABBY	TFF	FALSE	145	36.494712	0.473754789272031			FALSE	FALSE	
sugarcane	SoffiXsponR570.03Bg195900	WRKY	TFF	FALSE	477	202.865583	0.52377428959005	0.1851	0.4824	FALSE	TRUE	
sugarcane	SoffiXsponR570.03Bg197400	AP2-EREBP	TFF	FALSE	58	8.323692	0.603750756200847	0.5006	0.003846	FALSE	TRUE	
sugarcane	SoffiXsponR570.03Bg199400	AP2-EREBP	TFF	FALSE	374	51.073787	0.664535275479921			FALSE	FALSE	
sugarcane	SoffiXsponR570.03Bg199600	AP2-EREBP	TFF	FALSE	19	8.128324	0.52046783625731			FALSE	FALSE	
sugarcane	SoffiXsponR570.03Bg208900	C2H2	TFF	FALSE	6	1.092591	0.666666666666667			FALSE	FALSE	
sugarcane	SoffiXsponR570.03Bg211000	AP2-EREBP	TFF	FALSE	231	88.43901	0.513457556935818	0.0802	0.8242	FALSE	TRUE	
sugarcane	SoffiXsponR570.03Bg211900	OFP	TFF	FALSE	11	4.5494	0.490909090909091			FALSE	FALSE	
sugarcane	SoffiXsponR570.03Bg212300	MYB-related	TFF	TRUE	84	14.411271	0.473608720596672			FALSE	FALSE	
sugarcane	SoffiXsponR570.03Bg214700	MYB-related	TFF	TRUE	1	0.442351				FALSE	FALSE	
sugarcane	SoffiXsponR570.03Bg218000	PLATZ	TFF	FALSE	8	1.052666	0.464285714285714	-0.486	0.005469	FALSE	TRUE	
sugarcane	SoffiXsponR570.03Bg220400	MYB-related	TFF	TRUE	6	0.384387	0.0666666666666667			FALSE	FALSE	
sugarcane	SoffiXsponR570.03Bg223100	bHLH	TFF	FALSE	26	6.514977	0.126153846153846			FALSE	FALSE	
sugarcane	SoffiXsponR570.03Bg223300	MYB-related	TFF	TRUE	4	0.440655	0.666666666666667	-0.7144	9.529e-07	TRUE	TRUE	ortholog_not_correlated
sugarcane	SoffiXsponR570.03Bg226300	TUB	TFF	FALSE	32	2.695208	0.713709677419355			FALSE	FALSE	
sugarcane	SoffiXsponR570.03Bg226500	bHLH	TFF	FALSE	23	2.418499	0.288537549407115	0.2096	0.4058	FALSE	TRUE	
sugarcane	SoffiXsponR570.03Bg238100	C2C2-CO-like	TFF	FALSE	1	0.113012				FALSE	FALSE	
sugarcane	SoffiXsponR570.03Bg238700	SET	OTR	FALSE	301	58.423257	0.369125138427464	-0.2835	0.1938	FALSE	TRUE	
sugarcane	SoffiXsponR570.03Bg240100	C2C2-Dof	TFF	FALSE	70	8.148029	0.291511387163561	0.1933	0.455	FALSE	TRUE	
sugarcane	SoffiXsponR570.03Bg240600	bHLH	TFF	FALSE	70	13.154487	0.460455486542443	0.0968	0.7693	FALSE	TRUE	
sugarcane	SoffiXsponR570.03Bg241300	bZIP	TFF	FALSE	4	0.485723	1			FALSE	FALSE	
sugarcane	SoffiXsponR570.03Bg244100	NAC	TFF	FALSE	1	0.217014				FALSE	FALSE	
sugarcane	SoffiXsponR570.03Bg244500	C2C2-CO-like	TFF	FALSE	20	1.752601	0.368421052631579	0.0408	0.923	FALSE	TRUE	
sugarcane	SoffiXsponR570.03Bg245400	MYB	TFF	TRUE	1	0.158079				FALSE	FALSE	
sugarcane	SoffiXsponR570.03Bg246400	SET	OTR	FALSE	2	0.107659	1	-0.0536	0.8952	FALSE	TRUE	
sugarcane	SoffiXsponR570.03Bg250800	E2F-DP	TFF	FALSE	17	2.652181	0.308823529411765	0.3084	0.1425	FALSE	TRUE	
sugarcane	SoffiXsponR570.03Bg255800	NAC	TFF	FALSE	24	8.975178	0.322463768115942			FALSE	FALSE	
sugarcane	SoffiXsponR570.03Bg258500	mTERF	OTR	FALSE	71	7.467159	0.656338028169014			FALSE	FALSE	
sugarcane	SoffiXsponR570.03Bg261000	AP2-EREBP	TFF	FALSE	14228	5612.772376	0.58171410191699	0.0433	0.9185	FALSE	TRUE	
sugarcane	SoffiXsponR570.03Bg262300	MYB	TFF	TRUE	26	6.732886	0.206153846153846	-0.0736	0.8434	FALSE	TRUE	
sugarcane	SoffiXsponR570.03Bg262800	SWI/SNF-SWI3	OTR	FALSE	26	6.514977	0.126153846153846			FALSE	FALSE	
sugarcane	SoffiXsponR570.03Bg266900	MADS	TFF	FALSE	15	2.570275	0.314285714285714			FALSE	FALSE	
sugarcane	SoffiXsponR570.03Bg268900	AP2-EREBP	TFF	FALSE	1	0.461666				FALSE	FALSE	
sugarcane	SoffiXsponR570.03Bg269600	bZIP	TFF	FALSE	5	0.75969	0.6			FALSE	FALSE	
sugarcane	SoffiXsponR570.03Bg270600	AP2-EREBP	TFF	FALSE	160	16.816483	0.741745283018868	0.118	0.6978	FALSE	TRUE	
sugarcane	SoffiXsponR570.03Bg272000	WRKY	TFF	FALSE	185	28.631506	0.624383078730905	0.2868	0.1866	FALSE	TRUE	
sugarcane	SoffiXsponR570.03Bg272400	Top	TFF	FALSE	203	36.110465	0.258986489781983	0.3978	0.0353	FALSE	TRUE	
sugarcane	SoffiXsponR570.03Bg276100	MYB-related	TFF	TRUE	2	0.099735	1			FALSE	FALSE	
sugarcane	SoffiXsponR570.03Bg276500	GRF	TFF	FALSE	6	1.385778	0.266666666666667			FALSE	FALSE	
sugarcane	SoffiXsponR570.03Bg278900	AP2-EREBP	TFF	FALSE	1	0.135298				FALSE	FALSE	
sugarcane	SoffiXsponR570.03Bg280600	AP2-EREBP	TFF	FALSE	2	0.487514	0			FALSE	FALSE	
sugarcane	SoffiXsponR570.03Bg289400	ARR-B	TFF	FALSE	42	4.293827	0.468060394889663	-0.6352	4.813e-05	TRUE	TRUE	ortholog_not_correlated
sugarcane	SoffiXsponR570.03Bg289800	AP2-EREBP	TFF	FALSE	15	2.037389	0.552380952380952			FALSE	FALSE	
sugarcane	SoffiXsponR570.03Bg295800	C2C2-GATA	TFF	FALSE	14	2.293832	0.318681318681319	0.0883	0.7977	FALSE	TRUE	
sugarcane	SoffiXsponR570.03Bg307900	C2H2	TFF	FALSE	32	6.415013	0.0766129032258065			FALSE	FALSE	
sugarcane	SoffiXsponR570.03Bg309100	NAC	TFF	FALSE	9965	2739.488714	0.788799839985916			FALSE	FALSE	
sugarcane	SoffiXsponR570.03Bg310300	C2H2	TFF	FALSE	4	0.335168	0.166666666666667			FALSE	FALSE	
sugarcane	SoffiXsponR570.03Bg313600	TCP	TFF	FALSE	4	0.188574	0.666666666666667			FALSE	FALSE	
sugarcane	SoffiXsponR570.03Bg316100	C3H	TFF	FALSE	1	0.115488				FALSE	FALSE	
sugarcane	SoffiXsponR570.03Bg317800	bZIP	TFF	FALSE	11784	3861.472256	0.723490811062389	0.0357	0.9335	FALSE	TRUE	
sugarcane	SoffiXsponR570.03Cg001000	bZIP	TFF	FALSE	10	2.460845	0.0666666666666667			FALSE	FALSE	
sugarcane	SoffiXsponR570.03Cg003900	MADS	TFF	FALSE	17	3.327699	0.0441176470588235			FALSE	FALSE	
sugarcane	SoffiXsponR570.03Cg004100	MADS	TFF	FALSE	1	0.017429				FALSE	FALSE	
sugarcane	SoffiXsponR570.03Cg007900	zf-BED	TFF	FALSE	2	0.166593	1	0.0054	0.9921	FALSE	TRUE	
sugarcane	SoffiXsponR570.03Cg012800	bHLH	TFF	FALSE	12830	4755.277709	0.662249687978577	-0.0367	0.9316	FALSE	TRUE	
sugarcane	SoffiXsponR570.03Cg019500	bHLH	TFF	FALSE	127	49.568529	0.226596675415573			FALSE	FALSE	
sugarcane	SoffiXsponR570.03Cg020000	CSD	TFF	FALSE	4	0.427284	0.166666666666667	-0.0848	0.8095	FALSE	TRUE	
sugarcane	SoffiXsponR570.03Cg029000	bZIP	TFF	FALSE	2402	332.017964	0.724062032160483	0.2072	0.4126	FALSE	TRUE	
sugarcane	SoffiXsponR570.03Cg030000	BES1	TFF	FALSE	14832	6429.071661	0.570834458014813	0.0086	0.9863	FALSE	TRUE	
sugarcane	SoffiXsponR570.03Cg030500	SWI/SNF-BAF60b	OTR	FALSE	143	21.130455	0.190781049935979	-0.5978	0.0002066	FALSE	TRUE	
sugarcane	SoffiXsponR570.03Cg036200	RWP-RK	TFF	FALSE	31	3.251276	0.69247311827957			FALSE	FALSE	
sugarcane	SoffiXsponR570.03Cg037000	TAZ	TFF	FALSE	6904	1434.692751	0.874017652996187	0.0102	0.9839	FALSE	TRUE	
sugarcane	SoffiXsponR570.03Cg038300	MYB-related	TFF	TRUE	1165	172.902626	0.505221007920004			FALSE	FALSE	
sugarcane	SoffiXsponR570.03Cg038800	SBP	TFF	FALSE	6	0.5498	0.6			FALSE	FALSE	
sugarcane	SoffiXsponR570.03Cg039700	ARF	TFF	FALSE	391	54.115233	0.870666928978949			FALSE	FALSE	
sugarcane	SoffiXsponR570.03Cg044800	PAS	TFF	FALSE	129	13.918814	0.764898255813954	0.2444	0.2952	FALSE	TRUE	
sugarcane	SoffiXsponR570.03Cg050300	AP2-EREBP	TFF	FALSE	38	5.62913	0.345661450924609	0.6743	7.978e-06	TRUE	TRUE	ortholog_not_correlated
sugarcane	SoffiXsponR570.03Cg051000	PBF-2-like	TFF	FALSE	33	3.675398	0.452651515151515			FALSE	FALSE	
sugarcane	SoffiXsponR570.03Cg055200	ARF	TFF	FALSE	1	0.077849				FALSE	FALSE	
sugarcane	SoffiXsponR570.03Cg061600	PLATZ	TFF	FALSE	115	18.255358	0.594050343249428			FALSE	FALSE	
sugarcane	SoffiXsponR570.03Cg062800	MYB-related	TFF	TRUE	21	5.974682	0.29047619047619			FALSE	FALSE	
sugarcane	SoffiXsponR570.03Cg064100	bZIP	TFF	FALSE	196	26.389575	0.548194662480377	-0.1923	0.4583	FALSE	TRUE	
sugarcane	SoffiXsponR570.03Cg067000	HB	TFF	FALSE	47	6.454572	0.519888991674376			FALSE	FALSE	
sugarcane	SoffiXsponR570.03Cg071300	MYB	TFF	TRUE	1847	468.074117	0.527917662151326	0.0628	0.8722	FALSE	TRUE	
sugarcane	SoffiXsponR570.03Cg072800	zf-A20	TFF	FALSE	66	9.392206	0.2004662004662	-0.5941	0.0002373	FALSE	TRUE	
sugarcane	SoffiXsponR570.03Cg080400	Top	TFF	FALSE	127	18.62942	0.319085114360705	0.2809	0.1995	FALSE	TRUE	
sugarcane	SoffiXsponR570.03Cg089500	bHLH	TFF	FALSE	2	0.314177	1			FALSE	FALSE	
sugarcane	SoffiXsponR570.03Cg094500	AP2-EREBP	TFF	FALSE	367	60.317909	0.621089620464258	-0.0621	0.8741	FALSE	TRUE	
sugarcane	SoffiXsponR570.03Cg094700	bHLH	TFF	FALSE	1	0.096668				FALSE	FALSE	
sugarcane	SoffiXsponR570.03Cg095500	HSF	TFF	FALSE	14	3.197164	0.417582417582418	-0.1244	0.6741	FALSE	TRUE	
sugarcane	SoffiXsponR570.03Cg098800	MYB-related	TFF	TRUE	24	2.423547	0.47463768115942			FALSE	FALSE	
sugarcane	SoffiXsponR570.03Cg100700	bZIP	TFF	FALSE	75	26.747034	0.646486486486487			FALSE	FALSE	
sugarcane	SoffiXsponR570.03Cg105000	C3H	TFF	FALSE	14	1.006683	0.835164835164835	-0.1879	0.4733	FALSE	TRUE	
sugarcane	SoffiXsponR570.03Cg106200	HMG	OTR	FALSE	38	5.707874	0.689900426742532			FALSE	FALSE	
sugarcane	SoffiXsponR570.03Cg108400	WRKY	TFF	FALSE	1	0.059525				FALSE	FALSE	
sugarcane	SoffiXsponR570.03Cg112300	MYB	TFF	TRUE	115	17.831921	0.511670480549199			FALSE	FALSE	
sugarcane	SoffiXsponR570.03Cg112800	CPP	TFF	FALSE	16	3.167639	0.333333333333333			FALSE	FALSE	
sugarcane	SoffiXsponR570.03Cg116400	Tudor-knot	OTR	FALSE	14939	6517.827729	0.567107190968626	-0.0155	0.9752	FALSE	TRUE	
sugarcane	SoffiXsponR570.03Cg116700	GeBP	TFF	FALSE	5830	991.474792	0.944367415892678	-0.0157	0.9745	FALSE	TRUE	
sugarcane	SoffiXsponR570.03Cg123200	WRKY	TFF	FALSE	76	6.712876	0.652982456140351			FALSE	FALSE	
sugarcane	SoffiXsponR570.03Cg124200	bHLH	TFF	FALSE	50	8.755778	0.377959183673469	0.8147	5.558e-10	TRUE	TRUE	ortholog_not_correlated
sugarcane	SoffiXsponR570.03Cg126100	ARID	OTR	FALSE	252	33.266458	0.57655093910074	0.4365	0.01654	FALSE	TRUE	
sugarcane	SoffiXsponR570.03Cg139100	AP2-EREBP	TFF	FALSE	355	48.752241	0.0112516909365799			FALSE	FALSE	
sugarcane	SoffiXsponR570.03Cg140300	C2H2	TFF	FALSE	114	60.077439	0.512342803912436			FALSE	FALSE	
sugarcane	SoffiXsponR570.03Cg142100	C2H2	TFF	FALSE	4	0.844777	0.166666666666667			FALSE	FALSE	
sugarcane	SoffiXsponR570.03Cg142700	HSF	TFF	FALSE	84	13.513882	0.634251290877797	-0.46	0.009989	FALSE	TRUE	
sugarcane	SoffiXsponR570.03Cg148000	MADS	TFF	FALSE	8	2.727099	0.357142857142857			FALSE	FALSE	
sugarcane	SoffiXsponR570.03Cg148200	E2F-DP	TFF	FALSE	4	0.53921	0.833333333333333			FALSE	FALSE	
sugarcane	SoffiXsponR570.03Cg152000	AP2-EREBP	TFF	FALSE	15	4.292251	0.276190476190476			FALSE	FALSE	
sugarcane	SoffiXsponR570.03Cg154200	C2H2	TFF	FALSE	30	2.258209	0.411494252873563			FALSE	FALSE	
sugarcane	SoffiXsponR570.03Cg155200	Coactivator_p15	OTR	FALSE	15	1.531246	0.485714285714286	-0.5465	0.001109	FALSE	TRUE	
sugarcane	SoffiXsponR570.03Cg155400	SET	OTR	FALSE	78	10.430395	0.48984348984349			FALSE	FALSE	
sugarcane	SoffiXsponR570.03Cg156000	NAC	TFF	FALSE	1	0.051601				FALSE	FALSE	
sugarcane	SoffiXsponR570.03Cg157300	DDT	OTR	FALSE	6	0.513647	0.8	0.003	0.9952	FALSE	TRUE	
sugarcane	SoffiXsponR570.03Cg157700	C3H	TFF	FALSE	2183	218.461631	0.948870385400392	-0.1618	0.5672	FALSE	TRUE	
sugarcane	SoffiXsponR570.03Cg157900	ARF	TFF	FALSE	2770	282.327109	0.934042838908858	-0.1983	0.4386	FALSE	TRUE	
sugarcane	SoffiXsponR570.03Cg158900	AP2-EREBP	TFF	FALSE	17	2.085618	0.25			FALSE	FALSE	
sugarcane	SoffiXsponR570.03Cg161200	Alfin-like	TFF	FALSE	15398	6884.67948	0.542147343955981	-0.0328	0.94	FALSE	TRUE	
sugarcane	SoffiXsponR570.03Cg162200	bHLH	TFF	FALSE	19	1.092341	0.491228070175439	0.0031	0.9951	FALSE	TRUE	
sugarcane	SoffiXsponR570.03Cg165900	C2H2	TFF	FALSE	2168	219.014387	0.94446298639267	-0.0642	0.8686	FALSE	TRUE	
sugarcane	SoffiXsponR570.03Cg166600	EIL	TFF	FALSE	13	3.158439	0.128205128205128			FALSE	FALSE	
sugarcane	SoffiXsponR570.03Cg169100	NAC	TFF	FALSE	98	9.918229	0.741216074058489			FALSE	FALSE	
sugarcane	SoffiXsponR570.03Cg169200	MYB	TFF	TRUE	297	113.090785	0.144576394576395			FALSE	FALSE	
sugarcane	SoffiXsponR570.03Cg179500	TRAF	OTR	FALSE	192	20.091626	0.982275305410122	0.1169	0.7012	FALSE	TRUE	
sugarcane	SoffiXsponR570.03Cg182000	mTERF	OTR	FALSE	55	6.518229	0.591245791245791	-0.1651	0.5552	FALSE	TRUE	
sugarcane	SoffiXsponR570.03Cg185000	FAR1	TFF	FALSE	1	0.073887				FALSE	FALSE	
sugarcane	SoffiXsponR570.03Cg186700	C2C2-CO-like	TFF	FALSE	33	3.106853	0.4375	0.5884	0.000292	FALSE	TRUE	
sugarcane	SoffiXsponR570.03Cg187600	SET	OTR	FALSE	238	21.552521	0.752260397830018	0.2558	0.2637	FALSE	TRUE	
sugarcane	SoffiXsponR570.03Cg190400	AP2-EREBP	TFF	FALSE	1	0.235338				FALSE	FALSE	
sugarcane	SoffiXsponR570.03Cg193600	Pseudo_ARR-B	OTR	FALSE	281	64.100855	0.302440264361973	-0.4485	0.01283	FALSE	TRUE	
sugarcane	SoffiXsponR570.03Cg193800	MYB	TFF	TRUE	261	28.900715	0.525405246094901	0.0405	0.9235	FALSE	TRUE	
sugarcane	SoffiXsponR570.03Cg196400	MYB	TFF	TRUE	173	54.325298	0.536295200967872	0.1511	0.596	FALSE	TRUE	
sugarcane	SoffiXsponR570.03Cg197800	ARF	TFF	FALSE	170	23.265558	0.273512008353637	0.7057	1.58e-06	TRUE	TRUE	ortholog_not_correlated
sugarcane	SoffiXsponR570.03Cg204400	AP2-EREBP	TFF	FALSE	2	0.142326	1			FALSE	FALSE	
sugarcane	SoffiXsponR570.03Cg206600	MYB	TFF	TRUE	171	15.778004	0.566701066391469	-0.0128	0.9796	FALSE	TRUE	
sugarcane	SoffiXsponR570.03Cg209500	C2C2-GATA	TFF	FALSE	2	0.075468	0			FALSE	FALSE	
sugarcane	SoffiXsponR570.03Cg211600	SET	OTR	FALSE	579	39.702576	0.970800389646868	0.0221	0.962	FALSE	TRUE	
sugarcane	SoffiXsponR570.03Cg213400	AP2-EREBP	TFF	FALSE	64	10.416683	0.445436507936508	0.4325	0.01794	FALSE	TRUE	
sugarcane	SoffiXsponR570.03Cg215400	AP2-EREBP	TFF	FALSE	1	0.075373				FALSE	FALSE	
sugarcane	SoffiXsponR570.03Cg215500	AP2-EREBP	TFF	FALSE	19	1.990225	0.654970760233918			FALSE	FALSE	
sugarcane	SoffiXsponR570.03Cg215600	AP2-EREBP	TFF	FALSE	1	0.019905				FALSE	FALSE	
sugarcane	SoffiXsponR570.03Cg219300	GRAS	TFF	FALSE	10	0.837919	0.666666666666667			FALSE	FALSE	
sugarcane	SoffiXsponR570.03Cg225700	C2C2-Dof	TFF	FALSE	1	0.473057				FALSE	FALSE	
sugarcane	SoffiXsponR570.03Cg226800	AP2-EREBP	TFF	FALSE	9	1.156763	0.666666666666667	0.2423	0.301	FALSE	TRUE	
sugarcane	SoffiXsponR570.03Cg227100	AP2-EREBP	TFF	FALSE	38	8.047424	0.317211948790896	0.1481	0.596	FALSE	TRUE	
sugarcane	SoffiXsponR570.03Cg227700	GRF	TFF	FALSE	34	7.686998	0.071301247771836			FALSE	FALSE	
sugarcane	SoffiXsponR570.03Cg228400	MYB-related	TFF	TRUE	7	0.70045	0.619047619047619			FALSE	FALSE	
sugarcane	SoffiXsponR570.03Cg234400	PLATZ	TFF	FALSE	14277	5756.012551	0.590922680543173	-0.0743	0.8415	FALSE	TRUE	
sugarcane	SoffiXsponR570.03Cg235800	MYB;MYB-related	TFF	TRUE	40	2.665758	0.671794871794872	0.0745	0.8407	FALSE	TRUE	
sugarcane	SoffiXsponR570.03Cg238100	GRF	TFF	FALSE	10	2.460845	0.0666666666666667			FALSE	FALSE	
sugarcane	SoffiXsponR570.03Cg244100	AP2-EREBP	TFF	FALSE	917	144.723732	0.720847837785069			FALSE	FALSE	
sugarcane	SoffiXsponR570.03Cg245200	bZIP	TFF	FALSE	12	2.277299	0.212121212121212			FALSE	FALSE	
sugarcane	SoffiXsponR570.03Cg252100	SWI/SNF-SWI3	OTR	FALSE	51	4.934542	0.489411764705882	0.3046	0.1495	FALSE	TRUE	
sugarcane	SoffiXsponR570.03Cg252600	MYB	TFF	TRUE	25	6.053312	0.47			FALSE	FALSE	
sugarcane	SoffiXsponR570.03Cg253800	AP2-EREBP	TFF	FALSE	35	4.317429	0.573109243697479	0.2397	0.3087	FALSE	TRUE	
sugarcane	SoffiXsponR570.03Cg256100	mTERF	OTR	FALSE	13	0.881786	0.487179487179487	0.0724	0.8463	FALSE	TRUE	
sugarcane	SoffiXsponR570.03Cg256300	mTERF	OTR	FALSE	36	3.926278	0.33015873015873	-0.1271	0.6645	FALSE	TRUE	
sugarcane	SoffiXsponR570.03Cg258200	bHLH	TFF	FALSE	1047	207.087764	0.61164466992098	0.1653	0.5545	FALSE	TRUE	
sugarcane	SoffiXsponR570.03Cg259200	NAC	TFF	FALSE	1	0.16006				FALSE	FALSE	
sugarcane	SoffiXsponR570.03Cg264300	E2F-DP	TFF	FALSE	1	0.158574				FALSE	FALSE	
sugarcane	SoffiXsponR570.03Cg270000	MYB	TFF	TRUE	2	0.208194	0			FALSE	FALSE	
sugarcane	SoffiXsponR570.03Cg270600	C2C2-CO-like	TFF	FALSE	76	8.56015	0.500701754385965	-0.015	0.9758	FALSE	TRUE	
sugarcane	SoffiXsponR570.03Cg273600	bZIP	TFF	FALSE	2	0.146783	0			FALSE	FALSE	
sugarcane	SoffiXsponR570.03Cg274300	bHLH	TFF	FALSE	46	12.798599	0.363285024154589			FALSE	FALSE	
sugarcane	SoffiXsponR570.03Cg274600	BSD	TFF	FALSE	4577	649.676438	0.837705649714062	0.0277	0.9502	FALSE	TRUE	
sugarcane	SoffiXsponR570.03Cg276200	SET	OTR	FALSE	3	0.258309	0			FALSE	FALSE	
sugarcane	SoffiXsponR570.03Cg282800	ARID	OTR	FALSE	7	0.627649	0.238095238095238	-0.3129	0.1344	FALSE	TRUE	
sugarcane	SoffiXsponR570.03Cg286800	CCAAT	TFF	FALSE	1	0.129355				FALSE	FALSE	
sugarcane	SoffiXsponR570.03Cg289000	bHLH	TFF	FALSE	7800	1676.446373	0.772767152922301	0.1528	0.596	FALSE	TRUE	
sugarcane	SoffiXsponR570.03Cg292100	MYB-related	TFF	TRUE	10928	3398.111011	0.727566047593098	-0.1715	0.5309	FALSE	TRUE	
sugarcane	SoffiXsponR570.03Cg293800	WRKY	TFF	FALSE	452	62.345113	0.515736907167945			FALSE	FALSE	
sugarcane	SoffiXsponR570.03Cg295100	MYB-related	TFF	TRUE	123	13.851881	0.801146208183393	0.0896	0.7938	FALSE	TRUE	
sugarcane	SoffiXsponR570.03Cg297500	NOT2_3_5	OTR	FALSE	6	1.55961	0.933333333333333			FALSE	FALSE	
sugarcane	SoffiXsponR570.03Cg298100	AP2-EREBP	TFF	FALSE	18	1.404747	0.274509803921569	-0.3332	0.1013	FALSE	TRUE	
sugarcane	SoffiXsponR570.03Cg299400	MYB	TFF	TRUE	185	77.263337	0.201938895417156	0.0657	0.8643	FALSE	TRUE	
sugarcane	SoffiXsponR570.03Cg306400	ARR-B;MYB-related	TFF	TRUE	57	6.623907	0.495614035087719			FALSE	FALSE	
sugarcane	SoffiXsponR570.03Cg306800	AP2-EREBP	TFF	FALSE	57	8.527144	0.31516290726817			FALSE	FALSE	
sugarcane	SoffiXsponR570.03Cg308800	DBP	TFF	FALSE	40	6.197864	0.42051282051282	-0.5558	0.0008468	FALSE	TRUE	
sugarcane	SoffiXsponR570.03Cg312400	bHLH	TFF	FALSE	46	5.660595	0.344927536231884	-0.1176	0.699	FALSE	TRUE	
sugarcane	SoffiXsponR570.03Cg313600	C2C2-GATA	TFF	FALSE	1	0.063982				FALSE	FALSE	
sugarcane	SoffiXsponR570.03Cg315000	NAC	TFF	FALSE	25	1.863517	0.513333333333333			FALSE	FALSE	
sugarcane	SoffiXsponR570.03Cg322100	AUX/IAA	OTR	FALSE	18	1.985178	0.490196078431373			FALSE	FALSE	
sugarcane	SoffiXsponR570.03Cg331000	zf-fF-X1	TFF	FALSE	102	15.937354	0.490196078431373			FALSE	FALSE	
sugarcane	SoffiXsponR570.03Cg335800	bZIP	TFF	FALSE	7	0.757404	0.428571428571429			FALSE	FALSE	
sugarcane	SoffiXsponR570.03Dg001000	bZIP	TFF	FALSE	15	3.604847	0.0380952380952381			FALSE	FALSE	
sugarcane	SoffiXsponR570.03Dg020600	CSD	TFF	FALSE	251	36.765783	0.429003984063745			FALSE	FALSE	
sugarcane	SoffiXsponR570.03Dg022200	FAR1	TFF	FALSE	1	0.024362				FALSE	FALSE	
sugarcane	SoffiXsponR570.03Dg023000	PHD	OTR	FALSE	232	45.957259	0.797917599641738			FALSE	FALSE	
sugarcane	SoffiXsponR570.03Dg029300	bZIP	TFF	FALSE	4	0.342101	0.333333333333333	0.1529	0.596	FALSE	TRUE	
sugarcane	SoffiXsponR570.03Dg030300	BES1	TFF	FALSE	616	92.949175	0.569163763066202	0.276	0.2113	FALSE	TRUE	
sugarcane	SoffiXsponR570.03Dg033600	PHD	OTR	FALSE	3	0.158269	1	0.2369	0.3168	FALSE	TRUE	
sugarcane	SoffiXsponR570.03Dg035900	RWP-RK	TFF	FALSE	9	1.174592	0.527777777777778			FALSE	FALSE	
sugarcane	SoffiXsponR570.03Dg037900	MYB-related	TFF	TRUE	14	1.368214	0.406593406593407			FALSE	FALSE	
sugarcane	SoffiXsponR570.03Dg038300	SBP	TFF	FALSE	1296	86.285373	0.988339530006197			FALSE	FALSE	
sugarcane	SoffiXsponR570.03Dg038900	ARF;AUX/IAA	OTR;TFF	FALSE	313	31.885563	0.487630048332924	-0.0611	0.8771	FALSE	TRUE	
sugarcane	SoffiXsponR570.03Dg041000	PHD	OTR	FALSE	49	2.798349	0.827380952380952	0.0886	0.7971	FALSE	TRUE	
sugarcane	SoffiXsponR570.03Dg043400	PAS	TFF	FALSE	575	100.054062	0.544135737009544	0.2547	0.2668	FALSE	TRUE	
sugarcane	SoffiXsponR570.03Dg048800	AP2-EREBP	TFF	FALSE	2	0.173527	1			FALSE	FALSE	
sugarcane	SoffiXsponR570.03Dg049300	PBF-2-like	TFF	FALSE	26	2.578749	0.433846153846154	-0.5133	0.002778	FALSE	TRUE	
sugarcane	SoffiXsponR570.03Dg053100	MADS	TFF	FALSE	17	4.47915	0.102941176470588			FALSE	FALSE	
sugarcane	SoffiXsponR570.03Dg053400	ARF	TFF	FALSE	1	0.077849				FALSE	FALSE	
sugarcane	SoffiXsponR570.03Dg060000	PLATZ	TFF	FALSE	13	3.573457	0.448717948717949			FALSE	FALSE	
sugarcane	SoffiXsponR570.03Dg061000	MYB-related	TFF	TRUE	9	0.613477	0.555555555555556			FALSE	FALSE	
sugarcane	SoffiXsponR570.03Dg062100	bZIP	TFF	FALSE	1	0.101621				FALSE	FALSE	
sugarcane	SoffiXsponR570.03Dg066400	C2C2-CO-like	TFF	FALSE	38	4.996698	0.334281650071124	0.4352	0.01699	FALSE	TRUE	
sugarcane	SoffiXsponR570.03Dg067900	TUB	TFF	FALSE	4	0.552581	0			FALSE	FALSE	
sugarcane	SoffiXsponR570.03Dg069000	WRKY	TFF	FALSE	110	21.873657	0.331776480400334	0.3129	0.1344	FALSE	TRUE	
sugarcane	SoffiXsponR570.03Dg069800	ARR-B	TFF	FALSE	4995	752.73956	0.867014631772341	-0.3413	0.08994	FALSE	TRUE	
sugarcane	SoffiXsponR570.03Dg070300	HB	TFF	FALSE	8967	2246.477364	0.718944653955972			FALSE	FALSE	
sugarcane	SoffiXsponR570.03Dg073800	MYB	TFF	TRUE	640	117.025938	0.671987480438185			FALSE	FALSE	
sugarcane	SoffiXsponR570.03Dg078200	PHD	OTR	FALSE	1	0.037239		0.473	0.007432	FALSE	TRUE	
sugarcane	SoffiXsponR570.03Dg081000	zf-A20	TFF	FALSE	2	0.375588	1			FALSE	FALSE	
sugarcane	SoffiXsponR570.03Dg087100	bZIP	TFF	FALSE	38	6.301181	0.470839260312945			FALSE	FALSE	
sugarcane	SoffiXsponR570.03Dg091600	Top	TFF	FALSE	29	4.370345	0.463054187192118			FALSE	FALSE	
sugarcane	SoffiXsponR570.03Dg097900	bHLH	TFF	FALSE	17	8.559495	0.522058823529412			FALSE	FALSE	
sugarcane	SoffiXsponR570.03Dg099900	HB	TFF	FALSE	21	1.194552	0.866666666666667			FALSE	FALSE	
sugarcane	SoffiXsponR570.03Dg101100	AUX/IAA	OTR	FALSE	45	4.885438	0.386868686868687			FALSE	FALSE	
sugarcane	SoffiXsponR570.03Dg102100	AP2-EREBP	TFF	FALSE	11	1.845348	0.381818181818182			FALSE	FALSE	
sugarcane	SoffiXsponR570.03Dg102900	HSF	TFF	FALSE	29	6.381051	0.320197044334975	-0.0518	0.8996	FALSE	TRUE	
sugarcane	SoffiXsponR570.03Dg106600	MYB-related	TFF	TRUE	74	7.431786	0.496112550907071	-0.5193	0.002374	FALSE	TRUE	
sugarcane	SoffiXsponR570.03Dg112000	C3H	TFF	FALSE	1	0.033277				FALSE	FALSE	
sugarcane	SoffiXsponR570.03Dg116200	WRKY	TFF	FALSE	5	0.307034	0			FALSE	FALSE	
sugarcane	SoffiXsponR570.03Dg120500	MYB	TFF	TRUE	610	78.525508	0.598282591725215			FALSE	FALSE	
sugarcane	SoffiXsponR570.03Dg125700	GeBP	TFF	FALSE	12718	4550.014657	0.664166128841803	-0.0869	0.8028	FALSE	TRUE	
sugarcane	SoffiXsponR570.03Dg134400	WRKY	TFF	FALSE	72	8.367119	0.508607198748044	0.4762	0.006898	FALSE	TRUE	
sugarcane	SoffiXsponR570.03Dg135300	bHLH	TFF	FALSE	51	9.763702	0.368627450980392	0.8178	4.234e-10	TRUE	TRUE	ortholog_not_correlated
sugarcane	SoffiXsponR570.03Dg137100	ARID;HMG	OTR	FALSE	364	67.2293	0.569869524414979	0.2103	0.4035	FALSE	TRUE	
sugarcane	SoffiXsponR570.03Dg141800	HSF	TFF	FALSE	9742	2680.586538	0.800931963770083			FALSE	FALSE	
sugarcane	SoffiXsponR570.03Dg150900	C2H2	TFF	FALSE	33	13.322326	0.376893939393939			FALSE	FALSE	
sugarcane	SoffiXsponR570.03Dg152800	HSF	TFF	FALSE	1	0.073887		-0.2611	0.2489	FALSE	TRUE	
sugarcane	SoffiXsponR570.03Dg165000	AP2-EREBP	TFF	FALSE	16	4.943102	0.4			FALSE	FALSE	
sugarcane	SoffiXsponR570.03Dg165200	bHLH	TFF	FALSE	3	0.337549	0.666666666666667			FALSE	FALSE	
sugarcane	SoffiXsponR570.03Dg167000	C2H2	TFF	FALSE	312	39.201266	0.476358314782752			FALSE	FALSE	
sugarcane	SoffiXsponR570.03Dg168000	Coactivator_p15	OTR	FALSE	6	0.357149	0.466666666666667	-0.3966	0.03608	FALSE	TRUE	
sugarcane	SoffiXsponR570.03Dg168700	SET	OTR	FALSE	1	0.025848		0.4772	0.006741	FALSE	TRUE	
sugarcane	SoffiXsponR570.03Dg169300	NAC	TFF	FALSE	4	0.167279	0.5			FALSE	FALSE	
sugarcane	SoffiXsponR570.03Dg170900	C3H	TFF	FALSE	8	0.718869	0.357142857142857	-0.4204	0.02285	FALSE	TRUE	
sugarcane	SoffiXsponR570.03Dg171100	ARF	TFF	FALSE	7	0.538504	0.285714285714286			FALSE	FALSE	
sugarcane	SoffiXsponR570.03Dg172000	AP2-EREBP	TFF	FALSE	406	150.981151	0.608721036307243			FALSE	FALSE	
sugarcane	SoffiXsponR570.03Dg174500	Alfin-like	TFF	FALSE	4	0.357454	0.333333333333333			FALSE	FALSE	
sugarcane	SoffiXsponR570.03Dg175500	bHLH	TFF	FALSE	2	0.410255	0	-0.5509	0.0009793	FALSE	TRUE	
sugarcane	SoffiXsponR570.03Dg179100	C2H2	TFF	FALSE	2	0.15966	1			FALSE	FALSE	
sugarcane	SoffiXsponR570.03Dg180000	EIL	TFF	FALSE	100	30.941186	0.162424242424242			FALSE	FALSE	
sugarcane	SoffiXsponR570.03Dg182800	NAC	TFF	FALSE	22	1.555188	0.753246753246753			FALSE	FALSE	
sugarcane	SoffiXsponR570.03Dg182900	MYB	TFF	TRUE	6	4.580125	0.6			FALSE	FALSE	
sugarcane	SoffiXsponR570.03Dg195800	ABI3VP1	TFF	FALSE	19	1.476158	0.91812865497076			FALSE	FALSE	
sugarcane	SoffiXsponR570.03Dg197700	mTERF	OTR	FALSE	113	19.173852	0.388590391908976			FALSE	FALSE	
sugarcane	SoffiXsponR570.03Dg201300	FAR1	TFF	FALSE	225	26.610735	0.545595238095238	-0.2722	0.2205	FALSE	TRUE	
sugarcane	SoffiXsponR570.03Dg201400	FAR1	TFF	FALSE	13019	4835.61097	0.647369360575396	-0.1239	0.676	FALSE	TRUE	
sugarcane	SoffiXsponR570.03Dg206400	AP2-EREBP	TFF	FALSE	4	0.917084	0.166666666666667			FALSE	FALSE	
sugarcane	SoffiXsponR570.03Dg208800	Pseudo_ARR-B	OTR	FALSE	278	54.38926	0.280991091603252	-0.4598	0.01003	FALSE	TRUE	
sugarcane	SoffiXsponR570.03Dg209000	MYB	TFF	TRUE	1274	225.640515	0.658232015992088			FALSE	FALSE	
sugarcane	SoffiXsponR570.03Dg210200	SET	OTR	FALSE	12591	4457.356118	0.654283513401311	-0.1384	0.6227	FALSE	TRUE	
sugarcane	SoffiXsponR570.03Dg212200	MYB	TFF	TRUE	2	0.353302	1			FALSE	FALSE	
sugarcane	SoffiXsponR570.03Dg214100	ARF	TFF	FALSE	20	2.563322	0.494736842105263			FALSE	FALSE	
sugarcane	SoffiXsponR570.03Dg218700	TCP	TFF	FALSE	17	0.882166	0.735294117647059			FALSE	FALSE	
sugarcane	SoffiXsponR570.03Dg220800	AP2-EREBP	TFF	FALSE	16	2.032036	0.308333333333333			FALSE	FALSE	
sugarcane	SoffiXsponR570.03Dg223200	MYB	TFF	TRUE	34	2.705798	0.409982174688057			FALSE	FALSE	
sugarcane	SoffiXsponR570.03Dg224200	C2C2-YABBY	TFF	FALSE	552	97.016008	0.774099792209159			FALSE	FALSE	
sugarcane	SoffiXsponR570.03Dg228600	WRKY	TFF	FALSE	2042	448.823062	0.466655885397347			FALSE	FALSE	
sugarcane	SoffiXsponR570.03Dg231400	AP2-EREBP	TFF	FALSE	295	41.068219	0.609224028594489	0.0682	0.8575	FALSE	TRUE	
sugarcane	SoffiXsponR570.03Dg231500	AP2-EREBP	TFF	FALSE	460	74.6503	0.738495784787345			FALSE	FALSE	
sugarcane	SoffiXsponR570.03Dg231600	AP2-EREBP	TFF	FALSE	267	37.626558	0.646532060488299			FALSE	FALSE	
sugarcane	SoffiXsponR570.03Dg234700	GRAS	TFF	FALSE	2	0.111621	0			FALSE	FALSE	
sugarcane	SoffiXsponR570.03Dg234800	GRAS	TFF	FALSE	1	0.024857				FALSE	FALSE	
sugarcane	SoffiXsponR570.03Dg239500	HMG	OTR	FALSE	146	23.123617	0.285403873405763	-0.7629	4.263e-08	TRUE	TRUE	ortholog_not_correlated
sugarcane	SoffiXsponR570.03Dg240000	C2H2	TFF	FALSE	72	6.056788	0.692097026604069			FALSE	FALSE	
sugarcane	SoffiXsponR570.03Dg242000	AP2-EREBP	TFF	FALSE	13	2.326423	0.615384615384615			FALSE	FALSE	
sugarcane	SoffiXsponR570.03Dg242100	AP2-EREBP	TFF	FALSE	31	7.126093	0.367741935483871			FALSE	FALSE	
sugarcane	SoffiXsponR570.03Dg242300	C3H	TFF	FALSE	5848	1007.65971	0.884848170060202			FALSE	FALSE	
sugarcane	SoffiXsponR570.03Dg242700	GRF	TFF	FALSE	1	0.024362				FALSE	FALSE	
sugarcane	SoffiXsponR570.03Dg243200	OFP	TFF	FALSE	2	0.45037	0			FALSE	FALSE	
sugarcane	SoffiXsponR570.03Dg243600	MYB-related	TFF	TRUE	98	16.033547	0.482852934988428	0.1379	0.6244	FALSE	TRUE	
sugarcane	SoffiXsponR570.03Dg244300	MADS	TFF	FALSE	4	0.486713	0.833333333333333			FALSE	FALSE	
sugarcane	SoffiXsponR570.03Dg245800	FAR1	TFF	FALSE	4	0.666488	1			FALSE	FALSE	
sugarcane	SoffiXsponR570.03Dg249400	bHLH	TFF	FALSE	10	1.444597	0.222222222222222			FALSE	FALSE	
sugarcane	SoffiXsponR570.03Dg249700	PLATZ	TFF	FALSE	49	4.886808	0.35969387755102			FALSE	FALSE	
sugarcane	SoffiXsponR570.03Dg252100	zf-C5HC2	TFF	FALSE	1	0.057544				FALSE	FALSE	
sugarcane	SoffiXsponR570.03Dg252200	MYB-related	TFF	TRUE	818	152.500605	0.703330510275233			FALSE	FALSE	
sugarcane	SoffiXsponR570.03Dg253400	WRKY	TFF	FALSE	237	22.728639	0.789887720803833	-0.054	0.8942	FALSE	TRUE	
sugarcane	SoffiXsponR570.03Dg254800	MYB-related	TFF	TRUE	13	2.476978	0.461538461538462			FALSE	FALSE	
sugarcane	SoffiXsponR570.03Dg255500	GRF	TFF	FALSE	24	1.960985	0.782608695652174			FALSE	FALSE	
sugarcane	SoffiXsponR570.03Dg257900	TUB	TFF	FALSE	165	19.633927	0.647745750184775			FALSE	FALSE	
sugarcane	SoffiXsponR570.03Dg258100	bHLH	TFF	FALSE	206	22.305723	0.789059910016576			FALSE	FALSE	
sugarcane	SoffiXsponR570.03Dg259700	SET	OTR	FALSE	216	24.773007	0.644099913867356	-0.1186	0.6957	FALSE	TRUE	
sugarcane	SoffiXsponR570.03Dg259800	CCAAT	TFF	FALSE	2	0.097754	0	-0.3624	0.06498	FALSE	TRUE	
sugarcane	SoffiXsponR570.03Dg264100	ARID	OTR	FALSE	10	0.994912	0.466666666666667	-0.2426	0.3002	FALSE	TRUE	
sugarcane	SoffiXsponR570.03Dg269900	C2C2-CO-like	TFF	FALSE	67	8.489465	0.492085029398462			FALSE	FALSE	
sugarcane	SoffiXsponR570.03Dg270500	SET	OTR	FALSE	53	7.372341	0.462989840348331			FALSE	FALSE	
sugarcane	SoffiXsponR570.03Dg271900	C2C2-Dof	TFF	FALSE	17	1.356118	0.272058823529412			FALSE	FALSE	
sugarcane	SoffiXsponR570.03Dg272400	bHLH	TFF	FALSE	655	96.319575	0.602642575343745			FALSE	FALSE	
sugarcane	SoffiXsponR570.03Dg273000	bZIP	TFF	FALSE	61	12.156698	0.534972677595629			FALSE	FALSE	
sugarcane	SoffiXsponR570.03Dg275300	MADS	TFF	FALSE	2	0.221071	0			FALSE	FALSE	
sugarcane	SoffiXsponR570.03Dg275900	C2C2-CO-like	TFF	FALSE	18	3.030645	0.457516339869281			FALSE	FALSE	
sugarcane	SoffiXsponR570.03Dg276500	MYB	TFF	TRUE	578	70.790165	0.639694638177424			FALSE	FALSE	
sugarcane	SoffiXsponR570.03Dg281800	E2F-DP	TFF	FALSE	8	2.364577	0.428571428571429			FALSE	FALSE	
sugarcane	SoffiXsponR570.03Dg287400	TCP	TFF	FALSE	1	0.01				FALSE	FALSE	
sugarcane	SoffiXsponR570.03Dg289200	mTERF	OTR	FALSE	4	3.234842	0.833333333333333			FALSE	FALSE	
sugarcane	SoffiXsponR570.03Dg289300	mTERF	OTR	FALSE	14	2.667249	0.021978021978022			FALSE	FALSE	
sugarcane	SoffiXsponR570.03Dg289800	mTERF	OTR	FALSE	1609	132.284997	0.965274621299964			FALSE	FALSE	
sugarcane	SoffiXsponR570.03Dg292000	AP2-EREBP	TFF	FALSE	41	4.807304	0.419512195121951			FALSE	FALSE	
sugarcane	SoffiXsponR570.03Dg293200	MYB	TFF	TRUE	33	8.900755	0.606060606060606			FALSE	FALSE	
sugarcane	SoffiXsponR570.03Dg297200	MADS	TFF	FALSE	232	22.176458	0.741901776384535	0.1032	0.7482	FALSE	TRUE	
sugarcane	SoffiXsponR570.03Dg300300	bZIP	TFF	FALSE	19	4.488749	0.292397660818714			FALSE	FALSE	
sugarcane	SoffiXsponR570.03Dg301400	AP2-EREBP	TFF	FALSE	19	4.05937	0.280701754385965			FALSE	FALSE	
sugarcane	SoffiXsponR570.03Dg303000	WRKY	TFF	FALSE	224	35.662281	0.635209801409353	0.224	0.3576	FALSE	TRUE	
sugarcane	SoffiXsponR570.03Dg303400	Top	TFF	FALSE	540	58.75055	0.684511784511785	-0.1629	0.5631	FALSE	TRUE	
sugarcane	SoffiXsponR570.03Dg303500	GeBP	TFF	FALSE	9	0.614962	0.5			FALSE	FALSE	
sugarcane	SoffiXsponR570.03Dg306900	CCAAT	TFF	FALSE	63	6.273842	0.345622119815668	-0.4331	0.01771	FALSE	TRUE	
sugarcane	SoffiXsponR570.03Dg307100	MYB-related	TFF	TRUE	6055	1094.554732	0.738642282763687	0.2325	0.3303	FALSE	TRUE	
sugarcane	SoffiXsponR570.03Dg310700	NOT2_3_5	OTR	FALSE	49	3.605603	0.94812925170068			FALSE	FALSE	
sugarcane	SoffiXsponR570.03Dg311600	AP2-EREBP	TFF	FALSE	112	13.511591	0.559362934362934	-0.1835	0.4884	FALSE	TRUE	
sugarcane	SoffiXsponR570.03Dg312000	mTERF	OTR	FALSE	13	0.573742	0.743589743589744			FALSE	FALSE	
sugarcane	SoffiXsponR570.03Dg320600	ARR-B;MYB-related	TFF	TRUE	338	49.01063	0.321809211103893	-0.5865	0.0003121	FALSE	TRUE	
sugarcane	SoffiXsponR570.03Dg321000	AP2-EREBP	TFF	FALSE	1053	183.429365	0.733219228783234			FALSE	FALSE	
sugarcane	SoffiXsponR570.03Dg322800	DBP	TFF	FALSE	31	3.951556	0.335483870967742			FALSE	FALSE	
sugarcane	SoffiXsponR570.03Dg327300	C2C2-GATA	TFF	FALSE	8	2.268994	0.428571428571429	0.1526	0.596	FALSE	TRUE	
sugarcane	SoffiXsponR570.03Dg328400	zf-C5HC2	TFF	FALSE	113	11.561401	0.605562579013906	0.1412	0.6127	FALSE	TRUE	
sugarcane	SoffiXsponR570.03Dg328600	NAC	TFF	FALSE	69	6.697354	0.83461210571185			FALSE	FALSE	
sugarcane	SoffiXsponR570.03Dg336200	AUX/IAA	OTR	FALSE	52	5.56063	0.482654600301659			FALSE	FALSE	
sugarcane	SoffiXsponR570.03Dg339600	C2H2	TFF	FALSE	189	89.876683	0.326691433074412			FALSE	FALSE	
sugarcane	SoffiXsponR570.03Dg340900	NAC	TFF	FALSE	4	0.525838	0.5	0.2898	0.1803	FALSE	TRUE	
sugarcane	SoffiXsponR570.03Dg348700	C2H2	TFF	FALSE	35	3.503737	0.452100840336134			FALSE	FALSE	
sugarcane	SoffiXsponR570.03Dg352100	Jumonji	OTR	FALSE	11	0.723612	0.309090909090909			FALSE	FALSE	
sugarcane	SoffiXsponR570.03Eg007200	Jumonji	OTR	FALSE	1	0.035258				FALSE	FALSE	
sugarcane	SoffiXsponR570.03Eg013600	bHLH	TFF	FALSE	32	3.539605	0.306451612903226	0.3422	0.08881	FALSE	TRUE	
sugarcane	SoffiXsponR570.03Eg014100	bHLH	TFF	FALSE	9137	2374.23918	0.765986988873591	0.1343	0.6385	FALSE	TRUE	
sugarcane	SoffiXsponR570.03Eg020900	CSD	TFF	FALSE	21	2.402956	0.40952380952381			FALSE	FALSE	
sugarcane	SoffiXsponR570.03Eg030400	bZIP	TFF	FALSE	115	17.882436	0.595728451563692	0.3418	0.08933	FALSE	TRUE	
sugarcane	SoffiXsponR570.03Eg031200	BES1	TFF	FALSE	6254	1195.814147	0.785920065691781	0.156	0.5884	FALSE	TRUE	
sugarcane	SoffiXsponR570.03Eg031600	SWI/SNF-BAF60b	OTR	FALSE	9222	2396.887999	0.799173084943656	-0.1937	0.4535	FALSE	TRUE	
sugarcane	SoffiXsponR570.03Eg034300	bZIP	TFF	FALSE	56	4.214927	0.826623376623377	-0.209	0.4077	FALSE	TRUE	
sugarcane	SoffiXsponR570.03Eg035100	PHD	OTR	FALSE	12422	4511.018954	0.666337791632686	0.0576	0.886	FALSE	TRUE	
sugarcane	SoffiXsponR570.03Eg037300	RWP-RK	TFF	FALSE	39	10.295943	0.460188933873144			FALSE	FALSE	
sugarcane	SoffiXsponR570.03Eg038000	TAZ	TFF	FALSE	33	2.202036	0.545454545454545	0.0933	0.7808	FALSE	TRUE	
sugarcane	SoffiXsponR570.03Eg040000	MYB-related	TFF	TRUE	391	55.233997	0.376444357007017			FALSE	FALSE	
sugarcane	SoffiXsponR570.03Eg040500	SBP	TFF	FALSE	10245	2959.078409	0.752922378684357			FALSE	FALSE	
sugarcane	SoffiXsponR570.03Eg041300	ARF;AUX/IAA	OTR;TFF	FALSE	2128	538.985618	0.451824642706908			FALSE	FALSE	
sugarcane	SoffiXsponR570.03Eg046100	PAS	TFF	FALSE	558	113.614307	0.261391350231334	0.2699	0.2264	FALSE	TRUE	
sugarcane	SoffiXsponR570.03Eg052000	PBF-2-like	TFF	FALSE	1	0.104592				FALSE	FALSE	
sugarcane	SoffiXsponR570.03Eg056100	ARF	TFF	FALSE	6	0.301681	0.2			FALSE	FALSE	
sugarcane	SoffiXsponR570.03Eg061500	PLATZ	TFF	FALSE	13	2.584447	0.525641025641026			FALSE	FALSE	
sugarcane	SoffiXsponR570.03Eg062700	bZIP	TFF	FALSE	250	26.204532	0.594698795180723	-0.1838	0.4873	FALSE	TRUE	
sugarcane	SoffiXsponR570.03Eg065600	C2C2-CO-like	TFF	FALSE	3	0.215718	0.666666666666667			FALSE	FALSE	
sugarcane	SoffiXsponR570.03Eg067400	zf-A20	TFF	FALSE	18	4.668429	0.326797385620915	-0.339	0.09314	FALSE	TRUE	
sugarcane	SoffiXsponR570.03Eg072400	AP2-EREBP	TFF	FALSE	19	4.659115	0.47953216374269	0.236	0.3195	FALSE	TRUE	
sugarcane	SoffiXsponR570.03Eg077500	Top	TFF	FALSE	88	11.143512	0.36833855799373	0.3562	0.07173	FALSE	TRUE	
sugarcane	SoffiXsponR570.03Eg083100	AP2-EREBP	TFF	FALSE	580	92.083527	0.655726281936752			FALSE	FALSE	
sugarcane	SoffiXsponR570.03Eg083300	bHLH	TFF	FALSE	1	0.096668				FALSE	FALSE	
sugarcane	SoffiXsponR570.03Eg087700	MYB-related	TFF	TRUE	73	6.654647	0.60806697108067	-0.4661	0.008669	FALSE	TRUE	
sugarcane	SoffiXsponR570.03Eg096400	WRKY	TFF	FALSE	53	5.040715	0.544992743105951			FALSE	FALSE	
sugarcane	SoffiXsponR570.03Eg097300	bHLH	TFF	FALSE	16	2.123657	0.358333333333333			FALSE	FALSE	
sugarcane	SoffiXsponR570.03Eg098800	ARID;HMG	OTR	FALSE	349	47.331796	0.485393406448638			FALSE	FALSE	
sugarcane	SoffiXsponR570.03Eg103500	HSF	TFF	FALSE	11284	3581.242846	0.733258631822844			FALSE	FALSE	
sugarcane	SoffiXsponR570.03Eg115500	HSF	TFF	FALSE	670	86.469535	0.504348214086518	-0.2871	0.186	FALSE	TRUE	
sugarcane	SoffiXsponR570.03Eg117200	zf-A20	TFF	FALSE	61	6.593582	0.652459016393443			FALSE	FALSE	
sugarcane	SoffiXsponR570.03Eg120900	E2F-DP	TFF	FALSE	1	0.072896				FALSE	FALSE	
sugarcane	SoffiXsponR570.03Eg126300	MYB-related	TFF	TRUE	1	0.013467				FALSE	FALSE	
sugarcane	SoffiXsponR570.03Eg128000	Coactivator_p15	OTR	FALSE	4	0.510485	0	-0.2938	0.1717	FALSE	TRUE	
sugarcane	SoffiXsponR570.03Eg128300	SET	OTR	FALSE	5	0.638849	0.3			FALSE	FALSE	
sugarcane	SoffiXsponR570.03Eg130000	DDT	OTR	FALSE	1	0.136288				FALSE	FALSE	
sugarcane	SoffiXsponR570.03Eg131100	ARF	TFF	FALSE	289	30.25045	0.640715109573241			FALSE	FALSE	
sugarcane	SoffiXsponR570.03Eg134600	Alfin-like	TFF	FALSE	47	5.284797	0.390379278445883	-0.4094	0.02842	FALSE	TRUE	
sugarcane	SoffiXsponR570.03Eg135600	bHLH	TFF	FALSE	2	0.170555	0			FALSE	FALSE	
sugarcane	SoffiXsponR570.03Eg139500	C2H2	TFF	FALSE	33	2.52048	0.859848484848485	-0.0099	0.9842	FALSE	TRUE	
sugarcane	SoffiXsponR570.03Eg150500	AP2-EREBP	TFF	FALSE	74	23.772481	0.14476119955572			FALSE	FALSE	
sugarcane	SoffiXsponR570.03Eg152900	TAZ	TFF	FALSE	1	0.30071				FALSE	FALSE	
sugarcane	SoffiXsponR570.03Eg153900	ABI3VP1	TFF	FALSE	2365	647.651606	0.428840285752103	0.1888	0.4699	FALSE	TRUE	
sugarcane	SoffiXsponR570.03Eg155900	mTERF	OTR	FALSE	422	93.61913	0.396077945762178	-0.0835	0.8145	FALSE	TRUE	
sugarcane	SoffiXsponR570.03Eg159100	FAR1	TFF	FALSE	1	0.01941				FALSE	FALSE	
sugarcane	SoffiXsponR570.03Eg159200	FAR1	TFF	FALSE	2980	336.722781	0.901811111786983	-0.2391	0.3104	FALSE	TRUE	
sugarcane	SoffiXsponR570.03Eg161500	C2C2-CO-like	TFF	FALSE	77	9.394242	0.371155160628845	0.5208	0.002285	FALSE	TRUE	
sugarcane	SoffiXsponR570.03Eg167500	Pseudo_ARR-B	OTR	FALSE	352	74.109625	0.357355607355607	-0.4205	0.02285	FALSE	TRUE	
sugarcane	SoffiXsponR570.03Eg167800	MYB	TFF	TRUE	1497	286.792106	0.51973019122023	0.002	0.9968	FALSE	TRUE	
sugarcane	SoffiXsponR570.03Eg169400	SET	OTR	FALSE	2	0.473647	0			FALSE	FALSE	
sugarcane	SoffiXsponR570.03Eg170100	MYB	TFF	TRUE	155	41.183182	0.0134897360703812			FALSE	FALSE	
sugarcane	SoffiXsponR570.03Eg171900	ARF	TFF	FALSE	274	37.337999	0.373760059891447	0.4964	0.004269	FALSE	TRUE	
sugarcane	SoffiXsponR570.03Eg175800	AP2-EREBP	TFF	FALSE	9	1.193412	0.472222222222222			FALSE	FALSE	
sugarcane	SoffiXsponR570.03Eg178600	MYB	TFF	TRUE	9	0.412901	0.916666666666667			FALSE	FALSE	
sugarcane	SoffiXsponR570.03Eg179600	C2C2-YABBY	TFF	FALSE	1922	438.271301	0.51152739235169			FALSE	FALSE	
sugarcane	SoffiXsponR570.03Eg181300	C2C2-GATA	TFF	FALSE	5	0.233242	0.8	0.113	0.7148	FALSE	TRUE	
sugarcane	SoffiXsponR570.03Eg183200	SET	OTR	FALSE	9	0.710545	0.527777777777778	0.1714	0.5311	FALSE	TRUE	
sugarcane	SoffiXsponR570.03Eg183400	WRKY	TFF	FALSE	319	34.867029	0.700360797302892			FALSE	FALSE	
sugarcane	SoffiXsponR570.03Eg185100	AP2-EREBP	TFF	FALSE	2	0.606868	1			FALSE	FALSE	
sugarcane	SoffiXsponR570.03Eg185900	PHD	OTR	FALSE	3	0.20928	0.333333333333333			FALSE	FALSE	
sugarcane	SoffiXsponR570.03Eg188200	C2H2	TFF	FALSE	27	4.821821	0.256410256410256			FALSE	FALSE	
sugarcane	SoffiXsponR570.03Eg190300	GRAS	TFF	FALSE	9085	2266.488659	0.835062101242073	0.1043	0.744	FALSE	TRUE	
sugarcane	SoffiXsponR570.03Eg195100	HMG	OTR	FALSE	35	3.884582	0.319327731092437	-0.6746	7.911e-06	TRUE	TRUE	ortholog_not_correlated
sugarcane	SoffiXsponR570.03Eg195500	C2H2	TFF	FALSE	489	54.94022	0.665484930772067	0.1143	0.7109	FALSE	TRUE	
sugarcane	SoffiXsponR570.03Eg196700	C2C2-Dof	TFF	FALSE	1	0.473057				FALSE	FALSE	
sugarcane	SoffiXsponR570.03Eg198700	DBP	TFF	FALSE	70	9.291556	0.518426501035197	-0.5759	0.0004468	FALSE	TRUE	
sugarcane	SoffiXsponR570.03Eg209700	AP2-EREBP	TFF	FALSE	96	11.077414	0.460087719298246	-0.1862	0.4794	FALSE	TRUE	
sugarcane	SoffiXsponR570.03Eg211500	AP2-EREBP	TFF	FALSE	12	1.36951	0.333333333333333			FALSE	FALSE	
sugarcane	SoffiXsponR570.03Eg213500	GRF	TFF	FALSE	5	1.561991	0.5			FALSE	FALSE	
sugarcane	SoffiXsponR570.03Eg217000	GeBP	TFF	FALSE	2	0.12945	0			FALSE	FALSE	
sugarcane	SoffiXsponR570.03Eg217100	Top	TFF	FALSE	206	25.900725	0.490551740468861	0.0055	0.992	FALSE	TRUE	
sugarcane	SoffiXsponR570.03Eg218700	AP2-EREBP	TFF	FALSE	2	0.084382	0			FALSE	FALSE	
sugarcane	SoffiXsponR570.03Eg219700	bZIP	TFF	FALSE	19	4.251031	0.456140350877193			FALSE	FALSE	
sugarcane	SoffiXsponR570.03Eg220400	AP2-EREBP	TFF	FALSE	3	1.646488	0.666666666666667			FALSE	FALSE	
sugarcane	SoffiXsponR570.03Eg222600	MADS	TFF	FALSE	2	0.14926	0			FALSE	FALSE	
sugarcane	SoffiXsponR570.03Eg226600	SWI/SNF-SWI3	OTR	FALSE	1	0.018419				FALSE	FALSE	
sugarcane	SoffiXsponR570.03Eg227100	MYB	TFF	TRUE	2	0.170555	0			FALSE	FALSE	
sugarcane	SoffiXsponR570.03Eg228400	AP2-EREBP	TFF	FALSE	4	0.731861	0.333333333333333	0.1111	0.7216	FALSE	TRUE	
sugarcane	SoffiXsponR570.03Eg230100	mTERF	OTR	FALSE	2	0.379055	1			FALSE	FALSE	
sugarcane	SoffiXsponR570.03Eg232000	bHLH	TFF	FALSE	2282	708.263512	0.432812922050502	0.2193	0.3734	FALSE	TRUE	
sugarcane	SoffiXsponR570.03Eg232100	AP2-EREBP	TFF	FALSE	6	0.38092	0.6	-0.7863	6.774e-09	TRUE	TRUE	ortholog_not_correlated
sugarcane	SoffiXsponR570.03Eg238200	E2F-DP	TFF	FALSE	47	16.181731	0.79740980573543			FALSE	FALSE	
sugarcane	SoffiXsponR570.03Eg243300	SET	OTR	FALSE	1	0.10063				FALSE	FALSE	
sugarcane	SoffiXsponR570.03Eg244200	MYB	TFF	TRUE	30	3.715228	0.705747126436782			FALSE	FALSE	
sugarcane	SoffiXsponR570.03Eg244800	C2C2-CO-like	TFF	FALSE	43	6.723112	0.526024363233666			FALSE	FALSE	
sugarcane	SoffiXsponR570.03Eg249500	C2C2-Dof	TFF	FALSE	2	0.095278	1			FALSE	FALSE	
sugarcane	SoffiXsponR570.03Eg251300	SET	OTR	FALSE	6	1.372901	0.266666666666667	-0.0852	0.8084	FALSE	TRUE	
sugarcane	SoffiXsponR570.03Eg252000	C2C2-CO-like	TFF	FALSE	70	9.788784	0.747826086956522			FALSE	FALSE	
sugarcane	SoffiXsponR570.03Eg258300	ARID	OTR	FALSE	5733	1011.597389	0.860129690754753	-0.1851	0.4828	FALSE	TRUE	
sugarcane	SoffiXsponR570.03Eg262400	CCAAT	TFF	FALSE	1	0.01099		-0.4674	0.008423	FALSE	TRUE	
sugarcane	SoffiXsponR570.03Eg262500	SET	OTR	FALSE	1	0.113012				FALSE	FALSE	
sugarcane	SoffiXsponR570.03Eg264300	bHLH	TFF	FALSE	2	0.403322	0			FALSE	FALSE	
sugarcane	SoffiXsponR570.03Eg264500	TUB	TFF	FALSE	260	27.202416	0.676032076032076			FALSE	FALSE	
sugarcane	SoffiXsponR570.03Eg266600	GRF	TFF	FALSE	375	48.011271	0.858966131907308			FALSE	FALSE	
sugarcane	SoffiXsponR570.03Eg268900	WRKY	TFF	FALSE	42	3.467259	0.821138211382114			FALSE	FALSE	
sugarcane	SoffiXsponR570.03Eg270000	MYB-related	TFF	TRUE	78	9.573122	0.784881784881785			FALSE	FALSE	
sugarcane	SoffiXsponR570.03Eg270100	zf-C5HC2	TFF	FALSE	2	0.2701	0	0.1753	0.5169	FALSE	TRUE	
sugarcane	SoffiXsponR570.03Eg272100	bHLH	TFF	FALSE	76	12.299765	0.352631578947368			FALSE	FALSE	
sugarcane	SoffiXsponR570.03Eg277600	MYB-related	TFF	TRUE	278	54.057939	0.441238345064021	0.1602	0.5735	FALSE	TRUE	
sugarcane	SoffiXsponR570.03Eg278000	OFP	TFF	FALSE	2	0.251281	1			FALSE	FALSE	
sugarcane	SoffiXsponR570.03Eg278400	GRF	TFF	FALSE	5	1.194022	0.2			FALSE	FALSE	
sugarcane	SoffiXsponR570.03Eg279000	AP2-EREBP	TFF	FALSE	28	6.592921	0.343915343915344	0.1481	0.596	FALSE	TRUE	
sugarcane	SoffiXsponR570.03Eg279200	AP2-EREBP	TFF	FALSE	17	3.578789	0.661764705882353	0.1799	0.501	FALSE	TRUE	
sugarcane	SoffiXsponR570.03Eg283000	C2C2-GATA	TFF	FALSE	7	1.212536	0.19047619047619			FALSE	FALSE	
sugarcane	SoffiXsponR570.03Eg284900	NAC	TFF	FALSE	2	0.073487	1			FALSE	FALSE	
sugarcane	SoffiXsponR570.03Eg297000	C2H2	TFF	FALSE	14	2.667249	0.021978021978022	-0.1459	0.596	FALSE	TRUE	
sugarcane	SoffiXsponR570.03Eg298200	NAC	TFF	FALSE	22	2.021216	0.25974025974026			FALSE	FALSE	
sugarcane	SoffiXsponR570.03Eg299400	C2H2	TFF	FALSE	4	0.233147	0.666666666666667			FALSE	FALSE	
sugarcane	SoffiXsponR570.03Eg302900	Jumonji	OTR	FALSE	484	62.083692	0.634455794534846	0.2001	0.4322	FALSE	TRUE	
sugarcane	SoffiXsponR570.03Eg307300	bZIP	TFF	FALSE	5	0.306043	0.4			FALSE	FALSE	
sugarcane	SoffiXsponR570.03Fg001000	bZIP	TFF	FALSE	28	7.918699	0.134920634920635			FALSE	FALSE	
sugarcane	SoffiXsponR570.03Fg019500	bHLH	TFF	FALSE	90	24.324717	0.125842696629213			FALSE	FALSE	
sugarcane	SoffiXsponR570.03Fg020100	CSD	TFF	FALSE	1	0.222956				FALSE	FALSE	
sugarcane	SoffiXsponR570.03Fg031600	BES1	TFF	FALSE	2	0.175508	0			FALSE	FALSE	
sugarcane	SoffiXsponR570.03Fg032400	SWI/SNF-BAF60b	OTR	FALSE	236	27.156058	0.525171294626758			FALSE	FALSE	
sugarcane	SoffiXsponR570.03Fg036200	PHD	OTR	FALSE	5722	941.167674	0.877025358538216	0.0764	0.8345	FALSE	TRUE	
sugarcane	SoffiXsponR570.03Fg039300	RWP-RK	TFF	FALSE	18	0.840165	0.810457516339869			FALSE	FALSE	
sugarcane	SoffiXsponR570.03Fg040200	TAZ	TFF	FALSE	19	3.406138	0.456140350877193			FALSE	FALSE	
sugarcane	SoffiXsponR570.03Fg040400	TAZ	TFF	FALSE	5125	797.57034	0.921565240570439			FALSE	FALSE	
sugarcane	SoffiXsponR570.03Fg041800	MYB-related	TFF	TRUE	160	33.184912	0.358883647798742			FALSE	FALSE	
sugarcane	SoffiXsponR570.03Fg042200	SBP	TFF	FALSE	449	59.816588	0.520889675469297			FALSE	FALSE	
sugarcane	SoffiXsponR570.03Fg042700	ARF	TFF	FALSE	195	20.241476	0.594713190589479			FALSE	FALSE	
sugarcane	SoffiXsponR570.03Fg045600	PHD	OTR	FALSE	15	1.565913	0.542857142857143	0.1033	0.7477	FALSE	TRUE	
sugarcane	SoffiXsponR570.03Fg047900	PAS	TFF	FALSE	181	62.679895	0.275813382443217	-0.1199	0.6912	FALSE	TRUE	
sugarcane	SoffiXsponR570.03Fg048000	PAS	TFF	FALSE	7936	1724.550815	0.667637889505458	0.1695	0.5373	FALSE	TRUE	
sugarcane	SoffiXsponR570.03Fg053400	AP2-EREBP	TFF	FALSE	62	8.880235	0.302485457429931			FALSE	FALSE	
sugarcane	SoffiXsponR570.03Fg053900	PBF-2-like	TFF	FALSE	4	0.25048	0.333333333333333			FALSE	FALSE	
sugarcane	SoffiXsponR570.03Fg058500	ARF	TFF	FALSE	63	7.266813	0.36610343061956	0.2317	0.333	FALSE	TRUE	
sugarcane	SoffiXsponR570.03Fg063600	PLATZ	TFF	FALSE	179	26.145288	0.517607180967924			FALSE	FALSE	
sugarcane	SoffiXsponR570.03Fg064700	SBP	TFF	FALSE	21	1.796278	0.60952380952381			FALSE	FALSE	
sugarcane	SoffiXsponR570.03Fg065500	bZIP	TFF	FALSE	6942	1370.668274	0.852782087953654			FALSE	FALSE	
sugarcane	SoffiXsponR570.03Fg068400	C2C2-CO-like	TFF	FALSE	21	2.144437	0.228571428571429			FALSE	FALSE	
sugarcane	SoffiXsponR570.03Fg071200	WRKY	TFF	FALSE	112	20.574812	0.328989703989704			FALSE	FALSE	
sugarcane	SoffiXsponR570.03Fg071900	ARR-B	TFF	FALSE	4417	641.873957	0.829933569410676	-0.3945	0.03739	FALSE	TRUE	
sugarcane	SoffiXsponR570.03Fg072500	HB	TFF	FALSE	3	0.125088	0.333333333333333			FALSE	FALSE	
sugarcane	SoffiXsponR570.03Fg073300	PLATZ	TFF	FALSE	8	2.423512	0.535714285714286			FALSE	FALSE	
sugarcane	SoffiXsponR570.03Fg077800	MYB	TFF	TRUE	2	0.163127	0			FALSE	FALSE	
sugarcane	SoffiXsponR570.03Fg081200	bZIP	TFF	FALSE	100	13.127129	0.456767676767677			FALSE	FALSE	
sugarcane	SoffiXsponR570.03Fg084300	C3H	TFF	FALSE	7	0.410235	0.904761904761905			FALSE	FALSE	
sugarcane	SoffiXsponR570.03Fg085700	zf-A20	TFF	FALSE	11905	4121.332261	0.666238659097786	-0.1408	0.6142	FALSE	TRUE	
sugarcane	SoffiXsponR570.03Fg087000	GRAS	TFF	FALSE	66	22.535583	0.224242424242424			FALSE	FALSE	
sugarcane	SoffiXsponR570.03Fg091200	AP2-EREBP	TFF	FALSE	1	0.128364				FALSE	FALSE	
sugarcane	SoffiXsponR570.03Fg092100	bZIP	TFF	FALSE	90	8.661026	0.647440699126092			FALSE	FALSE	
sugarcane	SoffiXsponR570.03Fg094800	Top	TFF	FALSE	2	0.152726	0			FALSE	FALSE	
sugarcane	SoffiXsponR570.03Fg100400	C2C2-GATA	TFF	FALSE	125	7.929405	0.81058064516129			FALSE	FALSE	
sugarcane	SoffiXsponR570.03Fg103400	HB	TFF	FALSE	6	0.512656	0.533333333333333			FALSE	FALSE	
sugarcane	SoffiXsponR570.03Fg104900	AUX/IAA	OTR	FALSE	1	0.039715				FALSE	FALSE	
sugarcane	SoffiXsponR570.03Fg106100	AP2-EREBP	TFF	FALSE	596	80.744867	0.699830804805144			FALSE	FALSE	
sugarcane	SoffiXsponR570.03Fg106300	bHLH	TFF	FALSE	1	0.245738				FALSE	FALSE	
sugarcane	SoffiXsponR570.03Fg106900	bHLH	TFF	FALSE	18	9.429245	0.568627450980392			FALSE	FALSE	
sugarcane	SoffiXsponR570.03Fg107600	HSF	TFF	FALSE	8	0.90954	0.214285714285714			FALSE	FALSE	
sugarcane	SoffiXsponR570.03Fg111000	MYB-related	TFF	TRUE	21	2.123637	0.442857142857143			FALSE	FALSE	
sugarcane	SoffiXsponR570.03Fg119100	HMG	OTR	FALSE	2	0.065068	1			FALSE	FALSE	
sugarcane	SoffiXsponR570.03Fg126600	MYB	TFF	TRUE	111	9.907579	0.764946764946765	0.1713	0.5314	FALSE	TRUE	
sugarcane	SoffiXsponR570.03Fg132200	GeBP	TFF	FALSE	1393	127.067834	0.907382767697271	-0.0914	0.7874	FALSE	TRUE	
sugarcane	SoffiXsponR570.03Fg140700	WRKY	TFF	FALSE	129	17.685173	0.378149224806202			FALSE	FALSE	
sugarcane	SoffiXsponR570.03Fg142100	bHLH	TFF	FALSE	76	12.738059	0.32140350877193			FALSE	FALSE	
sugarcane	SoffiXsponR570.03Fg143900	ARID;HMG	OTR	FALSE	79	6.89987	0.735150925024343			FALSE	FALSE	
sugarcane	SoffiXsponR570.03Gg000300	AUX/IAA	OTR	FALSE	6	0.767709	0.333333333333333			FALSE	FALSE	
sugarcane	SoffiXsponR570.03Gg001700	HB	TFF	FALSE	5	0.253052	0.7			FALSE	FALSE	
sugarcane	SoffiXsponR570.03Gg016700	CPP	TFF	FALSE	102	8.354617	0.845855173752669			FALSE	FALSE	
sugarcane	SoffiXsponR570.03Gg020900	Tudor-knot	OTR	FALSE	959	67.686508	0.98023558813221	-0.1391	0.6203	FALSE	TRUE	
sugarcane	SoffiXsponR570.03Gg021200	GeBP	TFF	FALSE	11415	3698.74933	0.746274568405861	-0.0541	0.8941	FALSE	TRUE	
sugarcane	SoffiXsponR570.03Gg033400	C2H2	TFF	FALSE	24	5.914547	0.0181159420289855			FALSE	FALSE	
sugarcane	SoffiXsponR570.03Gg042200	C2H2	TFF	FALSE	7623	1608.025453	0.737544676644412	0.3036	0.1515	FALSE	TRUE	
sugarcane	SoffiXsponR570.03Gg043200	Coactivator_p15	OTR	FALSE	53	15.117024	0.109579100145138	-0.1459	0.596	FALSE	TRUE	
sugarcane	SoffiXsponR570.03Gg043500	SET	OTR	FALSE	5	0.283757	0.6	0.3315	0.1038	FALSE	TRUE	
sugarcane	SoffiXsponR570.03Gg046200	ARF	TFF	FALSE	221	27.202176	0.256026326614562	-0.3166	0.1278	FALSE	TRUE	
sugarcane	SoffiXsponR570.03Gg047100	AP2-EREBP	TFF	FALSE	454	72.353267	0.783956199978606			FALSE	FALSE	
sugarcane	SoffiXsponR570.03Gg050200	bHLH	TFF	FALSE	4	0.695708	0.166666666666667	-0.4378	0.0161	FALSE	TRUE	
sugarcane	SoffiXsponR570.03Gg054000	C2H2	TFF	FALSE	1	0.252176		-0.1449	0.5996	FALSE	TRUE	
sugarcane	SoffiXsponR570.03Gg058900	DBP	TFF	FALSE	9	4.69927	0.527777777777778			FALSE	FALSE	
sugarcane	SoffiXsponR570.03Gg061200	MYB-related	TFF	TRUE	25	2.672256	0.546666666666667			FALSE	FALSE	
sugarcane	SoffiXsponR570.03Gg070500	AP2-EREBP	TFF	FALSE	5	2.102801	0.8			FALSE	FALSE	
sugarcane	SoffiXsponR570.03Gg074600	MYB-related	TFF	TRUE	14	1.531151	0.307692307692308			FALSE	FALSE	
sugarcane	SoffiXsponR570.03Gg074700	CCAAT	TFF	FALSE	11	2.432711	0.0727272727272727			FALSE	FALSE	
sugarcane	SoffiXsponR570.03Gg077800	Top	TFF	FALSE	10	1.072666	0.644444444444444			FALSE	FALSE	
sugarcane	SoffiXsponR570.03Gg078200	WRKY	TFF	FALSE	705	169.684367	0.31781914893617	0.292	0.1756	FALSE	TRUE	
sugarcane	SoffiXsponR570.03Gg079700	AP2-EREBP	TFF	FALSE	288	31.681126	0.627951993805652	0.2024	0.4253	FALSE	TRUE	
sugarcane	SoffiXsponR570.03Gg080900	bZIP	TFF	FALSE	12	1.506693	0.424242424242424			FALSE	FALSE	
sugarcane	SoffiXsponR570.03Gg087400	MYB	TFF	TRUE	90	24.169705	0.507865168539326			FALSE	FALSE	
sugarcane	SoffiXsponR570.03Gg088600	AP2-EREBP	TFF	FALSE	26	3.791611	0.446153846153846			FALSE	FALSE	
sugarcane	SoffiXsponR570.03Gg091100	mTERF	OTR	FALSE	7	1.102096	0.761904761904762			FALSE	FALSE	
sugarcane	SoffiXsponR570.03Gg091600	mTERF	OTR	FALSE	20	3.265088	0.263157894736842	0.0811	0.8215	FALSE	TRUE	
sugarcane	SoffiXsponR570.03Gg091800	mTERF	OTR	FALSE	127	35.867009	0.12623422072241			FALSE	FALSE	
sugarcane	SoffiXsponR570.03Gg093600	TCP	TFF	FALSE	6	0.620125	0.466666666666667			FALSE	FALSE	
sugarcane	SoffiXsponR570.03Gg099300	E2F-DP	TFF	FALSE	8	1.532561	0.714285714285714			FALSE	FALSE	
sugarcane	SoffiXsponR570.03Gg103200	SET	OTR	FALSE	1	0.015448				FALSE	FALSE	
sugarcane	SoffiXsponR570.03Gg104000	MYB	TFF	TRUE	5	0.938969	0.5			FALSE	FALSE	
sugarcane	SoffiXsponR570.03Gg105300	MADS	TFF	FALSE	5	1.573382	0.3			FALSE	FALSE	
sugarcane	SoffiXsponR570.03Gg109200	bHLH	TFF	FALSE	2	0.51079	1			FALSE	FALSE	
sugarcane	SoffiXsponR570.03Gg109800	C2C2-Dof	TFF	FALSE	10	0.661611	0.311111111111111	0.159	0.5773	FALSE	TRUE	
sugarcane	SoffiXsponR570.03Gg111100	SET	OTR	FALSE	278	57.478614	0.331350803833467	-0.3907	0.04	FALSE	TRUE	
sugarcane	SoffiXsponR570.03Gg111700	C2C2-CO-like	TFF	FALSE	161	29.225008	0.477639751552795	-0.1667	0.5489	FALSE	TRUE	
sugarcane	SoffiXsponR570.03Gg117500	ARID	OTR	FALSE	207	26.388144	0.494864218376249	-0.1209	0.6874	FALSE	TRUE	
sugarcane	SoffiXsponR570.03Gg124100	TUB	TFF	FALSE	556	76.474012	0.431764858383563			FALSE	FALSE	
sugarcane	SoffiXsponR570.03Gg128500	WRKY	TFF	FALSE	1010	172.864122	0.798626225357917			FALSE	FALSE	
sugarcane	SoffiXsponR570.03Gg129800	MYB-related	TFF	TRUE	617	112.303052	0.840082931655055			FALSE	FALSE	
sugarcane	SoffiXsponR570.03Gg131200	GNAT	OTR	FALSE	10	0.560085	0.577777777777778	-0.0442	0.9161	FALSE	TRUE	
sugarcane	SoffiXsponR570.03Gg132100	PLATZ	TFF	FALSE	1	0.024857				FALSE	FALSE	
sugarcane	SoffiXsponR570.03Gg150300	C2H2	TFF	FALSE	1	0.154117				FALSE	FALSE	
sugarcane	SoffiXsponR570.03Gg153100	zf-fF-X1	TFF	FALSE	86	5.287019	0.891928864569083			FALSE	FALSE	
sugarcane	SoffiXsponR570.03Gg153400	TCP	TFF	FALSE	3	0.07061	1			FALSE	FALSE	
sugarcane	SoffiXsponR570.04Ag000300	NAC	TFF	FALSE	12435	4389.205618	0.680652599242294	-0.1478	0.596	FALSE	TRUE	
sugarcane	SoffiXsponR570.04Ag000700	TRAF	OTR	FALSE	100	12.836913	0.318181818181818	-0.4205	0.02283	FALSE	TRUE	
sugarcane	SoffiXsponR570.04Ag004400	MYB-related	TFF	TRUE	209	20.810855	0.714758925285241	-0.1965	0.4443	FALSE	TRUE	
sugarcane	SoffiXsponR570.04Ag005800	ABI3VP1	TFF	FALSE	11	2.408939	0.163636363636364			FALSE	FALSE	
sugarcane	SoffiXsponR570.04Ag006300	HB	TFF	FALSE	328	46.138729	0.63397851868427	0.0163	0.9735	FALSE	TRUE	
sugarcane	SoffiXsponR570.04Ag008800	MYB	TFF	TRUE	53	15.117024	0.109579100145138			FALSE	FALSE	
sugarcane	SoffiXsponR570.04Ag026900	AP2-EREBP	TFF	FALSE	34	5.592596	0.358288770053476	0.2145	0.3892	FALSE	TRUE	
sugarcane	SoffiXsponR570.04Ag027100	SET	OTR	FALSE	395	30.238734	0.902705133971599	-0.2098	0.405	FALSE	TRUE	
sugarcane	SoffiXsponR570.04Ag027900	GRAS	TFF	FALSE	44	4.522821	0.36046511627907			FALSE	FALSE	
sugarcane	SoffiXsponR570.04Ag029000	MYB-related	TFF	TRUE	194	18.771981	0.71539981838577			FALSE	FALSE	
sugarcane	SoffiXsponR570.04Ag029400	TRAF	OTR	FALSE	114	13.265148	0.519484552088185	-0.2676	0.2321	FALSE	TRUE	
sugarcane	SoffiXsponR570.04Ag031900	BBR/BPC	TFF	FALSE	4838	732.235748	0.866101464159888	-0.2078	0.4107	FALSE	TRUE	
sugarcane	SoffiXsponR570.04Ag044200	Top	TFF	FALSE	536	72.466053	0.465580973636491	0.1495	0.596	FALSE	TRUE	
sugarcane	SoffiXsponR570.04Ag045100	TRAF	OTR	FALSE	30	2.431051	0.698850574712644			FALSE	FALSE	
sugarcane	SoffiXsponR570.04Ag045800	PBF-2-like	TFF	FALSE	105	16.031241	0.42985347985348	0.0534	0.8953	FALSE	TRUE	
sugarcane	SoffiXsponR570.04Ag065000	C2H2	TFF	FALSE	31	4.156588	0.595698924731183	-0.2019	0.4267	FALSE	TRUE	
sugarcane	SoffiXsponR570.04Ag065100	AP2-EREBP	TFF	FALSE	90	10.145778	0.41123595505618	-0.5384	0.001413	FALSE	TRUE	
sugarcane	SoffiXsponR570.04Ag074100	DBP	TFF	FALSE	103	16.45944	0.451741861793261	-0.5142	0.002715	FALSE	TRUE	
sugarcane	SoffiXsponR570.04Ag075100	MYB-related	TFF	TRUE	45	5.067194	0.502020202020202	0.6023	0.0001745	TRUE	TRUE	ortholog_not_correlated
sugarcane	SoffiXsponR570.04Ag076100	LIM	TFF	FALSE	4	0.15985	0			FALSE	FALSE	
sugarcane	SoffiXsponR570.04Ag076200	ARR-B	TFF	FALSE	35	3.175883	0.549579831932773	-0.8403	3.492e-11	TRUE	TRUE	ortholog_not_correlated
sugarcane	SoffiXsponR570.04Ag084500	bHLH	TFF	FALSE	1	0.483457				FALSE	FALSE	
sugarcane	SoffiXsponR570.04Ag084600	AP2-EREBP	TFF	FALSE	1576	329.107629	0.437660945935058	0.0732	0.8449	FALSE	TRUE	
sugarcane	SoffiXsponR570.04Ag086200	ARF	TFF	FALSE	40	3.137729	0.787179487179487			FALSE	FALSE	
sugarcane	SoffiXsponR570.04Ag087300	MYB;MYB-related	TFF	TRUE	2	0.102706	0			FALSE	FALSE	
sugarcane	SoffiXsponR570.04Ag094300	bZIP	TFF	FALSE	10	0.751746	0.333333333333333			FALSE	FALSE	
sugarcane	SoffiXsponR570.04Ag096800	MADS	TFF	FALSE	6	0.845958	0.533333333333333	0.0458	0.9129	FALSE	TRUE	
sugarcane	SoffiXsponR570.04Ag100500	AP2-EREBP	TFF	FALSE	14	2.173982	0.472527472527473	0.2264	0.35	FALSE	TRUE	
sugarcane	SoffiXsponR570.04Ag101900	NAC	TFF	FALSE	4	0.628849	0.166666666666667			FALSE	FALSE	
sugarcane	SoffiXsponR570.04Ag103000	bHLH	TFF	FALSE	3	0.136973	0			FALSE	FALSE	
sugarcane	SoffiXsponR570.04Ag107100	G2-like	TFF	FALSE	348	65.138329	0.490261353473119	0.6016	0.0001792	TRUE	TRUE	ortholog_not_correlated
sugarcane	SoffiXsponR570.04Ag108600	LIM	TFF	FALSE	43	3.697644	0.781838316722038	0.0675	0.8594	FALSE	TRUE	
sugarcane	SoffiXsponR570.04Ag112000	E2F-DP	TFF	FALSE	137	13.05091	0.675075139544869			FALSE	FALSE	
sugarcane	SoffiXsponR570.04Ag115400	zf-fF-X1	TFF	FALSE	13	1.165563	0.17948717948718	0.405	0.03085	FALSE	TRUE	
sugarcane	SoffiXsponR570.04Ag118400	MYB	TFF	TRUE	5	0.488789	0.3			FALSE	FALSE	
sugarcane	SoffiXsponR570.04Ag119700	C2C2-CO-like	TFF	FALSE	8	1.428559	0.25	0.2659	0.2365	FALSE	TRUE	
sugarcane	SoffiXsponR570.04Ag121800	NAC	TFF	FALSE	1	0.076363				FALSE	FALSE	
sugarcane	SoffiXsponR570.04Ag122100	zf-C5HC2	TFF	FALSE	4	0.183622	0.333333333333333			FALSE	FALSE	
sugarcane	SoffiXsponR570.04Ag126300	C2C2-CO-like	TFF	FALSE	2	0.249795	0			FALSE	FALSE	
sugarcane	SoffiXsponR570.04Ag127700	PHD	OTR	FALSE	10	1.224707	0.377777777777778	-0.6908	3.545e-06	TRUE	TRUE	ortholog_not_correlated
sugarcane	SoffiXsponR570.04Ag136900	PHD	OTR	FALSE	20	1.166723	0.957894736842105			FALSE	FALSE	
sugarcane	SoffiXsponR570.04Ag137600	TRAF	OTR	FALSE	42	4.037784	0.679442508710801	-0.3275	0.1096	FALSE	TRUE	
sugarcane	SoffiXsponR570.04Ag138100	C3H	TFF	FALSE	11641	3830.874152	0.698302288598983			FALSE	FALSE	
sugarcane	SoffiXsponR570.04Ag142800	mTERF	OTR	FALSE	7	1.856358	0.761904761904762			FALSE	FALSE	
sugarcane	SoffiXsponR570.04Ag149100	AUX/IAA	OTR	FALSE	335	44.087089	0.597014925373134			FALSE	FALSE	
sugarcane	SoffiXsponR570.04Ag150300	MADS	TFF	FALSE	118	27.446943	0.110966246559467			FALSE	FALSE	
sugarcane	SoffiXsponR570.04Ag150600	WRKY	TFF	FALSE	5	0.665098	0.3			FALSE	FALSE	
sugarcane	SoffiXsponR570.04Ag161000	BES1	TFF	FALSE	611	71.622346	0.661726275120067	0.0315	0.9424	FALSE	TRUE	
sugarcane	SoffiXsponR570.04Ag170500	C2C2-GATA	TFF	FALSE	4732	762.308994	0.712833716857911			FALSE	FALSE	
sugarcane	SoffiXsponR570.04Ag176100	TRAF	OTR	FALSE	9277	2319.36964	0.725014982548289			FALSE	FALSE	
sugarcane	SoffiXsponR570.04Ag176200	Top	TFF	FALSE	7	0.601896	0.666666666666667	-0.0248	0.956	FALSE	TRUE	
sugarcane	SoffiXsponR570.04Ag178000	AUX/IAA	OTR	FALSE	157	17.475373	0.560019598236159			FALSE	FALSE	
sugarcane	SoffiXsponR570.04Ag178100	DBP	TFF	FALSE	12037	4033.128329	0.683699393359894	-0.0713	0.8492	FALSE	TRUE	
sugarcane	SoffiXsponR570.04Ag180400	bZIP	TFF	FALSE	2	0.721271	0			FALSE	FALSE	
sugarcane	SoffiXsponR570.04Ag182300	AP2-EREBP	TFF	FALSE	1550	439.605798	0.482247443720194			FALSE	FALSE	
sugarcane	SoffiXsponR570.04Ag183000	MYB	TFF	TRUE	218	40.246218	0.45643258783241	-0.1815	0.4956	FALSE	TRUE	
sugarcane	SoffiXsponR570.04Ag187300	C2H2	TFF	FALSE	1	0.084287				FALSE	FALSE	
sugarcane	SoffiXsponR570.04Ag187500	zf-A20	TFF	FALSE	7	0.865368	0.0952380952380952	-0.2793	0.2034	FALSE	TRUE	
sugarcane	SoffiXsponR570.04Ag189000	bZIP	TFF	FALSE	49	4.218224	0.940476190476191	-0.4911	0.004849	FALSE	TRUE	
sugarcane	SoffiXsponR570.04Ag191200	C3H	TFF	FALSE	14	0.89971	0.527472527472528			FALSE	FALSE	
sugarcane	SoffiXsponR570.04Ag192000	ARID	OTR	FALSE	658	74.139205	0.660564507547894	-0.4498	0.01245	FALSE	TRUE	
sugarcane	SoffiXsponR570.04Ag194000	PLATZ	TFF	FALSE	215	28.20052	0.402173440556401			FALSE	FALSE	
sugarcane	SoffiXsponR570.04Ag198700	MYB	TFF	TRUE	50	5.740215	0.787755102040816	-0.0699	0.8532	FALSE	TRUE	
sugarcane	SoffiXsponR570.04Ag203200	Top	TFF	FALSE	34	6.21017	0.622103386809269	-0.2731	0.2184	FALSE	TRUE	
sugarcane	SoffiXsponR570.04Ag204500	HB	TFF	FALSE	252	54.341226	0.341649275912224	-0.5037	0.003558	FALSE	TRUE	
sugarcane	SoffiXsponR570.04Ag205900	WRKY	TFF	FALSE	77	15.99936	0.362269309637731	0.4699	0.00796	FALSE	TRUE	
sugarcane	SoffiXsponR570.04Ag206100	WRKY	TFF	FALSE	33	3.232646	0.460227272727273	0.3472	0.08251	FALSE	TRUE	
sugarcane	SoffiXsponR570.04Ag206300	Top	TFF	FALSE	5872	1019.137374	0.819781524391121	-0.3598	0.06786	FALSE	TRUE	
sugarcane	SoffiXsponR570.04Ag207100	GNAT	OTR	FALSE	13	3.453607	0.0512820512820513			FALSE	FALSE	
sugarcane	SoffiXsponR570.04Ag209500	FAR1	TFF	FALSE	922	99.61012	0.802061326342912			FALSE	FALSE	
sugarcane	SoffiXsponR570.04Ag213600	AP2-EREBP	TFF	FALSE	116	28.829485	0.0892053973013493			FALSE	FALSE	
sugarcane	SoffiXsponR570.04Ag214200	SBP	TFF	FALSE	4	0.961161	0			FALSE	FALSE	
sugarcane	SoffiXsponR570.04Ag217300	bZIP	TFF	FALSE	1	0.136288				FALSE	FALSE	
sugarcane	SoffiXsponR570.04Ag217900	CCAAT	TFF	FALSE	178	23.742251	0.23195581793944	-0.7083	1.349e-06	TRUE	TRUE	ortholog_not_correlated
sugarcane	SoffiXsponR570.04Ag218000	MADS	TFF	FALSE	183	77.124477	0.551852519065634			FALSE	FALSE	
sugarcane	SoffiXsponR570.04Ag218900	TRAF	OTR	FALSE	66	6.673792	0.488578088578089			FALSE	FALSE	
sugarcane	SoffiXsponR570.04Ag219000	TRAF	OTR	FALSE	4	0.786833	0.166666666666667			FALSE	FALSE	
sugarcane	SoffiXsponR570.04Ag219300	TRAF	OTR	FALSE	16	1.841366	0.408333333333333			FALSE	FALSE	
sugarcane	SoffiXsponR570.04Ag220800	MYB-related	TFF	TRUE	17	1.718144	0.338235294117647			FALSE	FALSE	
sugarcane	SoffiXsponR570.04Ag221200	MYB-related	TFF	TRUE	1	0.104097				FALSE	FALSE	
sugarcane	SoffiXsponR570.04Ag225000	TRAF	OTR	FALSE	3	0.102306	0			FALSE	FALSE	
sugarcane	SoffiXsponR570.04Ag225200	NAC	TFF	FALSE	3	0.536143	0.666666666666667			FALSE	FALSE	
sugarcane	SoffiXsponR570.04Ag226700	ARF	TFF	FALSE	1621	350.062861	0.38714251985895	0.127	0.6649	FALSE	TRUE	
sugarcane	SoffiXsponR570.04Ag227900	MYB	TFF	TRUE	6	3.30932	0.666666666666667			FALSE	FALSE	
sugarcane	SoffiXsponR570.04Ag241000	PAS	TFF	FALSE	1106	179.280265	0.48307463199496			FALSE	FALSE	
sugarcane	SoffiXsponR570.04Ag242000	MED26	OTR	FALSE	237	14.890355	0.969212615318601			FALSE	FALSE	
sugarcane	SoffiXsponR570.04Ag246900	C2C2-GATA	TFF	FALSE	6591	1218.746923	0.842012870357772	0.1508	0.596	FALSE	TRUE	
sugarcane	SoffiXsponR570.04Ag252900	ARF;AUX/IAA	OTR;TFF	FALSE	11	1.529875	0.4	0.3624	0.06498	FALSE	TRUE	
sugarcane	SoffiXsponR570.04Ag254300	SBP	TFF	FALSE	60	6.848044	0.383050847457627	0.175	0.518	FALSE	TRUE	
sugarcane	SoffiXsponR570.04Ag254400	MYB-related	TFF	TRUE	109	16.648204	0.366802582398913			FALSE	FALSE	
sugarcane	SoffiXsponR570.04Ag254800	C3H	TFF	FALSE	8015	1812.185458	0.882539897039196	-0.0552	0.8922	FALSE	TRUE	
sugarcane	SoffiXsponR570.04Ag262300	SRS	TFF	FALSE	8	4.473837	0.642857142857143			FALSE	FALSE	
sugarcane	SoffiXsponR570.04Ag266600	bZIP	TFF	FALSE	1295	177.972451	0.560300287039082	0.1131	0.7148	FALSE	TRUE	
sugarcane	SoffiXsponR570.04Ag266700	bZIP	TFF	FALSE	5	0.303567	0.1			FALSE	FALSE	
sugarcane	SoffiXsponR570.04Ag268800	bHLH	TFF	FALSE	14	1.398424	0.659340659340659			FALSE	FALSE	
sugarcane	SoffiXsponR570.04Ag272600	NAC	TFF	FALSE	5993	1020.77923	0.887182464989751			FALSE	FALSE	
sugarcane	SoffiXsponR570.04Ag274700	HMG	OTR	FALSE	7	1.135773	0.238095238095238	-0.3338	0.1004	FALSE	TRUE	
sugarcane	SoffiXsponR570.04Ag279200	zf-C5HC2	TFF	FALSE	32	3.875383	0.288306451612903			FALSE	FALSE	
sugarcane	SoffiXsponR570.04Ag279800	PHD	OTR	FALSE	34	3.305543	0.363636363636364	0.124	0.676	FALSE	TRUE	
sugarcane	SoffiXsponR570.04Bg000500	TRAF	OTR	FALSE	90	13.98048	0.302122347066167	-0.4262	0.02033	FALSE	TRUE	
sugarcane	SoffiXsponR570.04Bg002800	NAC	TFF	FALSE	53	15.117024	0.109579100145138			FALSE	FALSE	
sugarcane	SoffiXsponR570.04Bg004100	MYB-related	TFF	TRUE	13	0.896643	0.128205128205128			FALSE	FALSE	
sugarcane	SoffiXsponR570.04Bg005900	ABI3VP1	TFF	FALSE	18	3.72944	0.261437908496732			FALSE	FALSE	
sugarcane	SoffiXsponR570.04Bg006400	HB	TFF	FALSE	213	29.300275	0.485428293028612	-0.0322	0.941	FALSE	TRUE	
sugarcane	SoffiXsponR570.04Bg008200	ABI3VP1	TFF	FALSE	9066	2330.509495	0.843748966486983			FALSE	FALSE	
sugarcane	SoffiXsponR570.04Bg018500	AP2-EREBP	TFF	FALSE	10	0.901806	0.111111111111111			FALSE	FALSE	
sugarcane	SoffiXsponR570.04Bg019300	GRAS	TFF	FALSE	6	0.761271	0.266666666666667			FALSE	FALSE	
sugarcane	SoffiXsponR570.04Bg023200	BBR/BPC	TFF	FALSE	4	0.206898	0.333333333333333			FALSE	FALSE	
sugarcane	SoffiXsponR570.04Bg037400	PBF-2-like	TFF	FALSE	202	30.587369	0.338653268311906			FALSE	FALSE	
sugarcane	SoffiXsponR570.04Bg049200	WRKY	TFF	FALSE	6	1.937979	0.4			FALSE	FALSE	
sugarcane	SoffiXsponR570.04Bg053000	MADS	TFF	FALSE	2	0.563782	0			FALSE	FALSE	
sugarcane	SoffiXsponR570.04Bg054200	bHLH	TFF	FALSE	7	0.927274	0.238095238095238			FALSE	FALSE	
sugarcane	SoffiXsponR570.04Bg055100	AP2-EREBP	TFF	FALSE	1448	166.662166	0.738165646584475			FALSE	FALSE	
sugarcane	SoffiXsponR570.04Bg057800	BBR/BPC	TFF	FALSE	1	0.01				FALSE	FALSE	
sugarcane	SoffiXsponR570.04Bg063200	DBP	TFF	FALSE	15	1.467359	0.676190476190476	-0.4959	0.004311	FALSE	TRUE	
sugarcane	SoffiXsponR570.04Bg064000	MYB-related	TFF	TRUE	8	0.515818	0.25			FALSE	FALSE	
sugarcane	SoffiXsponR570.04Bg068700	PHD	OTR	FALSE	4331	604.540455	0.91614863146242			FALSE	FALSE	
sugarcane	SoffiXsponR570.04Bg072700	bHLH	TFF	FALSE	239	22.887309	0.806968812629654	0.0656	0.8645	FALSE	TRUE	
sugarcane	SoffiXsponR570.04Bg072800	AP2-EREBP	TFF	FALSE	154	13.652766	0.86495204142263			FALSE	FALSE	
sugarcane	SoffiXsponR570.04Bg074300	ARF	TFF	FALSE	294	38.271956	0.439274685983609	0.0271	0.9516	FALSE	TRUE	
sugarcane	SoffiXsponR570.04Bg078600	MYB	TFF	TRUE	19	1.677229	0.385964912280702			FALSE	FALSE	
sugarcane	SoffiXsponR570.04Bg081500	AP2-EREBP	TFF	FALSE	9	0.925978	0.444444444444444			FALSE	FALSE	
sugarcane	SoffiXsponR570.04Bg085400	bZIP	TFF	FALSE	1	0.016933				FALSE	FALSE	
sugarcane	SoffiXsponR570.04Bg087500	MED6	OTR	FALSE	5	0.469475	0.3	-0.2024	0.4253	FALSE	TRUE	
sugarcane	SoffiXsponR570.04Bg087800	MADS	TFF	FALSE	7	1.023352	0.571428571428571			FALSE	FALSE	
sugarcane	SoffiXsponR570.04Bg091600	AP2-EREBP	TFF	FALSE	2	0.316653	1			FALSE	FALSE	
sugarcane	SoffiXsponR570.04Bg094200	TCP	TFF	FALSE	5	0.292176	0.6			FALSE	FALSE	
sugarcane	SoffiXsponR570.04Bg095100	RWP-RK	TFF	FALSE	155	7.485543	0.0131545873481357			FALSE	FALSE	
sugarcane	SoffiXsponR570.04Bg097900	G2-like	TFF	FALSE	259	42.557969	0.485319206249439			FALSE	FALSE	
sugarcane	SoffiXsponR570.04Bg106500	zf-fF-X1	TFF	FALSE	2	0.447894	0			FALSE	FALSE	
sugarcane	SoffiXsponR570.04Bg111000	C2C2-CO-like	TFF	FALSE	4	0.805653	0.833333333333333			FALSE	FALSE	
sugarcane	SoffiXsponR570.04Bg117300	C2C2-CO-like	TFF	FALSE	3	0.808529	0			FALSE	FALSE	
sugarcane	SoffiXsponR570.04Bg127500	C3H	TFF	FALSE	9	0.583762	0.722222222222222			FALSE	FALSE	
sugarcane	SoffiXsponR570.04Bg139400	CPP	TFF	FALSE	1	0.024857				FALSE	FALSE	
sugarcane	SoffiXsponR570.04Bg152600	BES1	TFF	FALSE	1459	282.652681	0.573753938234937			FALSE	FALSE	
sugarcane	SoffiXsponR570.04Bg154000	AP2-EREBP	TFF	FALSE	32	3.293962	0.649193548387097			FALSE	FALSE	
sugarcane	SoffiXsponR570.04Bg158100	HB	TFF	FALSE	53	10.057574	0.259071117561684			FALSE	FALSE	
sugarcane	SoffiXsponR570.04Bg159000	HSF	TFF	FALSE	2	0.180955	1	-0.1759	0.5148	FALSE	TRUE	
sugarcane	SoffiXsponR570.04Bg161700	C2C2-GATA	TFF	FALSE	337	40.076268	0.559612123781263			FALSE	FALSE	
sugarcane	SoffiXsponR570.04Bg167000	MBF1	OTR	FALSE	1	0.438884				FALSE	FALSE	
sugarcane	SoffiXsponR570.04Bg167200	Top	TFF	FALSE	157	14.525183	0.675240894986118	-0.0209	0.9652	FALSE	TRUE	
sugarcane	SoffiXsponR570.04Bg169000	AUX/IAA	OTR	FALSE	19	2.117504	0.549707602339181			FALSE	FALSE	
sugarcane	SoffiXsponR570.04Bg171100	bZIP	TFF	FALSE	10	1.604562	0.0666666666666667			FALSE	FALSE	
sugarcane	SoffiXsponR570.04Bg173400	MYB-related	TFF	TRUE	1	0.104097				FALSE	FALSE	
sugarcane	SoffiXsponR570.04Bg175600	TRAF	OTR	FALSE	371	59.374842	0.418518248706928	0.1051	0.7412	FALSE	TRUE	
sugarcane	SoffiXsponR570.04Bg175700	TRAF	OTR	FALSE	454	39.519835	0.823807995643337			FALSE	FALSE	
sugarcane	SoffiXsponR570.04Bg177100	PLATZ	TFF	FALSE	53	15.117024	0.109579100145138			FALSE	FALSE	
sugarcane	SoffiXsponR570.04Bg179400	bZIP	TFF	FALSE	2	0.397379	0			FALSE	FALSE	
sugarcane	SoffiXsponR570.04Bg180600	PHD	OTR	FALSE	4817	693.701506	0.953190855062738			FALSE	FALSE	
sugarcane	SoffiXsponR570.04Bg182400	SBP	TFF	FALSE	3	1.347359	0.666666666666667			FALSE	FALSE	
sugarcane	SoffiXsponR570.04Bg183000	AP2-EREBP	TFF	FALSE	32	5.499795	0.508064516129032	-0.0911	0.7887	FALSE	TRUE	
sugarcane	SoffiXsponR570.04Bg184700	Top	TFF	FALSE	314	23.158899	0.902932378258481	-0.2601	0.2516	FALSE	TRUE	
sugarcane	SoffiXsponR570.04Bg187800	GNAT	OTR	FALSE	128	32.297854	0.00209153543307087	-0.0467	0.9114	FALSE	TRUE	
sugarcane	SoffiXsponR570.04Bg188800	WRKY	TFF	FALSE	40	7.724217	0.464102564102564			FALSE	FALSE	
sugarcane	SoffiXsponR570.04Bg188900	WRKY	TFF	FALSE	22	3.353927	0.61038961038961			FALSE	FALSE	
sugarcane	SoffiXsponR570.04Bg190200	HB	TFF	FALSE	172	36.960335	0.303957568339453			FALSE	FALSE	
sugarcane	SoffiXsponR570.04Bg191400	Top	TFF	FALSE	22	2.423357	0.783549783549784			FALSE	FALSE	
sugarcane	SoffiXsponR570.04Bg194800	AP2-EREBP	TFF	FALSE	8	2.160535	0.357142857142857			FALSE	FALSE	
sugarcane	SoffiXsponR570.04Bg195600	mTERF	OTR	FALSE	3	0.178079	0.333333333333333			FALSE	FALSE	
sugarcane	SoffiXsponR570.04Bg199800	PLATZ	TFF	FALSE	8	1.129925	0.464285714285714			FALSE	FALSE	
sugarcane	SoffiXsponR570.04Bg201100	bZIP	TFF	FALSE	8455	2057.036103	0.85188430602347			FALSE	FALSE	
sugarcane	SoffiXsponR570.04Bg201300	ARID	OTR	FALSE	76	8.07035	0.594736842105263	-0.0316	0.9423	FALSE	TRUE	
sugarcane	SoffiXsponR570.04Bg204600	bHLH	TFF	FALSE	29	2.144702	0.822660098522167			FALSE	FALSE	
sugarcane	SoffiXsponR570.04Bg210100	AP2-EREBP	TFF	FALSE	1965	550.506423	0.498523551147111			FALSE	FALSE	
sugarcane	SoffiXsponR570.04Bg213400	NAC	TFF	FALSE	6	0.548809	0.533333333333333			FALSE	FALSE	
sugarcane	SoffiXsponR570.04Bg215200	ARF	TFF	FALSE	537	88.855378	0.388212568442703	0.11	0.7258	FALSE	TRUE	
sugarcane	SoffiXsponR570.04Bg216200	FAR1	TFF	FALSE	1	0.085773				FALSE	FALSE	
sugarcane	SoffiXsponR570.04Bg223400	ARF	TFF	FALSE	298	34.05976	0.639843626420808			FALSE	FALSE	
sugarcane	SoffiXsponR570.04Bg228400	MED26	OTR	FALSE	3	0.090915	0.666666666666667			FALSE	FALSE	
sugarcane	SoffiXsponR570.04Bg231100	PAS	TFF	FALSE	6	0.225908	0.2			FALSE	FALSE	
sugarcane	SoffiXsponR570.04Bg242100	ARF	TFF	FALSE	14	2.440425	0.483516483516484	0.1398	0.6183	FALSE	TRUE	
sugarcane	SoffiXsponR570.04Bg243200	SBP	TFF	FALSE	1	0.022381				FALSE	FALSE	
sugarcane	SoffiXsponR570.04Bg243300	MYB-related	TFF	TRUE	2	0.586068	1			FALSE	FALSE	
sugarcane	SoffiXsponR570.04Bg251000	MADS	TFF	FALSE	1	0.143717				FALSE	FALSE	
sugarcane	SoffiXsponR570.04Bg255600	bZIP	TFF	FALSE	5	0.698279	0.8			FALSE	FALSE	
sugarcane	SoffiXsponR570.04Bg258700	bHLH	TFF	FALSE	194	65.992851	0.265584103413279			FALSE	FALSE	
sugarcane	SoffiXsponR570.04Bg263400	NAC	TFF	FALSE	67	8.912901	0.227951153324288			FALSE	FALSE	
sugarcane	SoffiXsponR570.04Bg265300	HMG	OTR	FALSE	1	0.493857		-0.2716	0.2221	FALSE	TRUE	
sugarcane	SoffiXsponR570.04Bg265800	MYB-related	TFF	TRUE	373	80.422561	0.438020698204042			FALSE	FALSE	
sugarcane	SoffiXsponR570.04Cg003800	GRAS	TFF	FALSE	2	0.100725	1			FALSE	FALSE	
sugarcane	SoffiXsponR570.04Cg004200	MYB-related	TFF	TRUE	13197	4878.934817	0.622923339310562			FALSE	FALSE	
sugarcane	SoffiXsponR570.04Cg005700	ABI3VP1	TFF	FALSE	162	9.601906	0.170078981673185			FALSE	FALSE	
sugarcane	SoffiXsponR570.04Cg006100	HB	TFF	FALSE	235	28.0692	0.565302782324059	-0.0141	0.9776	FALSE	TRUE	
sugarcane	SoffiXsponR570.04Cg008200	ABI3VP1	TFF	FALSE	9	0.631801	0.472222222222222			FALSE	FALSE	
sugarcane	SoffiXsponR570.04Cg018000	AP2-EREBP	TFF	FALSE	57	8.862921	0.231829573934837			FALSE	FALSE	
sugarcane	SoffiXsponR570.04Cg018100	SET	OTR	FALSE	129	9.967729	0.79312015503876			FALSE	FALSE	
sugarcane	SoffiXsponR570.04Cg019100	GRAS	TFF	FALSE	120	59.1306	0.474929971988796			FALSE	FALSE	
sugarcane	SoffiXsponR570.04Cg024400	BBR/BPC	TFF	FALSE	11471	3626.676313	0.716424489427378			FALSE	FALSE	
sugarcane	SoffiXsponR570.04Cg036500	Top	TFF	FALSE	9465	2531.843292	0.749864964975291			FALSE	FALSE	
sugarcane	SoffiXsponR570.04Cg038100	PBF-2-like	TFF	FALSE	260	45.29926	0.382209682209682			FALSE	FALSE	
sugarcane	SoffiXsponR570.04Cg051800	TRAF	OTR	FALSE	17	4.47915	0.102941176470588			FALSE	FALSE	
sugarcane	SoffiXsponR570.04Cg055500	MADS	TFF	FALSE	1	0.199185				FALSE	FALSE	
sugarcane	SoffiXsponR570.04Cg056900	bHLH	TFF	FALSE	111	10.716813	0.578705978705979			FALSE	FALSE	
sugarcane	SoffiXsponR570.04Cg057500	SET	OTR	FALSE	1	0.059525				FALSE	FALSE	
sugarcane	SoffiXsponR570.04Cg057600	C2H2	TFF	FALSE	103	12.198329	0.583666476299258			FALSE	FALSE	
sugarcane	SoffiXsponR570.04Cg057800	AP2-EREBP	TFF	FALSE	25	1.9799	0.45	-0.4837	0.00578	FALSE	TRUE	
sugarcane	SoffiXsponR570.04Cg057900	AUX/IAA	OTR	FALSE	1	0.023867				FALSE	FALSE	
sugarcane	SoffiXsponR570.04Cg063400	BSD	TFF	FALSE	3843	481.73011	0.970173668384129			FALSE	FALSE	
sugarcane	SoffiXsponR570.04Cg064300	TRAF	OTR	FALSE	16	2.770945	0.0333333333333333			FALSE	FALSE	
sugarcane	SoffiXsponR570.04Cg067000	DBP	TFF	FALSE	520	83.805208	0.336838594931081			FALSE	FALSE	
sugarcane	SoffiXsponR570.04Cg068100	MYB-related	TFF	TRUE	7638	1634.362661	0.90385272043674			FALSE	FALSE	
sugarcane	SoffiXsponR570.04Cg068500	AP2-EREBP	TFF	FALSE	31	6.975538	0.286021505376344			FALSE	FALSE	
sugarcane	SoffiXsponR570.04Cg068900	LIM	TFF	FALSE	54	4.707509	0.572327044025157			FALSE	FALSE	
sugarcane	SoffiXsponR570.04Cg069000	ARR-B	TFF	FALSE	175	17.211136	0.592183908045977	-0.4474	0.01315	FALSE	TRUE	
sugarcane	SoffiXsponR570.04Cg076900	bHLH	TFF	FALSE	12644	4523.121126	0.671350262331418	-0.0459	0.9128	FALSE	TRUE	
sugarcane	SoffiXsponR570.04Cg077000	AP2-EREBP	TFF	FALSE	2461	351.835953	0.677545316696564	0.0552	0.8923	FALSE	TRUE	
sugarcane	SoffiXsponR570.04Cg078900	ARF	TFF	FALSE	80	8.900765	0.50379746835443	-0.0412	0.9223	FALSE	TRUE	
sugarcane	SoffiXsponR570.04Cg083900	MYB	TFF	TRUE	30	2.811896	0.379310344827586			FALSE	FALSE	
sugarcane	SoffiXsponR570.04Cg086400	GeBP	TFF	FALSE	5450	915.901526	0.944650125180784			FALSE	FALSE	
sugarcane	SoffiXsponR570.04Cg086900	AP2-EREBP	TFF	FALSE	42	4.044717	0.454123112659698			FALSE	FALSE	
sugarcane	SoffiXsponR570.04Cg091600	MADS	TFF	FALSE	1	0.184822				FALSE	FALSE	
sugarcane	SoffiXsponR570.04Cg098000	bHLH	TFF	FALSE	172	56.982206	0.614647082823337			FALSE	FALSE	
sugarcane	SoffiXsponR570.04Cg099600	RWP-RK	TFF	FALSE	47	12.698654	0.122109158186864			FALSE	FALSE	
sugarcane	SoffiXsponR570.04Cg102900	G2-like	TFF	FALSE	20	2.570255	0.642105263157895			FALSE	FALSE	
sugarcane	SoffiXsponR570.04Cg111100	zf-fF-X1	TFF	FALSE	4	0.650145	0.166666666666667			FALSE	FALSE	
sugarcane	SoffiXsponR570.04Cg113500	MYB	TFF	TRUE	194	65.992851	0.265584103413279			FALSE	FALSE	
sugarcane	SoffiXsponR570.04Cg115200	C2C2-CO-like	TFF	FALSE	3	0.298919	0.333333333333333			FALSE	FALSE	
sugarcane	SoffiXsponR570.04Cg117300	NAC	TFF	FALSE	3	0.338539	0.333333333333333			FALSE	FALSE	
sugarcane	SoffiXsponR570.04Cg121600	C2C2-CO-like	TFF	FALSE	3	0.57081	0.333333333333333			FALSE	FALSE	
sugarcane	SoffiXsponR570.04Cg133200	C3H	TFF	FALSE	31	4.044662	0.49247311827957			FALSE	FALSE	
sugarcane	SoffiXsponR570.04Cg145400	MADS	TFF	FALSE	35	8.742466	0.0588235294117647			FALSE	FALSE	
sugarcane	SoffiXsponR570.04Cg145700	WRKY	TFF	FALSE	8	0.846148	0.25			FALSE	FALSE	
sugarcane	SoffiXsponR570.04Cg158900	HSF	TFF	FALSE	20	1.308859	0.863157894736842	-0.4177	0.02414	FALSE	TRUE	
sugarcane	SoffiXsponR570.04Cg159200	HSF	TFF	FALSE	7	1.254632	0.476190476190476			FALSE	FALSE	
sugarcane	SoffiXsponR570.04Cg161200	HB	TFF	FALSE	10	2.460845	0.0666666666666667			FALSE	FALSE	
sugarcane	SoffiXsponR570.04Cg164500	bHLH	TFF	FALSE	1	0.162041				FALSE	FALSE	
sugarcane	SoffiXsponR570.04Cg164900	C2C2-GATA	TFF	FALSE	31	3.666293	0.694623655913979			FALSE	FALSE	
sugarcane	SoffiXsponR570.04Cg172700	AUX/IAA	OTR	FALSE	18	2.342251	0.483660130718954			FALSE	FALSE	
sugarcane	SoffiXsponR570.04Cg172800	DBP	TFF	FALSE	6	0.325948	0.666666666666667			FALSE	FALSE	
sugarcane	SoffiXsponR570.04Cg177000	AP2-EREBP	TFF	FALSE	285	44.502801	0.644057326414628			FALSE	FALSE	
sugarcane	SoffiXsponR570.04Cg181200	GRAS	TFF	FALSE	194	65.992851	0.265584103413279	0.1459	0.596	FALSE	TRUE	
sugarcane	SoffiXsponR570.04Cg182500	zf-A20	TFF	FALSE	1	0.296253				FALSE	FALSE	
sugarcane	SoffiXsponR570.04Cg183000	bHLH	TFF	FALSE	9	0.637249	0.777777777777778	-0.0067	0.9902	FALSE	TRUE	
sugarcane	SoffiXsponR570.04Cg186100	ARID	OTR	FALSE	274	83.368294	0.0879120879120879	0.0472	0.91	FALSE	TRUE	
sugarcane	SoffiXsponR570.04Cg186300	bZIP	TFF	FALSE	4	0.53079	0.166666666666667			FALSE	FALSE	
sugarcane	SoffiXsponR570.04Cg187400	PLATZ	TFF	FALSE	17	1.872166	0.514705882352941			FALSE	FALSE	
sugarcane	SoffiXsponR570.04Cg192800	AP2-EREBP	TFF	FALSE	19	3.178324	0.43859649122807			FALSE	FALSE	
sugarcane	SoffiXsponR570.04Cg195800	Top	TFF	FALSE	77	9.039645	0.479494190020506			FALSE	FALSE	
sugarcane	SoffiXsponR570.04Cg197100	HB	TFF	FALSE	1211	211.405568	0.400081893933707	-0.2818	0.1975	FALSE	TRUE	
sugarcane	SoffiXsponR570.04Cg198500	WRKY	TFF	FALSE	53	7.245063	0.267053701015965			FALSE	FALSE	
sugarcane	SoffiXsponR570.04Cg204500	AP2-EREBP	TFF	FALSE	1	0.112021				FALSE	FALSE	
sugarcane	SoffiXsponR570.04Cg207000	PHD	OTR	FALSE	481	65.572921	0.37986832986833			FALSE	FALSE	
sugarcane	SoffiXsponR570.04Cg207900	bZIP	TFF	FALSE	2	0.355778	0			FALSE	FALSE	
sugarcane	SoffiXsponR570.04Cg209200	MYB-related	TFF	TRUE	10	1.101886	0.555555555555556			FALSE	FALSE	
sugarcane	SoffiXsponR570.04Cg210100	PLATZ	TFF	FALSE	21	4.77024	0.380952380952381			FALSE	FALSE	
sugarcane	SoffiXsponR570.04Cg210800	MADS	TFF	FALSE	76	15.223707	0.470175438596491	0.2254	0.3532	FALSE	TRUE	
sugarcane	SoffiXsponR570.04Cg211600	TRAF	OTR	FALSE	11	7.341606	0.763636363636364			FALSE	FALSE	
sugarcane	SoffiXsponR570.04Cg211700	TRAF	OTR	FALSE	34	2.977194	0.702317290552585			FALSE	FALSE	
sugarcane	SoffiXsponR570.04Cg212200	TRAF	OTR	FALSE	1	0.230385				FALSE	FALSE	
sugarcane	SoffiXsponR570.04Cg212300	TRAF	OTR	FALSE	573	59.597094	0.86379501824528			FALSE	FALSE	
sugarcane	SoffiXsponR570.04Cg215600	TRAF	OTR	FALSE	4	2.363207	0.833333333333333			FALSE	FALSE	
sugarcane	SoffiXsponR570.04Cg218600	TRAF	OTR	FALSE	77	11.307384	0.574846206425154	-0.0446	0.9153	FALSE	TRUE	
sugarcane	SoffiXsponR570.04Cg220400	ARF	TFF	FALSE	1234	243.039715	0.427510085296171	0.0101	0.9842	FALSE	TRUE	
sugarcane	SoffiXsponR570.04Cg227000	ARF	TFF	FALSE	30	3.306153	0.588505747126437			FALSE	FALSE	
sugarcane	SoffiXsponR570.04Cg232600	MED26	OTR	FALSE	2925	313.274512	0.984885474762356			FALSE	FALSE	
sugarcane	SoffiXsponR570.04Cg235100	PAS	TFF	FALSE	3624	502.439865	0.753439821254811			FALSE	FALSE	
sugarcane	SoffiXsponR570.04Cg241000	C2C2-GATA	TFF	FALSE	23	1.446328	0.723320158102767			FALSE	FALSE	
sugarcane	SoffiXsponR570.04Cg246100	SBP	TFF	FALSE	401	48.815548	0.545423940149626			FALSE	FALSE	
sugarcane	SoffiXsponR570.04Cg246200	MYB-related	TFF	TRUE	7	1.992551	0.523809523809524			FALSE	FALSE	
sugarcane	SoffiXsponR570.04Cg246600	GRAS	TFF	FALSE	4	0.147964	0.333333333333333			FALSE	FALSE	
sugarcane	SoffiXsponR570.04Cg259500	bZIP	TFF	FALSE	72	6.034997	0.60641627543036			FALSE	FALSE	
sugarcane	SoffiXsponR570.04Cg263000	bHLH	TFF	FALSE	291	99.276273	0.708069676501955			FALSE	FALSE	
sugarcane	SoffiXsponR570.04Cg266200	ARF	TFF	FALSE	211	19.873047	0.748273527420447			FALSE	FALSE	
sugarcane	SoffiXsponR570.04Cg268700	NAC	TFF	FALSE	14	2.440425	0.362637362637363			FALSE	FALSE	
sugarcane	SoffiXsponR570.04Cg271200	MYB-related	TFF	TRUE	455	96.86911	0.414784334608123			FALSE	FALSE	
sugarcane	SoffiXsponR570.04Cg275300	zf-C5HC2	TFF	FALSE	22	3.973977	0.294372294372294			FALSE	FALSE	
sugarcane	SoffiXsponR570.04Dg000300	NAC	TFF	FALSE	6570	1228.665233	0.878824968435989	-0.2904	0.179	FALSE	TRUE	
sugarcane	SoffiXsponR570.04Dg000700	TRAF	OTR	FALSE	12492	4328.775473	0.643473752590818	-0.0889	0.7962	FALSE	TRUE	
sugarcane	SoffiXsponR570.04Dg003100	NAC	TFF	FALSE	13	3.453607	0.0512820512820513			FALSE	FALSE	
sugarcane	SoffiXsponR570.04Dg007000	HB	TFF	FALSE	4	1.003257	1	-0.1602	0.5733	FALSE	TRUE	
sugarcane	SoffiXsponR570.04Dg016600	GRF	TFF	FALSE	3	0.171146	1			FALSE	FALSE	
sugarcane	SoffiXsponR570.04Dg021500	AP2-EREBP	TFF	FALSE	31	4.963347	0.365591397849462	0.2189	0.3745	FALSE	TRUE	
sugarcane	SoffiXsponR570.04Dg021600	SET	OTR	FALSE	7668	1660.514092	0.858355039200514	-0.1737	0.5224	FALSE	TRUE	
sugarcane	SoffiXsponR570.04Dg022400	GRAS	TFF	FALSE	129	18.432006	0.296390503875969			FALSE	FALSE	
sugarcane	SoffiXsponR570.04Dg023400	MYB-related	TFF	TRUE	5	0.276823	0.5			FALSE	FALSE	
sugarcane	SoffiXsponR570.04Dg024100	TRAF	OTR	FALSE	705	67.957534	0.77240087040619			FALSE	FALSE	
sugarcane	SoffiXsponR570.04Dg026600	BBR/BPC	TFF	FALSE	285	31.819015	0.56955769705955	-0.4959	0.004311	FALSE	TRUE	
sugarcane	SoffiXsponR570.04Dg027900	NAC	TFF	FALSE	6	0.255623	0.266666666666667			FALSE	FALSE	
sugarcane	SoffiXsponR570.04Dg041600	Top	TFF	FALSE	1994	323.278674	0.486687357607192	0.0999	0.7589	FALSE	TRUE	
sugarcane	SoffiXsponR570.04Dg042400	TRAF	OTR	FALSE	40	3.483907	0.805128205128205			FALSE	FALSE	
sugarcane	SoffiXsponR570.04Dg043000	PBF-2-like	TFF	FALSE	89	11.947889	0.352655771195097			FALSE	FALSE	
sugarcane	SoffiXsponR570.04Dg057800	CCAAT	TFF	FALSE	11	2.317814	0.0545454545454545			FALSE	FALSE	
sugarcane	SoffiXsponR570.04Dg058900	zf-MIZ	OTR	FALSE	11582	3769.642566	0.736073595794778	-0.0382	0.9286	FALSE	TRUE	
sugarcane	SoffiXsponR570.04Dg059800	bHLH	TFF	FALSE	1	0.065963				FALSE	FALSE	
sugarcane	SoffiXsponR570.04Dg060700	C2H2	TFF	FALSE	17	1.124837	0.639705882352941	-0.2732	0.2183	FALSE	TRUE	
sugarcane	SoffiXsponR570.04Dg060800	AP2-EREBP	TFF	FALSE	361	49.894852	0.424022776238843	-0.4418	0.01478	FALSE	TRUE	
sugarcane	SoffiXsponR570.04Dg069000	DBP	TFF	FALSE	135	25.532446	0.493090105030404	-0.4466	0.01336	FALSE	TRUE	
sugarcane	SoffiXsponR570.04Dg070900	LIM	TFF	FALSE	16	0.938529	0.883333333333333	0.1746	0.5193	FALSE	TRUE	
sugarcane	SoffiXsponR570.04Dg080300	AP2-EREBP	TFF	FALSE	7	0.5494	0.666666666666667			FALSE	FALSE	
sugarcane	SoffiXsponR570.04Dg081800	ARF	TFF	FALSE	94	7.967069	0.848776023793182	0.0103	0.9838	FALSE	TRUE	
sugarcane	SoffiXsponR570.04Dg086400	GRF	TFF	FALSE	8	2.196688	0.107142857142857			FALSE	FALSE	
sugarcane	SoffiXsponR570.04Dg089400	AP2-EREBP	TFF	FALSE	3	0.418769	0.666666666666667			FALSE	FALSE	
sugarcane	SoffiXsponR570.04Dg092600	bZIP	TFF	FALSE	106	10.441476	0.637735849056604	0.4018	0.03277	FALSE	TRUE	
sugarcane	SoffiXsponR570.04Dg097000	MADS	TFF	FALSE	5	1.172726	0.5			FALSE	FALSE	
sugarcane	SoffiXsponR570.04Dg097800	NAC	TFF	FALSE	1	0.017924				FALSE	FALSE	
sugarcane	SoffiXsponR570.04Dg099400	TCP	TFF	FALSE	4	0.178174	0.5			FALSE	FALSE	
sugarcane	SoffiXsponR570.04Dg100300	RWP-RK	TFF	FALSE	3	0.527229	0.333333333333333			FALSE	FALSE	
sugarcane	SoffiXsponR570.04Dg102800	G2-like	TFF	FALSE	184	31.476113	0.573354716084581			FALSE	FALSE	
sugarcane	SoffiXsponR570.04Dg107100	E2F-DP	TFF	FALSE	2	0.055163	0	-0.121	0.6874	FALSE	TRUE	
sugarcane	SoffiXsponR570.04Dg110400	zf-fF-X1	TFF	FALSE	3	0.315758	1	0.241	0.3051	FALSE	TRUE	
sugarcane	SoffiXsponR570.04Dg112800	MYB	TFF	TRUE	4	0.769005	0.666666666666667			FALSE	FALSE	
sugarcane	SoffiXsponR570.04Dg114600	C2C2-CO-like	TFF	FALSE	7	1.859825	0.476190476190476	0.0929	0.782	FALSE	TRUE	
sugarcane	SoffiXsponR570.04Dg115500	bZIP	TFF	FALSE	10	6.246023	0.533333333333333			FALSE	FALSE	
sugarcane	SoffiXsponR570.04Dg116200	NAC	TFF	FALSE	77	8.995073	0.588174982911825			FALSE	FALSE	
sugarcane	SoffiXsponR570.04Dg119700	C2C2-CO-like	TFF	FALSE	1	0.141241				FALSE	FALSE	
sugarcane	SoffiXsponR570.04Dg129500	TRAF	OTR	FALSE	107	7.457209	0.138247222712044			FALSE	FALSE	
sugarcane	SoffiXsponR570.04Dg130000	C3H	TFF	FALSE	10420	3002.31035	0.760288038665519	0.1713	0.5313	FALSE	TRUE	
sugarcane	SoffiXsponR570.04Dg137800	CPP	TFF	FALSE	94	38.700155	0.34911919469229			FALSE	FALSE	
sugarcane	SoffiXsponR570.04Dg138400	AUX/IAA	OTR	FALSE	4	0.450065	0	-0.4393	0.01561	FALSE	TRUE	
sugarcane	SoffiXsponR570.04Dg142700	TRAF	OTR	FALSE	9548	2527.751521	0.829408352538402	-0.0132	0.979	FALSE	TRUE	
sugarcane	SoffiXsponR570.04Dg142800	Top	TFF	FALSE	15003	6461.332496	0.560874466887718	-0.0443	0.9157	FALSE	TRUE	
sugarcane	SoffiXsponR570.04Dg144600	DBP	TFF	FALSE	254	16.298474	0.979957050823193	-0.1944	0.4512	FALSE	TRUE	
sugarcane	SoffiXsponR570.04Dg145100	FAR1	TFF	FALSE	6	0.359625	0.866666666666667			FALSE	FALSE	
sugarcane	SoffiXsponR570.04Dg149000	C3H	TFF	FALSE	3267	409.358314	0.885644846842865	-0.2627	0.2446	FALSE	TRUE	
sugarcane	SoffiXsponR570.04Dg149800	ARID	OTR	FALSE	3	0.097849	0.333333333333333	-0.5159	0.002596	FALSE	TRUE	
sugarcane	SoffiXsponR570.04Dg151500	PLATZ	TFF	FALSE	19	2.046188	0.286549707602339			FALSE	FALSE	
sugarcane	SoffiXsponR570.04Dg156600	MYB	TFF	TRUE	5	0.299605	1			FALSE	FALSE	
sugarcane	SoffiXsponR570.04Dg157800	AP2-EREBP	TFF	FALSE	65	12.061496	0.670192307692308			FALSE	FALSE	
sugarcane	SoffiXsponR570.04Dg160800	Top	TFF	FALSE	3	0.097354	0.333333333333333	-0.1158	0.7056	FALSE	TRUE	
sugarcane	SoffiXsponR570.04Dg164700	PAS	TFF	FALSE	1164	152.047159	0.678410497794246	-0.1707	0.5334	FALSE	TRUE	
sugarcane	SoffiXsponR570.04Dg175100	ARF	TFF	FALSE	45	4.686843	0.405050505050505	0.4703	0.007895	FALSE	TRUE	
sugarcane	SoffiXsponR570.04Dg175800	MYB-related	TFF	TRUE	13	2.662696	0.461538461538462			FALSE	FALSE	
sugarcane	SoffiXsponR570.04Dg176900	TAZ	TFF	FALSE	242	27.814317	0.611604540310689	0.2859	0.1888	FALSE	TRUE	
sugarcane	SoffiXsponR570.04Dg183400	MADS	TFF	FALSE	219	48.886898	0.387750827363747	0.2376	0.3147	FALSE	TRUE	
sugarcane	SoffiXsponR570.04Dg190000	bZIP	TFF	FALSE	64	17.555678	0.129960317460317	-0.1459	0.596	FALSE	TRUE	
sugarcane	SoffiXsponR570.04Dg198300	HMG	OTR	FALSE	7096	1426.909365	0.811547940536431	-0.1347	0.637	FALSE	TRUE	
sugarcane	SoffiXsponR570.04Dg203200	C2H2	TFF	FALSE	1	0.16006				FALSE	FALSE	
sugarcane	SoffiXsponR570.04Dg203600	PHD	OTR	FALSE	20	2.265183	0.521052631578947	-0.0145	0.9767	FALSE	TRUE	
sugarcane	SoffiXsponR570.04Eg001000	G2-like	TFF	FALSE	197	30.450205	0.498756863151352	0.5122	0.002856	FALSE	TRUE	
sugarcane	SoffiXsponR570.04Eg002000	LIM	TFF	FALSE	14634	6171.541906	0.584862643769835	-0.0443	0.9157	FALSE	TRUE	
sugarcane	SoffiXsponR570.04Eg005000	E2F-DP	TFF	FALSE	3	0.175603	1			FALSE	FALSE	
sugarcane	SoffiXsponR570.04Eg007900	zf-fF-X1	TFF	FALSE	1	0.117469				FALSE	FALSE	
sugarcane	SoffiXsponR570.04Eg010500	MYB	TFF	TRUE	15	2.561856	0.571428571428571			FALSE	FALSE	
sugarcane	SoffiXsponR570.04Eg012100	C2C2-CO-like	TFF	FALSE	5	1.687784	0.8			FALSE	FALSE	
sugarcane	SoffiXsponR570.04Eg013100	bZIP	TFF	FALSE	4	0.685803	0.5			FALSE	FALSE	
sugarcane	SoffiXsponR570.04Eg013900	NAC	TFF	FALSE	5702	934.432881	0.890508480269942			FALSE	FALSE	
sugarcane	SoffiXsponR570.04Eg014000	NAC	TFF	FALSE	4	0.538714	0.666666666666667			FALSE	FALSE	
sugarcane	SoffiXsponR570.04Eg014300	zf-C5HC2	TFF	FALSE	190	25.766973	0.700640490114174			FALSE	FALSE	
sugarcane	SoffiXsponR570.04Eg016100	FHA	TFF	FALSE	12199	4197.891811	0.710237713516792	-0.0071	0.989	FALSE	TRUE	
sugarcane	SoffiXsponR570.04Eg017100	PHD	OTR	FALSE	37	3.497984	0.331831831831832			FALSE	FALSE	
sugarcane	SoffiXsponR570.04Eg026000	PHD	OTR	FALSE	12969	4798.093192	0.669875274161338	0.0248	0.9558	FALSE	TRUE	
sugarcane	SoffiXsponR570.04Eg027100	TRAF	OTR	FALSE	143	38.956893	0.427361371023343			FALSE	FALSE	
sugarcane	SoffiXsponR570.04Eg038400	AUX/IAA	OTR	FALSE	860	131.069785	0.46183501637924	-0.4572	0.01061	FALSE	TRUE	
sugarcane	SoffiXsponR570.04Eg039400	MADS	TFF	FALSE	1	0.109545				FALSE	FALSE	
sugarcane	SoffiXsponR570.04Eg039700	WRKY	TFF	FALSE	41	20.593322	0.501219512195122			FALSE	FALSE	
sugarcane	SoffiXsponR570.04Eg039800	WRKY	TFF	FALSE	10	1.918549	0.244444444444444	0.0913	0.7878	FALSE	TRUE	
sugarcane	SoffiXsponR570.04Eg047500	BES1	TFF	FALSE	18	1.08977	0.92156862745098	0.0206	0.9656	FALSE	TRUE	
sugarcane	SoffiXsponR570.04Eg051600	NAC	TFF	FALSE	2	0.118059	0			FALSE	FALSE	
sugarcane	SoffiXsponR570.04Eg055800	C2C2-GATA	TFF	FALSE	161	19.456743	0.449767080745342	-0.3571	0.07075	FALSE	TRUE	
sugarcane	SoffiXsponR570.04Eg061600	Top	TFF	FALSE	13781	5407.21946	0.625423625995236	-0.0391	0.9265	FALSE	TRUE	
sugarcane	SoffiXsponR570.04Eg063600	AUX/IAA	OTR	FALSE	56	6.658974	0.562987012987013			FALSE	FALSE	
sugarcane	SoffiXsponR570.04Eg063700	DBP	TFF	FALSE	2620	287.090505	0.902189519337548	-0.0059	0.9913	FALSE	TRUE	
sugarcane	SoffiXsponR570.04Eg064200	FAR1	TFF	FALSE	174	10.199325	0.931167364294731			FALSE	FALSE	
sugarcane	SoffiXsponR570.04Eg066900	AP2-EREBP	TFF	FALSE	1856	502.157914	0.538297007156799			FALSE	FALSE	
sugarcane	SoffiXsponR570.04Eg069700	zf-A20	TFF	FALSE	7	0.743537	0.238095238095238	-0.332	0.103	FALSE	TRUE	
sugarcane	SoffiXsponR570.04Eg071600	PLATZ	TFF	FALSE	4	0.584772	0.5			FALSE	FALSE	
sugarcane	SoffiXsponR570.04Eg074100	bZIP	TFF	FALSE	1	0.025353				FALSE	FALSE	
sugarcane	SoffiXsponR570.04Eg076100	MYB	TFF	TRUE	158	35.048834	0.0367652987180521			FALSE	FALSE	
sugarcane	SoffiXsponR570.04Eg077000	AP2-EREBP	TFF	FALSE	34	7.633017	0.467023172905526			FALSE	FALSE	
sugarcane	SoffiXsponR570.04Eg078000	AP2-EREBP	TFF	FALSE	231	129.165698	0.45209862601167			FALSE	FALSE	
sugarcane	SoffiXsponR570.04Eg081600	Top	TFF	FALSE	31	2.157274	0.864516129032258			FALSE	FALSE	
sugarcane	SoffiXsponR570.04Eg082700	HB	TFF	FALSE	41	5.161406	0.728048780487805			FALSE	FALSE	
sugarcane	SoffiXsponR570.04Eg083900	WRKY	TFF	FALSE	7	0.878244	0.666666666666667	0.3667	0.06052	FALSE	TRUE	
sugarcane	SoffiXsponR570.04Eg084100	WRKY	TFF	FALSE	42	7.428744	0.472706155632985	0.3609	0.0666	FALSE	TRUE	
sugarcane	SoffiXsponR570.04Eg084300	Top	TFF	FALSE	3	0.068134	0			FALSE	FALSE	
sugarcane	SoffiXsponR570.04Eg085000	GNAT	OTR	FALSE	147	3.292511	0.0135122542167552	-0.2733	0.2181	FALSE	TRUE	
sugarcane	SoffiXsponR570.04Eg088200	Top	TFF	FALSE	14501	6101.371496	0.589186990671274			FALSE	FALSE	
sugarcane	SoffiXsponR570.04Eg089900	AP2-EREBP	TFF	FALSE	9	0.973522	0.305555555555556	-0.0925	0.7832	FALSE	TRUE	
sugarcane	SoffiXsponR570.04Eg093400	bZIP	TFF	FALSE	12	0.914377	0.46969696969697			FALSE	FALSE	
sugarcane	SoffiXsponR570.04Eg095200	MYB-related	TFF	TRUE	73	8.374642	0.565068493150685			FALSE	FALSE	
sugarcane	SoffiXsponR570.04Eg096000	PLATZ	TFF	FALSE	73	31.643357	0.631278538812785			FALSE	FALSE	
sugarcane	SoffiXsponR570.04Eg096400	CCAAT	TFF	FALSE	27	2.427794	0.803418803418803	-0.4185	0.02376	FALSE	TRUE	
sugarcane	SoffiXsponR570.04Eg096500	MADS	TFF	FALSE	6	0.765233	0.266666666666667			FALSE	FALSE	
sugarcane	SoffiXsponR570.04Eg097100	TRAF	OTR	FALSE	1	0.181851				FALSE	FALSE	
sugarcane	SoffiXsponR570.04Eg097300	TRAF	OTR	FALSE	30	3.263562	0.402298850574713			FALSE	FALSE	
sugarcane	SoffiXsponR570.04Eg097600	TRAF	OTR	FALSE	7	0.573667	0.476190476190476			FALSE	FALSE	
sugarcane	SoffiXsponR570.04Eg099500	MYB-related	TFF	TRUE	4	0.404502	0.833333333333333			FALSE	FALSE	
sugarcane	SoffiXsponR570.04Eg101600	TRAF	OTR	FALSE	53	15.117024	0.109579100145138			FALSE	FALSE	
sugarcane	SoffiXsponR570.04Eg104100	TRAF	OTR	FALSE	1	0.158574				FALSE	FALSE	
sugarcane	SoffiXsponR570.04Eg105700	ARF	TFF	FALSE	628	117.534902	0.196954459106655			FALSE	FALSE	
sugarcane	SoffiXsponR570.04Eg107000	MYB	TFF	TRUE	175	58.923862	0.46495894909688			FALSE	FALSE	
sugarcane	SoffiXsponR570.04Eg113300	ARF	TFF	FALSE	113	14	0.46634007585335	0.1303	0.6533	FALSE	TRUE	
sugarcane	SoffiXsponR570.04Eg117900	AP2-EREBP	TFF	FALSE	7	0.757899	0.476190476190476			FALSE	FALSE	
sugarcane	SoffiXsponR570.04Eg120700	PAS	TFF	FALSE	11414	3596.795083	0.730980326385957	-0.0274	0.9508	FALSE	TRUE	
sugarcane	SoffiXsponR570.04Eg126500	C2C2-GATA	TFF	FALSE	7322	1582.035468	0.893768495929492	0.0793	0.8265	FALSE	TRUE	
sugarcane	SoffiXsponR570.04Eg133000	SBP	TFF	FALSE	319	49.403537	0.236864415133771	0.1317	0.6477	FALSE	TRUE	
sugarcane	SoffiXsponR570.04Eg133500	SBP	TFF	FALSE	53	7.056868	0.363570391872279			FALSE	FALSE	
sugarcane	SoffiXsponR570.04Eg133700	MYB-related	TFF	TRUE	139	20.606598	0.428631008236889	0.5502	0.0009956	FALSE	TRUE	
sugarcane	SoffiXsponR570.04Eg134200	C3H	TFF	FALSE	1	0.076858				FALSE	FALSE	
sugarcane	SoffiXsponR570.04Eg142100	SRS	TFF	FALSE	2	0.783177	0			FALSE	FALSE	
sugarcane	SoffiXsponR570.04Eg148500	bZIP	TFF	FALSE	4	0.601116	1			FALSE	FALSE	
sugarcane	SoffiXsponR570.04Eg154500	NAC	TFF	FALSE	7	1.771671	0.714285714285714			FALSE	FALSE	
sugarcane	SoffiXsponR570.04Eg157500	MYB-related	TFF	TRUE	446	106.075403	0.416345039552577			FALSE	FALSE	
sugarcane	SoffiXsponR570.04Eg161100	PHD;zf-C5HC2	OTR;TFF	FALSE	5	0.336253	0.4			FALSE	FALSE	
sugarcane	SoffiXsponR570.04Eg161200	C2H2	TFF	FALSE	2	0.206708	0			FALSE	FALSE	
sugarcane	SoffiXsponR570.04Eg161500	PHD	OTR	FALSE	3	0.094877	0	-0.0273	0.9512	FALSE	TRUE	
sugarcane	SoffiXsponR570.04Fg001100	MADS	TFF	FALSE	1	0.087259				FALSE	FALSE	
sugarcane	SoffiXsponR570.04Fg003900	RWP-RK	TFF	FALSE	2	0.720775	1			FALSE	FALSE	
sugarcane	SoffiXsponR570.04Fg011600	MYB	TFF	TRUE	7	4.014152	0.714285714285714			FALSE	FALSE	
sugarcane	SoffiXsponR570.04Fg013300	C2C2-CO-like	TFF	FALSE	8	1.5494	0.285714285714286			FALSE	FALSE	
sugarcane	SoffiXsponR570.04Fg014800	NAC	TFF	FALSE	3	0.458389	0.333333333333333	0.3505	0.07838	FALSE	TRUE	
sugarcane	SoffiXsponR570.04Fg020200	FHA	TFF	FALSE	220	16.937084	0.898796180987962			FALSE	FALSE	
sugarcane	SoffiXsponR570.04Fg021400	PHD	OTR	FALSE	1	0.03922				FALSE	FALSE	
sugarcane	SoffiXsponR570.04Fg029300	PHD	OTR	FALSE	101	10.32957	0.712277227722772	-0.0955	0.7738	FALSE	TRUE	
sugarcane	SoffiXsponR570.04Fg030400	TRAF	OTR	FALSE	145	24.2408	0.401340996168582	-0.5111	0.002935	FALSE	TRUE	
sugarcane	SoffiXsponR570.04Fg030900	C3H	TFF	FALSE	4097	535.991791	0.893749189574689	-0.0647	0.8669	FALSE	TRUE	
sugarcane	SoffiXsponR570.04Fg041400	AUX/IAA	OTR	FALSE	3	0.343987	0.333333333333333	-0.3721	0.05514	FALSE	TRUE	
sugarcane	SoffiXsponR570.04Fg042700	WRKY	TFF	FALSE	12	2.601191	0.378787878787879			FALSE	FALSE	
sugarcane	SoffiXsponR570.04Fg058800	HB	TFF	FALSE	26	6.514977	0.126153846153846	0.1459	0.596	FALSE	TRUE	
sugarcane	SoffiXsponR570.04Fg063200	C2C2-GATA	TFF	FALSE	34	3.525928	0.502673796791444	-0.1775	0.5091	FALSE	TRUE	
sugarcane	SoffiXsponR570.04Fg068600	TRAF	OTR	FALSE	8	0.414787	0.964285714285714	0.0876	0.8	FALSE	TRUE	
sugarcane	SoffiXsponR570.04Fg068700	Top	TFF	FALSE	9	0.594657	0.527777777777778	0.0828	0.8169	FALSE	TRUE	
sugarcane	SoffiXsponR570.04Fg074900	AP2-EREBP	TFF	FALSE	1198	268.52025	0.611026732105723			FALSE	FALSE	
sugarcane	SoffiXsponR570.04Fg078900	GRAS	TFF	FALSE	5	1.213337	0.2			FALSE	FALSE	
sugarcane	SoffiXsponR570.04Fg080500	zf-A20	TFF	FALSE	1	0.142231				FALSE	FALSE	
sugarcane	SoffiXsponR570.04Fg083800	ARID	OTR	FALSE	5	0.414502	1			FALSE	FALSE	
sugarcane	SoffiXsponR570.04Fg083900	bZIP	TFF	FALSE	112	8.864187	0.721846846846847	0.0998	0.759	FALSE	TRUE	
sugarcane	SoffiXsponR570.04Fg085400	PLATZ	TFF	FALSE	362	51.639705	0.239711666488116			FALSE	FALSE	
sugarcane	SoffiXsponR570.04Fg091500	AP2-EREBP	TFF	FALSE	18	3.853252	0.248366013071895			FALSE	FALSE	
sugarcane	SoffiXsponR570.04Fg092500	HB	TFF	FALSE	222	42.546528	0.346337287513758	-0.4693	0.008055	FALSE	TRUE	
sugarcane	SoffiXsponR570.04Fg093800	WRKY	TFF	FALSE	17	1.802336	0.360294117647059	0.4953	0.004372	FALSE	TRUE	
sugarcane	SoffiXsponR570.04Fg094000	WRKY	TFF	FALSE	1	0.071411				FALSE	FALSE	
sugarcane	SoffiXsponR570.04Fg094200	Top	TFF	FALSE	682	54.065633	0.869133282519669	-0.144	0.6026	FALSE	TRUE	
sugarcane	SoffiXsponR570.04Fg105200	TRAF	OTR	FALSE	16	2.981426	0.391666666666667			FALSE	FALSE	
sugarcane	SoffiXsponR570.04Fg114300	ARF	TFF	FALSE	188	22.87008	0.575264535214473	0.1447	0.6003	FALSE	TRUE	
sugarcane	SoffiXsponR570.04Fg118800	AP2-EREBP	TFF	FALSE	1	0.082306				FALSE	FALSE	
sugarcane	SoffiXsponR570.04Fg122100	PAS	TFF	FALSE	8151	1968.138489	0.764490216488925	-0.1369	0.6285	FALSE	TRUE	
sugarcane	SoffiXsponR570.04Fg123100	MED26	OTR	FALSE	392	26.414147	0.966125580667049	0.0637	0.87	FALSE	TRUE	
sugarcane	SoffiXsponR570.04Fg134400	SBP	TFF	FALSE	1132	139.534162	0.61199163940726	0.0939	0.7788	FALSE	TRUE	
sugarcane	SoffiXsponR570.04Fg134600	MYB-related	TFF	TRUE	4	0.719975	0.833333333333333	-0.0333	0.9385	FALSE	TRUE	
sugarcane	SoffiXsponR570.04Fg146800	bZIP	TFF	FALSE	861	104.036788	0.653501877211463	0.2374	0.3156	FALSE	TRUE	
sugarcane	SoffiXsponR570.04Fg147000	bZIP	TFF	FALSE	232	24.172306	0.471600238841618			FALSE	FALSE	
sugarcane	SoffiXsponR570.04Fg153900	NAC	TFF	FALSE	1	0.021391				FALSE	FALSE	
sugarcane	SoffiXsponR570.04Fg155700	HMG	OTR	FALSE	186	21.261326	0.411043301365882	-0.397	0.03583	FALSE	TRUE	
sugarcane	SoffiXsponR570.04Fg156400	MYB-related	TFF	TRUE	347	72.322791	0.47263913644617	0.3042	0.1502	FALSE	TRUE	
sugarcane	SoffiXsponR570.04Fg160400	zf-C5HC2	TFF	FALSE	19	2.023902	0.450292397660819	0.1833	0.489	FALSE	TRUE	
sugarcane	SoffiXsponR570.04Gg000500	TRAF	OTR	FALSE	34	5.469775	0.452762923351159	-0.4945	0.004462	FALSE	TRUE	
sugarcane	SoffiXsponR570.04Gg002800	NAC	TFF	FALSE	10	2.460845	0.0666666666666667			FALSE	FALSE	
sugarcane	SoffiXsponR570.04Gg004400	MYB-related	TFF	TRUE	59	6.468094	0.255406195207481	-0.4725	0.007528	FALSE	TRUE	
sugarcane	SoffiXsponR570.04Gg008100	MYB	TFF	TRUE	5	0.631421	0.7			FALSE	FALSE	
sugarcane	SoffiXsponR570.04Gg018300	AP2-EREBP	TFF	FALSE	71	12.716288	0.229376257545272	0.2105	0.4027	FALSE	TRUE	
sugarcane	SoffiXsponR570.04Gg019200	GRAS	TFF	FALSE	29	3.055958	0.608374384236453			FALSE	FALSE	
sugarcane	SoffiXsponR570.04Gg023500	BBR/BPC	TFF	FALSE	48	4.829265	0.414893617021277	-0.4795	0.006384	FALSE	TRUE	
sugarcane	SoffiXsponR570.04Gg024800	NAC	TFF	FALSE	20	1.512901	0.721052631578947	-0.1156	0.7061	FALSE	TRUE	
sugarcane	SoffiXsponR570.04Gg038200	Top	TFF	FALSE	166	22.985858	0.344797371303395	0.2346	0.3239	FALSE	TRUE	
sugarcane	SoffiXsponR570.04Gg039600	PBF-2-like	TFF	FALSE	36	6.105368	0.392063492063492	-0.1582	0.5803	FALSE	TRUE	
sugarcane	SoffiXsponR570.04Gg052200	TRAF	OTR	FALSE	86	34.115383	0.387414500683995			FALSE	FALSE	
sugarcane	SoffiXsponR570.04Gg057200	bHLH	TFF	FALSE	1	0.019905				FALSE	FALSE	
sugarcane	SoffiXsponR570.04Gg057900	C2H2	TFF	FALSE	35	3.418059	0.539495798319328	-0.2786	0.2051	FALSE	TRUE	
sugarcane	SoffiXsponR570.04Gg058000	AP2-EREBP	TFF	FALSE	32	3.472251	0.391129032258065			FALSE	FALSE	
sugarcane	SoffiXsponR570.04Gg063100	ARF	TFF	FALSE	793	104.212081	0.686534321780223	0.0561	0.8899	FALSE	TRUE	
sugarcane	SoffiXsponR570.04Gg067900	MYB	TFF	TRUE	5	0.243642	0.5			FALSE	FALSE	
sugarcane	SoffiXsponR570.04Gg072200	bZIP	TFF	FALSE	1	0.080325				FALSE	FALSE	
sugarcane	SoffiXsponR570.04Gg074300	bZIP	TFF	FALSE	7	0.646468	0.142857142857143			FALSE	FALSE	
sugarcane	SoffiXsponR570.04Gg076900	MADS	TFF	FALSE	88	11.02069	0.364681295715779	-0.0857	0.8065	FALSE	TRUE	
sugarcane	SoffiXsponR570.04Gg080400	AP2-EREBP	TFF	FALSE	4	0.183622	0	0.2667	0.2345	FALSE	TRUE	
sugarcane	SoffiXsponR570.04Gg080800	MADS	TFF	FALSE	87	23.183877	0.0438385458433574			FALSE	FALSE	
sugarcane	SoffiXsponR570.04Gg081900	mTERF	OTR	FALSE	10	0.465988	0.377777777777778	0.2636	0.2423	FALSE	TRUE	
sugarcane	SoffiXsponR570.04Gg082500	bHLH	TFF	FALSE	1280	283.644982	0.653756596950743	0.1116	0.7201	FALSE	TRUE	
sugarcane	SoffiXsponR570.04Gg086300	G2-like	TFF	FALSE	628	131.513267	0.405657310618759			FALSE	FALSE	
sugarcane	SoffiXsponR570.04Gg087500	LIM	TFF	FALSE	22	1.653247	0.536796536796537	0.05	0.9038	FALSE	TRUE	
sugarcane	SoffiXsponR570.04Gg093400	zf-fF-X1	TFF	FALSE	9	0.803157	0.222222222222222			FALSE	FALSE	
sugarcane	SoffiXsponR570.04Gg095600	MYB	TFF	TRUE	4	0.386178	0.166666666666667			FALSE	FALSE	
sugarcane	SoffiXsponR570.04Gg096800	C2C2-CO-like	TFF	FALSE	4	0.660545	0.333333333333333	0.229	0.3414	FALSE	TRUE	
sugarcane	SoffiXsponR570.04Gg099000	zf-C5HC2	TFF	FALSE	4	0.252461	0.666666666666667	0.1385	0.6223	FALSE	TRUE	
sugarcane	SoffiXsponR570.04Gg103300	FHA	TFF	FALSE	8	1.176973	0.0714285714285714	-0.3178	0.1258	FALSE	TRUE	
sugarcane	SoffiXsponR570.04Gg104400	MYB-related	TFF	TRUE	23	2.238724	0.494071146245059	-0.5172	0.002509	FALSE	TRUE	
sugarcane	SoffiXsponR570.04Gg105200	PLATZ	TFF	FALSE	23	3.893842	0.363636363636364	0.0426	0.9199	FALSE	TRUE	
sugarcane	SoffiXsponR570.04Gg105900	MADS	TFF	FALSE	5	2.510885	0.2			FALSE	FALSE	
sugarcane	SoffiXsponR570.04Gg107000	TRAF	OTR	FALSE	32	2.252456	0.641129032258065			FALSE	FALSE	
sugarcane	SoffiXsponR570.04Gg107100	TRAF	OTR	FALSE	209	21.295703	0.594543614280457			FALSE	FALSE	
sugarcane	SoffiXsponR570.04Gg107700	TRAF	OTR	FALSE	2	0.152726	1			FALSE	FALSE	
sugarcane	SoffiXsponR570.04Gg109800	MYB-related	TFF	TRUE	10852	3266.127724	0.748598472021396	-0.0281	0.9497	FALSE	TRUE	
sugarcane	SoffiXsponR570.04Gg114100	TRAF	OTR	FALSE	10290	2979.42003	0.792853662298542	-0.0957	0.7729	FALSE	TRUE	
sugarcane	SoffiXsponR570.04Gg114300	NAC	TFF	FALSE	5	0.603192	0.4			FALSE	FALSE	
sugarcane	SoffiXsponR570.04Gg115700	ARF	TFF	FALSE	322	49.915413	0.501770476577466	0.0242	0.957	FALSE	TRUE	
sugarcane	SoffiXsponR570.05Ag001600	TRAF	OTR	FALSE	11317	3636.861796	0.722583132643318			FALSE	FALSE	
sugarcane	SoffiXsponR570.05Ag001800	C2H2	TFF	FALSE	116	28.829485	0.0892053973013493			FALSE	FALSE	
sugarcane	SoffiXsponR570.05Ag009100	zf-C5HC2	TFF	FALSE	1451	171.821941	0.753090139974809			FALSE	FALSE	
sugarcane	SoffiXsponR570.05Ag012000	MADS	TFF	FALSE	5	3.14084	0.8			FALSE	FALSE	
sugarcane	SoffiXsponR570.05Ag033500	HB	TFF	FALSE	26	4.97971	0.544615384615385			FALSE	FALSE	
sugarcane	SoffiXsponR570.05Ag037500	mTERF	OTR	FALSE	352	48.188859	0.59704415954416	-0.0964	0.7704	FALSE	TRUE	
sugarcane	SoffiXsponR570.05Ag038100	NAC	TFF	FALSE	8	1.353777	0.214285714285714			FALSE	FALSE	
sugarcane	SoffiXsponR570.05Ag038500	MYB	TFF	TRUE	41	3.990145	0.559756097560976	-0.4214	0.02241	FALSE	TRUE	
sugarcane	SoffiXsponR570.05Ag039400	FAR1	TFF	FALSE	17	1.632466	0.507352941176471	0.216	0.3839	FALSE	TRUE	
sugarcane	SoffiXsponR570.05Ag040100	bHLH	TFF	FALSE	108	15.826988	0.350813430252683			FALSE	FALSE	
sugarcane	SoffiXsponR570.05Ag045100	TCP	TFF	FALSE	364	36.198569	0.903399630672358			FALSE	FALSE	
sugarcane	SoffiXsponR570.05Ag046900	Tify	TFF	FALSE	1	0.11004				FALSE	FALSE	
sugarcane	SoffiXsponR570.05Ag053400	Tify	TFF	FALSE	5	0.477399	0.3			FALSE	FALSE	
sugarcane	SoffiXsponR570.05Ag056300	TRAF	OTR	FALSE	10561	3215.34065	0.700058229535197	-0.1265	0.6668	FALSE	TRUE	
sugarcane	SoffiXsponR570.05Ag057000	zf-A20	TFF	FALSE	92	35.109915	0.314859053989489			FALSE	FALSE	
sugarcane	SoffiXsponR570.05Ag057100	zf-A20	TFF	FALSE	22	3.03994	0.294372294372294	-0.4952	0.004382	FALSE	TRUE	
sugarcane	SoffiXsponR570.05Ag059400	PHD	OTR	FALSE	21	2.251411	0.70952380952381	0.2769	0.2094	FALSE	TRUE	
sugarcane	SoffiXsponR570.05Ag060900	CPP	TFF	FALSE	40	4.211426	0.466666666666667			FALSE	FALSE	
sugarcane	SoffiXsponR570.05Ag062700	HSF	TFF	FALSE	5	0.278309	0.4			FALSE	FALSE	
sugarcane	SoffiXsponR570.05Ag065500	bZIP	TFF	FALSE	127	35.867009	0.12623422072241			FALSE	FALSE	
sugarcane	SoffiXsponR570.05Ag067500	SAP	TFF	FALSE	2877	313.509155	0.915847619821103	-0.2447	0.2941	FALSE	TRUE	
sugarcane	SoffiXsponR570.05Ag070300	PHD	OTR	FALSE	1843	196.304622	0.843523311788656	-0.3625	0.06495	FALSE	TRUE	
sugarcane	SoffiXsponR570.05Ag075600	DDT	OTR	FALSE	139	10.24998	0.901053070587009			FALSE	FALSE	
sugarcane	SoffiXsponR570.05Ag079100	AP2-EREBP	TFF	FALSE	26	6.514977	0.126153846153846			FALSE	FALSE	
sugarcane	SoffiXsponR570.05Ag083800	bZIP	TFF	FALSE	73	4.47952	0.947108066971081			FALSE	FALSE	
sugarcane	SoffiXsponR570.05Ag084300	FHA	TFF	FALSE	379	27.860025	0.922631263000656	0.1824	0.4921	FALSE	TRUE	
sugarcane	SoffiXsponR570.05Ag084400	bHLH	TFF	FALSE	11	0.881596	0.381818181818182			FALSE	FALSE	
sugarcane	SoffiXsponR570.05Ag087100	SET	OTR	FALSE	7768	1678.996333	0.853820071370637	-0.0177	0.9712	FALSE	TRUE	
sugarcane	SoffiXsponR570.05Ag091400	Alfin-like	TFF	FALSE	120	14.141316	0.401820728291317			FALSE	FALSE	
sugarcane	SoffiXsponR570.05Ag114200	BBR/BPC	TFF	FALSE	723	60.094217	0.885940008352394			FALSE	FALSE	
sugarcane	SoffiXsponR570.05Ag119000	TRAF	OTR	FALSE	287	100.082651	0.713481640310909			FALSE	FALSE	
sugarcane	SoffiXsponR570.05Ag120400	MYB-related	TFF	TRUE	4346	682.442846	0.770564470219034			FALSE	FALSE	
sugarcane	SoffiXsponR570.05Ag126200	WRKY	TFF	FALSE	71	8.1194	0.510663983903421	-0.0551	0.8925	FALSE	TRUE	
sugarcane	SoffiXsponR570.05Ag132700	BES1	TFF	FALSE	1	0.033772				FALSE	FALSE	
sugarcane	SoffiXsponR570.05Ag137800	MYB	TFF	TRUE	1	0.296748				FALSE	FALSE	
sugarcane	SoffiXsponR570.05Ag138200	ABI3VP1	TFF	FALSE	194	65.992851	0.265584103413279	0.1459	0.596	FALSE	TRUE	
sugarcane	SoffiXsponR570.05Ag145900	bZIP	TFF	FALSE	4114	561.182196	0.817949206193862			FALSE	FALSE	
sugarcane	SoffiXsponR570.05Ag153600	bZIP	TFF	FALSE	2	0.414712	1			FALSE	FALSE	
sugarcane	SoffiXsponR570.05Ag155100	SET	OTR	FALSE	8053	1800.045598	0.883324545921521			FALSE	FALSE	
sugarcane	SoffiXsponR570.05Ag156200	AP2-EREBP	TFF	FALSE	408	148.071266	0.288685744568098			FALSE	FALSE	
sugarcane	SoffiXsponR570.05Ag163400	Jumonji	OTR	FALSE	25	1.743667	0.52			FALSE	FALSE	
sugarcane	SoffiXsponR570.05Ag166100	MYB	TFF	TRUE	12	4.811976	0.424242424242424			FALSE	FALSE	
sugarcane	SoffiXsponR570.05Ag166200	MYB	TFF	TRUE	65	26.168624	0.674519230769231			FALSE	FALSE	
sugarcane	SoffiXsponR570.05Ag166300	Tify	TFF	FALSE	12	3.448559	0.621212121212121	0.446	0.01353	FALSE	TRUE	
sugarcane	SoffiXsponR570.05Ag169300	SET	OTR	FALSE	1	0.325968				FALSE	FALSE	
sugarcane	SoffiXsponR570.05Ag170200	NAC	TFF	FALSE	53	15.117024	0.109579100145138	-0.1459	0.596	FALSE	TRUE	
sugarcane	SoffiXsponR570.05Ag170800	MYB	TFF	TRUE	1	0.08082				FALSE	FALSE	
sugarcane	SoffiXsponR570.05Ag172600	WRKY	TFF	FALSE	8	1.901026	0.392857142857143			FALSE	FALSE	
sugarcane	SoffiXsponR570.05Ag172700	WRKY	TFF	FALSE	21	2.18901	0.314285714285714			FALSE	FALSE	
sugarcane	SoffiXsponR570.05Ag176100	AP2-EREBP	TFF	FALSE	325	61.097894	0.712060778727445			FALSE	FALSE	
sugarcane	SoffiXsponR570.05Ag179800	CCAAT	TFF	FALSE	1487	161.15971	0.789502742928621	-0.1067	0.7367	FALSE	TRUE	
sugarcane	SoffiXsponR570.05Ag181000	ARID	OTR	FALSE	41	3.115538	0.653658536585366	0.1777	0.5086	FALSE	TRUE	
sugarcane	SoffiXsponR570.05Ag181200	AP2-EREBP	TFF	FALSE	6	1.195108	0.4			FALSE	FALSE	
sugarcane	SoffiXsponR570.05Ag183000	Tify	TFF	FALSE	156	21.217864	0.476344086021505			FALSE	FALSE	
sugarcane	SoffiXsponR570.05Ag189900	GeBP	TFF	FALSE	38	1.679035	0.849217638691323	0.0295	0.9467	FALSE	TRUE	
sugarcane	SoffiXsponR570.05Ag192000	NAC	TFF	FALSE	17	3.327699	0.0441176470588235	0.1459	0.596	FALSE	TRUE	
sugarcane	SoffiXsponR570.05Ag192100	HSF	TFF	FALSE	66	16.253862	0.112820512820513			FALSE	FALSE	
sugarcane	SoffiXsponR570.05Ag193100	bZIP	TFF	FALSE	76	10.803127	0.236140350877193	-0.8437	2.424e-11	TRUE	TRUE	ortholog_not_correlated
sugarcane	SoffiXsponR570.05Ag193300	HSF	TFF	FALSE	3	0.778814	0.333333333333333	-0.0224	0.9612	FALSE	TRUE	
sugarcane	SoffiXsponR570.05Ag193800	AP2-EREBP	TFF	FALSE	1	0.01				FALSE	FALSE	
sugarcane	SoffiXsponR570.05Ag197700	bHLH	TFF	FALSE	24	11.967959	0.492753623188406			FALSE	FALSE	
sugarcane	SoffiXsponR570.05Ag200100	bHLH	TFF	FALSE	12	4.234517	0.333333333333333			FALSE	FALSE	
sugarcane	SoffiXsponR570.05Ag203400	bHLH	TFF	FALSE	2	0.043772	0	0.1072	0.735	FALSE	TRUE	
sugarcane	SoffiXsponR570.05Ag209200	WRKY	TFF	FALSE	7	0.91093	0.523809523809524	-0.3078	0.1436	FALSE	TRUE	
sugarcane	SoffiXsponR570.05Ag211900	C2H2	TFF	FALSE	45	5.540155	0.71010101010101			FALSE	FALSE	
sugarcane	SoffiXsponR570.05Ag212300	zf-A20	TFF	FALSE	10	1.522846	0.533333333333333			FALSE	FALSE	
sugarcane	SoffiXsponR570.05Ag213700	bZIP	TFF	FALSE	1	0.017924				FALSE	FALSE	
sugarcane	SoffiXsponR570.05Ag214800	MYB-related	TFF	TRUE	276	17.726878	0.962055335968379	-0.1301	0.6539	FALSE	TRUE	
sugarcane	SoffiXsponR570.05Ag215500	C3H	TFF	FALSE	18	2.500235	0.392156862745098	-0.2183	0.3766	FALSE	TRUE	
sugarcane	SoffiXsponR570.05Ag217700	NAC	TFF	FALSE	4	0.46938	0.166666666666667	-0.0561	0.8899	FALSE	TRUE	
sugarcane	SoffiXsponR570.05Ag219800	bHLH	TFF	FALSE	5	0.669555	0.1	0.6236	7.709e-05	TRUE	TRUE	ortholog_not_correlated
sugarcane	SoffiXsponR570.05Ag224600	NAC	TFF	FALSE	74	13.048884	0.281377267678638	-0.2758	0.2118	FALSE	TRUE	
sugarcane	SoffiXsponR570.05Ag225300	bHLH	TFF	FALSE	2	0.075468	0			FALSE	FALSE	
sugarcane	SoffiXsponR570.05Ag225500	AP2-EREBP	TFF	FALSE	2	0.48999	1			FALSE	FALSE	
sugarcane	SoffiXsponR570.05Ag230300	bZIP	TFF	FALSE	22	1.882546	0.528138528138528	-0.2476	0.2861	FALSE	TRUE	
sugarcane	SoffiXsponR570.05Ag233000	bHLH	TFF	FALSE	1083	305.964402	0.48059661752884			FALSE	FALSE	
sugarcane	SoffiXsponR570.05Ag233100	bHLH	TFF	FALSE	124	15.515018	0.802779963283504	0.3475	0.08213	FALSE	TRUE	
sugarcane	SoffiXsponR570.05Ag233600	bZIP	TFF	FALSE	7	2.592791	0.333333333333333			FALSE	FALSE	
sugarcane	SoffiXsponR570.05Ag234700	TCP	TFF	FALSE	10	4.527019	0.511111111111111			FALSE	FALSE	
sugarcane	SoffiXsponR570.05Ag235300	AP2-EREBP	TFF	FALSE	2	0.5202	0			FALSE	FALSE	
sugarcane	SoffiXsponR570.05Ag235400	AP2-EREBP	TFF	FALSE	50	11.686158	0.0751020408163265			FALSE	FALSE	
sugarcane	SoffiXsponR570.05Ag235500	AP2-EREBP	TFF	FALSE	22	4.39048	0.337662337662338			FALSE	FALSE	
sugarcane	SoffiXsponR570.05Ag235700	AP2-EREBP	TFF	FALSE	196	111.146253	0.278074306645735			FALSE	FALSE	
sugarcane	SoffiXsponR570.05Ag235900	AP2-EREBP	TFF	FALSE	1	0.115488				FALSE	FALSE	
sugarcane	SoffiXsponR570.05Ag237400	HSF	TFF	FALSE	165	25.375828	0.563045084996305	0.3556	0.07237	FALSE	TRUE	
sugarcane	SoffiXsponR570.05Ag240900	SRS	TFF	FALSE	35	8.742466	0.0588235294117647			FALSE	FALSE	
sugarcane	SoffiXsponR570.05Ag241500	Pseudo_ARR-B	OTR	FALSE	23	3.837384	0.58102766798419	-0.3513	0.07755	FALSE	TRUE	
sugarcane	SoffiXsponR570.05Ag241900	MYB	TFF	TRUE	203	18.526698	0.779251816807296	-0.0096	0.9848	FALSE	TRUE	
sugarcane	SoffiXsponR570.05Ag244700	MYB	TFF	TRUE	3	0.472256	0.666666666666667			FALSE	FALSE	
sugarcane	SoffiXsponR570.05Ag253700	RWP-RK	TFF	FALSE	8	0.801081	0.428571428571429			FALSE	FALSE	
sugarcane	SoffiXsponR570.05Ag255300	HMG	OTR	FALSE	1	0.432446				FALSE	FALSE	
sugarcane	SoffiXsponR570.05Ag255900	NAC	TFF	FALSE	3	0.336558	0			FALSE	FALSE	
sugarcane	SoffiXsponR570.05Ag257600	C2H2	TFF	FALSE	269	33.93022	0.418659490650835			FALSE	FALSE	
sugarcane	SoffiXsponR570.05Ag259900	NAC	TFF	FALSE	116	28.829485	0.0892053973013493			FALSE	FALSE	
sugarcane	SoffiXsponR570.05Ag263300	GRF	TFF	FALSE	28	2.22038	0.957671957671958			FALSE	FALSE	
sugarcane	SoffiXsponR570.05Ag264400	SET	OTR	FALSE	13	1.679135	0.230769230769231			FALSE	FALSE	
sugarcane	SoffiXsponR570.05Ag271400	CAMTA	TFF	FALSE	108	13.212081	0.637590861889927	-0.2537	0.2696	FALSE	TRUE	
sugarcane	SoffiXsponR570.05Ag273700	PHD	OTR	FALSE	5658	964.000925	0.834396809278482	0.1259	0.6692	FALSE	TRUE	
sugarcane	SoffiXsponR570.05Ag277800	SBP	TFF	FALSE	1	0.030305				FALSE	FALSE	
sugarcane	SoffiXsponR570.05Ag277900	SBP	TFF	FALSE	6	0.448274	0.266666666666667			FALSE	FALSE	
sugarcane	SoffiXsponR570.05Ag279300	C2C2-Dof	TFF	FALSE	23	2.180285	0.391304347826087	0.4577	0.0105	FALSE	TRUE	
sugarcane	SoffiXsponR570.05Ag282000	GRAS	TFF	FALSE	1	0.106573				FALSE	FALSE	
sugarcane	SoffiXsponR570.05Ag293100	bHLH	TFF	FALSE	3496	497.562386	0.745283062105722	-0.2876	0.1849	FALSE	TRUE	
sugarcane	SoffiXsponR570.05Ag293700	CCAAT	TFF	FALSE	1	0.096668				FALSE	FALSE	
sugarcane	SoffiXsponR570.05Ag293900	CCAAT	TFF	FALSE	87	10.745733	0.438118150227212	-0.4997	0.003929	FALSE	TRUE	
sugarcane	SoffiXsponR570.05Ag305000	ABI3VP1	TFF	FALSE	1	0.119945				FALSE	FALSE	
sugarcane	SoffiXsponR570.05Ag307100	NAC	TFF	FALSE	16	3.076513	0.00833333333333333			FALSE	FALSE	
sugarcane	SoffiXsponR570.05Ag307400	NAC	TFF	FALSE	6	1.338729	0.133333333333333			FALSE	FALSE	
sugarcane	SoffiXsponR570.05Ag311300	C2C2-YABBY	TFF	FALSE	408	148.071266	0.288685744568098			FALSE	FALSE	
sugarcane	SoffiXsponR570.05Ag313900	AP2-EREBP	TFF	FALSE	127	63.39931	0.411948506436695			FALSE	FALSE	
sugarcane	SoffiXsponR570.05Ag318800	mTERF	OTR	FALSE	66	22.535583	0.224242424242424			FALSE	FALSE	
sugarcane	SoffiXsponR570.05Ag321900	HRT	TFF	FALSE	53	15.117024	0.109579100145138	-0.1459	0.596	FALSE	TRUE	
sugarcane	SoffiXsponR570.05Ag333400	MADS	TFF	FALSE	18	1.638504	0.450980392156863			FALSE	FALSE	
sugarcane	SoffiXsponR570.05Ag337900	Tify	TFF	FALSE	2	0.098744	0			FALSE	FALSE	
sugarcane	SoffiXsponR570.05Ag339000	AP2-EREBP	TFF	FALSE	16	5.733517	0.825			FALSE	FALSE	
sugarcane	SoffiXsponR570.05Ag344000	CAMTA;TIG	TFF	FALSE	21	6.156933	0.180952380952381	0.1459	0.596	FALSE	TRUE	
sugarcane	SoffiXsponR570.05Ag348000	MYB	TFF	TRUE	88	8.203227	0.626175548589342			FALSE	FALSE	
sugarcane	SoffiXsponR570.05Ag348600	MYB	TFF	TRUE	1	0.224442				FALSE	FALSE	
sugarcane	SoffiXsponR570.05Ag355700	HSF	TFF	FALSE	127	35.867009	0.12623422072241			FALSE	FALSE	
sugarcane	SoffiXsponR570.05Ag357500	MED26	OTR	FALSE	611	86.47928	0.403423573287543	0.5824	0.0003589	FALSE	TRUE	
sugarcane	SoffiXsponR570.05Ag357900	SWI/SNF-BAF60b	OTR	FALSE	4032	521.671471	0.9389132782444	-0.1869	0.4769	FALSE	TRUE	
sugarcane	SoffiXsponR570.05Ag358900	bZIP	TFF	FALSE	87	8.524052	0.596097300187116	0.2587	0.2558	FALSE	TRUE	
sugarcane	SoffiXsponR570.05Ag362200	TRAF	OTR	FALSE	7440	1562.892486	0.851063271598246	0.1971	0.4424	FALSE	TRUE	
sugarcane	SoffiXsponR570.05Ag377500	bZIP	TFF	FALSE	3	0.076553	0.333333333333333			FALSE	FALSE	
sugarcane	SoffiXsponR570.05Ag377600	ABI3VP1	TFF	FALSE	14	3.179335	0.54945054945055	-0.2495	0.281	FALSE	TRUE	
sugarcane	SoffiXsponR570.05Ag377900	WRKY	TFF	FALSE	7	0.262156	0.571428571428571			FALSE	FALSE	
sugarcane	SoffiXsponR570.05Ag379100	NAC	TFF	FALSE	20	1.761021	0.363157894736842	-0.2212	0.3665	FALSE	TRUE	
sugarcane	SoffiXsponR570.05Ag380900	C2C2-Dof	TFF	FALSE	9	1.717879	0.25			FALSE	FALSE	
sugarcane	SoffiXsponR570.05Ag381000	MYB-related	TFF	TRUE	2	0.435513	0			FALSE	FALSE	
sugarcane	SoffiXsponR570.05Ag381600	EIL	TFF	FALSE	200	21.038804	0.602311557788945	0.2049	0.4192	FALSE	TRUE	
sugarcane	SoffiXsponR570.05Ag381700	EIL	TFF	FALSE	9	0.591686	0.416666666666667			FALSE	FALSE	
sugarcane	SoffiXsponR570.05Ag385000	bZIP	TFF	FALSE	5604	930.16097	0.889286648340092			FALSE	FALSE	
sugarcane	SoffiXsponR570.05Bg001700	TRAF	OTR	FALSE	7929	1738.31011	0.858802434166294	-0.1892	0.4685	FALSE	TRUE	
sugarcane	SoffiXsponR570.05Bg013200	GNAT	OTR	FALSE	1	0.085278				FALSE	FALSE	
sugarcane	SoffiXsponR570.05Bg021500	FAR1	TFF	FALSE	321	57.069665	0.310183021806854			FALSE	FALSE	
sugarcane	SoffiXsponR570.05Bg026100	HB	TFF	FALSE	90	24.324717	0.125842696629213	0.1459	0.596	FALSE	TRUE	
sugarcane	SoffiXsponR570.05Bg036200	TCP	TFF	FALSE	5	2.256823	0.3			FALSE	FALSE	
sugarcane	SoffiXsponR570.05Bg040500	CCAAT	TFF	FALSE	57	11.427314	0.174185463659148			FALSE	FALSE	
sugarcane	SoffiXsponR570.05Bg041200	C2C2-YABBY	TFF	FALSE	1	0.056553				FALSE	FALSE	
sugarcane	SoffiXsponR570.05Bg046900	TRAF	OTR	FALSE	12161	4072.796573	0.662858498803336	-0.0225	0.961	FALSE	TRUE	
sugarcane	SoffiXsponR570.05Bg047500	zf-A20	TFF	FALSE	10	1.19945	0.177777777777778	-0.6204	8.741e-05	TRUE	TRUE	ortholog_not_correlated
sugarcane	SoffiXsponR570.05Bg049500	PHD	OTR	FALSE	3917	503.217024	0.899881295826083	0.0546	0.8931	FALSE	TRUE	
sugarcane	SoffiXsponR570.05Bg051300	CPP	TFF	FALSE	2058	182.923657	0.962401961965424	0.192	0.4593	FALSE	TRUE	
sugarcane	SoffiXsponR570.05Bg055500	bHLH	TFF	FALSE	2	0.191356	0			FALSE	FALSE	
sugarcane	SoffiXsponR570.05Bg056800	AUX/IAA	OTR	FALSE	62	6.906673	0.40560549973559	0.3677	0.05949	FALSE	TRUE	
sugarcane	SoffiXsponR570.05Bg057900	SAP	TFF	FALSE	6998	1437.46071	0.825928786774784	-0.1035	0.7469	FALSE	TRUE	
sugarcane	SoffiXsponR570.05Bg060400	PHD	OTR	FALSE	8	0.567324	0.464285714285714	-0.1788	0.5053	FALSE	TRUE	
sugarcane	SoffiXsponR570.05Bg063200	FHA	TFF	FALSE	4449	610.485233	0.938814255406194	-0.065	0.8661	FALSE	TRUE	
sugarcane	SoffiXsponR570.05Bg065500	DDT	OTR	FALSE	10684	3239.588274	0.761426400156471			FALSE	FALSE	
sugarcane	SoffiXsponR570.05Bg069000	AP2-EREBP	TFF	FALSE	12	3.39012	0.393939393939394			FALSE	FALSE	
sugarcane	SoffiXsponR570.05Bg075300	NAC	TFF	FALSE	40	6.552461	0.358974358974359			FALSE	FALSE	
sugarcane	SoffiXsponR570.05Bg075500	MADS	TFF	FALSE	92	35.109915	0.314859053989489			FALSE	FALSE	
sugarcane	SoffiXsponR570.05Bg075800	AP2-EREBP	TFF	FALSE	6	0.936093	0.333333333333333			FALSE	FALSE	
sugarcane	SoffiXsponR570.05Bg078500	Alfin-like;PHD	OTR;TFF	FALSE	36	3.848524	0.3	-0.5813	0.0003725	FALSE	TRUE	
sugarcane	SoffiXsponR570.05Bg078700	AP2-EREBP	TFF	FALSE	56	4.533867	0.893506493506494	0.1912	0.4619	FALSE	TRUE	
sugarcane	SoffiXsponR570.05Bg089500	TRAF	OTR	FALSE	95	3.014687	0.000223964165733483	-0.3818	0.0468	FALSE	TRUE	
sugarcane	SoffiXsponR570.05Bg092800	GNAT	OTR	FALSE	309	43.578969	0.557937208422645			FALSE	FALSE	
sugarcane	SoffiXsponR570.05Bg108300	MYB-related	TFF	TRUE	73	9.963892	0.388888888888889	-0.2549	0.2664	FALSE	TRUE	
sugarcane	SoffiXsponR570.05Bg113100	WRKY	TFF	FALSE	5	0.334767	0.5			FALSE	FALSE	
sugarcane	SoffiXsponR570.05Bg121900	AP2-EREBP	TFF	FALSE	7	0.704907	0.714285714285714			FALSE	FALSE	
sugarcane	SoffiXsponR570.05Bg123800	MYB	TFF	TRUE	6	0.283357	0.8			FALSE	FALSE	
sugarcane	SoffiXsponR570.05Bg129500	MYB-related	TFF	TRUE	2	0.123507	1			FALSE	FALSE	
sugarcane	SoffiXsponR570.05Bg129600	MYB-related	TFF	TRUE	66	16.253862	0.112820512820513	0.1459	0.596	FALSE	TRUE	
sugarcane	SoffiXsponR570.05Bg130200	bZIP	TFF	FALSE	11	4.084362	0.309090909090909			FALSE	FALSE	
sugarcane	SoffiXsponR570.05Bg132600	AP2-EREBP	TFF	FALSE	11	1.232231	0.527272727272727			FALSE	FALSE	
sugarcane	SoffiXsponR570.05Bg139700	WRKY	TFF	FALSE	10	2.460845	0.0666666666666667			FALSE	FALSE	
sugarcane	SoffiXsponR570.05Bg140100	WRKY	TFF	FALSE	2	0.234442	0	0.103	0.7486	FALSE	TRUE	
sugarcane	SoffiXsponR570.05Bg140300	WRKY	TFF	FALSE	170	39.278399	0.264740689175078			FALSE	FALSE	
sugarcane	SoffiXsponR570.05Bg144000	GNAT	OTR	FALSE	61	8.682041	0.639890710382514	-0.1795	0.5026	FALSE	TRUE	
sugarcane	SoffiXsponR570.05Bg149400	AP2-EREBP	TFF	FALSE	3	0.828834	0	0.0718	0.8478	FALSE	TRUE	
sugarcane	SoffiXsponR570.05Bg151900	zf-BED	TFF	FALSE	2	1.063487	1			FALSE	FALSE	
sugarcane	SoffiXsponR570.05Bg153900	Jumonji	OTR	FALSE	136	18.59957	0.585185185185185			FALSE	FALSE	
sugarcane	SoffiXsponR570.05Bg156600	MYB	TFF	TRUE	31	9.746943	0.552688172043011			FALSE	FALSE	
sugarcane	SoffiXsponR570.05Bg156700	Tify	TFF	FALSE	54	5.991686	0.322152341020266	0.4873	0.005315	FALSE	TRUE	
sugarcane	SoffiXsponR570.05Bg159600	SET	OTR	FALSE	3840	539.184492	0.783429115655119	0.2439	0.2963	FALSE	TRUE	
sugarcane	SoffiXsponR570.05Bg161500	MYB	TFF	TRUE	577	68.164762	0.579987483150395			FALSE	FALSE	
sugarcane	SoffiXsponR570.05Bg161700	zf-HD	TFF	FALSE	9048	2314.216118	0.82987032939389	-0.0164	0.9732	FALSE	TRUE	
sugarcane	SoffiXsponR570.05Bg163000	WRKY	TFF	FALSE	37	9.261181	0.405405405405405	0.6675	1.118e-05	TRUE	TRUE	ortholog_not_correlated
sugarcane	SoffiXsponR570.05Bg166000	AP2-EREBP	TFF	FALSE	193	26.258544	0.944030656303972			FALSE	FALSE	
sugarcane	SoffiXsponR570.05Bg168800	MYB	TFF	TRUE	408	148.071266	0.288685744568098			FALSE	FALSE	
sugarcane	SoffiXsponR570.05Bg172000	Tify	TFF	FALSE	69	7.583352	0.379369138959932	0.1107	0.7233	FALSE	TRUE	
sugarcane	SoffiXsponR570.05Bg177300	bZIP	TFF	FALSE	9073	2212.194512	0.741905067091518	-0.1954	0.4479	FALSE	TRUE	
sugarcane	SoffiXsponR570.05Bg177900	HSF	TFF	FALSE	26	6.514977	0.126153846153846			FALSE	FALSE	
sugarcane	SoffiXsponR570.05Bg180300	GeBP	TFF	FALSE	8271	1868.358984	0.864443722234576	0.1431	0.6061	FALSE	TRUE	
sugarcane	SoffiXsponR570.05Bg181500	PHD	OTR	FALSE	1164	104.144332	0.938001022358931			FALSE	FALSE	
sugarcane	SoffiXsponR570.05Bg182100	HSF	TFF	FALSE	4	0.954722	0.166666666666667	0.0185	0.9697	FALSE	TRUE	
sugarcane	SoffiXsponR570.05Bg182400	AP2-EREBP	TFF	FALSE	33	3.854182	0.284090909090909	0.1497	0.596	FALSE	TRUE	
sugarcane	SoffiXsponR570.05Bg186500	bHLH	TFF	FALSE	7	0.911426	0.476190476190476			FALSE	FALSE	
sugarcane	SoffiXsponR570.05Bg191800	bZIP	TFF	FALSE	9	0.861101	0.305555555555556			FALSE	FALSE	
sugarcane	SoffiXsponR570.05Bg193200	WRKY	TFF	FALSE	223	76.572116	0.0435098775905951	-0.2009	0.43	FALSE	TRUE	
sugarcane	SoffiXsponR570.05Bg196000	C2H2	TFF	FALSE	807	145.891471	0.848170936071164			FALSE	FALSE	
sugarcane	SoffiXsponR570.05Bg196300	zf-A20	TFF	FALSE	2823	325.261201	0.846071037918003	0.2204	0.3698	FALSE	TRUE	
sugarcane	SoffiXsponR570.05Bg197200	GNAT	OTR	FALSE	1	0.034762				FALSE	FALSE	
sugarcane	SoffiXsponR570.05Bg197800	bZIP	TFF	FALSE	9	4.400635	0.583333333333333	0.0161	0.9739	FALSE	TRUE	
sugarcane	SoffiXsponR570.05Bg197900	EIL	TFF	FALSE	10495	3109.782746	0.796203733742724	0.052	0.8989	FALSE	TRUE	
sugarcane	SoffiXsponR570.05Bg198900	SBP	TFF	FALSE	1	0.143222				FALSE	FALSE	
sugarcane	SoffiXsponR570.05Bg199900	MYB-related	TFF	TRUE	8110	1836.450725	0.88688341446436	-0.0526	0.8974	FALSE	TRUE	
sugarcane	SoffiXsponR570.05Bg200500	C3H	TFF	FALSE	7114	1435.464002	0.822099541673173	-0.1461	0.596	FALSE	TRUE	
sugarcane	SoffiXsponR570.05Bg206900	bHLH	TFF	FALSE	6663	1271.783397	0.884390437556627	0.2079	0.4105	FALSE	TRUE	
sugarcane	SoffiXsponR570.05Bg212200	NAC	TFF	FALSE	8	1.28989	0.714285714285714			FALSE	FALSE	
sugarcane	SoffiXsponR570.05Bg221200	bHLH	TFF	FALSE	1862	540.862086	0.483348349379629			FALSE	FALSE	
sugarcane	SoffiXsponR570.05Bg221300	bHLH	TFF	FALSE	760	194.598074	0.666292212745302			FALSE	FALSE	
sugarcane	SoffiXsponR570.05Bg221700	bZIP	TFF	FALSE	21	8.436063	0.547619047619048			FALSE	FALSE	
sugarcane	SoffiXsponR570.05Bg223000	TCP	TFF	FALSE	31	3.032871	0.524731182795699			FALSE	FALSE	
sugarcane	SoffiXsponR570.05Bg223400	AP2-EREBP	TFF	FALSE	2	0.096763	0			FALSE	FALSE	
sugarcane	SoffiXsponR570.05Bg223500	AP2-EREBP	TFF	FALSE	16	3.67081	0.358333333333333	0.1854	0.4816	FALSE	TRUE	
sugarcane	SoffiXsponR570.05Bg223600	AP2-EREBP	TFF	FALSE	1	0.145698				FALSE	FALSE	
sugarcane	SoffiXsponR570.05Bg225400	HSF	TFF	FALSE	114	12.173127	0.44232262071107	0.3758	0.05183	FALSE	TRUE	
sugarcane	SoffiXsponR570.05Bg228400	SRS	TFF	FALSE	1	0.266043				FALSE	FALSE	
sugarcane	SoffiXsponR570.05Bg229000	Pseudo_ARR-B	OTR	FALSE	438	62.227399	0.504257964745097	-0.3101	0.1395	FALSE	TRUE	
sugarcane	SoffiXsponR570.05Bg229400	MYB	TFF	TRUE	781	124.825623	0.581292885518238	0.0299	0.9458	FALSE	TRUE	
sugarcane	SoffiXsponR570.05Bg232200	MYB	TFF	TRUE	1	0.031296				FALSE	FALSE	
sugarcane	SoffiXsponR570.05Bg242200	RWP-RK	TFF	FALSE	205	27.884592	0.326781444285031			FALSE	FALSE	
sugarcane	SoffiXsponR570.05Bg243700	HMG	OTR	FALSE	1	0.094687				FALSE	FALSE	
sugarcane	SoffiXsponR570.05Bg244400	NAC	TFF	FALSE	126	28.554087	0.00152380952380952	-0.2033	0.4232	FALSE	TRUE	
sugarcane	SoffiXsponR570.05Bg244500	NAC	TFF	FALSE	7	1.366063	0			FALSE	FALSE	
sugarcane	SoffiXsponR570.05Bg246400	C2H2	TFF	FALSE	10	0.508579	0.222222222222222			FALSE	FALSE	
sugarcane	SoffiXsponR570.05Bg250500	mTERF	OTR	FALSE	4	0.646183	0.666666666666667	-0.0114	0.9814	FALSE	TRUE	
sugarcane	SoffiXsponR570.05Bg253700	SET	OTR	FALSE	120	29.282521	0.0173669467787115			FALSE	FALSE	
sugarcane	SoffiXsponR570.05Bg263000	MYB	TFF	TRUE	50	11.686158	0.0751020408163265			FALSE	FALSE	
sugarcane	SoffiXsponR570.05Bg283800	bHLH	TFF	FALSE	8074	1859.015243	0.762231717568763	-0.0675	0.8594	FALSE	TRUE	
sugarcane	SoffiXsponR570.05Bg284600	CCAAT	TFF	FALSE	5	1.068229	0.5	-0.5722	0.0005076	FALSE	TRUE	
sugarcane	SoffiXsponR570.05Bg284900	GRAS	TFF	FALSE	33	2.893402	0.429924242424242	-0.3396	0.09233	FALSE	TRUE	
sugarcane	SoffiXsponR570.05Bg291100	zf-BED	TFF	FALSE	309	24.877429	0.938889589375026	-0.0371	0.931	FALSE	TRUE	
sugarcane	SoffiXsponR570.05Bg291400	bHLH	TFF	FALSE	176	13.108104	0.815909090909091			FALSE	FALSE	
sugarcane	SoffiXsponR570.05Bg293000	MYB	TFF	TRUE	1	0.033277				FALSE	FALSE	
sugarcane	SoffiXsponR570.05Bg295400	ABI3VP1	TFF	FALSE	998	110.174537	0.793036423900961	0.3397	0.09215	FALSE	TRUE	
sugarcane	SoffiXsponR570.05Bg298100	NAC	TFF	FALSE	7	1.366063	0			FALSE	FALSE	
sugarcane	SoffiXsponR570.05Bg298300	NAC	TFF	FALSE	7	1.474027	0.0476190476190476			FALSE	FALSE	
sugarcane	SoffiXsponR570.05Bg299000	GRAS	TFF	FALSE	4	0.600125	0.333333333333333	0.001	0.9983	FALSE	TRUE	
sugarcane	SoffiXsponR570.05Bg299900	C3H	TFF	FALSE	4	0.178669	0			FALSE	FALSE	
sugarcane	SoffiXsponR570.05Bg308800	BES1	TFF	FALSE	88	8.137854	0.654649947753396	-0.0774	0.832	FALSE	TRUE	
sugarcane	SoffiXsponR570.05Bg310700	mTERF	OTR	FALSE	897	179.584787	0.352275441949355	0.1586	0.5786	FALSE	TRUE	
sugarcane	SoffiXsponR570.05Bg311200	WRKY	TFF	FALSE	627	57.153227	0.868989202602789	-0.3114	0.1371	FALSE	TRUE	
sugarcane	SoffiXsponR570.05Bg312500	GNAT	OTR	FALSE	8816	2160.51972	0.861466003646235	0.0582	0.8846	FALSE	TRUE	
sugarcane	SoffiXsponR570.05Bg313700	HRT	TFF	FALSE	3	0.47077	0.333333333333333			FALSE	FALSE	
sugarcane	SoffiXsponR570.05Bg315800	GRAS	TFF	FALSE	11	2.432711	0.0727272727272727			FALSE	FALSE	
sugarcane	SoffiXsponR570.05Bg326300	MADS	TFF	FALSE	12599	4395.204787	0.676624509027414	-0.0798	0.8252	FALSE	TRUE	
sugarcane	SoffiXsponR570.05Bg327200	CCAAT	TFF	FALSE	1	0.063487				FALSE	FALSE	
sugarcane	SoffiXsponR570.05Bg328500	Alfin-like	TFF	FALSE	1	0.013467				FALSE	FALSE	
sugarcane	SoffiXsponR570.05Bg329500	GRAS	TFF	FALSE	3	0.555953	0			FALSE	FALSE	
sugarcane	SoffiXsponR570.05Bg331800	Tify	TFF	FALSE	8	2.09021	0.535714285714286	0.1721	0.5285	FALSE	TRUE	
sugarcane	SoffiXsponR570.05Bg332000	FAR1	TFF	FALSE	731	54.94044	0.961696306429549			FALSE	FALSE	
sugarcane	SoffiXsponR570.05Bg332800	AP2-EREBP	TFF	FALSE	1955	295.874402	0.556423835165324			FALSE	FALSE	
sugarcane	SoffiXsponR570.05Bg334300	SAP	TFF	FALSE	13	1.061066	1	-0.1248	0.6726	FALSE	TRUE	
sugarcane	SoffiXsponR570.05Bg339000	CAMTA	TFF	FALSE	8547	1999.19943	0.822803473400244	-0.1518	0.596	FALSE	TRUE	
sugarcane	SoffiXsponR570.05Bg342800	MYB	TFF	TRUE	9739	2609.223052	0.745780437291729	-0.2881	0.1837	FALSE	TRUE	
sugarcane	SoffiXsponR570.05Bg346600	SART-1	OTR	FALSE	13899	5429.458874	0.600702417521898			FALSE	FALSE	
sugarcane	SoffiXsponR570.05Bg346800	MYB	TFF	TRUE	1	0.162536				FALSE	FALSE	
sugarcane	SoffiXsponR570.05Bg347600	GeBP	TFF	FALSE	2	0.162631	0			FALSE	FALSE	
sugarcane	SoffiXsponR570.05Bg352300	MED26	OTR	FALSE	587	98.179205	0.25033286625463	0.5873	0.000303	FALSE	TRUE	
sugarcane	SoffiXsponR570.05Bg353200	SWI/SNF-BAF60b	OTR	FALSE	1192	106.13987	0.908660592024073	0.0926	0.7832	FALSE	TRUE	
sugarcane	SoffiXsponR570.05Bg354200	bZIP	TFF	FALSE	2531	269.726093	0.903063514397752	0.1648	0.5562	FALSE	TRUE	
sugarcane	SoffiXsponR570.05Bg356700	BSD	TFF	FALSE	8892	2280.583387	0.808796448292923	-0.1056	0.7397	FALSE	TRUE	
sugarcane	SoffiXsponR570.05Bg358100	TRAF	OTR	FALSE	12805	4618.958424	0.662044502151258			FALSE	FALSE	
sugarcane	SoffiXsponR570.05Bg364300	DDT;PHD	OTR	FALSE	2849	334.690215	0.866476163526725	0.2463	0.2896	FALSE	TRUE	
sugarcane	SoffiXsponR570.05Bg366700	TUB	TFF	FALSE	12931	4763.879855	0.655024793084934	0.0729	0.8452	FALSE	TRUE	
sugarcane	SoffiXsponR570.05Bg375500	ABI3VP1	TFF	FALSE	1204	134.727694	0.737107949947943	-0.0936	0.7797	FALSE	TRUE	
sugarcane	SoffiXsponR570.05Bg376400	NAC	TFF	FALSE	2	0.275053	1	-0.5685	0.0005682	FALSE	TRUE	
sugarcane	SoffiXsponR570.05Bg376900	NAC	TFF	FALSE	13	1.87971	0.641025641025641	-0.2793	0.2032	FALSE	TRUE	
sugarcane	SoffiXsponR570.05Bg377100	C3H	TFF	FALSE	1	0.131831				FALSE	FALSE	
sugarcane	SoffiXsponR570.05Bg378600	C2C2-Dof	TFF	FALSE	560	76.985488	0.526130845898288	-0.1902	0.4653	FALSE	TRUE	
sugarcane	SoffiXsponR570.05Bg378700	MYB-related	TFF	TRUE	20	1.652561	0.594736842105263			FALSE	FALSE	
sugarcane	SoffiXsponR570.05Bg381000	bZIP	TFF	FALSE	115	12.271776	0.500076277650648	0.046	0.9127	FALSE	TRUE	
sugarcane	SoffiXsponR570.05Bg382500	bZIP	TFF	FALSE	232	27.491456	0.491677862367518			FALSE	FALSE	
sugarcane	SoffiXsponR570.05Cg008300	MYB	TFF	TRUE	132	42.855923	0.174068933610918			FALSE	FALSE	
sugarcane	SoffiXsponR570.05Cg008700	WRKY	TFF	FALSE	13	4.367834	0.397435897435897	0.2986	0.1615	FALSE	TRUE	
sugarcane	SoffiXsponR570.05Cg009600	MYB-related	TFF	TRUE	2	0.693537	0			FALSE	FALSE	
sugarcane	SoffiXsponR570.05Cg029000	mTERF	OTR	FALSE	11539	3704.96013	0.741998973658574	-0.0248	0.9558	FALSE	TRUE	
sugarcane	SoffiXsponR570.05Cg029800	NAC	TFF	FALSE	136	33.968589	0.393790849673203	0.2902	0.1794	FALSE	TRUE	
sugarcane	SoffiXsponR570.05Cg030400	MYB	TFF	TRUE	10807	3292.794017	0.76836304490096	0.0852	0.8081	FALSE	TRUE	
sugarcane	SoffiXsponR570.05Cg031100	FAR1	TFF	FALSE	1305	198.978834	0.458956820158428	0.3713	0.05596	FALSE	TRUE	
sugarcane	SoffiXsponR570.05Cg031700	bHLH	TFF	FALSE	23	3.038054	0.58498023715415			FALSE	FALSE	
sugarcane	SoffiXsponR570.05Cg034000	Rcd1-like	OTR	FALSE	277	33.08906	0.473028828546016	0.4256	0.0206	FALSE	TRUE	
sugarcane	SoffiXsponR570.05Cg035700	TCP	TFF	FALSE	838	104.532821	0.736725947596684	-0.001	0.9983	FALSE	TRUE	
sugarcane	SoffiXsponR570.05Cg037500	Tify	TFF	FALSE	4	1.052286	0.833333333333333			FALSE	FALSE	
sugarcane	SoffiXsponR570.05Cg039400	CCAAT	TFF	FALSE	116	28.829485	0.0892053973013493	-0.1459	0.596	FALSE	TRUE	
sugarcane	SoffiXsponR570.05Cg040300	C2C2-YABBY	TFF	FALSE	3	0.311301	0			FALSE	FALSE	
sugarcane	SoffiXsponR570.05Cg047100	TRAF	OTR	FALSE	15024	6503.483037	0.562242385601573			FALSE	FALSE	
sugarcane	SoffiXsponR570.05Cg047600	zf-A20	TFF	FALSE	11328	3640.534607	0.686806987479045	-0.2619	0.2468	FALSE	TRUE	
sugarcane	SoffiXsponR570.05Cg049600	PHD	OTR	FALSE	15415	6910.902476	0.543945655429657	0.021	0.9648	FALSE	TRUE	
sugarcane	SoffiXsponR570.05Cg053000	HSF	TFF	FALSE	5	0.281776	0.7			FALSE	FALSE	
sugarcane	SoffiXsponR570.05Cg055500	bHLH	TFF	FALSE	1	0.01				FALSE	FALSE	
sugarcane	SoffiXsponR570.05Cg057500	SAP	TFF	FALSE	26	1.964147	0.658461538461538	-0.3018	0.1552	FALSE	TRUE	
sugarcane	SoffiXsponR570.05Cg059800	PHD	OTR	FALSE	44	5.648024	0.595137420718816	-0.2448	0.294	FALSE	TRUE	
sugarcane	SoffiXsponR570.05Cg064300	FHA	TFF	FALSE	8135	1946.9894	0.856290175818108	0.0126	0.9799	FALSE	TRUE	
sugarcane	SoffiXsponR570.05Cg067000	DDT	OTR	FALSE	13961	5527.624827	0.608879966275271			FALSE	FALSE	
sugarcane	SoffiXsponR570.05Cg070300	AP2-EREBP	TFF	FALSE	12	1.76026	0.696969696969697			FALSE	FALSE	
sugarcane	SoffiXsponR570.05Cg073400	bZIP	TFF	FALSE	240	36.274937	0			FALSE	FALSE	
sugarcane	SoffiXsponR570.05Cg074200	FHA	TFF	FALSE	3	0.321206	0.666666666666667			FALSE	FALSE	
sugarcane	SoffiXsponR570.05Cg078000	SET	OTR	FALSE	5	0.226308	1	0.3612	0.06637	FALSE	TRUE	
sugarcane	SoffiXsponR570.05Cg079100	NAC	TFF	FALSE	2	0.290405	0			FALSE	FALSE	
sugarcane	SoffiXsponR570.05Cg079500	AP2-EREBP	TFF	FALSE	203	21.842381	0.560259474223284	0.2838	0.193	FALSE	TRUE	
sugarcane	SoffiXsponR570.05Cg082000	Alfin-like	TFF	FALSE	96	12.832076	0.346929824561404	-0.5174	0.0025	FALSE	TRUE	
sugarcane	SoffiXsponR570.05Cg092500	TRAF	OTR	FALSE	33	2.453127	0.78219696969697	-0.4204	0.02285	FALSE	TRUE	
sugarcane	SoffiXsponR570.05Cg106900	BBR/BPC	TFF	FALSE	11	0.786508	0.745454545454545			FALSE	FALSE	
sugarcane	SoffiXsponR570.05Cg116000	WRKY	TFF	FALSE	9	0.559495	0.416666666666667			FALSE	FALSE	
sugarcane	SoffiXsponR570.05Cg125900	AP2-EREBP	TFF	FALSE	9	3.258594	0.222222222222222			FALSE	FALSE	
sugarcane	SoffiXsponR570.05Cg126000	AP2-EREBP	TFF	FALSE	9	1.207279	0.666666666666667			FALSE	FALSE	
sugarcane	SoffiXsponR570.05Cg127800	MYB	TFF	TRUE	79	6.981586	0.752677702044791			FALSE	FALSE	
sugarcane	SoffiXsponR570.05Cg134700	MYB-related	TFF	TRUE	44	3.93942	0.43446088794926			FALSE	FALSE	
sugarcane	SoffiXsponR570.05Cg134800	MYB-related	TFF	TRUE	1227	154.315933	0.665041992897703	-0.4026	0.03233	FALSE	TRUE	
sugarcane	SoffiXsponR570.05Cg135800	bZIP	TFF	FALSE	14	1.515303	0.307692307692308	0.0928	0.7825	FALSE	TRUE	
sugarcane	SoffiXsponR570.05Cg151300	AP2-EREBP	TFF	FALSE	2	0.171546	0			FALSE	FALSE	
sugarcane	SoffiXsponR570.05Cg159100	Jumonji	OTR	FALSE	196	28.568664	0.416431187859759	0.5545	0.0008779	FALSE	TRUE	
sugarcane	SoffiXsponR570.05Cg161500	MYB	TFF	TRUE	66	22.535583	0.224242424242424			FALSE	FALSE	
sugarcane	SoffiXsponR570.05Cg161600	MYB	TFF	TRUE	3	0.092401	0.666666666666667			FALSE	FALSE	
sugarcane	SoffiXsponR570.05Cg161700	Tify	TFF	FALSE	26	4.845993	0.310769230769231	0.4005	0.03353	FALSE	TRUE	
sugarcane	SoffiXsponR570.05Cg164700	SET	OTR	FALSE	1	0.325968				FALSE	FALSE	
sugarcane	SoffiXsponR570.05Cg166400	MYB	TFF	TRUE	8	0.616848	0.821428571428571			FALSE	FALSE	
sugarcane	SoffiXsponR570.05Cg166600	zf-HD	TFF	FALSE	5	0.590315	0.5			FALSE	FALSE	
sugarcane	SoffiXsponR570.05Cg168100	WRKY	TFF	FALSE	41	9.225903	0.457317073170732	0.6382	4.212e-05	TRUE	TRUE	ortholog_not_correlated
sugarcane	SoffiXsponR570.05Cg168200	WRKY	TFF	FALSE	1	0.160555				FALSE	FALSE	
sugarcane	SoffiXsponR570.05Cg171300	AP2-EREBP	TFF	FALSE	256	42.377909	0.9			FALSE	FALSE	
sugarcane	SoffiXsponR570.05Cg174900	CCAAT	TFF	FALSE	1	0.038229		-0.2933	0.173	FALSE	TRUE	
sugarcane	SoffiXsponR570.05Cg175300	CCAAT	TFF	FALSE	44	4.729835	0.594080338266385	-0.4301	0.01882	FALSE	TRUE	
sugarcane	SoffiXsponR570.05Cg176700	ARID	OTR	FALSE	485	43.324302	0.854127971372583	0.1847	0.484	FALSE	TRUE	
sugarcane	SoffiXsponR570.05Cg176900	AP2-EREBP	TFF	FALSE	6	0.258099	0.0666666666666667			FALSE	FALSE	
sugarcane	SoffiXsponR570.05Cg178700	Tify	TFF	FALSE	137	17.268934	0.422606268784886			FALSE	FALSE	
sugarcane	SoffiXsponR570.05Cg184500	PHD	OTR	FALSE	1	0.050115				FALSE	FALSE	
sugarcane	SoffiXsponR570.05Cg184700	C2H2	TFF	FALSE	9	1.240955	0.361111111111111			FALSE	FALSE	
sugarcane	SoffiXsponR570.05Cg185500	GeBP	TFF	FALSE	6269	1099.9703	0.898732104561673	0.0254	0.9546	FALSE	TRUE	
sugarcane	SoffiXsponR570.05Cg188500	bZIP	TFF	FALSE	55	6.550915	0.215488215488215	-0.8053	1.323e-09	TRUE	TRUE	ortholog_not_correlated
sugarcane	SoffiXsponR570.05Cg189000	AP2-EREBP	TFF	FALSE	5	0.617059	0.3			FALSE	FALSE	
sugarcane	SoffiXsponR570.05Cg192900	bHLH	TFF	FALSE	322	45.402221	0.818947001799501	0.0197	0.9674	FALSE	TRUE	
sugarcane	SoffiXsponR570.05Cg195300	bHLH	TFF	FALSE	53	15.117024	0.109579100145138			FALSE	FALSE	
sugarcane	SoffiXsponR570.05Cg197400	bHLH	TFF	FALSE	14	1.061161	0.461538461538462			FALSE	FALSE	
sugarcane	SoffiXsponR570.05Cg197800	C2C2-Dof	TFF	FALSE	87	9.410545	0.57872226677359			FALSE	FALSE	
sugarcane	SoffiXsponR570.05Cg202900	WRKY	TFF	FALSE	3	0.360825	0.333333333333333	-0.3427	0.08829	FALSE	TRUE	
sugarcane	SoffiXsponR570.05Cg205700	C2H2	TFF	FALSE	16	1.637819	0.616666666666667			FALSE	FALSE	
sugarcane	SoffiXsponR570.05Cg206000	zf-A20	TFF	FALSE	54	7.033687	0.29559748427673	0.2975	0.1635	FALSE	TRUE	
sugarcane	SoffiXsponR570.05Cg206700	bHLH	TFF	FALSE	49	5.445943	0.589285714285714			FALSE	FALSE	
sugarcane	SoffiXsponR570.05Cg207300	bZIP	TFF	FALSE	17	5.372081	0.338235294117647	0.1231	0.6794	FALSE	TRUE	
sugarcane	SoffiXsponR570.05Cg207400	EIL	TFF	FALSE	51	4.885513	0.396078431372549	0.3029	0.1529	FALSE	TRUE	
sugarcane	SoffiXsponR570.05Cg208200	MYB-related	TFF	TRUE	2225	199.43078	0.964680704874303	0.0181	0.9703	FALSE	TRUE	
sugarcane	SoffiXsponR570.05Cg208800	C3H	TFF	FALSE	792	60.916943	0.940935907750067	-0.1847	0.4841	FALSE	TRUE	
sugarcane	SoffiXsponR570.05Cg211200	NAC	TFF	FALSE	15523	7006.595573	0.539058422421641	0.0128	0.9796	FALSE	TRUE	
sugarcane	SoffiXsponR570.05Cg214600	bHLH	TFF	FALSE	34	3.19015	0.711229946524064			FALSE	FALSE	
sugarcane	SoffiXsponR570.05Cg217300	SBP	TFF	FALSE	2	0.187394	1			FALSE	FALSE	
sugarcane	SoffiXsponR570.05Cg218800	NAC	TFF	FALSE	52	7.608479	0.382352941176471	-0.3506	0.07831	FALSE	TRUE	
sugarcane	SoffiXsponR570.05Cg219600	bHLH	TFF	FALSE	1322	277.558914	0.602791402927915	0.0989	0.7622	FALSE	TRUE	
sugarcane	SoffiXsponR570.05Cg223800	bZIP	TFF	FALSE	6665	1269.025553	0.879146362220807	-0.0237	0.9584	FALSE	TRUE	
sugarcane	SoffiXsponR570.05Cg226300	bHLH	TFF	FALSE	1487	438.945093	0.503958488144448			FALSE	FALSE	
sugarcane	SoffiXsponR570.05Cg226400	bHLH	TFF	FALSE	26	4.415623	0.28			FALSE	FALSE	
sugarcane	SoffiXsponR570.05Cg226700	bHLH	TFF	FALSE	607	169.460115	0.692335296132579			FALSE	FALSE	
sugarcane	SoffiXsponR570.05Cg228600	AP2-EREBP	TFF	FALSE	26	6.514977	0.126153846153846			FALSE	FALSE	
sugarcane	SoffiXsponR570.05Cg228700	AP2-EREBP	TFF	FALSE	154	54.08924	0.645191409897292			FALSE	FALSE	
sugarcane	SoffiXsponR570.05Cg228900	AP2-EREBP	TFF	FALSE	14	3.215488	0.516483516483517	0.1422	0.6092	FALSE	TRUE	
sugarcane	SoffiXsponR570.05Cg231100	HSF	TFF	FALSE	3	0.33953	1			FALSE	FALSE	
sugarcane	SoffiXsponR570.05Cg234800	Pseudo_ARR-B	OTR	FALSE	48	4.971401	0.495567375886525	-0.566	0.0006126	FALSE	TRUE	
sugarcane	SoffiXsponR570.05Cg235100	MYB	TFF	TRUE	448	57.038649	0.679779881751358	-0.034	0.9372	FALSE	TRUE	
sugarcane	SoffiXsponR570.05Cg238300	MYB	TFF	TRUE	230	27.485818	0.650920827795709	-0.3785	0.04956	FALSE	TRUE	
sugarcane	SoffiXsponR570.05Cg240000	bZIP	TFF	FALSE	8	0.52919	0.785714285714286	-0.4234	0.02152	FALSE	TRUE	
sugarcane	SoffiXsponR570.05Cg247400	RWP-RK	TFF	FALSE	172	29.327579	0.266625866993064	-0.8684	1.101e-12	TRUE	TRUE	ortholog_not_correlated
sugarcane	SoffiXsponR570.05Cg249400	HMG	OTR	FALSE	1	0.108059				FALSE	FALSE	
sugarcane	SoffiXsponR570.05Cg250300	NAC	TFF	FALSE	194	65.992851	0.265584103413279			FALSE	FALSE	
sugarcane	SoffiXsponR570.05Cg252000	C2H2	TFF	FALSE	104	12.514887	0.391896938013443			FALSE	FALSE	
sugarcane	SoffiXsponR570.05Cg252600	SET	OTR	FALSE	201	23.418069	0.545223880597015	0.1342	0.6388	FALSE	TRUE	
sugarcane	SoffiXsponR570.05Cg255400	mTERF	OTR	FALSE	4405	606.252626	0.908178407618293	-0.0094	0.9851	FALSE	TRUE	
sugarcane	SoffiXsponR570.05Cg258100	GRF	TFF	FALSE	13454	5276.33009	0.634655019217979	-0.0893	0.7946	FALSE	TRUE	
sugarcane	SoffiXsponR570.05Cg259500	SET	OTR	FALSE	13104	4978.283547	0.646688717931945	-0.0042	0.9934	FALSE	TRUE	
sugarcane	SoffiXsponR570.05Cg262400	GRAS	TFF	FALSE	2	0.16065	0	0.0649	0.8666	FALSE	TRUE	
sugarcane	SoffiXsponR570.05Cg268600	MYB	TFF	TRUE	17	5.405263	0.352941176470588	0.0287	0.9482	FALSE	TRUE	
sugarcane	SoffiXsponR570.05Cg268800	PHD	OTR	FALSE	5022	823.900295	0.877508649256556	0.1608	0.5709	FALSE	TRUE	
sugarcane	SoffiXsponR570.05Cg272600	SBP	TFF	FALSE	63	7.473827	0.541730670762929			FALSE	FALSE	
sugarcane	SoffiXsponR570.05Cg272700	SBP	TFF	FALSE	4	0.244537	0.833333333333333	-0.0766	0.8339	FALSE	TRUE	
sugarcane	SoffiXsponR570.05Cg274200	C2C2-Dof	TFF	FALSE	1	0.321016				FALSE	FALSE	
sugarcane	SoffiXsponR570.05Cg276900	GRAS	TFF	FALSE	3	0.313282	0			FALSE	FALSE	
sugarcane	SoffiXsponR570.05Cg280400	MYB-related	TFF	TRUE	8812	2278.478409	0.809945404665577	-0.0465	0.9116	FALSE	TRUE	
sugarcane	SoffiXsponR570.05Cg288800	bHLH	TFF	FALSE	47	12.698654	0.122109158186864	-0.1459	0.596	FALSE	TRUE	
sugarcane	SoffiXsponR570.05Cg289400	CCAAT	TFF	FALSE	2501	236.445078	0.969501159536185	-0.086	0.8054	FALSE	TRUE	
sugarcane	SoffiXsponR570.05Cg290000	GRAS	TFF	FALSE	6267	1103.05055	0.926039716497141	-0.1785	0.5061	FALSE	TRUE	
sugarcane	SoffiXsponR570.05Cg296100	bHLH	TFF	FALSE	42	8.956088	0.239256678281069			FALSE	FALSE	
sugarcane	SoffiXsponR570.05Cg299700	ABI3VP1	TFF	FALSE	13431	5108.455303	0.639500199386479	0.0887	0.7967	FALSE	TRUE	
sugarcane	SoffiXsponR570.05Cg302200	NAC	TFF	FALSE	132	42.855923	0.174068933610918			FALSE	FALSE	
sugarcane	SoffiXsponR570.05Cg302500	NAC	TFF	FALSE	1	0.155108				FALSE	FALSE	
sugarcane	SoffiXsponR570.05Cg303200	GRAS	TFF	FALSE	203	23.283552	0.500268253426328	0.0956	0.7733	FALSE	TRUE	
sugarcane	SoffiXsponR570.05Cg304000	C3H	TFF	FALSE	4	0.440655	1	0.4189	0.02358	FALSE	TRUE	
sugarcane	SoffiXsponR570.05Cg309200	AP2-EREBP	TFF	FALSE	3	0.887769	0.333333333333333			FALSE	FALSE	
sugarcane	SoffiXsponR570.05Cg312800	C2H2	TFF	FALSE	71	8.284812	0.446277665995976			FALSE	FALSE	
sugarcane	SoffiXsponR570.05Cg313900	mTERF	OTR	FALSE	123	20.597649	0.274956683993069			FALSE	FALSE	
sugarcane	SoffiXsponR570.05Cg314300	GRAS	TFF	FALSE	1	0.186803		-0.1432	0.6059	FALSE	TRUE	
sugarcane	SoffiXsponR570.05Cg314400	WRKY	TFF	FALSE	1652	206.204297	0.672427599092486	-0.4195	0.02329	FALSE	TRUE	
sugarcane	SoffiXsponR570.05Cg315800	GNAT	OTR	FALSE	27	2.216323	0.715099715099715	-0.0914	0.7873	FALSE	TRUE	
sugarcane	SoffiXsponR570.05Cg317200	HRT	TFF	FALSE	42	4.430515	0.376306620209059	-0.3059	0.1471	FALSE	TRUE	
sugarcane	SoffiXsponR570.05Cg329400	MADS	TFF	FALSE	33	3.453527	0.373106060606061	-0.5571	0.0008164	FALSE	TRUE	
sugarcane	SoffiXsponR570.05Cg329900	CCAAT	TFF	FALSE	2	0.067049	1			FALSE	FALSE	
sugarcane	SoffiXsponR570.05Cg330700	CCAAT	TFF	FALSE	12	1.545818	0.651515151515152			FALSE	FALSE	
sugarcane	SoffiXsponR570.05Cg330900	Alfin-like	TFF	FALSE	87	12.763867	0.711039828922748	0.3276	0.1094	FALSE	TRUE	
sugarcane	SoffiXsponR570.05Cg331900	GRAS	TFF	FALSE	176	61.961806	0.26525974025974	0.1459	0.596	FALSE	TRUE	
sugarcane	SoffiXsponR570.05Cg333800	Tify	TFF	FALSE	39	3.040565	0.323886639676113	0.3578	0.06995	FALSE	TRUE	
sugarcane	SoffiXsponR570.05Cg334000	FAR1	TFF	FALSE	6314	1147.106798	0.880232558314565	-0.1381	0.624	FALSE	TRUE	
sugarcane	SoffiXsponR570.05Cg334900	AP2-EREBP	TFF	FALSE	3922	502.796538	0.919421189606404	-0.2876	0.1847	FALSE	TRUE	
sugarcane	SoffiXsponR570.05Cg340400	CAMTA;TIG	TFF	FALSE	422	46.682036	0.553770643131339	-0.3597	0.06796	FALSE	TRUE	
sugarcane	SoffiXsponR570.05Cg342700	SAP	TFF	FALSE	190	21.261706	0.485881370091897			FALSE	FALSE	
sugarcane	SoffiXsponR570.05Cg343300	Tudor-knot	OTR	FALSE	24	11.176058	0.576086956521739			FALSE	FALSE	
sugarcane	SoffiXsponR570.05Cg345100	bHLH	TFF	FALSE	17	0.983692	0.977941176470588			FALSE	FALSE	
sugarcane	SoffiXsponR570.05Cg348600	MYB	TFF	TRUE	1	0.021886				FALSE	FALSE	
sugarcane	SoffiXsponR570.05Cg354700	MED26	OTR	FALSE	43	3.61989	0.613510520487265			FALSE	FALSE	
sugarcane	SoffiXsponR570.05Cg356300	bZIP	TFF	FALSE	25	3.682066	0.203333333333333	0.4618	0.00955	FALSE	TRUE	
sugarcane	SoffiXsponR570.05Cg360000	TRAF	OTR	FALSE	165	16.213252	0.60339985218034			FALSE	FALSE	
sugarcane	SoffiXsponR570.05Cg377500	ABI3VP1	TFF	FALSE	10	1.090495	0.222222222222222			FALSE	FALSE	
sugarcane	SoffiXsponR570.05Cg377800	WRKY	TFF	FALSE	119	16.618449	0.295541945591796			FALSE	FALSE	
sugarcane	SoffiXsponR570.05Cg379300	C3H	TFF	FALSE	105	9.645518	0.463186813186813			FALSE	FALSE	
sugarcane	SoffiXsponR570.05Cg379600	NAC	TFF	FALSE	14	1.932301	0.604395604395604	-0.5254	0.002021	FALSE	TRUE	
sugarcane	SoffiXsponR570.05Cg380600	NAC	TFF	FALSE	110	17.718034	0.310258548790659	-0.3901	0.04041	FALSE	TRUE	
sugarcane	SoffiXsponR570.05Cg381000	C2C2-Dof	TFF	FALSE	6	0.449265	0.8			FALSE	FALSE	
sugarcane	SoffiXsponR570.05Cg381100	MYB-related	TFF	TRUE	23	2.49031	0.533596837944664			FALSE	FALSE	
sugarcane	SoffiXsponR570.05Cg381400	EIL	TFF	FALSE	147	12.692311	0.861243127387942			FALSE	FALSE	
sugarcane	SoffiXsponR570.05Cg382900	bZIP	TFF	FALSE	2566	298.052631	0.853778987175221	-0.1506	0.596	FALSE	TRUE	
sugarcane	SoffiXsponR570.05Cg384500	bZIP	TFF	FALSE	8	0.598029	0.357142857142857			FALSE	FALSE	
sugarcane	SoffiXsponR570.05Dg001800	C2H2	TFF	FALSE	29	9.109865	0.24384236453202	-0.2501	0.2795	FALSE	TRUE	
sugarcane	SoffiXsponR570.05Dg008600	zf-C5HC2	TFF	FALSE	11	2.104857	0.472727272727273			FALSE	FALSE	
sugarcane	SoffiXsponR570.05Dg008900	MYB	TFF	TRUE	14	2.750945	0.0989010989010989			FALSE	FALSE	
sugarcane	SoffiXsponR570.05Dg012200	MADS	TFF	FALSE	17	4.47915	0.102941176470588			FALSE	FALSE	
sugarcane	SoffiXsponR570.05Dg028900	HB	TFF	FALSE	8	1.509285	0.0357142857142857			FALSE	FALSE	
sugarcane	SoffiXsponR570.05Dg031500	mTERF	OTR	FALSE	13615	5167.933212	0.619093067067498	-0.0361	0.933	FALSE	TRUE	
sugarcane	SoffiXsponR570.05Dg032400	NAC	TFF	FALSE	26	6.514977	0.126153846153846			FALSE	FALSE	
sugarcane	SoffiXsponR570.05Dg032800	MYB	TFF	TRUE	6	0.510675	0.733333333333333	-0.2937	0.1719	FALSE	TRUE	
sugarcane	SoffiXsponR570.05Dg036700	Rcd1-like	OTR	FALSE	95	8.874952	0.505039193729003			FALSE	FALSE	
sugarcane	SoffiXsponR570.05Dg040100	Tify	TFF	FALSE	1	0.083297				FALSE	FALSE	
sugarcane	SoffiXsponR570.05Dg042000	CCAAT	TFF	FALSE	34	7.686998	0.071301247771836			FALSE	FALSE	
sugarcane	SoffiXsponR570.05Dg042800	C2C2-YABBY	TFF	FALSE	40	3.235293	0.655128205128205	0.1178	0.6984	FALSE	TRUE	
sugarcane	SoffiXsponR570.05Dg048500	TRAF	OTR	FALSE	9356	2438.750645	0.799647302302486	-0.0139	0.978	FALSE	TRUE	
sugarcane	SoffiXsponR570.05Dg049100	zf-A20	TFF	FALSE	175	38.355238	0.352183908045977			FALSE	FALSE	
sugarcane	SoffiXsponR570.05Dg054300	HSF	TFF	FALSE	2916	308.672806	0.976975438051609			FALSE	FALSE	
sugarcane	SoffiXsponR570.05Dg057400	bHLH	TFF	FALSE	129	34.634527	0.390625			FALSE	FALSE	
sugarcane	SoffiXsponR570.05Dg058600	AUX/IAA	OTR	FALSE	45	4.594232	0.44040404040404			FALSE	FALSE	
sugarcane	SoffiXsponR570.05Dg059500	SAP	TFF	FALSE	3793	481.9606	0.916044684801338	-0.1954	0.4478	FALSE	TRUE	
sugarcane	SoffiXsponR570.05Dg067300	DDT	OTR	FALSE	31	1.608044	0.860215053763441			FALSE	FALSE	
sugarcane	SoffiXsponR570.05Dg071100	AP2-EREBP	TFF	FALSE	205	103.096363	0.617742706838833	0.0948	0.7761	FALSE	TRUE	
sugarcane	SoffiXsponR570.05Dg074500	bZIP	TFF	FALSE	3827	481.181341	0.95420725794698			FALSE	FALSE	
sugarcane	SoffiXsponR570.05Dg075000	FHA	TFF	FALSE	2061	188.706948	0.922921289033978	0.0413	0.9223	FALSE	TRUE	
sugarcane	SoffiXsponR570.05Dg075100	bHLH	TFF	FALSE	18	2.517074	0.555555555555556			FALSE	FALSE	
sugarcane	SoffiXsponR570.05Dg078400	SET	OTR	FALSE	5	0.734432	0.2	0.1418	0.6108	FALSE	TRUE	
sugarcane	SoffiXsponR570.05Dg079500	FAR1	TFF	FALSE	11267	3470.988709	0.71865152118161			FALSE	FALSE	
sugarcane	SoffiXsponR570.05Dg080200	NAC	TFF	FALSE	8	1.011066	0.642857142857143			FALSE	FALSE	
sugarcane	SoffiXsponR570.05Dg080600	AP2-EREBP	TFF	FALSE	8525	1993.486143	0.828855424256644			FALSE	FALSE	
sugarcane	SoffiXsponR570.05Dg083200	Alfin-like	TFF	FALSE	4	2.483057	0.5			FALSE	FALSE	
sugarcane	SoffiXsponR570.05Dg083400	AP2-EREBP	TFF	FALSE	2154	193.197284	0.965631079433547			FALSE	FALSE	
sugarcane	SoffiXsponR570.05Dg094100	TRAF	OTR	FALSE	4	1.086458	0.666666666666667			FALSE	FALSE	
sugarcane	SoffiXsponR570.05Dg098200	GNAT	OTR	FALSE	7243	1449.696308	0.821031404279796			FALSE	FALSE	
sugarcane	SoffiXsponR570.05Dg099400	WRKY	TFF	FALSE	5558	992.216573	0.821644285404111	-0.0631	0.8714	FALSE	TRUE	
sugarcane	SoffiXsponR570.05Dg108000	BBR/BPC	TFF	FALSE	20	1.878889	0.863157894736842			FALSE	FALSE	
sugarcane	SoffiXsponR570.05Dg112000	SET	OTR	FALSE	2	0.425113	0			FALSE	FALSE	
sugarcane	SoffiXsponR570.05Dg124000	CCAAT	TFF	FALSE	769	73.905598	0.822659297789337			FALSE	FALSE	
sugarcane	SoffiXsponR570.05Dg128400	AP2-EREBP	TFF	FALSE	1	0.100135				FALSE	FALSE	
sugarcane	SoffiXsponR570.05Dg130400	MYB	TFF	TRUE	1	0.296748				FALSE	FALSE	
sugarcane	SoffiXsponR570.05Dg133800	SET	OTR	FALSE	38	2.818599	0.776671408250356	0.0809	0.822	FALSE	TRUE	
sugarcane	SoffiXsponR570.05Dg135100	FAR1	TFF	FALSE	13636	5425.535288	0.623685120052046			FALSE	FALSE	
sugarcane	SoffiXsponR570.05Dg137900	bZIP	TFF	FALSE	48	5.92079	0.559397163120567	-0.239	0.3106	FALSE	TRUE	
sugarcane	SoffiXsponR570.05Dg138600	C2H2	TFF	FALSE	24	5.914547	0.0181159420289855			FALSE	FALSE	
sugarcane	SoffiXsponR570.05Dg144900	MYB-related	TFF	TRUE	8	0.882301	0.214285714285714			FALSE	FALSE	
sugarcane	SoffiXsponR570.05Dg145000	MYB-related	TFF	TRUE	39	2.875648	0.689608636977058			FALSE	FALSE	
sugarcane	SoffiXsponR570.05Dg146300	bZIP	TFF	FALSE	31	3.268609	0.518279569892473			FALSE	FALSE	
sugarcane	SoffiXsponR570.05Dg155600	WRKY	TFF	FALSE	86	16.489025	0.367715458276334			FALSE	FALSE	
sugarcane	SoffiXsponR570.05Dg158200	GNAT	OTR	FALSE	1	0.031791				FALSE	FALSE	
sugarcane	SoffiXsponR570.05Dg159100	OFP	TFF	FALSE	190	89.451856	0.197215260373155			FALSE	FALSE	
sugarcane	SoffiXsponR570.05Dg163600	AP2-EREBP	TFF	FALSE	43	4.903077	0.547065337763012			FALSE	FALSE	
sugarcane	SoffiXsponR570.05Dg169200	PHD	OTR	FALSE	19	1.122551	0.678362573099415			FALSE	FALSE	
sugarcane	SoffiXsponR570.05Dg172900	MYB	TFF	TRUE	2	0.27951	0			FALSE	FALSE	
sugarcane	SoffiXsponR570.05Dg173000	MYB	TFF	TRUE	4	0.340615	0			FALSE	FALSE	
sugarcane	SoffiXsponR570.05Dg173100	Tify	TFF	FALSE	1771	233.185308	0.609874085629428			FALSE	FALSE	
sugarcane	SoffiXsponR570.05Dg177000	NAC	TFF	FALSE	11	5.506218	0.436363636363636			FALSE	FALSE	
sugarcane	SoffiXsponR570.05Dg177600	MYB;MYB-related	TFF	TRUE	183	23.148429	0.374106767549391			FALSE	FALSE	
sugarcane	SoffiXsponR570.05Dg177700	zf-HD	TFF	FALSE	1766	140.621071	0.988879014690455			FALSE	FALSE	
sugarcane	SoffiXsponR570.05Dg179600	WRKY	TFF	FALSE	23	6.055103	0.545454545454545			FALSE	FALSE	
sugarcane	SoffiXsponR570.05Dg179700	WRKY	TFF	FALSE	59	8.928484	0.286966686148451			FALSE	FALSE	
sugarcane	SoffiXsponR570.05Dg182900	AP2-EREBP	TFF	FALSE	291	54.993707	0.613082118734447			FALSE	FALSE	
sugarcane	SoffiXsponR570.05Dg185800	CCAAT	TFF	FALSE	13	2.058989	0.58974358974359			FALSE	FALSE	
sugarcane	SoffiXsponR570.05Dg187400	AP2-EREBP	TFF	FALSE	300	36.746173	0.552552954292085	-0.4427	0.01454	FALSE	TRUE	
sugarcane	SoffiXsponR570.05Dg189200	Tify	TFF	FALSE	21	4.314612	0.39047619047619			FALSE	FALSE	
sugarcane	SoffiXsponR570.05Dg195400	C2H2	TFF	FALSE	19	1.627704	0.543859649122807			FALSE	FALSE	
sugarcane	SoffiXsponR570.05Dg196200	GeBP	TFF	FALSE	5828	981.465153	0.939541968440527			FALSE	FALSE	
sugarcane	SoffiXsponR570.05Dg199100	bZIP	TFF	FALSE	4	0.378254	0.666666666666667			FALSE	FALSE	
sugarcane	SoffiXsponR570.05Dg199300	HSF	TFF	FALSE	1	0.231871				FALSE	FALSE	
sugarcane	SoffiXsponR570.05Dg199600	AP2-EREBP	TFF	FALSE	1	0.147184				FALSE	FALSE	
sugarcane	SoffiXsponR570.05Dg203400	bHLH	TFF	FALSE	13	4.436178	0.307692307692308			FALSE	FALSE	
sugarcane	SoffiXsponR570.05Dg206300	bHLH	TFF	FALSE	194	65.992851	0.265584103413279			FALSE	FALSE	
sugarcane	SoffiXsponR570.05Dg208800	bZIP	TFF	FALSE	1	0.07983				FALSE	FALSE	
sugarcane	SoffiXsponR570.05Dg209100	bHLH	TFF	FALSE	6	0.237794	0.733333333333333			FALSE	FALSE	
sugarcane	SoffiXsponR570.05Dg209900	C2C2-Dof	TFF	FALSE	640	73.883927	0.674217527386542			FALSE	FALSE	
sugarcane	SoffiXsponR570.05Dg214000	CCAAT	TFF	FALSE	4730	711.259175	0.917160411423912	0.1047	0.7424	FALSE	TRUE	
sugarcane	SoffiXsponR570.05Dg217500	C2H2	TFF	FALSE	254	43.571266	0.864927951199776			FALSE	FALSE	
sugarcane	SoffiXsponR570.05Dg217800	zf-A20	TFF	FALSE	118	10.884872	0.642764015645372			FALSE	FALSE	
sugarcane	SoffiXsponR570.05Dg218600	GNAT	OTR	FALSE	1	0.057049				FALSE	FALSE	
sugarcane	SoffiXsponR570.05Dg221000	C3H	TFF	FALSE	3	0.224632	0.333333333333333			FALSE	FALSE	
sugarcane	SoffiXsponR570.05Dg223200	NAC	TFF	FALSE	7	0.598429	0.238095238095238	-0.1725	0.5271	FALSE	TRUE	
sugarcane	SoffiXsponR570.05Dg226500	bHLH	TFF	FALSE	51	5.351541	0.397647058823529			FALSE	FALSE	
sugarcane	SoffiXsponR570.05Dg239000	bHLH	TFF	FALSE	170	7.989645	0.0234597981204316			FALSE	FALSE	
sugarcane	SoffiXsponR570.05Dg239100	bHLH	TFF	FALSE	365	102.206258	0.831341261478248	0.0939	0.7789	FALSE	TRUE	
sugarcane	SoffiXsponR570.05Dg240500	TCP	TFF	FALSE	116	28.829485	0.0892053973013493			FALSE	FALSE	
sugarcane	SoffiXsponR570.05Dg241200	AP2-EREBP	TFF	FALSE	162	12.123212	0.0361168622038187			FALSE	FALSE	
sugarcane	SoffiXsponR570.05Dg241300	AP2-EREBP	TFF	FALSE	3	0.461361	0.333333333333333			FALSE	FALSE	
sugarcane	SoffiXsponR570.05Dg241400	AP2-EREBP	TFF	FALSE	50	11.686158	0.0751020408163265			FALSE	FALSE	
sugarcane	SoffiXsponR570.05Dg241500	AP2-EREBP	TFF	FALSE	10	0.487284	0.777777777777778			FALSE	FALSE	
sugarcane	SoffiXsponR570.05Dg241600	AP2-EREBP	TFF	FALSE	5	0.512561	0.3			FALSE	FALSE	
sugarcane	SoffiXsponR570.05Dg241800	AP2-EREBP	TFF	FALSE	2	0.233947	1			FALSE	FALSE	
sugarcane	SoffiXsponR570.05Dg242100	AP2-EREBP	TFF	FALSE	24	8.975178	0.322463768115942	-0.1459	0.596	FALSE	TRUE	
sugarcane	SoffiXsponR570.05Dg243600	HSF	TFF	FALSE	137	16.020415	0.557642765135251			FALSE	FALSE	
sugarcane	SoffiXsponR570.05Dg245600	AUX/IAA	OTR	FALSE	32	6.415013	0.0766129032258065			FALSE	FALSE	
sugarcane	SoffiXsponR570.05Dg247300	SRS	TFF	FALSE	21	6.156933	0.180952380952381			FALSE	FALSE	
sugarcane	SoffiXsponR570.05Dg247400	Pseudo_ARR-B	OTR	FALSE	97	14.65072	0.478522336769759	-0.3567	0.07119	FALSE	TRUE	
sugarcane	SoffiXsponR570.05Dg247700	MYB	TFF	TRUE	21	1.631361	0.919047619047619			FALSE	FALSE	
sugarcane	SoffiXsponR570.05Dg250400	MYB	TFF	TRUE	2	0.342901	1			FALSE	FALSE	
sugarcane	SoffiXsponR570.05Dg252100	bZIP	TFF	FALSE	2	0.260195	1			FALSE	FALSE	
sugarcane	SoffiXsponR570.05Dg258200	RWP-RK	TFF	FALSE	164	26.351371	0.327846775400269			FALSE	FALSE	
sugarcane	SoffiXsponR570.05Dg260000	NAC	TFF	FALSE	412	120.297169	0.0913826093118843			FALSE	FALSE	
sugarcane	SoffiXsponR570.05Dg260900	MYB-related	TFF	TRUE	278	91.883467	0.631872841077319			FALSE	FALSE	
sugarcane	SoffiXsponR570.05Dg262200	C2H2	TFF	FALSE	587	89.426693	0.385857399515091			FALSE	FALSE	
sugarcane	SoffiXsponR570.05Dg263200	WRKY	TFF	FALSE	1	0.156593				FALSE	FALSE	
sugarcane	SoffiXsponR570.05Dg264600	NAC	TFF	FALSE	66	22.535583	0.224242424242424			FALSE	FALSE	
sugarcane	SoffiXsponR570.05Dg267500	GRF	TFF	FALSE	15	1.331166	0.466666666666667	-0.5584	0.0007862	FALSE	TRUE	
sugarcane	SoffiXsponR570.05Dg270800	CAMTA	TFF	FALSE	3	0.298919	0.333333333333333			FALSE	FALSE	
sugarcane	SoffiXsponR570.05Dg272900	PHD	OTR	FALSE	12	1.370995	0.742424242424242	0.1847	0.4841	FALSE	TRUE	
sugarcane	SoffiXsponR570.05Dg276600	SBP	TFF	FALSE	18	1.474082	0.562091503267974			FALSE	FALSE	
sugarcane	SoffiXsponR570.05Dg276700	SBP	TFF	FALSE	1	0.023372				FALSE	FALSE	
sugarcane	SoffiXsponR570.05Dg281100	GRAS	TFF	FALSE	23	1.736048	0.818181818181818			FALSE	FALSE	
sugarcane	SoffiXsponR570.05Dg287100	FHA	TFF	FALSE	24	2.564692	0.503623188405797	-0.4367	0.01647	FALSE	TRUE	
sugarcane	SoffiXsponR570.05Dg294200	CCAAT	TFF	FALSE	1	0.0204				FALSE	FALSE	
sugarcane	SoffiXsponR570.05Dg294600	GRAS	TFF	FALSE	2613	335.591421	0.782337868907319	-0.3866	0.04309	FALSE	TRUE	
sugarcane	SoffiXsponR570.05Dg296500	bHLH	TFF	FALSE	2	0.096763	1			FALSE	FALSE	
sugarcane	SoffiXsponR570.05Dg300500	bHLH	TFF	FALSE	1	0.062496				FALSE	FALSE	
sugarcane	SoffiXsponR570.05Dg301800	MYB	TFF	TRUE	15	3.604847	0.0380952380952381			FALSE	FALSE	
sugarcane	SoffiXsponR570.05Dg304200	ABI3VP1	TFF	FALSE	5742	965.92007	0.865757260876458	0.0213	0.9642	FALSE	TRUE	
sugarcane	SoffiXsponR570.05Dg306500	NAC	TFF	FALSE	132	42.855923	0.174068933610918			FALSE	FALSE	
sugarcane	SoffiXsponR570.05Dg306600	NAC	TFF	FALSE	165	13.976713	0.0240206947524021			FALSE	FALSE	
sugarcane	SoffiXsponR570.05Dg308700	TRAF	OTR	FALSE	4	0.956703	0.333333333333333			FALSE	FALSE	
sugarcane	SoffiXsponR570.05Dg316200	BES1	TFF	FALSE	2	0.451361	0			FALSE	FALSE	
sugarcane	SoffiXsponR570.05Dg316900	C2H2	TFF	FALSE	17	1.793917	0.595588235294118			FALSE	FALSE	
sugarcane	SoffiXsponR570.05Dg317700	mTERF	OTR	FALSE	1589	203.396693	0.710648460052027	0.0342	0.9367	FALSE	TRUE	
sugarcane	SoffiXsponR570.05Dg318100	WRKY	TFF	FALSE	12628	4461.801511	0.657846052870652	-0.157	0.5847	FALSE	TRUE	
sugarcane	SoffiXsponR570.05Dg319200	GNAT	OTR	FALSE	4	0.825463	0.333333333333333			FALSE	FALSE	
sugarcane	SoffiXsponR570.05Dg320700	GRAS	TFF	FALSE	3	0.161736	1			FALSE	FALSE	
sugarcane	SoffiXsponR570.05Dg330000	MADS	TFF	FALSE	220	110.30067	0.423578248235783			FALSE	FALSE	
sugarcane	SoffiXsponR570.05Dg331900	CCAAT	TFF	FALSE	4	0.59022	0.333333333333333			FALSE	FALSE	
sugarcane	SoffiXsponR570.05Dg333700	GRAS	TFF	FALSE	2	0.575668	0	-0.2536	0.2697	FALSE	TRUE	
sugarcane	SoffiXsponR570.05Dg335800	Tify	TFF	FALSE	9	2.320595	0.472222222222222			FALSE	FALSE	
sugarcane	SoffiXsponR570.05Dg336900	AP2-EREBP	TFF	FALSE	2	0.160155	0	-0.1297	0.6555	FALSE	TRUE	
sugarcane	SoffiXsponR570.05Dg337800	SAP	TFF	FALSE	5	0.462046	0.2	-0.3953	0.03687	FALSE	TRUE	
sugarcane	SoffiXsponR570.05Dg346800	bHLH	TFF	FALSE	8137	1821.067434	0.854399414210601	-0.0862	0.8048	FALSE	TRUE	
sugarcane	SoffiXsponR570.05Dg347000	MYB	TFF	TRUE	5879	1005.523187	0.930255039520196			FALSE	FALSE	
sugarcane	SoffiXsponR570.05Dg349900	SART-1	OTR	FALSE	24	1.554387	0.822463768115942			FALSE	FALSE	
sugarcane	SoffiXsponR570.05Dg350100	MYB	TFF	TRUE	4	0.362406	0.5			FALSE	FALSE	
sugarcane	SoffiXsponR570.05Dg353600	HSF	TFF	FALSE	100	30.941186	0.162424242424242			FALSE	FALSE	
sugarcane	SoffiXsponR570.05Dg355500	MED26	OTR	FALSE	156	11.151956	0.911579818031431			FALSE	FALSE	
sugarcane	SoffiXsponR570.05Dg357100	bZIP	TFF	FALSE	42	4.74995	0.673635307781649	0.2802	0.2012	FALSE	TRUE	
sugarcane	SoffiXsponR570.05Dg359400	BSD	TFF	FALSE	8837	2141.443787	0.816584279040351			FALSE	FALSE	
sugarcane	SoffiXsponR570.05Dg360500	TRAF	OTR	FALSE	13366	5108.135633	0.649315473386499	0.038	0.9291	FALSE	TRUE	
sugarcane	SoffiXsponR570.05Dg365600	DDT;PHD	OTR	FALSE	10217	2865.720085	0.785567017183654	0.026	0.9534	FALSE	TRUE	
sugarcane	SoffiXsponR570.05Dg368100	TUB	TFF	FALSE	10	2.418749	0.666666666666667			FALSE	FALSE	
sugarcane	SoffiXsponR570.05Dg376900	ABI3VP1	TFF	FALSE	14950	6398.575128	0.563510021028017			FALSE	FALSE	
sugarcane	SoffiXsponR570.05Dg377200	WRKY	TFF	FALSE	24	2.514672	0.452898550724638			FALSE	FALSE	
sugarcane	SoffiXsponR570.05Dg379200	NAC	TFF	FALSE	71	12.133877	0.426156941649899	-0.4442	0.01409	FALSE	TRUE	
sugarcane	SoffiXsponR570.05Dg379800	NAC	TFF	FALSE	2	0.101221	0			FALSE	FALSE	
sugarcane	SoffiXsponR570.05Dg380100	C2C2-Dof	TFF	FALSE	71	5.334622	0.694969818913481			FALSE	FALSE	
sugarcane	SoffiXsponR570.05Dg382200	bZIP	TFF	FALSE	968	99.103892	0.793653371165828	0.053	0.8963	FALSE	TRUE	
sugarcane	SoffiXsponR570.05Dg383700	bZIP	TFF	FALSE	31	1.992356	0.705376344086021			FALSE	FALSE	
sugarcane	SoffiXsponR570.05Dg387400	PHD	OTR	FALSE	222	28.729615	0.00921283274224451	-0.2047	0.4196	FALSE	TRUE	
sugarcane	SoffiXsponR570.05Eg001800	TRAF	OTR	FALSE	8989	2326.921041	0.815713271271623	0.0277	0.9502	FALSE	TRUE	
sugarcane	SoffiXsponR570.05Eg001900	C2H2	TFF	FALSE	143	24.550635	0.0538757017630257	-0.0053	0.9921	FALSE	TRUE	
sugarcane	SoffiXsponR570.05Eg011500	MADS	TFF	FALSE	11	2.317814	0.0545454545454545			FALSE	FALSE	
sugarcane	SoffiXsponR570.05Eg024500	bZIP	TFF	FALSE	3	0.665403	0.333333333333333			FALSE	FALSE	
sugarcane	SoffiXsponR570.05Eg026800	HB	TFF	FALSE	30	6.085483	0.289655172413793			FALSE	FALSE	
sugarcane	SoffiXsponR570.05Eg029500	mTERF	OTR	FALSE	2	0.223547	1	-0.2217	0.3648	FALSE	TRUE	
sugarcane	SoffiXsponR570.05Eg030600	NAC	TFF	FALSE	19	6.927349	0.497076023391813			FALSE	FALSE	
sugarcane	SoffiXsponR570.05Eg032500	FAR1	TFF	FALSE	201	27.396393	0.471890547263682	0.3032	0.1522	FALSE	TRUE	
sugarcane	SoffiXsponR570.05Eg033100	bHLH	TFF	FALSE	777	100.838419	0.583900542663429			FALSE	FALSE	
sugarcane	SoffiXsponR570.05Eg037200	TCP	TFF	FALSE	16	1.521931	0.908333333333333			FALSE	FALSE	
sugarcane	SoffiXsponR570.05Eg038500	Tify	TFF	FALSE	1	0.207604				FALSE	FALSE	
sugarcane	SoffiXsponR570.05Eg045400	PHD	OTR	FALSE	10970	3412.470745	0.713550136695002	0.1264	0.6672	FALSE	TRUE	
sugarcane	SoffiXsponR570.05Eg047000	CPP	TFF	FALSE	9	0.666468	0.833333333333333			FALSE	FALSE	
sugarcane	SoffiXsponR570.05Eg050500	bHLH	TFF	FALSE	18	1.576598	0.869281045751634	-0.244	0.2959	FALSE	TRUE	
sugarcane	SoffiXsponR570.05Eg050700	bZIP	TFF	FALSE	127	35.867009	0.12623422072241			FALSE	FALSE	
sugarcane	SoffiXsponR570.05Eg051700	AUX/IAA	OTR	FALSE	45	5.544612	0.611111111111111	0.0032	0.995	FALSE	TRUE	
sugarcane	SoffiXsponR570.05Eg052500	SAP	TFF	FALSE	70	6.404262	0.285714285714286	-0.4572	0.01062	FALSE	TRUE	
sugarcane	SoffiXsponR570.05Eg054900	PHD	OTR	FALSE	5	0.397664	0.5			FALSE	FALSE	
sugarcane	SoffiXsponR570.05Eg058900	FHA	TFF	FALSE	1846	181.291971	0.902583480872729	-0.1665	0.5498	FALSE	TRUE	
sugarcane	SoffiXsponR570.05Eg061000	bHLH	TFF	FALSE	23	5.495968	0.541501976284585			FALSE	FALSE	
sugarcane	SoffiXsponR570.05Eg065100	SET	OTR	FALSE	4764	687.474177	0.88998063191058	-0.0353	0.9343	FALSE	TRUE	
sugarcane	SoffiXsponR570.05Eg066500	NAC	TFF	FALSE	5693	970.905528	0.944246049845584	0.103	0.7486	FALSE	TRUE	
sugarcane	SoffiXsponR570.05Eg066900	AP2-EREBP	TFF	FALSE	325	25.357854	0.919981006647673	0.2203	0.3698	FALSE	TRUE	
sugarcane	SoffiXsponR570.05Eg069500	Alfin-like	TFF	FALSE	12	1.066913	0.348484848484849			FALSE	FALSE	
sugarcane	SoffiXsponR570.05Eg069700	AP2-EREBP	TFF	FALSE	29	2.0095	0.70935960591133			FALSE	FALSE	
sugarcane	SoffiXsponR570.05Eg080100	TRAF	OTR	FALSE	10764	3260.979185	0.771820241890814	-0.0684	0.8569	FALSE	TRUE	
sugarcane	SoffiXsponR570.05Eg083500	GNAT	OTR	FALSE	1874	259.553662	0.695749461111418	0.1077	0.7334	FALSE	TRUE	
sugarcane	SoffiXsponR570.05Eg089600	BBR/BPC	TFF	FALSE	948	80.178084	0.89270135760719	-0.2448	0.294	FALSE	TRUE	
sugarcane	SoffiXsponR570.05Eg090500	AP2-EREBP	TFF	FALSE	127	35.867009	0.12623422072241			FALSE	FALSE	
sugarcane	SoffiXsponR570.05Eg094400	SET	OTR	FALSE	1086	88.378634	0.931238808123499			FALSE	FALSE	
sugarcane	SoffiXsponR570.05Eg095700	MYB-related	TFF	TRUE	11281	3466.261416	0.670349992235737	-0.113	0.7148	FALSE	TRUE	
sugarcane	SoffiXsponR570.05Eg100000	WRKY	TFF	FALSE	132	15.428614	0.394633356465418	0.0417	0.9213	FALSE	TRUE	
sugarcane	SoffiXsponR570.05Eg105800	CCAAT	TFF	FALSE	7	1.533457	0.428571428571429			FALSE	FALSE	
sugarcane	SoffiXsponR570.05Eg110100	AP2-EREBP	TFF	FALSE	117	10.205298	0.910551134689066			FALSE	FALSE	
sugarcane	SoffiXsponR570.05Eg114700	bZIP	TFF	FALSE	2	0.142326	1			FALSE	FALSE	
sugarcane	SoffiXsponR570.05Eg122800	MYB-related	TFF	TRUE	9	0.516903	0.361111111111111			FALSE	FALSE	
sugarcane	SoffiXsponR570.05Eg122900	MYB-related	TFF	TRUE	7	0.883197	0.19047619047619			FALSE	FALSE	
sugarcane	SoffiXsponR570.05Eg123800	bZIP	TFF	FALSE	2	0.704432	1			FALSE	FALSE	
sugarcane	SoffiXsponR570.05Eg132600	WRKY	TFF	FALSE	1	0.213052				FALSE	FALSE	
sugarcane	SoffiXsponR570.05Eg133100	WRKY	TFF	FALSE	3	0.104287	0			FALSE	FALSE	
sugarcane	SoffiXsponR570.05Eg133200	WRKY	TFF	FALSE	180	39.682481	0.266418373680944	0.367	0.0603	FALSE	TRUE	
sugarcane	SoffiXsponR570.05Eg141800	AP2-EREBP	TFF	FALSE	1	0.031791				FALSE	FALSE	
sugarcane	SoffiXsponR570.05Eg149300	PHD	OTR	FALSE	3534	438.826163	0.962964440217716	-0.15	0.596	FALSE	TRUE	
sugarcane	SoffiXsponR570.05Eg152600	MYB	TFF	TRUE	17	3.327699	0.0441176470588235	0.1459	0.596	FALSE	TRUE	
sugarcane	SoffiXsponR570.05Eg152800	MYB	TFF	TRUE	1	0.178879				FALSE	FALSE	
sugarcane	SoffiXsponR570.05Eg153000	MYB	TFF	TRUE	15	1.508464	0.8			FALSE	FALSE	
sugarcane	SoffiXsponR570.05Eg153100	Tify	TFF	FALSE	20	4.197144	0.284210526315789	0.5327	0.001652	FALSE	TRUE	
sugarcane	SoffiXsponR570.05Eg156200	NAC	TFF	FALSE	94	24.888689	0.100205902539465			FALSE	FALSE	
sugarcane	SoffiXsponR570.05Eg158000	zf-HD	TFF	FALSE	1	0.033277		0.3485	0.08097	FALSE	TRUE	
sugarcane	SoffiXsponR570.05Eg159300	WRKY	TFF	FALSE	34	7.686998	0.071301247771836			FALSE	FALSE	
sugarcane	SoffiXsponR570.05Eg162900	AP2-EREBP	TFF	FALSE	1	0.154612				FALSE	FALSE	
sugarcane	SoffiXsponR570.05Eg168200	AP2-EREBP	TFF	FALSE	12480	4393.14959	0.674104161658253			FALSE	FALSE	
sugarcane	SoffiXsponR570.05Eg170200	Tify	TFF	FALSE	35	6.446498	0.258823529411765			FALSE	FALSE	
sugarcane	SoffiXsponR570.05Eg179700	mTERF	OTR	FALSE	256	82.121036	0.217126225490196			FALSE	FALSE	
sugarcane	SoffiXsponR570.05Eg180000	HSF	TFF	FALSE	13	3.158439	0.128205128205128			FALSE	FALSE	
sugarcane	SoffiXsponR570.05Eg180600	bZIP	TFF	FALSE	3	0.644602	0.333333333333333			FALSE	FALSE	
sugarcane	SoffiXsponR570.05Eg180900	HSF	TFF	FALSE	6	0.792471	0.333333333333333			FALSE	FALSE	
sugarcane	SoffiXsponR570.05Eg181200	AP2-EREBP	TFF	FALSE	6	0.495818	0.333333333333333	0.2127	0.3955	FALSE	TRUE	
sugarcane	SoffiXsponR570.05Eg184800	bHLH	TFF	FALSE	127	35.867009	0.12623422072241			FALSE	FALSE	
sugarcane	SoffiXsponR570.05Eg185800	zf-HD	TFF	FALSE	17	6.697859	0.433823529411765			FALSE	FALSE	
sugarcane	SoffiXsponR570.05Eg189100	bHLH	TFF	FALSE	1154	113.816063	0.910648282455083	0.1892	0.4686	FALSE	TRUE	
sugarcane	SoffiXsponR570.05Eg189400	C2C2-Dof	TFF	FALSE	1	0.062496				FALSE	FALSE	
sugarcane	SoffiXsponR570.05Eg194200	WRKY	TFF	FALSE	175	21.416778	0.41944170771757	-0.4472	0.0132	FALSE	TRUE	
sugarcane	SoffiXsponR570.05Eg196900	C2H2	TFF	FALSE	2	0.070515	0			FALSE	FALSE	
sugarcane	SoffiXsponR570.05Eg197100	zf-A20	TFF	FALSE	176	61.961806	0.26525974025974	0.1459	0.596	FALSE	TRUE	
sugarcane	SoffiXsponR570.05Eg198800	EIL	TFF	FALSE	1	0.042191				FALSE	FALSE	
sugarcane	SoffiXsponR570.05Eg200300	MYB-related	TFF	TRUE	1	0.234347				FALSE	FALSE	
sugarcane	SoffiXsponR570.05Eg203100	NAC	TFF	FALSE	2	0.222061	0	-0.1062	0.7382	FALSE	TRUE	
sugarcane	SoffiXsponR570.05Eg206200	C3H	TFF	FALSE	9	0.755118	0.361111111111111	-0.3212	0.1199	FALSE	TRUE	
sugarcane	SoffiXsponR570.05Eg211500	bHLH	TFF	FALSE	29	2.836563	0.295566502463054	0.7349	2.779e-07	TRUE	TRUE	ortholog_not_correlated
sugarcane	SoffiXsponR570.05Eg216600	bHLH	TFF	FALSE	13	1.26907	0.205128205128205			FALSE	FALSE	
sugarcane	SoffiXsponR570.05Eg222900	bHLH	TFF	FALSE	1175	360.095293	0.487961143934177			FALSE	FALSE	
sugarcane	SoffiXsponR570.05Eg223000	bHLH	TFF	FALSE	184	33.595278	0.85631979092421			FALSE	FALSE	
sugarcane	SoffiXsponR570.05Eg224800	TCP	TFF	FALSE	1	0.333397				FALSE	FALSE	
sugarcane	SoffiXsponR570.05Eg225200	AP2-EREBP	TFF	FALSE	15	1.14	0			FALSE	FALSE	
sugarcane	SoffiXsponR570.05Eg225300	AP2-EREBP	TFF	FALSE	12	1.5998	0.196969696969697			FALSE	FALSE	
sugarcane	SoffiXsponR570.05Eg225600	AP2-EREBP	TFF	FALSE	10	1.873977	0.511111111111111	0.055	0.8925	FALSE	TRUE	
sugarcane	SoffiXsponR570.05Eg227300	HSF	TFF	FALSE	160	22.656443	0.604481132075472			FALSE	FALSE	
sugarcane	SoffiXsponR570.05Eg227700	zf-A20	TFF	FALSE	220	90.714122	0.0789539227895392			FALSE	FALSE	
sugarcane	SoffiXsponR570.05Eg231100	SRS	TFF	FALSE	218	18.985238	0.0292563311207881			FALSE	FALSE	
sugarcane	SoffiXsponR570.05Eg235200	MYB	TFF	TRUE	2	0.137374	0	-0.3481	0.08143	FALSE	TRUE	
sugarcane	SoffiXsponR570.05Eg243800	RWP-RK	TFF	FALSE	53	5.688004	0.420174165457184	-0.7434	1.614e-07	TRUE	TRUE	ortholog_not_correlated
sugarcane	SoffiXsponR570.05Eg245300	HMG	OTR	FALSE	987	85.152591	0.841189006783931			FALSE	FALSE	
sugarcane	SoffiXsponR570.05Eg246100	NAC	TFF	FALSE	132	42.855923	0.174068933610918			FALSE	FALSE	
sugarcane	SoffiXsponR570.05Eg247900	C2H2	TFF	FALSE	67	7.446473	0.379466304839439			FALSE	FALSE	
sugarcane	SoffiXsponR570.05Eg251500	mTERF	OTR	FALSE	8	1.055143	0.321428571428571	0.3152	0.1302	FALSE	TRUE	
sugarcane	SoffiXsponR570.05Eg255500	SET	OTR	FALSE	82	40.17931	0.157783800060223			FALSE	FALSE	
sugarcane	SoffiXsponR570.05Eg258700	GRAS	TFF	FALSE	21	2.257354	0.280952380952381	0.1117	0.7196	FALSE	TRUE	
sugarcane	SoffiXsponR570.05Eg265000	PHD	OTR	FALSE	30	2.828239	0.583908045977012	0.1851	0.4824	FALSE	TRUE	
sugarcane	SoffiXsponR570.05Eg269300	SBP	TFF	FALSE	1	0.247224				FALSE	FALSE	
sugarcane	SoffiXsponR570.05Eg273600	GRAS	TFF	FALSE	1264	147.472156	0.765044799903786	0.068	0.8579	FALSE	TRUE	
sugarcane	SoffiXsponR570.05Eg276900	MYB-related	TFF	TRUE	13057	4830.093067	0.665101250061946	-0.0725	0.846	FALSE	TRUE	
sugarcane	SoffiXsponR570.05Eg280200	FHA	TFF	FALSE	30	2.145293	0.675862068965517			FALSE	FALSE	
sugarcane	SoffiXsponR570.05Eg285300	bHLH	TFF	FALSE	36	3.004622	0.587301587301587	-0.2202	0.3701	FALSE	TRUE	
sugarcane	SoffiXsponR570.05Eg286000	CCAAT	TFF	FALSE	397	40.212716	0.777625117675496	0.1767	0.5124	FALSE	TRUE	
sugarcane	SoffiXsponR570.05Eg286100	CCAAT	TFF	FALSE	7306	1568.588964	0.827245512628459	-0.2011	0.4292	FALSE	TRUE	
sugarcane	SoffiXsponR570.05Eg286500	GRAS	TFF	FALSE	644	51.482276	0.914709774639452	-0.2449	0.2939	FALSE	TRUE	
sugarcane	SoffiXsponR570.05Eg292800	bHLH	TFF	FALSE	1	0.025848				FALSE	FALSE	
sugarcane	SoffiXsponR570.05Eg296700	ABI3VP1	TFF	FALSE	3421	420.776523	0.875460135284133			FALSE	FALSE	
sugarcane	SoffiXsponR570.05Eg296900	FAR1	TFF	FALSE	363	27.884752	0.899791485929105	-0.0613	0.8765	FALSE	TRUE	
sugarcane	SoffiXsponR570.05Eg299200	NAC	TFF	FALSE	22	6.038169	0.515151515151515			FALSE	FALSE	
sugarcane	SoffiXsponR570.05Eg300200	GRAS	TFF	FALSE	1722	179.104562	0.892243185733924	0.0816	0.8201	FALSE	TRUE	
sugarcane	SoffiXsponR570.05Eg310700	C2H2	TFF	FALSE	193	13.10972	0.901446459412781			FALSE	FALSE	
sugarcane	SoffiXsponR570.05Eg311600	mTERF	OTR	FALSE	15317	6767.198054	0.546847144833825	-0.0428	0.9194	FALSE	TRUE	
sugarcane	SoffiXsponR570.05Eg311900	GRAS	TFF	FALSE	40	2.969345	0.717948717948718	-0.004	0.9936	FALSE	TRUE	
sugarcane	SoffiXsponR570.05Eg312000	WRKY	TFF	FALSE	15242	6732.191281	0.552485177116839	-0.0342	0.9368	FALSE	TRUE	
sugarcane	SoffiXsponR570.05Eg313200	GNAT	OTR	FALSE	11741	3808.244897	0.681830339582299	-0.0138	0.9783	FALSE	TRUE	
sugarcane	SoffiXsponR570.05Eg329700	CCAAT	TFF	FALSE	1	0.019905				FALSE	FALSE	
sugarcane	SoffiXsponR570.05Eg332000	BSD	TFF	FALSE	316	22.959505	0.939240506329114	-0.1385	0.6226	FALSE	TRUE	
sugarcane	SoffiXsponR570.05Eg333200	TRAF	OTR	FALSE	14885	6417.89995	0.570242476201808	0.0052	0.9921	FALSE	TRUE	
sugarcane	SoffiXsponR570.05Eg336700	CCAAT	TFF	FALSE	13594	5200.332296	0.630199117298743	0.0391	0.9265	FALSE	TRUE	
sugarcane	SoffiXsponR570.05Eg341000	TUB	TFF	FALSE	4	0.918569	0.333333333333333			FALSE	FALSE	
sugarcane	SoffiXsponR570.05Eg349700	ABI3VP1	TFF	FALSE	126	11.785498	0.553650793650794	-0.2291	0.3411	FALSE	TRUE	
sugarcane	SoffiXsponR570.05Eg350000	WRKY	TFF	FALSE	2	0.051696	1			FALSE	FALSE	
sugarcane	SoffiXsponR570.05Eg351500	C3H	TFF	FALSE	30	2.2904	0.397701149425287			FALSE	FALSE	
sugarcane	SoffiXsponR570.05Eg351900	NAC	TFF	FALSE	10	0.945883	0.4			FALSE	FALSE	
sugarcane	SoffiXsponR570.05Eg352400	NAC	TFF	FALSE	3	0.153317	0.333333333333333	-0.4754	0.007023	FALSE	TRUE	
sugarcane	SoffiXsponR570.05Eg352800	MYB-related	TFF	TRUE	22	1.941481	0.493506493506494	0.6747	7.889e-06	TRUE	TRUE	ortholog_not_correlated
sugarcane	SoffiXsponR570.05Eg354600	bZIP	TFF	FALSE	469	45.745038	0.730678111275126			FALSE	FALSE	
sugarcane	SoffiXsponR570.05Eg355900	bZIP	TFF	FALSE	7399	1567.915353	0.905411035686088	-0.0301	0.9454	FALSE	TRUE	
sugarcane	SoffiXsponR570.05Fg001200	TRAF	OTR	FALSE	14	0.926453	0.54945054945055			FALSE	FALSE	
sugarcane	SoffiXsponR570.05Fg008800	zf-C5HC2	TFF	FALSE	26	13.832261	0.526153846153846			FALSE	FALSE	
sugarcane	SoffiXsponR570.05Fg009700	WRKY	TFF	FALSE	13	1.026893	0.91025641025641			FALSE	FALSE	
sugarcane	SoffiXsponR570.05Fg013100	GNAT	OTR	FALSE	2	0.075963	0			FALSE	FALSE	
sugarcane	SoffiXsponR570.05Fg021800	FAR1	TFF	FALSE	362	64.952456	0.298725149599792			FALSE	FALSE	
sugarcane	SoffiXsponR570.05Fg025900	AP2-EREBP	TFF	FALSE	66	16.253862	0.112820512820513			FALSE	FALSE	
sugarcane	SoffiXsponR570.05Fg027100	HB	TFF	FALSE	167	20.207119	0.827140898925041			FALSE	FALSE	
sugarcane	SoffiXsponR570.05Fg029800	mTERF	OTR	FALSE	490	64.615968	0.522373857518468	-0.1275	0.6634	FALSE	TRUE	
sugarcane	SoffiXsponR570.05Fg030700	NAC	TFF	FALSE	221	68.37013	0.299629781982723	0.2666	0.2346	FALSE	TRUE	
sugarcane	SoffiXsponR570.05Fg031900	SAP	TFF	FALSE	1	0.037734				FALSE	FALSE	
sugarcane	SoffiXsponR570.05Fg046200	bZIP	TFF	FALSE	184	18.195058	0.619327631266334	-0.49	0.004985	FALSE	TRUE	
sugarcane	SoffiXsponR570.05Fg053500	MYB	TFF	TRUE	125	9.837594	0.736387096774194	0.0312	0.9428	FALSE	TRUE	
sugarcane	SoffiXsponR570.05Fg053800	ABI3VP1	TFF	FALSE	1	0.264557				FALSE	FALSE	
sugarcane	SoffiXsponR570.05Fg057000	SET	OTR	FALSE	7524	1625.010465	0.878588136908236	0.2007	0.4303	FALSE	TRUE	
sugarcane	SoffiXsponR570.05Fg061700	zf-BED	TFF	FALSE	8619	2102.41043	0.822669513356899	-0.1385	0.6225	FALSE	TRUE	
sugarcane	SoffiXsponR570.05Fg062700	C2H2	TFF	FALSE	419	156.362756	0.54601409142296	0.1917	0.4603	FALSE	TRUE	
sugarcane	SoffiXsponR570.05Fg069400	MYB-related	TFF	TRUE	466	59.544332	0.378346947251834	-0.482	0.00602	FALSE	TRUE	
sugarcane	SoffiXsponR570.05Fg069500	MYB-related	TFF	TRUE	1	0.530505				FALSE	FALSE	
sugarcane	SoffiXsponR570.05Fg087900	Jumonji	OTR	FALSE	377	67.995198	0.275269484733901	0.6386	4.155e-05	TRUE	TRUE	ortholog_not_correlated
sugarcane	SoffiXsponR570.05Fg090500	MYB	TFF	TRUE	2	0.533572	0			FALSE	FALSE	
sugarcane	SoffiXsponR570.05Fg090600	MYB	TFF	TRUE	9	0.52978	0.833333333333333			FALSE	FALSE	
sugarcane	SoffiXsponR570.05Fg090700	Tify	TFF	FALSE	11	2.300975	0.527272727272727			FALSE	FALSE	
sugarcane	SoffiXsponR570.05Fg093500	SET	OTR	FALSE	58	7.954237	0.647912885662432	0.544	0.001196	FALSE	TRUE	
sugarcane	SoffiXsponR570.05Fg095600	zf-HD	TFF	FALSE	24	4.475853	0.52536231884058			FALSE	FALSE	
sugarcane	SoffiXsponR570.05Fg097200	WRKY	TFF	FALSE	58	14.689605	0.381125226860254	0.6393	4.027e-05	TRUE	TRUE	ortholog_not_correlated
sugarcane	SoffiXsponR570.05Fg100600	AP2-EREBP	TFF	FALSE	16	1.252516	0.683333333333333	0.0597	0.8802	FALSE	TRUE	
sugarcane	SoffiXsponR570.05Fg105700	ARID	OTR	FALSE	1596	156.68065	0.891692397137043	0.0127	0.9796	FALSE	TRUE	
sugarcane	SoffiXsponR570.05Fg105900	AP2-EREBP	TFF	FALSE	2417	257.663902	0.892998202577219	-0.3437	0.08699	FALSE	TRUE	
sugarcane	SoffiXsponR570.05Fg115200	C2H2	TFF	FALSE	8	5.494047	0.785714285714286			FALSE	FALSE	
sugarcane	SoffiXsponR570.05Fg117900	mTERF	OTR	FALSE	42	10.627054	0.0603948896631824			FALSE	FALSE	
sugarcane	SoffiXsponR570.05Fg119100	HSF	TFF	FALSE	20	1.436633	0.626315789473684	-0.1053	0.7407	FALSE	TRUE	
sugarcane	SoffiXsponR570.05Fg119400	AP2-EREBP	TFF	FALSE	189	59.97066	0.480468310255544			FALSE	FALSE	
sugarcane	SoffiXsponR570.05Fg119500	AP2-EREBP	TFF	FALSE	2	0.176498	0	0.0299	0.9458	FALSE	TRUE	
sugarcane	SoffiXsponR570.05Fg119600	AP2-EREBP	TFF	FALSE	20	1.906128	0.484210526315789	0.1024	0.7509	FALSE	TRUE	
sugarcane	SoffiXsponR570.05Fg125700	bHLH	TFF	FALSE	43	7.912696	0.386489479512735	0.217	0.3808	FALSE	TRUE	
sugarcane	SoffiXsponR570.05Fg128100	bZIP	TFF	FALSE	1	0.397284				FALSE	FALSE	
sugarcane	SoffiXsponR570.05Fg129500	bHLH	TFF	FALSE	1117	133.227244	0.671454195987075	-0.0236	0.9586	FALSE	TRUE	
sugarcane	SoffiXsponR570.05Fg135000	WRKY	TFF	FALSE	5	0.482351	0.2	-0.5475	0.001077	FALSE	TRUE	
sugarcane	SoffiXsponR570.05Fg137800	C2H2	TFF	FALSE	277	31.03923	0.894417412232512			FALSE	FALSE	
sugarcane	SoffiXsponR570.05Fg139500	bZIP	TFF	FALSE	127	35.867009	0.12623422072241	0.1459	0.596	FALSE	TRUE	
sugarcane	SoffiXsponR570.05Fg139600	EIL	TFF	FALSE	6	2.585763	0.6			FALSE	FALSE	
sugarcane	SoffiXsponR570.05Fg140000	SBP	TFF	FALSE	6	0.60923	0.8			FALSE	FALSE	
sugarcane	SoffiXsponR570.05Fg141200	C3H	TFF	FALSE	4	0.466408	0			FALSE	FALSE	
sugarcane	SoffiXsponR570.05Fg143600	NAC	TFF	FALSE	6	0.536428	0.466666666666667	0.0763	0.835	FALSE	TRUE	
sugarcane	SoffiXsponR570.05Fg147300	bHLH	TFF	FALSE	18	1.729135	0.228758169934641	0.7389	2.159e-07	TRUE	TRUE	ortholog_not_correlated
sugarcane	SoffiXsponR570.05Fg150200	SBP	TFF	FALSE	1	0.084287				FALSE	FALSE	
sugarcane	SoffiXsponR570.05Fg152000	NAC	TFF	FALSE	4	0.506523	0.666666666666667	-0.2195	0.3727	FALSE	TRUE	
sugarcane	SoffiXsponR570.05Fg152900	bHLH	TFF	FALSE	31	2.817439	0.812903225806452			FALSE	FALSE	
sugarcane	SoffiXsponR570.05Fg160200	bHLH	TFF	FALSE	269	70.057544	0.859845752649392			FALSE	FALSE	
sugarcane	SoffiXsponR570.05Fg160300	bHLH	TFF	FALSE	236	42.70931	0.783195095564371	0.3003	0.1584	FALSE	TRUE	
sugarcane	SoffiXsponR570.05Fg162300	AP2-EREBP	TFF	FALSE	7	1.366063	0			FALSE	FALSE	
sugarcane	SoffiXsponR570.05Fg162400	AP2-EREBP	TFF	FALSE	317	83.955288	0.0267340174899173			FALSE	FALSE	
sugarcane	SoffiXsponR570.05Fg162500	AP2-EREBP	TFF	FALSE	8	1.981256	0.642857142857143			FALSE	FALSE	
sugarcane	SoffiXsponR570.05Fg162800	AP2-EREBP	TFF	FALSE	2	0.164117	1			FALSE	FALSE	
sugarcane	SoffiXsponR570.05Fg166900	AUX/IAA	OTR	FALSE	194	65.992851	0.265584103413279			FALSE	FALSE	
sugarcane	SoffiXsponR570.05Fg168300	SRS	TFF	FALSE	260	65.065088	0.0553014553014553	0.203	0.4239	FALSE	TRUE	
sugarcane	SoffiXsponR570.05Fg168400	Pseudo_ARR-B	OTR	FALSE	55	8.147594	0.47003367003367	-0.4387	0.01579	FALSE	TRUE	
sugarcane	SoffiXsponR570.05Fg168700	MYB	TFF	TRUE	1	0.136288				FALSE	FALSE	
sugarcane	SoffiXsponR570.05Fg171900	MYB	TFF	TRUE	124	14.872186	0.681746656176239	-0.3303	0.1056	FALSE	TRUE	
sugarcane	SoffiXsponR570.05Fg173500	bZIP	TFF	FALSE	1	0.097659				FALSE	FALSE	
sugarcane	SoffiXsponR570.05Fg179900	RWP-RK	TFF	FALSE	236	44.975068	0.271258564731338	-0.8734	5.752e-13	TRUE	TRUE	ortholog_not_correlated
sugarcane	SoffiXsponR570.05Fg184100	C2H2	TFF	FALSE	57	6.524362	0.335213032581454			FALSE	FALSE	
sugarcane	SoffiXsponR570.05Fg184800	SET	OTR	FALSE	42	3.955573	0.651567944250871	0.127	0.6651	FALSE	TRUE	
sugarcane	SoffiXsponR570.05Fg187200	mTERF	OTR	FALSE	2	0.149755	0			FALSE	FALSE	
sugarcane	SoffiXsponR570.05Fg189600	GRF	TFF	FALSE	19	2.345318	0.526315789473684	-0.4473	0.01319	FALSE	TRUE	
sugarcane	SoffiXsponR570.05Fg190500	SET	OTR	FALSE	1	0.221966				FALSE	FALSE	
sugarcane	SoffiXsponR570.05Fg198000	CAMTA	TFF	FALSE	95	12.638339	0.626203807390818	-0.3118	0.1364	FALSE	TRUE	
sugarcane	SoffiXsponR570.05Fg200400	PHD	OTR	FALSE	288	41.85995	0.366676345334882	0.2237	0.3583	FALSE	TRUE	
sugarcane	SoffiXsponR570.05Fg204600	SBP	TFF	FALSE	81	7.528529	0.48179012345679			FALSE	FALSE	
sugarcane	SoffiXsponR570.05Fg208800	GRAS	TFF	FALSE	23	1.468614	0.798418972332016			FALSE	FALSE	
sugarcane	SoffiXsponR570.05Fg214900	FHA	TFF	FALSE	5	0.513552	0.9			FALSE	FALSE	
sugarcane	SoffiXsponR570.05Fg220200	CCAAT	TFF	FALSE	48	3.812026	0.928191489361702	0.1183	0.6968	FALSE	TRUE	
sugarcane	SoffiXsponR570.05Fg220300	CCAAT	TFF	FALSE	19	2.369585	0.280701754385965	-0.5429	0.001236	FALSE	TRUE	
sugarcane	SoffiXsponR570.05Fg222600	bHLH	TFF	FALSE	1	0.197204				FALSE	FALSE	
sugarcane	SoffiXsponR570.05Fg228300	MYB	TFF	TRUE	1	0.027334				FALSE	FALSE	
sugarcane	SoffiXsponR570.05Fg230500	ABI3VP1	TFF	FALSE	1	0.213547		0.1032	0.7482	FALSE	TRUE	
sugarcane	SoffiXsponR570.05Fg233200	NAC	TFF	FALSE	4	1.038419	0.833333333333333			FALSE	FALSE	
sugarcane	SoffiXsponR570.05Fg235300	C3H	TFF	FALSE	2	0.156193	0			FALSE	FALSE	
sugarcane	SoffiXsponR570.05Fg243300	MADS	TFF	FALSE	26	6.514977	0.126153846153846			FALSE	FALSE	
sugarcane	SoffiXsponR570.05Fg244800	C2H2	TFF	FALSE	79	7.89928	0.622849724115547			FALSE	FALSE	
sugarcane	SoffiXsponR570.05Fg246200	mTERF	OTR	FALSE	196	29.493292	0.277864992150706			FALSE	FALSE	
sugarcane	SoffiXsponR570.05Fg246500	C3H	TFF	FALSE	229	175.906978	0.13901018922853			FALSE	FALSE	
sugarcane	SoffiXsponR570.05Fg248200	GNAT	OTR	FALSE	20	1.827384	0.863157894736842	0.1653	0.5544	FALSE	TRUE	
sugarcane	SoffiXsponR570.05Fg251500	GRAS	TFF	FALSE	66	22.535583	0.224242424242424			FALSE	FALSE	
sugarcane	SoffiXsponR570.05Fg262100	MADS	TFF	FALSE	9	1.004227	0.305555555555556			FALSE	FALSE	
sugarcane	SoffiXsponR570.05Fg265600	GRAS	TFF	FALSE	24	8.975178	0.322463768115942			FALSE	FALSE	
sugarcane	SoffiXsponR570.05Fg267800	Tify	TFF	FALSE	7	1.432426	0.428571428571429			FALSE	FALSE	
sugarcane	SoffiXsponR570.05Fg277100	SAP	TFF	FALSE	228	27.811006	0.556070793724399			FALSE	FALSE	
sugarcane	SoffiXsponR570.05Fg278600	MYB	TFF	TRUE	4	0.834872	0.166666666666667	-0.4095	0.02833	FALSE	TRUE	
sugarcane	SoffiXsponR570.05Fg279300	bHLH	TFF	FALSE	1	0.01099				FALSE	FALSE	
sugarcane	SoffiXsponR570.05Fg279500	MYB	TFF	TRUE	120	68.699775	0.0358543417366947	-0.1936	0.4539	FALSE	TRUE	
sugarcane	SoffiXsponR570.05Fg282000	SART-1	OTR	FALSE	2693	286.112396	0.918596945799163			FALSE	FALSE	
sugarcane	SoffiXsponR570.05Fg282200	MYB	TFF	TRUE	624	83.187614	0.781603695929539	-0.0342	0.9367	FALSE	TRUE	
sugarcane	SoffiXsponR570.05Fg287600	MED26	OTR	FALSE	179	24.326243	0.328102441780177	0.5845	0.0003334	FALSE	TRUE	
sugarcane	SoffiXsponR570.05Fg289400	bZIP	TFF	FALSE	1	0.033772				FALSE	FALSE	
sugarcane	SoffiXsponR570.05Fg293600	TRAF	OTR	FALSE	7743	1690.867519	0.870666793046431	0.1051	0.7412	FALSE	TRUE	
sugarcane	SoffiXsponR570.05Fg299800	DDT	OTR	FALSE	1	0.133317				FALSE	FALSE	
sugarcane	SoffiXsponR570.05Fg306400	WRKY	TFF	FALSE	63	7.035038	0.444956477214542			FALSE	FALSE	
sugarcane	SoffiXsponR570.05Fg311100	bZIP	TFF	FALSE	54	5.31072	0.502445842068484			FALSE	FALSE	
sugarcane	SoffiXsponR570.05Fg311200	ABI3VP1	TFF	FALSE	53	6.122831	0.333817126269957	-0.2	0.4325	FALSE	TRUE	
sugarcane	SoffiXsponR570.05Fg311500	WRKY	TFF	FALSE	41	4.952411	0.540243902439024			FALSE	FALSE	
sugarcane	SoffiXsponR570.05Fg313100	C3H	TFF	FALSE	10	0.531856	0.511111111111111	-0.0971	0.7683	FALSE	TRUE	
sugarcane	SoffiXsponR570.05Fg313500	NAC	TFF	FALSE	53	9.598974	0.515239477503628	-0.4453	0.01377	FALSE	TRUE	
sugarcane	SoffiXsponR570.05Fg314100	NAC	TFF	FALSE	13	2.094647	0.346153846153846	-0.6637	1.339e-05	TRUE	TRUE	ortholog_not_correlated
sugarcane	SoffiXsponR570.05Fg314400	C2C2-Dof	TFF	FALSE	8	0.652506	0.107142857142857	-0.5257	0.002004	FALSE	TRUE	
sugarcane	SoffiXsponR570.05Fg314500	MYB-related	TFF	TRUE	5	0.209965	0.7			FALSE	FALSE	
sugarcane	SoffiXsponR570.05Fg316100	bZIP	TFF	FALSE	6	0.914302	0.4	0.0138	0.9783	FALSE	TRUE	
sugarcane	SoffiXsponR570.05Fg319200	FAR1	TFF	FALSE	92	35.109915	0.314859053989489	0.1459	0.596	FALSE	TRUE	
sugarcane	SoffiXsponR570.05Gg001200	C2H2	TFF	FALSE	21	6.198039	0.328571428571429	-0.1228	0.6806	FALSE	TRUE	
sugarcane	SoffiXsponR570.05Gg007800	zf-C5HC2	TFF	FALSE	4	1.069125	0.166666666666667			FALSE	FALSE	
sugarcane	SoffiXsponR570.05Gg011400	GNAT	OTR	FALSE	1	0.061506				FALSE	FALSE	
sugarcane	SoffiXsponR570.05Gg014900	PHD	OTR	FALSE	1	0.249205				FALSE	FALSE	
sugarcane	SoffiXsponR570.05Gg025700	HB	TFF	FALSE	8	1.438959	0.714285714285714			FALSE	FALSE	
sugarcane	SoffiXsponR570.05Gg029700	NAC	TFF	FALSE	81	34.445238	0.507098765432099			FALSE	FALSE	
sugarcane	SoffiXsponR570.05Gg031400	FAR1	TFF	FALSE	13	1.534522	0.230769230769231			FALSE	FALSE	
sugarcane	SoffiXsponR570.05Gg032000	bHLH	TFF	FALSE	332	47.462906	0.496068867615477	0.3142	0.132	FALSE	TRUE	
sugarcane	SoffiXsponR570.05Gg037700	Tify	TFF	FALSE	23	9.92992	0.537549407114625			FALSE	FALSE	
sugarcane	SoffiXsponR570.05Gg040500	CCAAT	TFF	FALSE	102	49.36954	0.577169481654048			FALSE	FALSE	
sugarcane	SoffiXsponR570.05Gg041400	C2C2-YABBY	TFF	FALSE	1	0.117964				FALSE	FALSE	
sugarcane	SoffiXsponR570.05Gg048900	TRAF	OTR	FALSE	2252	246.610635	0.865256254768948	-0.2089	0.4079	FALSE	TRUE	
sugarcane	SoffiXsponR570.05Gg049800	zf-A20	TFF	FALSE	46	6.346513	0.411594202898551			FALSE	FALSE	
sugarcane	SoffiXsponR570.05Gg052500	PHD	OTR	FALSE	2	0.307739	1			FALSE	FALSE	
sugarcane	SoffiXsponR570.05Gg054600	CPP	TFF	FALSE	5	0.423417	0.6			FALSE	FALSE	
sugarcane	SoffiXsponR570.05Gg057000	HSF	TFF	FALSE	13527	5231.72017	0.634062251562723			FALSE	FALSE	
sugarcane	SoffiXsponR570.05Gg060200	AUX/IAA	OTR	FALSE	7	1.132801	0.619047619047619			FALSE	FALSE	
sugarcane	SoffiXsponR570.05Gg060900	SAP	TFF	FALSE	14425	5916.206043	0.588695645905005	-0.0699	0.8532	FALSE	TRUE	
sugarcane	SoffiXsponR570.05Gg063300	PHD	OTR	FALSE	15320	6855.481676	0.550991498978129			FALSE	FALSE	
sugarcane	SoffiXsponR570.05Gg067600	FHA	TFF	FALSE	3258	380.656373	0.920914541527688			FALSE	FALSE	
sugarcane	SoffiXsponR570.05Gg070900	bHLH	TFF	FALSE	12	4.444502	0.409090909090909			FALSE	FALSE	
sugarcane	SoffiXsponR570.05Gg074300	AP2-EREBP	TFF	FALSE	55	14.432781	0.133333333333333			FALSE	FALSE	
sugarcane	SoffiXsponR570.05Gg079100	FHA	TFF	FALSE	2	0.463742	0			FALSE	FALSE	
sugarcane	SoffiXsponR570.05Gg082400	SET	OTR	FALSE	78	7.194447	0.0263070263070263	-0.0742	0.8416	FALSE	TRUE	
sugarcane	SoffiXsponR570.05Gg084200	AP2-EREBP	TFF	FALSE	2	0.075963	1			FALSE	FALSE	
sugarcane	SoffiXsponR570.05Gg086500	Alfin-like	TFF	FALSE	579	48.626938	0.906299490231936			FALSE	FALSE	
sugarcane	SoffiXsponR570.05Gg086700	AP2-EREBP	TFF	FALSE	2625	246.321206	0.983614111498258			FALSE	FALSE	
sugarcane	SoffiXsponR570.05Gg094200	Top	TFF	FALSE	12982	4750.687344	0.667091282613719	-0.0149	0.9761	FALSE	TRUE	
sugarcane	SoffiXsponR570.05Gg097300	TRAF	OTR	FALSE	1	0.073392		-0.3596	0.06799	FALSE	TRUE	
sugarcane	SoffiXsponR570.05Gg102300	GNAT	OTR	FALSE	6446	1196.14044	0.846022105950563	0.2846	0.1914	FALSE	TRUE	
sugarcane	SoffiXsponR570.05Gg103600	WRKY	TFF	FALSE	95	6.482906	0.802463605823068	-0.0511	0.9012	FALSE	TRUE	
sugarcane	SoffiXsponR570.05Gg112200	BBR/BPC	TFF	FALSE	46	3.573127	0.857004830917875	-0.3062	0.1466	FALSE	TRUE	
sugarcane	SoffiXsponR570.05Gg113100	AP2-EREBP	TFF	FALSE	1	0.498314				FALSE	FALSE	
sugarcane	SoffiXsponR570.05Gg127500	BES1	TFF	FALSE	2	0.38054	1			FALSE	FALSE	
sugarcane	SoffiXsponR570.05Gg130200	AP2-EREBP	TFF	FALSE	23	5.729725	0.75098814229249			FALSE	FALSE	
sugarcane	SoffiXsponR570.05Gg130300	AP2-EREBP	TFF	FALSE	2	0.452351	0			FALSE	FALSE	
sugarcane	SoffiXsponR570.05Gg130700	MYB	TFF	TRUE	13	3.453607	0.0512820512820513			FALSE	FALSE	
sugarcane	SoffiXsponR570.05Gg135900	SET	OTR	FALSE	146	18.256818	0.47538970240907	0.4232	0.0216	FALSE	TRUE	
sugarcane	SoffiXsponR570.05Gg146300	MYB-related	TFF	TRUE	3172	426.486338	0.76028760802401	-0.4169	0.02446	FALSE	TRUE	
sugarcane	SoffiXsponR570.05Gg146400	MYB-related	TFF	TRUE	62	7.040885	0.352194606028556	-0.6035	0.0001678	TRUE	TRUE	ortholog_not_correlated
sugarcane	SoffiXsponR570.05Gg147200	bZIP	TFF	FALSE	29	2.64094	0.394088669950739	0.3081	0.1431	FALSE	TRUE	
sugarcane	SoffiXsponR570.05Gg148400	SET	OTR	FALSE	10136	2761.000695	0.743332610391133	-0.1892	0.4686	FALSE	TRUE	
sugarcane	SoffiXsponR570.05Gg149200	AP2-EREBP	TFF	FALSE	5	0.396178	0			FALSE	FALSE	
sugarcane	SoffiXsponR570.05Gg155400	WRKY	TFF	FALSE	142	41.534067	0.136050344620917			FALSE	FALSE	
sugarcane	SoffiXsponR570.05Gg155500	WRKY	TFF	FALSE	6	0.697384	0.333333333333333	0.3483	0.08116	FALSE	TRUE	
sugarcane	SoffiXsponR570.05Gg160700	GNAT	OTR	FALSE	1	0.010495				FALSE	FALSE	
sugarcane	SoffiXsponR570.05Gg161700	OFP	TFF	FALSE	1	0.409665				FALSE	FALSE	
sugarcane	SoffiXsponR570.05Gg163400	SET	OTR	FALSE	11001	3294.230845	0.733957574104833	-0.0086	0.9863	FALSE	TRUE	
sugarcane	SoffiXsponR570.05Gg168500	AP2-EREBP	TFF	FALSE	1	0.629555		0.05	0.9038	FALSE	TRUE	
sugarcane	SoffiXsponR570.05Gg175300	PHD	OTR	FALSE	68	12.937379	0.356892010535558	-0.1707	0.5335	FALSE	TRUE	
sugarcane	SoffiXsponR570.05Gg175700	Jumonji	OTR	FALSE	20	1.857099	0.236842105263158			FALSE	FALSE	
sugarcane	SoffiXsponR570.05Gg178700	MYB	TFF	TRUE	26	6.514977	0.126153846153846	0.1459	0.596	FALSE	TRUE	
sugarcane	SoffiXsponR570.05Gg178800	MYB	TFF	TRUE	3	0.685708	0.333333333333333			FALSE	FALSE	
sugarcane	SoffiXsponR570.05Gg178900	MYB	TFF	TRUE	266	53.938434	0.493601929351681	0.2875	0.185	FALSE	TRUE	
sugarcane	SoffiXsponR570.05Gg179000	Tify	TFF	FALSE	45	7.149215	0.258585858585859	0.3456	0.08456	FALSE	TRUE	
sugarcane	SoffiXsponR570.05Gg181700	SET	OTR	FALSE	153	23.127254	0.569315445476436	0.5487	0.00104	FALSE	TRUE	
sugarcane	SoffiXsponR570.05Gg182800	NAC	TFF	FALSE	20	5.381281	0.305263157894737			FALSE	FALSE	
sugarcane	SoffiXsponR570.05Gg183300	MYB	TFF	TRUE	16	1.676448	0.225	-0.3936	0.03795	FALSE	TRUE	
sugarcane	SoffiXsponR570.05Gg183800	zf-HD	TFF	FALSE	163	18.578859	0.556161478451867	0.1001	0.758	FALSE	TRUE	
sugarcane	SoffiXsponR570.05Gg185100	WRKY	TFF	FALSE	41	10.105958	0.435365853658537	0.6243	7.482e-05	TRUE	TRUE	ortholog_not_correlated
sugarcane	SoffiXsponR570.05Gg185200	WRKY	TFF	FALSE	3	0.122611	0.333333333333333			FALSE	FALSE	
sugarcane	SoffiXsponR570.05Gg191500	CCAAT	TFF	FALSE	7551	1616.939505	0.816144872702269	-0.089	0.796	FALSE	TRUE	
sugarcane	SoffiXsponR570.05Gg192900	ARID	OTR	FALSE	9182	2323.788619	0.814919184641907	0.0764	0.8348	FALSE	TRUE	
sugarcane	SoffiXsponR570.05Gg193100	AP2-EREBP	TFF	FALSE	6	1.338234	0.466666666666667	-0.488	0.005234	FALSE	TRUE	
sugarcane	SoffiXsponR570.05Gg194400	C2C2-Dof	TFF	FALSE	246	31.266573	0.523411315745811	0.1889	0.4695	FALSE	TRUE	
sugarcane	SoffiXsponR570.05Gg199900	WRKY	TFF	FALSE	14	1.724297	0.362637362637363	-0.4236	0.02146	FALSE	TRUE	
sugarcane	SoffiXsponR570.05Gg203800	GNAT	OTR	FALSE	7	0.382006	0.476190476190476			FALSE	FALSE	
sugarcane	SoffiXsponR570.05Gg205200	MYB-related	TFF	TRUE	1	0.110535				FALSE	FALSE	
sugarcane	SoffiXsponR570.05Gg206500	C3H	TFF	FALSE	9	0.839805	0.388888888888889			FALSE	FALSE	
sugarcane	SoffiXsponR570.06Ag002700	GRAS	TFF	FALSE	9	2.031371	0.361111111111111			FALSE	FALSE	
sugarcane	SoffiXsponR570.06Ag002800	GRAS	TFF	FALSE	5	0.492256	0.2			FALSE	FALSE	
sugarcane	SoffiXsponR570.06Ag002900	GRAS	TFF	FALSE	1	0.04962				FALSE	FALSE	
sugarcane	SoffiXsponR570.06Ag009100	C2C2-Dof	TFF	FALSE	2	0.125983	0			FALSE	FALSE	
sugarcane	SoffiXsponR570.06Ag011800	C2H2	TFF	FALSE	219	47.572511	0.497381760294919	0.2436	0.2972	FALSE	TRUE	
sugarcane	SoffiXsponR570.06Ag012100	MYB;MYB-related	TFF	TRUE	162	27.825533	0.211333486695806	-0.7969	2.843e-09	TRUE	TRUE	ortholog_not_correlated
sugarcane	SoffiXsponR570.06Ag012300	MYB;MYB-related	TFF	TRUE	2200	313.491361	0.634898507586093	-0.4907	0.004898	FALSE	TRUE	
sugarcane	SoffiXsponR570.06Ag020600	C2H2	TFF	FALSE	10006	2704.337459	0.694857728041836	-0.1904	0.4643	FALSE	TRUE	
sugarcane	SoffiXsponR570.06Ag020800	AP2-EREBP	TFF	FALSE	10639	3086.197884	0.740743815551904	-0.1123	0.7176	FALSE	TRUE	
sugarcane	SoffiXsponR570.06Ag022500	SAP	TFF	FALSE	1539	147.456198	0.865327239497385	0.0634	0.8708	FALSE	TRUE	
sugarcane	SoffiXsponR570.06Ag023600	MYB-related	TFF	TRUE	11	1.145563	0.545454545454545	0.1132	0.7145	FALSE	TRUE	
sugarcane	SoffiXsponR570.06Ag025100	C3H	TFF	FALSE	2	0.232956	1			FALSE	FALSE	
sugarcane	SoffiXsponR570.06Ag027200	HB	TFF	FALSE	2	0.09924	1			FALSE	FALSE	
sugarcane	SoffiXsponR570.06Ag029600	MYB	TFF	TRUE	13	2.825138	0.230769230769231			FALSE	FALSE	
sugarcane	SoffiXsponR570.06Ag029700	MYB	TFF	TRUE	55	14.432781	0.133333333333333	0.1459	0.596	FALSE	TRUE	
sugarcane	SoffiXsponR570.06Ag033100	WRKY	TFF	FALSE	14	1.566313	0.285714285714286	0.0699	0.8531	FALSE	TRUE	
sugarcane	SoffiXsponR570.06Ag034300	bHLH	TFF	FALSE	10	0.926073	0.288888888888889	0.3069	0.1454	FALSE	TRUE	
sugarcane	SoffiXsponR570.06Ag038400	Top	TFF	FALSE	81	12.411176	0.43858024691358	-0.1867	0.4772	FALSE	TRUE	
sugarcane	SoffiXsponR570.06Ag045800	bHLH	TFF	FALSE	9	3.090705	0.361111111111111			FALSE	FALSE	
sugarcane	SoffiXsponR570.06Ag052900	AUX/IAA	OTR	FALSE	166	50.592446	0.0683461117196057	0.1286	0.6596	FALSE	TRUE	
sugarcane	SoffiXsponR570.06Ag056600	WRKY	TFF	FALSE	2	0.052191	0			FALSE	FALSE	
sugarcane	SoffiXsponR570.06Ag057300	AUX/IAA	OTR	FALSE	3	0.131031	0.333333333333333			FALSE	FALSE	
sugarcane	SoffiXsponR570.06Ag058500	NAC	TFF	FALSE	8	0.369225	0.285714285714286			FALSE	FALSE	
sugarcane	SoffiXsponR570.06Ag059400	MYB-related	TFF	TRUE	64	6.408644	0.532738095238095			FALSE	FALSE	
sugarcane	SoffiXsponR570.06Ag060900	bHLH	TFF	FALSE	175	25.756138	0.593563218390805			FALSE	FALSE	
sugarcane	SoffiXsponR570.06Ag061000	bHLH	TFF	FALSE	5	1.384692	0.6			FALSE	FALSE	
sugarcane	SoffiXsponR570.06Ag069700	AUX/IAA	OTR	FALSE	5989	1095.786578	0.755114559279409	-0.0888	0.7966	FALSE	TRUE	
sugarcane	SoffiXsponR570.06Ag070200	GNAT	OTR	FALSE	4	0.167774	0.5			FALSE	FALSE	
sugarcane	SoffiXsponR570.06Ag072200	bHLH	TFF	FALSE	1	0.393322				FALSE	FALSE	
sugarcane	SoffiXsponR570.06Ag073900	OFP	TFF	FALSE	23	2.01933	0.58102766798419			FALSE	FALSE	
sugarcane	SoffiXsponR570.06Ag076800	zf-BED	TFF	FALSE	2	0.62965	1	-0.2565	0.2619	FALSE	TRUE	
sugarcane	SoffiXsponR570.06Ag076900	WRKY	TFF	FALSE	4	0.770985	0			FALSE	FALSE	
sugarcane	SoffiXsponR570.06Ag081600	WRKY	TFF	FALSE	74	13.741241	0.447982228804147	0.2997	0.1596	FALSE	TRUE	
sugarcane	SoffiXsponR570.06Ag082200	AP2-EREBP	TFF	FALSE	3	0.265738	0			FALSE	FALSE	
sugarcane	SoffiXsponR570.06Ag083700	MYB	TFF	TRUE	63	29.891211	0.516129032258065			FALSE	FALSE	
sugarcane	SoffiXsponR570.06Ag085400	FHA	TFF	FALSE	39	2.932601	0.773279352226721	-0.1196	0.6923	FALSE	TRUE	
sugarcane	SoffiXsponR570.06Ag088700	AP2-EREBP	TFF	FALSE	16	1.487759	0.241666666666667			FALSE	FALSE	
sugarcane	SoffiXsponR570.06Ag098400	NAC	TFF	FALSE	3	0.299415	0			FALSE	FALSE	
sugarcane	SoffiXsponR570.06Ag101400	AP2-EREBP	TFF	FALSE	180	18.610685	0.637740533829919	0.2135	0.3928	FALSE	TRUE	
sugarcane	SoffiXsponR570.06Ag105800	TRAF	OTR	FALSE	12723	4582.778734	0.658830324887979	-0.0557	0.8914	FALSE	TRUE	
sugarcane	SoffiXsponR570.06Ag108500	mTERF	OTR	FALSE	85	8.232656	0.661624649859944			FALSE	FALSE	
sugarcane	SoffiXsponR570.06Ag111100	SBP	TFF	FALSE	12850	4679.213537	0.650541528008811	0.0085	0.9867	FALSE	TRUE	
sugarcane	SoffiXsponR570.06Ag111300	FAR1	TFF	FALSE	9	0.632791	0.5	-0.1706	0.5337	FALSE	TRUE	
sugarcane	SoffiXsponR570.06Ag113700	MED26	OTR	FALSE	164	20.910085	0.183749812958252	0.647	2.858e-05	TRUE	TRUE	ortholog_not_correlated
sugarcane	SoffiXsponR570.06Ag115800	NAC	TFF	FALSE	84	7.461461	0.572862880091796	0.2097	0.4055	FALSE	TRUE	
sugarcane	SoffiXsponR570.06Ag116300	NAC	TFF	FALSE	1	0.493362				FALSE	FALSE	
sugarcane	SoffiXsponR570.06Ag123300	TUB	TFF	FALSE	3	0.233547	0.333333333333333	0.1285	0.66	FALSE	TRUE	
sugarcane	SoffiXsponR570.06Ag125000	OFP	TFF	FALSE	229	52.181246	0.288784187543094			FALSE	FALSE	
sugarcane	SoffiXsponR570.06Ag125200	MYB-related	TFF	TRUE	2	0.252271	1			FALSE	FALSE	
sugarcane	SoffiXsponR570.06Ag125300	MYB-related	TFF	TRUE	8	2.366558	0.535714285714286			FALSE	FALSE	
sugarcane	SoffiXsponR570.06Ag126300	C2H2	TFF	FALSE	1	0.28932				FALSE	FALSE	
sugarcane	SoffiXsponR570.06Ag128500	MYB	TFF	TRUE	27	2.651646	0.56980056980057	-0.4432	0.0144	FALSE	TRUE	
sugarcane	SoffiXsponR570.06Ag130300	HB	TFF	FALSE	889	126.426623	0.558528156953354	0.2834	0.1939	FALSE	TRUE	
sugarcane	SoffiXsponR570.06Ag130400	bHLH	TFF	FALSE	36	3.180435	0.650793650793651			FALSE	FALSE	
sugarcane	SoffiXsponR570.06Ag133000	MYB	TFF	TRUE	1963	200.380525	0.859801848987097			FALSE	FALSE	
sugarcane	SoffiXsponR570.06Ag136000	CCAAT	TFF	FALSE	14948	6426.594562	0.566340531120046			FALSE	FALSE	
sugarcane	SoffiXsponR570.06Ag141600	WRKY	TFF	FALSE	4	0.132611	1			FALSE	FALSE	
sugarcane	SoffiXsponR570.06Ag143200	OFP	TFF	FALSE	5	1.494142	0.3			FALSE	FALSE	
sugarcane	SoffiXsponR570.06Ag144300	WRKY	TFF	FALSE	9	3.782566	0.694444444444445			FALSE	FALSE	
sugarcane	SoffiXsponR570.06Ag145500	GNAT	OTR	FALSE	556	107.655298	0.427279797783395			FALSE	FALSE	
sugarcane	SoffiXsponR570.06Ag145700	ABI3VP1	TFF	FALSE	5850	1011.86901	0.950283151623552	-0.0365	0.9321	FALSE	TRUE	
sugarcane	SoffiXsponR570.06Ag147300	NOT2_3_5	OTR	FALSE	13937	5626.11046	0.615013758814781	-0.0266	0.9525	FALSE	TRUE	
sugarcane	SoffiXsponR570.06Ag147800	MYB-related	TFF	TRUE	152	13.185558	0.76036946671314			FALSE	FALSE	
sugarcane	SoffiXsponR570.06Ag148500	bZIP	TFF	FALSE	128	11.546978	0.587229330708662	-0.4015	0.03293	FALSE	TRUE	
sugarcane	SoffiXsponR570.06Ag149400	SET	OTR	FALSE	122	10.945178	0.737569435035903	-0.3237	0.1158	FALSE	TRUE	
sugarcane	SoffiXsponR570.06Ag150200	MYB-related	TFF	TRUE	1	0.012476				FALSE	FALSE	
sugarcane	SoffiXsponR570.06Ag151700	CCAAT	TFF	FALSE	5	0.320405	0.4			FALSE	FALSE	
sugarcane	SoffiXsponR570.06Ag152400	bZIP	TFF	FALSE	2744	274.122841	0.968933909692204	-0.0555	0.8915	FALSE	TRUE	
sugarcane	SoffiXsponR570.06Ag153600	AP2-EREBP	TFF	FALSE	46	6.087994	0.221256038647343	0.6603	1.561e-05	TRUE	TRUE	ortholog_not_correlated
sugarcane	SoffiXsponR570.06Ag163100	TCP	TFF	FALSE	155	17.638614	0.431671554252199	-0.2607	0.2498	FALSE	TRUE	
sugarcane	SoffiXsponR570.06Ag164100	TUB	TFF	FALSE	2	0.22949	0			FALSE	FALSE	
sugarcane	SoffiXsponR570.06Ag180100	AP2-EREBP	TFF	FALSE	2	0.248804	0			FALSE	FALSE	
sugarcane	SoffiXsponR570.06Ag185100	MYB	TFF	TRUE	123	9.535303	0.743435958949753	-0.0819	0.8192	FALSE	TRUE	
sugarcane	SoffiXsponR570.06Ag198400	Trihelix	TFF	FALSE	1	0.032781				FALSE	FALSE	
sugarcane	SoffiXsponR570.06Ag199400	DDT	OTR	FALSE	327	35.576488	0.750417440573348	0.1496	0.596	FALSE	TRUE	
sugarcane	SoffiXsponR570.06Ag199600	NAC	TFF	FALSE	82	9.03071	0.537789822342668			FALSE	FALSE	
sugarcane	SoffiXsponR570.06Ag200700	C3H	TFF	FALSE	15475	6930.256513	0.541884910704349	0.0247	0.9562	FALSE	TRUE	
sugarcane	SoffiXsponR570.06Ag203500	WRKY	TFF	FALSE	1	0.025848				FALSE	FALSE	
sugarcane	SoffiXsponR570.06Ag207100	WRKY	TFF	FALSE	6	0.611211	0.933333333333333			FALSE	FALSE	
sugarcane	SoffiXsponR570.06Ag212700	zf-HD	TFF	FALSE	7	0.756413	0.476190476190476			FALSE	FALSE	
sugarcane	SoffiXsponR570.06Ag213400	NAC	TFF	FALSE	55	14.432781	0.133333333333333			FALSE	FALSE	
sugarcane	SoffiXsponR570.06Ag215600	WRKY	TFF	FALSE	6	0.843977	0.2			FALSE	FALSE	
sugarcane	SoffiXsponR570.06Ag215900	WRKY	TFF	FALSE	1	0.067944				FALSE	FALSE	
sugarcane	SoffiXsponR570.06Ag216300	zf-BED	TFF	FALSE	13835	5471.145213	0.621261507516012	-0.0367	0.9316	FALSE	TRUE	
sugarcane	SoffiXsponR570.06Ag219200	Sigma70-like	TFF	FALSE	521	117.63022	0.39762291451351	0.2205	0.3694	FALSE	TRUE	
sugarcane	SoffiXsponR570.06Ag219700	SET	OTR	FALSE	41	5.118319	0.336585365853659			FALSE	FALSE	
sugarcane	SoffiXsponR570.06Ag220800	MYB-related	TFF	TRUE	1	0.052591				FALSE	FALSE	
sugarcane	SoffiXsponR570.06Bg000700	C3H	TFF	FALSE	22	3.87047	0.216450216450217	0.5425	0.001252	FALSE	TRUE	
sugarcane	SoffiXsponR570.06Bg002200	bZIP	TFF	FALSE	14981	6465.579135	0.562646793637762	0.067	0.8604	FALSE	TRUE	
sugarcane	SoffiXsponR570.06Bg004500	bHLH	TFF	FALSE	6741	1303.336598	0.861342543987653	0.1163	0.7037	FALSE	TRUE	
sugarcane	SoffiXsponR570.06Bg004700	MYB	TFF	TRUE	22	2.894832	0.25974025974026			FALSE	FALSE	
sugarcane	SoffiXsponR570.06Bg008600	Top	TFF	FALSE	118	10.673402	0.636245110821382	-0.1814	0.4957	FALSE	TRUE	
sugarcane	SoffiXsponR570.06Bg021400	Top	TFF	FALSE	14187	5767.348139	0.597421636206029	-0.0145	0.9768	FALSE	TRUE	
sugarcane	SoffiXsponR570.06Bg022700	C2C2-GATA	TFF	FALSE	66	5.718954	0.736596736596737			FALSE	FALSE	
sugarcane	SoffiXsponR570.06Bg027600	Alfin-like	TFF	FALSE	5665	982.325753	0.855849925950304	0.1167	0.7022	FALSE	TRUE	
sugarcane	SoffiXsponR570.06Bg033900	AUX/IAA	OTR	FALSE	179	20.646553	0.447492310589417	-0.3026	0.1535	FALSE	TRUE	
sugarcane	SoffiXsponR570.06Bg037600	WRKY	TFF	FALSE	52	9.565698	0.512066365007542			FALSE	FALSE	
sugarcane	SoffiXsponR570.06Bg038400	AUX/IAA	OTR	FALSE	21	2.757059	0.371428571428571			FALSE	FALSE	
sugarcane	SoffiXsponR570.06Bg043200	MYB-related	TFF	TRUE	2	0.062096	1			FALSE	FALSE	
sugarcane	SoffiXsponR570.06Bg044900	bHLH	TFF	FALSE	189	25.105228	0.552797478329393			FALSE	FALSE	
sugarcane	SoffiXsponR570.06Bg045200	bHLH	TFF	FALSE	82	10.303992	0.488407106293285			FALSE	FALSE	
sugarcane	SoffiXsponR570.06Bg045500	bHLH	TFF	FALSE	2	0.231471	1	-0.0324	0.9405	FALSE	TRUE	
sugarcane	SoffiXsponR570.06Bg046900	MADS	TFF	FALSE	10	0.87011	0.533333333333333			FALSE	FALSE	
sugarcane	SoffiXsponR570.06Cg003100	MYB-related	TFF	TRUE	307	44.087399	0.382853249877584	0.0623	0.8732	FALSE	TRUE	
sugarcane	SoffiXsponR570.06Cg004100	C3H	TFF	FALSE	8	0.717879	0.392857142857143			FALSE	FALSE	
sugarcane	SoffiXsponR570.06Cg005200	bZIP	TFF	FALSE	2	0.152726	1			FALSE	FALSE	
sugarcane	SoffiXsponR570.06Cg008000	MYB	TFF	TRUE	42	18.118664	0.463414634146342	0.2075	0.4117	FALSE	TRUE	
sugarcane	SoffiXsponR570.06Cg011300	WRKY	TFF	FALSE	2	0.167089	1			FALSE	FALSE	
sugarcane	SoffiXsponR570.06Cg013000	MYB	TFF	TRUE	3	0.13004	0.666666666666667			FALSE	FALSE	
sugarcane	SoffiXsponR570.06Cg016200	MYB-related	TFF	TRUE	127	35.867009	0.12623422072241			FALSE	FALSE	
sugarcane	SoffiXsponR570.06Cg017000	Top	TFF	FALSE	13884	5613.734632	0.610683112872356	-0.0425	0.92	FALSE	TRUE	
sugarcane	SoffiXsponR570.06Cg019400	GRAS	TFF	FALSE	1	0.167489				FALSE	FALSE	
sugarcane	SoffiXsponR570.06Cg033400	AUX/IAA	OTR	FALSE	3	0.298919	0.333333333333333	-0.4922	0.004712	FALSE	TRUE	
sugarcane	SoffiXsponR570.06Cg044200	AUX/IAA	OTR	FALSE	427	65.078979	0.268232344889006	-0.3018	0.1552	FALSE	TRUE	
sugarcane	SoffiXsponR570.06Cg044500	GNAT	OTR	FALSE	205	35.528739	0.327450980392157	-0.0258	0.9538	FALSE	TRUE	
sugarcane	SoffiXsponR570.06Cg046600	bHLH	TFF	FALSE	79	7.885413	0.119117169750081	-0.1497	0.596	FALSE	TRUE	
sugarcane	SoffiXsponR570.06Cg051400	WRKY	TFF	FALSE	7	1.74988	0.238095238095238			FALSE	FALSE	
sugarcane	SoffiXsponR570.06Cg055900	WRKY	TFF	FALSE	17	4.055713	0.632352941176471	0.2527	0.2722	FALSE	TRUE	
sugarcane	SoffiXsponR570.06Cg056800	AP2-EREBP	TFF	FALSE	11	1.038094	0.345454545454545	-0.5958	0.0002227	FALSE	TRUE	
sugarcane	SoffiXsponR570.06Cg058400	MYB	TFF	TRUE	4	0.572391	0.5			FALSE	FALSE	
sugarcane	SoffiXsponR570.06Cg059800	FHA	TFF	FALSE	6	0.422026	0.866666666666667			FALSE	FALSE	
sugarcane	SoffiXsponR570.06Cg063800	AP2-EREBP	TFF	FALSE	1	0.198689				FALSE	FALSE	
sugarcane	SoffiXsponR570.06Cg072400	NAC	TFF	FALSE	32	3.528214	0.413306451612903			FALSE	FALSE	
sugarcane	SoffiXsponR570.06Cg074500	SRS	TFF	FALSE	66	16.253862	0.112820512820513			FALSE	FALSE	
sugarcane	SoffiXsponR570.06Cg075900	AP2-EREBP	TFF	FALSE	62	6.182621	0.647805393971444			FALSE	FALSE	
sugarcane	SoffiXsponR570.06Cg080600	TRAF	OTR	FALSE	1	0.078344				FALSE	FALSE	
sugarcane	SoffiXsponR570.06Cg084200	SBP	TFF	FALSE	5	0.879045	0.7			FALSE	FALSE	
sugarcane	SoffiXsponR570.06Cg084400	FAR1	TFF	FALSE	2	0.105183	0			FALSE	FALSE	
sugarcane	SoffiXsponR570.06Cg086700	MED26	OTR	FALSE	56	6.993762	0.303246753246753			FALSE	FALSE	
sugarcane	SoffiXsponR570.06Cg089000	NAC	TFF	FALSE	135	15.89047	0.302819237147595	0.3102	0.1393	FALSE	TRUE	
sugarcane	SoffiXsponR570.06Cg090200	SWI/SNF-BAF60b	OTR	FALSE	6	0.263547	0.666666666666667	-0.412	0.027	FALSE	TRUE	
sugarcane	SoffiXsponR570.06Cg090400	NAC	TFF	FALSE	42	5.806808	0.279907084785134	0.0088	0.9861	FALSE	TRUE	
sugarcane	SoffiXsponR570.06Cg090600	MADS	TFF	FALSE	1	0.081316				FALSE	FALSE	
sugarcane	SoffiXsponR570.06Cg091400	GRAS	TFF	FALSE	2	0.065563	1	-0.2303	0.3372	FALSE	TRUE	
sugarcane	SoffiXsponR570.06Cg091700	NAC	TFF	FALSE	1	0.493362				FALSE	FALSE	
sugarcane	SoffiXsponR570.06Cg098900	AP2-EREBP	TFF	FALSE	1	0.0204				FALSE	FALSE	
sugarcane	SoffiXsponR570.06Cg099500	TUB	TFF	FALSE	2	0.448884	0			FALSE	FALSE	
sugarcane	SoffiXsponR570.06Cg099800	MYB-related	TFF	TRUE	59	4.344967	0.529514903565167			FALSE	FALSE	
sugarcane	SoffiXsponR570.06Cg100600	C2C2-Dof	TFF	FALSE	64	2.668534	0.058531746031746			FALSE	FALSE	
sugarcane	SoffiXsponR570.06Cg101000	OFP	TFF	FALSE	3	0.166193	0.333333333333333			FALSE	FALSE	
sugarcane	SoffiXsponR570.06Cg101400	MYB-related	TFF	TRUE	8	1.903502	0.571428571428571			FALSE	FALSE	
sugarcane	SoffiXsponR570.06Cg101500	MYB-related	TFF	TRUE	11	2.617934	0.4			FALSE	FALSE	
sugarcane	SoffiXsponR570.06Cg102600	C2H2	TFF	FALSE	1	0.362121		-0.1616	0.5678	FALSE	TRUE	
sugarcane	SoffiXsponR570.06Cg104700	MYB	TFF	TRUE	1	0.140745				FALSE	FALSE	
sugarcane	SoffiXsponR570.06Cg106500	HB	TFF	FALSE	1200	201.104857	0.576352515985544	0.2671	0.2334	FALSE	TRUE	
sugarcane	SoffiXsponR570.06Cg106600	bHLH	TFF	FALSE	2	0.504847	1			FALSE	FALSE	
sugarcane	SoffiXsponR570.06Cg110900	C2H2	TFF	FALSE	17	2.469435	0.691176470588235			FALSE	FALSE	
sugarcane	SoffiXsponR570.06Cg112500	CCAAT	TFF	FALSE	3474	476.837154	0.7732939738597			FALSE	FALSE	
sugarcane	SoffiXsponR570.06Cg117400	WRKY	TFF	FALSE	10	0.873082	0.666666666666667			FALSE	FALSE	
sugarcane	SoffiXsponR570.06Cg120800	GNAT	OTR	FALSE	300	58.655433	0.343210702341137			FALSE	FALSE	
sugarcane	SoffiXsponR570.06Cg121000	ABI3VP1	TFF	FALSE	14	1.454882	0.362637362637363			FALSE	FALSE	
sugarcane	SoffiXsponR570.06Cg122900	NOT2_3_5	OTR	FALSE	272	23.604097	0.704390058606468	-0.2244	0.3565	FALSE	TRUE	
sugarcane	SoffiXsponR570.06Cg123400	MYB-related	TFF	TRUE	1	0.034762				FALSE	FALSE	
sugarcane	SoffiXsponR570.06Cg124200	bZIP	TFF	FALSE	3	0.24048	1			FALSE	FALSE	
sugarcane	SoffiXsponR570.06Cg125200	SET	OTR	FALSE	13536	5153.25944	0.606967499984717	-0.1687	0.5407	FALSE	TRUE	
sugarcane	SoffiXsponR570.06Cg126000	MYB-related	TFF	TRUE	289	30.278679	0.609453094963476	-0.2264	0.35	FALSE	TRUE	
sugarcane	SoffiXsponR570.06Cg127800	CCAAT	TFF	FALSE	2	0.247814	1	-0.3585	0.06918	FALSE	TRUE	
sugarcane	SoffiXsponR570.06Cg130300	AP2-EREBP	TFF	FALSE	37	5.155083	0.306306306306306			FALSE	FALSE	
sugarcane	SoffiXsponR570.06Cg135600	NAC	TFF	FALSE	271	21.776043	0.808145414787481			FALSE	FALSE	
sugarcane	SoffiXsponR570.06Cg136700	CPP	TFF	FALSE	5	0.611116	0.3			FALSE	FALSE	
sugarcane	SoffiXsponR570.06Cg138800	BSD	TFF	FALSE	5344	875.153372	0.927842238039362			FALSE	FALSE	
sugarcane	SoffiXsponR570.06Cg139500	TCP	TFF	FALSE	503	66.762121	0.459656404204257	-0.2494	0.2814	FALSE	TRUE	
sugarcane	SoffiXsponR570.06Cg142400	VOZ	TFF	FALSE	10098	2930.277179	0.805807376116553	-0.0316	0.9423	FALSE	TRUE	
sugarcane	SoffiXsponR570.06Cg143100	OFP	TFF	FALSE	10	5.868149	0.844444444444445			FALSE	FALSE	
sugarcane	SoffiXsponR570.06Cg144600	PHD	OTR	FALSE	166	18.705928	0.376852866009493			FALSE	FALSE	
sugarcane	SoffiXsponR570.06Cg146000	C2C2-GATA	TFF	FALSE	1	0.217509				FALSE	FALSE	
sugarcane	SoffiXsponR570.06Cg147500	AUX/IAA	OTR	FALSE	4	0.533267	0.333333333333333			FALSE	FALSE	
sugarcane	SoffiXsponR570.06Cg151600	HSF	TFF	FALSE	1	0.055563				FALSE	FALSE	
sugarcane	SoffiXsponR570.06Cg156200	AP2-EREBP	TFF	FALSE	9316	2413.514967	0.835671561194738	-0.1224	0.682	FALSE	TRUE	
sugarcane	SoffiXsponR570.06Cg156600	WRKY	TFF	FALSE	36	5.574462	0.39047619047619			FALSE	FALSE	
sugarcane	SoffiXsponR570.06Cg161000	MYB	TFF	TRUE	18	1.502806	0.790849673202614			FALSE	FALSE	
sugarcane	SoffiXsponR570.06Cg164000	zf-BED	TFF	FALSE	76	6.448909	0.713333333333333			FALSE	FALSE	
sugarcane	SoffiXsponR570.06Cg164400	ABI3VP1;AP2-EREBP	TFF	FALSE	2	0.198289	0	0.0386	0.9277	FALSE	TRUE	
sugarcane	SoffiXsponR570.06Cg167800	MYB	TFF	TRUE	6	0.511171	0.666666666666667			FALSE	FALSE	
sugarcane	SoffiXsponR570.06Cg171800	AUX/IAA	OTR	FALSE	98	10.241131	0.573953292657269			FALSE	FALSE	
sugarcane	SoffiXsponR570.06Cg172900	TUB	TFF	FALSE	1	0.024362				FALSE	FALSE	
sugarcane	SoffiXsponR570.06Cg174200	DDT	OTR	FALSE	23	2.304097	0.509881422924901	0.1354	0.6342	FALSE	TRUE	
sugarcane	SoffiXsponR570.06Cg174400	NAC	TFF	FALSE	26	2.354402	0.692307692307692	-0.0232	0.9596	FALSE	TRUE	
sugarcane	SoffiXsponR570.06Cg176000	C3H	TFF	FALSE	9	0.530275	0.361111111111111	0.0512	0.901	FALSE	TRUE	
sugarcane	SoffiXsponR570.06Cg178700	WRKY	TFF	FALSE	133	50.292656	0.408749145591251			FALSE	FALSE	
sugarcane	SoffiXsponR570.06Cg179100	MYB-related	TFF	TRUE	1	0.193737				FALSE	FALSE	
sugarcane	SoffiXsponR570.06Cg179800	C2C2-GATA	TFF	FALSE	10	2.460845	0.0666666666666667			FALSE	FALSE	
sugarcane	SoffiXsponR570.06Cg181000	bZIP	TFF	FALSE	3	0.275643	1			FALSE	FALSE	
sugarcane	SoffiXsponR570.06Cg181700	WRKY	TFF	FALSE	28	3.714047	0.41005291005291	0.6898	3.712e-06	TRUE	TRUE	ortholog_not_correlated
sugarcane	SoffiXsponR570.06Cg182800	CCAAT	TFF	FALSE	2	0.592506	1			FALSE	FALSE	
sugarcane	SoffiXsponR570.06Cg186800	MYB-related	TFF	TRUE	11	2.344062	0.363636363636364			FALSE	FALSE	
sugarcane	SoffiXsponR570.06Cg186900	MYB-related	TFF	TRUE	1	0.18086				FALSE	FALSE	
sugarcane	SoffiXsponR570.06Cg187500	NAC	TFF	FALSE	8	1.373092	0.142857142857143			FALSE	FALSE	
sugarcane	SoffiXsponR570.06Cg189800	WRKY	TFF	FALSE	14	1.220135	0.120879120879121			FALSE	FALSE	
sugarcane	SoffiXsponR570.06Cg193000	Sigma70-like	TFF	FALSE	607	145.787279	0.399073515259269	0.1916	0.4607	FALSE	TRUE	
sugarcane	SoffiXsponR570.06Cg193500	SET	OTR	FALSE	89	15.027834	0.566905005107252			FALSE	FALSE	
sugarcane	SoffiXsponR570.06Cg195300	Sigma70-like	TFF	FALSE	276	71.381016	0.34403162055336			FALSE	FALSE	
sugarcane	SoffiXsponR570.06Cg195500	MYB-related	TFF	TRUE	9	0.844757	0.694444444444445	0.6614	1.486e-05	TRUE	TRUE	ortholog_not_correlated
sugarcane	SoffiXsponR570.06Cg202100	bHLH	TFF	FALSE	403	64.061936	0.0437267755515228	0.2045	0.4201	FALSE	TRUE	
sugarcane	SoffiXsponR570.06Dg002500	GRAS	TFF	FALSE	10	2.385073	0.311111111111111			FALSE	FALSE	
sugarcane	SoffiXsponR570.06Dg008500	Top	TFF	FALSE	19	1.248344	0.637426900584795			FALSE	FALSE	
sugarcane	SoffiXsponR570.06Dg009400	bHLH	TFF	FALSE	149	53.911961	0.330582260112461	0.0607	0.8777	FALSE	TRUE	
sugarcane	SoffiXsponR570.06Dg016300	AUX/IAA	OTR	FALSE	4819	770.541841	0.817426540216183	-0.2361	0.3194	FALSE	TRUE	
sugarcane	SoffiXsponR570.06Dg019800	WRKY	TFF	FALSE	1006	104.573552	0.827745962038713	0.2707	0.2243	FALSE	TRUE	
sugarcane	SoffiXsponR570.06Dg020800	AUX/IAA	OTR	FALSE	25	2.109655	0.456666666666667			FALSE	FALSE	
sugarcane	SoffiXsponR570.06Dg021800	NAC	TFF	FALSE	1169	100.891031	0.957994480705907			FALSE	FALSE	
sugarcane	SoffiXsponR570.06Dg022700	MYB-related	TFF	TRUE	1	0.199185				FALSE	FALSE	
sugarcane	SoffiXsponR570.06Dg024300	bHLH	TFF	FALSE	398	83.276078	0.451413237471995			FALSE	FALSE	
sugarcane	SoffiXsponR570.06Dg024500	bHLH	TFF	FALSE	3	0.241471	0			FALSE	FALSE	
sugarcane	SoffiXsponR570.06Dg025600	MADS	TFF	FALSE	50	11.686158	0.0751020408163265			FALSE	FALSE	
sugarcane	SoffiXsponR570.06Dg032300	OFP	TFF	FALSE	26	6.514977	0.126153846153846			FALSE	FALSE	
sugarcane	SoffiXsponR570.06Dg033300	MYB	TFF	TRUE	2	0.092801	1			FALSE	FALSE	
sugarcane	SoffiXsponR570.06Dg034300	AUX/IAA	OTR	FALSE	323	51.759315	0.179105051631637	-0.2328	0.3297	FALSE	TRUE	
sugarcane	SoffiXsponR570.06Dg034700	GNAT	OTR	FALSE	16	1.125238	0.741666666666667	0.0034	0.9949	FALSE	TRUE	
sugarcane	SoffiXsponR570.06Dg036700	bHLH	TFF	FALSE	67	20.100545	0.110357304387155	-0.114	0.7116	FALSE	TRUE	
sugarcane	SoffiXsponR570.06Dg047000	AP2-EREBP	TFF	FALSE	57	6.159365	0.68796992481203			FALSE	FALSE	
sugarcane	SoffiXsponR570.06Dg048800	MYB	TFF	TRUE	1	0.028324				FALSE	FALSE	
sugarcane	SoffiXsponR570.06Dg050700	FHA	TFF	FALSE	13181	4957.524637	0.640201195471617	-0.0719	0.8478	FALSE	TRUE	
sugarcane	SoffiXsponR570.06Dg054500	AP2-EREBP	TFF	FALSE	2	0.411741	1			FALSE	FALSE	
sugarcane	SoffiXsponR570.06Dg063300	NAC	TFF	FALSE	4	0.337644	0.333333333333333	0.4033	0.03189	FALSE	TRUE	
sugarcane	SoffiXsponR570.06Dg065600	SRS	TFF	FALSE	1	0.060515				FALSE	FALSE	
sugarcane	SoffiXsponR570.06Dg065800	SET	OTR	FALSE	60	4.931931	0.585875706214689	0.2007	0.4303	FALSE	TRUE	
sugarcane	SoffiXsponR570.06Dg071700	TRAF	OTR	FALSE	1	0.016933				FALSE	FALSE	
sugarcane	SoffiXsponR570.06Dg074700	mTERF	OTR	FALSE	42	4.645948	0.543554006968641	0.0139	0.978	FALSE	TRUE	
sugarcane	SoffiXsponR570.06Dg079300	HB	TFF	FALSE	245	27.36987	0.745600535296086	0.0691	0.8549	FALSE	TRUE	
sugarcane	SoffiXsponR570.06Dg079400	bHLH	TFF	FALSE	33	3.320305	0.371212121212121	-0.1617	0.5677	FALSE	TRUE	
sugarcane	SoffiXsponR570.06Dg083200	CCAAT	TFF	FALSE	10	3.625173	0.288888888888889			FALSE	FALSE	
sugarcane	SoffiXsponR570.06Dg085200	CCAAT	TFF	FALSE	11318	3538.418054	0.655523610477183			FALSE	FALSE	
sugarcane	SoffiXsponR570.06Dg092200	WRKY	TFF	FALSE	17	2.136133	0.507352941176471	0.3157	0.1295	FALSE	TRUE	
sugarcane	SoffiXsponR570.06Dg094700	WRKY	TFF	FALSE	24	8.975178	0.322463768115942			FALSE	FALSE	
sugarcane	SoffiXsponR570.06Dg095600	GNAT	OTR	FALSE	10006	2807.437119	0.73352759958218	0.0344	0.9365	FALSE	TRUE	
sugarcane	SoffiXsponR570.06Dg095800	ABI3VP1	TFF	FALSE	862	94.301801	0.816702641670102			FALSE	FALSE	
sugarcane	SoffiXsponR570.06Dg097600	NOT2_3_5	OTR	FALSE	7165	1506.713192	0.880294431761818	-0.0163	0.9734	FALSE	TRUE	
sugarcane	SoffiXsponR570.06Dg099000	bZIP	TFF	FALSE	9301	2400.003187	0.736444965450588	-0.2943	0.1705	FALSE	TRUE	
sugarcane	SoffiXsponR570.06Dg100000	SET	OTR	FALSE	6108	1175.090995	0.812108052543438			FALSE	FALSE	
sugarcane	SoffiXsponR570.06Dg100800	MYB-related	TFF	TRUE	17	2.122266	0.691176470588235			FALSE	FALSE	
sugarcane	SoffiXsponR570.06Dg102800	CCAAT	TFF	FALSE	4921	736.841516	0.909321590066135	-0.0943	0.7776	FALSE	TRUE	
sugarcane	SoffiXsponR570.06Dg103500	bZIP	TFF	FALSE	83	10.900365	0.305612694681164	-0.5454	0.001147	FALSE	TRUE	
sugarcane	SoffiXsponR570.06Dg104800	AP2-EREBP	TFF	FALSE	168	79.323932	0.0508982035928144			FALSE	FALSE	
sugarcane	SoffiXsponR570.06Dg104900	AP2-EREBP	TFF	FALSE	42	4.773227	0.198606271777003	0.6751	7.694e-06	TRUE	TRUE	ortholog_not_correlated
sugarcane	SoffiXsponR570.06Dg111600	CPP	TFF	FALSE	13984	5538.143102	0.612466678645907			FALSE	FALSE	
sugarcane	SoffiXsponR570.06Dg114800	TCP	TFF	FALSE	1039	150.89076	0.500069542189856	-0.1912	0.4621	FALSE	TRUE	
sugarcane	SoffiXsponR570.06Dg115800	TUB	TFF	FALSE	2727	321.943327	0.829987938877038	0.1266	0.6665	FALSE	TRUE	
sugarcane	SoffiXsponR570.06Dg116000	C2C2-Dof	TFF	FALSE	9	1.218669	0.0555555555555556			FALSE	FALSE	
sugarcane	SoffiXsponR570.06Dg117000	ARF	TFF	FALSE	32	2.160835	0.449596774193548			FALSE	FALSE	
sugarcane	SoffiXsponR570.06Dg117700	VOZ	TFF	FALSE	6461	1171.012011	0.83154214642463	0.0567	0.8886	FALSE	TRUE	
sugarcane	SoffiXsponR570.06Dg122700	MYB	TFF	TRUE	288	32.458169	0.448751451800232	-0.1622	0.5656	FALSE	TRUE	
sugarcane	SoffiXsponR570.06Dg125900	ABI3VP1;AP2-EREBP	TFF	FALSE	9	0.857139	0.694444444444445			FALSE	FALSE	
sugarcane	SoffiXsponR570.06Dg130600	MYB	TFF	TRUE	38	3.113272	0.477951635846373			FALSE	FALSE	
sugarcane	SoffiXsponR570.06Dg136500	TUB	TFF	FALSE	4178	564.534667	0.93031122930021	0.0888	0.7967	FALSE	TRUE	
sugarcane	SoffiXsponR570.06Dg137800	DDT	OTR	FALSE	13905	5719.211991	0.597751324229142	0.0525	0.8979	FALSE	TRUE	
sugarcane	SoffiXsponR570.06Dg138000	NAC	TFF	FALSE	3	0.395988	0			FALSE	FALSE	
sugarcane	SoffiXsponR570.06Dg139200	C3H	TFF	FALSE	80	8.033587	0.364873417721519	0.1326	0.6448	FALSE	TRUE	
sugarcane	SoffiXsponR570.06Dg139900	AP2-EREBP	TFF	FALSE	10	2.460845	0.0666666666666667			FALSE	FALSE	
sugarcane	SoffiXsponR570.06Dg142200	WRKY	TFF	FALSE	3	0.114192	1			FALSE	FALSE	
sugarcane	SoffiXsponR570.06Dg145100	bZIP	TFF	FALSE	13858	5448.774587	0.616503824141175	-0.0244	0.9568	FALSE	TRUE	
sugarcane	SoffiXsponR570.06Dg146200	AP2-EREBP	TFF	FALSE	1	0.054077				FALSE	FALSE	
sugarcane	SoffiXsponR570.06Dg147100	CCAAT	TFF	FALSE	2072	193.961086	0.960142266153855	-0.0423	0.9203	FALSE	TRUE	
sugarcane	SoffiXsponR570.06Dg154400	WRKY	TFF	FALSE	8	1.00958	0.25			FALSE	FALSE	
sugarcane	SoffiXsponR570.06Dg154900	WRKY	TFF	FALSE	7	0.737594	0.476190476190476			FALSE	FALSE	
sugarcane	SoffiXsponR570.06Dg157100	bHLH	TFF	FALSE	262	25.480135	0.650112602731713	-0.2954	0.1683	FALSE	TRUE	
sugarcane	SoffiXsponR570.06Dg157700	Sigma70-like	TFF	FALSE	312	64.551506	0.322512160936598	0.2128	0.3952	FALSE	TRUE	
sugarcane	SoffiXsponR570.06Dg158200	SET	OTR	FALSE	2196	198.460805	0.950985639659601	-0.0039	0.994	FALSE	TRUE	
sugarcane	SoffiXsponR570.06Dg159900	Sigma70-like	TFF	FALSE	193	40.712841	0.362100604490501	-0.4215	0.02236	FALSE	TRUE	
sugarcane	SoffiXsponR570.06Eg008900	C2H2	TFF	FALSE	32	4.115578	0.451612903225806	-0.6221	8.218e-05	TRUE	TRUE	ortholog_not_correlated
sugarcane	SoffiXsponR570.06Eg012900	GRAS	TFF	FALSE	60	14.51002	0.518079096045198			FALSE	FALSE	
sugarcane	SoffiXsponR570.06Eg013000	GRAS	TFF	FALSE	9	3.495323	0.333333333333333			FALSE	FALSE	
sugarcane	SoffiXsponR570.06Eg013100	GRAS	TFF	FALSE	24	2.183847	0.384057971014493			FALSE	FALSE	
sugarcane	SoffiXsponR570.06Eg019400	C2H2	TFF	FALSE	119	26.53925	0.310212220481413	0.2458	0.2911	FALSE	TRUE	
sugarcane	SoffiXsponR570.06Eg019700	MYB;MYB-related	TFF	TRUE	185	39.317464	0.33930669800235			FALSE	FALSE	
sugarcane	SoffiXsponR570.06Eg019900	MYB	TFF	TRUE	109	17.467344	0.322290180088345			FALSE	FALSE	
sugarcane	SoffiXsponR570.06Eg028800	AP2-EREBP	TFF	FALSE	5	0.515533	0.8			FALSE	FALSE	
sugarcane	SoffiXsponR570.06Eg038400	WRKY	TFF	FALSE	6	0.691441	0.2	0.1619	0.567	FALSE	TRUE	
sugarcane	SoffiXsponR570.06Eg039500	bHLH	TFF	FALSE	5	1.453037	0.6			FALSE	FALSE	
sugarcane	SoffiXsponR570.06Eg039700	bHLH	TFF	FALSE	1	0.054572				FALSE	FALSE	
sugarcane	SoffiXsponR570.06Eg039800	MYB	TFF	TRUE	221	27.451781	0.780501851090086	0.1382	0.6237	FALSE	TRUE	
sugarcane	SoffiXsponR570.06Eg044100	MYB-related	TFF	TRUE	28	7.918699	0.134920634920635			FALSE	FALSE	
sugarcane	SoffiXsponR570.06Eg044600	Top	TFF	FALSE	3313	399.255178	0.936422867899987	-0.116	0.7045	FALSE	TRUE	
sugarcane	SoffiXsponR570.06Eg048000	GRAS	TFF	FALSE	7	2.99939	0.619047619047619			FALSE	FALSE	
sugarcane	SoffiXsponR570.06Eg056200	Top	TFF	FALSE	34	7.686998	0.071301247771836			FALSE	FALSE	
sugarcane	SoffiXsponR570.06Eg068500	WRKY	TFF	FALSE	4	0.096953	0.666666666666667			FALSE	FALSE	
sugarcane	SoffiXsponR570.06Eg069300	AUX/IAA	OTR	FALSE	71	10.234602	0.48169014084507	-0.1297	0.6553	FALSE	TRUE	
sugarcane	SoffiXsponR570.06Eg071100	MYB-related	TFF	TRUE	15	1.52035	0.419047619047619			FALSE	FALSE	
sugarcane	SoffiXsponR570.06Eg077900	AUX/IAA	OTR	FALSE	549	95.723127	0.254390863281614	-0.2213	0.3662	FALSE	TRUE	
sugarcane	SoffiXsponR570.06Eg078400	GNAT	OTR	FALSE	91	14.359935	0.516971916971917	0.0102	0.9839	FALSE	TRUE	
sugarcane	SoffiXsponR570.06Eg080100	bHLH	TFF	FALSE	18	1.468139	0.803921568627451	-0.0832	0.8155	FALSE	TRUE	
sugarcane	SoffiXsponR570.06Eg086300	WRKY	TFF	FALSE	103	14.305608	0.202360555872835	0.1964	0.4445	FALSE	TRUE	
sugarcane	SoffiXsponR570.06Eg087100	AP2-EREBP	TFF	FALSE	2093	280.554652	0.695413282369804			FALSE	FALSE	
sugarcane	SoffiXsponR570.06Eg088900	MYB	TFF	TRUE	84	31.169955	0.53241537578887			FALSE	FALSE	
sugarcane	SoffiXsponR570.06Eg090900	FHA	TFF	FALSE	10394	2997.722381	0.773561510971708	-0.0672	0.86	FALSE	TRUE	
sugarcane	SoffiXsponR570.06Eg103700	NAC	TFF	FALSE	112	16.067564	0.452380952380952			FALSE	FALSE	
sugarcane	SoffiXsponR570.06Eg107100	AP2-EREBP	TFF	FALSE	26	2.081026	0.593846153846154			FALSE	FALSE	
sugarcane	SoffiXsponR570.06Eg111600	TRAF	OTR	FALSE	4021	528.667284	0.894914386040452	-0.0335	0.938	FALSE	TRUE	
sugarcane	SoffiXsponR570.06Eg114000	mTERF	OTR	FALSE	10242	2831.525613	0.728516240349426	0.0057	0.9917	FALSE	TRUE	
sugarcane	SoffiXsponR570.06Eg114900	mTERF	OTR	FALSE	11576	3870.898839	0.706231900065825	-0.0893	0.7947	FALSE	TRUE	
sugarcane	SoffiXsponR570.06Eg119400	MYB-related	TFF	TRUE	1	0.277929		0.3774	0.05042	FALSE	TRUE	
sugarcane	SoffiXsponR570.06Eg119800	MED26	OTR	FALSE	835	125.848984	0.390045807665245	0.5307	0.001752	FALSE	TRUE	
sugarcane	SoffiXsponR570.06Eg122100	Alfin-like	TFF	FALSE	10593	3139.064167	0.782467501910142			FALSE	FALSE	
sugarcane	SoffiXsponR570.06Eg122900	AP2-EREBP	TFF	FALSE	26	6.514977	0.126153846153846			FALSE	FALSE	
sugarcane	SoffiXsponR570.06Eg123400	SWI/SNF-BAF60b	OTR	FALSE	38	3.492136	0.347083926031294			FALSE	FALSE	
sugarcane	SoffiXsponR570.06Eg123600	NAC	TFF	FALSE	1	0.093697				FALSE	FALSE	
sugarcane	SoffiXsponR570.06Eg123900	MADS	TFF	FALSE	76	6.514777	0.852982456140351	0.1744	0.5198	FALSE	TRUE	
sugarcane	SoffiXsponR570.06Eg124900	GRAS	TFF	FALSE	5	0.308519	0.6	-0.2081	0.4101	FALSE	TRUE	
sugarcane	SoffiXsponR570.06Eg125200	NAC	TFF	FALSE	544	55.895828	0.677134113313834	0.1075	0.7338	FALSE	TRUE	
sugarcane	SoffiXsponR570.06Eg132300	TUB	TFF	FALSE	1	0.227414				FALSE	FALSE	
sugarcane	SoffiXsponR570.06Eg134000	OFP	TFF	FALSE	4	0.355473	0.5			FALSE	FALSE	
sugarcane	SoffiXsponR570.06Eg134100	OFP	TFF	FALSE	121	19.756033	0.300137741046832			FALSE	FALSE	
sugarcane	SoffiXsponR570.06Eg134300	MYB-related	TFF	TRUE	5	0.63984	0.5			FALSE	FALSE	
sugarcane	SoffiXsponR570.06Eg134400	MYB-related	TFF	TRUE	6	1.544257	0.733333333333333			FALSE	FALSE	
sugarcane	SoffiXsponR570.06Eg134500	NAC	TFF	FALSE	1	0.030305				FALSE	FALSE	
sugarcane	SoffiXsponR570.06Eg135300	bZIP	TFF	FALSE	1	0.079335				FALSE	FALSE	
sugarcane	SoffiXsponR570.06Eg135400	C2H2	TFF	FALSE	1	0.362121		-0.0801	0.8244	FALSE	TRUE	
sugarcane	SoffiXsponR570.06Eg138800	HB	TFF	FALSE	1899	191.042491	0.943469220947634	0.2286	0.3431	FALSE	TRUE	
sugarcane	SoffiXsponR570.06Eg138900	bHLH	TFF	FALSE	3	0.853102	0.666666666666667			FALSE	FALSE	
sugarcane	SoffiXsponR570.06Eg144800	CCAAT	TFF	FALSE	200	15.822361	0.910301507537688			FALSE	FALSE	
sugarcane	SoffiXsponR570.06Eg149900	WRKY	TFF	FALSE	5	0.657174	0.9			FALSE	FALSE	
sugarcane	SoffiXsponR570.06Eg152000	WRKY	TFF	FALSE	12	2.170325	0.363636363636364			FALSE	FALSE	
sugarcane	SoffiXsponR570.06Fg007400	C2H2	TFF	FALSE	5	0.394197	0.5	-0.745	1.456e-07	TRUE	TRUE	ortholog_not_correlated
sugarcane	SoffiXsponR570.06Fg011100	GRAS	TFF	FALSE	1	0.08924				FALSE	FALSE	
sugarcane	SoffiXsponR570.06Fg011300	GRAS	TFF	FALSE	285	76.57058	0.0672349888806523	0.049	0.9064	FALSE	TRUE	
sugarcane	SoffiXsponR570.06Fg014100	C2C2-Dof	TFF	FALSE	6	0.383892	0.733333333333333	-0.2852	0.1903	FALSE	TRUE	
sugarcane	SoffiXsponR570.06Fg016000	C2H2	TFF	FALSE	56	15.474382	0.535064935064935			FALSE	FALSE	
sugarcane	SoffiXsponR570.06Fg016300	MYB;MYB-related	TFF	TRUE	181	35.879075	0.274892572130141	-0.9138	3.212e-16	TRUE	TRUE	ortholog_not_correlated
sugarcane	SoffiXsponR570.06Fg016500	MYB;MYB-related	TFF	TRUE	76	11.465273	0.271929824561404			FALSE	FALSE	
sugarcane	SoffiXsponR570.06Fg021500	SAP	TFF	FALSE	1881	239.053057	0.646467474295022	0.1985	0.4378	FALSE	TRUE	
sugarcane	SoffiXsponR570.06Fg022500	MYB-related	TFF	TRUE	4741	671.930625	0.926439169218693	-0.1535	0.596	FALSE	TRUE	
sugarcane	SoffiXsponR570.06Fg027600	MYB	TFF	TRUE	14	5.476788	0.395604395604396			FALSE	FALSE	
sugarcane	SoffiXsponR570.06Fg027700	MYB	TFF	TRUE	1	0.125393				FALSE	FALSE	
sugarcane	SoffiXsponR570.06Fg031600	bHLH	TFF	FALSE	9	3.296233	0.25			FALSE	FALSE	
sugarcane	SoffiXsponR570.06Fg031700	bHLH	TFF	FALSE	2	0.516733	0	0.3447	0.0856	FALSE	TRUE	
sugarcane	SoffiXsponR570.06Fg034600	Top	TFF	FALSE	10007	2787.914552	0.781536773948422			FALSE	FALSE	
sugarcane	SoffiXsponR570.06Fg043700	Top	TFF	FALSE	215	31.708854	0.209389263203651	0.0998	0.759	FALSE	TRUE	
sugarcane	SoffiXsponR570.06Fg050500	Alfin-like	TFF	FALSE	5	0.495228	0.7	0.175	0.518	FALSE	TRUE	
sugarcane	SoffiXsponR570.06Fg052100	FHA	TFF	FALSE	1	0.155603				FALSE	FALSE	
sugarcane	SoffiXsponR570.06Fg058600	AUX/IAA	OTR	FALSE	95	12.425383	0.298096304591265	-0.5511	0.0009738	FALSE	TRUE	
sugarcane	SoffiXsponR570.06Fg062500	WRKY	TFF	FALSE	83	16.011321	0.396121069644431			FALSE	FALSE	
sugarcane	SoffiXsponR570.06Fg063500	AUX/IAA	OTR	FALSE	1	0.079335				FALSE	FALSE	
sugarcane	SoffiXsponR570.06Fg065400	MYB-related	TFF	TRUE	8	0.639135	0.392857142857143			FALSE	FALSE	
sugarcane	SoffiXsponR570.06Fg067000	bHLH	TFF	FALSE	93	16.407974	0.541374474053296			FALSE	FALSE	
sugarcane	SoffiXsponR570.06Fg067100	bHLH	TFF	FALSE	78	24.904997	0.438561438561439			FALSE	FALSE	
sugarcane	SoffiXsponR570.06Fg067200	bHLH	TFF	FALSE	58	6.417484	0.540834845735027			FALSE	FALSE	
sugarcane	SoffiXsponR570.06Fg068400	MADS	TFF	FALSE	2	0.162631	1			FALSE	FALSE	
sugarcane	SoffiXsponR570.06Fg075100	AUX/IAA	OTR	FALSE	313	53.048979	0.20252723846973	-0.2222	0.3633	FALSE	TRUE	
sugarcane	SoffiXsponR570.06Fg083800	CCAAT	TFF	FALSE	108	5.132611	0.053478712357217			FALSE	FALSE	
sugarcane	SoffiXsponR570.06Fg088800	WRKY	TFF	FALSE	11	2.877444	0.127272727272727			FALSE	FALSE	
sugarcane	SoffiXsponR570.06Fg091500	WRKY	TFF	FALSE	76	28.376493	0.364210526315789			FALSE	FALSE	
sugarcane	SoffiXsponR570.06Fg092100	SET	OTR	FALSE	13986	5591.316543	0.613925432659791	-0.0461	0.9123	FALSE	TRUE	
sugarcane	SoffiXsponR570.06Fg092900	MYB-related	TFF	TRUE	14	1.444977	0.406593406593407			FALSE	FALSE	
sugarcane	SoffiXsponR570.06Fg094600	CCAAT	TFF	FALSE	3408	417.21941	0.847651755361442	-0.0151	0.9755	FALSE	TRUE	
sugarcane	SoffiXsponR570.06Fg095300	bZIP	TFF	FALSE	5	0.534847	0.9			FALSE	FALSE	
sugarcane	SoffiXsponR570.06Fg099100	GRAS	TFF	FALSE	2	0.81091	1			FALSE	FALSE	
sugarcane	SoffiXsponR570.06Fg105300	BSD	TFF	FALSE	12	0.908434	0.621212121212121	-0.1234	0.6779	FALSE	TRUE	
sugarcane	SoffiXsponR570.06Fg106000	TCP	TFF	FALSE	422	51.313097	0.730825950400198	-0.1674	0.5464	FALSE	TRUE	
sugarcane	SoffiXsponR570.06Fg107100	C2C2-Dof	TFF	FALSE	5	1.452541	0.3			FALSE	FALSE	
sugarcane	SoffiXsponR570.06Fg111400	PHD	OTR	FALSE	6975	1352.514642	0.918810368876513	-0.047	0.9105	FALSE	TRUE	
sugarcane	SoffiXsponR570.06Fg114600	AUX/IAA	OTR	FALSE	1	0.197204				FALSE	FALSE	
sugarcane	SoffiXsponR570.06Fg125300	WRKY	TFF	FALSE	11	2.268289	0.454545454545455			FALSE	FALSE	
sugarcane	SoffiXsponR570.06Fg133400	ABI3VP1;AP2-EREBP	TFF	FALSE	1	0.026343				FALSE	FALSE	
sugarcane	SoffiXsponR570.06Fg142100	AUX/IAA	OTR	FALSE	11	2.317814	0.0545454545454545			FALSE	FALSE	
sugarcane	SoffiXsponR570.06Fg144500	DDT	OTR	FALSE	2538	321.658919	0.74129611458841	-0.0644	0.868	FALSE	TRUE	
sugarcane	SoffiXsponR570.06Fg148600	WRKY	TFF	FALSE	4	0.644202	0.333333333333333			FALSE	FALSE	
sugarcane	SoffiXsponR570.06Fg149000	MYB-related	TFF	TRUE	16	3.076513	0.00833333333333333			FALSE	FALSE	
sugarcane	SoffiXsponR570.06Fg151400	Sigma70-like	TFF	FALSE	210	39.712076	0.352472089314195	-0.2901	0.1796	FALSE	TRUE	
sugarcane	SoffiXsponR570.06Fg154200	WRKY	TFF	FALSE	53	6.466533	0.412191582002903	0.5294	0.001814	FALSE	TRUE	
sugarcane	SoffiXsponR570.06Fg154400	AP2-EREBP	TFF	FALSE	4	0.749195	0.166666666666667			FALSE	FALSE	
sugarcane	SoffiXsponR570.06Fg155400	CCAAT	TFF	FALSE	5	0.726013	0.1			FALSE	FALSE	
sugarcane	SoffiXsponR570.06Fg159700	MYB-related	TFF	TRUE	8	4.065258	0.571428571428571			FALSE	FALSE	
sugarcane	SoffiXsponR570.06Fg162700	WRKY	TFF	FALSE	7	1.128344	0.238095238095238			FALSE	FALSE	
sugarcane	SoffiXsponR570.06Fg162900	OFP	TFF	FALSE	94	13.415288	0.612903225806452	0.0268	0.9521	FALSE	TRUE	
sugarcane	SoffiXsponR570.06Fg163100	WRKY	TFF	FALSE	81	34.737434	0.0484567901234568			FALSE	FALSE	
sugarcane	SoffiXsponR570.06Fg165300	bHLH	TFF	FALSE	1	0.01941				FALSE	FALSE	
sugarcane	SoffiXsponR570.06Fg166000	Sigma70-like	TFF	FALSE	1105	176.906448	0.478482195553807	0.0841	0.8126	FALSE	TRUE	
sugarcane	SoffiXsponR570.06Fg167800	MYB-related	TFF	TRUE	149	7.076393	0.164157446036641	-0.222	0.364	FALSE	TRUE	
sugarcane	SoffiXsponR570.06Fg168600	Sigma70-like	TFF	FALSE	41	4.61069	0.69390243902439	-0.272	0.221	FALSE	TRUE	
sugarcane	SoffiXsponR570.06Fg168900	MYB-related	TFF	TRUE	4	0.724432	0.166666666666667			FALSE	FALSE	
sugarcane	SoffiXsponR570.06Fg169200	SET	OTR	FALSE	8	0.615363	1			FALSE	FALSE	
sugarcane	SoffiXsponR570.06Gg010800	AP2-EREBP	TFF	FALSE	522	56.812916	0.597495238305351	-0.3589	0.06874	FALSE	TRUE	
sugarcane	SoffiXsponR570.06Gg012500	MYB	TFF	TRUE	9	2.709365	0.527777777777778			FALSE	FALSE	
sugarcane	SoffiXsponR570.06Gg017900	AP2-EREBP	TFF	FALSE	1	0.273967				FALSE	FALSE	
sugarcane	SoffiXsponR570.06Gg026100	NAC	TFF	FALSE	2	0.094782	1			FALSE	FALSE	
sugarcane	SoffiXsponR570.06Gg037200	mTERF	OTR	FALSE	1	0.122421				FALSE	FALSE	
sugarcane	SoffiXsponR570.06Gg041600	MYB-related	TFF	TRUE	1	0.277929		0.3729	0.05445	FALSE	TRUE	
sugarcane	SoffiXsponR570.06Gg044800	NAC	TFF	FALSE	3	0.324672	0.666666666666667			FALSE	FALSE	
sugarcane	SoffiXsponR570.06Gg045000	Alfin-like	TFF	FALSE	1	0.031296				FALSE	FALSE	
sugarcane	SoffiXsponR570.06Gg045700	AP2-EREBP	TFF	FALSE	129	35.41999	0.554990310077519			FALSE	FALSE	
sugarcane	SoffiXsponR570.06Gg046200	NAC	TFF	FALSE	17	1.648314	0.5			FALSE	FALSE	
sugarcane	SoffiXsponR570.06Gg047600	GRAS	TFF	FALSE	2	0.194822	1			FALSE	FALSE	
sugarcane	SoffiXsponR570.06Gg047900	NAC	TFF	FALSE	5727	1017.476398	0.888158322061043	0.1219	0.6838	FALSE	TRUE	
sugarcane	SoffiXsponR570.06Gg051600	zf-BED	TFF	FALSE	341	46.262786	0.378368121442125	-0.0326	0.9403	FALSE	TRUE	
sugarcane	SoffiXsponR570.06Gg055600	C2C2-Dof	TFF	FALSE	1	0.0308				FALSE	FALSE	
sugarcane	SoffiXsponR570.06Gg056200	OFP	TFF	FALSE	17	2.161391	0.294117647058824			FALSE	FALSE	
sugarcane	SoffiXsponR570.06Gg056300	OFP	TFF	FALSE	3	0.425208	0			FALSE	FALSE	
sugarcane	SoffiXsponR570.06Gg056900	NAC	TFF	FALSE	2	0.270595	1			FALSE	FALSE	
sugarcane	SoffiXsponR570.06Gg061600	HB	TFF	FALSE	59	4.544057	0.689070718877849	0.2225	0.3621	FALSE	TRUE	
sugarcane	SoffiXsponR570.06Gg061700	bHLH	TFF	FALSE	4	0.363892	0.5			FALSE	FALSE	
sugarcane	SoffiXsponR570.06Gg066300	C2H2	TFF	FALSE	100	30.941186	0.162424242424242	0.1459	0.596	FALSE	TRUE	
sugarcane	SoffiXsponR570.06Gg068300	CCAAT	TFF	FALSE	101	15.225093	0.295445544554456			FALSE	FALSE	
sugarcane	SoffiXsponR570.06Gg072700	FAR1	TFF	FALSE	92	35.109915	0.314859053989489			FALSE	FALSE	
sugarcane	SoffiXsponR570.06Gg074200	WRKY	TFF	FALSE	8	0.361796	0.214285714285714			FALSE	FALSE	
sugarcane	SoffiXsponR570.06Gg075800	OFP	TFF	FALSE	16	3.076513	0.00833333333333333	-0.1459	0.596	FALSE	TRUE	
sugarcane	SoffiXsponR570.06Gg076800	WRKY	TFF	FALSE	21	5.405148	0.876190476190476			FALSE	FALSE	
sugarcane	SoffiXsponR570.06Gg077800	GNAT	OTR	FALSE	1393	334.117494	0.275608337252766	0.1026	0.7501	FALSE	TRUE	
sugarcane	SoffiXsponR570.06Gg078000	ABI3VP1	TFF	FALSE	22	1.60075	0.822510822510823			FALSE	FALSE	
sugarcane	SoffiXsponR570.06Gg079700	NOT2_3_5	OTR	FALSE	14562	6200.584307	0.581090432955088	-0.0443	0.9158	FALSE	TRUE	
sugarcane	SoffiXsponR570.06Gg080900	bZIP	TFF	FALSE	1	0.017429				FALSE	FALSE	
sugarcane	SoffiXsponR570.06Gg083100	bZIP	TFF	FALSE	66	22.535583	0.224242424242424	0.1459	0.596	FALSE	TRUE	
sugarcane	SoffiXsponR570.06Gg084400	CCAAT	TFF	FALSE	13628	5334.685313	0.630039813523925	-0.0012	0.998	FALSE	TRUE	
sugarcane	SoffiXsponR570.06Gg086500	AP2-EREBP	TFF	FALSE	15	1.596618	0.304761904761905	0.6596	1.605e-05	TRUE	TRUE	ortholog_not_correlated
sugarcane	SoffiXsponR570.06Gg095800	BSD	TFF	FALSE	28	1.864297	0.682539682539682			FALSE	FALSE	
sugarcane	SoffiXsponR570.06Gg096600	TCP	TFF	FALSE	307	35.710285	0.540482425326265	-0.2949	0.1692	FALSE	TRUE	
sugarcane	SoffiXsponR570.06Gg097500	TUB	TFF	FALSE	85	22.250145	0.17703081232493	-0.1073	0.7346	FALSE	TRUE	
sugarcane	SoffiXsponR570.06Gg101600	PHD	OTR	FALSE	1	0.042686		-0.197	0.4427	FALSE	TRUE	
sugarcane	SoffiXsponR570.06Gg113300	AP2-EREBP	TFF	FALSE	27	4.469205	0.544159544159544			FALSE	FALSE	
sugarcane	SoffiXsponR570.06Gg114000	WRKY	TFF	FALSE	8	1.778204	0.464285714285714			FALSE	FALSE	
sugarcane	SoffiXsponR570.06Gg118400	MYB	TFF	TRUE	13	0.651001	1			FALSE	FALSE	
sugarcane	SoffiXsponR570.06Gg121600	zf-BED	TFF	FALSE	22	2.328269	0.406926406926407	-0.7305	3.619e-07	TRUE	TRUE	ortholog_not_correlated
sugarcane	SoffiXsponR570.06Gg131100	TUB	TFF	FALSE	2	0.132421	1			FALSE	FALSE	
sugarcane	SoffiXsponR570.06Gg132300	DDT	OTR	FALSE	277	36.72913	0.457646627949563	-0.065	0.8661	FALSE	TRUE	
sugarcane	SoffiXsponR570.06Gg132500	NAC	TFF	FALSE	1	0.082801				FALSE	FALSE	
sugarcane	SoffiXsponR570.06Gg132700	ARF	TFF	FALSE	5090	795.496878	0.877764167175938	-0.3197	0.1223	FALSE	TRUE	
sugarcane	SoffiXsponR570.06Gg135100	WRKY	TFF	FALSE	194	65.992851	0.265584103413279			FALSE	FALSE	
sugarcane	SoffiXsponR570.06Gg137300	bZIP	TFF	FALSE	1	0.057544				FALSE	FALSE	
sugarcane	SoffiXsponR570.06Gg138300	WRKY	TFF	FALSE	2	0.29932	1			FALSE	FALSE	
sugarcane	SoffiXsponR570.06Gg144200	MYB-related	TFF	TRUE	14	2.806908	0.296703296703297			FALSE	FALSE	
sugarcane	SoffiXsponR570.06Gg147400	OFP	TFF	FALSE	3	0.362311	0.333333333333333			FALSE	FALSE	
sugarcane	SoffiXsponR570.06Gg147500	WRKY	TFF	FALSE	3	0.249395	0.666666666666667			FALSE	FALSE	
sugarcane	SoffiXsponR570.06Gg150200	Sigma70-like	TFF	FALSE	466	102.034102	0.438155890904056	0.2072	0.4124	FALSE	TRUE	
sugarcane	SoffiXsponR570.06Gg150700	SET	OTR	FALSE	56	6.797149	0.529220779220779			FALSE	FALSE	
sugarcane	SoffiXsponR570.06Gg152500	Sigma70-like	TFF	FALSE	284	63.438004	0.315706962623799			FALSE	FALSE	
sugarcane	SoffiXsponR570.07Ag001100	GeBP	TFF	FALSE	74	23.772481	0.14476119955572			FALSE	FALSE	
sugarcane	SoffiXsponR570.07Ag003700	C3H	TFF	FALSE	12	1.028779	0.136363636363636	-0.4655	0.008781	FALSE	TRUE	
sugarcane	SoffiXsponR570.07Ag009100	E2F-DP	TFF	FALSE	9343	2456.712041	0.823497238947834	0.1454	0.5977	FALSE	TRUE	
sugarcane	SoffiXsponR570.07Ag015300	SET	OTR	FALSE	13154	4899.541451	0.644856494796086	-0.1432	0.6059	FALSE	TRUE	
sugarcane	SoffiXsponR570.07Ag019200	Top	TFF	FALSE	13889	5652.278744	0.606292540212674	-0.0116	0.9809	FALSE	TRUE	
sugarcane	SoffiXsponR570.07Ag019900	ARID	OTR	FALSE	735	87.145288	0.728806836085933	-0.1282	0.6611	FALSE	TRUE	
sugarcane	SoffiXsponR570.07Ag021500	Top	TFF	FALSE	9350	2491.15916	0.824528506294534	0.0121	0.9804	FALSE	TRUE	
sugarcane	SoffiXsponR570.07Ag038000	bHLH	TFF	FALSE	8	1.399835	0.75			FALSE	FALSE	
sugarcane	SoffiXsponR570.07Ag045600	bHLH	TFF	FALSE	387	144.83035	0.559933593070116	0.0776	0.8314	FALSE	TRUE	
sugarcane	SoffiXsponR570.07Ag047800	ABI3VP1	TFF	FALSE	51	12.436553	0.716862745098039			FALSE	FALSE	
sugarcane	SoffiXsponR570.07Ag048400	WRKY	TFF	FALSE	6527	1280.887979	0.874365192586714	-0.0721	0.8474	FALSE	TRUE	
sugarcane	SoffiXsponR570.07Ag059900	S1Fa-like	TFF	FALSE	326	43.348809	0.491382727701746			FALSE	FALSE	
sugarcane	SoffiXsponR570.07Ag064200	OFP	TFF	FALSE	55	14.432781	0.133333333333333			FALSE	FALSE	
sugarcane	SoffiXsponR570.07Ag067500	SWI/SNF-BAF60b	OTR	FALSE	126	10.512216	0.637333333333333			FALSE	FALSE	
sugarcane	SoffiXsponR570.07Ag070500	SET	OTR	FALSE	7612	1622.704042	0.828623981124203			FALSE	FALSE	
sugarcane	SoffiXsponR570.07Ag074800	zf-HD	TFF	FALSE	2	0.155203	0			FALSE	FALSE	
sugarcane	SoffiXsponR570.07Ag076100	NAC	TFF	FALSE	1189	216.829905	0.467326757907078	-0.0371	0.931	FALSE	TRUE	
sugarcane	SoffiXsponR570.07Ag077900	ARF;AUX/IAA	OTR;TFF	FALSE	7	0.28989	0.285714285714286			FALSE	FALSE	
sugarcane	SoffiXsponR570.07Ag079600	AP2-EREBP	TFF	FALSE	1949	540.579645	0.503413533818744			FALSE	FALSE	
sugarcane	SoffiXsponR570.07Ag082100	GRAS	TFF	FALSE	78	7.879375	0.423909423909424	0.6625	1.414e-05	TRUE	TRUE	ortholog_not_correlated
sugarcane	SoffiXsponR570.07Ag085500	FHA	TFF	FALSE	494	93.141621	0.421290783519886	0.0219	0.9624	FALSE	TRUE	
sugarcane	SoffiXsponR570.07Ag090800	EIL	TFF	FALSE	7	2.123792	0.238095238095238			FALSE	FALSE	
sugarcane	SoffiXsponR570.07Ag094400	MADS	TFF	FALSE	1	0.252176				FALSE	FALSE	
sugarcane	SoffiXsponR570.07Ag096900	GNAT	OTR	FALSE	1	0.015943				FALSE	FALSE	
sugarcane	SoffiXsponR570.07Ag100200	FAR1	TFF	FALSE	1244	168.364752	0.647824602339015	-0.224	0.3574	FALSE	TRUE	
sugarcane	SoffiXsponR570.07Ag101600	WRKY	TFF	FALSE	3	0.225128	1			FALSE	FALSE	
sugarcane	SoffiXsponR570.07Ag104800	FAR1	TFF	FALSE	11760	3921.208724	0.722595632351078	-0.0613	0.8765	FALSE	TRUE	
sugarcane	SoffiXsponR570.07Ag106600	MYB-related	TFF	TRUE	4362	608.525193	0.886804079466818	-0.2158	0.3846	FALSE	TRUE	
sugarcane	SoffiXsponR570.07Ag109100	TAZ	TFF	FALSE	6	1.250575	0.933333333333333			FALSE	FALSE	
sugarcane	SoffiXsponR570.07Ag111000	GNAT	OTR	FALSE	28	2.461566	0.624338624338624	-0.2725	0.2197	FALSE	TRUE	
sugarcane	SoffiXsponR570.07Ag122900	MYB	TFF	TRUE	36	17.837289	0.56984126984127	0.0228	0.9606	FALSE	TRUE	
sugarcane	SoffiXsponR570.07Ag123300	C1-4-t1	TFF	FALSE	81	8.203552	0.615432098765432			FALSE	FALSE	
sugarcane	SoffiXsponR570.07Ag124900	MYB-related	TFF	TRUE	3	0.774357	0.333333333333333			FALSE	FALSE	
sugarcane	SoffiXsponR570.07Ag128000	NAC	TFF	FALSE	34	4.846753	0.344028520499109			FALSE	FALSE	
sugarcane	SoffiXsponR570.07Ag128700	MYB	TFF	TRUE	29	3.5309	0.248768472906404	0.0113	0.9815	FALSE	TRUE	
sugarcane	SoffiXsponR570.07Ag130700	ARF	TFF	FALSE	11	0.598809	0.8			FALSE	FALSE	
sugarcane	SoffiXsponR570.07Ag134600	TCP	TFF	FALSE	35	7.303277	0.53781512605042			FALSE	FALSE	
sugarcane	SoffiXsponR570.07Ag136700	Top	TFF	FALSE	2	0.182936	1			FALSE	FALSE	
sugarcane	SoffiXsponR570.07Ag140500	MYB	TFF	TRUE	14	2.750945	0.0989010989010989			FALSE	FALSE	
sugarcane	SoffiXsponR570.07Ag144400	C2C2-GATA	TFF	FALSE	10035	2925.675788	0.777065481101177			FALSE	FALSE	
sugarcane	SoffiXsponR570.07Ag145400	Trihelix	TFF	FALSE	34	2.721151	0.702317290552585	0.0964	0.7704	FALSE	TRUE	
sugarcane	SoffiXsponR570.07Ag146900	MYB-related	TFF	TRUE	2011	168.894767	0.963231084755239	0.0647	0.8669	FALSE	TRUE	
sugarcane	SoffiXsponR570.07Ag147900	C2C2-GATA	TFF	FALSE	9837	2693.865233	0.801348354758406	0.0088	0.9861	FALSE	TRUE	
sugarcane	SoffiXsponR570.07Ag149500	AP2-EREBP	TFF	FALSE	1	0.093202				FALSE	FALSE	
sugarcane	SoffiXsponR570.07Ag149600	AP2-EREBP	TFF	FALSE	66	16.253862	0.112820512820513			FALSE	FALSE	
sugarcane	SoffiXsponR570.07Ag149700	AP2-EREBP	TFF	FALSE	7	1.150135	0.380952380952381			FALSE	FALSE	
sugarcane	SoffiXsponR570.07Ag149800	AP2-EREBP	TFF	FALSE	5	0.788909	0.3			FALSE	FALSE	
sugarcane	SoffiXsponR570.07Ag149900	AP2-EREBP	TFF	FALSE	116	28.829485	0.0892053973013493			FALSE	FALSE	
sugarcane	SoffiXsponR570.07Ag151100	MYB	TFF	TRUE	13434	5062.807129	0.631572031667129			FALSE	FALSE	
sugarcane	SoffiXsponR570.07Ag151400	AP2-EREBP	TFF	FALSE	152	16.103062	0.635151620773789	0.0815	0.8202	FALSE	TRUE	
sugarcane	SoffiXsponR570.07Ag151600	AP2-EREBP	TFF	FALSE	90	26.421101	0.128589263420724			FALSE	FALSE	
sugarcane	SoffiXsponR570.07Ag151700	AP2-EREBP	TFF	FALSE	635	86.682631	0.527395116619886			FALSE	FALSE	
sugarcane	SoffiXsponR570.07Ag153500	C2H2	TFF	FALSE	1	0.076858				FALSE	FALSE	
sugarcane	SoffiXsponR570.07Ag155200	GRAS	TFF	FALSE	4	0.401036	0.5			FALSE	FALSE	
sugarcane	SoffiXsponR570.07Ag157600	bHLH	TFF	FALSE	2	0.484047	0			FALSE	FALSE	
sugarcane	SoffiXsponR570.07Ag158200	bHLH	TFF	FALSE	3	0.285053	0.333333333333333			FALSE	FALSE	
sugarcane	SoffiXsponR570.07Ag162700	RWP-RK	TFF	FALSE	1	0.01				FALSE	FALSE	
sugarcane	SoffiXsponR570.07Ag163900	C2H2	TFF	FALSE	143	16.152721	0.46616763518172	-0.3441	0.08644	FALSE	TRUE	
sugarcane	SoffiXsponR570.07Ag168200	AP2-EREBP	TFF	FALSE	11	1.370405	0.4			FALSE	FALSE	
sugarcane	SoffiXsponR570.07Ag168300	AP2-EREBP	TFF	FALSE	17	3.134057	0.264705882352941			FALSE	FALSE	
sugarcane	SoffiXsponR570.07Ag172700	GRAS	TFF	FALSE	13	1.953007	0.256410256410256	0.5582	0.0007903	FALSE	TRUE	
sugarcane	SoffiXsponR570.07Ag180600	C2H2	TFF	FALSE	1	0.153127				FALSE	FALSE	
sugarcane	SoffiXsponR570.07Ag180800	bHLH	TFF	FALSE	759	129.46004	0.6567939345271			FALSE	FALSE	
sugarcane	SoffiXsponR570.07Ag182100	MYB	TFF	TRUE	342	132.409225	0.72578072747852	0.0827	0.817	FALSE	TRUE	
sugarcane	SoffiXsponR570.07Ag183100	MYB	TFF	TRUE	1	0.378464				FALSE	FALSE	
sugarcane	SoffiXsponR570.07Ag184200	WRKY	TFF	FALSE	14	2.667249	0.021978021978022	-0.1459	0.596	FALSE	TRUE	
sugarcane	SoffiXsponR570.07Ag185900	MYB-related	TFF	TRUE	70	8.564037	0.397515527950311	-0.4245	0.02107	FALSE	TRUE	
sugarcane	SoffiXsponR570.07Ag186600	GRF	TFF	FALSE	518	67.192926	0.551257253384913	-0.1009	0.756	FALSE	TRUE	
sugarcane	SoffiXsponR570.07Ag189300	WRKY	TFF	FALSE	7	0.3409	0.19047619047619			FALSE	FALSE	
sugarcane	SoffiXsponR570.07Ag193100	PHD	OTR	FALSE	8	0.833767	0.607142857142857	0.2918	0.1759	FALSE	TRUE	
sugarcane	SoffiXsponR570.07Ag193600	AP2-EREBP	TFF	FALSE	18	1.895538	0.444444444444444	0.2364	0.3182	FALSE	TRUE	
sugarcane	SoffiXsponR570.07Ag196100	Rcd1-like	OTR	FALSE	39	2.610195	0.712550607287449	-0.3272	0.11	FALSE	TRUE	
sugarcane	SoffiXsponR570.07Ag201800	bHLH	TFF	FALSE	18	4.045903	0.0522875816993464			FALSE	FALSE	
sugarcane	SoffiXsponR570.07Ag209300	SET	OTR	FALSE	4	0.870035	0.333333333333333			FALSE	FALSE	
sugarcane	SoffiXsponR570.07Ag217200	GNAT	OTR	FALSE	19	1.588579	0.596491228070175			FALSE	FALSE	
sugarcane	SoffiXsponR570.07Ag219000	bZIP	TFF	FALSE	27	3.065178	0.290598290598291	-0.7695	2.631e-08	TRUE	TRUE	ortholog_not_correlated
sugarcane	SoffiXsponR570.07Ag231300	Tify	TFF	FALSE	46	4.125823	0.409661835748792	-0.0442	0.916	FALSE	TRUE	
sugarcane	SoffiXsponR570.07Ag231500	AUX/IAA	OTR	FALSE	1648	395.088389	0.598748238928089	0.1695	0.5376	FALSE	TRUE	
sugarcane	SoffiXsponR570.07Ag238900	BSD	TFF	FALSE	2	0.054667	0			FALSE	FALSE	
sugarcane	SoffiXsponR570.07Ag245000	AP2-EREBP	TFF	FALSE	15	1.193982	0.79047619047619	0.4774	0.00669	FALSE	TRUE	
sugarcane	SoffiXsponR570.07Ag248100	ARF;AUX/IAA	OTR;TFF	FALSE	465	76.249435	0.47677048572488			FALSE	FALSE	
sugarcane	SoffiXsponR570.07Ag252400	ABI3VP1	TFF	FALSE	85	34.564972	0.0484593837535014	-0.1989	0.4366	FALSE	TRUE	
sugarcane	SoffiXsponR570.07Ag252500	MYB	TFF	TRUE	410	49.320565	0.657200787166796			FALSE	FALSE	
sugarcane	SoffiXsponR570.07Ag253400	Top	TFF	FALSE	213	21.867104	0.684958809460537	0.1079	0.7327	FALSE	TRUE	
sugarcane	SoffiXsponR570.07Ag260000	OFP	TFF	FALSE	28	7.140665	0.529100529100529			FALSE	FALSE	
sugarcane	SoffiXsponR570.07Ag263400	TUB	TFF	FALSE	86	12.084787	0.574829001367989			FALSE	FALSE	
sugarcane	SoffiXsponR570.07Ag266100	NAC	TFF	FALSE	20	1.908109	0.836842105263158			FALSE	FALSE	
sugarcane	SoffiXsponR570.07Bg004100	NAC	TFF	FALSE	1	0.223947				FALSE	FALSE	
sugarcane	SoffiXsponR570.07Bg004700	C2H2	TFF	FALSE	15485	6982.015298	0.541610421732117			FALSE	FALSE	
sugarcane	SoffiXsponR570.07Bg008400	MYB-related	TFF	TRUE	2	0.049715	0			FALSE	FALSE	
sugarcane	SoffiXsponR570.07Bg015200	SET	OTR	FALSE	4375	608.732451	0.864993507087334	-0.2103	0.4035	FALSE	TRUE	
sugarcane	SoffiXsponR570.07Bg019300	Top	TFF	FALSE	2121	238.046743	0.825562879738109	-0.0097	0.9847	FALSE	TRUE	
sugarcane	SoffiXsponR570.07Bg019800	ARID	OTR	FALSE	22	1.324402	0.701298701298701	-0.1174	0.6997	FALSE	TRUE	
sugarcane	SoffiXsponR570.07Bg021300	Top	TFF	FALSE	18	1.564217	0.398692810457516	-0.5543	0.0008811	FALSE	TRUE	
sugarcane	SoffiXsponR570.07Bg033000	MYB	TFF	TRUE	188	63.68938	0.239105700307202			FALSE	FALSE	
sugarcane	SoffiXsponR570.07Bg051200	ABI3VP1	TFF	FALSE	511	47.02974	0.795126817850428			FALSE	FALSE	
sugarcane	SoffiXsponR570.07Bg052400	ABI3VP1	TFF	FALSE	10	0.596238	0.488888888888889			FALSE	FALSE	
sugarcane	SoffiXsponR570.07Bg053000	TIG	TFF	FALSE	140	18.590045	0.578108941418294	-0.2503	0.2788	FALSE	TRUE	
sugarcane	SoffiXsponR570.07Bg057700	Tify	TFF	FALSE	38	4.974907	0.327169274537696	0.5877	0.0002986	FALSE	TRUE	
sugarcane	SoffiXsponR570.07Bg060500	AP2-EREBP	TFF	FALSE	116	28.829485	0.0892053973013493			FALSE	FALSE	
sugarcane	SoffiXsponR570.07Bg064400	zf-BED	TFF	FALSE	175	18.854862	0.336288998357964	0.5996	0.0001935	FALSE	TRUE	
sugarcane	SoffiXsponR570.07Bg067300	S1Fa-like	TFF	FALSE	8391	2083.273687	0.777698052953893			FALSE	FALSE	
sugarcane	SoffiXsponR570.07Bg071700	OFP	TFF	FALSE	131	37.4294	0.420199647680564			FALSE	FALSE	
sugarcane	SoffiXsponR570.07Bg072500	E2F-DP	TFF	FALSE	368	38.874277	0.568445681791257	-0.1003	0.7576	FALSE	TRUE	
sugarcane	SoffiXsponR570.07Bg075200	SWI/SNF-BAF60b	OTR	FALSE	2	0.33052	0			FALSE	FALSE	
sugarcane	SoffiXsponR570.07Bg082700	NAC	TFF	FALSE	203	21.087129	0.53689703945764			FALSE	FALSE	
sugarcane	SoffiXsponR570.07Bg085400	FAR1	TFF	FALSE	35	6.593092	0.357983193277311			FALSE	FALSE	
sugarcane	SoffiXsponR570.07Bg085700	bHLH	TFF	FALSE	10	2.705993	0.844444444444445			FALSE	FALSE	
sugarcane	SoffiXsponR570.07Bg086000	ARF	TFF	FALSE	51	6.129575	0.395294117647059	-0.1018	0.7528	FALSE	TRUE	
sugarcane	SoffiXsponR570.07Bg088000	AP2-EREBP	TFF	FALSE	1468	352.113007	0.569363415671568			FALSE	FALSE	
sugarcane	SoffiXsponR570.07Bg090200	GRAS	TFF	FALSE	2	0.167584	1			FALSE	FALSE	
sugarcane	SoffiXsponR570.07Bg090300	GRAS	TFF	FALSE	6	0.376958	0.866666666666667			FALSE	FALSE	
sugarcane	SoffiXsponR570.07Bg093900	FHA	TFF	FALSE	427	81.304282	0.425580807247859	0.0685	0.8566	FALSE	TRUE	
sugarcane	SoffiXsponR570.07Bg103900	GNAT	OTR	FALSE	156	19.194777	0.80272952853598	0.1595	0.5756	FALSE	TRUE	
sugarcane	SoffiXsponR570.07Bg107300	FAR1	TFF	FALSE	7664	1625.044077	0.825764076056707	-0.2165	0.3823	FALSE	TRUE	
sugarcane	SoffiXsponR570.07Bg108300	MYB;MYB-related	TFF	TRUE	13	0.873862	0.461538461538462			FALSE	FALSE	
sugarcane	SoffiXsponR570.07Bg108500	C2H2	TFF	FALSE	2	0.032876	0			FALSE	FALSE	
sugarcane	SoffiXsponR570.07Bg110700	WRKY	TFF	FALSE	3	0.418274	0.666666666666667			FALSE	FALSE	
sugarcane	SoffiXsponR570.07Bg111300	C2H2	TFF	FALSE	2	0.453342	0			FALSE	FALSE	
sugarcane	SoffiXsponR570.07Bg112800	FAR1	TFF	FALSE	372	34.356018	0.825928180158247	-0.3484	0.08103	FALSE	TRUE	
sugarcane	SoffiXsponR570.07Bg114800	MYB-related	TFF	TRUE	10099	2846.474442	0.744733947153523	-0.1482	0.596	FALSE	TRUE	
sugarcane	SoffiXsponR570.07Bg117100	TAZ	TFF	FALSE	30	4.886983	0.397701149425287			FALSE	FALSE	
sugarcane	SoffiXsponR570.07Bg118300	GNAT	OTR	FALSE	10633	3136.085093	0.682524916219414	-0.1336	0.6411	FALSE	TRUE	
sugarcane	SoffiXsponR570.07Bg119200	Trihelix	TFF	FALSE	10037	2770.81056	0.771245514752054	0.071	0.8503	FALSE	TRUE	
sugarcane	SoffiXsponR570.07Bg120600	bHLH	TFF	FALSE	2	0.143812	1			FALSE	FALSE	
sugarcane	SoffiXsponR570.07Bg126000	RWP-RK	TFF	FALSE	195	20.801601	0.556912503304256	-0.2177	0.3788	FALSE	TRUE	
sugarcane	SoffiXsponR570.07Bg127000	C2C2-CO-like	TFF	FALSE	11	2.312366	0.6	0.3641	0.06321	FALSE	TRUE	
sugarcane	SoffiXsponR570.07Bg135300	MYB	TFF	TRUE	186	49.371086	0.44597500726533			FALSE	FALSE	
sugarcane	SoffiXsponR570.07Bg135700	C1-4-t1	TFF	FALSE	12175	4248.953027	0.702533834350582			FALSE	FALSE	
sugarcane	SoffiXsponR570.07Bg137000	MYB-related	TFF	TRUE	1176	104.892801	0.903928209581705			FALSE	FALSE	
sugarcane	SoffiXsponR570.07Bg140400	NAC	TFF	FALSE	8	1.376558	0.642857142857143			FALSE	FALSE	
sugarcane	SoffiXsponR570.07Bg141200	MYB	TFF	TRUE	2049	336.231656	0.52082380124451			FALSE	FALSE	
sugarcane	SoffiXsponR570.07Bg146900	TCP	TFF	FALSE	7	0.855463	0.428571428571429			FALSE	FALSE	
sugarcane	SoffiXsponR570.07Bg154100	MYB	TFF	TRUE	100	30.941186	0.162424242424242			FALSE	FALSE	
sugarcane	SoffiXsponR570.07Bg155700	C2C2-YABBY	TFF	FALSE	194	65.992851	0.265584103413279			FALSE	FALSE	
sugarcane	SoffiXsponR570.07Bg158000	C2C2-GATA	TFF	FALSE	3367	402.767654	0.902304196421843			FALSE	FALSE	
sugarcane	SoffiXsponR570.07Bg158900	Trihelix	TFF	FALSE	422	45.380525	0.710787900620279	0.1922	0.4587	FALSE	TRUE	
sugarcane	SoffiXsponR570.07Bg160800	SET	OTR	FALSE	144	12.25076	0.774087024087024	0.281	0.1992	FALSE	TRUE	
sugarcane	SoffiXsponR570.07Bg161100	C2C2-GATA	TFF	FALSE	44	3.065803	0.576109936575053	0.3813	0.0472	FALSE	TRUE	
sugarcane	SoffiXsponR570.07Bg163100	AP2-EREBP	TFF	FALSE	91	14.846763	0.354334554334554			FALSE	FALSE	
sugarcane	SoffiXsponR570.07Bg163200	AP2-EREBP	TFF	FALSE	9	1.854072	0.5			FALSE	FALSE	
sugarcane	SoffiXsponR570.07Bg164900	AP2-EREBP	TFF	FALSE	241	27.715173	0.622786998616874			FALSE	FALSE	
sugarcane	SoffiXsponR570.07Bg165000	AP2-EREBP	TFF	FALSE	408	148.071266	0.288685744568098			FALSE	FALSE	
sugarcane	SoffiXsponR570.07Bg165100	AP2-EREBP	TFF	FALSE	379	37.395028	0.804819142550013	0.1335	0.6414	FALSE	TRUE	
sugarcane	SoffiXsponR570.07Bg171100	bHLH	TFF	FALSE	1	0.079335				FALSE	FALSE	
sugarcane	SoffiXsponR570.07Bg174900	RWP-RK	TFF	FALSE	14218	5732.334107	0.586721275487861	-0.0989	0.7623	FALSE	TRUE	
sugarcane	SoffiXsponR570.07Bg175100	HMG	OTR	FALSE	9	0.873977	0.25			FALSE	FALSE	
sugarcane	SoffiXsponR570.07Bg176200	C2H2	TFF	FALSE	3350	468.186763	0.778317786998124			FALSE	FALSE	
sugarcane	SoffiXsponR570.07Bg179900	AP2-EREBP	TFF	FALSE	47	12.698654	0.122109158186864			FALSE	FALSE	
sugarcane	SoffiXsponR570.07Bg180000	AP2-EREBP	TFF	FALSE	30	6.136493	0.360919540229885	0.1338	0.6402	FALSE	TRUE	
sugarcane	SoffiXsponR570.07Bg183100	OFP	TFF	FALSE	43	29.515893	0.707641196013289	0.0251	0.9551	FALSE	TRUE	
sugarcane	SoffiXsponR570.07Bg184600	GRAS	TFF	FALSE	20	2.712391	0.315789473684211	0.5791	0.0004007	FALSE	TRUE	
sugarcane	SoffiXsponR570.07Bg185700	ABI3VP1	TFF	FALSE	1	0.047144				FALSE	FALSE	
sugarcane	SoffiXsponR570.07Bg187100	MYB-related	TFF	TRUE	8	1.047714	0.964285714285714	-0.431	0.01848	FALSE	TRUE	
sugarcane	SoffiXsponR570.07Bg192000	C2H2	TFF	FALSE	1	0.153127				FALSE	FALSE	
sugarcane	SoffiXsponR570.07Bg192300	bHLH	TFF	FALSE	662	156.445283	0.547458533486295			FALSE	FALSE	
sugarcane	SoffiXsponR570.07Bg193400	Top	TFF	FALSE	5	0.265433	0.4			FALSE	FALSE	
sugarcane	SoffiXsponR570.07Bg193500	MYB;MYB-related	TFF	TRUE	50	11.686158	0.0751020408163265	-0.1459	0.596	FALSE	TRUE	
sugarcane	SoffiXsponR570.07Bg194500	MYB	TFF	TRUE	5	0.665098	0.3	0.0239	0.9582	FALSE	TRUE	
sugarcane	SoffiXsponR570.07Bg196000	WRKY	TFF	FALSE	41	26.78986	0.681707317073171	0.0308	0.9439	FALSE	TRUE	
sugarcane	SoffiXsponR570.07Bg197600	MYB-related	TFF	TRUE	74	9.210715	0.370973713439467			FALSE	FALSE	
sugarcane	SoffiXsponR570.07Bg198400	GRF	TFF	FALSE	551	78.974042	0.522626629269097	-0.2203	0.3699	FALSE	TRUE	
sugarcane	SoffiXsponR570.07Bg205400	AP2-EREBP	TFF	FALSE	15	3.486978	0.580952380952381	0.3291	0.1073	FALSE	TRUE	
sugarcane	SoffiXsponR570.07Bg209100	MADS	TFF	FALSE	1	0.250195				FALSE	FALSE	
sugarcane	SoffiXsponR570.07Bg215900	zf-BED	TFF	FALSE	31	2.274647	0.802150537634409			FALSE	FALSE	
sugarcane	SoffiXsponR570.07Bg217400	FAR1	TFF	FALSE	88	5.891411	0.892371995820272			FALSE	FALSE	
sugarcane	SoffiXsponR570.07Bg224100	CSD	TFF	FALSE	223	26.545668	0.622995192501919			FALSE	FALSE	
sugarcane	SoffiXsponR570.07Bg230000	bZIP	TFF	FALSE	6	0.834567	0.266666666666667			FALSE	FALSE	
sugarcane	SoffiXsponR570.07Bg232900	bHLH	TFF	FALSE	55	14.432781	0.133333333333333	0.1459	0.596	FALSE	TRUE	
sugarcane	SoffiXsponR570.07Bg236700	AP2-EREBP	TFF	FALSE	31	3.210665	0.341935483870968	0.2394	0.3097	FALSE	TRUE	
sugarcane	SoffiXsponR570.07Bg236800	AP2-EREBP	TFF	FALSE	36	3.848029	0.547619047619048			FALSE	FALSE	
sugarcane	SoffiXsponR570.07Bg240700	Tify	TFF	FALSE	35	5.444612	0.532773109243698			FALSE	FALSE	
sugarcane	SoffiXsponR570.07Bg241100	AUX/IAA	OTR	FALSE	404	138.063417	0.489509372773506	0.2242	0.357	FALSE	TRUE	
sugarcane	SoffiXsponR570.07Bg241400	AP2-EREBP	TFF	FALSE	1	0.088744				FALSE	FALSE	
sugarcane	SoffiXsponR570.07Bg250200	C3H	TFF	FALSE	3	0.400445	0.666666666666667			FALSE	FALSE	
sugarcane	SoffiXsponR570.07Bg255600	C3H	TFF	FALSE	758	110.126468	0.436928160388703	0.1877	0.474	FALSE	TRUE	
sugarcane	SoffiXsponR570.07Bg255800	ARF	TFF	FALSE	1071	176.368349	0.420862675288184	-0.2564	0.2619	FALSE	TRUE	
sugarcane	SoffiXsponR570.07Bg260700	ABI3VP1	TFF	FALSE	24	5.515873	0.344202898550725	-0.1032	0.7479	FALSE	TRUE	
sugarcane	SoffiXsponR570.07Bg260800	MYB	TFF	TRUE	7	0.941636	0.619047619047619	-0.5545	0.0008779	FALSE	TRUE	
sugarcane	SoffiXsponR570.07Bg261900	Top	TFF	FALSE	1528	325.906738	0.439425420956809	0.002	0.9968	FALSE	TRUE	
sugarcane	SoffiXsponR570.07Bg267100	CCAAT	TFF	FALSE	142	41.534067	0.136050344620917			FALSE	FALSE	
sugarcane	SoffiXsponR570.07Bg269200	OFP	TFF	FALSE	164	66.519915	0.556785874607212			FALSE	FALSE	
sugarcane	SoffiXsponR570.07Bg272500	TUB	TFF	FALSE	165	28.469145	0.474575018477457	-0.5324	0.001673	FALSE	TRUE	
sugarcane	SoffiXsponR570.07Bg280700	bZIP	TFF	FALSE	135	18.063617	0.510226644555003	0.5098	0.003031	FALSE	TRUE	
sugarcane	SoffiXsponR570.07Cg009900	MYB-related	TFF	TRUE	35	2.865858	0.65546218487395			FALSE	FALSE	
sugarcane	SoffiXsponR570.07Cg016500	SET	OTR	FALSE	4383	617.626868	0.891177824616561	-0.193	0.4558	FALSE	TRUE	
sugarcane	SoffiXsponR570.07Cg022400	ARID	OTR	FALSE	1	0.058039				FALSE	FALSE	
sugarcane	SoffiXsponR570.07Cg026200	ABI3VP1	TFF	FALSE	1	0.027829				FALSE	FALSE	
sugarcane	SoffiXsponR570.07Cg026300	ABI3VP1	TFF	FALSE	453	37.15097	0.87384985055383	-0.268	0.2312	FALSE	TRUE	
sugarcane	SoffiXsponR570.07Cg039800	bHLH	TFF	FALSE	44	7.240245	0.201902748414376	0.3426	0.08835	FALSE	TRUE	
sugarcane	SoffiXsponR570.07Cg039900	bHLH	TFF	FALSE	2	0.241871	1			FALSE	FALSE	
sugarcane	SoffiXsponR570.07Cg046400	bHLH	TFF	FALSE	3	1.198784	1			FALSE	FALSE	
sugarcane	SoffiXsponR570.07Cg050100	CAMTA	TFF	FALSE	7392	1504.75972	0.735592267066357			FALSE	FALSE	
sugarcane	SoffiXsponR570.07Cg055500	Tify	TFF	FALSE	21	2.244477	0.295238095238095			FALSE	FALSE	
sugarcane	SoffiXsponR570.07Cg064600	S1Fa-like	TFF	FALSE	3126	389.602856	0.846523864363404			FALSE	FALSE	
sugarcane	SoffiXsponR570.07Cg069100	OFP	TFF	FALSE	43	18.098949	0.399778516057586			FALSE	FALSE	
sugarcane	SoffiXsponR570.07Cg074100	SET	OTR	FALSE	1740	155.356673	0.943902229448818	-0.1435	0.6049	FALSE	TRUE	
sugarcane	SoffiXsponR570.07Cg077400	SET	OTR	FALSE	9361	2512.783707	0.817297283601631			FALSE	FALSE	
sugarcane	SoffiXsponR570.07Cg079500	GRAS	TFF	FALSE	7	0.531076	1			FALSE	FALSE	
sugarcane	SoffiXsponR570.07Cg081800	NAC	TFF	FALSE	345	33.896833	0.886265588136165			FALSE	FALSE	
sugarcane	SoffiXsponR570.07Cg085100	bHLH	TFF	FALSE	17	8.078114	0.514705882352941	0.2064	0.4147	FALSE	TRUE	
sugarcane	SoffiXsponR570.07Cg085500	ARF	TFF	FALSE	45	5.405448	0.501010101010101	-0.1666	0.5492	FALSE	TRUE	
sugarcane	SoffiXsponR570.07Cg085600	AUX/IAA	OTR	FALSE	2	0.467209	1			FALSE	FALSE	
sugarcane	SoffiXsponR570.07Cg087200	AP2-EREBP	TFF	FALSE	1049	231.573987	0.657827520211907			FALSE	FALSE	
sugarcane	SoffiXsponR570.07Cg090000	GRAS	TFF	FALSE	4	0.327244	0.666666666666667			FALSE	FALSE	
sugarcane	SoffiXsponR570.07Cg093700	FHA	TFF	FALSE	183	31.97077	0.428151083888789	0.1255	0.6704	FALSE	TRUE	
sugarcane	SoffiXsponR570.07Cg099200	EIL	TFF	FALSE	8	4.253947	0.357142857142857			FALSE	FALSE	
sugarcane	SoffiXsponR570.07Cg102900	MYB	TFF	TRUE	173	60.603552	0.109624949589999			FALSE	FALSE	
sugarcane	SoffiXsponR570.07Cg106100	GNAT	OTR	FALSE	16	2.770945	0.0333333333333333			FALSE	FALSE	
sugarcane	SoffiXsponR570.07Cg114800	FAR1	TFF	FALSE	598	49.276528	0.878741533755735			FALSE	FALSE	
sugarcane	SoffiXsponR570.07Cg120800	GNAT	OTR	FALSE	14558	6218.637189	0.582515187300675	-0.072	0.8476	FALSE	TRUE	
sugarcane	SoffiXsponR570.07Cg127500	RWP-RK	TFF	FALSE	1646	231.025538	0.562029346264501	-0.1146	0.7096	FALSE	TRUE	
sugarcane	SoffiXsponR570.07Cg128500	C2C2-CO-like	TFF	FALSE	2	0.25029	0			FALSE	FALSE	
sugarcane	SoffiXsponR570.07Cg141700	NAC	TFF	FALSE	19	2.360175	0.269005847953216			FALSE	FALSE	
sugarcane	SoffiXsponR570.07Cg142500	MYB	TFF	TRUE	51	6.524287	0.614901960784314			FALSE	FALSE	
sugarcane	SoffiXsponR570.07Cg153900	C2C2-YABBY	TFF	FALSE	92	35.109915	0.314859053989489			FALSE	FALSE	
sugarcane	SoffiXsponR570.07Cg155800	C2C2-GATA	TFF	FALSE	8666	2042.71973	0.822085581886165			FALSE	FALSE	
sugarcane	SoffiXsponR570.07Cg161200	AP2-EREBP	TFF	FALSE	1	0.11945				FALSE	FALSE	
sugarcane	SoffiXsponR570.07Cg161500	AP2-EREBP	TFF	FALSE	14	7.194802	0.615384615384615			FALSE	FALSE	
sugarcane	SoffiXsponR570.07Cg161600	AP2-EREBP	TFF	FALSE	7	0.805938	0.476190476190476			FALSE	FALSE	
sugarcane	SoffiXsponR570.07Cg161700	AP2-EREBP	TFF	FALSE	32	6.415013	0.0766129032258065			FALSE	FALSE	
sugarcane	SoffiXsponR570.07Cg163200	AP2-EREBP	TFF	FALSE	256	82.121036	0.217126225490196			FALSE	FALSE	
sugarcane	SoffiXsponR570.07Cg163400	AP2-EREBP	TFF	FALSE	1	0.095183				FALSE	FALSE	
sugarcane	SoffiXsponR570.07Cg168800	bHLH	TFF	FALSE	7	0.935198	0.0476190476190476			FALSE	FALSE	
sugarcane	SoffiXsponR570.07Cg169200	bHLH	TFF	FALSE	15	1.553532	0.857142857142857			FALSE	FALSE	
sugarcane	SoffiXsponR570.07Cg173500	RWP-RK	TFF	FALSE	162	13.039915	0.731999079825167	-0.2983	0.1621	FALSE	TRUE	
sugarcane	SoffiXsponR570.07Cg173700	HMG	OTR	FALSE	5115	863.243187	0.758726146499116			FALSE	FALSE	
sugarcane	SoffiXsponR570.07Cg178700	AP2-EREBP	TFF	FALSE	53	15.117024	0.109579100145138			FALSE	FALSE	
sugarcane	SoffiXsponR570.07Cg178800	AP2-EREBP	TFF	FALSE	29	7.115503	0.421182266009852			FALSE	FALSE	
sugarcane	SoffiXsponR570.07Cg183700	MADS	TFF	FALSE	190	83.778299	0.584962406015038			FALSE	FALSE	
sugarcane	SoffiXsponR570.07Cg185600	MYB-related	TFF	TRUE	19	2.985178	0.87719298245614			FALSE	FALSE	
sugarcane	SoffiXsponR570.07Cg190700	bHLH	TFF	FALSE	2	0.375588	1			FALSE	FALSE	
sugarcane	SoffiXsponR570.07Cg191100	PLATZ	TFF	FALSE	2	0.057639	0	-0.273	0.2186	FALSE	TRUE	
sugarcane	SoffiXsponR570.07Cg191800	MYB	TFF	TRUE	256	82.121036	0.217126225490196			FALSE	FALSE	
sugarcane	SoffiXsponR570.07Cg194400	WRKY	TFF	FALSE	8	2.983637	0.142857142857143			FALSE	FALSE	
sugarcane	SoffiXsponR570.07Cg195700	MYB-related	TFF	TRUE	16	2.838299	0.733333333333333			FALSE	FALSE	
sugarcane	SoffiXsponR570.07Cg196400	GRF	TFF	FALSE	100	12.087604	0.612525252525253			FALSE	FALSE	
sugarcane	SoffiXsponR570.07Cg212800	NAC	TFF	FALSE	27	3.836773	0.60968660968661			FALSE	FALSE	
sugarcane	SoffiXsponR570.07Cg213100	NAC	TFF	FALSE	91	10.380125	0.559462759462759			FALSE	FALSE	
sugarcane	SoffiXsponR570.07Cg214600	zf-BED	TFF	FALSE	690	48.753377	0.929307334721609			FALSE	FALSE	
sugarcane	SoffiXsponR570.07Cg220600	SET	OTR	FALSE	5	1.787824	1			FALSE	FALSE	
sugarcane	SoffiXsponR570.07Cg223200	CSD	TFF	FALSE	11883	4020.793417	0.724944973860964			FALSE	FALSE	
sugarcane	SoffiXsponR570.07Cg228100	GNAT	OTR	FALSE	2748	284.750245	0.952579736316818	-0.0739	0.8428	FALSE	TRUE	
sugarcane	SoffiXsponR570.07Cg229900	bZIP	TFF	FALSE	10	1.579305	0.333333333333333			FALSE	FALSE	
sugarcane	SoffiXsponR570.07Cg233100	bHLH	TFF	FALSE	189	47.85096	0.0701902510413149			FALSE	FALSE	
sugarcane	SoffiXsponR570.07Cg236900	AP2-EREBP	TFF	FALSE	6	0.718184	0.2	0.1935	0.4543	FALSE	TRUE	
sugarcane	SoffiXsponR570.07Cg237000	AP2-EREBP	TFF	FALSE	3	0.374692	0			FALSE	FALSE	
sugarcane	SoffiXsponR570.07Cg242000	Tify	TFF	FALSE	3057	382.341911	0.835227963629949			FALSE	FALSE	
sugarcane	SoffiXsponR570.07Cg242400	AUX/IAA	OTR	FALSE	3	0.606468	0			FALSE	FALSE	
sugarcane	SoffiXsponR570.07Cg242600	AP2-EREBP	TFF	FALSE	142	41.534067	0.136050344620917			FALSE	FALSE	
sugarcane	SoffiXsponR570.07Cg243100	FAR1	TFF	FALSE	11450	3644.451231	0.717654958137875	-0.061	0.8773	FALSE	TRUE	
sugarcane	SoffiXsponR570.07Cg252100	SWI/SNF-BAF60b	OTR	FALSE	1	0.178879				FALSE	FALSE	
sugarcane	SoffiXsponR570.07Cg258200	C3H	TFF	FALSE	6900	1312.083422	0.927530139843834	0.0198	0.9673	FALSE	TRUE	
sugarcane	SoffiXsponR570.07Cg258400	ARF;AUX/IAA	OTR;TFF	FALSE	4	0.37974	0.833333333333333			FALSE	FALSE	
sugarcane	SoffiXsponR570.07Cg263700	MYB	TFF	TRUE	138	8.443222	0.934306569343066			FALSE	FALSE	
sugarcane	SoffiXsponR570.07Cg271400	OFP	TFF	FALSE	177	20.72065	0.351887519260401			FALSE	FALSE	
sugarcane	SoffiXsponR570.07Cg274800	TUB	TFF	FALSE	130	13.977349	0.453070960047704			FALSE	FALSE	
sugarcane	SoffiXsponR570.07Cg277500	NAC	TFF	FALSE	162	21.258054	0.486389080591979			FALSE	FALSE	
sugarcane	SoffiXsponR570.07Cg278800	PHD	OTR	FALSE	1	0.046153				FALSE	FALSE	
sugarcane	SoffiXsponR570.07Cg281000	NAC	TFF	FALSE	1	0.025353				FALSE	FALSE	
sugarcane	SoffiXsponR570.07Dg010100	Top	TFF	FALSE	10720	3246.263177	0.710788103980517	-0.064	0.8694	FALSE	TRUE	
sugarcane	SoffiXsponR570.07Dg014400	Top	TFF	FALSE	11515	3652.703282	0.709103690038543	-0.1522	0.596	FALSE	TRUE	
sugarcane	SoffiXsponR570.07Dg016900	ABI3VP1	TFF	FALSE	91	7.879125	0.722832722832723			FALSE	FALSE	
sugarcane	SoffiXsponR570.07Dg023400	MYB	TFF	TRUE	18	5.728754	0.339869281045752			FALSE	FALSE	
sugarcane	SoffiXsponR570.07Dg038200	bHLH	TFF	FALSE	10	2.460845	0.0666666666666667			FALSE	FALSE	
sugarcane	SoffiXsponR570.07Dg040700	ABI3VP1	TFF	FALSE	1	0.179375				FALSE	FALSE	
sugarcane	SoffiXsponR570.07Dg040900	ABI3VP1	TFF	FALSE	8271	1961.982576	0.878833388376252			FALSE	FALSE	
sugarcane	SoffiXsponR570.07Dg041100	ABI3VP1	TFF	FALSE	91	5.815923	0.93040293040293	0.0897	0.7934	FALSE	TRUE	
sugarcane	SoffiXsponR570.07Dg042400	TIG	TFF	FALSE	12665	4579.251516	0.654927926730393	-0.0187	0.9692	FALSE	TRUE	
sugarcane	SoffiXsponR570.07Dg045200	ARF	TFF	FALSE	2	0.626183	0			FALSE	FALSE	
sugarcane	SoffiXsponR570.07Dg047300	Tify	TFF	FALSE	20	3.107599	0.368421052631579			FALSE	FALSE	
sugarcane	SoffiXsponR570.07Dg055600	S1Fa-like	TFF	FALSE	3	0.11964	0.666666666666667			FALSE	FALSE	
sugarcane	SoffiXsponR570.07Dg059900	OFP	TFF	FALSE	66	22.535583	0.224242424242424			FALSE	FALSE	
sugarcane	SoffiXsponR570.07Dg063900	E2F-DP	TFF	FALSE	2	0.111621	0			FALSE	FALSE	
sugarcane	SoffiXsponR570.07Dg068700	AP2-EREBP	TFF	FALSE	26	12.144457	0.461538461538462			FALSE	FALSE	
sugarcane	SoffiXsponR570.07Dg068800	bHLH	TFF	FALSE	8	2.965808	0.357142857142857			FALSE	FALSE	
sugarcane	SoffiXsponR570.07Dg077500	ARF;AUX/IAA	OTR;TFF	FALSE	5	1.572391	0.7			FALSE	FALSE	
sugarcane	SoffiXsponR570.07Dg079700	AP2-EREBP	TFF	FALSE	992	206.595213	0.556691676703232			FALSE	FALSE	
sugarcane	SoffiXsponR570.07Dg080400	RWP-RK	TFF	FALSE	5808	1045.330385	0.648517261631137	0.0419	0.9209	FALSE	TRUE	
sugarcane	SoffiXsponR570.07Dg085900	bHLH	TFF	FALSE	1	0.117964				FALSE	FALSE	
sugarcane	SoffiXsponR570.07Dg087200	Trihelix	TFF	FALSE	94	11.28077	0.408602150537634	0.5267	0.001954	FALSE	TRUE	
sugarcane	SoffiXsponR570.07Dg095400	NAC	TFF	FALSE	12	4.78028	0.348484848484849			FALSE	FALSE	
sugarcane	SoffiXsponR570.07Dg095500	C2H2	TFF	FALSE	94	24.888689	0.100205902539465			FALSE	FALSE	
sugarcane	SoffiXsponR570.07Dg098500	C2H2	TFF	FALSE	1	0.216518				FALSE	FALSE	
sugarcane	SoffiXsponR570.07Dg098700	MYB-related	TFF	TRUE	1	0.096668				FALSE	FALSE	
sugarcane	SoffiXsponR570.07Dg099600	FAR1	TFF	FALSE	58	3.617849	0.899576527525711			FALSE	FALSE	
sugarcane	SoffiXsponR570.07Dg102900	GNAT	OTR	FALSE	563	84.857239	0.430004487904781	0.2616	0.2478	FALSE	TRUE	
sugarcane	SoffiXsponR570.07Dg106000	MYB	TFF	TRUE	16	3.351376	0.808333333333333	0.1192	0.6937	FALSE	TRUE	
sugarcane	SoffiXsponR570.07Dg122300	MYB	TFF	TRUE	1	0.152631				FALSE	FALSE	
sugarcane	SoffiXsponR570.07Dg122700	C1-4-t1	TFF	FALSE	66	10.773452	0.402797202797203			FALSE	FALSE	
sugarcane	SoffiXsponR570.07Dg127600	NAC	TFF	FALSE	13	1.562256	0.41025641025641			FALSE	FALSE	
sugarcane	SoffiXsponR570.07Dg128400	MYB	TFF	TRUE	18	6.433987	0.457516339869281			FALSE	FALSE	
sugarcane	SoffiXsponR570.07Dg130400	ARF	TFF	FALSE	6281	1153.520585	0.922237168611838	-0.0454	0.9139	FALSE	TRUE	
sugarcane	SoffiXsponR570.07Dg136100	Top	TFF	FALSE	9819	2701.973202	0.791942864150349	-0.0353	0.9341	FALSE	TRUE	
sugarcane	SoffiXsponR570.07Dg143700	C2C2-GATA	TFF	FALSE	1	0.072401				FALSE	FALSE	
sugarcane	SoffiXsponR570.07Dg145500	AP2-EREBP	TFF	FALSE	304	69.672596	0.0769280875455967			FALSE	FALSE	
sugarcane	SoffiXsponR570.07Dg147400	WRKY	TFF	FALSE	21	2.326688	0.442857142857143	-0.0773	0.8323	FALSE	TRUE	
sugarcane	SoffiXsponR570.07Dg147600	C2C2-GATA	TFF	FALSE	987	128.754687	0.59650301793498	0.3977	0.03543	FALSE	TRUE	
sugarcane	SoffiXsponR570.07Dg147900	SET	OTR	FALSE	330	45.585233	0.632182002394768	0.3472	0.08245	FALSE	TRUE	
sugarcane	SoffiXsponR570.07Dg148600	MYB-related	TFF	TRUE	1	0.043182				FALSE	FALSE	
sugarcane	SoffiXsponR570.07Dg149800	Trihelix	TFF	FALSE	784	104.867429	0.611081789037454	0.1037	0.7463	FALSE	TRUE	
sugarcane	SoffiXsponR570.07Dg152800	AP2-EREBP	TFF	FALSE	195	24.602131	0.760296061326989	-0.0217	0.9627	FALSE	TRUE	
sugarcane	SoffiXsponR570.07Dg152900	AP2-EREBP	TFF	FALSE	199	62.875248	0.175371808537638			FALSE	FALSE	
sugarcane	SoffiXsponR570.07Dg153000	AP2-EREBP	TFF	FALSE	1	0.033772		0.0352	0.9344	FALSE	TRUE	
sugarcane	SoffiXsponR570.07Dg154800	C2H2	TFF	FALSE	32	6.415013	0.0766129032258065			FALSE	FALSE	
sugarcane	SoffiXsponR570.07Dg158900	bHLH	TFF	FALSE	2	0.270595	0			FALSE	FALSE	
sugarcane	SoffiXsponR570.07Dg159100	bHLH	TFF	FALSE	3	0.082496	0.333333333333333	0.1974	0.4416	FALSE	TRUE	
sugarcane	SoffiXsponR570.07Dg163900	RWP-RK	TFF	FALSE	7	0.457284	0.19047619047619			FALSE	FALSE	
sugarcane	SoffiXsponR570.07Dg164100	HMG	OTR	FALSE	22	2.675933	0.367965367965368	-0.1652	0.5547	FALSE	TRUE	
sugarcane	SoffiXsponR570.07Dg164700	C2H2	TFF	FALSE	246	31.404747	0.526231956197113			FALSE	FALSE	
sugarcane	SoffiXsponR570.07Dg165800	C2C2-Dof	TFF	FALSE	5	0.232251	0.4			FALSE	FALSE	
sugarcane	SoffiXsponR570.07Dg168400	AP2-EREBP	TFF	FALSE	50	11.686158	0.0751020408163265			FALSE	FALSE	
sugarcane	SoffiXsponR570.07Dg168500	AP2-EREBP	TFF	FALSE	28	6.016948	0.394179894179894			FALSE	FALSE	
sugarcane	SoffiXsponR570.07Dg173100	GRAS	TFF	FALSE	12	1.785518	0.318181818181818	0.5478	0.001067	FALSE	TRUE	
sugarcane	SoffiXsponR570.07Dg176200	MYB-related	TFF	TRUE	28	4.711971	0.753968253968254	-0.4802	0.006293	FALSE	TRUE	
sugarcane	SoffiXsponR570.07Dg186300	SET	OTR	FALSE	154	22.844067	0.371785077667431	-0.5686	0.000566	FALSE	TRUE	
sugarcane	SoffiXsponR570.07Dg194300	bZIP	TFF	FALSE	19	2.17	0.333333333333333	-0.706	1.553e-06	TRUE	TRUE	ortholog_not_correlated
sugarcane	SoffiXsponR570.07Dg201400	AP2-EREBP	TFF	FALSE	53	5.27051	0.417271407837446			FALSE	FALSE	
sugarcane	SoffiXsponR570.07Dg205200	Tify	TFF	FALSE	24	2.976738	0.41304347826087			FALSE	FALSE	
sugarcane	SoffiXsponR570.07Dg205600	AUX/IAA	OTR	FALSE	21	3.10076	0.514285714285714			FALSE	FALSE	
sugarcane	SoffiXsponR570.07Dg205800	AP2-EREBP	TFF	FALSE	25	9.722106	0.356666666666667			FALSE	FALSE	
sugarcane	SoffiXsponR570.07Dg209800	TRAF	OTR	FALSE	132	44.952306	0.312630117973629			FALSE	FALSE	
sugarcane	SoffiXsponR570.07Dg214000	ARF	TFF	FALSE	24	5.914547	0.0181159420289855	0.1459	0.596	FALSE	TRUE	
sugarcane	SoffiXsponR570.07Dg214700	SWI/SNF-BAF60b	OTR	FALSE	1	0.095183				FALSE	FALSE	
sugarcane	SoffiXsponR570.07Dg217500	AP2-EREBP	TFF	FALSE	76	13.421006	0.433333333333333	0.6026	0.0001725	TRUE	TRUE	ortholog_not_correlated
sugarcane	SoffiXsponR570.07Dg220400	ARF	TFF	FALSE	373	58.79906	0.275634927498631	-0.0737	0.8432	FALSE	TRUE	
sugarcane	SoffiXsponR570.07Dg224500	MYB	TFF	TRUE	15	1.143467	0.352380952380952			FALSE	FALSE	
sugarcane	SoffiXsponR570.07Dg225400	Top	TFF	FALSE	1103	170.176338	0.444751403942062	0.3065	0.1461	FALSE	TRUE	
sugarcane	SoffiXsponR570.07Dg232400	OFP	TFF	FALSE	363	145.986453	0.694397516095155			FALSE	FALSE	
sugarcane	SoffiXsponR570.07Dg235600	TUB	TFF	FALSE	192	32.862576	0.307482547993019	-0.4198	0.02314	FALSE	TRUE	
sugarcane	SoffiXsponR570.07Dg237400	NAC	TFF	FALSE	145	18.798524	0.499233716475096	-0.2017	0.4275	FALSE	TRUE	
sugarcane	SoffiXsponR570.07Eg002700	C3H	TFF	FALSE	2309	212.802526	0.949910792896157	-0.1043	0.7441	FALSE	TRUE	
sugarcane	SoffiXsponR570.07Eg003700	TCP	TFF	FALSE	1	0.054572				FALSE	FALSE	
sugarcane	SoffiXsponR570.07Eg009200	MYB	TFF	TRUE	5	0.692831	0.6			FALSE	FALSE	
sugarcane	SoffiXsponR570.07Eg023100	bHLH	TFF	FALSE	1	0.125393				FALSE	FALSE	
sugarcane	SoffiXsponR570.07Eg025100	ABI3VP1	TFF	FALSE	1	0.022381				FALSE	FALSE	
sugarcane	SoffiXsponR570.07Eg025600	TIG	TFF	FALSE	11052	3414.091561	0.749282494516834			FALSE	FALSE	
sugarcane	SoffiXsponR570.07Eg028800	AP2-EREBP	TFF	FALSE	55	14.432781	0.133333333333333			FALSE	FALSE	
sugarcane	SoffiXsponR570.07Eg029600	zf-BED	TFF	FALSE	1	0.098649				FALSE	FALSE	
sugarcane	SoffiXsponR570.07Eg034400	S1Fa-like	TFF	FALSE	2	0.200765	0			FALSE	FALSE	
sugarcane	SoffiXsponR570.07Eg040500	FHA	TFF	FALSE	12858	4899.624252	0.639114952852581	0.0535	0.8952	FALSE	TRUE	
sugarcane	SoffiXsponR570.07Eg049100	MADS	TFF	FALSE	121	6.062931	0.00068870523415978			FALSE	FALSE	
sugarcane	SoffiXsponR570.07Eg051900	GNAT	OTR	FALSE	92	9.051471	0.652890587673196	0.42	0.02304	FALSE	TRUE	
sugarcane	SoffiXsponR570.07Eg055500	MYB-related	TFF	TRUE	220	131.868209	0.00904939809049398			FALSE	FALSE	
sugarcane	SoffiXsponR570.07Eg058700	C2H2	TFF	FALSE	10	1.283642	0.222222222222222			FALSE	FALSE	
sugarcane	SoffiXsponR570.07Eg058800	NAC	TFF	FALSE	3	0.517819	0			FALSE	FALSE	
sugarcane	SoffiXsponR570.07Eg060000	FAR1	TFF	FALSE	7675	1667.83947	0.821611448276213	-0.2584	0.2563	FALSE	TRUE	
sugarcane	SoffiXsponR570.07Eg061900	MYB-related	TFF	TRUE	12	0.80988	0.727272727272727	0.0162	0.9736	FALSE	TRUE	
sugarcane	SoffiXsponR570.07Eg064200	TAZ	TFF	FALSE	38	5.204702	0.301564722617354			FALSE	FALSE	
sugarcane	SoffiXsponR570.07Eg066000	GNAT	OTR	FALSE	15	1.890795	0.247619047619048	-0.2861	0.1883	FALSE	TRUE	
sugarcane	SoffiXsponR570.07Eg068000	bHLH	TFF	FALSE	3	0.285053	0			FALSE	FALSE	
sugarcane	SoffiXsponR570.07Eg073900	RWP-RK	TFF	FALSE	228	24.835558	0.48840714120102	-0.3136	0.1331	FALSE	TRUE	
sugarcane	SoffiXsponR570.07Eg074900	C2C2-CO-like	TFF	FALSE	6	1.517514	0.466666666666667			FALSE	FALSE	
sugarcane	SoffiXsponR570.07Eg082700	C1-4-t1	TFF	FALSE	1	0.05061		-0.2698	0.2267	FALSE	TRUE	
sugarcane	SoffiXsponR570.07Eg087400	NAC	TFF	FALSE	18	2.656238	0.30718954248366			FALSE	FALSE	
sugarcane	SoffiXsponR570.07Eg088200	MYB	TFF	TRUE	31	4.873707	0.331182795698925			FALSE	FALSE	
sugarcane	SoffiXsponR570.07Eg097000	Top	TFF	FALSE	261	31.092681	0.652608311229001	-0.0353	0.9343	FALSE	TRUE	
sugarcane	SoffiXsponR570.07Eg100600	LIM	TFF	FALSE	2	0.506333	0			FALSE	FALSE	
sugarcane	SoffiXsponR570.07Eg105300	Trihelix	TFF	FALSE	61	4.677964	0.896174863387978			FALSE	FALSE	
sugarcane	SoffiXsponR570.07Eg106800	MYB-related	TFF	TRUE	44	3.595223	0.511627906976744			FALSE	FALSE	
sugarcane	SoffiXsponR570.07Eg107600	SET	OTR	FALSE	3442	424.009515	0.878920850711445	0.2166	0.382	FALSE	TRUE	
sugarcane	SoffiXsponR570.07Eg107900	C2C2-GATA	TFF	FALSE	1	0.113507				FALSE	FALSE	
sugarcane	SoffiXsponR570.07Eg108100	WRKY	TFF	FALSE	5	0.414997	0.2			FALSE	FALSE	
sugarcane	SoffiXsponR570.07Eg109700	AP2-EREBP	TFF	FALSE	2	0.584582	0			FALSE	FALSE	
sugarcane	SoffiXsponR570.07Eg109900	AP2-EREBP	TFF	FALSE	66	18.837074	0.346853146853147			FALSE	FALSE	
sugarcane	SoffiXsponR570.07Eg110000	AP2-EREBP	TFF	FALSE	29	2.942051	0.41871921182266			FALSE	FALSE	
sugarcane	SoffiXsponR570.07Eg111100	MYB	TFF	TRUE	9870	2691.472361	0.802678779960748	-0.1008	0.7563	FALSE	TRUE	
sugarcane	SoffiXsponR570.07Eg111300	AP2-EREBP	TFF	FALSE	157	19.335028	0.560509554140127	-0.0802	0.8243	FALSE	TRUE	
sugarcane	SoffiXsponR570.07Eg113200	C2H2	TFF	FALSE	2	0.052191	1			FALSE	FALSE	
sugarcane	SoffiXsponR570.07Eg117700	bHLH	TFF	FALSE	3913	513.634672	0.923935839687017	-0.0143	0.9771	FALSE	TRUE	
sugarcane	SoffiXsponR570.07Eg118300	bHLH	TFF	FALSE	1	0.214042				FALSE	FALSE	
sugarcane	SoffiXsponR570.07Eg123600	HMG	OTR	FALSE	74	23.772481	0.14476119955572	0.1459	0.596	FALSE	TRUE	
sugarcane	SoffiXsponR570.07Eg124800	C2H2	TFF	FALSE	157	20.424077	0.4848930262943	-0.0509	0.9014	FALSE	TRUE	
sugarcane	SoffiXsponR570.07Eg125800	C2C2-Dof	TFF	FALSE	6490	1238.622506	0.913662495331082	-0.0401	0.9245	FALSE	TRUE	
sugarcane	SoffiXsponR570.07Eg128800	AP2-EREBP	TFF	FALSE	2	0.33993	1			FALSE	FALSE	
sugarcane	SoffiXsponR570.07Eg133500	GRAS	TFF	FALSE	90	9.629235	0.495880149812734			FALSE	FALSE	
sugarcane	SoffiXsponR570.07Eg136000	MYB-related	TFF	TRUE	129	22.562371	0.479893410852713	-0.4423	0.01464	FALSE	TRUE	
sugarcane	SoffiXsponR570.07Eg141700	C2H2	TFF	FALSE	18	4.045903	0.0522875816993464			FALSE	FALSE	
sugarcane	SoffiXsponR570.07Eg141900	bHLH	TFF	FALSE	1515	343.729465	0.496714057138871			FALSE	FALSE	
sugarcane	SoffiXsponR570.07Eg142200	PLATZ	TFF	FALSE	454	39.613932	0.843811691027025			FALSE	FALSE	
sugarcane	SoffiXsponR570.07Eg143200	Top	TFF	FALSE	94	9.660815	0.598261267444521	-0.042	0.9207	FALSE	TRUE	
sugarcane	SoffiXsponR570.07Eg144800	WRKY	TFF	FALSE	10	4.083772	0.4			FALSE	FALSE	
sugarcane	SoffiXsponR570.07Eg146600	MYB-related	TFF	TRUE	63	7.030085	0.430619559651818			FALSE	FALSE	
sugarcane	SoffiXsponR570.07Eg147400	GRF	TFF	FALSE	243	25.646713	0.681018943645206	-0.1915	0.4609	FALSE	TRUE	
sugarcane	SoffiXsponR570.07Eg150100	WRKY	TFF	FALSE	31	2.724827	0.494623655913978	0.4144	0.02572	FALSE	TRUE	
sugarcane	SoffiXsponR570.07Eg154100	PHD	OTR	FALSE	1681	204.13048	0.819464746041189	-0.1023	0.7513	FALSE	TRUE	
sugarcane	SoffiXsponR570.07Eg154500	AP2-EREBP	TFF	FALSE	9	1.718869	0.5	0.357	0.07081	FALSE	TRUE	
sugarcane	SoffiXsponR570.07Eg157000	Rcd1-like	OTR	FALSE	6771	1310.837004	0.749602647663039	-0.3132	0.1339	FALSE	TRUE	
sugarcane	SoffiXsponR570.07Eg158200	MADS	TFF	FALSE	37	10.173922	0.312312312312312			FALSE	FALSE	
sugarcane	SoffiXsponR570.07Eg162700	bHLH	TFF	FALSE	10	3.565248	0.533333333333333			FALSE	FALSE	
sugarcane	SoffiXsponR570.07Eg164500	zf-BED	TFF	FALSE	47	4.242301	0.39222941720629	0.0354	0.934	FALSE	TRUE	
sugarcane	SoffiXsponR570.07Eg170200	SET	OTR	FALSE	271	45.567739	0.34076807434741	-0.4543	0.01133	FALSE	TRUE	
sugarcane	SoffiXsponR570.07Eg172800	CSD	TFF	FALSE	1392	262.390685	0.343875240668666	0.1028	0.7493	FALSE	TRUE	
sugarcane	SoffiXsponR570.07Eg176800	GNAT	OTR	FALSE	6582	1247.059375	0.891908471442355	0.0466	0.9116	FALSE	TRUE	
sugarcane	SoffiXsponR570.07Eg178700	bZIP	TFF	FALSE	87	11.697599	0.287890938251804	-0.6181	9.546e-05	TRUE	TRUE	ortholog_not_correlated
sugarcane	SoffiXsponR570.07Eg186100	AP2-EREBP	TFF	FALSE	2	0.779215	0			FALSE	FALSE	
sugarcane	SoffiXsponR570.07Eg186200	AP2-EREBP	TFF	FALSE	42	3.954582	0.476190476190476			FALSE	FALSE	
sugarcane	SoffiXsponR570.07Eg191100	AUX/IAA	OTR	FALSE	4	0.525343	0.833333333333333			FALSE	FALSE	
sugarcane	SoffiXsponR570.07Eg191400	AP2-EREBP	TFF	FALSE	1	0.177394				FALSE	FALSE	
sugarcane	SoffiXsponR570.07Eg191800	FAR1	TFF	FALSE	65	4.368814	0.886538461538462			FALSE	FALSE	
sugarcane	SoffiXsponR570.07Eg193300	SBP	TFF	FALSE	785	119.562511	0.774005589496945			FALSE	FALSE	
sugarcane	SoffiXsponR570.07Eg197100	MED7	OTR	FALSE	105	12.625918	0.341758241758242			FALSE	FALSE	
sugarcane	SoffiXsponR570.07Eg199500	SWI/SNF-BAF60b	OTR	FALSE	123	14.458559	0.614021058243369			FALSE	FALSE	
sugarcane	SoffiXsponR570.07Eg199900	C3H	TFF	FALSE	10	1.03998	0.333333333333333	-0.4317	0.01822	FALSE	TRUE	
sugarcane	SoffiXsponR570.07Eg205100	C3H	TFF	FALSE	7405	1631.378934	0.730426424244281	0.0494	0.9056	FALSE	TRUE	
sugarcane	SoffiXsponR570.07Eg205300	ARF;AUX/IAA	OTR;TFF	FALSE	701	124.475308	0.340937436315468	-0.2632	0.2434	FALSE	TRUE	
sugarcane	SoffiXsponR570.07Eg209600	MYB	TFF	TRUE	4	0.537724	0.333333333333333			FALSE	FALSE	
sugarcane	SoffiXsponR570.07Eg210600	Top	TFF	FALSE	1641	337.602351	0.421220701238091	0.1396	0.6186	FALSE	TRUE	
sugarcane	SoffiXsponR570.07Eg211200	C2C2-Dof	TFF	FALSE	1	0.378464				FALSE	FALSE	
sugarcane	SoffiXsponR570.07Eg221700	TUB	TFF	FALSE	185	34.089135	0.449118683901293	-0.454	0.01138	FALSE	TRUE	
sugarcane	SoffiXsponR570.08Ag000500	ABI3VP1	TFF	FALSE	4095	534.803997	0.897982514689891	0.0628	0.8722	FALSE	TRUE	
sugarcane	SoffiXsponR570.08Ag001600	GNAT	OTR	FALSE	3895	501.668274	0.955374681960265	0.029	0.9477	FALSE	TRUE	
sugarcane	SoffiXsponR570.08Ag002500	TUB	TFF	FALSE	13104	4953.588024	0.653967212627443	-0.1067	0.7366	FALSE	TRUE	
sugarcane	SoffiXsponR570.08Ag003800	Yl1	TFF	FALSE	13367	5072.484832	0.618058439549221	-0.1053	0.7406	FALSE	TRUE	
sugarcane	SoffiXsponR570.08Ag004000	PHD	OTR	FALSE	1	0.041696				FALSE	FALSE	
sugarcane	SoffiXsponR570.08Ag008900	AUX/IAA	OTR	FALSE	24	2.571131	0.496376811594203			FALSE	FALSE	
sugarcane	SoffiXsponR570.08Ag009900	zf-BED	TFF	FALSE	679	79.974227	0.552769342387078			FALSE	FALSE	
sugarcane	SoffiXsponR570.08Ag013700	MADS	TFF	FALSE	1	0.043182				FALSE	FALSE	
sugarcane	SoffiXsponR570.08Ag021900	MYB-related	TFF	TRUE	3	0.438084	0.333333333333333			FALSE	FALSE	
sugarcane	SoffiXsponR570.08Ag031100	TRAF	OTR	FALSE	24	8.975178	0.322463768115942			FALSE	FALSE	
sugarcane	SoffiXsponR570.08Ag031700	Top	TFF	FALSE	286	24.116028	0.791387559808612	0.2518	0.2746	FALSE	TRUE	
sugarcane	SoffiXsponR570.08Ag034800	C3H	TFF	FALSE	12639	4554.663962	0.677378617975112	-0.0423	0.9204	FALSE	TRUE	
sugarcane	SoffiXsponR570.08Ag038200	bHLH	TFF	FALSE	9739	2550.892786	0.66572949336061	0.0904	0.7912	FALSE	TRUE	
sugarcane	SoffiXsponR570.08Ag041000	SWI/SNF-SWI3	OTR	FALSE	9413	2510.523387	0.769349195570015	-0.1196	0.6924	FALSE	TRUE	
sugarcane	SoffiXsponR570.08Ag041400	MYB-related	TFF	TRUE	124	12.781746	0.647521636506688	-0.2033	0.4232	FALSE	TRUE	
sugarcane	SoffiXsponR570.08Ag041800	TRAF	OTR	FALSE	2	0.080915	1			FALSE	FALSE	
sugarcane	SoffiXsponR570.08Ag041900	TRAF	OTR	FALSE	26	2.745648	0.372307692307692			FALSE	FALSE	
sugarcane	SoffiXsponR570.08Ag044200	MYB	TFF	TRUE	289	34.919645	0.50228277585544	0.026	0.9535	FALSE	TRUE	
sugarcane	SoffiXsponR570.08Ag044300	MYB-related	TFF	TRUE	215	19.52923	0.807954792436427	0.0952	0.7745	FALSE	TRUE	
sugarcane	SoffiXsponR570.08Ag047700	BSD	TFF	FALSE	12966	4772.227609	0.65840912115278	0.1144	0.7106	FALSE	TRUE	
sugarcane	SoffiXsponR570.08Ag053900	MYB-related	TFF	TRUE	518	95.021881	0.326027049431305	0.2706	0.2246	FALSE	TRUE	
sugarcane	SoffiXsponR570.08Ag054000	ABI3VP1	TFF	FALSE	92	35.109915	0.314859053989489	0.1459	0.596	FALSE	TRUE	
sugarcane	SoffiXsponR570.08Ag054200	NAC	TFF	FALSE	10384	3002.954217	0.764060370698993	0.0174	0.9716	FALSE	TRUE	
sugarcane	SoffiXsponR570.08Ag054300	MED26	OTR	FALSE	11	3.352386	0.8			FALSE	FALSE	
sugarcane	SoffiXsponR570.08Ag055900	zf-LSD1	TFF	FALSE	5198	814.266133	0.922439196911409	-0.0555	0.8915	FALSE	TRUE	
sugarcane	SoffiXsponR570.08Ag056200	C3H	TFF	FALSE	11615	3765.326648	0.716090107824059	-0.1512	0.596	FALSE	TRUE	
sugarcane	SoffiXsponR570.08Ag057200	Top	TFF	FALSE	107	14.088079	0.436783636043026	0.1712	0.5318	FALSE	TRUE	
sugarcane	SoffiXsponR570.08Ag058200	GNAT	OTR	FALSE	1458	205.266678	0.630206759289858			FALSE	FALSE	
sugarcane	SoffiXsponR570.08Ag058900	Sigma70-like	TFF	FALSE	873	148.566138	0.367374444339355			FALSE	FALSE	
sugarcane	SoffiXsponR570.08Ag059400	FAR1	TFF	FALSE	178	12.148009	0.886815209801308	0.0842	0.8118	FALSE	TRUE	
sugarcane	SoffiXsponR570.08Ag061300	AP2-EREBP	TFF	FALSE	307	30.784057	0.700474761022759			FALSE	FALSE	
sugarcane	SoffiXsponR570.08Ag065400	CCAAT	TFF	FALSE	1	0.035753				FALSE	FALSE	
sugarcane	SoffiXsponR570.08Ag066900	bZIP	TFF	FALSE	484	56.734522	0.59067809660695	-0.4842	0.00572	FALSE	TRUE	
sugarcane	SoffiXsponR570.08Ag069200	SET	OTR	FALSE	10933	3249.771451	0.670686142776501	0.0562	0.8897	FALSE	TRUE	
sugarcane	SoffiXsponR570.08Ag069600	CCAAT	TFF	FALSE	12089	4089.403802	0.656572662416222	-0.2368	0.3171	FALSE	TRUE	
sugarcane	SoffiXsponR570.08Ag076600	ABI3VP1	TFF	FALSE	383	44.937534	0.591267617185898	-0.1131	0.7147	FALSE	TRUE	
sugarcane	SoffiXsponR570.08Ag077900	CCAAT	TFF	FALSE	9	1.092876	0			FALSE	FALSE	
sugarcane	SoffiXsponR570.08Ag079200	NAC	TFF	FALSE	3	1.54001	1	-0.1813	0.4961	FALSE	TRUE	
sugarcane	SoffiXsponR570.08Ag084400	ABI3VP1	TFF	FALSE	45	4.972106	0.402020202020202			FALSE	FALSE	
sugarcane	SoffiXsponR570.08Ag084600	AP2-EREBP	TFF	FALSE	5	0.572486	0.7	0.3598	0.06785	FALSE	TRUE	
sugarcane	SoffiXsponR570.08Ag084700	AP2-EREBP	TFF	FALSE	17	2.749745	0.404411764705882	0.4357	0.01681	FALSE	TRUE	
sugarcane	SoffiXsponR570.08Ag084900	AP2-EREBP	TFF	FALSE	24	4.690295	0.478260869565217	0.4352	0.01701	FALSE	TRUE	
sugarcane	SoffiXsponR570.08Ag085100	WRKY	TFF	FALSE	7161	1421.231091	0.884612570105452	-0.0416	0.9216	FALSE	TRUE	
sugarcane	SoffiXsponR570.08Ag085700	PHD	OTR	FALSE	29	2.251181	0.460591133004926	-0.1373	0.627	FALSE	TRUE	
sugarcane	SoffiXsponR570.08Ag087800	TRAF	OTR	FALSE	1	0.012476		-0.3482	0.08137	FALSE	TRUE	
sugarcane	SoffiXsponR570.08Ag088600	TRAF	OTR	FALSE	264	26.667929	0.821062334370319	0.0484	0.9078	FALSE	TRUE	
sugarcane	SoffiXsponR570.08Ag088700	TRAF	OTR	FALSE	1	0.02981				FALSE	FALSE	
sugarcane	SoffiXsponR570.08Ag088900	TRAF	OTR	FALSE	43	3.863552	0.471760797342193	-0.2388	0.3113	FALSE	TRUE	
sugarcane	SoffiXsponR570.08Ag090500	WRKY	TFF	FALSE	22	1.352136	0.623376623376623			FALSE	FALSE	
sugarcane	SoffiXsponR570.08Ag094600	TRAF	OTR	FALSE	89	6.88943	0.140449438202247			FALSE	FALSE	
sugarcane	SoffiXsponR570.08Ag095200	SET	OTR	FALSE	446	54.156613	0.556164659646294	-0.362	0.06545	FALSE	TRUE	
sugarcane	SoffiXsponR570.08Ag097600	MYB	TFF	TRUE	11	2.317814	0.0545454545454545			FALSE	FALSE	
sugarcane	SoffiXsponR570.08Ag098100	GNAT	OTR	FALSE	111	12.993962	0.802129402129402	0.2562	0.2625	FALSE	TRUE	
sugarcane	SoffiXsponR570.08Ag103200	WRKY	TFF	FALSE	8866	2158.316163	0.819934732952581	-0.1518	0.596	FALSE	TRUE	
sugarcane	SoffiXsponR570.08Ag106400	MYB-related	TFF	TRUE	4	0.188574	0.333333333333333			FALSE	FALSE	
sugarcane	SoffiXsponR570.08Ag108100	bZIP	TFF	FALSE	6	0.744432	0.4	-0.4908	0.004882	FALSE	TRUE	
sugarcane	SoffiXsponR570.08Ag110900	MBF1	OTR	FALSE	4230	632.175083	0.819490884453679	0.2232	0.3601	FALSE	TRUE	
sugarcane	SoffiXsponR570.08Ag111800	PAS	TFF	FALSE	289	54.879115	0.36716647443291	0.4315	0.0183	FALSE	TRUE	
sugarcane	SoffiXsponR570.08Ag115300	WRKY	TFF	FALSE	38	4.588119	0.529160739687056			FALSE	FALSE	
sugarcane	SoffiXsponR570.08Ag119800	AP2-EREBP	TFF	FALSE	4	1.493552	0.833333333333333			FALSE	FALSE	
sugarcane	SoffiXsponR570.08Ag125800	PHD	OTR	FALSE	80	21.728174	0.209493670886076	-0.1464	0.596	FALSE	TRUE	
sugarcane	SoffiXsponR570.08Ag130400	MADS	TFF	FALSE	8	2.311586	0.392857142857143			FALSE	FALSE	
sugarcane	SoffiXsponR570.08Ag130700	TCP	TFF	FALSE	16	2.770945	0.0333333333333333			FALSE	FALSE	
sugarcane	SoffiXsponR570.08Ag131300	NAC	TFF	FALSE	8	1.242841	0.214285714285714			FALSE	FALSE	
sugarcane	SoffiXsponR570.08Ag131400	MYB	TFF	TRUE	333	63.80023	0.585766489380947			FALSE	FALSE	
sugarcane	SoffiXsponR570.08Ag132100	MYB	TFF	TRUE	32	4.06952	0.520161290322581	-0.0232	0.9596	FALSE	TRUE	
sugarcane	SoffiXsponR570.08Ag133300	zf-A20	TFF	FALSE	5	0.873597	0.4			FALSE	FALSE	
sugarcane	SoffiXsponR570.08Ag134100	MYB	TFF	TRUE	1554	403.17923	0.494735559770975	0.0727	0.8455	FALSE	TRUE	
sugarcane	SoffiXsponR570.08Ag134500	zf-HD	TFF	FALSE	16	4.611781	0.291666666666667			FALSE	FALSE	
sugarcane	SoffiXsponR570.08Ag138200	AP2-EREBP	TFF	FALSE	54	7.661166	0.735849056603774	-0.1585	0.5792	FALSE	TRUE	
sugarcane	SoffiXsponR570.08Ag138400	SET	OTR	FALSE	2	0.216118	0			FALSE	FALSE	
sugarcane	SoffiXsponR570.08Ag144900	C2H2	TFF	FALSE	1066	210.048179	0.749833082296154			FALSE	FALSE	
sugarcane	SoffiXsponR570.08Ag145400	GeBP	TFF	FALSE	11	0.624067	0.581818181818182			FALSE	FALSE	
sugarcane	SoffiXsponR570.08Ag150800	bHLH	TFF	FALSE	55	14.432781	0.133333333333333			FALSE	FALSE	
sugarcane	SoffiXsponR570.08Ag151800	zf-HD	TFF	FALSE	65	9.226698	0.573557692307692			FALSE	FALSE	
sugarcane	SoffiXsponR570.08Ag153300	SET	OTR	FALSE	1	0.014457				FALSE	FALSE	
sugarcane	SoffiXsponR570.08Ag156400	NAC	TFF	FALSE	1	0.273967				FALSE	FALSE	
sugarcane	SoffiXsponR570.08Ag157600	PLATZ	TFF	FALSE	24	5.914547	0.0181159420289855			FALSE	FALSE	
sugarcane	SoffiXsponR570.08Ag162600	FAR1	TFF	FALSE	69	9.302851	0.329497016197783			FALSE	FALSE	
sugarcane	SoffiXsponR570.08Ag163100	C2H2	TFF	FALSE	413	57.101191	0.430252239121747	0.312	0.1361	FALSE	TRUE	
sugarcane	SoffiXsponR570.08Ag166500	bZIP	TFF	FALSE	12	1.658239	0.166666666666667			FALSE	FALSE	
sugarcane	SoffiXsponR570.08Ag168200	MYB	TFF	TRUE	8	1.148249	0.821428571428571			FALSE	FALSE	
sugarcane	SoffiXsponR570.08Ag168600	SRS	TFF	FALSE	4	1.152821	0.333333333333333			FALSE	FALSE	
sugarcane	SoffiXsponR570.08Ag170600	AP2-EREBP	TFF	FALSE	10	3.290385	0.822222222222222			FALSE	FALSE	
sugarcane	SoffiXsponR570.08Ag170700	AP2-EREBP	TFF	FALSE	7	0.884682	0.428571428571429			FALSE	FALSE	
sugarcane	SoffiXsponR570.08Ag172200	bHLH	TFF	FALSE	21	6.156933	0.180952380952381			FALSE	FALSE	
sugarcane	SoffiXsponR570.08Ag172300	bHLH	TFF	FALSE	68	15.113992	0.442054433713784			FALSE	FALSE	
sugarcane	SoffiXsponR570.08Ag172400	bHLH	TFF	FALSE	272	102.087474	0.130914912090297	0.029	0.9476	FALSE	TRUE	
sugarcane	SoffiXsponR570.08Ag179200	bHLH	TFF	FALSE	35	6.625778	0.742857142857143			FALSE	FALSE	
sugarcane	SoffiXsponR570.08Ag180900	MADS	TFF	FALSE	90	24.324717	0.125842696629213			FALSE	FALSE	
sugarcane	SoffiXsponR570.08Ag181100	MADS	TFF	FALSE	5139	807.71979	0.869354937789779	-0.289	0.1819	FALSE	TRUE	
sugarcane	SoffiXsponR570.08Ag183600	NAC	TFF	FALSE	26	2.941766	0.412307692307692	0.1125	0.7171	FALSE	TRUE	
sugarcane	SoffiXsponR570.08Ag185200	FHA	TFF	FALSE	14388	5883.542926	0.593224499792164	-0.0813	0.8209	FALSE	TRUE	
sugarcane	SoffiXsponR570.08Ag187400	bHLH	TFF	FALSE	1522	265.022406	0.57833865091522	0.2681	0.2308	FALSE	TRUE	
sugarcane	SoffiXsponR570.08Ag187900	TRAF	OTR	FALSE	7	0.758889	0.380952380952381	0.0795	0.8262	FALSE	TRUE	
sugarcane	SoffiXsponR570.08Ag188200	TRAF	OTR	FALSE	7050	1384.534082	0.875148408958969	-0.1193	0.6933	FALSE	TRUE	
sugarcane	SoffiXsponR570.08Ag188800	TRAF	OTR	FALSE	79	23.629335	0.0496592015579357			FALSE	FALSE	
sugarcane	SoffiXsponR570.08Ag189000	TRAF	OTR	FALSE	4558	718.200065	0.893365428380584	0.0663	0.8622	FALSE	TRUE	
sugarcane	SoffiXsponR570.08Ag189100	TRAF	OTR	FALSE	1	0.015448				FALSE	FALSE	
sugarcane	SoffiXsponR570.08Ag189300	TRAF	OTR	FALSE	7	0.883692	0			FALSE	FALSE	
sugarcane	SoffiXsponR570.08Ag189500	TRAF	OTR	FALSE	6863	1308.847919	0.869476063421029	-0.0411	0.9227	FALSE	TRUE	
sugarcane	SoffiXsponR570.08Ag193100	ARF;AUX/IAA	OTR;TFF	FALSE	3	0.289015	0.666666666666667			FALSE	FALSE	
sugarcane	SoffiXsponR570.08Ag195300	mTERF	OTR	FALSE	11775	3870.615158	0.683096880852661	-0.1135	0.7133	FALSE	TRUE	
sugarcane	SoffiXsponR570.08Ag197600	SBP	TFF	FALSE	10559	3127.617744	0.690883137088361	0.0766	0.8339	FALSE	TRUE	
sugarcane	SoffiXsponR570.08Ag202500	bHLH	TFF	FALSE	3	0.278119	0.333333333333333	0.024	0.9576	FALSE	TRUE	
sugarcane	SoffiXsponR570.08Ag203900	zf-A20	TFF	FALSE	25	2.678199	0.543333333333333			FALSE	FALSE	
sugarcane	SoffiXsponR570.08Ag205300	SWI/SNF-BAF60b	OTR	FALSE	9127	2371.269715	0.854588432291106			FALSE	FALSE	
sugarcane	SoffiXsponR570.08Ag206600	Pseudo_ARR-B	OTR	FALSE	35	3.852886	0.314285714285714			FALSE	FALSE	
sugarcane	SoffiXsponR570.08Ag206800	Pseudo_ARR-B	OTR	FALSE	28	3.318839	0.341269841269841			FALSE	FALSE	
sugarcane	SoffiXsponR570.08Ag210700	WRKY	TFF	FALSE	10	0.927559	0.777777777777778			FALSE	FALSE	
sugarcane	SoffiXsponR570.08Ag213500	TRAF	OTR	FALSE	222	35.87901	0.232318291141821	-0.6913	3.44e-06	TRUE	TRUE	ortholog_not_correlated
sugarcane	SoffiXsponR570.08Ag215500	CCAAT	TFF	FALSE	1	0.315073		0.1914	0.4612	FALSE	TRUE	
sugarcane	SoffiXsponR570.08Ag217700	bZIP	TFF	FALSE	125	16.421416	0.468645161290323	0.2693	0.228	FALSE	TRUE	
sugarcane	SoffiXsponR570.08Ag218000	MYB	TFF	TRUE	226	65.866138	0.250068829891839	-0.0032	0.995	FALSE	TRUE	
sugarcane	SoffiXsponR570.08Bg000800	ABI3VP1	TFF	FALSE	11	1.235203	0.781818181818182	0.0777	0.8314	FALSE	TRUE	
sugarcane	SoffiXsponR570.08Bg002000	GNAT	OTR	FALSE	146	20.432441	0.432026452527161	0.2692	0.2282	FALSE	TRUE	
sugarcane	SoffiXsponR570.08Bg002900	TUB	TFF	FALSE	66	5.374262	0.835897435897436	-0.2918	0.1759	FALSE	TRUE	
sugarcane	SoffiXsponR570.08Bg003200	TRAF	OTR	FALSE	1	0.076858		-0.1753	0.517	FALSE	TRUE	
sugarcane	SoffiXsponR570.08Bg004000	FAR1	TFF	FALSE	327	187.304017	0.0825688073394496			FALSE	FALSE	
sugarcane	SoffiXsponR570.08Bg004800	PHD	OTR	FALSE	1	0.010495				FALSE	FALSE	
sugarcane	SoffiXsponR570.08Bg005700	PHD	OTR	FALSE	2	0.029905	0	-0.0749	0.8394	FALSE	TRUE	
sugarcane	SoffiXsponR570.08Bg015500	MADS	TFF	FALSE	1	0.29972		-0.3357	0.09766	FALSE	TRUE	
sugarcane	SoffiXsponR570.08Bg016800	NAC	TFF	FALSE	788	116.375878	0.603857739020505	-0.3387	0.09349	FALSE	TRUE	
sugarcane	SoffiXsponR570.08Bg019000	NAC	TFF	FALSE	54	4.353902	0.392732354996506			FALSE	FALSE	
sugarcane	SoffiXsponR570.08Bg022600	MYB-related	TFF	TRUE	17	1.793917	0.441176470588235	-0.1944	0.4511	FALSE	TRUE	
sugarcane	SoffiXsponR570.08Bg031600	Top	TFF	FALSE	13884	5451.544502	0.60008450670379	0.1417	0.611	FALSE	TRUE	
sugarcane	SoffiXsponR570.08Bg032100	zf-LSD1	TFF	FALSE	2	0.063087	0			FALSE	FALSE	
sugarcane	SoffiXsponR570.08Bg034800	C3H	TFF	FALSE	2398	235.892991	0.938746062547603	-0.0897	0.7933	FALSE	TRUE	
sugarcane	SoffiXsponR570.08Bg038500	bHLH	TFF	FALSE	1538	207.372646	0.588804292556472	0.0519	0.8995	FALSE	TRUE	
sugarcane	SoffiXsponR570.08Bg041600	SWI/SNF-SWI3	OTR	FALSE	1128	99.682691	0.926095137407414	0.017	0.9724	FALSE	TRUE	
sugarcane	SoffiXsponR570.08Bg042000	MYB-related	TFF	TRUE	10965	3367.027834	0.743903614914824	-0.0518	0.8995	FALSE	TRUE	
sugarcane	SoffiXsponR570.08Bg042400	TRAF	OTR	FALSE	2	0.207204	1			FALSE	FALSE	
sugarcane	SoffiXsponR570.08Bg043800	MYB	TFF	TRUE	2	0.438979	0			FALSE	FALSE	
sugarcane	SoffiXsponR570.08Bg043900	MYB-related	TFF	TRUE	5242	892.978534	0.892065546350747			FALSE	FALSE	
sugarcane	SoffiXsponR570.08Bg051300	MYB-related	TFF	TRUE	458	101.483617	0.275911822881332	0.3461	0.08385	FALSE	TRUE	
sugarcane	SoffiXsponR570.08Bg051600	NAC	TFF	FALSE	15268	6673.11071	0.552781586356857	0.0129	0.9795	FALSE	TRUE	
sugarcane	SoffiXsponR570.08Bg053900	zf-LSD1	TFF	FALSE	4	1.962056	0.666666666666667	0.1737	0.5223	FALSE	TRUE	
sugarcane	SoffiXsponR570.08Bg054100	C3H	TFF	FALSE	7701	1676.377534	0.870067506834161			FALSE	FALSE	
sugarcane	SoffiXsponR570.08Bg055000	Top	TFF	FALSE	12041	4083.701911	0.692331930135713			FALSE	FALSE	
sugarcane	SoffiXsponR570.08Bg055100	Top	TFF	FALSE	5809	1000.867644	0.931797256276121			FALSE	FALSE	
sugarcane	SoffiXsponR570.08Bg055200	Top	TFF	FALSE	11976	4115.854142	0.694503802315836			FALSE	FALSE	
sugarcane	SoffiXsponR570.08Bg055400	bHLH	TFF	FALSE	30	5.883422	0.636781609195402	0.3212	0.1198	FALSE	TRUE	
sugarcane	SoffiXsponR570.08Bg056200	GNAT	OTR	FALSE	12620	4475.472556	0.673626982379726	-0.0619	0.8746	FALSE	TRUE	
sugarcane	SoffiXsponR570.08Bg056900	Sigma70-like	TFF	FALSE	347	48.916893	0.370175409371825			FALSE	FALSE	
sugarcane	SoffiXsponR570.08Bg057800	FAR1	TFF	FALSE	164	50.422881	0.58933113871016	-0.1064	0.7375	FALSE	TRUE	
sugarcane	SoffiXsponR570.08Bg059700	AP2-EREBP	TFF	FALSE	11009	3369.518654	0.774459110621965			FALSE	FALSE	
sugarcane	SoffiXsponR570.08Bg063400	bZIP	TFF	FALSE	43	5.006583	0.465116279069768	-0.5268	0.001949	FALSE	TRUE	
sugarcane	SoffiXsponR570.08Bg065100	SET	OTR	FALSE	3264	476.092646	0.805493523642985			FALSE	FALSE	
sugarcane	SoffiXsponR570.08Bg081800	AP2-EREBP	TFF	FALSE	10	2.298404	0.222222222222222			FALSE	FALSE	
sugarcane	SoffiXsponR570.08Bg082200	WRKY	TFF	FALSE	339	26.051541	0.910265137630692			FALSE	FALSE	
sugarcane	SoffiXsponR570.08Bg085100	TRAF	OTR	FALSE	194	65.992851	0.265584103413279			FALSE	FALSE	
sugarcane	SoffiXsponR570.08Bg085300	TRAF	OTR	FALSE	1	0.053582				FALSE	FALSE	
sugarcane	SoffiXsponR570.08Bg085600	TRAF	OTR	FALSE	20	5.503112	0.447368421052632			FALSE	FALSE	
sugarcane	SoffiXsponR570.08Bg086200	TRAF	OTR	FALSE	1	0.065468				FALSE	FALSE	
sugarcane	SoffiXsponR570.08Bg091100	SET	OTR	FALSE	1907	193.224322	0.886056837046481	-0.2156	0.3855	FALSE	TRUE	
sugarcane	SoffiXsponR570.08Bg093400	MYB	TFF	TRUE	5	1.223242	0.3			FALSE	FALSE	
sugarcane	SoffiXsponR570.08Bg098700	WRKY	TFF	FALSE	65	7.034732	0.411057692307692	-0.3922	0.03895	FALSE	TRUE	
sugarcane	SoffiXsponR570.08Bg108100	PAS	TFF	FALSE	9238	2343.786098	0.700571862134793	0.2112	0.4005	FALSE	TRUE	
sugarcane	SoffiXsponR570.08Bg111300	CCAAT	TFF	FALSE	11841	3879.985573	0.706925433160548	-0.0918	0.7858	FALSE	TRUE	
sugarcane	SoffiXsponR570.08Bg112100	WRKY	TFF	FALSE	111	22.043127	0.298607698607699			FALSE	FALSE	
sugarcane	SoffiXsponR570.08Bg116500	AP2-EREBP	TFF	FALSE	4	1.067639	0.833333333333333			FALSE	FALSE	
sugarcane	SoffiXsponR570.08Bg124500	MYB	TFF	TRUE	1	0.043182				FALSE	FALSE	
sugarcane	SoffiXsponR570.08Bg124700	Tify	TFF	FALSE	3	0.178574	1	0.216	0.3841	FALSE	TRUE	
sugarcane	SoffiXsponR570.08Bg128500	NAC	TFF	FALSE	2	0.352806	0			FALSE	FALSE	
sugarcane	SoffiXsponR570.08Bg128700	MYB	TFF	TRUE	916	272.248414	0.592841291431026			FALSE	FALSE	
sugarcane	SoffiXsponR570.08Bg128800	MYB	TFF	TRUE	750	215.295008	0.558725411659991			FALSE	FALSE	
sugarcane	SoffiXsponR570.08Bg129500	zf-HD	TFF	FALSE	38	3.706083	0.503556187766714	-0.093	0.7815	FALSE	TRUE	
sugarcane	SoffiXsponR570.08Bg132700	AP2-EREBP	TFF	FALSE	53	7.095498	0.494920174165457	-0.2253	0.3536	FALSE	TRUE	
sugarcane	SoffiXsponR570.08Bg135500	SGT1	OTR	FALSE	6454	1172.941326	0.925156711077803	-0.0405	0.9235	FALSE	TRUE	
sugarcane	SoffiXsponR570.08Bg136900	ARID	OTR	FALSE	13973	5570.152881	0.618268404390136	-0.0402	0.9242	FALSE	TRUE	
sugarcane	SoffiXsponR570.08Bg142600	bHLH	TFF	FALSE	19	1.769345	0.444444444444444			FALSE	FALSE	
sugarcane	SoffiXsponR570.08Bg143100	bZIP	TFF	FALSE	101	15.79017	0.328514851485149			FALSE	FALSE	
sugarcane	SoffiXsponR570.08Bg144500	AP2-EREBP	TFF	FALSE	20	3.862851	0.468421052631579			FALSE	FALSE	
sugarcane	SoffiXsponR570.08Bg161500	C2H2	TFF	FALSE	104	9.389875	0.632188200149365	0.1823	0.4924	FALSE	TRUE	
sugarcane	SoffiXsponR570.08Bg164800	bZIP	TFF	FALSE	11	2.432711	0.0727272727272727			FALSE	FALSE	
sugarcane	SoffiXsponR570.08Bg165200	MYB	TFF	TRUE	9	0.465893	0.944444444444444			FALSE	FALSE	
sugarcane	SoffiXsponR570.08Bg166800	SRS	TFF	FALSE	8	1.274537	0.392857142857143			FALSE	FALSE	
sugarcane	SoffiXsponR570.08Bg169100	MYB-related	TFF	TRUE	37	8.158759	0.521021021021021			FALSE	FALSE	
sugarcane	SoffiXsponR570.08Bg169300	MADS	TFF	FALSE	15	1.389605	0.571428571428571			FALSE	FALSE	
sugarcane	SoffiXsponR570.08Bg171500	NAC	TFF	FALSE	17	3.065713	0.433823529411765	0.0055	0.992	FALSE	TRUE	
sugarcane	SoffiXsponR570.08Bg173100	FHA	TFF	FALSE	8357	2011.956778	0.815300983693625	-0.0635	0.8705	FALSE	TRUE	
sugarcane	SoffiXsponR570.08Bg175200	bHLH	TFF	FALSE	1225	194.426343	0.60421501934107	0.313	0.1342	FALSE	TRUE	
sugarcane	SoffiXsponR570.08Bg176300	TRAF	OTR	FALSE	6226	1121.599125	0.936095425711842			FALSE	FALSE	
sugarcane	SoffiXsponR570.08Bg176800	TRAF	OTR	FALSE	25	5.44911	0.573333333333333			FALSE	FALSE	
sugarcane	SoffiXsponR570.08Bg176900	TRAF	OTR	FALSE	21	6.156933	0.180952380952381			FALSE	FALSE	
sugarcane	SoffiXsponR570.08Bg177000	TRAF	OTR	FALSE	364	24.877209	0.961962280144098			FALSE	FALSE	
sugarcane	SoffiXsponR570.08Bg177200	TRAF	OTR	FALSE	1	0.03922				FALSE	FALSE	
sugarcane	SoffiXsponR570.08Bg182000	ARF;AUX/IAA	OTR;TFF	FALSE	3504	466.937529	0.873770949101683	0.2666	0.2347	FALSE	TRUE	
sugarcane	SoffiXsponR570.08Bg182500	MYB	TFF	TRUE	408	148.071266	0.288685744568098			FALSE	FALSE	
sugarcane	SoffiXsponR570.08Bg184100	mTERF	OTR	FALSE	9	1.766413	0.222222222222222	-0.2797	0.2025	FALSE	TRUE	
sugarcane	SoffiXsponR570.08Bg185400	SBP	TFF	FALSE	8019	1802.72958	0.772463540771884	-0.0628	0.8722	FALSE	TRUE	
sugarcane	SoffiXsponR570.08Bg189500	EIL	TFF	FALSE	2	0.685613	1			FALSE	FALSE	
sugarcane	SoffiXsponR570.08Bg189900	bHLH	TFF	FALSE	1	0.143222				FALSE	FALSE	
sugarcane	SoffiXsponR570.08Bg191200	zf-A20	TFF	FALSE	20	2.415243	0.352631578947368	0.6776	6.853e-06	TRUE	TRUE	ortholog_not_correlated
sugarcane	SoffiXsponR570.08Bg192700	SWI/SNF-BAF60b	OTR	FALSE	656	52.897349	0.886808787935208	-0.0984	0.7645	FALSE	TRUE	
sugarcane	SoffiXsponR570.08Bg193600	FAR1	TFF	FALSE	17	4.47915	0.102941176470588			FALSE	FALSE	
sugarcane	SoffiXsponR570.08Bg194200	Pseudo_ARR-B	OTR	FALSE	46	6.56987	0.535265700483092			FALSE	FALSE	
sugarcane	SoffiXsponR570.08Bg194400	Pseudo_ARR-B	OTR	FALSE	84	12.763087	0.629661503155479			FALSE	FALSE	
sugarcane	SoffiXsponR570.08Cg000800	GNAT	OTR	FALSE	1	0.194232				FALSE	FALSE	
sugarcane	SoffiXsponR570.08Cg004700	Yl1	TFF	FALSE	72	7.581656	0.369718309859155			FALSE	FALSE	
sugarcane	SoffiXsponR570.08Cg010200	AUX/IAA	OTR	FALSE	5	0.284252	0.7			FALSE	FALSE	
sugarcane	SoffiXsponR570.08Cg010900	zf-BED	TFF	FALSE	1154	162.497419	0.613428010119032			FALSE	FALSE	
sugarcane	SoffiXsponR570.08Cg014400	MADS	TFF	FALSE	13	0.97935	0.256410256410256	-0.5877	0.0002986	FALSE	TRUE	
sugarcane	SoffiXsponR570.08Cg016000	NAC	TFF	FALSE	950	173.312066	0.621469691087571	-0.3283	0.1084	FALSE	TRUE	
sugarcane	SoffiXsponR570.08Cg022700	MYB-related	TFF	TRUE	3	0.621326	0.333333333333333			FALSE	FALSE	
sugarcane	SoffiXsponR570.08Cg026700	TRAF	OTR	FALSE	32	6.415013	0.0766129032258065			FALSE	FALSE	
sugarcane	SoffiXsponR570.08Cg038200	bHLH	TFF	FALSE	686	74.78024	0.682126364623013			FALSE	FALSE	
sugarcane	SoffiXsponR570.08Cg041400	SWI/SNF-SWI3	OTR	FALSE	11	0.624562	0.8	-0.1403	0.616	FALSE	TRUE	
sugarcane	SoffiXsponR570.08Cg044000	MYB	TFF	TRUE	5	0.702241	0.7			FALSE	FALSE	
sugarcane	SoffiXsponR570.08Cg044100	MYB-related	TFF	TRUE	1	0.155108				FALSE	FALSE	
sugarcane	SoffiXsponR570.08Cg047300	BSD	TFF	FALSE	1	0.023867				FALSE	FALSE	
sugarcane	SoffiXsponR570.08Cg052100	MYB-related	TFF	TRUE	25	2.125008	0.89	0.2931	0.1733	FALSE	TRUE	
sugarcane	SoffiXsponR570.08Cg052500	NAC	TFF	FALSE	216	24.623442	0.393712316968131	-0.1467	0.596	FALSE	TRUE	
sugarcane	SoffiXsponR570.08Cg054400	zf-LSD1	TFF	FALSE	3	0.926893	1	-0.0455	0.9134	FALSE	TRUE	
sugarcane	SoffiXsponR570.08Cg054600	C3H	TFF	FALSE	3	0.12063	0.666666666666667			FALSE	FALSE	
sugarcane	SoffiXsponR570.08Cg057400	AP2-EREBP	TFF	FALSE	7648	1649.082866	0.876093867040046			FALSE	FALSE	
sugarcane	SoffiXsponR570.08Cg062900	SET	OTR	FALSE	26	2.443052	0.433846153846154	0.3709	0.05623	FALSE	TRUE	
sugarcane	SoffiXsponR570.08Cg063200	CCAAT	TFF	FALSE	9422	2499.052821	0.797054913587121	-0.2489	0.2825	FALSE	TRUE	
sugarcane	SoffiXsponR570.08Cg068500	NAC	TFF	FALSE	3	0.81992	1	-0.204	0.4213	FALSE	TRUE	
sugarcane	SoffiXsponR570.08Cg070900	SET	OTR	FALSE	2111	193.234302	0.9407360676753	-0.0049	0.9925	FALSE	TRUE	
sugarcane	SoffiXsponR570.08Cg074000	AP2-EREBP	TFF	FALSE	2	0.172536	1			FALSE	FALSE	
sugarcane	SoffiXsponR570.08Cg074100	AP2-EREBP	TFF	FALSE	31	6.508519	0.711827956989247			FALSE	FALSE	
sugarcane	SoffiXsponR570.08Cg074400	AP2-EREBP	TFF	FALSE	1	0.101621				FALSE	FALSE	
sugarcane	SoffiXsponR570.08Cg074600	WRKY	TFF	FALSE	3820	484.04073	0.948360566964022			FALSE	FALSE	
sugarcane	SoffiXsponR570.08Cg075200	PHD	OTR	FALSE	5	0.313967	0.2			FALSE	FALSE	
sugarcane	SoffiXsponR570.08Cg078100	ABI3VP1	TFF	FALSE	2	0.185413	0			FALSE	FALSE	
sugarcane	SoffiXsponR570.08Cg086700	GNAT	OTR	FALSE	19	1.863937	0.783625730994152			FALSE	FALSE	
sugarcane	SoffiXsponR570.08Cg091700	WRKY	TFF	FALSE	8821	2116.27081	0.727751518549452	-0.3232	0.1166	FALSE	TRUE	
sugarcane	SoffiXsponR570.08Cg095300	PAS	TFF	FALSE	106	15.528659	0.348607367475292	0.3833	0.04562	FALSE	TRUE	
sugarcane	SoffiXsponR570.08Cg096200	mTERF	OTR	FALSE	1	0.052096				FALSE	FALSE	
sugarcane	SoffiXsponR570.08Cg098100	CCAAT	TFF	FALSE	8893	2189.863032	0.835503331733365	-0.0743	0.8412	FALSE	TRUE	
sugarcane	SoffiXsponR570.08Cg103400	AP2-EREBP	TFF	FALSE	8681	2175.958614	0.82401202477788			FALSE	FALSE	
sugarcane	SoffiXsponR570.08Cg111000	MYB	TFF	TRUE	3	0.916988	0.666666666666667			FALSE	FALSE	
sugarcane	SoffiXsponR570.08Cg111100	Tify	TFF	FALSE	1	0.015448				FALSE	FALSE	
sugarcane	SoffiXsponR570.08Cg113400	TCP	TFF	FALSE	4	2.358254	1			FALSE	FALSE	
sugarcane	SoffiXsponR570.08Cg113600	TCP	TFF	FALSE	1	0.183337				FALSE	FALSE	
sugarcane	SoffiXsponR570.08Cg114200	NAC	TFF	FALSE	90	24.324717	0.125842696629213			FALSE	FALSE	
sugarcane	SoffiXsponR570.08Cg114300	MYB	TFF	TRUE	1	0.095183				FALSE	FALSE	
sugarcane	SoffiXsponR570.08Cg115200	MYB	TFF	TRUE	1	0.195223				FALSE	FALSE	
sugarcane	SoffiXsponR570.08Cg116100	zf-A20	TFF	FALSE	2	1.445323	1			FALSE	FALSE	
sugarcane	SoffiXsponR570.08Cg116500	NAC	TFF	FALSE	8	1.286918	0.571428571428571			FALSE	FALSE	
sugarcane	SoffiXsponR570.08Cg116700	MYB	TFF	TRUE	1	0.079335				FALSE	FALSE	
sugarcane	SoffiXsponR570.08Cg117000	zf-HD	TFF	FALSE	11	2.099905	0.563636363636364			FALSE	FALSE	
sugarcane	SoffiXsponR570.08Cg120500	AP2-EREBP	TFF	FALSE	91	12.13974	0.524786324786325	-0.2752	0.2134	FALSE	TRUE	
sugarcane	SoffiXsponR570.08Cg122200	SGT1	OTR	FALSE	2	0.158669	1			FALSE	FALSE	
sugarcane	SoffiXsponR570.08Cg135200	AP2-EREBP	TFF	FALSE	31	4.166493	0.32258064516129			FALSE	FALSE	
sugarcane	SoffiXsponR570.08Cg138700	bHLH	TFF	FALSE	11	6.855768	0.781818181818182			FALSE	FALSE	
sugarcane	SoffiXsponR570.08Cg139800	zf-HD	TFF	FALSE	970	174.26088	0.615239432723714			FALSE	FALSE	
sugarcane	SoffiXsponR570.08Cg139900	zf-HD	TFF	FALSE	11	4.74007	0.490909090909091			FALSE	FALSE	
sugarcane	SoffiXsponR570.08Cg141600	SET	OTR	FALSE	3	0.365283	0.666666666666667			FALSE	FALSE	
sugarcane	SoffiXsponR570.08Cg144500	C2H2	TFF	FALSE	66	16.253862	0.112820512820513			FALSE	FALSE	
sugarcane	SoffiXsponR570.08Cg146000	PLATZ	TFF	FALSE	14	1.459835	0.21978021978022			FALSE	FALSE	
sugarcane	SoffiXsponR570.08Cg151700	C2H2	TFF	FALSE	48	4.712386	0.26063829787234	0.0692	0.8548	FALSE	TRUE	
sugarcane	SoffiXsponR570.08Cg155100	bZIP	TFF	FALSE	35	7.042281	0.408403361344538			FALSE	FALSE	
sugarcane	SoffiXsponR570.08Cg156700	MYB;MYB-related	TFF	TRUE	34	2.083767	0.75222816399287			FALSE	FALSE	
sugarcane	SoffiXsponR570.08Cg157300	SRS	TFF	FALSE	2	0.343397	1			FALSE	FALSE	
sugarcane	SoffiXsponR570.08Cg158300	HSF	TFF	FALSE	21	1.266363	0.814285714285714			FALSE	FALSE	
sugarcane	SoffiXsponR570.08Cg159300	AP2-EREBP	TFF	FALSE	7	2.723042	0.380952380952381			FALSE	FALSE	
sugarcane	SoffiXsponR570.08Cg159400	AP2-EREBP	TFF	FALSE	1	0.401246				FALSE	FALSE	
sugarcane	SoffiXsponR570.08Cg160600	bZIP	TFF	FALSE	8533	2079.078569	0.871534132206399			FALSE	FALSE	
sugarcane	SoffiXsponR570.08Cg161200	bHLH	TFF	FALSE	2	0.072001	0			FALSE	FALSE	
sugarcane	SoffiXsponR570.08Cg161400	bHLH	TFF	FALSE	130	46.632491	0.343947525342874			FALSE	FALSE	
sugarcane	SoffiXsponR570.08Cg163200	bZIP	TFF	FALSE	6	1.058914	0.533333333333333			FALSE	FALSE	
sugarcane	SoffiXsponR570.08Cg168500	AP2-EREBP	TFF	FALSE	1	0.08082				FALSE	FALSE	
sugarcane	SoffiXsponR570.08Cg170800	MADS	TFF	FALSE	4738	690.501631	0.937095174075315			FALSE	FALSE	
sugarcane	SoffiXsponR570.08Cg171100	MADS	TFF	FALSE	28	3.320325	0.312169312169312	0.2385	0.312	FALSE	TRUE	
sugarcane	SoffiXsponR570.08Cg173200	NAC	TFF	FALSE	44	4.058279	0.572938689217759			FALSE	FALSE	
sugarcane	SoffiXsponR570.08Cg174700	FHA	TFF	FALSE	217	17.071506	0.891918416111965			FALSE	FALSE	
sugarcane	SoffiXsponR570.08Cg176500	bHLH	TFF	FALSE	2006	434.335628	0.482024748696554			FALSE	FALSE	
sugarcane	SoffiXsponR570.08Cg177100	TRAF	OTR	FALSE	2701	297.413717	0.91271435819381			FALSE	FALSE	
sugarcane	SoffiXsponR570.08Cg177500	TRAF	OTR	FALSE	90	24.324717	0.125842696629213			FALSE	FALSE	
sugarcane	SoffiXsponR570.08Cg177800	TRAF	OTR	FALSE	2	0.445418	0			FALSE	FALSE	
sugarcane	SoffiXsponR570.08Cg178100	TRAF	OTR	FALSE	9214	2379.542181	0.848840778139044			FALSE	FALSE	
sugarcane	SoffiXsponR570.08Cg180100	TRAF	OTR	FALSE	14604	6131.213517	0.588668094655231	0.0089	0.986	FALSE	TRUE	
sugarcane	SoffiXsponR570.08Cg185900	SBP	TFF	FALSE	60	5.584667	0.204519774011299			FALSE	FALSE	
sugarcane	SoffiXsponR570.08Cg188400	MYB-related	TFF	TRUE	448	35.854927	0.948166347075743	-0.0595	0.8806	FALSE	TRUE	
sugarcane	SoffiXsponR570.08Cg189200	SBP	TFF	FALSE	7	1.128839	0.857142857142857			FALSE	FALSE	
sugarcane	SoffiXsponR570.08Cg189600	EIL	TFF	FALSE	12	1.806813	0.46969696969697			FALSE	FALSE	
sugarcane	SoffiXsponR570.08Cg189900	bHLH	TFF	FALSE	1	0.143222				FALSE	FALSE	
sugarcane	SoffiXsponR570.08Cg191400	zf-A20	TFF	FALSE	826	74.651906	0.896661530559836	0.1642	0.5588	FALSE	TRUE	
sugarcane	SoffiXsponR570.08Cg194400	Pseudo_ARR-B	OTR	FALSE	27	3.844697	0.527065527065527			FALSE	FALSE	
sugarcane	SoffiXsponR570.08Cg196500	MED26	OTR	FALSE	24	7.772716	0.228260869565217			FALSE	FALSE	
sugarcane	SoffiXsponR570.08Cg199000	WRKY	TFF	FALSE	204	24.404887	0.442045783830774	-0.2439	0.2962	FALSE	TRUE	
sugarcane	SoffiXsponR570.08Cg200800	CCAAT	TFF	FALSE	245	14.458269	0.960220809635329			FALSE	FALSE	
sugarcane	SoffiXsponR570.08Cg201400	TRAF	OTR	FALSE	9549	2579.365828	0.774528227676505			FALSE	FALSE	
sugarcane	SoffiXsponR570.08Cg204100	C2C2-Dof	TFF	FALSE	9519	2546.04965	0.774311277247542	0.0826	0.8173	FALSE	TRUE	
sugarcane	SoffiXsponR570.08Cg205300	bZIP	TFF	FALSE	50	8.167919	0.292244897959184			FALSE	FALSE	
sugarcane	SoffiXsponR570.08Cg205600	MYB	TFF	TRUE	53	15.117024	0.109579100145138			FALSE	FALSE	
sugarcane	SoffiXsponR570.08Dg000300	zf-BED	TFF	FALSE	28	3.342116	0.227513227513228			FALSE	FALSE	
sugarcane	SoffiXsponR570.08Dg005000	zf-LSD1	TFF	FALSE	13	0.81047	0.692307692307692			FALSE	FALSE	
sugarcane	SoffiXsponR570.08Dg007700	C3H	TFF	FALSE	7214	1472.982076	0.899703316536683	0.0135	0.9787	FALSE	TRUE	
sugarcane	SoffiXsponR570.08Dg010300	bHLH	TFF	FALSE	274	37.676748	0.466030320044919			FALSE	FALSE	
sugarcane	SoffiXsponR570.08Dg013200	SWI/SNF-SWI3	OTR	FALSE	11	0.38932	0.836363636363636			FALSE	FALSE	
sugarcane	SoffiXsponR570.08Dg013600	MYB-related	TFF	TRUE	547	48.876968	0.836591196737449			FALSE	FALSE	
sugarcane	SoffiXsponR570.08Dg016100	MYB	TFF	TRUE	883	141.484057	0.627635123509578	0.0667	0.8611	FALSE	TRUE	
sugarcane	SoffiXsponR570.08Dg019200	BSD	TFF	FALSE	13598	5241.192091	0.637061874919568	0.0194	0.9681	FALSE	TRUE	
sugarcane	SoffiXsponR570.08Dg023500	TRAF	OTR	FALSE	10425	3070.537624	0.785944904858922			FALSE	FALSE	
sugarcane	SoffiXsponR570.08Dg024000	MYB-related	TFF	TRUE	449	106.036563	0.289353324848871	0.3322	0.1027	FALSE	TRUE	
sugarcane	SoffiXsponR570.08Dg024400	NAC	TFF	FALSE	2023	218.587569	0.819691744737693			FALSE	FALSE	
sugarcane	SoffiXsponR570.08Dg026100	zf-LSD1	TFF	FALSE	2	1.109545	1			FALSE	FALSE	
sugarcane	SoffiXsponR570.08Dg026300	C3H	TFF	FALSE	2	0.056648	0			FALSE	FALSE	
sugarcane	SoffiXsponR570.08Dg027500	Top	TFF	FALSE	651	104.667089	0.553156091220607	0.0173	0.972	FALSE	TRUE	
sugarcane	SoffiXsponR570.08Dg027600	bHLH	TFF	FALSE	59	14.383637	0.410286382232612			FALSE	FALSE	
sugarcane	SoffiXsponR570.08Dg028400	GNAT	OTR	FALSE	217	34.359115	0.352534562211982			FALSE	FALSE	
sugarcane	SoffiXsponR570.08Dg029200	Sigma70-like	TFF	FALSE	299	44.466493	0.31880316940136	-0.1239	0.6761	FALSE	TRUE	
sugarcane	SoffiXsponR570.08Dg033400	CCAAT	TFF	FALSE	2	0.117069	0			FALSE	FALSE	
sugarcane	SoffiXsponR570.08Dg034500	bZIP	TFF	FALSE	48	6.109975	0.360815602836879	-0.6945	2.915e-06	TRUE	TRUE	ortholog_not_correlated
sugarcane	SoffiXsponR570.08Dg036400	SET	OTR	FALSE	8603	2025.432076	0.740542161219775			FALSE	FALSE	
sugarcane	SoffiXsponR570.08Dg036700	CCAAT	TFF	FALSE	878	113.797259	0.571987750744799			FALSE	FALSE	
sugarcane	SoffiXsponR570.08Dg045200	NAC	TFF	FALSE	3	0.719385	1			FALSE	FALSE	
sugarcane	SoffiXsponR570.08Dg051900	ABI3VP1	TFF	FALSE	3855	500.402086	0.938058997776831			FALSE	FALSE	
sugarcane	SoffiXsponR570.08Dg052100	AP2-EREBP	TFF	FALSE	16	3.706963	0.566666666666667			FALSE	FALSE	
sugarcane	SoffiXsponR570.08Dg052200	AP2-EREBP	TFF	FALSE	42	8.454402	0.545876887340302			FALSE	FALSE	
sugarcane	SoffiXsponR570.08Dg052300	AP2-EREBP	TFF	FALSE	2	0.233452	1			FALSE	FALSE	
sugarcane	SoffiXsponR570.08Dg052400	AP2-EREBP	TFF	FALSE	113	20.173262	0.359829329962073			FALSE	FALSE	
sugarcane	SoffiXsponR570.08Dg055600	TRAF	OTR	FALSE	1	0.168479				FALSE	FALSE	
sugarcane	SoffiXsponR570.08Dg055900	TRAF	OTR	FALSE	18	2.874642	0.38562091503268			FALSE	FALSE	
sugarcane	SoffiXsponR570.08Dg057600	WRKY	TFF	FALSE	41	2.409315	0.720731707317073			FALSE	FALSE	
sugarcane	SoffiXsponR570.08Dg061900	SET	OTR	FALSE	1	0.215033				FALSE	FALSE	
sugarcane	SoffiXsponR570.08Dg064500	MYB	TFF	TRUE	90	26.421101	0.128589263420724			FALSE	FALSE	
sugarcane	SoffiXsponR570.08Dg065700	GNAT	OTR	FALSE	368	55.181791	0.588733562374126			FALSE	FALSE	
sugarcane	SoffiXsponR570.08Dg077600	bZIP	TFF	FALSE	9	1.00918	0.5	-0.2633	0.2433	FALSE	TRUE	
sugarcane	SoffiXsponR570.08Dg080700	MBF1	OTR	FALSE	45	5.678329	0.454545454545455	0.3464	0.08344	FALSE	TRUE	
sugarcane	SoffiXsponR570.08Dg081400	PAS	TFF	FALSE	387	74.740925	0.321230134822134			FALSE	FALSE	
sugarcane	SoffiXsponR570.08Dg084500	CCAAT	TFF	FALSE	203	31.088654	0.580207774472028			FALSE	FALSE	
sugarcane	SoffiXsponR570.08Dg085200	WRKY	TFF	FALSE	62	9.021381	0.535166578529878			FALSE	FALSE	
sugarcane	SoffiXsponR570.08Dg088500	SET	OTR	FALSE	11	0.741936	0.854545454545455			FALSE	FALSE	
sugarcane	SoffiXsponR570.08Dg093900	AP2-EREBP	TFF	FALSE	4	0.659555	0.833333333333333			FALSE	FALSE	
sugarcane	SoffiXsponR570.08Dg101700	MYB	TFF	TRUE	7	1.105563	0.285714285714286			FALSE	FALSE	
sugarcane	SoffiXsponR570.08Dg101900	Tify	TFF	FALSE	94	7.481231	0.742393045069778			FALSE	FALSE	
sugarcane	SoffiXsponR570.08Dg104400	NAC	TFF	FALSE	15	2.152286	0.228571428571429			FALSE	FALSE	
sugarcane	SoffiXsponR570.08Dg104500	MYB	TFF	TRUE	3	0.54902	0.333333333333333			FALSE	FALSE	
sugarcane	SoffiXsponR570.08Dg105200	MYB	TFF	TRUE	181	67.28025	0.675383670963781			FALSE	FALSE	
sugarcane	SoffiXsponR570.08Dg105300	MYB-related	TFF	TRUE	2	0.302291	0			FALSE	FALSE	
sugarcane	SoffiXsponR570.08Dg106400	NAC	TFF	FALSE	127	35.867009	0.12623422072241	0.1459	0.596	FALSE	TRUE	
sugarcane	SoffiXsponR570.08Dg106700	MYB	TFF	TRUE	993	256.077479	0.616823815092746			FALSE	FALSE	
sugarcane	SoffiXsponR570.08Dg107100	zf-HD	TFF	FALSE	116	28.829485	0.0892053973013493			FALSE	FALSE	
sugarcane	SoffiXsponR570.08Dg107400	zf-HD	TFF	FALSE	5	0.694317	0.5			FALSE	FALSE	
sugarcane	SoffiXsponR570.08Dg111600	SET	OTR	FALSE	124	32.238539	0.201678468397587			FALSE	FALSE	
sugarcane	SoffiXsponR570.08Dg115700	ARID	OTR	FALSE	5293	951.725693	0.801567237722807	-0.0106	0.983	FALSE	TRUE	
sugarcane	SoffiXsponR570.08Dg121800	C2H2	TFF	FALSE	1223	251.414297	0.597594121401988			FALSE	FALSE	
sugarcane	SoffiXsponR570.08Dg123500	bHLH	TFF	FALSE	445	59.278864	0.689128454296994			FALSE	FALSE	
sugarcane	SoffiXsponR570.08Dg124100	bZIP	TFF	FALSE	7	0.694012	0.619047619047619			FALSE	FALSE	
sugarcane	SoffiXsponR570.08Dg127000	AP2-EREBP	TFF	FALSE	25	4.686428	0.273333333333333			FALSE	FALSE	
sugarcane	SoffiXsponR570.08Dg130600	bHLH	TFF	FALSE	55	14.432781	0.133333333333333			FALSE	FALSE	
sugarcane	SoffiXsponR570.08Dg136400	NAC	TFF	FALSE	22	1.587874	0.649350649350649			FALSE	FALSE	
sugarcane	SoffiXsponR570.08Dg137600	PLATZ	TFF	FALSE	29	5.558444	0.411330049261084			FALSE	FALSE	
sugarcane	SoffiXsponR570.08Dg143200	C2H2	TFF	FALSE	1	0.021391		0.2237	0.3585	FALSE	TRUE	
sugarcane	SoffiXsponR570.08Dg146900	bZIP	TFF	FALSE	2	0.626678	1			FALSE	FALSE	
sugarcane	SoffiXsponR570.08Dg147000	bZIP	TFF	FALSE	3	0.510885	0.333333333333333			FALSE	FALSE	
sugarcane	SoffiXsponR570.08Dg147100	bZIP	TFF	FALSE	247	81.327784	0.452486751588164			FALSE	FALSE	
sugarcane	SoffiXsponR570.08Dg149400	SRS	TFF	FALSE	79	34.280625	0.0259655955858488			FALSE	FALSE	
sugarcane	SoffiXsponR570.08Dg151900	TCP	TFF	FALSE	3	0.346463	0.666666666666667			FALSE	FALSE	
sugarcane	SoffiXsponR570.08Dg152500	bZIP	TFF	FALSE	10362	2907.344077	0.762004250308321			FALSE	FALSE	
sugarcane	SoffiXsponR570.08Dg152700	bHLH	TFF	FALSE	296	52.886408	0.605267979844251			FALSE	FALSE	
sugarcane	SoffiXsponR570.08Dg153000	bHLH	TFF	FALSE	109	18.535098	0.488956846755012			FALSE	FALSE	
sugarcane	SoffiXsponR570.08Dg153100	bHLH	TFF	FALSE	5	1.928969	0.3			FALSE	FALSE	
sugarcane	SoffiXsponR570.08Dg155800	bZIP	TFF	FALSE	1	0.191756				FALSE	FALSE	
sugarcane	SoffiXsponR570.08Dg157900	RB	OTR	FALSE	10199	2854.688714	0.795230819613788	0.0483	0.9081	FALSE	TRUE	
sugarcane	SoffiXsponR570.08Dg160800	bHLH	TFF	FALSE	26	8.662371	0.283076923076923			FALSE	FALSE	
sugarcane	SoffiXsponR570.08Dg162400	MADS	TFF	FALSE	57	8.793587	0.214912280701754	0.0958	0.7727	FALSE	TRUE	
sugarcane	SoffiXsponR570.08Dg167400	TRAF	OTR	FALSE	1936	255.542601	0.633018877997736			FALSE	FALSE	
sugarcane	SoffiXsponR570.08Dg169500	CCAAT	TFF	FALSE	5	0.525933	0.4			FALSE	FALSE	
sugarcane	SoffiXsponR570.08Dg170700	C2C2-Dof	TFF	FALSE	95	8.013222	0.798208286674132	0.1473	0.596	FALSE	TRUE	
sugarcane	SoffiXsponR570.08Dg171500	bHLH	TFF	FALSE	4	0.231661	0.666666666666667			FALSE	FALSE	
sugarcane	SoffiXsponR570.08Dg171700	bZIP	TFF	FALSE	11	1.563552	0.381818181818182			FALSE	FALSE	
sugarcane	SoffiXsponR570.08Dg172100	MYB	TFF	TRUE	242	69.848459	0.607798086485374			FALSE	FALSE	
sugarcane	SoffiXsponR570.08Eg001100	bZIP	TFF	FALSE	3764	482.993407	0.888809689286845	-0.2918	0.1759	FALSE	TRUE	
sugarcane	SoffiXsponR570.08Eg003300	CCAAT	TFF	FALSE	24	8.975178	0.322463768115942			FALSE	FALSE	
sugarcane	SoffiXsponR570.08Eg013500	WRKY	TFF	FALSE	12509	4385.715213	0.675218901553018	-0.0936	0.7797	FALSE	TRUE	
sugarcane	SoffiXsponR570.08Eg015100	SET	OTR	FALSE	5100	797.002391	0.967720775699964	0.0671	0.8603	FALSE	TRUE	
sugarcane	SoffiXsponR570.08Eg018300	ABI3VP1	TFF	FALSE	2102	204.978244	0.948141680528189	-0.1473	0.596	FALSE	TRUE	
sugarcane	SoffiXsponR570.08Eg018500	AP2-EREBP	TFF	FALSE	1	0.102611		0.3478	0.08182	FALSE	TRUE	
sugarcane	SoffiXsponR570.08Eg018600	AP2-EREBP	TFF	FALSE	1	0.204137				FALSE	FALSE	
sugarcane	SoffiXsponR570.08Eg018800	AP2-EREBP	TFF	FALSE	1	0.153127				FALSE	FALSE	
sugarcane	SoffiXsponR570.08Eg019400	PHD	OTR	FALSE	10894	3399.606398	0.750754653671659	0.0421	0.9206	FALSE	TRUE	
sugarcane	SoffiXsponR570.08Eg021800	TRAF	OTR	FALSE	1549	182.288409	0.722311468764544	0.4781	0.006595	FALSE	TRUE	
sugarcane	SoffiXsponR570.08Eg022200	TRAF	OTR	FALSE	38	13.481776	0.436699857752489	-0.0447	0.9153	FALSE	TRUE	
sugarcane	SoffiXsponR570.08Eg022300	TRAF	OTR	FALSE	3	0.288519	0			FALSE	FALSE	
sugarcane	SoffiXsponR570.08Eg023700	ABI3VP1	TFF	FALSE	2	0.188879	0			FALSE	FALSE	
sugarcane	SoffiXsponR570.08Eg029500	SET	OTR	FALSE	58	5.958884	0.338777979431337	-0.4894	0.005062	FALSE	TRUE	
sugarcane	SoffiXsponR570.08Eg032000	MYB	TFF	TRUE	28	11.444862	0.3994708994709			FALSE	FALSE	
sugarcane	SoffiXsponR570.08Eg032500	GNAT	OTR	FALSE	1	0.085278				FALSE	FALSE	
sugarcane	SoffiXsponR570.08Eg039400	MYB-related	TFF	TRUE	7	0.405283	0.428571428571429	-0.0886	0.7969	FALSE	TRUE	
sugarcane	SoffiXsponR570.08Eg044300	MBF1	OTR	FALSE	302	34.144827	0.592704230930012	0.2968	0.1652	FALSE	TRUE	
sugarcane	SoffiXsponR570.08Eg044800	PAS	TFF	FALSE	1083	182.097524	0.316420977533824	0.3496	0.07954	FALSE	TRUE	
sugarcane	SoffiXsponR570.08Eg048000	CCAAT	TFF	FALSE	12260	4141.07983	0.679024432826726	-0.091	0.7891	FALSE	TRUE	
sugarcane	SoffiXsponR570.08Eg048900	WRKY	TFF	FALSE	87	16.424242	0.408981555733761			FALSE	FALSE	
sugarcane	SoffiXsponR570.08Eg056000	AP2-EREBP	TFF	FALSE	3	0.421741	1			FALSE	FALSE	
sugarcane	SoffiXsponR570.08Eg061100	PHD	OTR	FALSE	178	30.456323	0.000888719608963372	-0.042	0.9209	FALSE	TRUE	
sugarcane	SoffiXsponR570.08Eg063500	MYB	TFF	TRUE	3	0.908569	0.333333333333333			FALSE	FALSE	
sugarcane	SoffiXsponR570.08Eg063600	Tify	TFF	FALSE	13	0.946168	0.294871794871795	0.2607	0.2498	FALSE	TRUE	
sugarcane	SoffiXsponR570.08Eg066100	TCP	TFF	FALSE	4	0.600125	0.833333333333333			FALSE	FALSE	
sugarcane	SoffiXsponR570.08Eg066700	NAC	TFF	FALSE	15	4.214992	0.733333333333333	0.1837	0.4875	FALSE	TRUE	
sugarcane	SoffiXsponR570.08Eg066800	MYB	TFF	TRUE	80	19.413882	0.399367088607595	0.1834	0.4886	FALSE	TRUE	
sugarcane	SoffiXsponR570.08Eg068500	NAC	TFF	FALSE	24	5.914547	0.0181159420289855			FALSE	FALSE	
sugarcane	SoffiXsponR570.08Eg068700	MYB	TFF	TRUE	1656	499.263497	0.530604813403973			FALSE	FALSE	
sugarcane	SoffiXsponR570.08Eg068900	MYB	TFF	TRUE	16	7.517399	0.508333333333333			FALSE	FALSE	
sugarcane	SoffiXsponR570.08Eg069200	zf-HD	TFF	FALSE	1	0.113507				FALSE	FALSE	
sugarcane	SoffiXsponR570.08Eg069400	zf-HD	TFF	FALSE	23	3.022206	0.33201581027668	-0.0647	0.8669	FALSE	TRUE	
sugarcane	SoffiXsponR570.08Eg073600	C2H2	TFF	FALSE	737	127.231316	0.796785587870922			FALSE	FALSE	
sugarcane	SoffiXsponR570.08Eg074000	GeBP	TFF	FALSE	4	0.318824	0.5	-0.2716	0.2221	FALSE	TRUE	
sugarcane	SoffiXsponR570.08Eg076200	bZIP	TFF	FALSE	25	2.774772	0.55			FALSE	FALSE	
sugarcane	SoffiXsponR570.08Eg077600	AP2-EREBP	TFF	FALSE	19	2.448824	0.444444444444444	0.111	0.722	FALSE	TRUE	
sugarcane	SoffiXsponR570.08Eg081100	bHLH	TFF	FALSE	14	6.337034	0.428571428571429			FALSE	FALSE	
sugarcane	SoffiXsponR570.08Eg082400	zf-HD	TFF	FALSE	5	0.400635	0.9			FALSE	FALSE	
sugarcane	SoffiXsponR570.08Eg086800	NAC	TFF	FALSE	1	0.273967				FALSE	FALSE	
sugarcane	SoffiXsponR570.08Eg087200	SOH1	OTR	FALSE	1	0.092706				FALSE	FALSE	
sugarcane	SoffiXsponR570.08Eg088100	PLATZ	TFF	FALSE	8	0.868434	0.535714285714286	0.1695	0.5373	FALSE	TRUE	
sugarcane	SoffiXsponR570.08Eg096300	C2H2	TFF	FALSE	361	53.046113	0.440689442905509	0.3684	0.05871	FALSE	TRUE	
sugarcane	SoffiXsponR570.08Eg099700	bZIP	TFF	FALSE	5	1.653612	0.1			FALSE	FALSE	
sugarcane	SoffiXsponR570.08Eg100100	MYB	TFF	TRUE	25	1.588159	0.95	-0.3692	0.05796	FALSE	TRUE	
sugarcane	SoffiXsponR570.08Eg101700	SRS	TFF	FALSE	13	5.661916	0.884615384615385			FALSE	FALSE	
sugarcane	SoffiXsponR570.08Eg102700	HSF	TFF	FALSE	21	1.533797	0.814285714285714			FALSE	FALSE	
sugarcane	SoffiXsponR570.08Eg103700	AP2-EREBP	TFF	FALSE	17	3.327699	0.0441176470588235			FALSE	FALSE	
sugarcane	SoffiXsponR570.08Eg103800	AP2-EREBP	TFF	FALSE	4	1.528219	0.333333333333333			FALSE	FALSE	
sugarcane	SoffiXsponR570.08Eg104500	bZIP	TFF	FALSE	66	6.788689	0.447086247086247	0.2865	0.1874	FALSE	TRUE	
sugarcane	SoffiXsponR570.08Eg104800	bHLH	TFF	FALSE	67	15.512571	0.353233830845771			FALSE	FALSE	
sugarcane	SoffiXsponR570.08Eg105100	bHLH	TFF	FALSE	77	12.734687	0.0738209159261791			FALSE	FALSE	
sugarcane	SoffiXsponR570.08Eg105400	bHLH	TFF	FALSE	29	5.401451	0.428571428571429			FALSE	FALSE	
sugarcane	SoffiXsponR570.08Eg112500	bHLH	TFF	FALSE	1515	346.17054	0.62878393519669			FALSE	FALSE	
sugarcane	SoffiXsponR570.08Eg114200	MADS	TFF	FALSE	194	65.992851	0.265584103413279			FALSE	FALSE	
sugarcane	SoffiXsponR570.08Eg114600	MADS	TFF	FALSE	54	6.345293	0.545073375262055	-0.2296	0.3396	FALSE	TRUE	
sugarcane	SoffiXsponR570.08Eg118300	FHA	TFF	FALSE	194	20.117074	0.618610116980931	0.0928	0.7825	FALSE	TRUE	
sugarcane	SoffiXsponR570.08Eg120500	bHLH	TFF	FALSE	1556	271.597079	0.514991031501335	0.2817	0.1977	FALSE	TRUE	
sugarcane	SoffiXsponR570.08Eg121200	TRAF	OTR	FALSE	573	56.588959	0.763940248233442	0.0808	0.8223	FALSE	TRUE	
sugarcane	SoffiXsponR570.08Eg122300	TRAF	OTR	FALSE	9153	2313.586733	0.738567292125552			FALSE	FALSE	
sugarcane	SoffiXsponR570.08Eg122400	TRAF	OTR	FALSE	9862	2679.044847	0.752575337857341	0.0017	0.9971	FALSE	TRUE	
sugarcane	SoffiXsponR570.08Eg126300	ARF;AUX/IAA	OTR;TFF	FALSE	6	0.685498	0.533333333333333			FALSE	FALSE	
sugarcane	SoffiXsponR570.08Eg126800	MYB	TFF	TRUE	17	3.327699	0.0441176470588235			FALSE	FALSE	
sugarcane	SoffiXsponR570.08Eg128400	mTERF	OTR	FALSE	21	2.663952	0.514285714285714			FALSE	FALSE	
sugarcane	SoffiXsponR570.08Eg129500	SBP	TFF	FALSE	8	1.556333	0.285714285714286	-0.1482	0.596	FALSE	TRUE	
sugarcane	SoffiXsponR570.08Eg133200	EIL	TFF	FALSE	2	1.134802	1			FALSE	FALSE	
sugarcane	SoffiXsponR570.08Eg133500	bHLH	TFF	FALSE	7	0.402311	0.428571428571429			FALSE	FALSE	
sugarcane	SoffiXsponR570.08Eg135100	zf-A20	TFF	FALSE	1	0.106078				FALSE	FALSE	
sugarcane	SoffiXsponR570.08Eg138300	Pseudo_ARR-B	OTR	FALSE	12	1.343262	0.272727272727273			FALSE	FALSE	
sugarcane	SoffiXsponR570.08Eg142100	WRKY	TFF	FALSE	9	0.478274	0.333333333333333			FALSE	FALSE	
sugarcane	SoffiXsponR570.08Eg145600	TRAF	OTR	FALSE	266	43.04051	0.264690026954178			FALSE	FALSE	
sugarcane	SoffiXsponR570.08Eg149300	bHLH	TFF	FALSE	13	1.968359	0.448717948717949			FALSE	FALSE	
sugarcane	SoffiXsponR570.08Eg149500	bZIP	TFF	FALSE	2	0.081906	1			FALSE	FALSE	
sugarcane	SoffiXsponR570.09Ag002700	PAS	TFF	FALSE	29	4.698694	0.359605911330049	0.7364	2.526e-07	TRUE	TRUE	ortholog_not_correlated
sugarcane	SoffiXsponR570.09Ag004600	SAP;zf-MIZ	OTR;TFF	FALSE	10	0.766603	0.488888888888889			FALSE	FALSE	
sugarcane	SoffiXsponR570.09Ag006100	MYB-related	TFF	TRUE	2	0.232461	0			FALSE	FALSE	
sugarcane	SoffiXsponR570.09Ag016400	TRAF	OTR	FALSE	2	0.801996	0			FALSE	FALSE	
sugarcane	SoffiXsponR570.09Ag018300	C2H2	TFF	FALSE	8	0.490065	0.928571428571429	-0.0428	0.9194	FALSE	TRUE	
sugarcane	SoffiXsponR570.09Ag022700	SET	OTR	FALSE	416	53.753107	0.169659406858202			FALSE	FALSE	
sugarcane	SoffiXsponR570.09Ag025900	MYB	TFF	TRUE	1653	425.972011	0.585384413693497	0.0693	0.8544	FALSE	TRUE	
sugarcane	SoffiXsponR570.09Ag026100	MYB	TFF	TRUE	194	65.992851	0.265584103413279			FALSE	FALSE	
sugarcane	SoffiXsponR570.09Ag026700	FHA	TFF	FALSE	472	109.673867	0.352873439130591	0.7658	3.379e-08	TRUE	TRUE	ortholog_not_correlated
sugarcane	SoffiXsponR570.09Ag026900	NAC	TFF	FALSE	13	2.099105	0.5	-0.4997	0.003925	FALSE	TRUE	
sugarcane	SoffiXsponR570.09Ag027400	C3H	TFF	FALSE	4	0.463932	1			FALSE	FALSE	
sugarcane	SoffiXsponR570.09Ag028800	GRAS	TFF	FALSE	11	1.172801	0.327272727272727			FALSE	FALSE	
sugarcane	SoffiXsponR570.09Ag035600	WRKY	TFF	FALSE	43	8.302456	0.520487264673311	0.4399	0.0154	FALSE	TRUE	
sugarcane	SoffiXsponR570.09Ag035700	WRKY	TFF	FALSE	80	15.707449	0.306645569620253	0.542	0.001272	FALSE	TRUE	
sugarcane	SoffiXsponR570.09Ag035800	SET	OTR	FALSE	275	31.544192	0.636629064366291			FALSE	FALSE	
sugarcane	SoffiXsponR570.09Ag036100	WRKY	TFF	FALSE	51	4.742386	0.460392156862745	0.3562	0.07173	FALSE	TRUE	
sugarcane	SoffiXsponR570.09Ag036200	WRKY	TFF	FALSE	25	2.594502	0.26			FALSE	FALSE	
sugarcane	SoffiXsponR570.09Ag050200	bZIP	TFF	FALSE	1476	119.051226	0.948417619769418	-0.1864	0.4785	FALSE	TRUE	
sugarcane	SoffiXsponR570.09Ag050300	GRAS	TFF	FALSE	260	25.437354	0.628333828333828	0.3421	0.08896	FALSE	TRUE	
sugarcane	SoffiXsponR570.09Ag051000	TUB	TFF	FALSE	15220	6640.303917	0.550021788761006	0.0455	0.9134	FALSE	TRUE	
sugarcane	SoffiXsponR570.09Ag051700	MED26	OTR	FALSE	116	16.507724	0.453223388305847	0.1707	0.5335	FALSE	TRUE	
sugarcane	SoffiXsponR570.09Ag052800	SAP	TFF	FALSE	4	0.168269	0.5			FALSE	FALSE	
sugarcane	SoffiXsponR570.09Ag053400	AP2-EREBP	TFF	FALSE	12	4.78028	0.348484848484849			FALSE	FALSE	
sugarcane	SoffiXsponR570.09Ag060300	WRKY	TFF	FALSE	15	3.544922	0.523809523809524	0.5081	0.003156	FALSE	TRUE	
sugarcane	SoffiXsponR570.09Ag062300	MYB	TFF	TRUE	14	2.667249	0.021978021978022			FALSE	FALSE	
sugarcane	SoffiXsponR570.09Ag067600	NAC	TFF	FALSE	116	28.829485	0.0892053973013493			FALSE	FALSE	
sugarcane	SoffiXsponR570.09Ag068600	MADS	TFF	FALSE	26	6.514977	0.126153846153846			FALSE	FALSE	
sugarcane	SoffiXsponR570.09Ag068900	MADS	TFF	FALSE	26	6.514977	0.126153846153846			FALSE	FALSE	
sugarcane	SoffiXsponR570.09Ag069300	zf-HD	TFF	FALSE	48	4.994677	0.513297872340426	-0.1279	0.6619	FALSE	TRUE	
sugarcane	SoffiXsponR570.09Ag069700	Alfin-like	TFF	FALSE	66	5.800175	0.737995337995338	-0.1711	0.5321	FALSE	TRUE	
sugarcane	SoffiXsponR570.09Ag076300	bZIP	TFF	FALSE	6304	1155.804872	0.87724094601636	0.0126	0.9798	FALSE	TRUE	
sugarcane	SoffiXsponR570.09Ag083800	C3H	TFF	FALSE	721	62.65941	0.879611650485437	0.135	0.6356	FALSE	TRUE	
sugarcane	SoffiXsponR570.09Ag085900	NAC	TFF	FALSE	11	2.495113	0.327272727272727	0.0319	0.9419	FALSE	TRUE	
sugarcane	SoffiXsponR570.09Ag086700	ARF	TFF	FALSE	9	0.861596	0.166666666666667			FALSE	FALSE	
sugarcane	SoffiXsponR570.09Ag091900	MADS	TFF	FALSE	6	0.625573	0.4			FALSE	FALSE	
sugarcane	SoffiXsponR570.09Ag095000	WRKY	TFF	FALSE	50	8.385828	0.437551020408163	-0.3812	0.04727	FALSE	TRUE	
sugarcane	SoffiXsponR570.09Ag095200	SWI/SNF-BAF60b	OTR	FALSE	105	17.556108	0.433699633699634			FALSE	FALSE	
sugarcane	SoffiXsponR570.09Ag096900	LIM	TFF	FALSE	2231	530.355318	0.426931155567794	-0.0063	0.9907	FALSE	TRUE	
sugarcane	SoffiXsponR570.09Ag099200	MYB	TFF	TRUE	50	11.686158	0.0751020408163265			FALSE	FALSE	
sugarcane	SoffiXsponR570.09Ag100200	PHD	OTR	FALSE	2	0.058629	0			FALSE	FALSE	
sugarcane	SoffiXsponR570.09Ag115300	PAS	TFF	FALSE	15666	7079.994957	0.529689897093366	-0.0099	0.9842	FALSE	TRUE	
sugarcane	SoffiXsponR570.09Ag117400	MYB	TFF	TRUE	5	0.413512	0.6			FALSE	FALSE	
sugarcane	SoffiXsponR570.09Ag123400	MYB	TFF	TRUE	1862	414.398624	0.498642784130819			FALSE	FALSE	
sugarcane	SoffiXsponR570.09Ag123900	mTERF	OTR	FALSE	13323	5105.895998	0.642826914023058	-0.009	0.9858	FALSE	TRUE	
sugarcane	SoffiXsponR570.09Ag124200	mTERF	OTR	FALSE	14480	6050.733897	0.59180740519991			FALSE	FALSE	
sugarcane	SoffiXsponR570.09Ag124700	mTERF	OTR	FALSE	3305	373.846728	0.910979768712018	7e-04	0.9989	FALSE	TRUE	
sugarcane	SoffiXsponR570.09Ag125000	mTERF	OTR	FALSE	8	3.184212	0.571428571428571			FALSE	FALSE	
sugarcane	SoffiXsponR570.09Ag125300	mTERF	OTR	FALSE	2	0.263167	0			FALSE	FALSE	
sugarcane	SoffiXsponR570.09Ag126000	GRAS	TFF	FALSE	4964	742.838099	0.922127368635883	0.0015	0.9973	FALSE	TRUE	
sugarcane	SoffiXsponR570.09Ag126100	GRAS	TFF	FALSE	92	6.728759	0.848781653129479			FALSE	FALSE	
sugarcane	SoffiXsponR570.09Ag134300	AP2-EREBP	TFF	FALSE	1	0.215528				FALSE	FALSE	
sugarcane	SoffiXsponR570.09Ag135300	MYB-related	TFF	TRUE	538	51.524202	0.822779727662285	0.3479	0.08162	FALSE	TRUE	
sugarcane	SoffiXsponR570.09Ag136800	ABI3VP1	TFF	FALSE	408	148.071266	0.288685744568098			FALSE	FALSE	
sugarcane	SoffiXsponR570.09Ag138100	ABI3VP1	TFF	FALSE	2	0.176498	0			FALSE	FALSE	
sugarcane	SoffiXsponR570.09Ag138300	ABI3VP1	TFF	FALSE	3	0.244937	0			FALSE	FALSE	
sugarcane	SoffiXsponR570.09Ag140500	CPP	TFF	FALSE	8970	2339.070135	0.76275482763434			FALSE	FALSE	
sugarcane	SoffiXsponR570.09Ag140600	CPP	TFF	FALSE	11405	3660.253277	0.735673154977195	0.0418	0.921	FALSE	TRUE	
sugarcane	SoffiXsponR570.09Ag144700	bHLH	TFF	FALSE	64	9.332091	0.462797619047619			FALSE	FALSE	
sugarcane	SoffiXsponR570.09Ag145600	NAC	TFF	FALSE	8	1.459265	0.785714285714286			FALSE	FALSE	
sugarcane	SoffiXsponR570.09Ag145800	zf-LSD1	TFF	FALSE	696	76.139655	0.732663524352932	-0.0751	0.8391	FALSE	TRUE	
sugarcane	SoffiXsponR570.09Ag149300	ARF	TFF	FALSE	750	111.673852	0.422928348909657	-0.1151	0.7077	FALSE	TRUE	
sugarcane	SoffiXsponR570.09Ag155000	CCAAT	TFF	FALSE	83	11.546168	0.309432853364678			FALSE	FALSE	
sugarcane	SoffiXsponR570.09Ag156400	C2C2-YABBY	TFF	FALSE	22	2.172266	0.385281385281385	-0.3631	0.06429	FALSE	TRUE	
sugarcane	SoffiXsponR570.09Ag159300	TFIID	TFF	FALSE	8	0.498979	0.714285714285714			FALSE	FALSE	
sugarcane	SoffiXsponR570.09Ag159400	C2C2-GATA	TFF	FALSE	5	0.326843	0.3	-0.4219	0.02219	FALSE	TRUE	
sugarcane	SoffiXsponR570.09Ag164400	NAC	TFF	FALSE	443	69.527329	0.389497768199136	-0.0722	0.847	FALSE	TRUE	
sugarcane	SoffiXsponR570.09Ag166600	bHLH	TFF	FALSE	1	0.23088				FALSE	FALSE	
sugarcane	SoffiXsponR570.09Ag167400	MYB	TFF	TRUE	5	1.043467	0.3			FALSE	FALSE	
sugarcane	SoffiXsponR570.09Ag169200	HB	TFF	FALSE	40	5.086033	0.407692307692308	-0.6511	2.366e-05	TRUE	TRUE	ortholog_not_correlated
sugarcane	SoffiXsponR570.09Ag173400	TRAF	OTR	FALSE	5	2.04981	0.4			FALSE	FALSE	
sugarcane	SoffiXsponR570.09Bg001900	PAS	TFF	FALSE	53	8.092431	0.422351233671988			FALSE	FALSE	
sugarcane	SoffiXsponR570.09Bg005200	MYB-related	TFF	TRUE	262	26.754407	0.748588809920739			FALSE	FALSE	
sugarcane	SoffiXsponR570.09Bg015400	TRAF	OTR	FALSE	6	1.393207	0.8			FALSE	FALSE	
sugarcane	SoffiXsponR570.09Bg015600	GRAS	TFF	FALSE	13	3.758184	0.320512820512821			FALSE	FALSE	
sugarcane	SoffiXsponR570.09Bg017300	C2H2	TFF	FALSE	12209	4058.51968	0.651126602133849	-0.1948	0.4501	FALSE	TRUE	
sugarcane	SoffiXsponR570.09Bg019600	FAR1	TFF	FALSE	71	18.661241	0.47887323943662			FALSE	FALSE	
sugarcane	SoffiXsponR570.09Bg022200	SET	OTR	FALSE	9	0.990855	0.388888888888889			FALSE	FALSE	
sugarcane	SoffiXsponR570.09Bg025200	MYB	TFF	TRUE	86	12.144712	0.445417236662107			FALSE	FALSE	
sugarcane	SoffiXsponR570.09Bg026300	FHA	TFF	FALSE	471	120.069515	0.379382933550165	0.7978	2.635e-09	TRUE	TRUE	ortholog_not_correlated
sugarcane	SoffiXsponR570.09Bg026900	NAC	TFF	FALSE	30	3.936603	0.347126436781609	-0.5633	0.0006698	FALSE	TRUE	
sugarcane	SoffiXsponR570.09Bg027400	C3H	TFF	FALSE	5001	761.568909	0.886381763647271	-0.1382	0.6236	FALSE	TRUE	
sugarcane	SoffiXsponR570.09Bg028300	GRAS	TFF	FALSE	249	21.054357	0.825560305739085	0.1894	0.4678	FALSE	TRUE	
sugarcane	SoffiXsponR570.09Bg028800	GRAS	TFF	FALSE	49	6.305693	0.44812925170068			FALSE	FALSE	
sugarcane	SoffiXsponR570.09Bg034800	WRKY	TFF	FALSE	31	4.946013	0.595698924731183	0.4096	0.02831	FALSE	TRUE	
sugarcane	SoffiXsponR570.09Bg035000	SET	OTR	FALSE	110	10.956913	0.542618849040867	0.348	0.08151	FALSE	TRUE	
sugarcane	SoffiXsponR570.09Bg035500	WRKY	TFF	FALSE	2632	286.815793	0.894369968079908	0.2802	0.2013	FALSE	TRUE	
sugarcane	SoffiXsponR570.09Bg039800	DDT;PHD	OTR	FALSE	2575	258.055308	0.944443690074758	0.0813	0.8209	FALSE	TRUE	
sugarcane	SoffiXsponR570.09Bg047700	OFP	TFF	FALSE	93	10.053452	0.781673679289388			FALSE	FALSE	
sugarcane	SoffiXsponR570.09Bg051500	TUB	TFF	FALSE	126	19.147354	0.273142857142857	0.3469	0.08287	FALSE	TRUE	
sugarcane	SoffiXsponR570.09Bg052700	MED26	OTR	FALSE	6203	1082.657599	0.887487579607354	0.1794	0.5029	FALSE	TRUE	
sugarcane	SoffiXsponR570.09Bg053500	SAP	TFF	FALSE	14	1.23945	0.648351648351648			FALSE	FALSE	
sugarcane	SoffiXsponR570.09Bg057100	C2H2	TFF	FALSE	541	85.177554	0.234072704867529			FALSE	FALSE	
sugarcane	SoffiXsponR570.09Bg057700	TCP	TFF	FALSE	1	0.170955				FALSE	FALSE	
sugarcane	SoffiXsponR570.09Bg063400	WRKY	TFF	FALSE	18	6.041751	0.627450980392157	0.5932	0.0002451	FALSE	TRUE	
sugarcane	SoffiXsponR570.09Bg063500	WRKY	TFF	FALSE	6	1.319415	0.533333333333333			FALSE	FALSE	
sugarcane	SoffiXsponR570.09Bg065400	MYB	TFF	TRUE	34	7.686998	0.071301247771836			FALSE	FALSE	
sugarcane	SoffiXsponR570.09Bg065800	bHLH	TFF	FALSE	12	4.365758	0.272727272727273			FALSE	FALSE	
sugarcane	SoffiXsponR570.09Bg071000	MADS	TFF	FALSE	132	54.913222	0.0201249132546843			FALSE	FALSE	
sugarcane	SoffiXsponR570.09Bg072000	Alfin-like	TFF	FALSE	245	28.496558	0.621478755436601	-0.2453	0.2925	FALSE	TRUE	
sugarcane	SoffiXsponR570.09Bg078700	bZIP	TFF	FALSE	3	0.292481	0			FALSE	FALSE	
sugarcane	SoffiXsponR570.09Bg079300	C3H	TFF	FALSE	12	1.197164	0.363636363636364	0.0268	0.9521	FALSE	TRUE	
sugarcane	SoffiXsponR570.09Bg080200	Jumonji	OTR	FALSE	2	0.057639	0			FALSE	FALSE	
sugarcane	SoffiXsponR570.09Bg086200	NAC	TFF	FALSE	12322	4284.896718	0.687259297005872			FALSE	FALSE	
sugarcane	SoffiXsponR570.09Bg086800	ARF	TFF	FALSE	15277	6745.526673	0.548695681937995	-0.0691	0.8551	FALSE	TRUE	
sugarcane	SoffiXsponR570.09Bg090200	MYB	TFF	TRUE	14631	6157.374567	0.584959285271168	0.0503	0.9032	FALSE	TRUE	
sugarcane	SoffiXsponR570.09Bg092100	MADS	TFF	FALSE	1	0.045163				FALSE	FALSE	
sugarcane	SoffiXsponR570.09Bg099200	bZIP	TFF	FALSE	16	1.478844	0.491666666666667	-0.0952	0.7745	FALSE	TRUE	
sugarcane	SoffiXsponR570.09Bg100000	PAS	TFF	FALSE	15285	6665.197774	0.547821111864199	4e-04	0.9994	FALSE	TRUE	
sugarcane	SoffiXsponR570.09Bg101100	MYB	TFF	TRUE	1	0.018419				FALSE	FALSE	
sugarcane	SoffiXsponR570.09Bg106100	MYB;MYB-related	TFF	TRUE	35	5.814067	0.371428571428571			FALSE	FALSE	
sugarcane	SoffiXsponR570.09Bg110400	MYB	TFF	TRUE	4	1.214727	0.5			FALSE	FALSE	
sugarcane	SoffiXsponR570.09Bg110900	mTERF	OTR	FALSE	14	2.667249	0.021978021978022			FALSE	FALSE	
sugarcane	SoffiXsponR570.09Bg112100	GRAS	TFF	FALSE	2	0.110135	1			FALSE	FALSE	
sugarcane	SoffiXsponR570.09Bg115400	C2H2	TFF	FALSE	5	1.588734	0.4			FALSE	FALSE	
sugarcane	SoffiXsponR570.09Bg119700	AP2-EREBP	TFF	FALSE	11	2.317814	0.0545454545454545			FALSE	FALSE	
sugarcane	SoffiXsponR570.09Bg122700	ABI3VP1	TFF	FALSE	12	2.307509	0.46969696969697			FALSE	FALSE	
sugarcane	SoffiXsponR570.09Bg122900	ABI3VP1	TFF	FALSE	1	0.056058				FALSE	FALSE	
sugarcane	SoffiXsponR570.09Bg123000	ABI3VP1	TFF	FALSE	37	6.992946	0.435435435435435			FALSE	FALSE	
sugarcane	SoffiXsponR570.09Bg123100	ABI3VP1	TFF	FALSE	194	29.995283	0.368837134768442			FALSE	FALSE	
sugarcane	SoffiXsponR570.09Bg125900	LIM	TFF	FALSE	1	0.151146				FALSE	FALSE	
sugarcane	SoffiXsponR570.09Bg129400	AUX/IAA	OTR	FALSE	1883	413.463117	0.426442079504352	0.1077	0.7333	FALSE	TRUE	
sugarcane	SoffiXsponR570.09Bg129500	AUX/IAA	OTR	FALSE	585	102.703597	0.379832572298326			FALSE	FALSE	
sugarcane	SoffiXsponR570.09Bg134800	NAC	TFF	FALSE	22	2.620465	0.367965367965368	-0.572	0.0005116	FALSE	TRUE	
sugarcane	SoffiXsponR570.09Bg135000	zf-LSD1	TFF	FALSE	15187	6758.699135	0.554004530082763	-0.0368	0.9316	FALSE	TRUE	
sugarcane	SoffiXsponR570.09Bg137200	CCAAT	TFF	FALSE	49	9.002811	0.555272108843537	-0.2745	0.2149	FALSE	TRUE	
sugarcane	SoffiXsponR570.09Bg144000	CCAAT	TFF	FALSE	149	25.106378	0.246508253219663	-0.8619	2.403e-12	TRUE	TRUE	ortholog_not_correlated
sugarcane	SoffiXsponR570.09Bg148600	TFIID	TFF	FALSE	8	0.66984	0.464285714285714			FALSE	FALSE	
sugarcane	SoffiXsponR570.09Bg148700	C2C2-GATA	TFF	FALSE	69	9.474702	0.372549019607843			FALSE	FALSE	
sugarcane	SoffiXsponR570.09Bg154700	NAC	TFF	FALSE	46	4.123347	0.618357487922705			FALSE	FALSE	
sugarcane	SoffiXsponR570.09Bg154900	NAC	TFF	FALSE	132	22.321471	0.0170020818875781			FALSE	FALSE	
sugarcane	SoffiXsponR570.09Bg157600	bHLH	TFF	FALSE	1	0.14025				FALSE	FALSE	
sugarcane	SoffiXsponR570.09Bg160800	HB	TFF	FALSE	130	19.451321	0.227906976744186	-0.654	2.082e-05	TRUE	TRUE	ortholog_not_correlated
sugarcane	SoffiXsponR570.09Cg012800	TRAF	OTR	FALSE	11647	3730.934742	0.703086431958511	0.1041	0.7447	FALSE	TRUE	
sugarcane	SoffiXsponR570.09Cg012900	GRAS	TFF	FALSE	4	0.099925	0.833333333333333			FALSE	FALSE	
sugarcane	SoffiXsponR570.09Cg013000	GRAS	TFF	FALSE	3	0.903617	0.333333333333333			FALSE	FALSE	
sugarcane	SoffiXsponR570.09Cg014100	C2H2	TFF	FALSE	10296	3092.158274	0.744211004580116	-0.0546	0.8931	FALSE	TRUE	
sugarcane	SoffiXsponR570.09Cg016400	FAR1	TFF	FALSE	6060	1080.022661	0.925167862552883	-0.0184	0.9698	FALSE	TRUE	
sugarcane	SoffiXsponR570.09Cg022400	MYB	TFF	TRUE	2171	612.575083	0.456366812634922	0.0543	0.8934	FALSE	TRUE	
sugarcane	SoffiXsponR570.09Cg022700	MYB	TFF	TRUE	12	2.393682	0.5			FALSE	FALSE	
sugarcane	SoffiXsponR570.09Cg023400	FHA	TFF	FALSE	220	38.938954	0.419385637193856	0.7476	1.219e-07	TRUE	TRUE	ortholog_not_correlated
sugarcane	SoffiXsponR570.09Cg024000	C3H	TFF	FALSE	443	35.033332	0.902270614792192	-0.1166	0.7022	FALSE	TRUE	
sugarcane	SoffiXsponR570.09Cg029300	WRKY	TFF	FALSE	32	6.296648	0.370967741935484			FALSE	FALSE	
sugarcane	SoffiXsponR570.09Cg029700	WRKY	TFF	FALSE	2	0.307739	1			FALSE	FALSE	
sugarcane	SoffiXsponR570.09Cg042000	OFP	TFF	FALSE	10	1.136553	0.866666666666667			FALSE	FALSE	
sugarcane	SoffiXsponR570.09Cg043900	OFP	TFF	FALSE	6	2.778909	0.533333333333333			FALSE	FALSE	
sugarcane	SoffiXsponR570.09Cg048000	TUB	TFF	FALSE	56	3.974237	0.717532467532468	0.2855	0.1896	FALSE	TRUE	
sugarcane	SoffiXsponR570.09Cg050500	AP2-EREBP	TFF	FALSE	233	137.136403	0.0722214000295989	-0.0804	0.8236	FALSE	TRUE	
sugarcane	SoffiXsponR570.09Cg051100	C2C2-GATA	TFF	FALSE	20	1.368784	0.626315789473684			FALSE	FALSE	
sugarcane	SoffiXsponR570.09Cg051200	C2C2-GATA	TFF	FALSE	4	0.511971	0.5			FALSE	FALSE	
sugarcane	SoffiXsponR570.09Cg053900	C2H2	TFF	FALSE	6199	1150.805273	0.68711818480752	0.0033	0.9949	FALSE	TRUE	
sugarcane	SoffiXsponR570.09Cg054700	TCP	TFF	FALSE	12	0.926758	0.454545454545455			FALSE	FALSE	
sugarcane	SoffiXsponR570.09Cg056200	MYB	TFF	TRUE	1	0.054077				FALSE	FALSE	
sugarcane	SoffiXsponR570.09Cg060800	WRKY	TFF	FALSE	41	8.731151	0.407317073170732	0.7103	1.203e-06	TRUE	TRUE	ortholog_not_correlated
sugarcane	SoffiXsponR570.09Cg063000	bHLH	TFF	FALSE	8	3.386273	0.607142857142857			FALSE	FALSE	
sugarcane	SoffiXsponR570.09Cg063100	PLATZ	TFF	FALSE	21	6.156933	0.180952380952381			FALSE	FALSE	
sugarcane	SoffiXsponR570.09Cg063300	bHLH	TFF	FALSE	10	2.460845	0.0666666666666667			FALSE	FALSE	
sugarcane	SoffiXsponR570.09Cg067400	NAC	TFF	FALSE	50	11.686158	0.0751020408163265			FALSE	FALSE	
sugarcane	SoffiXsponR570.09Cg068200	MADS	TFF	FALSE	3	0.365283	0.333333333333333			FALSE	FALSE	
sugarcane	SoffiXsponR570.09Cg078300	C3H	TFF	FALSE	14	4.187659	0.736263736263736	-0.2189	0.3746	FALSE	TRUE	
sugarcane	SoffiXsponR570.09Cg085100	NAC	TFF	FALSE	6	0.923217	0.4	-0.0635	0.8706	FALSE	TRUE	
sugarcane	SoffiXsponR570.09Cg085800	ARF	TFF	FALSE	1	0.194232				FALSE	FALSE	
sugarcane	SoffiXsponR570.09Cg094600	WRKY	TFF	FALSE	52	6.398094	0.501508295625943	-0.3454	0.08472	FALSE	TRUE	
sugarcane	SoffiXsponR570.09Cg094800	SWI/SNF-BAF60b	OTR	FALSE	4	0.419855	1			FALSE	FALSE	
sugarcane	SoffiXsponR570.09Cg096500	LIM	TFF	FALSE	1660	328.667414	0.549110728628801	0.1398	0.6183	FALSE	TRUE	
sugarcane	SoffiXsponR570.09Cg098600	MYB	TFF	TRUE	34	7.686998	0.071301247771836			FALSE	FALSE	
sugarcane	SoffiXsponR570.09Cg113100	PAS	TFF	FALSE	242	31.693592	0.521758513082542	0.0254	0.9546	FALSE	TRUE	
sugarcane	SoffiXsponR570.09Cg114500	MYB	TFF	TRUE	94	12.629825	0.326927476549989	-0.2609	0.2493	FALSE	TRUE	
sugarcane	SoffiXsponR570.09Cg117500	MYB;MYB-related	TFF	TRUE	12	1.929635	0.5			FALSE	FALSE	
sugarcane	SoffiXsponR570.09Cg123800	GRAS	TFF	FALSE	24	1.81984	0.510869565217391			FALSE	FALSE	
sugarcane	SoffiXsponR570.09Cg127600	NAC	TFF	FALSE	7987	1762.957659	0.806050032906278	-0.2678	0.2316	FALSE	TRUE	
sugarcane	SoffiXsponR570.09Cg131600	C2H2	TFF	FALSE	40	4.47044	0.924358974358974			FALSE	FALSE	
sugarcane	SoffiXsponR570.09Cg133000	MYB-related	TFF	TRUE	119	11.362386	0.680672268907563			FALSE	FALSE	
sugarcane	SoffiXsponR570.09Cg135400	ABI3VP1	TFF	FALSE	20	6.774907	0.536842105263158			FALSE	FALSE	
sugarcane	SoffiXsponR570.09Cg136000	ABI3VP1	TFF	FALSE	17	2.283717	0.316176470588235			FALSE	FALSE	
sugarcane	SoffiXsponR570.09Cg136100	ABI3VP1	TFF	FALSE	130	29.363702	0.341085271317829	0.1762	0.5137	FALSE	TRUE	
sugarcane	SoffiXsponR570.09Cg136700	TAZ	TFF	FALSE	2473	272.907499	0.898613766542739	0.0907	0.79	FALSE	TRUE	
sugarcane	SoffiXsponR570.09Cg141600	CPP	TFF	FALSE	4	0.648164	0.5			FALSE	FALSE	
sugarcane	SoffiXsponR570.09Cg141700	CPP	TFF	FALSE	4	0.17966	0.5			FALSE	FALSE	
sugarcane	SoffiXsponR570.09Cg145000	NAC	TFF	FALSE	573	53.178684	0.90805355203261	-0.2851	0.1905	FALSE	TRUE	
sugarcane	SoffiXsponR570.09Cg145300	zf-LSD1	TFF	FALSE	1	0.228899				FALSE	FALSE	
sugarcane	SoffiXsponR570.09Cg149600	CCAAT	TFF	FALSE	6330	1157.815078	0.834629880209882	-0.0929	0.7822	FALSE	TRUE	
sugarcane	SoffiXsponR570.09Cg150500	ARF	TFF	FALSE	12107	4142.399485	0.69484977083094	-0.0252	0.9547	FALSE	TRUE	
sugarcane	SoffiXsponR570.09Cg155900	CCAAT	TFF	FALSE	82	12.017549	0.233363444745559	-0.767	3.083e-08	TRUE	TRUE	ortholog_not_correlated
sugarcane	SoffiXsponR570.09Cg157300	C2C2-YABBY	TFF	FALSE	1	0.288824		-0.209	0.4075	FALSE	TRUE	
sugarcane	SoffiXsponR570.09Cg159400	TFIID	TFF	FALSE	14663	6245.354882	0.576979576797326			FALSE	FALSE	
sugarcane	SoffiXsponR570.09Cg159500	C2C2-GATA	TFF	FALSE	180	29.08963	0.282495344506518	-0.559	0.0007709	FALSE	TRUE	
sugarcane	SoffiXsponR570.09Cg162900	NAC	TFF	FALSE	207	25.293152	0.449322264434126	-0.0651	0.8659	FALSE	TRUE	
sugarcane	SoffiXsponR570.09Cg166700	MYB	TFF	TRUE	256	82.121036	0.217126225490196			FALSE	FALSE	
sugarcane	SoffiXsponR570.09Cg170000	HB	TFF	FALSE	36	3.919345	0.703174603174603	-0.435	0.01705	FALSE	TRUE	
sugarcane	SoffiXsponR570.09Cg173000	ABI3VP1	TFF	FALSE	10	2.460845	0.0666666666666667			FALSE	FALSE	
sugarcane	SoffiXsponR570.09Cg173400	TRAF	OTR	FALSE	21	6.156933	0.180952380952381			FALSE	FALSE	
sugarcane	SoffiXsponR570.09Dg001600	PAS	TFF	FALSE	25	3.670675	0.48	0.7464	1.33e-07	TRUE	TRUE	ortholog_not_correlated
sugarcane	SoffiXsponR570.09Dg004900	MYB-related	TFF	TRUE	97	9.480335	0.689432989690722			FALSE	FALSE	
sugarcane	SoffiXsponR570.09Dg014100	TRAF	OTR	FALSE	22	5.868794	0.493506493506494			FALSE	FALSE	
sugarcane	SoffiXsponR570.09Dg014200	GRAS	TFF	FALSE	145	12.509375	0.966187739463602			FALSE	FALSE	
sugarcane	SoffiXsponR570.09Dg016200	C2H2	TFF	FALSE	10670	3307.700825	0.766569877272336	0.011	0.9821	FALSE	TRUE	
sugarcane	SoffiXsponR570.09Dg020600	SET	OTR	FALSE	428	131.44077	0.153362953883867	0.2276	0.3466	FALSE	TRUE	
sugarcane	SoffiXsponR570.09Dg024200	GRAS	TFF	FALSE	160	19.547279	0.505110062893082	0.5371	0.00147	FALSE	TRUE	
sugarcane	SoffiXsponR570.09Dg025200	C3H	TFF	FALSE	61	6.364282	0.316939890710383			FALSE	FALSE	
sugarcane	SoffiXsponR570.09Dg025600	NAC	TFF	FALSE	18	2.945463	0.503267973856209	-0.5034	0.003577	FALSE	TRUE	
sugarcane	SoffiXsponR570.09Dg026600	FHA	TFF	FALSE	544	131.904947	0.330042790596902	0.7692	2.678e-08	TRUE	TRUE	ortholog_not_correlated
sugarcane	SoffiXsponR570.09Dg033000	NAC	TFF	FALSE	3	1.128954	0.666666666666667	-0.0388	0.9273	FALSE	TRUE	
sugarcane	SoffiXsponR570.09Dg035800	MED26	OTR	FALSE	572	81.815293	0.527482150074094	-0.2332	0.3284	FALSE	TRUE	
sugarcane	SoffiXsponR570.09Dg042500	WRKY	TFF	FALSE	90	14.264752	0.199750312109863	-0.3778	0.05017	FALSE	TRUE	
sugarcane	SoffiXsponR570.09Dg042700	SWI/SNF-BAF60b	OTR	FALSE	3	0.402426	1			FALSE	FALSE	
sugarcane	SoffiXsponR570.09Dg044200	LIM	TFF	FALSE	1177	210.844192	0.547257815615626	0.0051	0.9921	FALSE	TRUE	
sugarcane	SoffiXsponR570.09Dg046100	MYB	TFF	TRUE	42	12.059805	0.37746806039489			FALSE	FALSE	
sugarcane	SoffiXsponR570.09Dg047000	PHD	OTR	FALSE	4436	669.293662	0.759698907066606	-0.2987	0.1614	FALSE	TRUE	
sugarcane	SoffiXsponR570.09Dg062000	FHA	TFF	FALSE	11	1.106438	0.290909090909091			FALSE	FALSE	
sugarcane	SoffiXsponR570.09Dg068300	PAS	TFF	FALSE	6551	1346.64924	0.78304194569677	0.0586	0.8834	FALSE	TRUE	
sugarcane	SoffiXsponR570.09Dg069400	MYB	TFF	TRUE	233	38.367684	0.367914755068818	0.0899	0.7929	FALSE	TRUE	
sugarcane	SoffiXsponR570.09Dg072300	MYB;MYB-related	TFF	TRUE	78	10.332336	0.387945387945388			FALSE	FALSE	
sugarcane	SoffiXsponR570.09Dg083200	NAC	TFF	FALSE	14359	5914.725418	0.593285926412437			FALSE	FALSE	
sugarcane	SoffiXsponR570.09Dg087000	C2H2	TFF	FALSE	9	0.353967	0.972222222222222	0.262	0.2467	FALSE	TRUE	
sugarcane	SoffiXsponR570.09Dg088600	MYB-related	TFF	TRUE	2216	217.33065	0.944240125172153	0.1879	0.4733	FALSE	TRUE	
sugarcane	SoffiXsponR570.09Dg090400	ABI3VP1	TFF	FALSE	175	55.488824	0.174712643678161	0.1459	0.596	FALSE	TRUE	
sugarcane	SoffiXsponR570.09Dg091300	ABI3VP1	TFF	FALSE	131	11.195638	0.735642982971227			FALSE	FALSE	
sugarcane	SoffiXsponR570.09Dg091400	ABI3VP1	TFF	FALSE	55	14.432781	0.133333333333333			FALSE	FALSE	
sugarcane	SoffiXsponR570.09Dg091500	ABI3VP1	TFF	FALSE	6	1.871616	0.333333333333333			FALSE	FALSE	
sugarcane	SoffiXsponR570.09Dg091900	TAZ	TFF	FALSE	13335	4930.685463	0.629545980518747	-0.0117	0.9809	FALSE	TRUE	
sugarcane	SoffiXsponR570.09Dg094800	LIM	TFF	FALSE	506	93.215068	0.379446640316206	0.5331	0.001637	FALSE	TRUE	
sugarcane	SoffiXsponR570.09Dg098400	AUX/IAA	OTR	FALSE	1792	397.989865	0.41862711374332			FALSE	FALSE	
sugarcane	SoffiXsponR570.09Dg098600	AUX/IAA	OTR	FALSE	584	103.808894	0.351635376771071			FALSE	FALSE	
sugarcane	SoffiXsponR570.09Dg100200	CPP	TFF	FALSE	9814	2675.301661	0.780086745848197	0.0498	0.9043	FALSE	TRUE	
sugarcane	SoffiXsponR570.09Dg103800	NAC	TFF	FALSE	4	0.536733	0.333333333333333	-0.5128	0.002811	FALSE	TRUE	
sugarcane	SoffiXsponR570.09Dg106500	CCAAT	TFF	FALSE	26	4.358174	0.347692307692308	-0.3986	0.03481	FALSE	TRUE	
sugarcane	SoffiXsponR570.09Dg107300	ARF	TFF	FALSE	802	122.077509	0.374186257203433	-0.1767	0.5123	FALSE	TRUE	
sugarcane	SoffiXsponR570.09Dg114000	CCAAT	TFF	FALSE	68	10.004027	0.198858647936787			FALSE	FALSE	
sugarcane	SoffiXsponR570.09Dg115200	C2C2-YABBY	TFF	FALSE	51	5.708119	0.469019607843137			FALSE	FALSE	
sugarcane	SoffiXsponR570.09Dg118200	TFIID	TFF	FALSE	738	102.822636	0.460403084356488			FALSE	FALSE	
sugarcane	SoffiXsponR570.09Dg118300	C2C2-GATA	TFF	FALSE	3	0.133012	0.666666666666667			FALSE	FALSE	
sugarcane	SoffiXsponR570.09Dg121800	NAC	TFF	FALSE	2	0.200765	1			FALSE	FALSE	
sugarcane	SoffiXsponR570.09Dg127300	HB	TFF	FALSE	32	5.23979	0.485887096774194	-0.6391	4.066e-05	TRUE	TRUE	ortholog_not_correlated
sugarcane	SoffiXsponR570.09Dg130900	ABI3VP1	TFF	FALSE	34	7.686998	0.071301247771836			FALSE	FALSE	
sugarcane	SoffiXsponR570.09Dg131300	TRAF	OTR	FALSE	22	6.561646	0.346320346320346			FALSE	FALSE	
sugarcane	SoffiXsponR570.09Eg001300	PAS	TFF	FALSE	10340	2961.164012	0.723860921342879	0.2873	0.1855	FALSE	TRUE	
sugarcane	SoffiXsponR570.09Eg003600	SAP	TFF	FALSE	121	10.163087	0.90137741046832			FALSE	FALSE	
sugarcane	SoffiXsponR570.09Eg005300	MYB-related	TFF	TRUE	1	0.32993				FALSE	FALSE	
sugarcane	SoffiXsponR570.09Eg017900	GRAS	TFF	FALSE	10	3.527609	0.511111111111111			FALSE	FALSE	
sugarcane	SoffiXsponR570.09Eg020600	FAR1	TFF	FALSE	530	34.869255	0.953818168848307			FALSE	FALSE	
sugarcane	SoffiXsponR570.09Eg026200	FHA	TFF	FALSE	514	133.98907	0.377287793630206	0.7684	2.802e-08	TRUE	TRUE	ortholog_not_correlated
sugarcane	SoffiXsponR570.09Eg026600	NAC	TFF	FALSE	3	0.227109	0.666666666666667			FALSE	FALSE	
sugarcane	SoffiXsponR570.09Eg026900	C3H	TFF	FALSE	135	12.98931	0.775566611387507			FALSE	FALSE	
sugarcane	SoffiXsponR570.09Eg028100	GRAS	TFF	FALSE	227	31.59064	0.383181942224475	0.442	0.01472	FALSE	TRUE	
sugarcane	SoffiXsponR570.09Eg033400	SET	OTR	FALSE	80	9.158294	0.325316455696203	0.55	0.000999	FALSE	TRUE	
sugarcane	SoffiXsponR570.09Eg033900	WRKY	TFF	FALSE	8	0.853577	0.357142857142857			FALSE	FALSE	
sugarcane	SoffiXsponR570.09Eg034200	WRKY	TFF	FALSE	5	0.674012	0.3			FALSE	FALSE	
sugarcane	SoffiXsponR570.09Eg043100	bZIP	TFF	FALSE	132	42.855923	0.174068933610918	-0.1459	0.596	FALSE	TRUE	
sugarcane	SoffiXsponR570.09Eg046000	TUB	TFF	FALSE	104	13.480125	0.413181478715459			FALSE	FALSE	
sugarcane	SoffiXsponR570.09Eg047000	MED26	OTR	FALSE	253	20.113272	0.84826526130874	0.285	0.1906	FALSE	TRUE	
sugarcane	SoffiXsponR570.09Eg048100	SAP	TFF	FALSE	15	2.350385	0.857142857142857			FALSE	FALSE	
sugarcane	SoffiXsponR570.09Eg048600	AP2-EREBP	TFF	FALSE	232	97.594252	0.0506418868487834	-0.1991	0.4358	FALSE	TRUE	
sugarcane	SoffiXsponR570.09Eg049400	C2C2-GATA	TFF	FALSE	408	148.071266	0.288685744568098			FALSE	FALSE	
sugarcane	SoffiXsponR570.09Eg050800	C2H2	TFF	FALSE	51	4.182261	0.635294117647059			FALSE	FALSE	
sugarcane	SoffiXsponR570.09Eg051600	TCP	TFF	FALSE	3	0.119145	0.666666666666667			FALSE	FALSE	
sugarcane	SoffiXsponR570.09Eg054100	MYB-related	TFF	TRUE	3	0.59062	0			FALSE	FALSE	
sugarcane	SoffiXsponR570.09Eg057400	WRKY	TFF	FALSE	23	5.688619	0.395256916996047			FALSE	FALSE	
sugarcane	SoffiXsponR570.09Eg057500	WRKY	TFF	FALSE	14	2.086818	0.571428571428571			FALSE	FALSE	
sugarcane	SoffiXsponR570.09Eg059600	MYB	TFF	TRUE	53	15.117024	0.109579100145138	-0.1459	0.596	FALSE	TRUE	
sugarcane	SoffiXsponR570.09Eg066100	Alfin-like	TFF	FALSE	7	0.801976	0.428571428571429	-0.2485	0.2836	FALSE	TRUE	
sugarcane	SoffiXsponR570.09Eg072400	bZIP	TFF	FALSE	203	94.846338	0.623372189435692	-0.1257	0.6697	FALSE	TRUE	
sugarcane	SoffiXsponR570.09Eg077800	Jumonji	OTR	FALSE	2	0.996133	1			FALSE	FALSE	
sugarcane	SoffiXsponR570.09Eg082100	MYB	TFF	TRUE	13095	4819.886158	0.647290012657325	-0.0699	0.8531	FALSE	TRUE	
sugarcane	SoffiXsponR570.09Eg084200	MADS	TFF	FALSE	76	9.656628	0.490175438596491			FALSE	FALSE	
sugarcane	SoffiXsponR570.09Eg087500	WRKY	TFF	FALSE	11170	3609.72014	0.709991356848189	-0.0609	0.8775	FALSE	TRUE	
sugarcane	SoffiXsponR570.09Eg087700	SWI/SNF-BAF60b	OTR	FALSE	13338	5075.9498	0.635517484153846			FALSE	FALSE	
sugarcane	SoffiXsponR570.09Eg089100	LIM	TFF	FALSE	172	20.946503	0.488576091391269	-0.1376	0.626	FALSE	TRUE	
sugarcane	SoffiXsponR570.09Eg091300	MYB	TFF	TRUE	191	36.23066	0.0349958666299256			FALSE	FALSE	
sugarcane	SoffiXsponR570.09Eg092100	PHD	OTR	FALSE	22	3.328669	0.558441558441558	0.2115	0.3994	FALSE	TRUE	
sugarcane	SoffiXsponR570.09Eg094200	FHA	TFF	FALSE	3	0.200365	0.333333333333333			FALSE	FALSE	
sugarcane	SoffiXsponR570.09Eg100600	PAS	TFF	FALSE	12978	4593.231896	0.634279280673835	-0.0312	0.9429	FALSE	TRUE	
sugarcane	SoffiXsponR570.09Eg102500	MYB	TFF	TRUE	13	2.047599	0.705128205128205			FALSE	FALSE	
sugarcane	SoffiXsponR570.09Eg104300	MYB;MYB-related	TFF	TRUE	334	48.923087	0.453201704698711			FALSE	FALSE	
sugarcane	SoffiXsponR570.09Eg107500	C2C2-Dof	TFF	FALSE	3	0.209775	0.666666666666667	-0.1456	0.597	FALSE	TRUE	
sugarcane	SoffiXsponR570.09Eg119700	AP2-EREBP	TFF	FALSE	11	7.069715	0.636363636363636			FALSE	FALSE	
sugarcane	SoffiXsponR570.09Eg120200	NAC	TFF	FALSE	4	0.737309	1	-0.6476	2.791e-05	TRUE	TRUE	ortholog_not_correlated
sugarcane	SoffiXsponR570.09Eg121800	bHLH	TFF	FALSE	43	8.677359	0.817275747508306			FALSE	FALSE	
sugarcane	SoffiXsponR570.09Eg122100	C2C2-Dof	TFF	FALSE	32	6.415013	0.0766129032258065			FALSE	FALSE	
sugarcane	SoffiXsponR570.09Eg123000	ABI3VP1	TFF	FALSE	4	0.728394	0.333333333333333			FALSE	FALSE	
sugarcane	SoffiXsponR570.09Eg123900	ABI3VP1	TFF	FALSE	26	8.202286	0.686153846153846			FALSE	FALSE	
sugarcane	SoffiXsponR570.09Eg127800	LIM	TFF	FALSE	345	53.272901	0.509032692955848	0.4443	0.01406	FALSE	TRUE	
sugarcane	SoffiXsponR570.09Eg130000	CPP	TFF	FALSE	220	90.752256	0.618430884184309	-0.0606	0.8781	FALSE	TRUE	
sugarcane	SoffiXsponR570.09Eg130100	CPP	TFF	FALSE	10985	3334.932736	0.728914304449456	0.0835	0.8145	FALSE	TRUE	
sugarcane	SoffiXsponR570.10Ag001600	PAS	TFF	FALSE	108	11.990305	0.547248182762202			FALSE	FALSE	
sugarcane	SoffiXsponR570.10Ag002200	C2C2-Dof	TFF	FALSE	3	0.923922	0.333333333333333			FALSE	FALSE	
sugarcane	SoffiXsponR570.10Ag013800	TRAF	OTR	FALSE	55	14.432781	0.133333333333333			FALSE	FALSE	
sugarcane	SoffiXsponR570.10Ag018600	WRKY	TFF	FALSE	127	30.035963	0.373578302712161	0.1493	0.596	FALSE	TRUE	
sugarcane	SoffiXsponR570.10Ag018800	WRKY	TFF	FALSE	100	30.941186	0.162424242424242	0.1459	0.596	FALSE	TRUE	
sugarcane	SoffiXsponR570.10Ag019000	WRKY	TFF	FALSE	34	4.414402	0.306595365418895			FALSE	FALSE	
sugarcane	SoffiXsponR570.10Ag024200	NAC	TFF	FALSE	37	7.320305	0.405405405405405			FALSE	FALSE	
sugarcane	SoffiXsponR570.10Ag025600	MYB	TFF	TRUE	4	0.666983	0.833333333333333			FALSE	FALSE	
sugarcane	SoffiXsponR570.10Ag026300	AP2-EREBP	TFF	FALSE	1	0.100135				FALSE	FALSE	
sugarcane	SoffiXsponR570.10Ag027800	C2C2-GATA	TFF	FALSE	28	7.918699	0.134920634920635			FALSE	FALSE	
sugarcane	SoffiXsponR570.10Ag031500	C2H2	TFF	FALSE	12	3.688259	0.287878787878788			FALSE	FALSE	
sugarcane	SoffiXsponR570.10Ag042200	DDT;PHD	OTR	FALSE	663	43.456613	0.948959458289474	0.1289	0.6584	FALSE	TRUE	
sugarcane	SoffiXsponR570.10Ag045600	bZIP	TFF	FALSE	530	64.233477	0.584720191175946			FALSE	FALSE	
sugarcane	SoffiXsponR570.10Ag047800	NAC	TFF	FALSE	4	0.268309	0.666666666666667			FALSE	FALSE	
sugarcane	SoffiXsponR570.10Ag051300	Pseudo_ARR-B	OTR	FALSE	195	38.20064	0.384086703674333	-0.4661	0.008662	FALSE	TRUE	
sugarcane	SoffiXsponR570.10Ag052100	HB	TFF	FALSE	121	20.2909	0.486225895316805	-0.5509	0.0009805	FALSE	TRUE	
sugarcane	SoffiXsponR570.10Ag052900	PHD	OTR	FALSE	1144	129.372821	0.728794608715869	-0.1737	0.5224	FALSE	TRUE	
sugarcane	SoffiXsponR570.10Ag055900	TUB	TFF	FALSE	47	4.797474	0.556891766882516			FALSE	FALSE	
sugarcane	SoffiXsponR570.10Ag056900	MED26	OTR	FALSE	8	1.0908	0.642857142857143	-0.4217	0.02229	FALSE	TRUE	
sugarcane	SoffiXsponR570.10Ag062500	TCP	TFF	FALSE	82	10.331726	0.668774465522433			FALSE	FALSE	
sugarcane	SoffiXsponR570.10Ag066100	MYB-related	TFF	TRUE	7226	1478.728089	0.841240924496987	-0.1966	0.444	FALSE	TRUE	
sugarcane	SoffiXsponR570.10Ag066600	NAC	TFF	FALSE	68	8.988769	0.348990342405619	0.5491	0.001029	FALSE	TRUE	
sugarcane	SoffiXsponR570.10Ag072600	MYB-related	TFF	TRUE	15	1.035998	0.971428571428571	-0.2093	0.4066	FALSE	TRUE	
sugarcane	SoffiXsponR570.10Ag073100	NAC	TFF	FALSE	5	0.806243	0.6	0.6685	1.061e-05	TRUE	TRUE	ortholog_not_correlated
sugarcane	SoffiXsponR570.10Ag079800	ABI3VP1	TFF	FALSE	2	0.267624	0			FALSE	FALSE	
sugarcane	SoffiXsponR570.10Ag091100	Alfin-like	TFF	FALSE	164	18.313502	0.427502618584468	-0.5104	0.002989	FALSE	TRUE	
sugarcane	SoffiXsponR570.10Ag092800	AP2-EREBP	TFF	FALSE	65	17.445333	0.111057692307692			FALSE	FALSE	
sugarcane	SoffiXsponR570.10Ag095100	PHD	OTR	FALSE	107	6.351816	0.945864926820667	0.0832	0.8155	FALSE	TRUE	
sugarcane	SoffiXsponR570.10Ag101900	AUX/IAA	OTR	FALSE	55	14.432781	0.133333333333333			FALSE	FALSE	
sugarcane	SoffiXsponR570.10Ag111100	Sigma70-like	TFF	FALSE	10	0.671021	0.644444444444444	0.4699	0.00797	FALSE	TRUE	
sugarcane	SoffiXsponR570.10Ag111500	bHLH	TFF	FALSE	1	0.057049				FALSE	FALSE	
sugarcane	SoffiXsponR570.10Ag113900	C3H	TFF	FALSE	1041	192.57099	0.309327200177344			FALSE	FALSE	
sugarcane	SoffiXsponR570.10Ag115700	SAP	TFF	FALSE	44	22.498824	0.560253699788584	0.2065	0.4146	FALSE	TRUE	
sugarcane	SoffiXsponR570.10Ag120700	SBP	TFF	FALSE	1	0.075868				FALSE	FALSE	
sugarcane	SoffiXsponR570.10Ag129400	ARF	TFF	FALSE	22	3.28905	0.207792207792208			FALSE	FALSE	
sugarcane	SoffiXsponR570.10Ag129800	GNAT	OTR	FALSE	7811	1794.566948	0.874262682506744	-0.0623	0.8732	FALSE	TRUE	
sugarcane	SoffiXsponR570.10Ag138100	CCAAT	TFF	FALSE	4082	600.295793	0.761138032740004	-0.3575	0.07028	FALSE	TRUE	
sugarcane	SoffiXsponR570.10Ag139400	PAS	TFF	FALSE	585	105.32098	0.246423135464231	-0.4563	0.01082	FALSE	TRUE	
sugarcane	SoffiXsponR570.10Ag142000	GRF	TFF	FALSE	7441	1547.476018	0.909963794032771	-0.1308	0.6516	FALSE	TRUE	
sugarcane	SoffiXsponR570.10Ag144600	BSD	TFF	FALSE	10149	2912.318899	0.765569016917927	0.0262	0.9533	FALSE	TRUE	
sugarcane	SoffiXsponR570.10Ag145100	MYB	TFF	TRUE	41	5.074737	0.281707317073171	-0.4706	0.007843	FALSE	TRUE	
sugarcane	SoffiXsponR570.10Ag148100	Jumonji	OTR	FALSE	8498	2008.078029	0.874267780416069	-0.0037	0.9945	FALSE	TRUE	
sugarcane	SoffiXsponR570.10Ag157900	WRKY	TFF	FALSE	6	0.440845	0.8			FALSE	FALSE	
sugarcane	SoffiXsponR570.10Ag164200	bHLH	TFF	FALSE	3	1.53902	0.666666666666667	-0.3822	0.04655	FALSE	TRUE	
sugarcane	SoffiXsponR570.10Ag173400	NAC	TFF	FALSE	119	30.102556	0.151687793761572	0.2033	0.4232	FALSE	TRUE	
sugarcane	SoffiXsponR570.10Ag196400	FHA	TFF	FALSE	10503	3042.937954	0.722421737181565	0.1236	0.6773	FALSE	TRUE	
sugarcane	SoffiXsponR570.10Ag198500	GRAS	TFF	FALSE	11	2.312861	0.309090909090909			FALSE	FALSE	
sugarcane	SoffiXsponR570.10Ag198700	GRAS	TFF	FALSE	88	16.768534	0.540752351097179			FALSE	FALSE	
sugarcane	SoffiXsponR570.10Ag200100	C2C2-Dof	TFF	FALSE	1	0.134802				FALSE	FALSE	
sugarcane	SoffiXsponR570.10Ag206900	PAS	TFF	FALSE	2	0.264157	0			FALSE	FALSE	
sugarcane	SoffiXsponR570.10Ag211600	MYB	TFF	TRUE	170	20.373312	0.431117298990602			FALSE	FALSE	
sugarcane	SoffiXsponR570.10Ag215800	MYB;MYB-related	TFF	TRUE	39	4.982431	0.298245614035088	-0.4974	0.004159	FALSE	TRUE	
sugarcane	SoffiXsponR570.10Ag216500	C2H2	TFF	FALSE	274	21.430645	0.892275607604075	0.1837	0.4876	FALSE	TRUE	
sugarcane	SoffiXsponR570.10Ag216700	C2H2	TFF	FALSE	7	1.157564	0.904761904761905			FALSE	FALSE	
sugarcane	SoffiXsponR570.10Ag222500	MYB;MYB-related	TFF	TRUE	19	2.568179	0.321637426900585	-0.3576	0.07015	FALSE	TRUE	
sugarcane	SoffiXsponR570.10Ag223700	GRAS	TFF	FALSE	14	1.138419	0.692307692307692			FALSE	FALSE	
sugarcane	SoffiXsponR570.10Ag224100	GRAS	TFF	FALSE	21	1.758144	0.676190476190476	-0.0419	0.9209	FALSE	TRUE	
sugarcane	SoffiXsponR570.10Ag224200	GRAS	TFF	FALSE	7	0.46917	0.761904761904762			FALSE	FALSE	
sugarcane	SoffiXsponR570.10Ag224900	GRAS	TFF	FALSE	24	12.186363	0.583333333333333			FALSE	FALSE	
sugarcane	SoffiXsponR570.10Ag225000	GRAS	TFF	FALSE	34	18.067884	0.597147950089127	0.2084	0.4094	FALSE	TRUE	
sugarcane	SoffiXsponR570.10Ag225700	C2H2	TFF	FALSE	46	3.348779	0.641545893719807	-0.0104	0.9838	FALSE	TRUE	
sugarcane	SoffiXsponR570.10Bg001600	PAS	TFF	FALSE	9	2.651421	0.388888888888889	0.474	0.007257	FALSE	TRUE	
sugarcane	SoffiXsponR570.10Bg006300	MYB-related	TFF	TRUE	729	121.180115	0.729570840681952			FALSE	FALSE	
sugarcane	SoffiXsponR570.10Bg012800	TRAF	OTR	FALSE	30	7.427604	0.567816091954023			FALSE	FALSE	
sugarcane	SoffiXsponR570.10Bg013000	TRAF	OTR	FALSE	3	0.583687	0.333333333333333	0.0396	0.9256	FALSE	TRUE	
sugarcane	SoffiXsponR570.10Bg017200	WRKY	TFF	FALSE	24	8.975178	0.322463768115942			FALSE	FALSE	
sugarcane	SoffiXsponR570.10Bg017400	WRKY	TFF	FALSE	117	14.489685	0.784409077512526	-0.4316	0.01826	FALSE	TRUE	
sugarcane	SoffiXsponR570.10Bg017800	WRKY	TFF	FALSE	3	0.308329	0			FALSE	FALSE	
sugarcane	SoffiXsponR570.10Bg018200	WRKY	TFF	FALSE	11	1.731441	0.563636363636364			FALSE	FALSE	
sugarcane	SoffiXsponR570.10Bg023000	NAC	TFF	FALSE	43	6.907839	0.458471760797342	-0.498	0.004101	FALSE	TRUE	
sugarcane	SoffiXsponR570.10Bg023100	NAC	TFF	FALSE	42	3.578689	0.551684088269454	0.0689	0.8555	FALSE	TRUE	
sugarcane	SoffiXsponR570.10Bg025400	zf-HD	TFF	FALSE	1	0.0204				FALSE	FALSE	
sugarcane	SoffiXsponR570.10Bg025900	MYB	TFF	TRUE	13	3.755213	0.807692307692308			FALSE	FALSE	
sugarcane	SoffiXsponR570.10Bg028600	C2C2-GATA	TFF	FALSE	1	0.196213				FALSE	FALSE	
sugarcane	SoffiXsponR570.10Bg037700	TRAF	OTR	FALSE	296	28.40087	0.855222171323866			FALSE	FALSE	
sugarcane	SoffiXsponR570.10Bg040900	DDT;PHD	OTR	FALSE	71	8.188734	0.471227364185111	0.3162	0.1286	FALSE	TRUE	
sugarcane	SoffiXsponR570.10Bg044700	bZIP	TFF	FALSE	39	4.342571	0.642375168690958			FALSE	FALSE	
sugarcane	SoffiXsponR570.10Bg046700	bZIP	TFF	FALSE	139	15.291601	0.735376915858617			FALSE	FALSE	
sugarcane	SoffiXsponR570.10Bg050100	ABI3VP1	TFF	FALSE	1	0.058039				FALSE	FALSE	
sugarcane	SoffiXsponR570.10Bg051300	OFP	TFF	FALSE	199	28.338164	0.29693924166286	0.2137	0.392	FALSE	TRUE	
sugarcane	SoffiXsponR570.10Bg055300	Pseudo_ARR-B	OTR	FALSE	89	16.177799	0.649131767109295	-0.4702	0.007918	FALSE	TRUE	
sugarcane	SoffiXsponR570.10Bg059700	MED26	OTR	FALSE	1	0.011486		-0.2271	0.3479	FALSE	TRUE	
sugarcane	SoffiXsponR570.10Bg065700	bHLH	TFF	FALSE	13	1.292841	0.576923076923077			FALSE	FALSE	
sugarcane	SoffiXsponR570.10Bg068300	C3H	TFF	FALSE	10742	3260.34912	0.784993757400666			FALSE	FALSE	
sugarcane	SoffiXsponR570.10Bg073200	WRKY	TFF	FALSE	6041	1085.731061	0.884218053017406	0.0569	0.8879	FALSE	TRUE	
sugarcane	SoffiXsponR570.10Bg074600	SBP	TFF	FALSE	2835	286.48049	0.975548361481083			FALSE	FALSE	
sugarcane	SoffiXsponR570.10Bg083200	ARF	TFF	FALSE	67	10.670535	0.252826775214835	-0.5336	0.001616	FALSE	TRUE	
sugarcane	SoffiXsponR570.10Bg083900	GNAT	OTR	FALSE	8164	1931.034287	0.884673605517853			FALSE	FALSE	
sugarcane	SoffiXsponR570.10Bg086500	RB	OTR	FALSE	12897	4743.058394	0.670236309692504	-0.0299	0.9458	FALSE	TRUE	
sugarcane	SoffiXsponR570.10Bg092000	CCAAT	TFF	FALSE	316	43.486528	0.235965441028732	-0.6473	2.822e-05	TRUE	TRUE	ortholog_not_correlated
sugarcane	SoffiXsponR570.10Bg093300	PAS	TFF	FALSE	1319	151.897469	0.756499210212363	-0.2343	0.3248	FALSE	TRUE	
sugarcane	SoffiXsponR570.10Bg096200	GRF	TFF	FALSE	2	0.178479	1			FALSE	FALSE	
sugarcane	SoffiXsponR570.10Bg098700	BSD	TFF	FALSE	99	10.383857	0.750979179550608	0.0063	0.9908	FALSE	TRUE	
sugarcane	SoffiXsponR570.10Bg099200	MYB	TFF	TRUE	1648	222.438629	0.659747643553151	-0.4363	0.01662	FALSE	TRUE	
sugarcane	SoffiXsponR570.10Bg104000	Jumonji	OTR	FALSE	3157	370.71062	0.887908175165896	-0.0886	0.7969	FALSE	TRUE	
sugarcane	SoffiXsponR570.10Bg105300	zf-HD	TFF	FALSE	4	0.614487	0.333333333333333			FALSE	FALSE	
sugarcane	SoffiXsponR570.10Bg106000	Alfin-like	TFF	FALSE	78	12.270735	0.222111222111222	-0.7585	5.931e-08	TRUE	TRUE	ortholog_not_correlated
sugarcane	SoffiXsponR570.10Bg116700	ABI3VP1	TFF	FALSE	148	20.99969	0.259054973340688	-0.6562	1.89e-05	TRUE	TRUE	ortholog_not_correlated
sugarcane	SoffiXsponR570.10Bg124400	MYB-related	TFF	TRUE	61	5.922521	0.655191256830601	-0.3538	0.0745	FALSE	TRUE	
sugarcane	SoffiXsponR570.10Bg130600	PHD	OTR	FALSE	3277	378.305753	0.898443773024182	-0.2421	0.3015	FALSE	TRUE	
sugarcane	SoffiXsponR570.10Bg134300	WRKY	TFF	FALSE	13341	5168.354377	0.634241491801884	0.0303	0.9449	FALSE	TRUE	
sugarcane	SoffiXsponR570.10Bg135000	NAC	TFF	FALSE	2699	318.36052	0.870860113195701			FALSE	FALSE	
sugarcane	SoffiXsponR570.10Bg136400	Top	TFF	FALSE	11696	3918.971551	0.701550524064384	0.0036	0.9946	FALSE	TRUE	
sugarcane	SoffiXsponR570.10Bg148600	Jumonji	OTR	FALSE	11163	3454.536603	0.732304850556823			FALSE	FALSE	
sugarcane	SoffiXsponR570.10Bg156500	WRKY	TFF	FALSE	1	0.093697				FALSE	FALSE	
sugarcane	SoffiXsponR570.10Bg171000	TRAF	OTR	FALSE	207	22.76095	0.64593593171052			FALSE	FALSE	
sugarcane	SoffiXsponR570.10Bg178200	FAR1	TFF	FALSE	17	4.47915	0.102941176470588			FALSE	FALSE	
sugarcane	SoffiXsponR570.10Bg180400	MADS	TFF	FALSE	11	5.071391	0.163636363636364			FALSE	FALSE	
sugarcane	SoffiXsponR570.10Bg181900	FHA	TFF	FALSE	6624	1318.256203	0.730428828755887	0.2534	0.2702	FALSE	TRUE	
sugarcane	SoffiXsponR570.10Bg182800	GRAS	TFF	FALSE	5	0.552181	0.9			FALSE	FALSE	
sugarcane	SoffiXsponR570.10Bg183000	GRAS	TFF	FALSE	34	7.686998	0.071301247771836			FALSE	FALSE	
sugarcane	SoffiXsponR570.10Bg183200	GRAS	TFF	FALSE	314	121.097089	0.167843552227264			FALSE	FALSE	
sugarcane	SoffiXsponR570.10Bg184800	C2C2-Dof	TFF	FALSE	1	0.641936				FALSE	FALSE	
sugarcane	SoffiXsponR570.10Bg192900	MYB	TFF	TRUE	177	21.344662	0.443374422187982	0.3059	0.1471	FALSE	TRUE	
sugarcane	SoffiXsponR570.10Bg196300	AP2-EREBP	TFF	FALSE	6	0.587439	0.266666666666667			FALSE	FALSE	
sugarcane	SoffiXsponR570.10Bg196500	ABI3VP1	TFF	FALSE	64	17.555678	0.129960317460317			FALSE	FALSE	
sugarcane	SoffiXsponR570.10Bg200300	MYB;MYB-related	TFF	TRUE	181	84.043887	0.0848987108655617			FALSE	FALSE	
sugarcane	SoffiXsponR570.10Bg200400	MYB;MYB-related	TFF	TRUE	2	0.218099	1	-0.5528	0.0009221	FALSE	TRUE	
sugarcane	SoffiXsponR570.10Bg201400	C2H2	TFF	FALSE	256	82.121036	0.217126225490196	0.1459	0.596	FALSE	TRUE	
sugarcane	SoffiXsponR570.10Bg204500	GRAS	TFF	FALSE	46	4.058964	0.560386473429952	0.2851	0.1905	FALSE	TRUE	
sugarcane	SoffiXsponR570.10Bg205700	GRAS	TFF	FALSE	1	0.020895				FALSE	FALSE	
sugarcane	SoffiXsponR570.10Bg206000	GRAS	TFF	FALSE	162	49.584237	0.102752856376045			FALSE	FALSE	
sugarcane	SoffiXsponR570.10Bg206900	C2H2	TFF	FALSE	1	0.0204				FALSE	FALSE	
sugarcane	SoffiXsponR570.10Cg005600	WRKY	TFF	FALSE	11	2.432711	0.0727272727272727			FALSE	FALSE	
sugarcane	SoffiXsponR570.10Cg005800	WRKY	TFF	FALSE	57	7.693147	0.461779448621554			FALSE	FALSE	
sugarcane	SoffiXsponR570.10Cg006000	WRKY	TFF	FALSE	194	65.992851	0.265584103413279			FALSE	FALSE	
sugarcane	SoffiXsponR570.10Cg006200	WRKY	TFF	FALSE	27	4.106188	0.327635327635328			FALSE	FALSE	
sugarcane	SoffiXsponR570.10Cg010900	NAC	TFF	FALSE	46	7.351866	0.47536231884058	-0.3185	0.1244	FALSE	TRUE	
sugarcane	SoffiXsponR570.10Cg011000	NAC	TFF	FALSE	3	0.101811	0	-0.2272	0.3475	FALSE	TRUE	
sugarcane	SoffiXsponR570.10Cg013000	MYB	TFF	TRUE	28	4.447014	0.478835978835979	0.0258	0.9538	FALSE	TRUE	
sugarcane	SoffiXsponR570.10Cg032300	bZIP	TFF	FALSE	22	2.16979	0.350649350649351			FALSE	FALSE	
sugarcane	SoffiXsponR570.10Cg037600	OFP	TFF	FALSE	169	22.401751	0.301493378416455	0.2646	0.2397	FALSE	TRUE	
sugarcane	SoffiXsponR570.10Cg040200	Pseudo_ARR-B	OTR	FALSE	230	41.492906	0.334042149231061			FALSE	FALSE	
sugarcane	SoffiXsponR570.10Cg041100	HB	TFF	FALSE	165	27.687149	0.367257945306726	-0.515	0.002659	FALSE	TRUE	
sugarcane	SoffiXsponR570.10Cg042600	bZIP	TFF	FALSE	5699	926.248134	0.93048437740489	-0.1335	0.6414	FALSE	TRUE	
sugarcane	SoffiXsponR570.10Cg044700	MED26	OTR	FALSE	2	0.168574	1	-0.4736	0.007333	FALSE	TRUE	
sugarcane	SoffiXsponR570.10Cg054100	MYB-related	TFF	TRUE	5	0.652716	0.3			FALSE	FALSE	
sugarcane	SoffiXsponR570.10Cg054600	NAC	TFF	FALSE	4	0.233642	0.5			FALSE	FALSE	
sugarcane	SoffiXsponR570.10Cg061000	ABI3VP1	TFF	FALSE	52	5.269425	0.401960784313726			FALSE	FALSE	
sugarcane	SoffiXsponR570.10Cg064200	zf-BED	TFF	FALSE	3	0.188974	0.666666666666667	0.0338	0.9375	FALSE	TRUE	
sugarcane	SoffiXsponR570.10Cg072200	Alfin-like	TFF	FALSE	171	28.113137	0.0122463020295838	-0.0408	0.923	FALSE	TRUE	
sugarcane	SoffiXsponR570.10Cg079400	Top	TFF	FALSE	200	18.604662	0.976683417085427	0.1105	0.724	FALSE	TRUE	
sugarcane	SoffiXsponR570.10Cg086300	MYB	TFF	TRUE	5249	832.486683	0.889031418295703	0.0815	0.8202	FALSE	TRUE	
sugarcane	SoffiXsponR570.10Cg091400	Sigma70-like	TFF	FALSE	722	122.83952	0.442379582067074	0.4104	0.02786	FALSE	TRUE	
sugarcane	SoffiXsponR570.10Cg091600	bHLH	TFF	FALSE	20	2.732201	0.5			FALSE	FALSE	
sugarcane	SoffiXsponR570.10Cg094100	C3H	TFF	FALSE	13234	4883.372286	0.613932822424364	0.1672	0.5471	FALSE	TRUE	
sugarcane	SoffiXsponR570.10Cg099600	WRKY	TFF	FALSE	50	4.61006	0.275918367346939	-0.1932	0.4551	FALSE	TRUE	
sugarcane	SoffiXsponR570.10Cg101700	SBP	TFF	FALSE	3589	454.498549	0.932794774569763			FALSE	FALSE	
sugarcane	SoffiXsponR570.10Cg115800	ARF	TFF	FALSE	24	4.82005	0.286231884057971	-0.7264	4.645e-07	TRUE	TRUE	ortholog_not_correlated
sugarcane	SoffiXsponR570.10Cg126300	PAS	TFF	FALSE	49	5.267654	0.590136054421769	-0.4669	0.008509	FALSE	TRUE	
sugarcane	SoffiXsponR570.10Cg132500	MYB	TFF	TRUE	11350	3662.174067	0.700827746666341	-0.14	0.6173	FALSE	TRUE	
sugarcane	SoffiXsponR570.10Cg161700	MADS	TFF	FALSE	171	11.058294	0.0119023047815617			FALSE	FALSE	
sugarcane	SoffiXsponR570.10Cg163200	FHA	TFF	FALSE	23	2.326878	0.391304347826087	0.3965	0.0361	FALSE	TRUE	
sugarcane	SoffiXsponR570.10Cg165400	GRAS	TFF	FALSE	15	4.864262	0.380952380952381			FALSE	FALSE	
sugarcane	SoffiXsponR570.10Cg165700	GRAS	TFF	FALSE	10	3.679155	0.355555555555556			FALSE	FALSE	
sugarcane	SoffiXsponR570.10Cg166900	C2C2-Dof	TFF	FALSE	21	4.784107	0.195238095238095			FALSE	FALSE	
sugarcane	SoffiXsponR570.10Cg167000	C2C2-Dof	TFF	FALSE	21	6.156933	0.180952380952381	0.1459	0.596	FALSE	TRUE	
sugarcane	SoffiXsponR570.10Cg171100	PAS	TFF	FALSE	3	0.245433	0.666666666666667			FALSE	FALSE	
sugarcane	SoffiXsponR570.10Cg179900	MYB;MYB-related	TFF	TRUE	45	5.243502	0.339393939393939	-0.4936	0.004561	FALSE	TRUE	
sugarcane	SoffiXsponR570.10Cg181200	C2H2	TFF	FALSE	11	2.432711	0.0727272727272727			FALSE	FALSE	
sugarcane	SoffiXsponR570.10Cg181300	C2H2	TFF	FALSE	7	0.765328	0.476190476190476			FALSE	FALSE	
sugarcane	SoffiXsponR570.10Cg186800	MYB;MYB-related	TFF	TRUE	6	1.098534	0.533333333333333			FALSE	FALSE	
sugarcane	SoffiXsponR570.10Cg189400	GRAS	TFF	FALSE	4	0.209375	1			FALSE	FALSE	
sugarcane	SoffiXsponR570.10Cg189600	GRAS	TFF	FALSE	1	0.084782				FALSE	FALSE	
sugarcane	SoffiXsponR570.10Cg189700	GRAS	TFF	FALSE	1	0.084782				FALSE	FALSE	
sugarcane	SoffiXsponR570.10Dg001200	PAS	TFF	FALSE	17	3.899215	0.330882352941176	0.5983	0.000203	FALSE	TRUE	
sugarcane	SoffiXsponR570.10Dg001800	C2C2-Dof	TFF	FALSE	1	0.057049				FALSE	FALSE	
sugarcane	SoffiXsponR570.10Dg002700	SAP	TFF	FALSE	417	37.508089	0.802780852241284			FALSE	FALSE	
sugarcane	SoffiXsponR570.10Dg005700	MYB-related	TFF	TRUE	17	1.511626	0.625	-0.3015	0.1559	FALSE	TRUE	
sugarcane	SoffiXsponR570.10Dg016800	WRKY	TFF	FALSE	13	3.158439	0.128205128205128			FALSE	FALSE	
sugarcane	SoffiXsponR570.10Dg017100	WRKY	TFF	FALSE	2	0.366673	1			FALSE	FALSE	
sugarcane	SoffiXsponR570.10Dg020800	NAC	TFF	FALSE	103	19.96926	0.348943460879497	-0.3303	0.1055	FALSE	TRUE	
sugarcane	SoffiXsponR570.10Dg020900	NAC	TFF	FALSE	9	0.478769	0.333333333333333			FALSE	FALSE	
sugarcane	SoffiXsponR570.10Dg022800	zf-HD	TFF	FALSE	236	100.553737	0.594482509917057			FALSE	FALSE	
sugarcane	SoffiXsponR570.10Dg023500	MYB	TFF	TRUE	13	1.565228	0.333333333333333			FALSE	FALSE	
sugarcane	SoffiXsponR570.10Dg033900	OFP	TFF	FALSE	66	4.848804	0.914685314685315	-0.154	0.596	FALSE	TRUE	
sugarcane	SoffiXsponR570.10Dg034100	OFP	TFF	FALSE	2	0.165603	1			FALSE	FALSE	
sugarcane	SoffiXsponR570.10Dg034200	OFP	TFF	FALSE	25	2.754467	0.583333333333333	0.2381	0.3133	FALSE	TRUE	
sugarcane	SoffiXsponR570.10Dg038400	Pseudo_ARR-B	OTR	FALSE	165	28.705873	0.391130820399113	-0.3595	0.06809	FALSE	TRUE	
sugarcane	SoffiXsponR570.10Dg039300	HB	TFF	FALSE	1504	194.617779	0.6536076782605	-0.2881	0.1838	FALSE	TRUE	
sugarcane	SoffiXsponR570.10Dg040700	bZIP	TFF	FALSE	2	0.131431	1			FALSE	FALSE	
sugarcane	SoffiXsponR570.10Dg040800	GRAS	TFF	FALSE	6	0.396273	0.733333333333333			FALSE	FALSE	
sugarcane	SoffiXsponR570.10Dg041600	TUB	TFF	FALSE	4455	622.65998	0.93719523227082			FALSE	FALSE	
sugarcane	SoffiXsponR570.10Dg042700	MED26	OTR	FALSE	2	0.171546	1			FALSE	FALSE	
sugarcane	SoffiXsponR570.10Dg047600	NAC	TFF	FALSE	24	6.48953	0.536231884057971	-0.0059	0.9913	FALSE	TRUE	
sugarcane	SoffiXsponR570.10Dg050000	TCP	TFF	FALSE	92	8.726093	0.603917821309126			FALSE	FALSE	
sugarcane	SoffiXsponR570.10Dg055800	ABI3VP1	TFF	FALSE	1	0.02981				FALSE	FALSE	
sugarcane	SoffiXsponR570.10Dg066900	Alfin-like	TFF	FALSE	1	0.311111				FALSE	FALSE	
sugarcane	SoffiXsponR570.10Dg068200	AP2-EREBP	TFF	FALSE	90	24.324717	0.125842696629213			FALSE	FALSE	
sugarcane	SoffiXsponR570.10Dg074300	Top	TFF	FALSE	37	4.835153	0.252252252252252	0.3923	0.03888	FALSE	TRUE	
sugarcane	SoffiXsponR570.10Dg077200	AUX/IAA	OTR	FALSE	13	3.971141	0.474358974358974	0.1838	0.4874	FALSE	TRUE	
sugarcane	SoffiXsponR570.10Dg082400	MYB	TFF	TRUE	7	0.432521	0.238095238095238			FALSE	FALSE	
sugarcane	SoffiXsponR570.10Dg086400	zf-BED	TFF	FALSE	33	3.108339	0.731060606060606			FALSE	FALSE	
sugarcane	SoffiXsponR570.10Dg087700	bHLH	TFF	FALSE	140	18.777249	0.507399794450154			FALSE	FALSE	
sugarcane	SoffiXsponR570.10Dg091000	C3H	TFF	FALSE	1168	217.588114	0.30756623352232			FALSE	FALSE	
sugarcane	SoffiXsponR570.10Dg097900	WRKY	TFF	FALSE	13	2.485893	0.243589743589744	-0.0818	0.8196	FALSE	TRUE	
sugarcane	SoffiXsponR570.10Dg105400	ARF	TFF	FALSE	10908	3217.126313	0.699863942874835	-0.1894	0.4678	FALSE	TRUE	
sugarcane	SoffiXsponR570.10Dg108700	RB	OTR	FALSE	6731	1342.613242	0.868369255996131			FALSE	FALSE	
sugarcane	SoffiXsponR570.10Dg115400	CCAAT	TFF	FALSE	102	12.164062	0.1648223645894			FALSE	FALSE	
sugarcane	SoffiXsponR570.10Dg116900	PAS	TFF	FALSE	163	32.589415	0.435052639551617	-0.5333	0.001628	FALSE	TRUE	
sugarcane	SoffiXsponR570.10Dg123000	BSD	TFF	FALSE	2	0.217604	1	-0.1201	0.6907	FALSE	TRUE	
sugarcane	SoffiXsponR570.10Dg123500	MYB	TFF	TRUE	292	23.554987	0.867132702537307	-0.2625	0.2451	FALSE	TRUE	
sugarcane	SoffiXsponR570.10Dg132700	bHLH	TFF	FALSE	23	4.181086	0.225296442687747			FALSE	FALSE	
sugarcane	SoffiXsponR570.10Dg137100	MADS	TFF	FALSE	60	6.756423	0.271186440677966			FALSE	FALSE	
sugarcane	SoffiXsponR570.10Dg137800	Top	TFF	FALSE	66	16.253862	0.112820512820513	0.1459	0.596	FALSE	TRUE	
sugarcane	SoffiXsponR570.10Dg150700	bHLH	TFF	FALSE	13	0.976873	0.512820512820513			FALSE	FALSE	
sugarcane	SoffiXsponR570.10Dg161000	MADS	TFF	FALSE	12	2.796813	0.515151515151515	-0.0951	0.7751	FALSE	TRUE	
sugarcane	SoffiXsponR570.10Dg165300	GRAS	TFF	FALSE	446	207.523907	0.253751196654406			FALSE	FALSE	
sugarcane	SoffiXsponR570.10Dg166700	C2C2-Dof	TFF	FALSE	5	0.48037	0.5			FALSE	FALSE	
sugarcane	SoffiXsponR570.10Dg176200	MYB	TFF	TRUE	34	3.207484	0.404634581105169	0.3179	0.1255	FALSE	TRUE	
sugarcane	SoffiXsponR570.10Dg176300	AP2-EREBP	TFF	FALSE	2	0.501876	0			FALSE	FALSE	
sugarcane	SoffiXsponR570.10Dg180500	bZIP	TFF	FALSE	7	2.175298	0.285714285714286			FALSE	FALSE	
sugarcane	SoffiXsponR570.10Dg180800	AP2-EREBP	TFF	FALSE	6	0.357644	0.666666666666667			FALSE	FALSE	
sugarcane	SoffiXsponR570.10Dg181400	MYB;MYB-related	TFF	TRUE	12	1.724602	0.136363636363636			FALSE	FALSE	
sugarcane	SoffiXsponR570.10Dg185900	GRAS	TFF	FALSE	3	0.34052	0.333333333333333	0.0576	0.886	FALSE	TRUE	
sugarcane	SoffiXsponR570.10Dg186700	GRAS	TFF	FALSE	694	50.767434	0.977215547820735	0.1037	0.7462	FALSE	TRUE	
sugarcane	SoffiXsponR570.10Dg186800	GRAS	TFF	FALSE	3109	329.022551	0.966995392212504	0.0425	0.92	FALSE	TRUE	
sugarcane	SoffiXsponR570.10Dg186900	GRAS	TFF	FALSE	1	0.05061				FALSE	FALSE	
sugarcane	SoffiXsponR570.10Dg187000	GRAS	TFF	FALSE	5	1.43917	0.6			FALSE	FALSE	
sugarcane	SoffiXsponR570.10Dg190200	MYB;MYB-related	TFF	TRUE	8	1.051676	0.178571428571429	-0.6963	2.64e-06	TRUE	TRUE	ortholog_not_correlated
sugarcane	SoffiXsponR570.10Dg191800	AP2-EREBP	TFF	FALSE	94	9.178939	0.770990619995424			FALSE	FALSE	
sugarcane	SoffiXsponR570.10Dg194300	GRAS	TFF	FALSE	13320	5089.313337	0.633750651319538	0.0087	0.9862	FALSE	TRUE	
sugarcane	SoffiXsponR570.10Dg194400	GRAS	TFF	FALSE	2352	238.822961	0.938349435903668	0.0473	0.9097	FALSE	TRUE	
sugarcane	SoffiXsponR570.10Dg194500	GRAS	TFF	FALSE	9420	2489.646393	0.822011117700614	-0.1047	0.7427	FALSE	TRUE	
sugarcane	SoffiXsponR570.10Dg194600	GRAS	TFF	FALSE	8115	1808.816383	0.86433522550118	-0.1062	0.7379	FALSE	TRUE	
sugarcane	SoffiXsponR570.10Dg194700	GRAS	TFF	FALSE	45	4.603642	0.566666666666667	0.3051	0.1485	FALSE	TRUE	
sugarcane	SoffiXsponR570.10Dg194800	GRAS	TFF	FALSE	16	1.633362	0.716666666666667			FALSE	FALSE	
sugarcane	SoffiXsponR570.10Dg196200	GRAS	TFF	FALSE	4	0.191546	0.166666666666667			FALSE	FALSE	
sugarcane	SoffiXsponR570.10Dg196300	GRAS	TFF	FALSE	9129	2327.248829	0.825892776139143			FALSE	FALSE	
sugarcane	SoffiXsponR570.10Dg196400	GRAS	TFF	FALSE	9	3.282861	0.277777777777778			FALSE	FALSE	
sugarcane	SoffiXsponR570.10Dg197200	C2H2	TFF	FALSE	72	8.307689	0.579029733959311			FALSE	FALSE	
sugarcane	SoffiXsponR570.10Eg002800	ABI3VP1	TFF	FALSE	147	18.196493	0.326157860404436			FALSE	FALSE	
sugarcane	SoffiXsponR570.10Eg013000	Alfin-like	TFF	FALSE	8220	1927.037019	0.805939060553125	-0.2796	0.2027	FALSE	TRUE	
sugarcane	SoffiXsponR570.10Eg014900	PHD	OTR	FALSE	1202	86.994547	0.980954584435322	-0.0315	0.9424	FALSE	TRUE	
sugarcane	SoffiXsponR570.10Eg023400	FAR1	TFF	FALSE	53	15.117024	0.109579100145138	-0.1459	0.596	FALSE	TRUE	
sugarcane	SoffiXsponR570.10Eg027200	AP2-EREBP	TFF	FALSE	117	32.066518	0.00795755968169761			FALSE	FALSE	
sugarcane	SoffiXsponR570.10Eg028800	MYB	TFF	TRUE	27	2.24059	0.646723646723647			FALSE	FALSE	
sugarcane	SoffiXsponR570.10Eg037000	FHA	TFF	FALSE	14	2.965883	0.472527472527473			FALSE	FALSE	
sugarcane	SoffiXsponR570.10Eg037200	C3H	TFF	FALSE	568	88.62952	0.377505775393099			FALSE	FALSE	
sugarcane	SoffiXsponR570.10Eg038700	SAP	TFF	FALSE	64	6.294737	0.574404761904762	-0.1468	0.596	FALSE	TRUE	
sugarcane	SoffiXsponR570.10Eg050500	bHLH	TFF	FALSE	2	0.774757	1	0.1668	0.5486	FALSE	TRUE	
sugarcane	SoffiXsponR570.10Eg050600	ARF	TFF	FALSE	20	4.599285	0.289473684210526			FALSE	FALSE	
sugarcane	SoffiXsponR570.10Eg051100	GNAT	OTR	FALSE	12	2.317414	0.424242424242424	0.2279	0.3453	FALSE	TRUE	
sugarcane	SoffiXsponR570.10Eg053900	RB	OTR	FALSE	87	5.871011	0.882919005613472			FALSE	FALSE	
sugarcane	SoffiXsponR570.10Eg058500	CCAAT	TFF	FALSE	3	0.15084	0.333333333333333			FALSE	FALSE	
sugarcane	SoffiXsponR570.10Eg060100	PAS	TFF	FALSE	292	68.353602	0.273313562114579			FALSE	FALSE	
sugarcane	SoffiXsponR570.10Eg063200	GRF	TFF	FALSE	58	19.76094	0.00181488203266788			FALSE	FALSE	
sugarcane	SoffiXsponR570.10Eg066000	BSD	TFF	FALSE	8912	2230.86936	0.830050386557514			FALSE	FALSE	
sugarcane	SoffiXsponR570.10Eg066700	MYB	TFF	TRUE	48	5.215558	0.25709219858156			FALSE	FALSE	
sugarcane	SoffiXsponR570.10Eg085600	bHLH	TFF	FALSE	3	1.031886	0.666666666666667			FALSE	FALSE	
sugarcane	SoffiXsponR570.10Eg090200	bHLH	TFF	FALSE	2	0.167584	0			FALSE	FALSE	
sugarcane	SoffiXsponR570.10Eg100800	MADS	TFF	FALSE	113	22.170595	0.0191213653603034	-0.204	0.4214	FALSE	TRUE	
sugarcane	SoffiXsponR570.10Eg101200	FAR1	TFF	FALSE	7	2.226803	0.380952380952381			FALSE	FALSE	
sugarcane	SoffiXsponR570.10Eg103200	FHA	TFF	FALSE	5	0.556638	0.7			FALSE	FALSE	
sugarcane	SoffiXsponR570.10Eg106000	GRAS	TFF	FALSE	2	0.236918	0			FALSE	FALSE	
sugarcane	SoffiXsponR570.10Eg106100	GRAS	TFF	FALSE	121	26.791026	0.423002754820937			FALSE	FALSE	
sugarcane	SoffiXsponR570.10Eg108100	C2C2-Dof	TFF	FALSE	9	1.376653	0.388888888888889			FALSE	FALSE	
sugarcane	SoffiXsponR570.10Eg108700	C2C2-Dof	TFF	FALSE	3	0.883807	1			FALSE	FALSE	
sugarcane	SoffiXsponR570.10Eg113100	PAS	TFF	FALSE	53	6.553697	0.563134978229318			FALSE	FALSE	
sugarcane	SoffiXsponR570.10Eg117000	MYB	TFF	TRUE	87	10.474832	0.415396952686447	0.4222	0.02209	FALSE	TRUE	
sugarcane	SoffiXsponR570.10Eg117100	AP2-EREBP	TFF	FALSE	6	1.331301	0.666666666666667			FALSE	FALSE	
sugarcane	SoffiXsponR570.10Eg123800	MYB	TFF	TRUE	50	11.686158	0.0751020408163265			FALSE	FALSE	
sugarcane	SoffiXsponR570.10Eg123900	MYB;MYB-related	TFF	TRUE	9	2.305738	0.305555555555556	-0.4676	0.008402	FALSE	TRUE	
sugarcane	SoffiXsponR570.10Eg125100	C2H2	TFF	FALSE	1	0.17046				FALSE	FALSE	
sugarcane	SoffiXsponR570.10Eg125400	C2H2	TFF	FALSE	3	0.412331	0.333333333333333			FALSE	FALSE	
sugarcane	SoffiXsponR570.10Eg130000	GRAS	TFF	FALSE	51	5.378779	0.683921568627451			FALSE	FALSE	
sugarcane	SoffiXsponR570.10Eg130800	GRAS	TFF	FALSE	1	0.062991				FALSE	FALSE	
sugarcane	SoffiXsponR570.10Eg130900	GRAS	TFF	FALSE	15	5.275813	0.323809523809524			FALSE	FALSE	
sugarcane	SoffiXsponR570.10Eg131000	GRAS	TFF	FALSE	22	6.353147	0.229437229437229			FALSE	FALSE	
sugarcane	SoffiXsponR570.10Eg132000	C2H2	TFF	FALSE	41	3.733607	0.779268292682927			FALSE	FALSE	
sugarcane	SoffiXsponR570.10Fg002300	ABI3VP1	TFF	FALSE	14	2.750945	0.0989010989010989			FALSE	FALSE	
sugarcane	SoffiXsponR570.10Fg007300	AP2-EREBP	TFF	FALSE	3	0.395988	0.333333333333333	0.1259	0.6692	FALSE	TRUE	
sugarcane	SoffiXsponR570.10Fg008700	Sigma70-like	TFF	FALSE	63	11.173822	0.439836149513569	0.2814	0.1984	FALSE	TRUE	
sugarcane	SoffiXsponR570.10Fg011600	C3H	TFF	FALSE	14239	5841.101396	0.595370065620972			FALSE	FALSE	
sugarcane	SoffiXsponR570.10Fg013500	SAP	TFF	FALSE	14259	5793.783872	0.604714678139803	-0.015	0.9758	FALSE	TRUE	
sugarcane	SoffiXsponR570.10Fg026600	bHLH	TFF	FALSE	14	1.016588	0.857142857142857	-0.291	0.1778	FALSE	TRUE	
sugarcane	SoffiXsponR570.10Fg026700	ARF	TFF	FALSE	15	3.697954	0.438095238095238	-0.7133	1.009e-06	TRUE	TRUE	ortholog_not_correlated
sugarcane	SoffiXsponR570.10Fg027300	GNAT	OTR	FALSE	261	18.711986	0.931181844974948			FALSE	FALSE	
sugarcane	SoffiXsponR570.10Fg029100	RB	OTR	FALSE	241	19.811021	0.923789764868603			FALSE	FALSE	
sugarcane	SoffiXsponR570.10Fg035700	PAS	TFF	FALSE	187	25.132276	0.389569317463056	-0.34	0.09179	FALSE	TRUE	
sugarcane	SoffiXsponR570.10Fg040300	MYB	TFF	TRUE	111	14.77933	0.192137592137592	-0.6172	9.898e-05	TRUE	TRUE	ortholog_not_correlated
sugarcane	SoffiXsponR570.10Fg058800	Top	TFF	FALSE	16	2.770945	0.0333333333333333			FALSE	FALSE	
sugarcane	SoffiXsponR570.10Fg087500	MADS	TFF	FALSE	16	7.304442	0.491666666666667			FALSE	FALSE	
sugarcane	SoffiXsponR570.10Fg089400	FHA	TFF	FALSE	9531	2560.693282	0.830075779669875			FALSE	FALSE	
sugarcane	SoffiXsponR570.10Fg091500	GRAS	TFF	FALSE	1	0.054077				FALSE	FALSE	
sugarcane	SoffiXsponR570.10Fg099600	MYB	TFF	TRUE	103	11.792226	0.365886160289359	0.1128	0.7157	FALSE	TRUE	
sugarcane	SoffiXsponR570.10Fg106700	AP2-EREBP	TFF	FALSE	4	0.985428	0.5			FALSE	FALSE	
sugarcane	SoffiXsponR570.10Fg107100	AP2-EREBP	TFF	FALSE	12	4.78028	0.348484848484849			FALSE	FALSE	
sugarcane	SoffiXsponR570.10Fg109800	C2H2	TFF	FALSE	13	1.049675	0.666666666666667	0.309	0.1413	FALSE	TRUE	
sugarcane	SoffiXsponR570.10Fg112700	GRAS	TFF	FALSE	9227	2462.943612	0.806861788456676			FALSE	FALSE	
sugarcane	SoffiXsponR570.10Fg113100	GRAS	TFF	FALSE	66	7.807909	0.388344988344988	0.1881	0.4727	FALSE	TRUE	
sugarcane	SoffiXsponR570.10Fg113200	GRAS	TFF	FALSE	5	0.423912	0.9			FALSE	FALSE	
sugarcane	SoffiXsponR570.10Fg113600	GRAS	TFF	FALSE	26	6.514977	0.126153846153846	0.1459	0.596	FALSE	TRUE	
sugarcane	SoffiXsponR570.10Fg113700	GRAS	TFF	FALSE	733	86.981171	0.676216462028195	0.0909	0.7891	FALSE	TRUE	
sugarcane	SoffiXsponR570.10Fg113800	GRAS	TFF	FALSE	1	0.122916				FALSE	FALSE	
sugarcane	SoffiXsponR570.10Fg114300	GRAS	TFF	FALSE	11	2.317814	0.0545454545454545			FALSE	FALSE	
sugarcane	SoffiXsponR570.10Fg114600	GRAS	TFF	FALSE	5	1.64024	0.4			FALSE	FALSE	
sugarcane	SoffiXsponR570.10Fg114700	GRAS	TFF	FALSE	53	15.117024	0.109579100145138			FALSE	FALSE	
sugarcane	SoffiXsponR570.10Fg114900	GRAS	TFF	FALSE	51	15.993422	0.306666666666667	0.2564	0.2621	FALSE	TRUE	
sugarcane	SoffiXsponR570.10Fg115500	C2H2	TFF	FALSE	50	11.686158	0.0751020408163265			FALSE	FALSE	
sugarcane	SoffiXsponR570.10Fg118900	GRAS	TFF	FALSE	7	0.860415	0.714285714285714			FALSE	FALSE	
sugarcane	SoffiXsponR570.10Fg120600	C2H2	TFF	FALSE	67	8.037799	0.604251469923112			FALSE	FALSE	
sugarcane	SoffiXsponR570.10Fg125200	C2H2	TFF	FALSE	1	0.059525				FALSE	FALSE	
sugarcane	SoffiXsponR570.10os1g001500	PAS	TFF	FALSE	11	2.713022	0.236363636363636			FALSE	FALSE	
sugarcane	SoffiXsponR570.10os1g002800	SAP;zf-MIZ	OTR;TFF	FALSE	568	56.476558	0.896769505924435	-0.1063	0.7375	FALSE	TRUE	
sugarcane	SoffiXsponR570.10os1g005800	MYB-related	TFF	TRUE	12	1.381891	0.621212121212121			FALSE	FALSE	
sugarcane	SoffiXsponR570.10os1g012000	MYB-related	TFF	TRUE	10104	2883.10046	0.800735931387312	-0.0431	0.9189	FALSE	TRUE	
sugarcane	SoffiXsponR570.10os1g012500	NAC	TFF	FALSE	42	4.555813	0.383275261324042	0.6197	8.944e-05	TRUE	TRUE	conserved_correlated
sugarcane	SoffiXsponR570.10os1g034600	PHD	OTR	FALSE	1	0.085278				FALSE	FALSE	
sugarcane	SoffiXsponR570.10os1g038600	WRKY	TFF	FALSE	1	0.495343		-0.3392	0.09287	FALSE	TRUE	
sugarcane	SoffiXsponR570.10os1g046700	MYB	TFF	TRUE	1	0.034762				FALSE	FALSE	
sugarcane	SoffiXsponR570.10os1g052200	WRKY	TFF	FALSE	20	2.334022	0.284210526315789	-0.1171	0.7007	FALSE	TRUE	
sugarcane	SoffiXsponR570.10os1g055700	SAP	TFF	FALSE	12700	4623.198659	0.667294988197347	0.0134	0.9789	FALSE	TRUE	
sugarcane	SoffiXsponR570.10os1g059000	CCAAT	TFF	FALSE	172	17.929455	0.270909832721338	-0.5367	0.001483	FALSE	TRUE	
sugarcane	SoffiXsponR570.10os1g060500	PAS	TFF	FALSE	126	24.627269	0.539047619047619	-0.5348	0.001562	FALSE	TRUE	
sugarcane	SoffiXsponR570.10os2g003700	MYB	TFF	TRUE	2278	251.024772	0.852416596394914	-0.0448	0.9153	FALSE	TRUE	
sugarcane	SoffiXsponR570.10us89g001200	PAS	TFF	FALSE	13	2.420025	0.269230769230769			FALSE	FALSE	
sugarcane	SoffiXsponR570.10us89g010900	TRAF	OTR	FALSE	63	14.853017	0.47926267281106			FALSE	FALSE	
sugarcane	SoffiXsponR570.10us89g015800	WRKY	TFF	FALSE	25	1.969005	0.786666666666667			FALSE	FALSE	
sugarcane	SoffiXsponR570.10us89g016500	WRKY	TFF	FALSE	93	26.391176	0.132538569424965			FALSE	FALSE	
sugarcane	SoffiXsponR570.10us89g020700	NAC	TFF	FALSE	97	20.71057	0.436211340206186			FALSE	FALSE	
sugarcane	SoffiXsponR570.10us89g020800	NAC	TFF	FALSE	2	0.056648	0			FALSE	FALSE	
sugarcane	SoffiXsponR570.10us89g023000	zf-HD	TFF	FALSE	66	16.253862	0.112820512820513			FALSE	FALSE	
sugarcane	SoffiXsponR570.10us89g023400	MYB	TFF	TRUE	805	148.774117	0.746537498841198	0.2792	0.2035	FALSE	TRUE	
sugarcane	SoffiXsponR570.10us89g024100	AP2-EREBP	TFF	FALSE	2	0.185413	0			FALSE	FALSE	
sugarcane	SoffiXsponR570.10us89g025700	C2C2-GATA	TFF	FALSE	16	3.076513	0.00833333333333333			FALSE	FALSE	
sugarcane	SoffiXsponR570.10us89g029800	C2H2	TFF	FALSE	11	7.341606	0.763636363636364			FALSE	FALSE	
sugarcane	SoffiXsponR570.10us89g046900	NAC	TFF	FALSE	10	0.672506	0.822222222222222			FALSE	FALSE	
sugarcane	SoffiXsponR570.10us89g047000	NAC	TFF	FALSE	1	0.108059				FALSE	FALSE	
sugarcane	SoffiXsponR570.10us89g047200	bZIP	TFF	FALSE	228	70.764327	0.0426617203802458	-0.2015	0.4278	FALSE	TRUE	
sugarcane	SoffiXsponR570.10us89g047600	ABI3VP1	TFF	FALSE	4	1.267224	1			FALSE	FALSE	
sugarcane	SoffiXsponR570.10us89g048700	OFP	TFF	FALSE	226	39.810665	0.247433628318584			FALSE	FALSE	
sugarcane	SoffiXsponR570.10us89g048800	OFP	TFF	FALSE	2	0.046743	0			FALSE	FALSE	
sugarcane	SoffiXsponR570.10us89g050800	Pseudo_ARR-B	OTR	FALSE	275	64.803042	0.353629727936297	-0.5107	0.002966	FALSE	TRUE	
sugarcane	SoffiXsponR570.10us89g051600	HB	TFF	FALSE	135	24.055123	0.411608623548922			FALSE	FALSE	
sugarcane	SoffiXsponR570.10us89g052700	GRAS	TFF	FALSE	2	0.088839	1			FALSE	FALSE	
sugarcane	SoffiXsponR570.10us89g053500	TUB	TFF	FALSE	44	4.86999	0.413319238900634			FALSE	FALSE	
sugarcane	SoffiXsponR570.10us89g054300	MED26	OTR	FALSE	529	54.986118	0.738579080025205	-0.2358	0.3203	FALSE	TRUE	
sugarcane	SoffiXsponR570.10us89g067300	MYB-related	TFF	TRUE	12772	4527.843097	0.671241680185664	-0.0314	0.9428	FALSE	TRUE	
sugarcane	SoffiXsponR570.10us89g084700	Alfin-like	TFF	FALSE	61	10.526838	0.368852459016393	-0.6235	7.746e-05	TRUE	TRUE	ortholog_not_correlated
sugarcane	SoffiXsponR570.10us89g085200	zf-HD	TFF	FALSE	5	1.632316	0.8			FALSE	FALSE	
sugarcane	SoffiXsponR570.10us89g085800	AP2-EREBP	TFF	FALSE	55	14.432781	0.133333333333333			FALSE	FALSE	
sugarcane	SoffiXsponR570.10us89g092200	Top	TFF	FALSE	2	0.069525	1			FALSE	FALSE	
sugarcane	SoffiXsponR570.1Z002700	MYB	TFF	TRUE	44	14.902221	0.352008456659619			FALSE	FALSE	
sugarcane	SoffiXsponR570.1Z003200	bHLH	TFF	FALSE	2	0.065563	0			FALSE	FALSE	
sugarcane	SoffiXsponR570.1Z003900	bHLH	TFF	FALSE	65	6.555333	0.365384615384615			FALSE	FALSE	
sugarcane	SoffiXsponR570.1Z004000	C2C2-Dof	TFF	FALSE	7	0.561286	0.761904761904762			FALSE	FALSE	
sugarcane	SoffiXsponR570.1Z005000	CCAAT	TFF	FALSE	1	0.315073		0.4774	0.006698	FALSE	TRUE	
sugarcane	SoffiXsponR570.1Z006800	TRAF	OTR	FALSE	194	32.864747	0.26179157096309			FALSE	FALSE	
sugarcane	SoffiXsponR570.1Z009400	WRKY	TFF	FALSE	17	2.137124	0.551470588235294			FALSE	FALSE	
sugarcane	SoffiXsponR570.1Z014300	SWI/SNF-BAF60b	OTR	FALSE	26	2.455928	0.775384615384615	0.1015	0.754	FALSE	TRUE	
sugarcane	SoffiXsponR570.1Z029300	Tify	TFF	FALSE	19	1.77925	0.280701754385965			FALSE	FALSE	
sugarcane	SoffiXsponR570.1Z033800	TIG	TFF	FALSE	150	24.901936	0.315078299776286	-0.0965	0.77	FALSE	TRUE	
sugarcane	SoffiXsponR570.1Z034500	ABI3VP1	TFF	FALSE	480	33.60905	0.979210160055672			FALSE	FALSE	
sugarcane	SoffiXsponR570.1Z036400	Tify	TFF	FALSE	3	0.530695	0			FALSE	FALSE	
sugarcane	SoffiXsponR570.1Z040400	ABI3VP1	TFF	FALSE	4	1.244442	0			FALSE	FALSE	
sugarcane	SoffiXsponR570.1Z045300	bHLH	TFF	FALSE	1	0.031296				FALSE	FALSE	
sugarcane	SoffiXsponR570.1Z046800	bZIP	TFF	FALSE	5	0.386768	0.6			FALSE	FALSE	
sugarcane	SoffiXsponR570.1Z048100	HB	TFF	FALSE	1277	167.45069	0.658672977172694	-0.3009	0.1572	FALSE	TRUE	
sugarcane	SoffiXsponR570.1Z052200	ABI3VP1	TFF	FALSE	55	14.432781	0.133333333333333			FALSE	FALSE	
sugarcane	SoffiXsponR570.1Z054100	SET	OTR	FALSE	14960	6463.601101	0.563976133695917			FALSE	FALSE	
sugarcane	SoffiXsponR570.1Z055800	bZIP	TFF	FALSE	134	16.847194	0.347435753563012	-0.7035	1.783e-06	TRUE	TRUE	ortholog_not_correlated
sugarcane	SoffiXsponR570.1Z056800	CCAAT	TFF	FALSE	4682	690.219465	0.937262353077201	-0.0446	0.9153	FALSE	TRUE	
sugarcane	SoffiXsponR570.1Z068800	Trihelix	TFF	FALSE	189	24.890785	0.384667342114151	0.3101	0.1395	FALSE	TRUE	
sugarcane	SoffiXsponR570.1Z082600	AP2-EREBP	TFF	FALSE	1562	301.644817	0.593462938249144	-0.0099	0.9842	FALSE	TRUE	
sugarcane	SoffiXsponR570.1Z083800	BES1	TFF	FALSE	10	0.782451	0.6			FALSE	FALSE	
sugarcane	SoffiXsponR570.1Z085300	MADS	TFF	FALSE	420	39.376943	0.854233435617684	-0.056	0.8905	FALSE	TRUE	
sugarcane	SoffiXsponR570.1Z105100	SAP	TFF	FALSE	40	7.88963	0.57948717948718	-0.28	0.2016	FALSE	TRUE	
sugarcane	SoffiXsponR570.1Z105400	ARR-B	TFF	FALSE	1	0.134802				FALSE	FALSE	
sugarcane	SoffiXsponR570.1Z109300	Sigma70-like	TFF	FALSE	31	2.985328	0.731182795698925			FALSE	FALSE	
sugarcane	SoffiXsponR570.1Z110300	GNAT	OTR	FALSE	18	2.665153	0.627450980392157	0.1294	0.6563	FALSE	TRUE	
sugarcane	SoffiXsponR570.1Z111200	bHLH	TFF	FALSE	22	2.9191	0.666666666666667	0.2937	0.1719	FALSE	TRUE	
sugarcane	SoffiXsponR570.1Z111300	Top	TFF	FALSE	13146	4858.523292	0.63374213712551	0.0854	0.8076	FALSE	TRUE	
sugarcane	SoffiXsponR570.1Z112400	C3H	TFF	FALSE	9876	2771.014157	0.756402951023066			FALSE	FALSE	
sugarcane	SoffiXsponR570.1Z112600	zf-LSD1	TFF	FALSE	8952	2238.155778	0.812405022319412	-0.1631	0.5626	FALSE	TRUE	
sugarcane	SoffiXsponR570.1Z114100	MED26	OTR	FALSE	24	5.914547	0.0181159420289855			FALSE	FALSE	
sugarcane	SoffiXsponR570.1Z114200	NAC	TFF	FALSE	12471	4485.746668	0.67633465855701	-0.0067	0.9901	FALSE	TRUE	
sugarcane	SoffiXsponR570.1Z114500	MYB-related	TFF	TRUE	495	113.837124	0.296732507258823	0.3314	0.1039	FALSE	TRUE	
sugarcane	SoffiXsponR570.1Z115900	AP2-EREBP	TFF	FALSE	1320	268.284222	0.3821340776989	-0.049	0.9064	FALSE	TRUE	
sugarcane	SoffiXsponR570.1Z123500	Top	TFF	FALSE	2192	208.056838	0.931686361258899	-0.1488	0.596	FALSE	TRUE	
sugarcane	SoffiXsponR570.1Z125500	SAP	TFF	FALSE	142	21.02933	0.393766856457896	-0.2366	0.3176	FALSE	TRUE	
sugarcane	SoffiXsponR570.1Z130300	C2H2	TFF	FALSE	2	0.176993	1			FALSE	FALSE	
sugarcane	SoffiXsponR570.1Z138100	NAC	TFF	FALSE	142	17.225828	0.32903805813605	0.3399	0.09202	FALSE	TRUE	
sugarcane	SoffiXsponR570.1Z140000	WRKY	TFF	FALSE	87	5.388144	0.913659449345095	0.05	0.9038	FALSE	TRUE	
sugarcane	SoffiXsponR570.1Z142300	AUX/IAA	OTR	FALSE	1140	211.494897	0.422623723487824	0.0583	0.8844	FALSE	TRUE	
sugarcane	SoffiXsponR570.1Z142400	AUX/IAA	OTR	FALSE	676	127.432531	0.256454087223318			FALSE	FALSE	
sugarcane	SoffiXsponR570.1Z145600	Top	TFF	FALSE	10457	2988.107194	0.717696506822599	-0.0667	0.8611	FALSE	TRUE	
sugarcane	SoffiXsponR570.1Z148300	GeBP	TFF	FALSE	827	110.222666	0.494883633776508	-0.3146	0.1314	FALSE	TRUE	
sugarcane	SoffiXsponR570.1Z150700	Tify	TFF	FALSE	10	2.460845	0.0666666666666667			FALSE	FALSE	
sugarcane	SoffiXsponR570.1Z150900	Tify	TFF	FALSE	1	0.238804				FALSE	FALSE	
sugarcane	SoffiXsponR570.1Z151000	Tify	TFF	FALSE	76	15.899225	0.346666666666667			FALSE	FALSE	
sugarcane	SoffiXsponR570.1Z151100	Tify	TFF	FALSE	49	11.988164	0.522959183673469	0.3813	0.04725	FALSE	TRUE	
sugarcane	SoffiXsponR570.1Z151200	Tify	TFF	FALSE	31	4.767229	0.41505376344086			FALSE	FALSE	
sugarcane	SoffiXsponR570.1Z152200	Top	TFF	FALSE	8	0.938264	0.714285714285714	-0.3972	0.03573	FALSE	TRUE	
sugarcane	SoffiXsponR570.1Z153300	bHLH	TFF	FALSE	37	9.057634	0.223723723723724			FALSE	FALSE	
sugarcane	SoffiXsponR570.1Z153700	C2H2	TFF	FALSE	18	4.045903	0.0522875816993464			FALSE	FALSE	
sugarcane	SoffiXsponR570.1Z156500	PAS	TFF	FALSE	50	5.90018	0.497142857142857			FALSE	FALSE	
sugarcane	SoffiXsponR570.1Z167100	Top	TFF	FALSE	14801	6340.285178	0.572039434881135			FALSE	FALSE	
sugarcane	SoffiXsponR570.1Z173900	E2F-DP	TFF	FALSE	2005	190.012051	0.909300600793425	-0.0772	0.8324	FALSE	TRUE	
sugarcane	SoffiXsponR570.1Z174000	zf-BED	TFF	FALSE	3730	460.924912	0.981323687897984			FALSE	FALSE	
sugarcane	SoffiXsponR570.1Z176000	MYB	TFF	TRUE	202	39.1502	0.337175508595636			FALSE	FALSE	
sugarcane	SoffiXsponR570.1Z176700	AP2-EREBP	TFF	FALSE	11	2.319795	0.163636363636364			FALSE	FALSE	
sugarcane	SoffiXsponR570.1Z178400	bZIP	TFF	FALSE	1	0.398274				FALSE	FALSE	
sugarcane	SoffiXsponR570.1Z180100	DBP	TFF	FALSE	7	0.715803	0.476190476190476			FALSE	FALSE	
sugarcane	SoffiXsponR570.1Z180200	AUX/IAA	OTR	FALSE	3	0.418769	0.333333333333333			FALSE	FALSE	
sugarcane	SoffiXsponR570.1Z182000	Top	TFF	FALSE	2	0.085868	1	-0.1056	0.7396	FALSE	TRUE	
sugarcane	SoffiXsponR570.1Z186800	C2C2-GATA	TFF	FALSE	193	18.955128	0.567897236614853	-0.3392	0.09278	FALSE	TRUE	
sugarcane	SoffiXsponR570.1Z190400	HB	TFF	FALSE	24	8.975178	0.322463768115942			FALSE	FALSE	
sugarcane	SoffiXsponR570.1Z195200	BES1	TFF	FALSE	1	0.024362				FALSE	FALSE	
sugarcane	SoffiXsponR570.1Z196800	MADS	TFF	FALSE	13	0.584637	0.653846153846154			FALSE	FALSE	
sugarcane	SoffiXsponR570.1Z203900	bZIP	TFF	FALSE	11290	3637.328724	0.717351245531582			FALSE	FALSE	
sugarcane	SoffiXsponR570.1Z205100	bZIP	TFF	FALSE	1969	264.612236	0.68256811885031			FALSE	FALSE	
sugarcane	SoffiXsponR570.1Z206900	EIL	TFF	FALSE	15	1.154362	0.571428571428571			FALSE	FALSE	
sugarcane	SoffiXsponR570.1Z207300	C2C2-Dof	TFF	FALSE	143	19.42928	0.520831281394662			FALSE	FALSE	
sugarcane	SoffiXsponR570.1Z207800	NAC	TFF	FALSE	181	28.295843	0.240392879066912			FALSE	FALSE	
sugarcane	SoffiXsponR570.1Z208300	NAC	TFF	FALSE	95	12.443707	0.337737961926092	-0.2527	0.2722	FALSE	TRUE	
sugarcane	SoffiXsponR570.1Z208600	C3H	TFF	FALSE	530	63.601541	0.569661518707422	-0.1137	0.7126	FALSE	TRUE	
sugarcane	SoffiXsponR570.1Z210000	WRKY	TFF	FALSE	127	21.910435	0.24684414448194			FALSE	FALSE	
sugarcane	SoffiXsponR570.1Z210300	ABI3VP1	TFF	FALSE	22	3.124627	0.363636363636364			FALSE	FALSE	
sugarcane	SoffiXsponR570.1Z210500	bZIP	TFF	FALSE	1	0.091716				FALSE	FALSE	
sugarcane	SoffiXsponR570.1Z218600	TUB	TFF	FALSE	11795	3806.844517	0.684673068256734			FALSE	FALSE	
sugarcane	SoffiXsponR570.1Z221200	DDT;PHD	OTR	FALSE	3837	613.888349	0.779086133234847	0.1332	0.6421	FALSE	TRUE	
sugarcane	SoffiXsponR570.1Z223400	CCAAT	TFF	FALSE	1	0.05903				FALSE	FALSE	
sugarcane	SoffiXsponR570.1Z226900	TRAF	OTR	FALSE	13489	5183.373457	0.637719361771601	0.0407	0.9233	FALSE	TRUE	
sugarcane	SoffiXsponR570.1Z228300	BSD	TFF	FALSE	14595	6048.583567	0.585023377762091			FALSE	FALSE	
sugarcane	SoffiXsponR570.1Z231400	SWI/SNF-BAF60b	OTR	FALSE	2758	299.978079	0.928476607635702	-0.237	0.3164	FALSE	TRUE	
sugarcane	SoffiXsponR570.1Z232300	MED26	OTR	FALSE	1020	149.263057	0.416023013719718			FALSE	FALSE	
sugarcane	SoffiXsponR570.1Z237900	MYB	TFF	TRUE	282	39.977439	0.564978168143156			FALSE	FALSE	
sugarcane	SoffiXsponR570.1Z238100	SART-1	OTR	FALSE	12209	4292.86937	0.683304538033359			FALSE	FALSE	
sugarcane	SoffiXsponR570.1Z241400	bHLH	TFF	FALSE	5447	879.691211	0.835759555523224			FALSE	FALSE	
sugarcane	SoffiXsponR570.1Z243100	Tudor-knot	OTR	FALSE	1137	88.296318	0.958519144771886	-0.2389	0.3108	FALSE	TRUE	
sugarcane	SoffiXsponR570.1Z243600	SAP	TFF	FALSE	678	95.492716	0.471566820477292	0.0696	0.8538	FALSE	TRUE	
sugarcane	SoffiXsponR570.1Z245800	CAMTA;TIG	TFF	FALSE	10917	3380.603457	0.738740494123805			FALSE	FALSE	
sugarcane	SoffiXsponR570.1Z250300	SAP	TFF	FALSE	2	0.187394	1			FALSE	FALSE	
sugarcane	SoffiXsponR570.1Z251500	AP2-EREBP	TFF	FALSE	2947	351.002586	0.863576960794816	-0.2201	0.3701	FALSE	TRUE	
sugarcane	SoffiXsponR570.1Z252600	zf-BED	TFF	FALSE	15195	6648.668254	0.55355378110105			FALSE	FALSE	
sugarcane	SoffiXsponR570.1Z256800	DBP	TFF	FALSE	11	3.383092	0.854545454545455			FALSE	FALSE	
sugarcane	SoffiXsponR570.1Z258300	Top	TFF	FALSE	1295	130.122121	0.858930734664892	-0.1117	0.7195	FALSE	TRUE	
sugarcane	SoffiXsponR570.1Z262600	C2C2-GATA	TFF	FALSE	13	3.313452	0.256410256410256			FALSE	FALSE	
sugarcane	SoffiXsponR570.1Z265400	HB	TFF	FALSE	11	2.432711	0.0727272727272727			FALSE	FALSE	
sugarcane	SoffiXsponR570.1Z267100	TRAF	OTR	FALSE	3	0.705518	0.666666666666667			FALSE	FALSE	
sugarcane	SoffiXsponR570.1Z267400	TRAF	OTR	FALSE	10373	2941.958969	0.722222385394994	0.0719	0.8476	FALSE	TRUE	
sugarcane	SoffiXsponR570.1Z272200	C2C2-Dof	TFF	FALSE	2	0.412731	1			FALSE	FALSE	
sugarcane	SoffiXsponR570.1Z274400	HSF	TFF	FALSE	12137	4182.154377	0.703706459580958			FALSE	FALSE	
sugarcane	SoffiXsponR570.1Z275300	TRAF	OTR	FALSE	7790	1724.65976	0.82107550706363	-0.2881	0.1837	FALSE	TRUE	
sugarcane	SoffiXsponR570.1Z275900	OFP	TFF	FALSE	166	50.565208	0.0588535962029938			FALSE	FALSE	
sugarcane	SoffiXsponR570.1Z276100	TFIID	TFF	FALSE	68	21.967724	0.338454784899034			FALSE	FALSE	
sugarcane	SoffiXsponR570.1Z279300	zf-BED	TFF	FALSE	5631	941.61911	0.896409466373819			FALSE	FALSE	
sugarcane	SoffiXsponR570.1Z279400	E2F-DP	TFF	FALSE	3	0.328634	0.333333333333333			FALSE	FALSE	
sugarcane	SoffiXsponR570.1Z281100	MYB-related	TFF	TRUE	100	30.941186	0.162424242424242	0.1459	0.596	FALSE	TRUE	
sugarcane	SoffiXsponR570.1Z282200	bHLH	TFF	FALSE	11	2.432711	0.0727272727272727			FALSE	FALSE	
sugarcane	SoffiXsponR570.1Z287300	zf-C5HC2	TFF	FALSE	82	13.643447	0.248118036735923	0.5689	0.0005608	FALSE	TRUE	
sugarcane	SoffiXsponR570.1Z288800	MYB-related	TFF	TRUE	357	37.044777	0.831728196896736	0.0784	0.829	FALSE	TRUE	
sugarcane	SoffiXsponR570.1Z290000	bHLH	TFF	FALSE	31	5.077749	0.468817204301075	0.2875	0.1849	FALSE	TRUE	
sugarcane	SoffiXsponR570.1Z291900	MED26	OTR	FALSE	2559	346.965593	0.695238653928354	0.0733	0.8443	FALSE	TRUE	
sugarcane	SoffiXsponR570.1Z292400	MED26	OTR	FALSE	649	86.828574	0.61750271072305	0.1357	0.6329	FALSE	TRUE	
sugarcane	SoffiXsponR570.1Z293100	NAC	TFF	FALSE	1	0.03922				FALSE	FALSE	
sugarcane	SoffiXsponR570.1Z295900	zf-LSD1	TFF	FALSE	6	0.401721	0.533333333333333	0.4741	0.00724	FALSE	TRUE	
sugarcane	SoffiXsponR570.1Z299400	AP2-EREBP	TFF	FALSE	81	13.686933	0.0240740740740741			FALSE	FALSE	
sugarcane	SoffiXsponR570.1Z299600	HSF	TFF	FALSE	7	1.95937	0.380952380952381			FALSE	FALSE	
sugarcane	SoffiXsponR570.1os1g001700	TRAF	OTR	FALSE	2	0.294862	0			FALSE	FALSE	
sugarcane	SoffiXsponR570.1os1g002800	HSF	TFF	FALSE	11	1.84089	0.254545454545455			FALSE	FALSE	
sugarcane	SoffiXsponR570.1os1g005300	TRAF	OTR	FALSE	5	0.414502	0.3			FALSE	FALSE	
sugarcane	SoffiXsponR570.1os1g005400	TRAF	OTR	FALSE	86	10.682246	0.312722298221614			FALSE	FALSE	
sugarcane	SoffiXsponR570.1os1g009100	SET	OTR	FALSE	288	21.667219	0.949477351916376	-0.0214	0.9639	FALSE	TRUE	
sugarcane	SoffiXsponR570.1os1g010600	C2C2-Dof	TFF	FALSE	44	4.335618	0.599365750528541			FALSE	FALSE	
sugarcane	SoffiXsponR570.2os1g000600	NAC	TFF	FALSE	13	4.589705	0.538461538461538			FALSE	FALSE	
sugarcane	SoffiXsponR570.3os1g007700	MYB	TFF	TRUE	2	0.122516	0			FALSE	FALSE	
sugarcane	SoffiXsponR570.3os1g012200	GeBP	TFF	FALSE	16	0.893957	0.633333333333333	-0.0923	0.7842	FALSE	TRUE	
sugarcane	SoffiXsponR570.3os3g001400	AP2-EREBP	TFF	FALSE	13	0.702011	0.615384615384615			FALSE	FALSE	
sugarcane	SoffiXsponR570.3os3g005200	C2H2	TFF	FALSE	372	154.074207	0.689056024113845			FALSE	FALSE	
sugarcane	SoffiXsponR570.3os3g005600	HSF	TFF	FALSE	90	12.959775	0.559550561797753	-0.5132	0.002783	FALSE	TRUE	
sugarcane	SoffiXsponR570.3os4g000300	HSF	TFF	FALSE	2	0.410255	0			FALSE	FALSE	
sugarcane	SoffiXsponR570.4os1g001700	G2-like	TFF	FALSE	395	64.769875	0.60158067210692			FALSE	FALSE	
sugarcane	SoffiXsponR570.4us91g003100	bHLH	TFF	FALSE	1761	471.611916	0.539979866811213	0.1709	0.5328	FALSE	TRUE	
sugarcane	SoffiXsponR570.4us91g005000	MADS	TFF	FALSE	1	0.069925				FALSE	FALSE	
sugarcane	SoffiXsponR570.4us91g005500	AP2-EREBP	TFF	FALSE	29	3.283277	0.233990147783251	0.5305	0.001759	FALSE	TRUE	
sugarcane	SoffiXsponR570.4us91g009400	MADS	TFF	FALSE	16	2.472806	0.216666666666667			FALSE	FALSE	
sugarcane	SoffiXsponR570.4us91g011600	bZIP	TFF	FALSE	7	0.500865	0.0952380952380952			FALSE	FALSE	
sugarcane	SoffiXsponR570.4us91g014100	GRAS	TFF	FALSE	2	0.105183	0			FALSE	FALSE	
sugarcane	SoffiXsponR570.4us91g014300	AP2-EREBP	TFF	FALSE	164	13.732461	0.626440221457429			FALSE	FALSE	
sugarcane	SoffiXsponR570.4us91g021100	ARF	TFF	FALSE	84	6.952841	0.697647733792312	-0.1452	0.5987	FALSE	TRUE	
sugarcane	SoffiXsponR570.4us91g023000	AP2-EREBP	TFF	FALSE	804	133.57933	0.349947027006933			FALSE	FALSE	
sugarcane	SoffiXsponR570.4us91g023100	bHLH	TFF	FALSE	4	0.76009	0.166666666666667			FALSE	FALSE	
sugarcane	SoffiXsponR570.4us91g032000	ARR-B	TFF	FALSE	35	3.625073	0.517647058823529	-0.4869	0.005369	FALSE	TRUE	
sugarcane	SoffiXsponR570.4us91g032100	LIM	TFF	FALSE	78	8.33005	0.517482517482518			FALSE	FALSE	
sugarcane	SoffiXsponR570.4us91g033100	MYB-related	TFF	TRUE	618	61.141096	0.817270119012027	0.2225	0.3622	FALSE	TRUE	
sugarcane	SoffiXsponR570.4us91g033900	DBP	TFF	FALSE	1067	153.357279	0.503797183455217			FALSE	FALSE	
sugarcane	SoffiXsponR570.4us91g037600	BSD	TFF	FALSE	1	0.052591				FALSE	FALSE	
sugarcane	SoffiXsponR570.4us91g041300	zf-BED	TFF	FALSE	1	0.043677				FALSE	FALSE	
sugarcane	SoffiXsponR570.4us91g041900	AUX/IAA	OTR	FALSE	4	0.186098	0.333333333333333			FALSE	FALSE	
sugarcane	SoffiXsponR570.4us91g042000	AP2-EREBP	TFF	FALSE	1	0.144212				FALSE	FALSE	
sugarcane	SoffiXsponR570.4us91g042100	C2H2	TFF	FALSE	26	2.233067	0.541538461538462			FALSE	FALSE	
sugarcane	SoffiXsponR570.4us91g043000	zf-MIZ	OTR	FALSE	65	5.170125	0.655769230769231			FALSE	FALSE	
sugarcane	SoffiXsponR570.4us91g062000	PBF-2-like	TFF	FALSE	455	108.064677	0.357554339933195			FALSE	FALSE	
sugarcane	SoffiXsponR570.4us91g063400	Top	TFF	FALSE	5396	893.87075	0.761524034210629	0.063	0.8717	FALSE	TRUE	
sugarcane	SoffiXsponR570.4us91g069700	MADS	TFF	FALSE	18	1.229925	0.784313725490196			FALSE	FALSE	
sugarcane	SoffiXsponR570.5_9Ag002200	bZIP	TFF	FALSE	2115	205.132016	0.932626126398143	-0.1933	0.4551	FALSE	TRUE	
sugarcane	SoffiXsponR570.5_9Ag007500	SET	OTR	FALSE	48	5.545888	0.13386524822695	0.6274	6.561e-05	TRUE	TRUE	ortholog_not_correlated
sugarcane	SoffiXsponR570.5_9Ag014600	bZIP	TFF	FALSE	1071	131.392931	0.684585111303088	0.0674	0.8594	FALSE	TRUE	
sugarcane	SoffiXsponR570.5_9Ag015100	MYB	TFF	TRUE	1	0.08082				FALSE	FALSE	
sugarcane	SoffiXsponR570.5_9Ag016300	EIL	TFF	FALSE	90	8.984917	0.722097378277154			FALSE	FALSE	
sugarcane	SoffiXsponR570.5_9Ag016600	MYB-related	TFF	TRUE	37	2.838314	0.522522522522523			FALSE	FALSE	
sugarcane	SoffiXsponR570.5_9Ag016700	C2C2-Dof	TFF	FALSE	3	0.223642	0.333333333333333			FALSE	FALSE	
sugarcane	SoffiXsponR570.5_9Ag017000	NAC	TFF	FALSE	95	12.564547	0.357446808510638			FALSE	FALSE	
sugarcane	SoffiXsponR570.5_9Ag017600	NAC	TFF	FALSE	113	19.02082	0.355404551201011	-0.4816	0.006075	FALSE	TRUE	
sugarcane	SoffiXsponR570.5_9Ag018000	C3H	TFF	FALSE	851	108.541106	0.535491808944494	-0.1416	0.6115	FALSE	TRUE	
sugarcane	SoffiXsponR570.5_9Ag019300	WRKY	TFF	FALSE	2	0.342901	1			FALSE	FALSE	
sugarcane	SoffiXsponR570.5_9Ag019700	ABI3VP1	TFF	FALSE	8175	1891.516058	0.793260887620852	-0.1796	0.5022	FALSE	TRUE	
sugarcane	SoffiXsponR570.5_9Ag019800	bZIP	TFF	FALSE	769	108.898804	0.583895481144343			FALSE	FALSE	
sugarcane	SoffiXsponR570.5_9Ag027900	TUB	TFF	FALSE	47	3.602936	0.606845513413506			FALSE	FALSE	
sugarcane	SoffiXsponR570.5_9Ag031700	CCAAT	TFF	FALSE	12253	4272.304432	0.705315539800376	-0.0649	0.8664	FALSE	TRUE	
sugarcane	SoffiXsponR570.5_9Ag035200	TRAF	OTR	FALSE	2	0.231966	0			FALSE	FALSE	
sugarcane	SoffiXsponR570.5_9Ag036300	BSD	TFF	FALSE	14064	5546.07021	0.606110973720808			FALSE	FALSE	
sugarcane	SoffiXsponR570.5_9Ag038700	bZIP	TFF	FALSE	11057	3318.574617	0.714833653059721	0.0384	0.928	FALSE	TRUE	
sugarcane	SoffiXsponR570.5_9Ag040800	MED26	OTR	FALSE	62	7.300395	0.378635642517187			FALSE	FALSE	
sugarcane	SoffiXsponR570.5_9Ag045700	GeBP	TFF	FALSE	7020	1395.341991	0.902042685117197			FALSE	FALSE	
sugarcane	SoffiXsponR570.5_9Ag046400	MYB	TFF	TRUE	16	2.532236	0.425			FALSE	FALSE	
sugarcane	SoffiXsponR570.5_9Ag046600	SART-1	OTR	FALSE	11140	3646.172466	0.720640404434063			FALSE	FALSE	
sugarcane	SoffiXsponR570.5_9Ag049700	bHLH	TFF	FALSE	12695	4532.632251	0.665703073645583			FALSE	FALSE	
sugarcane	SoffiXsponR570.5_9Ag050200	MYB	TFF	TRUE	6615	1324.064602	0.859139446525511	-0.1895	0.4675	FALSE	TRUE	
sugarcane	SoffiXsponR570.5_9Ag051400	Tudor-knot	OTR	FALSE	11264	3523.122646	0.694629955384889			FALSE	FALSE	
sugarcane	SoffiXsponR570.5_9Ag051800	SAP	TFF	FALSE	6	0.657764	0.533333333333333			FALSE	FALSE	
sugarcane	SoffiXsponR570.5_9Ag058100	SAP	TFF	FALSE	8791	2188.856403	0.827412485801942	-0.0286	0.9485	FALSE	TRUE	
sugarcane	SoffiXsponR570.5_9Ag059100	AP2-EREBP	TFF	FALSE	7	0.541476	0.380952380952381			FALSE	FALSE	
sugarcane	SoffiXsponR570.5_9Ag060000	FAR1	TFF	FALSE	405	37.648094	0.841082997188608			FALSE	FALSE	
sugarcane	SoffiXsponR570.5_9Ag060200	Tify	TFF	FALSE	14748	6228.346253	0.575516262551063			FALSE	FALSE	
sugarcane	SoffiXsponR570.5_9Ag062800	GRAS	TFF	FALSE	11	7.08061	0.636363636363636	-0.2075	0.4117	FALSE	TRUE	
sugarcane	SoffiXsponR570.5_9Ag064000	Alfin-like	TFF	FALSE	36	4.010965	0.750793650793651			FALSE	FALSE	
sugarcane	SoffiXsponR570.5_9Ag064300	CCAAT	TFF	FALSE	264	34.955403	0.447372969236087	-0.4411	0.01502	FALSE	TRUE	
sugarcane	SoffiXsponR570.5_9Ag065200	CCAAT	TFF	FALSE	6	0.316538	0.4			FALSE	FALSE	
sugarcane	SoffiXsponR570.5_9Ag066000	MADS	TFF	FALSE	8821	2170.923367	0.871665071575998			FALSE	FALSE	
sugarcane	SoffiXsponR570.5_9Ag075200	C2H2	TFF	FALSE	53	15.117024	0.109579100145138			FALSE	FALSE	
sugarcane	SoffiXsponR570.5_9Ag078100	HRT	TFF	FALSE	9591	2531.961746	0.791262816015493	0.0055	0.992	FALSE	TRUE	
sugarcane	SoffiXsponR570.5_9Ag079500	GNAT	OTR	FALSE	2	0.046743	1			FALSE	FALSE	
sugarcane	SoffiXsponR570.5_9Ag080600	WRKY	TFF	FALSE	320	35.184577	0.536677115987461	-0.5009	0.003816	FALSE	TRUE	
sugarcane	SoffiXsponR570.5_9Ag080700	GRAS	TFF	FALSE	1	0.186803		-0.0789	0.8277	FALSE	TRUE	
sugarcane	SoffiXsponR570.5_9Ag081000	mTERF	OTR	FALSE	106	16.784112	0.402875112309075			FALSE	FALSE	
sugarcane	SoffiXsponR570.5_9Ag082000	C2H2	TFF	FALSE	247	32.102151	0.575688752838945	0.1249	0.6721	FALSE	TRUE	
sugarcane	SoffiXsponR570.5_9Ag082800	BES1	TFF	FALSE	1	0.015943				FALSE	FALSE	
sugarcane	SoffiXsponR570.5_9Ag091800	C3H	TFF	FALSE	56	6.920465	0.314935064935065	0.4651	0.008862	FALSE	TRUE	
sugarcane	SoffiXsponR570.5_9Ag092500	GRAS	TFF	FALSE	155	14.207539	0.597067448680352			FALSE	FALSE	
sugarcane	SoffiXsponR570.5_9Ag093100	NAC	TFF	FALSE	92	35.109915	0.314859053989489			FALSE	FALSE	
sugarcane	SoffiXsponR570.5_9Ag094900	FAR1	TFF	FALSE	10611	3228.024732	0.754674176878492	0.0236	0.9588	FALSE	TRUE	
sugarcane	SoffiXsponR570.5_9Ag095200	ABI3VP1	TFF	FALSE	12938	4915.272766	0.647466258382642	0.1026	0.7503	FALSE	TRUE	
sugarcane	SoffiXsponR570.5_9Ag098700	bHLH	TFF	FALSE	12655	4577.851986	0.666033618721344	-0.1136	0.7132	FALSE	TRUE	
sugarcane	SoffiXsponR570.5_9Ag105200	GRAS	TFF	FALSE	19	1.471701	0.415204678362573			FALSE	FALSE	
sugarcane	SoffiXsponR570.5_9Ag105400	CCAAT	TFF	FALSE	4486	709.465968	0.776273415471694			FALSE	FALSE	
sugarcane	SoffiXsponR570.5_9Ag105500	CCAAT	TFF	FALSE	1	0.096668				FALSE	FALSE	
sugarcane	SoffiXsponR570.5_9Ag123200	SBP	TFF	FALSE	6	0.396768	0.4			FALSE	FALSE	
sugarcane	SoffiXsponR570.5_9Ag126500	PHD	OTR	FALSE	182	25.230355	0.58776030599235	0.1811	0.4964	FALSE	TRUE	
sugarcane	SoffiXsponR570.5_9Ag126700	MYB	TFF	TRUE	41	26.78986	0.681707317073171			FALSE	FALSE	
sugarcane	SoffiXsponR570.5_9Ag134400	SET	OTR	FALSE	51	4.150565	0.418039215686275			FALSE	FALSE	
sugarcane	SoffiXsponR570.5_9Ag137600	mTERF	OTR	FALSE	2	0.153717	0			FALSE	FALSE	
sugarcane	SoffiXsponR570.5_9Ag138800	C2H2	TFF	FALSE	1	0.043182				FALSE	FALSE	
sugarcane	SoffiXsponR570.5_9Ag140000	SET	OTR	FALSE	2	0.130935	0			FALSE	FALSE	
sugarcane	SoffiXsponR570.5_9Ag140600	C2H2	TFF	FALSE	177	25.815263	0.389766307139189			FALSE	FALSE	
sugarcane	SoffiXsponR570.5_9Ag141500	MYB-related	TFF	TRUE	1	0.133317				FALSE	FALSE	
sugarcane	SoffiXsponR570.5_9Ag142400	NAC	TFF	FALSE	40	15.328249	0.571794871794872			FALSE	FALSE	
sugarcane	SoffiXsponR570.5_9Ag142500	NAC	TFF	FALSE	1	0.058534				FALSE	FALSE	
sugarcane	SoffiXsponR570.5_9Ag143100	HMG	OTR	FALSE	1	0.432446				FALSE	FALSE	
sugarcane	SoffiXsponR570.5_9Ag144400	RWP-RK	TFF	FALSE	700	87.652066	0.493321070917637	-0.5132	0.002779	FALSE	TRUE	
sugarcane	SoffiXsponR570.5_9Ag156200	Pseudo_ARR-B	OTR	FALSE	4069	603.966818	0.763958273373298	-0.3112	0.1374	FALSE	TRUE	
sugarcane	SoffiXsponR570.5_9Ag156300	SRS	TFF	FALSE	11	6.855768	0.781818181818182			FALSE	FALSE	
sugarcane	SoffiXsponR570.5_9Ag156900	SRS	TFF	FALSE	2	0.685118	0			FALSE	FALSE	
sugarcane	SoffiXsponR570.5_9Ag159500	zf-A20	TFF	FALSE	2	0.343397	1			FALSE	FALSE	
sugarcane	SoffiXsponR570.5_9Ag159900	HSF	TFF	FALSE	306	49.773737	0.298617807778849			FALSE	FALSE	
sugarcane	SoffiXsponR570.5_9Ag161500	AP2-EREBP	TFF	FALSE	15	1.957159	0.457142857142857	-0.0135	0.9787	FALSE	TRUE	
sugarcane	SoffiXsponR570.5_9Ag161800	AP2-EREBP	TFF	FALSE	14	3.121886	0.516483516483517			FALSE	FALSE	
sugarcane	SoffiXsponR570.5_9Ag161900	AP2-EREBP	TFF	FALSE	8	1.090305	0.392857142857143			FALSE	FALSE	
sugarcane	SoffiXsponR570.5_9Ag162100	AP2-EREBP	TFF	FALSE	2	0.28991	1			FALSE	FALSE	
sugarcane	SoffiXsponR570.5_9Ag164200	bHLH	TFF	FALSE	686	171.992396	0.713983528760827			FALSE	FALSE	
sugarcane	SoffiXsponR570.5_9Ag164300	bHLH	TFF	FALSE	576	179.503762	0.539015700483092			FALSE	FALSE	
sugarcane	SoffiXsponR570.5_9Ag164400	bHLH	TFF	FALSE	516	154.551941	0.634003160984421			FALSE	FALSE	
sugarcane	SoffiXsponR570.5_9Ag164500	bHLH	TFF	FALSE	1180	363.213847	0.483040784347551			FALSE	FALSE	
sugarcane	SoffiXsponR570.5_9Ag171800	bHLH	TFF	FALSE	39	3.782446	0.515519568151147			FALSE	FALSE	
sugarcane	SoffiXsponR570.5_9Ag172500	NAC	TFF	FALSE	5	0.363987	0.5			FALSE	FALSE	
sugarcane	SoffiXsponR570.5_9Ag176900	bHLH	TFF	FALSE	1901	249.511616	0.706152440543758			FALSE	FALSE	
sugarcane	SoffiXsponR570.5_9Ag180700	NAC	TFF	FALSE	320	28.845903	0.840987460815047	0.0885	0.7972	FALSE	TRUE	
sugarcane	SoffiXsponR570.5_9Ag182700	C3H	TFF	FALSE	246	35.343452	0.472009291521487			FALSE	FALSE	
sugarcane	SoffiXsponR570.5_9Ag184700	EIL	TFF	FALSE	7753	1691.898089	0.853831939884917	0.0165	0.9732	FALSE	TRUE	
sugarcane	SoffiXsponR570.5_9Ag184900	bZIP	TFF	FALSE	32	6.415013	0.0766129032258065	0.1459	0.596	FALSE	TRUE	
sugarcane	SoffiXsponR570.5_9Ag185600	bHLH	TFF	FALSE	79	9.708419	0.527426160337553			FALSE	FALSE	
sugarcane	SoffiXsponR570.5_9Ag186300	zf-A20	TFF	FALSE	74	11.88951	0.298407997038134			FALSE	FALSE	
sugarcane	SoffiXsponR570.5_9Ag186500	C2H2	TFF	FALSE	331	59.681561	0.737013640941133			FALSE	FALSE	
sugarcane	SoffiXsponR570.5_9Ag194500	bHLH	TFF	FALSE	10019	2742.954637	0.716143300577774	-0.0102	0.9841	FALSE	TRUE	
sugarcane	SoffiXsponR570.5_9Ag195000	bHLH	TFF	FALSE	7	0.522161	0.142857142857143			FALSE	FALSE	
sugarcane	SoffiXsponR570.5_9Ag195400	bZIP	TFF	FALSE	13	1.28987	0.679487179487179			FALSE	FALSE	
sugarcane	SoffiXsponR570.5_9Ag197700	bHLH	TFF	FALSE	52	12.406438	0.281297134238311			FALSE	FALSE	
sugarcane	SoffiXsponR570.5_9Ag200000	bHLH	TFF	FALSE	142	41.534067	0.136050344620917			FALSE	FALSE	
sugarcane	SoffiXsponR570.5_9Ag204000	HSF	TFF	FALSE	1677	169.053197	0.878913504766866			FALSE	FALSE	
sugarcane	SoffiXsponR570.5_9Ag204200	bZIP	TFF	FALSE	32	3.588634	0.189516129032258			FALSE	FALSE	
sugarcane	SoffiXsponR570.5_9Ag205000	NAC	TFF	FALSE	32	6.415013	0.0766129032258065			FALSE	FALSE	
sugarcane	SoffiXsponR570.5_9Ag206900	GeBP	TFF	FALSE	13866	5530.532806	0.615490619633836			FALSE	FALSE	
sugarcane	SoffiXsponR570.5_9Ag214000	Tify	TFF	FALSE	84	8.85905	0.464429145152037			FALSE	FALSE	
sugarcane	SoffiXsponR570.5_9Ag215700	AP2-EREBP	TFF	FALSE	10243	2961.693127	0.734173335267966			FALSE	FALSE	
sugarcane	SoffiXsponR570.5_9Ag215900	ARID	OTR	FALSE	455	33.78942	0.943515515321683	0.1158	0.7053	FALSE	TRUE	
sugarcane	SoffiXsponR570.5_9Ag217300	CCAAT	TFF	FALSE	7	0.472636	0.619047619047619			FALSE	FALSE	
sugarcane	SoffiXsponR570.5_9Ag220600	AP2-EREBP	TFF	FALSE	110	10.321016	0.756130108423687			FALSE	FALSE	
sugarcane	SoffiXsponR570.5_9Ag224200	WRKY	TFF	FALSE	76	14.231726	0.332631578947368	0.6655	1.235e-05	TRUE	TRUE	ortholog_not_correlated
sugarcane	SoffiXsponR570.5_9Ag224300	WRKY	TFF	FALSE	35	8.655798	0.452100840336134			FALSE	FALSE	
sugarcane	SoffiXsponR570.5_9Ag226100	MYB	TFF	TRUE	157	18.621871	0.480075126571942	-0.2519	0.2743	FALSE	TRUE	
sugarcane	SoffiXsponR570.5_9Ag226700	NAC	TFF	FALSE	1	0.182346				FALSE	FALSE	
sugarcane	SoffiXsponR570.5_9Ag227600	NAC	TFF	FALSE	5	1.778414	0.3			FALSE	FALSE	
sugarcane	SoffiXsponR570.5_9Ag227800	SET	OTR	FALSE	369	54.054207	0.491133498291505			FALSE	FALSE	
sugarcane	SoffiXsponR570.5_9Ag230500	Tify	TFF	FALSE	439	66.061206	0.436879167056719			FALSE	FALSE	
sugarcane	SoffiXsponR570.5_9Ag230600	MYB	TFF	TRUE	187	30.786023	0.552067161175321			FALSE	FALSE	
sugarcane	SoffiXsponR570.5_9Ag230700	MYB	TFF	TRUE	12	1.802851	0.848484848484848			FALSE	FALSE	
sugarcane	SoffiXsponR570.5_9Ag230800	MYB	TFF	TRUE	26	6.514977	0.126153846153846			FALSE	FALSE	
sugarcane	SoffiXsponR570.5_9Ag233700	Jumonji	OTR	FALSE	1498	245.48954	0.471498404017648	0.403	0.0321	FALSE	TRUE	
sugarcane	SoffiXsponR570.5_9Ag234100	NAC	TFF	FALSE	50	11.686158	0.0751020408163265			FALSE	FALSE	
sugarcane	SoffiXsponR570.5_9Ag234200	PHD	OTR	FALSE	7695	1627.634197	0.743866911982418			FALSE	FALSE	
sugarcane	SoffiXsponR570.5_9Ag241500	AP2-EREBP	TFF	FALSE	10260	2881.34973	0.723878733777616			FALSE	FALSE	
sugarcane	SoffiXsponR570.5_9Ag244100	SET	OTR	FALSE	11165	3658.337134	0.699234071257447	0.0187	0.9692	FALSE	TRUE	
sugarcane	SoffiXsponR570.5_9Ag246400	OFP	TFF	FALSE	2	0.368159	1			FALSE	FALSE	
sugarcane	SoffiXsponR570.5_9Ag247600	GNAT	OTR	FALSE	753	92.121266	0.73150306575118			FALSE	FALSE	
sugarcane	SoffiXsponR570.5_9Ag250500	WRKY	TFF	FALSE	156	32.643722	0.255004135649297			FALSE	FALSE	
sugarcane	SoffiXsponR570.5_9Ag250600	WRKY	TFF	FALSE	981	79.582466	0.945012378039901			FALSE	FALSE	
sugarcane	SoffiXsponR570.5_9Ag250700	WRKY	TFF	FALSE	4937	761.258249	0.870584190623575			FALSE	FALSE	
sugarcane	SoffiXsponR570.5_9Ag250800	WRKY	TFF	FALSE	5663	923.702111	0.828945543939656			FALSE	FALSE	
sugarcane	SoffiXsponR570.5_9Ag258500	AP2-EREBP	TFF	FALSE	3142	386.204502	0.842943708099952			FALSE	FALSE	
sugarcane	SoffiXsponR570.5_9Ag259200	SET	OTR	FALSE	12810	4705.523232	0.669213251392022			FALSE	FALSE	
sugarcane	SoffiXsponR570.5_9Ag260500	bZIP	TFF	FALSE	542	74.418394	0.506128462393681			FALSE	FALSE	
sugarcane	SoffiXsponR570.5_9Ag261700	MYB-related	TFF	TRUE	13386	5118.914617	0.611380575304313			FALSE	FALSE	
sugarcane	SoffiXsponR570.5_9Ag261800	MYB-related	TFF	TRUE	1763	284.407019	0.413722481864895			FALSE	FALSE	
sugarcane	SoffiXsponR570.5_9Ag269400	ARF	TFF	FALSE	19	1.28945	0.52046783625731	-0.4624	0.009408	FALSE	TRUE	
sugarcane	SoffiXsponR570.5_9Ag270300	NAC	TFF	FALSE	21	2.703077	0.233333333333333			FALSE	FALSE	
sugarcane	SoffiXsponR570.5_9Ag273800	C2H2	TFF	FALSE	55	24.388744	0.577104377104377			FALSE	FALSE	
sugarcane	SoffiXsponR570.5_9Ag275600	SAP	TFF	FALSE	126	13.725878	0.706920634920635	-0.006	0.9911	FALSE	TRUE	
sugarcane	SoffiXsponR570.5_9Ag281200	zf-C5HC2	TFF	FALSE	2	0.289415	1			FALSE	FALSE	
sugarcane	SoffiXsponR570.5_9Ag284000	MADS	TFF	FALSE	6	1.517019	0.6			FALSE	FALSE	
sugarcane	SoffiXsponR570.5_9Ag292300	ABI3VP1	TFF	FALSE	5	0.713137	0.8			FALSE	FALSE	
sugarcane	SoffiXsponR570.5_9Ag292600	MYB	TFF	TRUE	13284	5018.067059	0.654273133110011	0.0526	0.8974	FALSE	TRUE	
sugarcane	SoffiXsponR570.5_9Ag294300	AP2-EREBP	TFF	FALSE	130	27.921046	0.424806201550388			FALSE	FALSE	
sugarcane	SoffiXsponR570.5_9Ag294400	AP2-EREBP	TFF	FALSE	25	9.86969	0.4	0.2071	0.4127	FALSE	TRUE	
sugarcane	SoffiXsponR570.5_9Ag297200	BES1	TFF	FALSE	14854	6338.108649	0.569384501121176	-0.0273	0.9513	FALSE	TRUE	
sugarcane	SoffiXsponR570.5_9Ag304300	WRKY	TFF	FALSE	13	1.316613	0.461538461538462			FALSE	FALSE	
sugarcane	SoffiXsponR570.5_9Ag304400	WRKY	TFF	FALSE	5	0.874092	0.7			FALSE	FALSE	
sugarcane	SoffiXsponR570.5_9Ag309500	MYB-related	TFF	TRUE	33	3.459965	0.496212121212121			FALSE	FALSE	
sugarcane	SoffiXsponR570.5_9Ag310800	TRAF	OTR	FALSE	18	4.045903	0.0522875816993464			FALSE	FALSE	
sugarcane	SoffiXsponR570.5_9Ag314100	AP2-EREBP	TFF	FALSE	8	2.533952	0.571428571428571			FALSE	FALSE	
sugarcane	SoffiXsponR570.5_9Ag325200	GNAT	OTR	FALSE	9446	2522.544697	0.740630618644532	0.0181	0.9703	FALSE	TRUE	
sugarcane	SoffiXsponR570.5_9Ag341700	AP2-EREBP	TFF	FALSE	370	28.299445	0.941712444151469			FALSE	FALSE	
sugarcane	SoffiXsponR570.5_9Ag344200	AP2-EREBP	TFF	FALSE	22	2.563017	0.424242424242424	0.3327	0.102	FALSE	TRUE	
sugarcane	SoffiXsponR570.5_9Ag344700	NAC	TFF	FALSE	2	0.398864	0			FALSE	FALSE	
sugarcane	SoffiXsponR570.5_9Ag348100	bHLH	TFF	FALSE	25	6.396518	0.67			FALSE	FALSE	
sugarcane	SoffiXsponR570.5_9Ag348200	FHA	TFF	FALSE	1	0.024857				FALSE	FALSE	
sugarcane	SoffiXsponR570.5_9Ag351900	AP2-EREBP	TFF	FALSE	11	1.85971	0.327272727272727			FALSE	FALSE	
sugarcane	SoffiXsponR570.5_9Ag366800	SAP	TFF	FALSE	1273	116.796878	0.928022499221865	-0.153	0.596	FALSE	TRUE	
sugarcane	SoffiXsponR570.5_9Ag367800	AUX/IAA	OTR	FALSE	43	4.677244	0.359911406423034			FALSE	FALSE	
sugarcane	SoffiXsponR570.5_9Ag368800	bHLH	TFF	FALSE	612	47.345898	0.91428388049164			FALSE	FALSE	
sugarcane	SoffiXsponR570.5_9Ag375000	PHD	OTR	FALSE	1	0.201661				FALSE	FALSE	
sugarcane	SoffiXsponR570.5_9Ag376800	zf-A20	TFF	FALSE	6	1.638354	0.6			FALSE	FALSE	
sugarcane	SoffiXsponR570.5_9Ag378200	TRAF	OTR	FALSE	3380	442.210905	0.858982647784524	-0.1762	0.5136	FALSE	TRUE	
sugarcane	SoffiXsponR570.5_9Ag391000	Rcd1-like	OTR	FALSE	1	0.07983				FALSE	FALSE	
sugarcane	SoffiXsponR570.5_9Ag392600	bHLH	TFF	FALSE	9	1.808014	0.666666666666667			FALSE	FALSE	
sugarcane	SoffiXsponR570.5_9Ag394200	MYB	TFF	TRUE	114	13.782186	0.806862288464524			FALSE	FALSE	
sugarcane	SoffiXsponR570.5_9Ag394500	NAC	TFF	FALSE	92	35.109915	0.314859053989489			FALSE	FALSE	
sugarcane	SoffiXsponR570.5_9Ag395600	mTERF	OTR	FALSE	341	50.009335	0.40853889943074	-0.1244	0.6741	FALSE	TRUE	
sugarcane	SoffiXsponR570.5_9Ag398400	HB	TFF	FALSE	62	15.338264	0.40560549973559			FALSE	FALSE	
sugarcane	SoffiXsponR570.5_9Ag405500	C2C2-GATA	TFF	FALSE	18	2.833042	0.549019607843137	-0.5968	0.0002149	FALSE	TRUE	
sugarcane	SoffiXsponR570.5_9Ag405600	TFIID	TFF	FALSE	394	52.071136	0.386936360935664			FALSE	FALSE	
sugarcane	SoffiXsponR570.5_9Ag407600	C2C2-YABBY	TFF	FALSE	6459	1208.7903	0.712358742241063			FALSE	FALSE	
sugarcane	SoffiXsponR570.5_9Ag409000	CCAAT	TFF	FALSE	169	28.066888	0.194209636517329			FALSE	FALSE	
sugarcane	SoffiXsponR570.5_9Ag413700	ARF	TFF	FALSE	959	168.335188	0.278517331684666	-0.1334	0.6416	FALSE	TRUE	
sugarcane	SoffiXsponR570.5_9Ag414800	CCAAT	TFF	FALSE	284	36.873912	0.552829343552481			FALSE	FALSE	
sugarcane	SoffiXsponR570.5_9Ag417600	zf-LSD1	TFF	FALSE	11746	3822.384692	0.67654494955195	-0.003	0.9952	FALSE	TRUE	
sugarcane	SoffiXsponR570.5_9Ag417800	NAC	TFF	FALSE	127	19.531761	0.277965254343207			FALSE	FALSE	
sugarcane	SoffiXsponR570.5_9Ag419100	bHLH	TFF	FALSE	66	7.212126	0.37995337995338			FALSE	FALSE	
sugarcane	SoffiXsponR570.5_9Ag422300	CPP	TFF	FALSE	3	0.284557	1			FALSE	FALSE	
sugarcane	SoffiXsponR570.5_9Ag424400	bZIP	TFF	FALSE	1	0.521591				FALSE	FALSE	
sugarcane	SoffiXsponR570.5_9Ag424500	AUX/IAA	OTR	FALSE	1477	283.64043	0.457675321506093			FALSE	FALSE	
sugarcane	SoffiXsponR570.5_9Ag424600	AUX/IAA	OTR	FALSE	2015	447.951831	0.408499806564963			FALSE	FALSE	
sugarcane	SoffiXsponR570.5_9Ag428100	WRKY	TFF	FALSE	39	2.683492	0.856950067476383			FALSE	FALSE	
sugarcane	SoffiXsponR570.5_9Ag428900	LIM	TFF	FALSE	157	22.531356	0.465784746039523	0.5036	0.003562	FALSE	TRUE	
sugarcane	SoffiXsponR570.5_9Ag431800	TAZ	TFF	FALSE	3	0.086953	1	-0.0278	0.9499	FALSE	TRUE	
sugarcane	SoffiXsponR570.5_9Ag432100	ABI3VP1	TFF	FALSE	176	61.961806	0.26525974025974			FALSE	FALSE	
sugarcane	SoffiXsponR570.5_9Ag432200	ABI3VP1	TFF	FALSE	4	1.088934	0.166666666666667			FALSE	FALSE	
sugarcane	SoffiXsponR570.5_9Ag432400	ABI3VP1	TFF	FALSE	1	0.023372				FALSE	FALSE	
sugarcane	SoffiXsponR570.5_9Ag435400	MYB-related	TFF	TRUE	38	3.607529	0.776671408250356	0.4929	0.004636	FALSE	TRUE	
sugarcane	SoffiXsponR570.5_9Ag436700	AP2-EREBP	TFF	FALSE	1	0.045658				FALSE	FALSE	
sugarcane	SoffiXsponR570.5_9Ag443300	GRAS	TFF	FALSE	19	1.464767	0.672514619883041			FALSE	FALSE	
sugarcane	SoffiXsponR570.5_9Ag449100	MYB;MYB-related	TFF	TRUE	302	42.564532	0.284922223933467			FALSE	FALSE	
sugarcane	SoffiXsponR570.5_9Ag452000	MYB	TFF	TRUE	128	21.845158	0.344734251968504			FALSE	FALSE	
sugarcane	SoffiXsponR570.5_9Ag453700	PAS	TFF	FALSE	9336	2587.955958	0.751995076163869	0.0527	0.8971	FALSE	TRUE	
sugarcane	SoffiXsponR570.5_9Ag454400	bZIP	TFF	FALSE	1	0.059525				FALSE	FALSE	
sugarcane	SoffiXsponR570.5_9Ag469200	PHD	OTR	FALSE	7721	1684.4594	0.810332663827137	-0.2667	0.2346	FALSE	TRUE	
sugarcane	SoffiXsponR570.5_9Ag470200	MYB	TFF	TRUE	249	57.270825	0.455110765643218			FALSE	FALSE	
sugarcane	SoffiXsponR570.5_9Ag472700	LIM	TFF	FALSE	1577	337.17927	0.510343001715652			FALSE	FALSE	
sugarcane	SoffiXsponR570.5_9Ag474100	SWI/SNF-BAF60b	OTR	FALSE	38	4.33901	0.452347083926031			FALSE	FALSE	
sugarcane	SoffiXsponR570.5_9Ag474300	WRKY	TFF	FALSE	240	36.701346	0.272245467224547			FALSE	FALSE	
sugarcane	SoffiXsponR570.5_9Ag477400	MADS	TFF	FALSE	56	21.975993	0.798701298701299			FALSE	FALSE	
sugarcane	SoffiXsponR570.5_9Ag477600	MADS	TFF	FALSE	385	101.00966	0.654964826839827			FALSE	FALSE	
sugarcane	SoffiXsponR570.5_9Ag478100	TRAF	OTR	FALSE	191	36.23066	0.0349958666299256			FALSE	FALSE	
sugarcane	SoffiXsponR570.5_9Ag479700	MYB	TFF	TRUE	10	0.661611	0.377777777777778			FALSE	FALSE	
sugarcane	SoffiXsponR570.5_9Ag488200	HB	TFF	FALSE	83	11.371841	0.43667352336174	-0.4719	0.007623	FALSE	TRUE	
sugarcane	SoffiXsponR570.5_9Ag490600	MYB	TFF	TRUE	7775	1741.698319	0.865903311971557			FALSE	FALSE	
sugarcane	SoffiXsponR570.5_9Ag495600	NAC	TFF	FALSE	113	14.527439	0.417825537294564			FALSE	FALSE	
sugarcane	SoffiXsponR570.5os1g002500	FHA	TFF	FALSE	104	7.738719	0.744772218073189			FALSE	FALSE	
sugarcane	SoffiXsponR570.5os1g005600	DDT	OTR	FALSE	1	0.017429				FALSE	FALSE	
sugarcane	SoffiXsponR570.5os1g005800	bHLH	TFF	FALSE	9	0.847729	0.694444444444445			FALSE	FALSE	
sugarcane	SoffiXsponR570.5os2g004600	Top	TFF	FALSE	12241	4240.852591	0.701876822400665	-0.0444	0.9157	FALSE	TRUE	
sugarcane	SoffiXsponR570.5os2g007000	TRAF	OTR	FALSE	58	3.806538	0.808832425892317	-0.166	0.5515	FALSE	TRUE	
sugarcane	SoffiXsponR570.6_9Ag001300	PAS	TFF	FALSE	28	3.492671	0.388888888888889			FALSE	FALSE	
sugarcane	SoffiXsponR570.6_9Ag003200	SAP	TFF	FALSE	3	0.192936	0.333333333333333			FALSE	FALSE	
sugarcane	SoffiXsponR570.6_9Ag019200	C2H2	TFF	FALSE	905	97.327889	0.732687136361414	-0.1399	0.6179	FALSE	TRUE	
sugarcane	SoffiXsponR570.6_9Ag021400	FAR1	TFF	FALSE	1059	91.420355	0.944422726437003	-0.2539	0.2692	FALSE	TRUE	
sugarcane	SoffiXsponR570.6_9Ag025300	NAC	TFF	FALSE	57	4.877169	0.802005012531328			FALSE	FALSE	
sugarcane	SoffiXsponR570.6_9Ag029000	MYB	TFF	TRUE	2258	583.136423	0.425390076655523			FALSE	FALSE	
sugarcane	SoffiXsponR570.6_9Ag029200	MYB	TFF	TRUE	52	19.661816	0.368778280542986			FALSE	FALSE	
sugarcane	SoffiXsponR570.6_9Ag029400	MYB	TFF	TRUE	2	0.339435	0			FALSE	FALSE	
sugarcane	SoffiXsponR570.6_9Ag030200	FHA	TFF	FALSE	639	159.957869	0.382911190584819			FALSE	FALSE	
sugarcane	SoffiXsponR570.6_9Ag030500	NAC	TFF	FALSE	7	1.938074	0.666666666666667			FALSE	FALSE	
sugarcane	SoffiXsponR570.6_9Ag030900	C3H	TFF	FALSE	3	0.628754	0.333333333333333			FALSE	FALSE	
sugarcane	SoffiXsponR570.6_9Ag032400	GRAS	TFF	FALSE	5	1.037524	0.7			FALSE	FALSE	
sugarcane	SoffiXsponR570.6_9Ag036600	WRKY	TFF	FALSE	90	15.576168	0.282646691635456			FALSE	FALSE	
sugarcane	SoffiXsponR570.6_9Ag036800	WRKY	TFF	FALSE	98	22.369745	0.330317694087944	0.6296	5.997e-05	TRUE	TRUE	ortholog_not_correlated
sugarcane	SoffiXsponR570.6_9Ag036900	SET	OTR	FALSE	48	6.560155	0.564716312056738	0.5861	0.0003158	FALSE	TRUE	
sugarcane	SoffiXsponR570.6_9Ag037200	WRKY	TFF	FALSE	31	3.879745	0.296774193548387			FALSE	FALSE	
sugarcane	SoffiXsponR570.6_9Ag037400	WRKY	TFF	FALSE	10	0.789385	0.444444444444444			FALSE	FALSE	
sugarcane	SoffiXsponR570.6_9Ag037800	WRKY	TFF	FALSE	6	0.369035	0.266666666666667			FALSE	FALSE	
sugarcane	SoffiXsponR570.6_9Ag042300	DDT;PHD	OTR	FALSE	1	0.020895		0.2983	0.1621	FALSE	TRUE	
sugarcane	SoffiXsponR570.6_9Ag050000	bZIP	TFF	FALSE	175	55.488824	0.174712643678161			FALSE	FALSE	
sugarcane	SoffiXsponR570.6_9Ag051400	OFP	TFF	FALSE	4	0.225223	0.666666666666667			FALSE	FALSE	
sugarcane	SoffiXsponR570.6_9Ag051500	OFP	TFF	FALSE	1	0.097659				FALSE	FALSE	
sugarcane	SoffiXsponR570.6_9Ag053800	WRKY	TFF	FALSE	11	0.560675	0.927272727272727			FALSE	FALSE	
sugarcane	SoffiXsponR570.6_9Ag054300	bZIP	TFF	FALSE	6308	1129.318914	0.864864597207017			FALSE	FALSE	
sugarcane	SoffiXsponR570.6_9Ag055000	TUB	TFF	FALSE	1069	177.564182	0.42173020394292			FALSE	FALSE	
sugarcane	SoffiXsponR570.6_9Ag057200	SAP	TFF	FALSE	21	2.520825	0.647619047619048			FALSE	FALSE	
sugarcane	SoffiXsponR570.6_9Ag058600	C2C2-GATA	TFF	FALSE	21	6.156933	0.180952380952381			FALSE	FALSE	
sugarcane	SoffiXsponR570.6_9Ag061000	TCP	TFF	FALSE	5	0.183717	0.8			FALSE	FALSE	
sugarcane	SoffiXsponR570.6_9Ag062900	MYB;MYB-related	TFF	TRUE	1	0.028819				FALSE	FALSE	
sugarcane	SoffiXsponR570.6_9Ag063600	MYB-related	TFF	TRUE	310	22.948534	0.917047708529074	-0.1662	0.5507	FALSE	TRUE	
sugarcane	SoffiXsponR570.6_9Ag067100	WRKY	TFF	FALSE	31	8.996643	0.417204301075269			FALSE	FALSE	
sugarcane	SoffiXsponR570.6_9Ag067200	WRKY	TFF	FALSE	7	1.898454	0.285714285714286			FALSE	FALSE	
sugarcane	SoffiXsponR570.6_9Ag067300	WRKY	TFF	FALSE	6	1.223832	0.4			FALSE	FALSE	
sugarcane	SoffiXsponR570.6_9Ag074900	NAC	TFF	FALSE	50	11.686158	0.0751020408163265			FALSE	FALSE	
sugarcane	SoffiXsponR570.6_9Ag076300	zf-HD	TFF	FALSE	358	51.494217	0.570364458632615			FALSE	FALSE	
sugarcane	SoffiXsponR570.6_9Ag077200	Alfin-like	TFF	FALSE	42	2.244987	0.826945412311266			FALSE	FALSE	
sugarcane	SoffiXsponR570.6_9Ag077800	Alfin-like	TFF	FALSE	1	0.112516		-0.3439	0.08668	FALSE	TRUE	
sugarcane	SoffiXsponR570.6_9Ag086300	bZIP	TFF	FALSE	12405	4377.954207	0.685645085169052			FALSE	FALSE	
sugarcane	SoffiXsponR570.6_9Ag091900	Jumonji	OTR	FALSE	15	1.273717	0.647619047619048			FALSE	FALSE	
sugarcane	SoffiXsponR570.6_9Ag092500	C3H	TFF	FALSE	31	2.604977	0.750537634408602	-0.1454	0.5977	FALSE	TRUE	
sugarcane	SoffiXsponR570.6_9Ag102800	GRAS	TFF	FALSE	132	42.855923	0.174068933610918			FALSE	FALSE	
sugarcane	SoffiXsponR570.6_9Ag102900	GRAS	TFF	FALSE	63	22.791341	0.648233486943164			FALSE	FALSE	
sugarcane	SoffiXsponR570.6_9Ag103000	GRAS	TFF	FALSE	40	10.8106	0.58974358974359	0.1138	0.7126	FALSE	TRUE	
sugarcane	SoffiXsponR570.6_9Ag105500	C2C2-Dof	TFF	FALSE	15	1.388614	0.657142857142857			FALSE	FALSE	
sugarcane	SoffiXsponR570.6_9Ag108400	C2H2	TFF	FALSE	48	8.448039	0.657801418439716			FALSE	FALSE	
sugarcane	SoffiXsponR570.6_9Ag108700	MYB;MYB-related	TFF	TRUE	189	36.175498	0.282674772036474			FALSE	FALSE	
sugarcane	SoffiXsponR570.6_9Ag108900	MYB	TFF	TRUE	136	22.422386	0.195751633986928			FALSE	FALSE	
sugarcane	SoffiXsponR570.6_9Ag116600	C2H2	TFF	FALSE	6272	1167.629335	0.894957839618067			FALSE	FALSE	
sugarcane	SoffiXsponR570.6_9Ag116900	AP2-EREBP	TFF	FALSE	5052	788.514237	0.81962211883758	-0.1827	0.491	FALSE	TRUE	
sugarcane	SoffiXsponR570.6_9Ag118600	SAP	TFF	FALSE	14803	6398.075318	0.562002969358335	0.0407	0.9233	FALSE	TRUE	
sugarcane	SoffiXsponR570.6_9Ag120200	MYB-related	TFF	TRUE	1090	168.169845	0.538883412945131	0.0711	0.8501	FALSE	TRUE	
sugarcane	SoffiXsponR570.6_9Ag121800	C3H	TFF	FALSE	15	2.343452	0.266666666666667	0.5287	0.001852	FALSE	TRUE	
sugarcane	SoffiXsponR570.6_9Ag123200	bZIP	TFF	FALSE	3984	551.482301	0.819094984003299	0.3136	0.1332	FALSE	TRUE	
sugarcane	SoffiXsponR570.6_9Ag123300	HB	TFF	FALSE	20	1.796678	0.88421052631579			FALSE	FALSE	
sugarcane	SoffiXsponR570.6_9Ag128900	bHLH	TFF	FALSE	209	25.507289	0.505152741994847	0.263	0.2438	FALSE	TRUE	
sugarcane	SoffiXsponR570.6_9Ag133100	Top	TFF	FALSE	6450	1211.25033	0.855137398863594	-0.1974	0.4417	FALSE	TRUE	
sugarcane	SoffiXsponR570.6_9Ag144600	Top	TFF	FALSE	1	0.187794				FALSE	FALSE	
sugarcane	SoffiXsponR570.6_9Ag145300	C2C2-GATA	TFF	FALSE	66	20.435238	0.145454545454545			FALSE	FALSE	
sugarcane	SoffiXsponR570.6_9Ag153600	Alfin-like	TFF	FALSE	8	0.455398	0.785714285714286			FALSE	FALSE	
sugarcane	SoffiXsponR570.6_9Ag154500	bHLH	TFF	FALSE	66	16.253862	0.112820512820513			FALSE	FALSE	
sugarcane	SoffiXsponR570.6_9Ag160900	HMG	OTR	FALSE	12	5.24086	0.515151515151515			FALSE	FALSE	
sugarcane	SoffiXsponR570.6_9Ag161400	WRKY	TFF	FALSE	59	10.145803	0.437755698421976			FALSE	FALSE	
sugarcane	SoffiXsponR570.6_9Ag162400	AUX/IAA	OTR	FALSE	8	0.638639	0.642857142857143			FALSE	FALSE	
sugarcane	SoffiXsponR570.6_9Ag164200	MYB-related	TFF	TRUE	3	0.761481	1			FALSE	FALSE	
sugarcane	SoffiXsponR570.6_9Ag165400	bHLH	TFF	FALSE	80	9.607979	0.615189873417722			FALSE	FALSE	
sugarcane	SoffiXsponR570.6_9Ag165600	bHLH	TFF	FALSE	16	1.900795	0.608333333333333	0.0721	0.8473	FALSE	TRUE	
sugarcane	SoffiXsponR570.6_9Ag166800	MADS	TFF	FALSE	50	11.686158	0.0751020408163265			FALSE	FALSE	
sugarcane	SoffiXsponR570.6_9Ag173000	OFP	TFF	FALSE	279	53.048719	0.0307624867847657			FALSE	FALSE	
sugarcane	SoffiXsponR570.6_9Ag174200	MYB	TFF	TRUE	11908	4001.377629	0.720245645212721			FALSE	FALSE	
sugarcane	SoffiXsponR570.6_9Ag175400	AUX/IAA	OTR	FALSE	357	57.944722	0.236726151134611			FALSE	FALSE	
sugarcane	SoffiXsponR570.6_9Ag175800	GNAT	OTR	FALSE	380	65.114627	0.331426190806832			FALSE	FALSE	
sugarcane	SoffiXsponR570.6_9Ag177800	bHLH	TFF	FALSE	10708	3163.629475	0.725150482479998	-0.0391	0.9265	FALSE	TRUE	
sugarcane	SoffiXsponR570.6_9Ag183300	WRKY	TFF	FALSE	1	0.119945				FALSE	FALSE	
sugarcane	SoffiXsponR570.6_9Ag187300	WRKY	TFF	FALSE	72	12.553447	0.495305164319249	0.3672	0.06009	FALSE	TRUE	
sugarcane	SoffiXsponR570.6_9Ag188000	AP2-EREBP	TFF	FALSE	30	2.783667	0.432183908045977	-0.4684	0.008243	FALSE	TRUE	
sugarcane	SoffiXsponR570.6_9Ag189700	MYB	TFF	TRUE	10	2.601496	0.177777777777778			FALSE	FALSE	
sugarcane	SoffiXsponR570.6_9Ag195400	AP2-EREBP	TFF	FALSE	21	3.166628	0.485714285714286			FALSE	FALSE	
sugarcane	SoffiXsponR570.6_9Ag199600	PHD	OTR	FALSE	1	0.18086				FALSE	FALSE	
sugarcane	SoffiXsponR570.6_9Ag206200	SRS	TFF	FALSE	7	0.653402	0.19047619047619	-0.2537	0.2694	FALSE	TRUE	
sugarcane	SoffiXsponR570.6_9Ag207500	AP2-EREBP	TFF	FALSE	879	133.645888	0.519908987485779	0.2021	0.4262	FALSE	TRUE	
sugarcane	SoffiXsponR570.6_9Ag215300	mTERF	OTR	FALSE	11973	3881.467024	0.669276252456768	0.0278	0.95	FALSE	TRUE	
sugarcane	SoffiXsponR570.6_9Ag216500	mTERF	OTR	FALSE	10	0.500655	0.755555555555556			FALSE	FALSE	
sugarcane	SoffiXsponR570.6_9Ag218000	SBP	TFF	FALSE	54	6.094202	0.359888190076869	0.1789	0.5048	FALSE	TRUE	
sugarcane	SoffiXsponR570.6_9Ag218300	FAR1	TFF	FALSE	120	10.332366	0.765546218487395			FALSE	FALSE	
sugarcane	SoffiXsponR570.6_9Ag220800	bZIP	TFF	FALSE	1	0.014457		0.2802	0.2014	FALSE	TRUE	
sugarcane	SoffiXsponR570.6_9Ag221500	MED26	OTR	FALSE	49	7.128299	0.282312925170068	0.7728	2.042e-08	TRUE	TRUE	ortholog_not_correlated
sugarcane	SoffiXsponR570.6_9Ag223700	NAC	TFF	FALSE	67	4.509655	0.717322478516508			FALSE	FALSE	
sugarcane	SoffiXsponR570.6_9Ag224000	Alfin-like	TFF	FALSE	1805	204.204667	0.754392516476159	-0.2837	0.1934	FALSE	TRUE	
sugarcane	SoffiXsponR570.6_9Ag224900	AP2-EREBP	TFF	FALSE	74	23.772481	0.14476119955572			FALSE	FALSE	
sugarcane	SoffiXsponR570.6_9Ag225200	SWI/SNF-BAF60b	OTR	FALSE	2	0.221566	1			FALSE	FALSE	
sugarcane	SoffiXsponR570.6_9Ag225400	NAC	TFF	FALSE	118	12.831691	0.267130233231928			FALSE	FALSE	
sugarcane	SoffiXsponR570.6_9Ag225600	MADS	TFF	FALSE	8	0.794147	0.785714285714286			FALSE	FALSE	
sugarcane	SoffiXsponR570.6_9Ag226600	GRAS	TFF	FALSE	16	1.727459	0.441666666666667	-0.3301	0.1058	FALSE	TRUE	
sugarcane	SoffiXsponR570.6_9Ag226900	NAC	TFF	FALSE	4236	602.56975	0.8737051170994			FALSE	FALSE	
sugarcane	SoffiXsponR570.6_9Ag230000	MYB	TFF	TRUE	1	0.016438				FALSE	FALSE	
sugarcane	SoffiXsponR570.6_9Ag233000	MYB-related	TFF	TRUE	2	0.045753	1			FALSE	FALSE	
sugarcane	SoffiXsponR570.6_9Ag234200	MYB-related	TFF	TRUE	318	22.596183	0.855504632660754	-0.1207	0.6883	FALSE	TRUE	
sugarcane	SoffiXsponR570.6_9Ag235100	C2C2-Dof	TFF	FALSE	5	1.035543	0.8			FALSE	FALSE	
sugarcane	SoffiXsponR570.6_9Ag235700	OFP	TFF	FALSE	1	0.07042				FALSE	FALSE	
sugarcane	SoffiXsponR570.6_9Ag236000	MYB-related	TFF	TRUE	8	1.388939	0.5			FALSE	FALSE	
sugarcane	SoffiXsponR570.6_9Ag236100	MYB-related	TFF	TRUE	233	187.899285	0.142370874648513			FALSE	FALSE	
sugarcane	SoffiXsponR570.6_9Ag236200	MYB-related	TFF	TRUE	227	127.039715	0.0916143620131769			FALSE	FALSE	
sugarcane	SoffiXsponR570.6_9Ag237300	C2H2	TFF	FALSE	1	0.28932				FALSE	FALSE	
sugarcane	SoffiXsponR570.6_9Ag241200	HB	TFF	FALSE	1282	242.542591	0.493985661065787			FALSE	FALSE	
sugarcane	SoffiXsponR570.6_9Ag241300	bHLH	TFF	FALSE	6	1.328824	0.333333333333333			FALSE	FALSE	
sugarcane	SoffiXsponR570.6_9Ag245700	C2H2	TFF	FALSE	21	14.611306	0.695238095238095			FALSE	FALSE	
sugarcane	SoffiXsponR570.6_9Ag247300	CCAAT	TFF	FALSE	50	6.957534	0.491428571428571			FALSE	FALSE	
sugarcane	SoffiXsponR570.6_9Ag252400	WRKY	TFF	FALSE	138	18.277849	0.348883952184492			FALSE	FALSE	
sugarcane	SoffiXsponR570.6_9Ag254200	OFP	TFF	FALSE	1	0.083297				FALSE	FALSE	
sugarcane	SoffiXsponR570.6_9Ag255500	WRKY	TFF	FALSE	4	0.244042	0.5			FALSE	FALSE	
sugarcane	SoffiXsponR570.6_9Ag255600	WRKY	TFF	FALSE	65	12.893512	0.213942307692308			FALSE	FALSE	
sugarcane	SoffiXsponR570.6_9Ag256600	GNAT	OTR	FALSE	893	195.491266	0.312138757350394			FALSE	FALSE	
sugarcane	SoffiXsponR570.6_9Ag256800	ABI3VP1	TFF	FALSE	5	0.22928	0.2			FALSE	FALSE	
sugarcane	SoffiXsponR570.6_9Ag258100	GRAS	TFF	FALSE	80	34.804197	0.441772151898734			FALSE	FALSE	
sugarcane	SoffiXsponR570.6_9Ag258500	NOT2_3_5	OTR	FALSE	1	0.318044				FALSE	FALSE	
sugarcane	SoffiXsponR570.6_9Ag259000	MYB-related	TFF	TRUE	1	0.034762				FALSE	FALSE	
sugarcane	SoffiXsponR570.6_9Ag260800	SET	OTR	FALSE	36	4.704807	0.333333333333333	-0.5415	0.00129	FALSE	TRUE	
sugarcane	SoffiXsponR570.6_9Ag261400	bZIP	TFF	FALSE	16	2.770945	0.0333333333333333			FALSE	FALSE	
sugarcane	SoffiXsponR570.6_9Ag264200	bZIP	TFF	FALSE	3	0.37915	0.666666666666667			FALSE	FALSE	
sugarcane	SoffiXsponR570.6_9Ag265600	AP2-EREBP	TFF	FALSE	1	0.075868				FALSE	FALSE	
sugarcane	SoffiXsponR570.6_9Ag272600	CPP	TFF	FALSE	13	1.229945	0.397435897435897			FALSE	FALSE	
sugarcane	SoffiXsponR570.6_9Ag274700	BSD	TFF	FALSE	59	5.706898	0.537112799532437			FALSE	FALSE	
sugarcane	SoffiXsponR570.6_9Ag275400	TCP	TFF	FALSE	118	12.480065	0.532087498189193			FALSE	FALSE	
sugarcane	SoffiXsponR570.6_9Ag276800	C2C2-Dof	TFF	FALSE	7	3.144992	0.380952380952381			FALSE	FALSE	
sugarcane	SoffiXsponR570.6_9Ag277900	ARF	TFF	FALSE	135	18.846108	0.392260917634052			FALSE	FALSE	
sugarcane	SoffiXsponR570.6_9Ag281300	PHD	OTR	FALSE	20	1.525283	0.757894736842105			FALSE	FALSE	
sugarcane	SoffiXsponR570.6_9Ag283900	AUX/IAA	OTR	FALSE	2	0.245338	0			FALSE	FALSE	
sugarcane	SoffiXsponR570.6_9Ag288200	HSF	TFF	FALSE	8	0.547019	0.607142857142857			FALSE	FALSE	
sugarcane	SoffiXsponR570.6_9Ag292300	WRKY	TFF	FALSE	39	7.808314	0.593792172739541			FALSE	FALSE	
sugarcane	SoffiXsponR570.6_9Ag296700	MYB	TFF	TRUE	44	3.06085	0.590909090909091			FALSE	FALSE	
sugarcane	SoffiXsponR570.6_9Ag299900	AP2-EREBP	TFF	FALSE	20	1.742696	0.405263157894737	0.2373	0.3157	FALSE	TRUE	
sugarcane	SoffiXsponR570.6_9Ag302700	MYB	TFF	TRUE	9	0.682811	0.472222222222222			FALSE	FALSE	
sugarcane	SoffiXsponR570.6_9Ag307000	AUX/IAA	OTR	FALSE	86	8.716608	0.33625170998632			FALSE	FALSE	
sugarcane	SoffiXsponR570.6_9Ag308300	Trihelix	TFF	FALSE	1	0.011981				FALSE	FALSE	
sugarcane	SoffiXsponR570.6_9Ag309300	DDT	OTR	FALSE	35	3.246703	0.401680672268908	0.1036	0.7469	FALSE	TRUE	
sugarcane	SoffiXsponR570.6_9Ag309500	NAC	TFF	FALSE	32	4.611816	0.643145161290323			FALSE	FALSE	
sugarcane	SoffiXsponR570.6_9Ag309700	ARF	TFF	FALSE	7	0.820795	0.761904761904762	-0.7373	2.383e-07	TRUE	TRUE	ortholog_not_correlated
sugarcane	SoffiXsponR570.6_9Ag310700	C3H	TFF	FALSE	5260	873.096548	0.683936861451345	0.0639	0.8697	FALSE	TRUE	
sugarcane	SoffiXsponR570.6_9Ag313800	MYB-related	TFF	TRUE	1	0.193737				FALSE	FALSE	
sugarcane	SoffiXsponR570.6_9Ag317000	WRKY	TFF	FALSE	37	4.487489	0.596096096096096			FALSE	FALSE	
sugarcane	SoffiXsponR570.6_9Ag318300	CCAAT	TFF	FALSE	1	0.062001				FALSE	FALSE	
sugarcane	SoffiXsponR570.6_9Ag323300	MYB-related	TFF	TRUE	16	2.608009	0.258333333333333			FALSE	FALSE	
sugarcane	SoffiXsponR570.6_9Ag326300	WRKY	TFF	FALSE	6	1.12082	0.333333333333333			FALSE	FALSE	
sugarcane	SoffiXsponR570.6_9Ag328900	bHLH	TFF	FALSE	9	0.534732	0.611111111111111	-0.4855	0.00555	FALSE	TRUE	
sugarcane	SoffiXsponR570.6_9Ag329800	Sigma70-like	TFF	FALSE	237	46.582241	0.282771937352499	0.201	0.4296	FALSE	TRUE	
sugarcane	SoffiXsponR570.6_9Ag332200	Sigma70-like	TFF	FALSE	222	41.678854	0.276018099547511			FALSE	FALSE	
sugarcane	SoffiXsponR570.6os1g001200	Top	TFF	FALSE	1	0.103107				FALSE	FALSE	
sugarcane	SoffiXsponR570.6os1g002300	C2C2-GATA	TFF	FALSE	4	0.227204	0.5			FALSE	FALSE	
sugarcane	SoffiXsponR570.6us88g002100	FHA	TFF	FALSE	1054	90.556168	0.943479459608492			FALSE	FALSE	
sugarcane	SoffiXsponR570.6us88g002500	ABI3VP1	TFF	FALSE	22	2.585303	0.623376623376623			FALSE	FALSE	
sugarcane	SoffiXsponR570.6us88g003100	bHLH	TFF	FALSE	11	2.432711	0.0727272727272727			FALSE	FALSE	
sugarcane	SoffiXsponR570.6us88g003800	Alfin-like	TFF	FALSE	86	5.384087	0.827906976744186	0.2071	0.4127	FALSE	TRUE	
sugarcane	SoffiXsponR570.6us88g012400	Top	TFF	FALSE	11189	3498.67059	0.728899540073211	-0.0481	0.9083	FALSE	TRUE	
sugarcane	SoffiXsponR570.6us88g014100	AP2-EREBP	TFF	FALSE	132	42.855923	0.174068933610918			FALSE	FALSE	
sugarcane	SoffiXsponR570.6us88g020700	GRAS	TFF	FALSE	89	21.722096	0.063585291113381			FALSE	FALSE	
sugarcane	SoffiXsponR570.6us88g024100	Top	TFF	FALSE	167	23.923952	0.420893153452132	-0.3955	0.03672	FALSE	TRUE	
sugarcane	SoffiXsponR570.6us88g025100	MYB-related	TFF	TRUE	114	26.131186	0.471976401179941			FALSE	FALSE	
sugarcane	SoffiXsponR570.6us88g032800	MYB	TFF	TRUE	6	1.194117	0.133333333333333			FALSE	FALSE	
sugarcane	SoffiXsponR570.6us88g034700	HB	TFF	FALSE	32	4.674217	0.346774193548387			FALSE	FALSE	
sugarcane	SoffiXsponR570.6us88g037900	MYB-related	TFF	TRUE	12002	4245.226683	0.673869314978626	-0.0629	0.8722	FALSE	TRUE	
sugarcane	SoffiXsponR570.6us88g038800	SAP	TFF	FALSE	6688	1280.74926	0.908923029973891	0.1419	0.6103	FALSE	TRUE	
sugarcane	SoffiXsponR570.6us88g040400	AP2-EREBP	TFF	FALSE	27	2.634312	0.495726495726496	-0.258	0.2577	FALSE	TRUE	
sugarcane	SoffiXsponR570.6us88g040600	C2H2	TFF	FALSE	5287	895.64972	0.814962864459338			FALSE	FALSE	
sugarcane	SoffiXsponR570.6us88g046700	MYB	TFF	TRUE	904	125.068594	0.559768813884887			FALSE	FALSE	
sugarcane	SoffiXsponR570.6us88g046900	MYB;MYB-related	TFF	TRUE	192	36.720555	0.313754363001745			FALSE	FALSE	
sugarcane	SoffiXsponR570.6us88g047200	C2H2	TFF	FALSE	23	5.986263	0.628458498023715	0.2562	0.2625	FALSE	TRUE	
sugarcane	SoffiXsponR570.6us88g049700	C2C2-Dof	TFF	FALSE	6710	1299.61979	0.929901800171			FALSE	FALSE	
sugarcane	SoffiXsponR570.6us88g052500	GRAS	TFF	FALSE	3	0.381131	0.666666666666667			FALSE	FALSE	
sugarcane	SoffiXsponR570.6us88g057100	C2H2	TFF	FALSE	13	0.70003	0.551282051282051			FALSE	FALSE	
sugarcane	SoffiXsponR570.6us88g065000	C3H	TFF	FALSE	520	42.461936	0.903712761227212	-0.1518	0.596	FALSE	TRUE	
sugarcane	SoffiXsponR570.6us88g070700	bZIP	TFF	FALSE	11843	3956.155343	0.697929091220676			FALSE	FALSE	
sugarcane	SoffiXsponR570.6us88g071600	RWP-RK	TFF	FALSE	3	1.196803	0.333333333333333			FALSE	FALSE	
sugarcane	SoffiXsponR570.6us88g078000	Alfin-like	TFF	FALSE	14975	6461.561611	0.564548875256901	-0.0427	0.9195	FALSE	TRUE	
sugarcane	SoffiXsponR570.6us88g078400	zf-HD	TFF	FALSE	9108	2275.900055	0.689599360822166			FALSE	FALSE	
sugarcane	SoffiXsponR570.6us88g078700	MADS	TFF	FALSE	5	0.909255	0.3			FALSE	FALSE	
sugarcane	SoffiXsponR570.6us88g078900	MADS	TFF	FALSE	11	2.124172	0.345454545454545			FALSE	FALSE	
sugarcane	SoffiXsponR570.6us88g083500	MYB	TFF	TRUE	53	15.117024	0.109579100145138			FALSE	FALSE	
sugarcane	SoffiXsponR570.6us88g085400	WRKY	TFF	FALSE	18	4.924967	0.470588235294118			FALSE	FALSE	
sugarcane	SoffiXsponR570.6us88g088500	MYB-related	TFF	TRUE	159	9.750195	0.982007801926598			FALSE	FALSE	
sugarcane	SoffiXsponR570.6us88g096200	TUB	TFF	FALSE	15	1.632771	0.380952380952381			FALSE	FALSE	
sugarcane	SoffiXsponR570.6us88g099400	OFP	TFF	FALSE	1	0.062496				FALSE	FALSE	
sugarcane	SoffiXsponR570.6us88g106800	DDT;PHD	OTR	FALSE	77	7.789145	0.672248803827751	0.0842	0.8118	FALSE	TRUE	
sugarcane	SoffiXsponR570.6us88g111200	WRKY	TFF	FALSE	11691	3904.978844	0.720777280440402	0.007	0.9895	FALSE	TRUE	
sugarcane	SoffiXsponR570.6us88g111500	WRKY	TFF	FALSE	44	8.163882	0.376321353065539	0.4656	0.008767	FALSE	TRUE	
sugarcane	SoffiXsponR570.6us88g118300	NAC	TFF	FALSE	39	4.138034	0.226720647773279			FALSE	FALSE	
sugarcane	SoffiXsponR570.6us88g118500	FHA	TFF	FALSE	515	125.513002	0.433175928374448			FALSE	FALSE	
sugarcane	SoffiXsponR570.6us88g119500	MYB	TFF	TRUE	1670	376.996608	0.551101990147925			FALSE	FALSE	
sugarcane	SoffiXsponR570.6us88g122300	SET	OTR	FALSE	12	1.335833	0.454545454545455			FALSE	FALSE	
sugarcane	SoffiXsponR570.6us88g128300	GRAS	TFF	FALSE	66	16.253862	0.112820512820513			FALSE	FALSE	
sugarcane	SoffiXsponR570.6us88g128500	TRAF	OTR	FALSE	9	0.78929	0.0833333333333333			FALSE	FALSE	
sugarcane	SoffiXsponR570.6us88g138500	MYB-related	TFF	TRUE	1	0.16006				FALSE	FALSE	
sugarcane	SoffiXsponR570.7_10Ag001300	PAS	TFF	FALSE	82	9.92909	0.385426076482987	0.5082	0.003145	FALSE	TRUE	
sugarcane	SoffiXsponR570.7_10Ag002200	SAP	TFF	FALSE	1591	147.806328	0.925002668311137			FALSE	FALSE	
sugarcane	SoffiXsponR570.7_10Ag004200	MYB-related	TFF	TRUE	44	3.393657	0.708245243128964			FALSE	FALSE	
sugarcane	SoffiXsponR570.7_10Ag014600	WRKY	TFF	FALSE	2	0.077449	0			FALSE	FALSE	
sugarcane	SoffiXsponR570.7_10Ag014700	WRKY	TFF	FALSE	12	5.071486	0.575757575757576			FALSE	FALSE	
sugarcane	SoffiXsponR570.7_10Ag015000	WRKY	TFF	FALSE	17	1.716658	0.463235294117647			FALSE	FALSE	
sugarcane	SoffiXsponR570.7_10Ag019000	C3H	TFF	FALSE	7	0.473627	0.380952380952381			FALSE	FALSE	
sugarcane	SoffiXsponR570.7_10Ag019500	NAC	TFF	FALSE	85	16.915833	0.500280112044818			FALSE	FALSE	
sugarcane	SoffiXsponR570.7_10Ag022200	zf-HD	TFF	FALSE	3	0.574772	0			FALSE	FALSE	
sugarcane	SoffiXsponR570.7_10Ag022600	MYB	TFF	TRUE	14	2.742031	0.406593406593407			FALSE	FALSE	
sugarcane	SoffiXsponR570.7_10Ag023300	AP2-EREBP	TFF	FALSE	1	0.014952				FALSE	FALSE	
sugarcane	SoffiXsponR570.7_10Ag038100	DDT;PHD	OTR	FALSE	4	0.374787	0.666666666666667	0.4378	0.0161	FALSE	TRUE	
sugarcane	SoffiXsponR570.7_10Ag045300	NAC	TFF	FALSE	34	3.432326	0.42602495543672			FALSE	FALSE	
sugarcane	SoffiXsponR570.7_10Ag045600	bZIP	TFF	FALSE	8	1.035333	0.25			FALSE	FALSE	
sugarcane	SoffiXsponR570.7_10Ag046000	ABI3VP1	TFF	FALSE	206	101.525038	0.564338148235851			FALSE	FALSE	
sugarcane	SoffiXsponR570.7_10Ag047200	OFP	TFF	FALSE	158	25.093862	0.330242683221801			FALSE	FALSE	
sugarcane	SoffiXsponR570.7_10Ag047300	OFP	TFF	FALSE	7	0.772261	0.619047619047619			FALSE	FALSE	
sugarcane	SoffiXsponR570.7_10Ag048900	Pseudo_ARR-B	OTR	FALSE	258	63.149775	0.384399601845987	-0.5179	0.002465	FALSE	TRUE	
sugarcane	SoffiXsponR570.7_10Ag049900	HB	TFF	FALSE	18	3.61058	0.738562091503268			FALSE	FALSE	
sugarcane	SoffiXsponR570.7_10Ag051700	bZIP	TFF	FALSE	4255	615.176598	0.825795698194055			FALSE	FALSE	
sugarcane	SoffiXsponR570.7_10Ag052800	TUB	TFF	FALSE	79	9.235953	0.34242129178838			FALSE	FALSE	
sugarcane	SoffiXsponR570.7_10Ag054300	MED26	OTR	FALSE	13	1.437454	0.384615384615385	-0.435	0.01705	FALSE	TRUE	
sugarcane	SoffiXsponR570.7_10Ag060800	NAC	TFF	FALSE	17	4.47915	0.102941176470588			FALSE	FALSE	
sugarcane	SoffiXsponR570.7_10Ag064600	TCP	TFF	FALSE	2	0.154707	0			FALSE	FALSE	
sugarcane	SoffiXsponR570.7_10Ag067900	MYB	TFF	TRUE	1	0.180365				FALSE	FALSE	
sugarcane	SoffiXsponR570.7_10Ag070800	NAC	TFF	FALSE	64	8.796233	0.377480158730159			FALSE	FALSE	
sugarcane	SoffiXsponR570.7_10Ag079200	ABI3VP1	TFF	FALSE	3	0.206803	0.333333333333333			FALSE	FALSE	
sugarcane	SoffiXsponR570.7_10Ag099600	AUX/IAA	OTR	FALSE	21	7.098894	0.490476190476191			FALSE	FALSE	
sugarcane	SoffiXsponR570.7_10Ag103000	NAC	TFF	FALSE	56	4.712156	0.86038961038961			FALSE	FALSE	
sugarcane	SoffiXsponR570.7_10Ag103900	GeBP	TFF	FALSE	1	0.343797				FALSE	FALSE	
sugarcane	SoffiXsponR570.7_10Ag106600	C3H	TFF	FALSE	1138	112.53928	0.815799602134931			FALSE	FALSE	
sugarcane	SoffiXsponR570.7_10Ag110900	TRAF	OTR	FALSE	11	4.586543	0.527272727272727			FALSE	FALSE	
sugarcane	SoffiXsponR570.7_10Ag118800	SET	OTR	FALSE	6695	1293.197974	0.889199539542841	-0.0763	0.8351	FALSE	TRUE	
sugarcane	SoffiXsponR570.7_10Ag123900	Top	TFF	FALSE	198	20.552776	0.482438599189868			FALSE	FALSE	
sugarcane	SoffiXsponR570.7_10Ag127300	Top	TFF	FALSE	762	110.02037	0.43248798893568	-0.3303	0.1056	FALSE	TRUE	
sugarcane	SoffiXsponR570.7_10Ag130600	ABI3VP1	TFF	FALSE	2	0.350825	0			FALSE	FALSE	
sugarcane	SoffiXsponR570.7_10Ag130700	ABI3VP1	TFF	FALSE	1	0.050115				FALSE	FALSE	
sugarcane	SoffiXsponR570.7_10Ag132700	TCP	TFF	FALSE	316	36.336143	0.47237291541089			FALSE	FALSE	
sugarcane	SoffiXsponR570.7_10Ag138100	MYB	TFF	TRUE	2	0.115088	1			FALSE	FALSE	
sugarcane	SoffiXsponR570.7_10Ag145000	bHLH	TFF	FALSE	86	11.454832	0.188508891928865	0.3285	0.1081	FALSE	TRUE	
sugarcane	SoffiXsponR570.7_10Ag156600	ABI3VP1	TFF	FALSE	64	14.764462	0.363095238095238			FALSE	FALSE	
sugarcane	SoffiXsponR570.7_10Ag157300	TIG	TFF	FALSE	21	1.823022	0.466666666666667	-0.5916	0.0002597	FALSE	TRUE	
sugarcane	SoffiXsponR570.7_10Ag161900	Tify	TFF	FALSE	19	2.727154	0.350877192982456			FALSE	FALSE	
sugarcane	SoffiXsponR570.7_10Ag170800	S1Fa-like	TFF	FALSE	91	10.263742	0.331135531135531			FALSE	FALSE	
sugarcane	SoffiXsponR570.7_10Ag175300	OFP	TFF	FALSE	245	121.271296	0.315222482435597			FALSE	FALSE	
sugarcane	SoffiXsponR570.7_10Ag180500	bHLH	TFF	FALSE	16	2.770945	0.0333333333333333			FALSE	FALSE	
sugarcane	SoffiXsponR570.7_10Ag180900	bHLH	TFF	FALSE	24	5.914547	0.0181159420289855			FALSE	FALSE	
sugarcane	SoffiXsponR570.7_10Ag181800	SET	OTR	FALSE	11510	3621.516073	0.692347340603535	-0.2576	0.2587	FALSE	TRUE	
sugarcane	SoffiXsponR570.7_10Ag185900	zf-HD	TFF	FALSE	1	0.040705				FALSE	FALSE	
sugarcane	SoffiXsponR570.7_10Ag187100	NAC	TFF	FALSE	388	51.03005	0.693492101547724	-0.0134	0.9789	FALSE	TRUE	
sugarcane	SoffiXsponR570.7_10Ag188600	TRAF	OTR	FALSE	8	0.668849	0.285714285714286			FALSE	FALSE	
sugarcane	SoffiXsponR570.7_10Ag190300	bHLH	TFF	FALSE	2	0.15966	0			FALSE	FALSE	
sugarcane	SoffiXsponR570.7_10Ag190400	bHLH	TFF	FALSE	161	26.845343	0.179425465838509	0.2045	0.4201	FALSE	TRUE	
sugarcane	SoffiXsponR570.7_10Ag190700	ARF	TFF	FALSE	38	5.375563	0.275960170697013	-0.2236	0.3589	FALSE	TRUE	
sugarcane	SoffiXsponR570.7_10Ag192300	AP2-EREBP	TFF	FALSE	18	2.517569	0.124183006535948			FALSE	FALSE	
sugarcane	SoffiXsponR570.7_10Ag192600	MADS	TFF	FALSE	26	6.514977	0.126153846153846			FALSE	FALSE	
sugarcane	SoffiXsponR570.7_10Ag194700	GRAS	TFF	FALSE	1	0.024857				FALSE	FALSE	
sugarcane	SoffiXsponR570.7_10Ag197000	OFP	TFF	FALSE	50	11.686158	0.0751020408163265			FALSE	FALSE	
sugarcane	SoffiXsponR570.7_10Ag197900	FHA	TFF	FALSE	298	54.811626	0.450093778952839	0.074	0.8425	FALSE	TRUE	
sugarcane	SoffiXsponR570.7_10Ag205900	MYB	TFF	TRUE	1	0.041696				FALSE	FALSE	
sugarcane	SoffiXsponR570.7_10Ag212900	C2H2	TFF	FALSE	117	12.054057	0.00309460654288241			FALSE	FALSE	
sugarcane	SoffiXsponR570.7_10Ag213300	WRKY	TFF	FALSE	33	3.790295	0.678030303030303			FALSE	FALSE	
sugarcane	SoffiXsponR570.7_10Ag215700	C2H2	TFF	FALSE	15	3.281451	0.295238095238095			FALSE	FALSE	
sugarcane	SoffiXsponR570.7_10Ag215800	NAC	TFF	FALSE	2	1.034267	0			FALSE	FALSE	
sugarcane	SoffiXsponR570.7_10Ag219100	MYB-related	TFF	TRUE	2	0.04922	1			FALSE	FALSE	
sugarcane	SoffiXsponR570.7_10Ag221800	TAZ	TFF	FALSE	21	3.362251	0.314285714285714			FALSE	FALSE	
sugarcane	SoffiXsponR570.7_10Ag223500	GNAT	OTR	FALSE	5	0.86072	0.6	-0.4293	0.01914	FALSE	TRUE	
sugarcane	SoffiXsponR570.7_10Ag231200	RWP-RK	TFF	FALSE	229	30.327454	0.360491840956102	-0.1736	0.5227	FALSE	TRUE	
sugarcane	SoffiXsponR570.7_10Ag232200	C2C2-CO-like	TFF	FALSE	7	0.681136	0.476190476190476			FALSE	FALSE	
sugarcane	SoffiXsponR570.7_10Ag240100	MYB	TFF	TRUE	66	17.734157	0.229370629370629			FALSE	FALSE	
sugarcane	SoffiXsponR570.7_10Ag245500	NAC	TFF	FALSE	2	0.371131	1			FALSE	FALSE	
sugarcane	SoffiXsponR570.7_10Ag246300	MYB	TFF	TRUE	5	1.421341	0.7			FALSE	FALSE	
sugarcane	SoffiXsponR570.7_10Ag248800	ARF	TFF	FALSE	100	7.367894	0.915959595959596			FALSE	FALSE	
sugarcane	SoffiXsponR570.7_10Ag254900	Top	TFF	FALSE	3	0.172136	0.333333333333333			FALSE	FALSE	
sugarcane	SoffiXsponR570.7_10Ag259700	NAC	TFF	FALSE	66	22.535583	0.224242424242424			FALSE	FALSE	
sugarcane	SoffiXsponR570.7_10Ag261600	C2C2-GATA	TFF	FALSE	3732	503.842766	0.907654301623402			FALSE	FALSE	
sugarcane	SoffiXsponR570.7_10Ag262700	Trihelix	TFF	FALSE	298	36.706363	0.642216346914334			FALSE	FALSE	
sugarcane	SoffiXsponR570.7_10Ag267000	AP2-EREBP	TFF	FALSE	1	0.491381				FALSE	FALSE	
sugarcane	SoffiXsponR570.7_10Ag267300	AP2-EREBP	TFF	FALSE	40	5.850695	0.503846153846154			FALSE	FALSE	
sugarcane	SoffiXsponR570.7_10Ag268800	AP2-EREBP	TFF	FALSE	4	0.434217	0.666666666666667			FALSE	FALSE	
sugarcane	SoffiXsponR570.7_10Ag269000	AP2-EREBP	TFF	FALSE	959	136.518994	0.702937341219651	0.1347	0.637	FALSE	TRUE	
sugarcane	SoffiXsponR570.7_10Ag272400	GRAS	TFF	FALSE	7	0.551876	0.571428571428571	0.0379	0.9291	FALSE	TRUE	
sugarcane	SoffiXsponR570.7_10Ag274800	bHLH	TFF	FALSE	7	0.731156	0.476190476190476			FALSE	FALSE	
sugarcane	SoffiXsponR570.7_10Ag274900	bHLH	TFF	FALSE	5	0.612601	0.5			FALSE	FALSE	
sugarcane	SoffiXsponR570.7_10Ag279400	HMG	OTR	FALSE	71	7.044712	0.439839034205231			FALSE	FALSE	
sugarcane	SoffiXsponR570.7_10Ag280300	C2H2	TFF	FALSE	77	8.959415	0.291524265208476			FALSE	FALSE	
sugarcane	SoffiXsponR570.7_10Ag284400	AP2-EREBP	TFF	FALSE	98	38.116143	0.18872291184515			FALSE	FALSE	
sugarcane	SoffiXsponR570.7_10Ag284500	AP2-EREBP	TFF	FALSE	37	9.019995	0.324324324324324			FALSE	FALSE	
sugarcane	SoffiXsponR570.7_10Ag289100	GRAS	TFF	FALSE	2	0.161641	0	0.4664	0.00861	FALSE	TRUE	
sugarcane	SoffiXsponR570.7_10Ag291900	MYB-related	TFF	TRUE	91	17.785068	0.65982905982906			FALSE	FALSE	
sugarcane	SoffiXsponR570.7_10Ag296800	C2H2	TFF	FALSE	7	1.366063	0			FALSE	FALSE	
sugarcane	SoffiXsponR570.7_10Ag302100	MYB-related	TFF	TRUE	7	1.792966	0.619047619047619			FALSE	FALSE	
sugarcane	SoffiXsponR570.7_10Ag302900	GRF	TFF	FALSE	90	8.562966	0.689138576779026			FALSE	FALSE	
sugarcane	SoffiXsponR570.7_10Ag305700	WRKY	TFF	FALSE	6	0.433912	0.266666666666667			FALSE	FALSE	
sugarcane	SoffiXsponR570.7_10Ag309800	PHD	OTR	FALSE	28	3.081616	0.767195767195767	0.0394	0.9258	FALSE	TRUE	
sugarcane	SoffiXsponR570.7_10Ag312700	Rcd1-like	OTR	FALSE	6179	1070.374167	0.941965054518194	-0.0424	0.92	FALSE	TRUE	
sugarcane	SoffiXsponR570.7_10Ag317700	bHLH	TFF	FALSE	65	27.607319	0.136057692307692	-0.1973	0.4418	FALSE	TRUE	
sugarcane	SoffiXsponR570.7_10Ag318300	NAC	TFF	FALSE	5	1.197489	0.4			FALSE	FALSE	
sugarcane	SoffiXsponR570.7_10Ag322900	TRAF	OTR	FALSE	194	65.992851	0.265584103413279	0.1459	0.596	FALSE	TRUE	
sugarcane	SoffiXsponR570.7_10Ag326000	SET	OTR	FALSE	12978	4835.927499	0.645399230638538			FALSE	FALSE	
sugarcane	SoffiXsponR570.7_10Ag333100	GNAT	OTR	FALSE	14	0.877919	0.307692307692308			FALSE	FALSE	
sugarcane	SoffiXsponR570.7_10Ag334800	bZIP	TFF	FALSE	10	2.153792	0.333333333333333			FALSE	FALSE	
sugarcane	SoffiXsponR570.7_10Ag341900	AP2-EREBP	TFF	FALSE	76	10.088484	0.345964912280702	0.3561	0.07187	FALSE	TRUE	
sugarcane	SoffiXsponR570.7_10Ag342700	AP2-EREBP	TFF	FALSE	2	0.123012	0			FALSE	FALSE	
sugarcane	SoffiXsponR570.7_10Ag346700	Tify	TFF	FALSE	111	14.313302	0.412940212940213			FALSE	FALSE	
sugarcane	SoffiXsponR570.7_10Ag347100	AUX/IAA	OTR	FALSE	15	1.42031	0.419047619047619			FALSE	FALSE	
sugarcane	SoffiXsponR570.7_10Ag348400	AP2-EREBP	TFF	FALSE	132	11.547359	0.849872773536896			FALSE	FALSE	
sugarcane	SoffiXsponR570.7_10Ag354700	ARF	TFF	FALSE	50	11.686158	0.0751020408163265			FALSE	FALSE	
sugarcane	SoffiXsponR570.7_10Ag358400	AP2-EREBP	TFF	FALSE	57	11.102431	0.494360902255639			FALSE	FALSE	
sugarcane	SoffiXsponR570.7_10Ag360900	C3H	TFF	FALSE	11823	3881.495358	0.692947373694321	0.0211	0.9648	FALSE	TRUE	
sugarcane	SoffiXsponR570.7_10Ag361100	ARF	TFF	FALSE	1572	296.79036	0.412307682340384	-0.1964	0.4443	FALSE	TRUE	
sugarcane	SoffiXsponR570.7_10Ag367300	C2C2-Dof	TFF	FALSE	1	0.378464				FALSE	FALSE	
sugarcane	SoffiXsponR570.7_10Ag374100	OFP	TFF	FALSE	22	5.841061	0.614718614718615			FALSE	FALSE	
sugarcane	SoffiXsponR570.7_10Ag377800	TUB	TFF	FALSE	1	0.126878				FALSE	FALSE	
sugarcane	SoffiXsponR570.7_10Ag380700	NAC	TFF	FALSE	1	0.063982				FALSE	FALSE	
sugarcane	SoffiXsponR570.7_10Ag381500	PHD	OTR	FALSE	554	52.16063	0.831728478074957	-0.0609	0.8774	FALSE	TRUE	
sugarcane	SoffiXsponR570.7_10Ag383200	NAC	TFF	FALSE	1	0.061506				FALSE	FALSE	
sugarcane	SoffiXsponR570.7os1g003600	E2F-DP	TFF	FALSE	6236	1105.464907	0.879305612495004	0.2151	0.3873	FALSE	TRUE	
sugarcane	SoffiXsponR570.7os1g011900	Top	TFF	FALSE	10359	2963.252296	0.735535089663211	-0.0892	0.795	FALSE	TRUE	
sugarcane	SoffiXsponR570.7os1g012400	ARID	OTR	FALSE	7192	1491.971246	0.895259941321412	-0.0576	0.886	FALSE	TRUE	
sugarcane	SoffiXsponR570.7os1g014200	Top	TFF	FALSE	12197	4281.358674	0.695545869865198	-0.0515	0.9002	FALSE	TRUE	
sugarcane	SoffiXsponR570.7os1g016200	ABI3VP1	TFF	FALSE	55	4.483752	0.654545454545455			FALSE	FALSE	
sugarcane	SoffiXsponR570.7os1g016300	ABI3VP1	TFF	FALSE	12447	4440.338599	0.676885614481539	-0.1234	0.6779	FALSE	TRUE	
sugarcane	SoffiXsponR570.7os1g033100	WRKY	TFF	FALSE	5728	995.885183	0.834501108636635	0.0609	0.8774	FALSE	TRUE	
sugarcane	SoffiXsponR570.7os1g036500	PHD	OTR	FALSE	1747	149.577799	0.935889441628293	-0.0364	0.9324	FALSE	TRUE	
sugarcane	SoffiXsponR570.7os1g039300	Rcd1-like	OTR	FALSE	8485	2058.243892	0.842696307681109	-0.0576	0.8858	FALSE	TRUE	
sugarcane	SoffiXsponR570.7os1g044400	ABI3VP1	TFF	FALSE	11089	3469.506848	0.76341513768243			FALSE	FALSE	
sugarcane	SoffiXsponR570.7os1g045100	NAC	TFF	FALSE	1	0.137279				FALSE	FALSE	
sugarcane	SoffiXsponR570.7os1g052100	SET	OTR	FALSE	6147	1112.353267	0.920406436703625			FALSE	FALSE	
sugarcane	SoffiXsponR570.7os1g054500	CSD	TFF	FALSE	3976	497.514407	0.972468268731888	8e-04	0.9986	FALSE	TRUE	
sugarcane	SoffiXsponR570.7os1g058300	GNAT	OTR	FALSE	619	63.247974	0.758091921932755			FALSE	FALSE	
sugarcane	SoffiXsponR570.7os1g060100	bZIP	TFF	FALSE	40	5.153882	0.415384615384615	-0.7136	9.932e-07	TRUE	TRUE	ortholog_not_correlated
sugarcane	SoffiXsponR570.7os1g060500	mTERF	OTR	FALSE	19	8.691916	0.52046783625731			FALSE	FALSE	
sugarcane	SoffiXsponR570.7os1g067400	AP2-EREBP	TFF	FALSE	159	16.152261	0.725818008120373	0.0959	0.7725	FALSE	TRUE	
sugarcane	SoffiXsponR570.7os1g071800	Tify	TFF	FALSE	4398	645.375533	0.788531351164127	0.2849	0.1908	FALSE	TRUE	
sugarcane	SoffiXsponR570.7os1g072200	AUX/IAA	OTR	FALSE	23	2.749325	0.328063241106719			FALSE	FALSE	
sugarcane	SoffiXsponR570.7os1g072800	FAR1	TFF	FALSE	5698	969.325668	0.949265754952959	-0.1307	0.6517	FALSE	TRUE	
sugarcane	SoffiXsponR570.7os1g076200	TRAF	OTR	FALSE	100	30.941186	0.162424242424242			FALSE	FALSE	
sugarcane	SoffiXsponR570.7os1g078200	MED7	OTR	FALSE	11258	3565.714857	0.69755316811775			FALSE	FALSE	
sugarcane	SoffiXsponR570.7os1g078400	BSD	TFF	FALSE	179	39.681396	0.311154353147951	0.2032	0.4235	FALSE	TRUE	
sugarcane	SoffiXsponR570.7os1g080300	ARF	TFF	FALSE	176	61.961806	0.26525974025974			FALSE	FALSE	
sugarcane	SoffiXsponR570.7os1g081200	C3H	TFF	FALSE	2475	236.384662	0.947676604362134	-0.2252	0.3539	FALSE	TRUE	
sugarcane	SoffiXsponR570.7os1g083800	AP2-EREBP	TFF	FALSE	30	4.197599	0.298850574712644	0.2919	0.1758	FALSE	TRUE	
sugarcane	SoffiXsponR570.7os1g086500	C3H	TFF	FALSE	11406	3569.949425	0.687768061342458	0.0067	0.9901	FALSE	TRUE	
sugarcane	SoffiXsponR570.7os1g086800	ARF	TFF	FALSE	184	18.872061	0.649738655262533	0.1019	0.7527	FALSE	TRUE	
sugarcane	SoffiXsponR570.8_10Ag005900	MYB-related	TFF	TRUE	351	44.345643	0.656687016687017	-0.0798	0.8251	FALSE	TRUE	
sugarcane	SoffiXsponR570.8_10Ag010200	NAC	TFF	FALSE	740	98.148184	0.680759243682113			FALSE	FALSE	
sugarcane	SoffiXsponR570.8_10Ag011700	MADS	TFF	FALSE	1	0.29972		-0.5316	0.001709	FALSE	TRUE	
sugarcane	SoffiXsponR570.8_10Ag023100	PHD	OTR	FALSE	506	63.638384	0.537572887723555	0.0016	0.9973	FALSE	TRUE	
sugarcane	SoffiXsponR570.8_10Ag024400	Yl1	TFF	FALSE	4	0.196993	0.333333333333333			FALSE	FALSE	
sugarcane	SoffiXsponR570.8_10Ag025500	TRAF	OTR	FALSE	3	0.184517	0.333333333333333			FALSE	FALSE	
sugarcane	SoffiXsponR570.8_10Ag027100	TUB	TFF	FALSE	3	0.223642	1			FALSE	FALSE	
sugarcane	SoffiXsponR570.8_10Ag027700	OFP	TFF	FALSE	55	14.432781	0.133333333333333			FALSE	FALSE	
sugarcane	SoffiXsponR570.8_10Ag029000	HMG	OTR	FALSE	7	0.715308	0.571428571428571			FALSE	FALSE	
sugarcane	SoffiXsponR570.8_10Ag029100	ABI3VP1	TFF	FALSE	7	0.528104	0.571428571428571			FALSE	FALSE	
sugarcane	SoffiXsponR570.8_10Ag029700	Sigma70-like	TFF	FALSE	417	94.885498	0.411755211215643	0.2122	0.3971	FALSE	TRUE	
sugarcane	SoffiXsponR570.8_10Ag029900	bHLH	TFF	FALSE	1	0.109545				FALSE	FALSE	
sugarcane	SoffiXsponR570.8_10Ag032300	C3H	TFF	FALSE	1875	259.886068	0.646941871220206			FALSE	FALSE	
sugarcane	SoffiXsponR570.8_10Ag034000	SAP	TFF	FALSE	1248	196.367424	0.573805337939259			FALSE	FALSE	
sugarcane	SoffiXsponR570.8_10Ag037100	WRKY	TFF	FALSE	36	3.770275	0.33968253968254			FALSE	FALSE	
sugarcane	SoffiXsponR570.8_10Ag039000	SBP	TFF	FALSE	227	18.481436	0.772172624848934	-0.0986	0.7635	FALSE	TRUE	
sugarcane	SoffiXsponR570.8_10Ag039100	SBP	TFF	FALSE	6836	1344.553202	0.908448024422535			FALSE	FALSE	
sugarcane	SoffiXsponR570.8_10Ag047200	bHLH	TFF	FALSE	3470	396.963237	0.964021389947854	-0.11	0.7257	FALSE	TRUE	
sugarcane	SoffiXsponR570.8_10Ag047300	ARF	TFF	FALSE	12	3.645668	0.560606060606061			FALSE	FALSE	
sugarcane	SoffiXsponR570.8_10Ag047900	GNAT	OTR	FALSE	31	5.125293	0.438709677419355			FALSE	FALSE	
sugarcane	SoffiXsponR570.8_10Ag050200	RB	OTR	FALSE	307	22.073642	0.885035447403717			FALSE	FALSE	
sugarcane	SoffiXsponR570.8_10Ag055300	CCAAT	TFF	FALSE	58	7.619945	0.469449485783424			FALSE	FALSE	
sugarcane	SoffiXsponR570.8_10Ag056600	PAS	TFF	FALSE	257	62.112631	0.380076605058366			FALSE	FALSE	
sugarcane	SoffiXsponR570.8_10Ag063500	MYB	TFF	TRUE	5565	960.297539	0.794447103475494			FALSE	FALSE	
sugarcane	SoffiXsponR570.8_10Ag074200	WRKY	TFF	FALSE	6	2.212346	0.4			FALSE	FALSE	
sugarcane	SoffiXsponR570.8_10Ag079400	bHLH	TFF	FALSE	7	1.576048	0.0952380952380952	-0.2269	0.3485	FALSE	TRUE	
sugarcane	SoffiXsponR570.8_10Ag082600	MADS	TFF	FALSE	12	4.205298	0.303030303030303			FALSE	FALSE	
sugarcane	SoffiXsponR570.8_10Ag090300	TRAF	OTR	FALSE	99	11.6507	0.400742115027829			FALSE	FALSE	
sugarcane	SoffiXsponR570.8_10Ag109500	MADS	TFF	FALSE	1	0.099145				FALSE	FALSE	
sugarcane	SoffiXsponR570.8_10Ag111600	PHD	OTR	FALSE	194	65.992851	0.265584103413279			FALSE	FALSE	
sugarcane	SoffiXsponR570.8_10Ag112500	FHA	TFF	FALSE	6325	1296.857849	0.760261854582455	0.1458	0.5962	FALSE	TRUE	
sugarcane	SoffiXsponR570.8_10Ag114600	GRAS	TFF	FALSE	92	35.109915	0.314859053989489			FALSE	FALSE	
sugarcane	SoffiXsponR570.8_10Ag120600	NAC	TFF	FALSE	2	0.208194	1			FALSE	FALSE	
sugarcane	SoffiXsponR570.8_10Ag128700	PAS	TFF	FALSE	10	1.465398	0.666666666666667			FALSE	FALSE	
sugarcane	SoffiXsponR570.8_10Ag133700	MYB	TFF	TRUE	121	17.425398	0.335950413223141			FALSE	FALSE	
sugarcane	SoffiXsponR570.8_10Ag137200	AP2-EREBP	TFF	FALSE	2	0.245338	0			FALSE	FALSE	
sugarcane	SoffiXsponR570.8_10Ag139900	MYB	TFF	TRUE	5	2.040895	0.9			FALSE	FALSE	
sugarcane	SoffiXsponR570.8_10Ag141100	C2H2	TFF	FALSE	1	0.045163				FALSE	FALSE	
sugarcane	SoffiXsponR570.8_10Ag141400	C2H2	TFF	FALSE	10	1.382196	0.755555555555556			FALSE	FALSE	
sugarcane	SoffiXsponR570.8_10Ag141500	C2H2	TFF	FALSE	19	2.124437	0.64327485380117			FALSE	FALSE	
sugarcane	SoffiXsponR570.8_10Ag141600	C2H2	TFF	FALSE	4	0.914112	0.166666666666667			FALSE	FALSE	
sugarcane	SoffiXsponR570.8_10Ag141700	C2H2	TFF	FALSE	5	0.38974	0.7			FALSE	FALSE	
sugarcane	SoffiXsponR570.8_10Ag141800	C2H2	TFF	FALSE	215	65.185118	0.0109541404042599			FALSE	FALSE	
sugarcane	SoffiXsponR570.8_10Ag142400	AP2-EREBP	TFF	FALSE	258	93.614932	0.0103459717069345			FALSE	FALSE	
sugarcane	SoffiXsponR570.8_10Ag146500	GRAS	TFF	FALSE	32	3.317734	0.483870967741936	0.1901	0.4654	FALSE	TRUE	
sugarcane	SoffiXsponR570.8_10Ag146600	GRAS	TFF	FALSE	3	0.348939	0.666666666666667			FALSE	FALSE	
sugarcane	SoffiXsponR570.8_10Ag146800	GRAS	TFF	FALSE	1	0.028324				FALSE	FALSE	
sugarcane	SoffiXsponR570.8_10Ag146900	GRAS	TFF	FALSE	38	3.3292	0.594594594594595	0.1171	0.7009	FALSE	TRUE	
sugarcane	SoffiXsponR570.8_10Ag147000	GRAS	TFF	FALSE	2	0.093297	1			FALSE	FALSE	
sugarcane	SoffiXsponR570.8_10Ag147100	GRAS	TFF	FALSE	6	0.354672	0.866666666666667			FALSE	FALSE	
sugarcane	SoffiXsponR570.8_10Ag147800	GRAS	TFF	FALSE	2	0.635593	1			FALSE	FALSE	
sugarcane	SoffiXsponR570.8_10Ag147900	GRAS	TFF	FALSE	8	1.677669	0.142857142857143			FALSE	FALSE	
sugarcane	SoffiXsponR570.8_10Ag148300	GRAS	TFF	FALSE	24	8.975178	0.322463768115942			FALSE	FALSE	
sugarcane	SoffiXsponR570.8_10Ag148500	GRAS	TFF	FALSE	11	2.432711	0.0727272727272727			FALSE	FALSE	
sugarcane	SoffiXsponR570.8_10Ag153800	Top	TFF	FALSE	12057	4150.22955	0.703358422630748	0.0136	0.9787	FALSE	TRUE	
sugarcane	SoffiXsponR570.8_10Ag160000	bHLH	TFF	FALSE	9408	2397.948669	0.688936886809577			FALSE	FALSE	
sugarcane	SoffiXsponR570.8_10Ag163000	SWI/SNF-SWI3	OTR	FALSE	7594	1644.275813	0.908198127261983			FALSE	FALSE	
sugarcane	SoffiXsponR570.8_10Ag163400	MYB-related	TFF	TRUE	17	1.525493	0.227941176470588			FALSE	FALSE	
sugarcane	SoffiXsponR570.8_10Ag165800	MYB	TFF	TRUE	10	1.117239	0.155555555555556			FALSE	FALSE	
sugarcane	SoffiXsponR570.8_10Ag165900	MYB-related	TFF	TRUE	9921	2859.685588	0.790236009637426			FALSE	FALSE	
sugarcane	SoffiXsponR570.8_10Ag174800	MYB-related	TFF	TRUE	500	112.117109	0.269755511022044	0.3542	0.074	FALSE	TRUE	
sugarcane	SoffiXsponR570.8_10Ag175100	NAC	TFF	FALSE	64	6.07039	0.595734126984127			FALSE	FALSE	
sugarcane	SoffiXsponR570.8_10Ag177000	zf-LSD1	TFF	FALSE	4	1.450465	0.666666666666667			FALSE	FALSE	
sugarcane	SoffiXsponR570.8_10Ag177200	C3H	TFF	FALSE	1	0.027829				FALSE	FALSE	
sugarcane	SoffiXsponR570.8_10Ag178100	Top	TFF	FALSE	613	85.873782	0.51212828796554	0.2598	0.2523	FALSE	TRUE	
sugarcane	SoffiXsponR570.8_10Ag178400	bHLH	TFF	FALSE	50	12.548879	0.50530612244898			FALSE	FALSE	
sugarcane	SoffiXsponR570.8_10Ag179200	GNAT	OTR	FALSE	34	4.387659	0.486631016042781			FALSE	FALSE	
sugarcane	SoffiXsponR570.8_10Ag180100	Sigma70-like	TFF	FALSE	219	29.88078	0.299652297767165			FALSE	FALSE	
sugarcane	SoffiXsponR570.8_10Ag181200	MYB-related	TFF	TRUE	110	9.099735	0.723269391159299			FALSE	FALSE	
sugarcane	SoffiXsponR570.8_10Ag188300	SET	OTR	FALSE	177	12.069665	0.961671802773498			FALSE	FALSE	
sugarcane	SoffiXsponR570.8_10Ag188600	CCAAT	TFF	FALSE	9049	2337.480965	0.817317866309753			FALSE	FALSE	
sugarcane	SoffiXsponR570.8_10Ag204000	AP2-EREBP	TFF	FALSE	25	4.89988	0.483333333333333			FALSE	FALSE	
sugarcane	SoffiXsponR570.8_10Ag204100	AP2-EREBP	TFF	FALSE	9	1.085448	0.444444444444444			FALSE	FALSE	
sugarcane	SoffiXsponR570.8_10Ag204400	WRKY	TFF	FALSE	12264	4222.525168	0.689839314259415			FALSE	FALSE	
sugarcane	SoffiXsponR570.8_10Ag204800	PHD	OTR	FALSE	5669	939.27921	0.85382460516175	-0.1069	0.7358	FALSE	TRUE	
sugarcane	SoffiXsponR570.8_10Ag207400	TRAF	OTR	FALSE	69	4.308774	0.849104859335038			FALSE	FALSE	
sugarcane	SoffiXsponR570.8_10Ag213100	TRAF	OTR	FALSE	10	2.206288	0.311111111111111			FALSE	FALSE	
sugarcane	SoffiXsponR570.8_10Ag216900	GNAT	OTR	FALSE	146	51.956438	0.482286254133207			FALSE	FALSE	
sugarcane	SoffiXsponR570.8_10Ag220400	zf-LSD1	TFF	FALSE	6	2.788319	0.6			FALSE	FALSE	
sugarcane	SoffiXsponR570.8_10Ag227100	MYB-related	TFF	TRUE	3	0.13004	0.666666666666667			FALSE	FALSE	
sugarcane	SoffiXsponR570.8_10Ag231600	MBF1	OTR	FALSE	85	8.444127	0.476470588235294	0.2639	0.2416	FALSE	TRUE	
sugarcane	SoffiXsponR570.8_10Ag232400	PAS	TFF	FALSE	271	48.303487	0.365914992483258			FALSE	FALSE	
sugarcane	SoffiXsponR570.8_10Ag233200	mTERF	OTR	FALSE	1	0.090725				FALSE	FALSE	
sugarcane	SoffiXsponR570.8_10Ag235800	WRKY	TFF	FALSE	11	1.652201	0.509090909090909			FALSE	FALSE	
sugarcane	SoffiXsponR570.8_10Ag238900	SET	OTR	FALSE	16	0.968739	0.841666666666667			FALSE	FALSE	
sugarcane	SoffiXsponR570.8_10Ag240500	AP2-EREBP	TFF	FALSE	3	0.356863	1			FALSE	FALSE	
sugarcane	SoffiXsponR570.8_10Ag247900	MYB	TFF	TRUE	2	0.16065	1			FALSE	FALSE	
sugarcane	SoffiXsponR570.8_10Ag250200	MADS	TFF	FALSE	5	3.244347	0.8			FALSE	FALSE	
sugarcane	SoffiXsponR570.8_10Ag250300	TCP	TFF	FALSE	6	2.102401	0.333333333333333			FALSE	FALSE	
sugarcane	SoffiXsponR570.8_10Ag251000	NAC	TFF	FALSE	66	22.535583	0.224242424242424			FALSE	FALSE	
sugarcane	SoffiXsponR570.8_10Ag251100	MYB;MYB-related	TFF	TRUE	104	23.919945	0.25336071695295			FALSE	FALSE	
sugarcane	SoffiXsponR570.8_10Ag251800	MYB	TFF	TRUE	50	11.686158	0.0751020408163265			FALSE	FALSE	
sugarcane	SoffiXsponR570.8_10Ag252600	zf-A20	TFF	FALSE	2	0.264157	1			FALSE	FALSE	
sugarcane	SoffiXsponR570.8_10Ag253600	NAC	TFF	FALSE	1	0.084287				FALSE	FALSE	
sugarcane	SoffiXsponR570.8_10Ag253900	MYB	TFF	TRUE	507	143.797774	0.516975777845343			FALSE	FALSE	
sugarcane	SoffiXsponR570.8_10Ag254400	zf-HD	TFF	FALSE	13	1.585038	0.320512820512821			FALSE	FALSE	
sugarcane	SoffiXsponR570.8_10Ag257700	AP2-EREBP	TFF	FALSE	23	2.555188	0.387351778656127	-0.1358	0.6327	FALSE	TRUE	
sugarcane	SoffiXsponR570.8_10Ag268500	C2H2	TFF	FALSE	22	9.734202	0.692640692640693			FALSE	FALSE	
sugarcane	SoffiXsponR570.8_10Ag270400	bHLH	TFF	FALSE	67	6.145458	0.707824513794663			FALSE	FALSE	
sugarcane	SoffiXsponR570.8_10Ag275800	zf-HD	TFF	FALSE	81	3.258999	0.025			FALSE	FALSE	
sugarcane	SoffiXsponR570.8_10Ag287900	C2H2	TFF	FALSE	1316	199.728199	0.520024963306251	0.0911	0.7888	FALSE	TRUE	
sugarcane	SoffiXsponR570.8_10Ag290900	bZIP	TFF	FALSE	2	0.233452	1			FALSE	FALSE	
sugarcane	SoffiXsponR570.8_10Ag291100	bZIP	TFF	FALSE	2	0.045258	0			FALSE	FALSE	
sugarcane	SoffiXsponR570.8_10Ag291700	MYB	TFF	TRUE	2230	188.768574	0.986876215882366			FALSE	FALSE	
sugarcane	SoffiXsponR570.8_10Ag296500	bZIP	TFF	FALSE	6	0.635973	0.8			FALSE	FALSE	
sugarcane	SoffiXsponR570.8_10Ag296700	bHLH	TFF	FALSE	10	2.460845	0.0666666666666667			FALSE	FALSE	
sugarcane	SoffiXsponR570.8_10Ag296800	bHLH	TFF	FALSE	12	1.056513	0.833333333333333			FALSE	FALSE	
sugarcane	SoffiXsponR570.8_10Ag296900	bHLH	TFF	FALSE	278	34.557069	0.000753188063267797			FALSE	FALSE	
sugarcane	SoffiXsponR570.8_10Ag297100	bHLH	TFF	FALSE	90	24.324717	0.125842696629213			FALSE	FALSE	
sugarcane	SoffiXsponR570.8_10Ag303300	bHLH	TFF	FALSE	84	18.721906	0.447791164658635			FALSE	FALSE	
sugarcane	SoffiXsponR570.8_10Ag305500	MADS	TFF	FALSE	63	6.103477	0.674859190988223			FALSE	FALSE	
sugarcane	SoffiXsponR570.8_10Ag307600	NAC	TFF	FALSE	5	1.893312	0.5			FALSE	FALSE	
sugarcane	SoffiXsponR570.8_10Ag311300	bHLH	TFF	FALSE	2795	790.69919	0.367882620949825			FALSE	FALSE	
sugarcane	SoffiXsponR570.8_10Ag311900	TRAF	OTR	FALSE	87	7.61973	0.811280406308474	0.0525	0.8976	FALSE	TRUE	
sugarcane	SoffiXsponR570.8_10Ag312300	TRAF	OTR	FALSE	66	22.535583	0.224242424242424			FALSE	FALSE	
sugarcane	SoffiXsponR570.8_10Ag317200	ARF;AUX/IAA	OTR;TFF	FALSE	11373	3568.186673	0.708781023880572	0.1044	0.7438	FALSE	TRUE	
sugarcane	SoffiXsponR570.8_10Ag321400	mTERF	OTR	FALSE	11	1.393187	0.6	-0.2417	0.3027	FALSE	TRUE	
sugarcane	SoffiXsponR570.8_10Ag322500	SBP	TFF	FALSE	11123	3426.984652	0.688171399813852			FALSE	FALSE	
sugarcane	SoffiXsponR570.8_10Ag325200	MYB-related	TFF	TRUE	14711	6200.966438	0.577163700669149	0.0259	0.9538	FALSE	TRUE	
sugarcane	SoffiXsponR570.8_10Ag325900	SBP	TFF	FALSE	15	3.604847	0.0380952380952381			FALSE	FALSE	
sugarcane	SoffiXsponR570.8_10Ag326300	EIL	TFF	FALSE	10	0.742336	0.511111111111111			FALSE	FALSE	
sugarcane	SoffiXsponR570.8_10Ag327900	zf-A20	TFF	FALSE	18	1.032816	0.320261437908497			FALSE	FALSE	
sugarcane	SoffiXsponR570.8_10Ag328600	C2H2	TFF	FALSE	1	0.056058				FALSE	FALSE	
sugarcane	SoffiXsponR570.8_10Ag335600	WRKY	TFF	FALSE	298	31.737049	0.54156780331277	-0.3489	0.08046	FALSE	TRUE	
sugarcane	SoffiXsponR570.8_10Ag338200	TRAF	OTR	FALSE	45	5.861076	0.536363636363636			FALSE	FALSE	
sugarcane	SoffiXsponR570.8_10Ag339900	CCAAT	TFF	FALSE	4	0.496123	0.5			FALSE	FALSE	
sugarcane	SoffiXsponR570.8_10Ag341200	C2C2-Dof	TFF	FALSE	13	0.801061	0.551282051282051	0.1147	0.7093	FALSE	TRUE	
sugarcane	SoffiXsponR570.8_10Ag341300	bHLH	TFF	FALSE	1	0.10905				FALSE	FALSE	
sugarcane	SoffiXsponR570.8_10Ag342300	bHLH	TFF	FALSE	21	1.378784	0.785714285714286			FALSE	FALSE	
sugarcane	SoffiXsponR570.8_10Ag342500	bZIP	TFF	FALSE	11	2.432711	0.0727272727272727			FALSE	FALSE	
sugarcane	SoffiXsponR570.8_10Ag342800	MYB	TFF	TRUE	90	24.324717	0.125842696629213			FALSE	FALSE	
sugarcane	SoffiXsponR570.8_10Ag346300	bZIP	TFF	FALSE	24	5.914547	0.0181159420289855			FALSE	FALSE	
sugarcane	SoffiXsponR570.8_5Ag001400	ABI3VP1	TFF	FALSE	9532	2584.806488	0.763153436234954			FALSE	FALSE	
sugarcane	SoffiXsponR570.8_5Ag001500	HMG	OTR	FALSE	9	0.54959	0.194444444444444			FALSE	FALSE	
sugarcane	SoffiXsponR570.8_5Ag002600	GNAT	OTR	FALSE	29	3.055463	0.795566502463054			FALSE	FALSE	
sugarcane	SoffiXsponR570.8_5Ag003800	TUB	TFF	FALSE	117	11.415683	0.562039493073976	-0.4351	0.01702	FALSE	TRUE	
sugarcane	SoffiXsponR570.8_5Ag006800	Yl1	TFF	FALSE	172	16.454607	0.618999048007616	-0.4134	0.02622	FALSE	TRUE	
sugarcane	SoffiXsponR570.8_5Ag014400	zf-BED	TFF	FALSE	8160	1894.898659	0.807173661228188			FALSE	FALSE	
sugarcane	SoffiXsponR570.8_5Ag017300	MADS	TFF	FALSE	1	0.043182				FALSE	FALSE	
sugarcane	SoffiXsponR570.8_5Ag022000	NAC	TFF	FALSE	2	0.386483	1			FALSE	FALSE	
sugarcane	SoffiXsponR570.8_5Ag024500	MYB-related	TFF	TRUE	6049	1035.642971	0.889928841708062			FALSE	FALSE	
sugarcane	SoffiXsponR570.8_5Ag036100	Top	TFF	FALSE	5213	854.251376	0.822531383331034	0.2161	0.3839	FALSE	TRUE	
sugarcane	SoffiXsponR570.8_5Ag036500	zf-LSD1	TFF	FALSE	1304	132.014822	0.867776815183461	-0.1907	0.4636	FALSE	TRUE	
sugarcane	SoffiXsponR570.8_5Ag039000	C3H	TFF	FALSE	11831	4020.353152	0.709678093276593	-0.0015	0.9974	FALSE	TRUE	
sugarcane	SoffiXsponR570.8_5Ag041000	bHLH	TFF	FALSE	13605	5413.380945	0.60859934725297	0.0803	0.8241	FALSE	TRUE	
sugarcane	SoffiXsponR570.8_5Ag042900	SWI/SNF-SWI3	OTR	FALSE	12558	4467.241096	0.665811347302011	-0.0908	0.7897	FALSE	TRUE	
sugarcane	SoffiXsponR570.8_5Ag043300	MYB-related	TFF	TRUE	14041	5680.484667	0.612926784826934	0.0032	0.995	FALSE	TRUE	
sugarcane	SoffiXsponR570.8_5Ag046600	MYB	TFF	TRUE	189	27.47053	0.489474276708319	0.1173	0.7002	FALSE	TRUE	
sugarcane	SoffiXsponR570.8_5Ag046700	MYB-related	TFF	TRUE	10778	3158.783197	0.734670990723339	-0.1207	0.6882	FALSE	TRUE	
sugarcane	SoffiXsponR570.8_5Ag051400	BSD	TFF	FALSE	14834	6360.345843	0.570413486045044	0.0396	0.9255	FALSE	TRUE	
sugarcane	SoffiXsponR570.8_5Ag056000	TRAF	OTR	FALSE	250	19.851991	0.819630522088353	0.1071	0.7353	FALSE	TRUE	
sugarcane	SoffiXsponR570.8_5Ag056100	TRAF	OTR	FALSE	10374	2946.193927	0.716177480312101	0.0493	0.9058	FALSE	TRUE	
sugarcane	SoffiXsponR570.8_5Ag056500	MYB-related	TFF	TRUE	10890	3279.617919	0.710634644392649	0.0982	0.7651	FALSE	TRUE	
sugarcane	SoffiXsponR570.8_5Ag056800	NAC	TFF	FALSE	14261	5848.987829	0.592668320401869	-0.03	0.9457	FALSE	TRUE	
sugarcane	SoffiXsponR570.8_5Ag058700	zf-LSD1	TFF	FALSE	3	0.844187	1	0.1112	0.7212	FALSE	TRUE	
sugarcane	SoffiXsponR570.8_5Ag059900	Top	TFF	FALSE	2	0.158669	1	0.4008	0.03334	FALSE	TRUE	
sugarcane	SoffiXsponR570.8_5Ag060000	bHLH	TFF	FALSE	43	10.23937	0.568106312292359	0.3657	0.06167	FALSE	TRUE	
sugarcane	SoffiXsponR570.8_5Ag060600	GNAT	OTR	FALSE	119	20.316463	0.43626264064948			FALSE	FALSE	
sugarcane	SoffiXsponR570.8_5Ag061600	Sigma70-like	TFF	FALSE	250	35.184362	0.340048192771084			FALSE	FALSE	
sugarcane	SoffiXsponR570.8_5Ag064200	AP2-EREBP	TFF	FALSE	9	1.061181	0.5	-0.1917	0.4603	FALSE	TRUE	
sugarcane	SoffiXsponR570.8_5Ag070000	SET	OTR	FALSE	6425	1312.337899	0.804880869889665	-0.006	0.991	FALSE	TRUE	
sugarcane	SoffiXsponR570.8_5Ag070400	CCAAT	TFF	FALSE	12591	4451.628579	0.653491187806463	-0.1931	0.4554	FALSE	TRUE	
sugarcane	SoffiXsponR570.8_5Ag078100	NAC	TFF	FALSE	3	1.163127	1			FALSE	FALSE	
sugarcane	SoffiXsponR570.8_5Ag085300	AP2-EREBP	TFF	FALSE	3	0.258804	0.666666666666667			FALSE	FALSE	
sugarcane	SoffiXsponR570.8_5Ag085700	AP2-EREBP	TFF	FALSE	23	3.183162	0.778656126482213			FALSE	FALSE	
sugarcane	SoffiXsponR570.8_5Ag088200	TRAF	OTR	FALSE	7	0.796528	0.142857142857143			FALSE	FALSE	
sugarcane	SoffiXsponR570.8_5Ag095400	SET	OTR	FALSE	2621	279.324127	0.892567372746839	-0.3522	0.07644	FALSE	TRUE	
sugarcane	SoffiXsponR570.8_5Ag097800	MYB	TFF	TRUE	7	2.606163	0.428571428571429			FALSE	FALSE	
sugarcane	SoffiXsponR570.8_5Ag098400	GNAT	OTR	FALSE	1823	285.453732	0.5679971675499			FALSE	FALSE	
sugarcane	SoffiXsponR570.8_5Ag103800	WRKY	TFF	FALSE	7797	1780.786838	0.837391149047406	-0.0634	0.8707	FALSE	TRUE	
sugarcane	SoffiXsponR570.8_5Ag108500	MYB-related	TFF	TRUE	7434	1599.587784	0.839922534954082	-0.1377	0.6252	FALSE	TRUE	
sugarcane	SoffiXsponR570.8_5Ag112400	MBF1	OTR	FALSE	7942	1793.054532	0.785498795241702	0.135	0.6356	FALSE	TRUE	
sugarcane	SoffiXsponR570.8_5Ag113100	PAS	TFF	FALSE	150	23.934717	0.313825503355705	0.4047	0.03107	FALSE	TRUE	
sugarcane	SoffiXsponR570.8_5Ag115900	CCAAT	TFF	FALSE	6328	1189.160595	0.834068698414297	-0.2503	0.279	FALSE	TRUE	
sugarcane	SoffiXsponR570.8_5Ag116500	WRKY	TFF	FALSE	30	3.663722	0.425287356321839			FALSE	FALSE	
sugarcane	SoffiXsponR570.8_5Ag119500	SET	OTR	FALSE	1	0.200175				FALSE	FALSE	
sugarcane	SoffiXsponR570.8_5Ag120000	bHLH	TFF	FALSE	408	148.071266	0.288685744568098			FALSE	FALSE	
sugarcane	SoffiXsponR570.8_5Ag121200	AP2-EREBP	TFF	FALSE	4893	717.056683	0.880993823839988	-0.0207	0.9654	FALSE	TRUE	
sugarcane	SoffiXsponR570.8_5Ag126300	PHD	OTR	FALSE	1	0.049125				FALSE	FALSE	
sugarcane	SoffiXsponR570.8_5Ag128100	Tify	TFF	FALSE	1	0.055068				FALSE	FALSE	
sugarcane	SoffiXsponR570.8_5Ag131200	bHLH	TFF	FALSE	223	15.261451	0.967680685169474	-0.0762	0.8353	FALSE	TRUE	
sugarcane	SoffiXsponR570.8_5Ag131700	NAC	TFF	FALSE	5	0.787919	0.4			FALSE	FALSE	
sugarcane	SoffiXsponR570.8_5Ag131800	MYB	TFF	TRUE	126	20.663802	0.483428571428572			FALSE	FALSE	
sugarcane	SoffiXsponR570.8_5Ag132500	MYB	TFF	TRUE	1	0.311606				FALSE	FALSE	
sugarcane	SoffiXsponR570.8_5Ag132700	MYB-related	TFF	TRUE	3287	426.659215	0.821441222277546	-0.358	0.06967	FALSE	TRUE	
sugarcane	SoffiXsponR570.8_5Ag133500	zf-A20	TFF	FALSE	43	3.672881	0.389811738648948			FALSE	FALSE	
sugarcane	SoffiXsponR570.8_5Ag133600	zf-A20	TFF	FALSE	5	1.47978	1			FALSE	FALSE	
sugarcane	SoffiXsponR570.8_5Ag136400	AP2-EREBP	TFF	FALSE	67	7.044332	0.493441881501583	-0.2753	0.2131	FALSE	TRUE	
sugarcane	SoffiXsponR570.8_5Ag139800	ARID	OTR	FALSE	6	0.556733	0.333333333333333			FALSE	FALSE	
sugarcane	SoffiXsponR570.8_5Ag146400	C2H2	TFF	FALSE	236	35.997714	0.707500901550667			FALSE	FALSE	
sugarcane	SoffiXsponR570.8_5Ag146800	GeBP	TFF	FALSE	1124	112.216533	0.812394038591343			FALSE	FALSE	
sugarcane	SoffiXsponR570.8_5Ag147900	bHLH	TFF	FALSE	247	30.833327	0.634146341463415	0.2105	0.4027	FALSE	TRUE	
sugarcane	SoffiXsponR570.8_5Ag148400	bZIP	TFF	FALSE	89	10.283362	0.430286006128703			FALSE	FALSE	
sugarcane	SoffiXsponR570.8_5Ag150000	AP2-EREBP	TFF	FALSE	23	3.785383	0.25296442687747			FALSE	FALSE	
sugarcane	SoffiXsponR570.8_5Ag155200	C2H2	TFF	FALSE	175	55.488824	0.174712643678161	0.1459	0.596	FALSE	TRUE	
sugarcane	SoffiXsponR570.8_5Ag155600	SOH1	OTR	FALSE	1	0.092706				FALSE	FALSE	
sugarcane	SoffiXsponR570.8_5Ag161300	bHLH	TFF	FALSE	11	6.855768	0.781818181818182			FALSE	FALSE	
sugarcane	SoffiXsponR570.8_5Ag165600	MYB	TFF	TRUE	5	0.154992	0.1			FALSE	FALSE	
sugarcane	SoffiXsponR570.8_5Ag166100	SRS	TFF	FALSE	1	0.020895				FALSE	FALSE	
sugarcane	SoffiXsponR570.8_5Ag167300	HSF	TFF	FALSE	39	4.342571	0.720647773279352	0.069	0.8551	FALSE	TRUE	
sugarcane	SoffiXsponR570.8_5Ag168600	AP2-EREBP	TFF	FALSE	1	0.026838				FALSE	FALSE	
sugarcane	SoffiXsponR570.8_5Ag169700	bHLH	TFF	FALSE	164	21.070545	0.809292234026635			FALSE	FALSE	
sugarcane	SoffiXsponR570.8_5Ag170300	bHLH	TFF	FALSE	31	5.022776	0.505376344086022			FALSE	FALSE	
sugarcane	SoffiXsponR570.8_5Ag172600	bHLH	TFF	FALSE	1	0.093697				FALSE	FALSE	
sugarcane	SoffiXsponR570.8_5Ag172800	bHLH	TFF	FALSE	2	0.340425	1			FALSE	FALSE	
sugarcane	SoffiXsponR570.8_5Ag172900	bHLH	TFF	FALSE	122	25.786263	0.228695298740008	0.1216	0.685	FALSE	TRUE	
sugarcane	SoffiXsponR570.8_5Ag178400	SBP	TFF	FALSE	2	0.382026	1			FALSE	FALSE	
sugarcane	SoffiXsponR570.8_5Ag178600	MADS	TFF	FALSE	9549	2653.126028	0.752516149037994	-0.0053	0.9921	FALSE	TRUE	
sugarcane	SoffiXsponR570.8_5Ag178800	MADS	TFF	FALSE	1	0.071411				FALSE	FALSE	
sugarcane	SoffiXsponR570.8_5Ag181300	NAC	TFF	FALSE	31	4.977709	0.496774193548387	0.1239	0.676	FALSE	TRUE	
sugarcane	SoffiXsponR570.8_5Ag184800	bHLH	TFF	FALSE	916	147.436603	0.623917245328943	0.3352	0.09827	FALSE	TRUE	
sugarcane	SoffiXsponR570.8_5Ag186300	TRAF	OTR	FALSE	1798	170.926828	0.953442983392789	-0.1144	0.7107	FALSE	TRUE	
sugarcane	SoffiXsponR570.8_5Ag186700	TRAF	OTR	FALSE	408	148.071266	0.288685744568098			FALSE	FALSE	
sugarcane	SoffiXsponR570.8_5Ag187300	TRAF	OTR	FALSE	10125	2971.883517	0.736438825233768	-0.2208	0.3682	FALSE	TRUE	
sugarcane	SoffiXsponR570.8_5Ag187400	TRAF	OTR	FALSE	9002	2264.45917	0.844431119394002	-0.1125	0.7168	FALSE	TRUE	
sugarcane	SoffiXsponR570.8_5Ag189400	mTERF	OTR	FALSE	7	1.366063	0			FALSE	FALSE	
sugarcane	SoffiXsponR570.8_5Ag191400	ARF;AUX/IAA	OTR;TFF	FALSE	4	0.203432	0.166666666666667			FALSE	FALSE	
sugarcane	SoffiXsponR570.8_5Ag193800	mTERF	OTR	FALSE	79	14.091361	0.379422265498215			FALSE	FALSE	
sugarcane	SoffiXsponR570.8_5Ag194700	SBP	TFF	FALSE	21	2.792221	0.357142857142857	3e-04	0.9994	FALSE	TRUE	
sugarcane	SoffiXsponR570.8_5Ag196700	C2H2	TFF	FALSE	3	0.390045	0.333333333333333			FALSE	FALSE	
sugarcane	SoffiXsponR570.8_5Ag204400	FAR1	TFF	FALSE	11837	3976.897229	0.707490729017333	-0.0725	0.846	FALSE	TRUE	
sugarcane	SoffiXsponR570.8_5Ag207700	MADS	TFF	FALSE	2893	370.117974	0.796548065894736	-0.3218	0.1189	FALSE	TRUE	
sugarcane	SoffiXsponR570.8_5Ag208700	CCAAT	TFF	FALSE	10771	3176.163742	0.753787479309922			FALSE	FALSE	
sugarcane	SoffiXsponR570.8_5Ag209700	CCAAT	TFF	FALSE	19	1.415738	0.64327485380117	-0.2191	0.3739	FALSE	TRUE	
sugarcane	SoffiXsponR570.8_5Ag209900	Alfin-like	TFF	FALSE	47	3.700995	0.712303422756707	0.1319	0.6471	FALSE	TRUE	
sugarcane	SoffiXsponR570.8_5Ag211300	GRAS	TFF	FALSE	66	22.535583	0.224242424242424			FALSE	FALSE	
sugarcane	SoffiXsponR570.8_5Ag213600	Tify	TFF	FALSE	10922	3436.15041	0.736909318662048	0.0457	0.9132	FALSE	TRUE	
sugarcane	SoffiXsponR570.8_5Ag213800	FAR1	TFF	FALSE	581	45.016278	0.909021306902487			FALSE	FALSE	
sugarcane	SoffiXsponR570.8_5Ag214800	AP2-EREBP	TFF	FALSE	5091	822.158629	0.723704260262824	-0.2907	0.1783	FALSE	TRUE	
sugarcane	SoffiXsponR570.8_5Ag221200	CAMTA;TIG	TFF	FALSE	2	0.123507	0	-0.203	0.4239	FALSE	TRUE	
sugarcane	SoffiXsponR570.8_5Ag224000	Tudor-knot	OTR	FALSE	9683	2580.832116	0.82092625422335			FALSE	FALSE	
sugarcane	SoffiXsponR570.8_5Ag225200	MYB	TFF	TRUE	13247	4911.776468	0.617389222879324	-0.1775	0.509	FALSE	TRUE	
sugarcane	SoffiXsponR570.8_5Ag225800	bHLH	TFF	FALSE	12791	4657.765193	0.671977859725818	-0.0315	0.9426	FALSE	TRUE	
sugarcane	SoffiXsponR570.8_5Ag226000	MYB	TFF	TRUE	10006	2871.892111	0.806896232075847	-0.0805	0.8233	FALSE	TRUE	
sugarcane	SoffiXsponR570.8_5Ag229200	SART-1	OTR	FALSE	5699	961.187359	0.924927190061424			FALSE	FALSE	
sugarcane	SoffiXsponR570.8_5Ag233300	HSF	TFF	FALSE	4	0.894302	0			FALSE	FALSE	
sugarcane	SoffiXsponR570.8_5Ag235300	MED26	OTR	FALSE	420	36.02065	0.781179679509035	0.3903	0.04024	FALSE	TRUE	
sugarcane	SoffiXsponR570.8_5Ag235800	SWI/SNF-BAF60b	OTR	FALSE	962	79.193377	0.956297688867928	-0.1236	0.6772	FALSE	TRUE	
sugarcane	SoffiXsponR570.8_5Ag239400	BSD	TFF	FALSE	11298	3696.847354	0.716336884140752	0.0366	0.932	FALSE	TRUE	
sugarcane	SoffiXsponR570.8_5Ag250100	TUB	TFF	FALSE	9272	2484.215803	0.809885055396005	-0.0675	0.8594	FALSE	TRUE	
sugarcane	SoffiXsponR570.8_5Ag258600	bZIP	TFF	FALSE	5863	1126.926173	0.815296535769861			FALSE	FALSE	
sugarcane	SoffiXsponR570.8_5Ag258700	ABI3VP1	TFF	FALSE	124	17.536123	0.428665093102544	-0.1632	0.5623	FALSE	TRUE	
sugarcane	SoffiXsponR570.8_5Ag259100	WRKY	TFF	FALSE	1	0.028819				FALSE	FALSE	
sugarcane	SoffiXsponR570.8_5Ag261100	C3H	TFF	FALSE	46	4.473982	0.482125603864734	0.1212	0.6865	FALSE	TRUE	
sugarcane	SoffiXsponR570.8_5Ag261500	NAC	TFF	FALSE	14	2.112571	0.615384615384615	-0.3496	0.07953	FALSE	TRUE	
sugarcane	SoffiXsponR570.8_5Ag261900	NAC	TFF	FALSE	13	1.715288	0.17948717948718	-0.674	8.096e-06	TRUE	TRUE	ortholog_not_correlated
sugarcane	SoffiXsponR570.8_5Ag262600	MYB-related	TFF	TRUE	5306	857.881466	0.883605030920129	0.3044	0.1498	FALSE	TRUE	
sugarcane	SoffiXsponR570.8_5Ag263100	EIL	TFF	FALSE	1840	229.113997	0.799025344587087			FALSE	FALSE	
sugarcane	SoffiXsponR570.8_5Ag264700	bZIP	TFF	FALSE	13737	5392.271676	0.621826867051388	0.0157	0.9745	FALSE	TRUE	
sugarcane	SoffiXsponR570.8_5Ag266200	bZIP	TFF	FALSE	838	67.013357	0.956153782545345	-0.1786	0.5057	FALSE	TRUE	
sugarcane	SoffiXsponR570.9os1g002400	WRKY	TFF	FALSE	6	0.855863	0.333333333333333			FALSE	FALSE	
sugarcane	SoffiXsponR570.9os1g012000	bZIP	TFF	FALSE	10	2.460845	0.0666666666666667			FALSE	FALSE	
sugarcane	SoffiXsponR570.9os1g012700	ABI3VP1	TFF	FALSE	1	0.187794				FALSE	FALSE	
sugarcane	SoffiXsponR570.9os1g013200	OFP	TFF	FALSE	566	94.062196	0.73234310015948			FALSE	FALSE	
sugarcane	SoffiXsponR570.9os1g017300	bZIP	TFF	FALSE	19	1.028454	0.707602339181287			FALSE	FALSE	
sugarcane	SoffiXsponR570.9os1g018100	TUB	TFF	FALSE	71	10.20984	0.287323943661972	0.276	0.2113	FALSE	TRUE	
sugarcane	SoffiXsponR570.9os1g019000	MED26	OTR	FALSE	982	92.650165	0.79780804740165	0.3792	0.04898	FALSE	TRUE	
sugarcane	SoffiXsponR570.9os1g019800	SAP	TFF	FALSE	16	1.86068	0.741666666666667			FALSE	FALSE	
sugarcane	SoffiXsponR570.9os1g022600	C2H2	TFF	FALSE	677	45.006583	0.965777490320156	0.1541	0.596	FALSE	TRUE	
sugarcane	SoffiXsponR570.9os1g023400	TCP	TFF	FALSE	1	0.08082				FALSE	FALSE	
sugarcane	SoffiXsponR570.9os1g025400	MYB;MYB-related	TFF	TRUE	8	0.489075	0.892857142857143			FALSE	FALSE	
sugarcane	SoffiXsponR570.9os1g026300	MYB-related	TFF	TRUE	4	0.444122	0.833333333333333			FALSE	FALSE	
sugarcane	SoffiXsponR570.9os1g030100	WRKY	TFF	FALSE	28	4.64016	0.182539682539683	0.5903	0.000272	FALSE	TRUE	
sugarcane	SoffiXsponR570.9os1g031700	MYB	TFF	TRUE	26	6.514977	0.126153846153846			FALSE	FALSE	
sugarcane	SoffiXsponR570.9os1g035900	SWI/SNF-BAF60b	OTR	FALSE	8	0.578219	0.785714285714286	-0.0179	0.9708	FALSE	TRUE	
sugarcane	SoffiXsponR570.9os1g036100	SWI/SNF-BAF60b	OTR	FALSE	15	0.948339	0.866666666666667			FALSE	FALSE	
sugarcane	SoffiXsponR570.9os1g038900	zf-HD	TFF	FALSE	62	6.721946	0.561078794288736	0.0416	0.9217	FALSE	TRUE	
sugarcane	SoffiXsponR570.9os1g039300	Alfin-like	TFF	FALSE	5664	967.4504	0.886127526684764	-0.1149	0.7088	FALSE	TRUE	
sugarcane	SoffiXsponR570.9os1g046100	bZIP	TFF	FALSE	13060	4838.899845	0.657049845752467			FALSE	FALSE	
sugarcane	SoffiXsponR570.9os1g060800	mTERF	OTR	FALSE	1	0.038229				FALSE	FALSE	
sugarcane	SoffiXsponR570.9os1g061700	GRAS	TFF	FALSE	13	1.062056	0.615384615384615	-0.1141	0.7113	FALSE	TRUE	
sugarcane	SoffiXsponR570.9os1g071700	bHLH	TFF	FALSE	56	8.655813	0.627922077922078			FALSE	FALSE	
sugarcane	SoffiXsponR570.9os1g072700	ABI3VP1	TFF	FALSE	55	3.30952	0.0713804713804714			FALSE	FALSE	
sugarcane	SoffiXsponR570.9os1g073300	ABI3VP1	TFF	FALSE	6	1.25949	0.933333333333333			FALSE	FALSE	
sugarcane	SoffiXsponR570.9os1g074000	TAZ	TFF	FALSE	6449	1296.508599	0.845196294884043	-0.0449	0.9151	FALSE	TRUE	
sugarcane	SoffiXsponR570.9us90g001000	NAC	TFF	FALSE	45	4.800255	0.224242424242424			FALSE	FALSE	
sugarcane	SoffiXsponR570.9us90g001500	ARF	TFF	FALSE	8	0.467779	0.357142857142857	-0.7043	1.712e-06	TRUE	TRUE	ortholog_not_correlated
sugarcane	SoffiXsponR570.9us90g003400	MED26	OTR	FALSE	5260	804.2705	0.87405179749797	0.0406	0.9234	FALSE	TRUE	
sugarcane	SoffiXsponR570.9us90g004800	MYB	TFF	TRUE	18	1.243792	0.699346405228758	0.0708	0.8508	FALSE	TRUE	
sugarcane	SoffiXsponR570.9us90g006600	MADS	TFF	FALSE	24	6.333032	0.485507246376812			FALSE	FALSE	
sugarcane	SoffiXsponR570.9us90g009000	WRKY	TFF	FALSE	194	24.35045	0.254847497462742			FALSE	FALSE	
sugarcane	SoffiXsponR570.9us90g010600	LIM	TFF	FALSE	2924	833.313642	0.337815139422094			FALSE	FALSE	
sugarcane	SoffiXsponR570.9us90g012600	MYB	TFF	TRUE	293	107.603062	0.0415166674458834			FALSE	FALSE	
sugarcane	SoffiXsponR570.9us90g013600	PHD	OTR	FALSE	3981	543.673942	0.888659322737778	-0.0953	0.7745	FALSE	TRUE	
sugarcane	SoffiXsponR570.9us90g023500	ARF	TFF	FALSE	20	2.128494	0.347368421052632			FALSE	FALSE	
sugarcane	SoffiXsponR570.9us90g025900	bZIP	TFF	FALSE	52	7.408894	0.315233785822021			FALSE	FALSE	
sugarcane	SoffiXsponR570.9us90g027900	MYB	TFF	TRUE	152	23.536728	0.342018124782154			FALSE	FALSE	
sugarcane	SoffiXsponR570.9us90g030800	MYB;MYB-related	TFF	TRUE	45	5.778369	0.453535353535354			FALSE	FALSE	
sugarcane	SoffiXsponR570.9us90g035500	GRAS	TFF	FALSE	1	0.147184				FALSE	FALSE	
sugarcane	SoffiXsponR570.9us90g035700	GRAS	TFF	FALSE	2	0.127964	0			FALSE	FALSE	
sugarcane	SoffiXsponR570.9us90g038900	C2H2	TFF	FALSE	8	2.977694	0.321428571428571			FALSE	FALSE	
sugarcane	SoffiXsponR570.9us90g042400	C2H2	TFF	FALSE	243	33.382976	0.492364724687957	0.399	0.03459	FALSE	TRUE	
sugarcane	SoffiXsponR570.9us90g044600	bHLH	TFF	FALSE	1	0.032781				FALSE	FALSE	
sugarcane	SoffiXsponR570.9us90g046100	ABI3VP1	TFF	FALSE	9319	2414.457709	0.827916392898569			FALSE	FALSE	
sugarcane	SoffiXsponR570.9us90g046200	ABI3VP1	TFF	FALSE	11684	3833.581796	0.715090114608365			FALSE	FALSE	
sugarcane	SoffiXsponR570.9us90g046400	ABI3VP1	TFF	FALSE	90	24.324717	0.125842696629213			FALSE	FALSE	
sugarcane	SoffiXsponR570.9us90g047300	ABI3VP1	TFF	FALSE	79	28.511981	0.609866926322623			FALSE	FALSE	
sugarcane	SoffiXsponR570.9us90g047800	TAZ	TFF	FALSE	682	55.964907	0.939225995926294	0.0505	0.9028	FALSE	TRUE	
sugarcane	SoffiXsponR570.9us90g050600	LIM	TFF	FALSE	367	55.927539	0.410535876475931	0.3847	0.04454	FALSE	TRUE	
sugarcane	SoffiXsponR570.9us90g051800	WRKY	TFF	FALSE	9874	2796.136393	0.805480873038572			FALSE	FALSE	
sugarcane	SoffiXsponR570.9us90g054000	AUX/IAA	OTR	FALSE	1063	202.421576	0.275735978017656			FALSE	FALSE	
sugarcane	SoffiXsponR570.9us90g054100	AUX/IAA	OTR	FALSE	151	16.00045	0.687593818984547			FALSE	FALSE	
sugarcane	SoffiXsponR570.9us90g054200	bZIP	TFF	FALSE	1	0.521591				FALSE	FALSE	
sugarcane	SoffiXsponR570.9us90g056600	CPP	TFF	FALSE	2842	355.466178	0.835051291025823			FALSE	FALSE	
sugarcane	SoffiXsponR570.9us90g056700	CPP	TFF	FALSE	13	0.787194	0.820512820512821			FALSE	FALSE	
sugarcane	SoffiXsponR570.9us90g059500	bHLH	TFF	FALSE	11	0.762736	0.709090909090909			FALSE	FALSE	
sugarcane	SoffiXsponR570.9us90g060400	NAC	TFF	FALSE	59	8.92997	0.446522501461134			FALSE	FALSE	
sugarcane	SoffiXsponR570.9us90g060600	zf-LSD1	TFF	FALSE	8868	2208.875193	0.79570533100819	-0.0775	0.8319	FALSE	TRUE	
sugarcane	SoffiXsponR570.9us90g064500	CCAAT	TFF	FALSE	99	13.593557	0.33601319315605			FALSE	FALSE	
sugarcane	SoffiXsponR570.9us90g064800	SET	OTR	FALSE	155	17.25975	0.4158357771261	-0.0627	0.8725	FALSE	TRUE	
sugarcane	SoffiXsponR570.9us90g065300	ARF	TFF	FALSE	1199	199.717574	0.436595047904417	-0.1009	0.756	FALSE	TRUE	
sugarcane	SoffiXsponR570.9us90g070700	CCAAT	TFF	FALSE	75	14.056313	0.324324324324324			FALSE	FALSE	
sugarcane	SoffiXsponR570.9us90g071700	C2C2-YABBY	TFF	FALSE	70	9.084047	0.37184265010352	0.0135	0.9787	FALSE	TRUE	
sugarcane	SoffiXsponR570.9us90g075300	TFIID	TFF	FALSE	27	3.054282	0.64957264957265			FALSE	FALSE	
sugarcane	SoffiXsponR570.9us90g075400	C2C2-GATA	TFF	FALSE	18	1.246763	0.758169934640523			FALSE	FALSE	
