Gene	Family
Soffic.08G0011710-8F	C2C2-Dof	TFF
Soffic.03D0004100-3D	Orphans	Orphans
Soffic.04G0006800-4G	GRAS	TFF
Soffic.04G0012310-4B	CPP	TFF
Soffic.02G0030340-2D	Orphans	Orphans
Soffic.02G0031850-2D	WRKY	TFF
Soffic.03G0032160-3C	bZIP	TFF
Soffic.04C0027140-4C	MADS	TFF
Soffic.01G0036790-1D	AP2-EREBP	TFF
Soffic.09G0014080-9A	SWI/SNF-BAF60b	OTR
Soffic.04G0031000-4A	bHLH	TFF
Soffic.04G0023690-4H	PHD	OTR
Soffic.09G0007780-9D	NAC	TFF
Soffic.07G0017230-7A	bHLH	TFF
Soffic.03H0030120-3H	WRKY	TFF
Soffic.02G0017280-2D	Jumonji	OTR
Soffic.10G0016210-10A	ARID	OTR
Soffic.04G0028440-4E	mTERF	OTR
Soffic.09D0015230-9D	Orphans	Orphans
Soffic.03G0032150-3E	C2H2	TFF
Soffic.08G0012490-8A	Orphans	Orphans
Soffic.09G0013820-9G	MYB-related	TFF
Soffic.06G0019800-6H	bZIP	TFF
Soffic.06G0013940-6F	ARF	TFF
Soffic.10G0010390-10B	TUB	TFF
Soffic.03C0026080-3C	NAC	TFF
Soffic.09G0016800-9G	C2C2-GATA	TFF
Soffic.01F0018480-1F	TRAF	OTR
Soffic.01G0005160-1G	DDT	OTR
Soffic.01G0021550-1G	zf-BED	TFF
Soffic.01H0018060-1H	FHA	TFF
Soffic.03G0025050-3B	HB	TFF
Soffic.10E0006510-10E	AP2-EREBP	TFF
Soffic.08G0015580-8C	NAC	TFF
Soffic.03G0032020-3C	C2C2-Dof	TFF
Soffic.03G0025900-3F	SWI/SNF-BAF60b	OTR
Soffic.09G0019040-9C	TRAF	OTR
Soffic.10G0021810-10A	C3H	TFF
Soffic.07G0000150-7D	bHLH	TFF
Soffic.01F0011330-1F	zf-BED	TFF
Soffic.04G0030590-4G	GRF	TFF
Soffic.02G0024550-2D	Top	TFF
Soffic.04H0003230-4H	HB	TFF
Soffic.04G0021540-4G	FAR1	TFF
Soffic.02G0013860-2A	Orphans	Orphans
Soffic.06B0007930-6B	MADS	TFF
Soffic.03G0029310-3F	Orphans	Orphans
Soffic.08G0003960-8H	OFP	TFF
Soffic.01G0005490-1D	ABI3VP1	TFF
Soffic.09D0000930-9D	GRAS	TFF
Soffic.04D0008810-4D	AUX/IAA	OTR
Soffic.01E0017330-1E	MYB	TFF
Soffic.04G0024960-4D	MADS	TFF
Soffic.08G0015100-8A	ABI3VP1	TFF
Soffic.10G0006260-10A	MYB	TFF
Soffic.06G0010190-6H	TAZ	TFF
Soffic.01G0012570-1G	C2C2-YABBY	TFF
Soffic.08G0014200-8C	ABI3VP1	TFF
Soffic.05G0003530-5H	bZIP	TFF
Soffic.02G0035300-2D	SART-1	OTR
Soffic.04G0026580-4G	ARID	OTR
Soffic.03G0005290-3F	C2H2	TFF
Soffic.07G0018440-7A	NAC	TFF
Soffic.02E0028370-2E	bHLH	TFF
Soffic.01H0026850-1H	zf-C5HC2	TFF
Soffic.01G0014340-1G	MYB-related	TFF
Soffic.01G0031230-1E	zf-BED	TFF
Soffic.08G0002050-8D	SET	OTR
Soffic.02G0025410-2D	C2H2	TFF
Soffic.10F0010610-10F	PHD	OTR
Soffic.04G0032660-4C	C2H2	TFF
Soffic.06G0022370-6B	GNAT	OTR
Soffic.01H0018120-1H	FHA	TFF
Soffic.10G0005290-10C	zf-MIZ	OTR
Soffic.01H0022270-1H	SET	OTR
Soffic.10G0017250-10D	MYB	TFF
Soffic.02G0003360-2G	Orphans	Orphans
Soffic.07G0004050-7G	NAC	TFF
Soffic.10G0024800-10G	Orphans	Orphans
Soffic.02G0001830-2B	DDT	OTR
Soffic.02G0018870-2G	Orphans	Orphans
Soffic.02G0036580-2F	AP2-EREBP	TFF
Soffic.01G0000510-1F	Orphans	Orphans
Soffic.02G0028360-2D	Orphans	Orphans
Soffic.10G0025990-10G	PHD	OTR
Soffic.06G0001750-6E	Orphans	Orphans
Soffic.01G0009290-1C	bHLH	TFF
Soffic.05G0005400-5F	Orphans	Orphans
Soffic.01E0027950-1E	Tify	TFF
Soffic.10G0007620-10F	G2-like	TFF
Soffic.05G0009810-5E	Orphans	Orphans
Soffic.05F0013690-5F	bZIP	TFF
Soffic.03D0013100-3D	AP2-EREBP	TFF
Soffic.01G0001000-1G	MYB-related	TFF
Soffic.09G0015390-9E	WRKY	TFF
Soffic.02G0036980-2F	bHLH	TFF
Soffic.08G0015070-8C	Orphans	Orphans
Soffic.01G0025310-1C	GNAT	OTR
Soffic.03G0030390-3D	WRKY	TFF
Soffic.09G0010230-9H	Orphans	Orphans
Soffic.03G0025290-3B	WRKY	TFF
Soffic.06G0006120-6G	E2F-DP	TFF
Soffic.04G0031830-4G	bHLH	TFF
Soffic.04G0004640-4H	FAR1	TFF
Soffic.08G0015350-8D	CPP	TFF
Soffic.04H0005920-4H	WRKY	TFF
Soffic.03C0002410-3C	BES1	TFF
Soffic.02G0029210-2C	Orphans	Orphans
Soffic.05G0005970-5A	MYB-related	TFF
Soffic.04G0010830-4G	Orphans	Orphans
Soffic.02C0035000-2C	Orphans	Orphans
Soffic.03G0037350-3D	SET	OTR
Soffic.03D0028570-3D	AP2-EREBP	TFF
Soffic.01G0011330-1G	FAR1	TFF
Soffic.01G0042430-1B	zf-BED	TFF
Soffic.02G0026650-2D	FHA	TFF
Soffic.09D0006240-9D	C2H2	TFF
Soffic.01G0027170-1C	MYB	TFF
Soffic.10D0022770-10D	C2C2-GATA	TFF
Soffic.03G0005190-3G	FAR1	TFF
Soffic.03G0031200-3B	WRKY	TFF
Soffic.03G0003160-3C	MYB-related	TFF
Soffic.04G0018560-4G	SET	OTR
Soffic.04G0032780-4F	C2H2	TFF
Soffic.09F0002840-9F	HB	TFF
Soffic.01G0011440-1C	MYB-related	TFF
Soffic.01G0052670-1D	MADS	TFF
Soffic.01F0042500-1F	FAR1	TFF
Soffic.01G0051950-1C	NAC	TFF
Soffic.10G0008430-10F	zf-fF-X1	TFF
Soffic.01C0012130-1C	bHLH	TFF
Soffic.02G0027950-2F	Orphans	Orphans
Soffic.09G0015010-9B	NAC	TFF
Soffic.06G0006670-6D	bHLH	TFF
Soffic.09E0015760-9E	GNAT	OTR
Soffic.08G0008790-8F	MADS	TFF
Soffic.01E0043040-1E	MYB	TFF
Soffic.03G0030830-3F	WRKY	TFF
Soffic.04G0025250-4A	SET	OTR
Soffic.01G0003640-1E	C2H2	TFF
Soffic.04F0030990-4F	bHLH	TFF
Soffic.09G0003610-9C	Top	TFF
Soffic.07G0010030-7A	PAS	TFF
Soffic.03G0003150-3E	AUX/IAA	OTR
Soffic.04G0025760-4A	MYB	TFF
Soffic.03G0034820-3F	NAC	TFF
Soffic.01G0044250-1A	AP2-EREBP	TFF
Soffic.02G0013310-2G	MYB-related	TFF
Soffic.04G0001410-4E	PHD	OTR
Soffic.10G0004630-10G	BBR/BPC	TFF
Soffic.09G0018970-9G	Sigma70-like	TFF
Soffic.10G0018200-10B	mTERF	OTR
Soffic.03G0012580-3H	bHLH	TFF
Soffic.07G0013000-7C	MYB	TFF
Soffic.08H0003330-8H	C2H2	TFF
Soffic.03G0017020-3H	zf-BED	TFF
Soffic.10G0010490-10G	MYB	TFF
Soffic.01F0034910-1F	PAS	TFF
Soffic.04G0000160-4C	bHLH	TFF
Soffic.05G0020620-5F	Orphans	Orphans
Soffic.01G0018180-1B	SET	OTR
Soffic.09G0011350-9F	GNAT	OTR
Soffic.10D0019750-10D	bZIP	TFF
Soffic.01G0021500-1C	FAR1	TFF
Soffic.09G0013540-9B	bZIP	TFF
Soffic.07G0018680-7E	SBP	TFF
Soffic.04G0026690-4B	SET	OTR
Soffic.02H0029120-2H	CCAAT	TFF
Soffic.07G0007140-7A	TRAF	OTR
Soffic.04G0032960-4A	C2H2	TFF
Soffic.09G0003200-9B	WRKY	TFF
Soffic.03G0039670-3C	GNAT	OTR
Soffic.10G0014790-10G	MADS	TFF
Soffic.08G0004710-8G	C2C2-GATA	TFF
Soffic.04D0006490-4D	PLATZ	TFF
Soffic.10G0024740-10G	zf-BED	TFF
Soffic.02F0001280-2F	GNAT	OTR
Soffic.04G0000840-4F	PHD	OTR
Soffic.07G0015520-7B	C2H2	TFF
Soffic.04G0001470-4E	GeBP	TFF
Soffic.01G0041670-1D	AP2-EREBP	TFF
Soffic.03G0017160-3H	Orphans	Orphans
Soffic.03H0002240-3H	MYB	TFF
Soffic.10G0025130-10C	NAC	TFF
Soffic.04G0026010-4G	zf-HD	TFF
Soffic.07G0017780-7E	Orphans	Orphans
Soffic.03G0028900-3C	NAC	TFF
Soffic.03G0034980-3H	Orphans	Orphans
Soffic.01G0035990-1C	GeBP	TFF
Soffic.03G0022200-3G	Coactivator_p15	OTR
Soffic.04G0028530-4A	MYB-related	TFF
Soffic.08G0009150-8G	TRAF	OTR
Soffic.02F0035630-2F	FAR1	TFF
Soffic.01D0029850-1D	TRAF	OTR
Soffic.05G0009560-5C	WRKY	TFF
Soffic.03G0002990-3G	WRKY	TFF
Soffic.03G0033450-3C	MADS	TFF
Soffic.05G0005990-5F	FAR1	TFF
Soffic.04G0009410-4E	bHLH	TFF
Soffic.01G0013280-1D	Orphans	Orphans
Soffic.01G0038320-1A	bZIP	TFF
Soffic.08G0005060-8C	C2C2-GATA	TFF
Soffic.05G0014420-5G	CCAAT	TFF
Soffic.07G0011430-7G	CCAAT	TFF
Soffic.01G0003550-1B	GRAS	TFF
Soffic.04G0024730-4H	SET	OTR
Soffic.06G0002390-6A	RWP-RK	TFF
Soffic.03G0004000-3A	AUX/IAA	OTR
Soffic.06G0013510-6D	C2C2-GATA	TFF
Soffic.05G0003760-5D	Pseudo_ARR-B	OTR
Soffic.01G0019410-1H	Top	TFF
Soffic.03G0006190-3F	MYB-related	TFF
Soffic.08G0006670-8H	Orphans	Orphans
Soffic.10G0005160-10A	Orphans	Orphans
Soffic.02G0014480-2B	C2C2-YABBY	TFF
Soffic.06G0011540-6G	FAR1	TFF
Soffic.03B0019550-3B	C3H	TFF
Soffic.01G0005500-1D	ABI3VP1	TFF
Soffic.06H0021240-6H	Orphans	Orphans
Soffic.03F0023920-3F	Coactivator_p15	OTR
Soffic.07G0017470-7G	zf-BED	TFF
Soffic.02G0011880-2H	bZIP	TFF
Soffic.09G0010950-9D	C2C2-GATA	TFF
Soffic.09G0017220-9C	ABI3VP1	TFF
Soffic.02G0030880-2H	Orphans	Orphans
Soffic.01G0047980-1D	ABI3VP1	TFF
Soffic.02C0039020-2C	NAC	TFF
Soffic.03E0015460-3E	zf-BED	TFF
Soffic.01G0038970-1A	bZIP	TFF
Soffic.02D0008960-2D	PHD	OTR
Soffic.02H0015350-2H	Orphans	Orphans
Soffic.06G0018100-6A	ABI3VP1	TFF
Soffic.03H0033620-3H	MYB	TFF
Soffic.01C0001580-1C	MYB-related	TFF
Soffic.02F0033540-2F	FAR1	TFF
Soffic.04G0014540-4B	zf-BED	TFF
Soffic.03H0036600-3H	Orphans	Orphans
Soffic.03H0025820-3H	ARF	TFF
Soffic.07G0018260-7F	bHLH	TFF
Soffic.09G0007850-9B	C2H2	TFF
Soffic.03G0035550-3E	Alfin-like	TFF
Soffic.03G0024600-3G	HSF	TFF
Soffic.05G0001660-5A	Orphans	Orphans
Soffic.03G0036060-3B	bHLH	TFF
Soffic.06G0016630-6G	GRAS	TFF
Soffic.02H0033050-2H	GRAS	TFF
Soffic.08G0001580-8A	Orphans	Orphans
Soffic.03G0039030-3C	Top	TFF
Soffic.01G0021260-1H	Orphans	Orphans
Soffic.03G0006050-3G	bHLH	TFF
Soffic.10E0006970-10E	MYB	TFF
Soffic.03G0040360-3C	WRKY	TFF
Soffic.03G0020110-3E	Orphans	Orphans
Soffic.10G0012570-10A	NAC	TFF
Soffic.03H0019060-3H	zf-LSD1	TFF
Soffic.02G0037820-2A	C2C2-Dof	TFF
Soffic.02H0030800-2H	C3H	TFF
Soffic.02G0029830-2F	Orphans	Orphans
Soffic.03G0016020-3A	bHLH	TFF
Soffic.02G0027700-2D	SBP	TFF
Soffic.01G0011010-1E	Orphans	Orphans
Soffic.06G0018440-6E	OFP	TFF
Soffic.04G0024100-4G	LIM	TFF
Soffic.06G0018820-6D	FAR1	TFF
Soffic.05G0014760-5D	BSD	TFF
Soffic.01F0019330-1F	GNAT	OTR
Soffic.08G0004660-8B	zf-BED	TFF
Soffic.01G0031200-1D	MADS	TFF
Soffic.02G0003550-2A	MADS	TFF
Soffic.01G0012910-1G	MYB	TFF
Soffic.01G0032000-1F	Orphans	Orphans
Soffic.10H0003620-10H	MADS	TFF
Soffic.09G0013560-9A	FAR1	TFF
Soffic.01G0018210-1C	zf-BED	TFF
Soffic.08G0012500-8A	TRAF	OTR
Soffic.01G0001120-1E	HSF	TFF
Soffic.09B0021080-9B	MYB-related	TFF
Soffic.01G0015410-1B	ABI3VP1	TFF
Soffic.03G0014700-3F	Orphans	Orphans
Soffic.02H0019740-2H	bHLH	TFF
Soffic.06G0010370-6G	NAC	TFF
Soffic.01G0039420-1C	bZIP	TFF
Soffic.04G0001040-4C	PHD	OTR
Soffic.03G0033100-3B	MADS	TFF
Soffic.02G0002540-2G	FAR1	TFF
Soffic.02G0001040-2E	zf-C5HC2	TFF
Soffic.08G0012470-8F	C2H2	TFF
Soffic.01G0037350-1B	AP2-EREBP	TFF
Soffic.02C0001450-2C	WRKY	TFF
Soffic.06G0015740-6B	zf-BED	TFF
Soffic.07G0007380-7B	Orphans	Orphans
Soffic.10F0003020-10F	bHLH	TFF
Soffic.02G0014380-2A	AP2-EREBP	TFF
Soffic.03G0023190-3F	PAS	TFF
Soffic.02H0038810-2H	zf-HD	TFF
Soffic.04G0024640-4B	bHLH	TFF
Soffic.10G0001130-10C	ABI3VP1	TFF
Soffic.02G0028270-2B	Orphans	Orphans
Soffic.06G0011390-6E	NAC	TFF
Soffic.03G0000980-3G	PHD	OTR
Soffic.05G0009680-5G	AP2-EREBP	TFF
Soffic.01G0022090-1B	OFP	TFF
Soffic.09G0005250-9C	FHA	TFF
Soffic.06G0026530-6G	zf-BED	TFF
Soffic.07G0016550-7C	bZIP	TFF
Soffic.02G0019290-2F	GeBP	TFF
Soffic.10G0023190-10C	TAZ	TFF
Soffic.08G0013590-8A	mTERF	OTR
Soffic.05C0021650-5C	C2H2	TFF
Soffic.04G0029010-4B	GeBP	TFF
Soffic.05G0015690-5B	MYB-related	TFF
Soffic.01G0038990-1H	C2C2-Dof	TFF
Soffic.04G0009250-4A	bZIP	TFF
Soffic.05G0009160-5E	WRKY	TFF
Soffic.06G0014870-6E	Top	TFF
Soffic.01G0042160-1C	TRAF	OTR
Soffic.01H0008350-1H	Orphans	Orphans
Soffic.05G0013350-5B	SBP	TFF
Soffic.03F0039120-3F	PAS	TFF
Soffic.05G0004820-5B	OFP	TFF
Soffic.06G0026930-6G	NAC	TFF
Soffic.09G0015820-9B	C2H2	TFF
Soffic.06G0011690-6G	MYB-related	TFF
Soffic.03G0025840-3G	Orphans	Orphans
Soffic.05G0007800-5C	FAR1	TFF
Soffic.01F0007440-1F	C2C2-GATA	TFF
Soffic.08F0017680-8F	ABI3VP1	TFF
Soffic.07G0013840-7B	FAR1	TFF
Soffic.01G0003380-1B	NAC	TFF
Soffic.02G0015760-2E	AP2-EREBP	TFF
Soffic.10H0009480-10H	MADS	TFF
Soffic.01G0048230-1E	HB	TFF
Soffic.10G0001590-10H	ABI3VP1	TFF
Soffic.07G0020990-7F	bHLH	TFF
Soffic.02E0029260-2E	AP2-EREBP	TFF
Soffic.03G0024280-3H	FAR1	TFF
Soffic.01G0052970-1A	Orphans	Orphans
Soffic.07G0018550-7G	ARF	TFF
Soffic.09G0010560-9E	GNAT	OTR
Soffic.09G0013780-9H	NAC	TFF
Soffic.01G0028490-1B	MYB-related	TFF
Soffic.05G0015010-5G	GRF	TFF
Soffic.02G0011920-2H	zf-BED	TFF
Soffic.06G0016820-6G	bHLH	TFF
Soffic.02G0019430-2G	AP2-EREBP	TFF
Soffic.03G0034090-3A	GRAS	TFF
Soffic.01G0049220-1H	FAR1	TFF
Soffic.02G0034930-2H	BSD	TFF
Soffic.01G0041510-1A	SART-1	OTR
Soffic.01G0000690-1D	AP2-EREBP	TFF
Soffic.07G0012260-7E	MYB	TFF
Soffic.08E0017080-8E	Orphans	Orphans
Soffic.06G0019070-6B	MYB	TFF
Soffic.09G0022720-9G	Orphans	Orphans
Soffic.07G0020510-7A	Orphans	Orphans
Soffic.10F0020570-10F	AP2-EREBP	TFF
Soffic.09G0016320-9D	WRKY	TFF
Soffic.07G0004000-7D	AP2-EREBP	TFF
Soffic.09G0010130-9G	Sigma70-like	TFF
Soffic.01G0029130-1D	MED26	OTR
Soffic.04G0001630-4F	SWI/SNF-BAF60b	OTR
Soffic.04G0002390-4C	PHD	OTR
Soffic.08G0018010-8H	ABI3VP1	TFF
Soffic.01G0004890-1C	NAC	TFF
Soffic.06G0003730-6F	Orphans	Orphans
Soffic.02G0003140-2B	MADS	TFF
Soffic.03G0032500-3G	SWI/SNF-BAF60b	OTR
Soffic.01G0024650-1B	MYB	TFF
Soffic.05G0021510-5A	C2H2	TFF
Soffic.06G0018040-6F	Orphans	Orphans
Soffic.03G0018490-3A	MYB-related	TFF
Soffic.07E0016170-7E	bZIP	TFF
Soffic.03H0006690-3H	MYB-related	TFF
Soffic.02E0023160-2E	MYB	TFF
Soffic.03G0010420-3B	BSD	TFF
Soffic.08G0009680-8D	Orphans	Orphans
Soffic.03G0005050-3H	CCAAT	TFF
Soffic.05G0014090-5C	bHLH	TFF
Soffic.04E0019040-4E	AP2-EREBP	TFF
Soffic.01H0041140-1H	Orphans	Orphans
Soffic.07G0014650-7C	SET	OTR
Soffic.01G0053750-1C	OFP	TFF
Soffic.01H0036210-1H	MYB	TFF
Soffic.09G0006990-9B	MADS	TFF
Soffic.01G0022760-1B	Orphans	Orphans
Soffic.07G0014360-7G	NAC	TFF
Soffic.08G0005800-8A	MYB	TFF
Soffic.04G0031110-4D	zf-BED	TFF
Soffic.09G0006590-9B	FAR1	TFF
Soffic.05G0002610-5E	GRAS	TFF
Soffic.07G0003330-7D	C3H	TFF
Soffic.01G0013280-1C	GeBP	TFF
Soffic.04G0017420-4A	Alfin-like	TFF
Soffic.01G0002010-1A	FAR1	TFF
Soffic.05G0017560-5G	MADS	TFF
Soffic.10G0000750-10B	ABI3VP1	TFF
Soffic.10G0008690-10B	MADS	TFF
Soffic.03G0035020-3E	MADS	TFF
Soffic.04G0021630-4B	FAR1	TFF
Soffic.06G0024980-6G	AP2-EREBP	TFF
Soffic.05G0001100-5G	FAR1	TFF
Soffic.06E0023300-6E	NAC	TFF
Soffic.09G0014790-9G	CCAAT	TFF
Soffic.10G0009500-10C	LIM	TFF
Soffic.04G0023570-4C	NAC	TFF
Soffic.08G0017020-8E	CCAAT	TFF
Soffic.10G0000830-10H	Orphans	Orphans
Soffic.01G0017000-1C	zf-LSD1	TFF
Soffic.01G0000770-1G	Sigma70-like	TFF
Soffic.03G0016550-3A	WRKY	TFF
Soffic.08G0009490-8E	NAC	TFF
Soffic.01G0023840-1C	AP2-EREBP	TFF
Soffic.10G0020300-10E	CCAAT	TFF
Soffic.03E0025390-3E	OFP	TFF
Soffic.01G0044780-1G	BES1	TFF
Soffic.01G0031030-1B	GNAT	OTR
Soffic.04G0000160-4D	Orphans	Orphans
Soffic.03G0034250-3A	NAC	TFF
Soffic.02G0018440-2A	MYB	TFF
Soffic.06F0017090-6F	AP2-EREBP	TFF
Soffic.01G0012060-1A	HB	TFF
Soffic.07H0003730-7H	bHLH	TFF
Soffic.01G0021460-1B	Orphans	Orphans
Soffic.02G0019500-2B	NAC	TFF
Soffic.03G0023430-3F	MYB	TFF
Soffic.10G0005420-10G	AP2-EREBP	TFF
Soffic.07G0003890-7F	MYB-related	TFF
Soffic.08G0016040-8G	CCAAT	TFF
Soffic.01G0043680-1B	MADS	TFF
Soffic.09G0022900-9B	Orphans	Orphans
Soffic.06C0018920-6C	NAC	TFF
Soffic.04G0008770-4F	MYB-related	TFF
Soffic.06G0014420-6F	Top	TFF
Soffic.04H0006190-4H	zf-C5HC2	TFF
Soffic.01G0005260-1H	DDT	OTR
Soffic.09G0024690-9F	bHLH	TFF
Soffic.04G0016100-4G	MED26	OTR
Soffic.04F0026820-4F	mTERF	OTR
Soffic.10G0005570-10B	AUX/IAA	OTR
Soffic.02G0030050-2F	FAR1	TFF
Soffic.03G0003380-3D	MYB-related	TFF
Soffic.01G0007140-1B	MYB	TFF
Soffic.01G0001750-1B	FAR1	TFF
Soffic.10G0016580-10D	Orphans	Orphans
Soffic.06G0014660-6A	AP2-EREBP	TFF
Soffic.08G0005610-8G	Orphans	Orphans
Soffic.09G0002260-9D	MYB-related	TFF
Soffic.03F0027470-3F	zf-A20	TFF
Soffic.04G0032980-4G	Orphans	Orphans
Soffic.01G0046790-1B	MADS	TFF
Soffic.09G0011090-9A	ARF	TFF
Soffic.09G0016510-9D	NOT2_3_5	OTR
Soffic.02G0032440-2G	CCAAT	TFF
Soffic.03F0017260-3F	bHLH	TFF
Soffic.02G0031690-2F	WRKY	TFF
Soffic.03F0025700-3F	Orphans	Orphans
Soffic.01G0047530-1A	Pseudo_ARR-B	OTR
Soffic.03G0023000-3C	MYB-related	TFF
Soffic.06E0008630-6E	DDT	OTR
Soffic.01G0008050-1B	WRKY	TFF
Soffic.01G0017720-1F	Orphans	Orphans
Soffic.02G0035940-2B	bHLH	TFF
Soffic.01G0028430-1G	Orphans	Orphans
Soffic.04G0020430-4F	RWP-RK	TFF
Soffic.09G0002130-9F	FAR1	TFF
Soffic.03G0030240-3F	SET	OTR
Soffic.01G0022520-1E	FAR1	TFF
Soffic.07G0019520-7F	AP2-EREBP	TFF
Soffic.07G0018180-7A	FAR1	TFF
Soffic.04G0018760-4F	Orphans	Orphans
Soffic.07G0003300-7E	NAC	TFF
Soffic.03C0003570-3C	OFP	TFF
Soffic.03G0016330-3D	zf-BED	TFF
Soffic.01G0045420-1F	C2H2	TFF
Soffic.03G0029520-3H	FAR1	TFF
Soffic.04G0010620-4G	NAC	TFF
Soffic.07G0006170-7D	AP2-EREBP	TFF
Soffic.05G0002700-5B	NAC	TFF
Soffic.01G0033630-1A	WRKY	TFF
Soffic.06H0012100-6H	C1-4-t1	TFF
Soffic.04G0016400-4B	AP2-EREBP	TFF
Soffic.03G0028020-3G	MYB	TFF
Soffic.03G0004910-3E	Alfin-like	TFF
Soffic.04C0005750-4C	PLATZ	TFF
Soffic.01G0024140-1D	Orphans	Orphans
Soffic.08G0013080-8F	AP2-EREBP	TFF
Soffic.04G0017660-4F	MADS	TFF
Soffic.02G0028360-2C	Orphans	Orphans
Soffic.04H0024280-4H	GNAT	OTR
Soffic.01G0009290-1D	WRKY	TFF
Soffic.02G0022070-2F	SBP	TFF
Soffic.05G0021080-5A	Orphans	Orphans
Soffic.03G0029130-3B	WRKY	TFF
Soffic.02G0028650-2G	GRAS	TFF
Soffic.08G0007080-8D	MADS	TFF
Soffic.05D0001830-5D	MYB	TFF
Soffic.09G0018710-9F	Orphans	Orphans
Soffic.10G0017190-10E	C2H2	TFF
Soffic.09G0006560-9D	NAC	TFF
Soffic.06G0013850-6C	C2C2-YABBY	TFF
Soffic.02G0014440-2G	Orphans	Orphans
Soffic.01F0037690-1F	AP2-EREBP	TFF
Soffic.01G0021380-1G	MYB-related	TFF
Soffic.09G0020890-9H	WRKY	TFF
Soffic.10G0017020-10C	bZIP	TFF
Soffic.02G0017650-2F	MYB	TFF
Soffic.10G0011470-10E	FAR1	TFF
Soffic.01G0004230-1A	AP2-EREBP	TFF
Soffic.09G0021530-9H	bZIP	TFF
Soffic.03G0038610-3B	Top	TFF
Soffic.02G0018530-2E	NAC	TFF
Soffic.01D0020460-1D	GNAT	OTR
Soffic.04G0029800-4F	mTERF	OTR
Soffic.03C0022390-3C	MYB	TFF
Soffic.01G0040340-1A	MYB	TFF
Soffic.03G0018900-3A	WRKY	TFF
Soffic.01G0035940-1A	HSF	TFF
Soffic.07G0006850-7E	OFP	TFF
Soffic.01G0030360-1C	NAC	TFF
Soffic.01G0000660-1B	Orphans	Orphans
Soffic.04H0011830-4H	Orphans	Orphans
Soffic.10H0019840-10H	Orphans	Orphans
Soffic.08G0001560-8G	FAR1	TFF
Soffic.03G0017260-3G	WRKY	TFF
Soffic.03G0011140-3G	MED26	OTR
Soffic.01C0053710-1C	MYB	TFF
Soffic.05A0004260-5A	HB	TFF
Soffic.10G0020360-10H	bZIP	TFF
Soffic.03G0008620-3A	MYB	TFF
Soffic.04G0029070-4B	WRKY	TFF
Soffic.10G0013820-10G	WRKY	TFF
Soffic.04G0031570-4E	C2H2	TFF
Soffic.04G0009040-4D	zf-C5HC2	TFF
Soffic.07G0016430-7B	bZIP	TFF
Soffic.06G0022050-6B	CSD	TFF
Soffic.01G0048200-1D	FAR1	TFF
Soffic.05G0009420-5H	NAC	TFF
Soffic.02G0029830-2H	Orphans	Orphans
Soffic.05G0000360-5F	C2C2-Dof	TFF
Soffic.07G0020850-7A	TRAF	OTR
Soffic.02G0021620-2F	C2H2	TFF
Soffic.03G0035990-3B	SET	OTR
Soffic.02H0038870-2H	SET	OTR
Soffic.04G0032660-4D	MYB-related	TFF
Soffic.01G0017110-1A	bHLH	TFF
Soffic.01G0044410-1E	FAR1	TFF
Soffic.09G0023420-9F	NAC	TFF
Soffic.01D0012380-1D	bHLH	TFF
Soffic.01G0007160-1A	Orphans	Orphans
Soffic.09G0019580-9F	AP2-EREBP	TFF
Soffic.02G0030340-2C	Orphans	Orphans
Soffic.10H0008330-10H	MYB	TFF
Soffic.05G0021570-5A	C2H2	TFF
Soffic.06G0006910-6A	Orphans	Orphans
Soffic.02E0031150-2E	MYB-related	TFF
Soffic.01F0004410-1F	WRKY	TFF
Soffic.05G0019080-5D	FHA	TFF
Soffic.02G0020060-2G	zf-HD	TFF
Soffic.07G0010110-7E	MBF1	OTR
Soffic.03G0013510-3E	SAP	TFF
Soffic.03G0015440-3H	Orphans	Orphans
Soffic.01B0020790-1B	ARR-B	TFF
Soffic.07B0012910-7B	bHLH	TFF
Soffic.09G0007780-9C	C2C2-Dof	TFF
Soffic.03G0027650-3F	TRAF	OTR
Soffic.03G0038420-3D	TRAF	OTR
Soffic.02G0035960-2A	SWI/SNF-BAF60b	OTR
Soffic.05G0021400-5F	AP2-EREBP	TFF
Soffic.10G0022610-10A	Orphans	Orphans
Soffic.09G0019630-9F	Orphans	Orphans
Soffic.01G0022060-1D	Orphans	Orphans
Soffic.10G0024090-10B	bZIP	TFF
Soffic.01G0013410-1G	FAR1	TFF
Soffic.10G0012070-10C	Orphans	Orphans
Soffic.06G0007540-6C	SET	OTR
Soffic.05G0008720-5E	CCAAT	TFF
Soffic.06G0009680-6H	FAR1	TFF
Soffic.03F0003490-3F	WRKY	TFF
Soffic.01G0022800-1A	MYB	TFF
Soffic.08G0005760-8B	bZIP	TFF
Soffic.04G0003580-4G	Orphans	Orphans
Soffic.06G0006510-6A	ARF	TFF
Soffic.04G0003630-4G	PHD	OTR
Soffic.09G0008010-9A	C2H2	TFF
Soffic.10G0020660-10E	MYB-related	TFF
Soffic.04G0000430-4B	bHLH	TFF
Soffic.06F0008670-6F	ARF	TFF
Soffic.05G0018850-5B	FAR1	TFF
Soffic.01G0028190-1G	Top	TFF
Soffic.09G0022130-9B	MYB-related	TFF
Soffic.03G0008410-3G	MYB	TFF
Soffic.03D0020140-3D	GeBP	TFF
Soffic.08G0009590-8A	NAC	TFF
Soffic.08G0012480-8A	Orphans	Orphans
Soffic.02G0021700-2H	SBP	TFF
Soffic.07F0013280-7F	NAC	TFF
Soffic.01G0018870-1C	MYB	TFF
Soffic.03G0030130-3G	GRAS	TFF
Soffic.01E0009720-1E	MADS	TFF
Soffic.04C0016260-4C	HSF	TFF
Soffic.04G0021150-4D	bHLH	TFF
Soffic.09G0012500-9G	FAR1	TFF
Soffic.01G0003650-1G	C2C2-Dof	TFF
Soffic.09G0008480-9E	FHA	TFF
Soffic.02G0004410-2D	MADS	TFF
Soffic.09G0011590-9H	MYB-related	TFF
Soffic.02G0018540-2E	HSF	TFF
Soffic.09G0018200-9C	BSD	TFF
Soffic.02G0029900-2G	GRAS	TFF
Soffic.06G0007010-6A	C2H2	TFF
Soffic.06G0014710-6D	bHLH	TFF
Soffic.09G0012900-9G	MADS	TFF
Soffic.08G0006350-8C	zf-BED	TFF
Soffic.01E0012690-1E	bHLH	TFF
Soffic.05G0002890-5G	Orphans	Orphans
Soffic.04G0009030-4D	MYB-related	TFF
Soffic.02H0031180-2H	Orphans	Orphans
Soffic.06G0022110-6D	MYB-related	TFF
Soffic.02G0018480-2C	bHLH	TFF
Soffic.02G0027830-2C	FAR1	TFF
Soffic.03G0006830-3B	AP2-EREBP	TFF
Soffic.04G0026100-4B	C2C2-Dof	TFF
Soffic.04B0008800-4B	Orphans	Orphans
Soffic.02G0000580-2B	C2H2	TFF
Soffic.03G0024340-3C	WRKY	TFF
Soffic.10G0020840-10D	ARF	TFF
Soffic.05G0008980-5C	CCAAT	TFF
Soffic.03G0023620-3B	ABI3VP1	TFF
Soffic.01G0013240-1A	TCP	TFF
Soffic.01B0010730-1B	MYB-related	TFF
Soffic.08D0004860-8D	MED26	OTR
Soffic.03G0035820-3B	MYB	TFF
Soffic.09H0007390-9H	bHLH	TFF
Soffic.04G0016540-4G	Orphans	Orphans
Soffic.06H0006490-6H	zf-BED	TFF
Soffic.02G0011330-2C	BES1	TFF
Soffic.06C0001870-6C	SET	OTR
Soffic.04G0022720-4F	C2C2-Dof	TFF
Soffic.09G0014010-9F	MADS	TFF
Soffic.03D0034440-3D	Alfin-like	TFF
Soffic.04G0024770-4D	C3H	TFF
Soffic.09G0001630-9G	C2H2	TFF
Soffic.02G0029650-2A	CCAAT	TFF
Soffic.09G0000260-9D	Orphans	Orphans
Soffic.02D0024420-2D	MYB	TFF
Soffic.01G0030190-1D	GRAS	TFF
Soffic.07H0007250-7H	TRAF	OTR
Soffic.03G0028270-3G	AP2-EREBP	TFF
Soffic.01G0018130-1G	Orphans	Orphans
Soffic.09G0013710-9A	bZIP	TFF
Soffic.06G0009540-6H	C2H2	TFF
Soffic.01E0026520-1E	GeBP	TFF
Soffic.02G0003210-2A	HB	TFF
Soffic.01G0011190-1D	Orphans	Orphans
Soffic.04B0027420-4B	bHLH	TFF
Soffic.03E0027440-3E	zf-A20	TFF
Soffic.08G0017710-8C	MYB	TFF
Soffic.03G0003270-3D	MYB	TFF
Soffic.02G0004240-2B	FAR1	TFF
Soffic.09G0001980-9G	FAR1	TFF
Soffic.01G0005480-1D	ABI3VP1	TFF
Soffic.02G0038800-2A	Orphans	Orphans
Soffic.04G0026460-4E	NAC	TFF
Soffic.04G0019150-4A	ABI3VP1	TFF
Soffic.01F0021270-1F	Orphans	Orphans
Soffic.03G0033010-3G	C2H2	TFF
Soffic.01G0009780-1E	PAS	TFF
Soffic.10G0025630-10G	MYB-related	TFF
Soffic.03E0017130-3E	WRKY	TFF
Soffic.08F0013560-8F	ABI3VP1	TFF
Soffic.09G0006770-9C	bHLH	TFF
Soffic.01G0006370-1A	GNAT	OTR
Soffic.06G0027090-6B	ABI3VP1	TFF
Soffic.04G0005530-4G	MADS	TFF
Soffic.04H0010820-4H	bHLH	TFF
Soffic.04E0024760-4E	Orphans	Orphans
Soffic.04G0005930-4G	MYB-related	TFF
Soffic.03G0003240-3F	MYB	TFF
Soffic.01H0016040-1H	MYB-related	TFF
Soffic.03H0002700-3H	Orphans	Orphans
Soffic.01G0034090-1G	LIM	TFF
Soffic.04G0022050-4G	TRAF	OTR
Soffic.01G0045010-1B	Orphans	Orphans
Soffic.10G0016520-10C	Top	TFF
Soffic.02G0004260-2A	AP2-EREBP	TFF
Soffic.09G0014250-9A	AP2-EREBP	TFF
Soffic.03H0018320-3H	zf-BED	TFF
Soffic.09G0022380-9A	SET	OTR
Soffic.05E0004850-5E	AP2-EREBP	TFF
Soffic.05G0002470-5C	WRKY	TFF
Soffic.01G0037550-1E	Orphans	Orphans
Soffic.08G0014510-8G	bZIP	TFF
Soffic.09G0017010-9D	Orphans	Orphans
Soffic.01G0045690-1G	bHLH	TFF
Soffic.03H0034480-3H	AP2-EREBP	TFF
Soffic.07F0005900-7F	WRKY	TFF
Soffic.02G0010730-2G	AP2-EREBP	TFF
Soffic.04B0013610-4B	GRAS	TFF
Soffic.10B0007760-10B	MYB	TFF
Soffic.02G0039120-2B	MYB-related	TFF
Soffic.09G0016100-9F	Orphans	Orphans
Soffic.02D0018090-2D	CCAAT	TFF
Soffic.10G0012520-10D	TRAF	OTR
Soffic.08C0014900-8C	bZIP	TFF
Soffic.05G0004020-5E	NAC	TFF
Soffic.01G0011590-1E	C2C2-GATA	TFF
Soffic.06G0011220-6B	TAZ	TFF
Soffic.01G0037870-1E	TIG	TFF
Soffic.04F0022880-4F	AP2-EREBP	TFF
Soffic.06G0021150-6A	CSD	TFF
Soffic.07G0004470-7C	CCAAT	TFF
Soffic.01G0042340-1A	bHLH	TFF
Soffic.04G0029810-4E	DBP	TFF
Soffic.03H0037860-3H	NAC	TFF
Soffic.02G0019020-2A	WRKY	TFF
Soffic.02F0016480-2F	zf-BED	TFF
Soffic.06G0015030-6C	bHLH	TFF
Soffic.10C0025200-10C	C2H2	TFF
Soffic.03C0036160-3C	NAC	TFF
Soffic.07G0006490-7F	PHD	OTR
Soffic.01D0010380-1D	PHD	OTR
Soffic.04G0031230-4G	MYB	TFF
Soffic.04F0030580-4F	DBP	TFF
Soffic.07F0015240-7F	SOH1	OTR
Soffic.07G0014050-7H	bZIP	TFF
Soffic.10G0010480-10H	E2F-DP	TFF
Soffic.06G0013250-6D	MYB	TFF
Soffic.02F0006700-2F	TRAF	OTR
Soffic.03G0019650-3A	C3H	TFF
Soffic.04G0014220-4G	ARID	OTR
Soffic.08G0010390-8B	PAS	TFF
Soffic.10G0002600-10D	HSF	TFF
Soffic.08G0014770-8H	Orphans	Orphans
Soffic.03G0002780-3H	zf-A20	TFF
Soffic.03B0013170-3B	C2C2-GATA	TFF
Soffic.04G0002960-4E	zf-C5HC2	TFF
Soffic.03G0015670-3E	zf-BED	TFF
Soffic.03C0030510-3C	WRKY	TFF
Soffic.08G0015610-8F	ARF	TFF
Soffic.01H0019080-1H	GeBP	TFF
Soffic.01G0013520-1C	FAR1	TFF
Soffic.03G0032210-3D	HB	TFF
Soffic.04G0027790-4A	bZIP	TFF
Soffic.02B0002770-2B	GNAT	OTR
Soffic.04G0026530-4B	C2C2-CO-like	TFF
Soffic.04G0021220-4B	mTERF	OTR
Soffic.09F0011790-9F	CCAAT	TFF
Soffic.04C0023390-4C	MYB	TFF
Soffic.03G0011840-3H	bHLH	TFF
Soffic.04G0024070-4B	PLATZ	TFF
Soffic.05G0011260-5E	Orphans	Orphans
Soffic.01G0023410-1B	Orphans	Orphans
Soffic.02G0022610-2D	AP2-EREBP	TFF
Soffic.07G0006500-7F	Orphans	Orphans
Soffic.04G0015940-4F	FAR1	TFF
Soffic.01G0041470-1E	MYB-related	TFF
Soffic.09G0015200-9F	OFP	TFF
Soffic.03G0015370-3G	Orphans	Orphans
Soffic.07G0009520-7G	MYB	TFF
Soffic.03G0007930-3E	Orphans	Orphans
Soffic.02G0001190-2F	zf-BED	TFF
Soffic.06G0024710-6A	Top	TFF
Soffic.02G0018860-2H	FAR1	TFF
Soffic.07G0006470-7A	TRAF	OTR
Soffic.07F0011360-7F	RWP-RK	TFF
Soffic.02G0029550-2C	CCAAT	TFF
Soffic.01F0021210-1F	GRAS	TFF
Soffic.10G0018920-10F	TRAF	OTR
Soffic.06G0006410-6E	FAR1	TFF
Soffic.04G0010050-4B	FAR1	TFF
Soffic.05G0003570-5D	OFP	TFF
Soffic.03G0017110-3G	zf-BED	TFF
Soffic.08G0014970-8G	bHLH	TFF
Soffic.06G0002160-6A	Orphans	Orphans
Soffic.04G0007660-4G	PHD	OTR
Soffic.01F0007190-1F	Orphans	Orphans
Soffic.01E0007470-1E	NAC	TFF
Soffic.04G0018220-4A	MYB	TFF
Soffic.05D0001700-5D	GRAS	TFF
Soffic.02G0018430-2A	MYB	TFF
Soffic.01G0023240-1D	Orphans	Orphans
Soffic.03G0027750-3B	SAP	TFF
Soffic.01G0027900-1F	C2H2	TFF
Soffic.06G0008420-6A	SET	OTR
Soffic.05G0008010-5C	FAR1	TFF
Soffic.10H0020940-10H	MYB-related	TFF
Soffic.06G0004120-6B	Orphans	Orphans
Soffic.01H0028200-1H	Orphans	Orphans
Soffic.10G0018800-10B	Top	TFF
Soffic.10F0011950-10F	AUX/IAA	OTR
Soffic.10G0001350-10H	ABI3VP1	TFF
Soffic.07E0006210-7E	AP2-EREBP	TFF
Soffic.03G0006890-3G	MYB-related	TFF
Soffic.09G0017350-9C	GRAS	TFF
Soffic.02G0028160-2B	SBP	TFF
Soffic.09G0001010-9G	GRAS	TFF
Soffic.04C0011000-4C	MYB	TFF
Soffic.01G0044510-1A	HSF	TFF
Soffic.05G0013990-5B	OFP	TFF
Soffic.02G0015170-2C	MYB-related	TFF
Soffic.05B0010340-5B	MYB	TFF
Soffic.07G0005560-7E	CCAAT	TFF
Soffic.04G0001120-4G	CSD	TFF
Soffic.01G0033510-1H	mTERF	OTR
Soffic.01G0027470-1A	Orphans	Orphans
Soffic.03G0034730-3B	MADS	TFF
Soffic.09E0017060-9E	HSF	TFF
Soffic.06G0005650-6E	NAC	TFF
Soffic.07G0016140-7G	MYB	TFF
Soffic.07G0002590-7B	bHLH	TFF
Soffic.05G0016220-5F	DDT	OTR
Soffic.09G0019000-9E	ARF	TFF
Soffic.07C0005850-7C	NAC	TFF
Soffic.05C0011270-5C	zf-BED	TFF
Soffic.02G0025370-2G	C2H2	TFF
Soffic.06G0021330-6E	Orphans	Orphans
Soffic.02C0012810-2C	Orphans	Orphans
Soffic.01G0016340-1B	GRAS	TFF
Soffic.09G0012700-9H	TRAF	OTR
Soffic.10G0001140-10C	ABI3VP1	TFF
Soffic.09G0021740-9G	FAR1	TFF
Soffic.07F0009920-7F	Orphans	Orphans
Soffic.01F0020610-1F	Tify	TFF
Soffic.02G0004470-2D	TRAF	OTR
Soffic.05G0009940-5G	MYB	TFF
Soffic.03G0000640-3G	AP2-EREBP	TFF
Soffic.03G0023470-3D	Coactivator_p15	OTR
Soffic.07F0018390-7F	Orphans	Orphans
Soffic.05G0020870-5D	C2H2	TFF
Soffic.10G0003650-10A	TRAF	OTR
Soffic.02G0011890-2H	bZIP	TFF
Soffic.07G0014920-7F	AP2-EREBP	TFF
Soffic.09G0018840-9E	TUB	TFF
Soffic.06G0021630-6G	SET	OTR
Soffic.01G0007500-1B	bZIP	TFF
Soffic.09G0019990-9H	MYB	TFF
Soffic.07G0003460-7C	FAR1	TFF
Soffic.02G0021900-2G	EIL	TFF
Soffic.10G0024400-10D	MADS	TFF
Soffic.07G0009670-7E	MYB-related	TFF
Soffic.05E0013510-5E	bHLH	TFF
Soffic.03G0041240-3E	WRKY	TFF
Soffic.02G0021650-2A	bHLH	TFF
Soffic.09G0009630-9G	MYB	TFF
Soffic.06G0001940-6H	FAR1	TFF
Soffic.04G0031880-4B	Orphans	Orphans
Soffic.06G0015320-6A	C2C2-GATA	TFF
Soffic.09G0020050-9F	MYB	TFF
Soffic.09B0011040-9B	NAC	TFF
Soffic.09H0002400-9H	AP2-EREBP	TFF
Soffic.03G0011810-3C	MYB	TFF
Soffic.01E0008380-1E	C2C2-Dof	TFF
Soffic.01G0026010-1E	TRAF	OTR
Soffic.08G0013820-8A	Orphans	Orphans
Soffic.03D0011800-3D	MYB	TFF
Soffic.04G0007820-4C	Orphans	Orphans
Soffic.10G0015950-10E	TRAF	OTR
Soffic.04C0033080-4C	MADS	TFF
Soffic.01G0030020-1B	MADS	TFF
Soffic.08E0012280-8E	Orphans	Orphans
Soffic.01B0007650-1B	C2C2-Dof	TFF
Soffic.01G0011020-1B	zf-HD	TFF
Soffic.01H0019850-1H	ARR-B	TFF
Soffic.05B0017530-5B	MADS	TFF
Soffic.04G0016350-4B	AP2-EREBP	TFF
Soffic.02C0034810-2C	MYB	TFF
Soffic.01G0049630-1H	Not1	TFF
Soffic.01G0007310-1H	Orphans	Orphans
Soffic.04G0019580-4G	Orphans	Orphans
Soffic.10H0012820-10H	PHD	OTR
Soffic.01G0007050-1F	WRKY	TFF
Soffic.02G0036080-2A	NAC	TFF
Soffic.05G0020950-5D	GRAS	TFF
Soffic.01G0027920-1B	MED26	OTR
Soffic.01F0027700-1F	GRAS	TFF
Soffic.02G0024210-2C	bZIP	TFF
Soffic.01D0017400-1D	NAC	TFF
Soffic.02G0011300-2E	NAC	TFF
Soffic.08G0001220-8A	Orphans	Orphans
Soffic.03G0007870-3G	zf-BED	TFF
Soffic.10G0006940-10H	DBP	TFF
Soffic.03G0017520-3A	MYB-related	TFF
Soffic.09G0004680-9B	TRAF	OTR
Soffic.02G0025110-2A	AP2-EREBP	TFF
Soffic.10G0018090-10G	PLATZ	TFF
Soffic.09G0000520-9B	C2H2	TFF
Soffic.10H0017020-10H	DBP	TFF
Soffic.03G0025170-3D	RWP-RK	TFF
Soffic.07G0005380-7C	SET	OTR
Soffic.01E0021700-1E	FAR1	TFF
Soffic.03E0023340-3E	zf-BED	TFF
Soffic.10G0021470-10F	C2C2-GATA	TFF
Soffic.07G0022670-7D	AP2-EREBP	TFF
Soffic.09G0010600-9B	FAR1	TFF
Soffic.07G0012850-7C	zf-BED	TFF
Soffic.05G0013660-5A	RB	OTR
Soffic.06G0016640-6G	GRAS	TFF
Soffic.03G0034320-3A	SWI/SNF-BAF60b	OTR
Soffic.01G0004290-1C	mTERF	OTR
Soffic.03G0029360-3G	bHLH	TFF
Soffic.05G0009690-5G	ABI3VP1	TFF
Soffic.09G0000920-9B	GRAS	TFF
Soffic.04G0025120-4G	PLATZ	TFF
Soffic.07G0008550-7H	Orphans	Orphans
Soffic.08G0013580-8A	mTERF	OTR
Soffic.10D0020710-10D	NAC	TFF
Soffic.02F0033530-2F	Orphans	Orphans
Soffic.03G0004840-3G	AP2-EREBP	TFF
Soffic.04G0028030-4H	NAC	TFF
Soffic.01G0049250-1A	Orphans	Orphans
Soffic.09G0021940-9F	WRKY	TFF
Soffic.07G0005020-7C	Orphans	Orphans
Soffic.04G0022000-4D	SET	OTR
Soffic.02G0023900-2H	zf-A20	TFF
Soffic.01F0019340-1F	GNAT	OTR
Soffic.05G0019930-5H	AP2-EREBP	TFF
Soffic.02G0029150-2E	FAR1	TFF
Soffic.04G0029530-4G	bHLH	TFF
Soffic.10F0018430-10F	PLATZ	TFF
Soffic.01G0052250-1A	Orphans	Orphans
Soffic.07G0014430-7G	NAC	TFF
Soffic.09G0019850-9A	Orphans	Orphans
Soffic.09G0018730-9C	C3H	TFF
Soffic.07G0013180-7H	AP2-EREBP	TFF
Soffic.02H0038210-2H	Orphans	Orphans
Soffic.02F0015240-2F	FAR1	TFF
Soffic.02G0030950-2A	TRAF	OTR
Soffic.02G0022850-2A	bHLH	TFF
Soffic.02G0032390-2A	GRAS	TFF
Soffic.10G0022770-10F	FAR1	TFF
Soffic.01E0022400-1E	FHA	TFF
Soffic.03G0014620-3H	ARF	TFF
Soffic.01G0045820-1B	GRAS	TFF
Soffic.03G0037400-3D	ARF	TFF
Soffic.02G0035340-2E	TRAF	OTR
Soffic.01G0044670-1D	C2C2-YABBY	TFF
Soffic.02G0011550-2A	MYB	TFF
Soffic.02G0035710-2A	HSF	TFF
Soffic.08G0002230-8A	NAC	TFF
Soffic.04G0024820-4B	SET	OTR
Soffic.09E0016770-9E	C3H	TFF
Soffic.02D0025980-2D	zf-BED	TFF
Soffic.01D0008530-1D	TRAF	OTR
Soffic.01E0042750-1E	PAS	TFF
Soffic.08D0018440-8D	ABI3VP1	TFF
Soffic.02G0028000-2F	C2C2-Dof	TFF
Soffic.05G0012290-5F	MYB	TFF
Soffic.06G0014270-6E	ARF	TFF
Soffic.07G0003500-7B	Sigma70-like	TFF
Soffic.03G0027310-3D	NAC	TFF
Soffic.04G0007350-4D	AP2-EREBP	TFF
Soffic.02D0013990-2D	MADS	TFF
Soffic.08G0010900-8A	LIM	TFF
Soffic.10G0018760-10G	HB	TFF
Soffic.08G0007060-8B	NAC	TFF
Soffic.03G0024390-3A	WRKY	TFF
Soffic.01G0044220-1F	SET	OTR
Soffic.04G0033380-4C	PLATZ	TFF
Soffic.04G0018910-4F	Orphans	Orphans
Soffic.02G0027920-2A	PHD	OTR
Soffic.04G0010700-4G	Orphans	Orphans
Soffic.01G0025470-1G	PLATZ	TFF
Soffic.10G0008680-10B	MADS	TFF
Soffic.02G0006750-2D	CPP	TFF
Soffic.10G0002440-10D	NAC	TFF
Soffic.01C0040570-1C	MYB	TFF
Soffic.02G0019360-2G	HSF	TFF
Soffic.07G0005550-7D	NAC	TFF
Soffic.09G0001540-9B	MYB-related	TFF
Soffic.06G0013100-6F	NAC	TFF
Soffic.02G0025720-2F	HMG	OTR
Soffic.07G0018540-7E	NAC	TFF
Soffic.07G0013260-7A	zf-A20	TFF
Soffic.06G0016120-6F	bHLH	TFF
Soffic.05G0002240-5B	MYB	TFF
Soffic.01G0023310-1A	Orphans	Orphans
Soffic.09G0023710-9C	OFP	TFF
Soffic.01G0033400-1A	C2H2	TFF
Soffic.10G0020100-10C	MYB-related	TFF
Soffic.01G0031770-1H	Tify	TFF
Soffic.01G0004370-1D	Alfin-like	TFF
Soffic.10F0015000-10F	bZIP	TFF
Soffic.07D0011120-7D	PHD	OTR
Soffic.04H0016310-4H	Orphans	Orphans
Soffic.09G0008990-9A	C3H	TFF
Soffic.03G0010070-3H	NAC	TFF
Soffic.04G0003060-4H	Orphans	Orphans
Soffic.10G0026410-10E	ARID	OTR
Soffic.10E0007580-10E	bZIP	TFF
Soffic.04G0022310-4G	AP2-EREBP	TFF
Soffic.01G0043690-1B	C2C2-YABBY	TFF
Soffic.03G0025140-3F	HSF	TFF
Soffic.05G0006540-5B	MYB	TFF
Soffic.01E0006130-1E	SET	OTR
Soffic.03G0011700-3F	bHLH	TFF
Soffic.08F0002410-8F	zf-HD	TFF
Soffic.03G0032210-3C	AP2-EREBP	TFF
Soffic.02G0004040-2E	bHLH	TFF
Soffic.06G0009570-6D	FAR1	TFF
Soffic.09G0018960-9F	C3H	TFF
Soffic.03G0013090-3E	AP2-EREBP	TFF
Soffic.04E0008940-4E	Orphans	Orphans
Soffic.02G0008550-2F	TRAF	OTR
Soffic.04G0031370-4B	FAR1	TFF
Soffic.03G0033350-3G	Orphans	Orphans
Soffic.06G0016060-6F	bHLH	TFF
Soffic.08G0010180-8C	MYB	TFF
Soffic.06G0009970-6D	TAZ	TFF
Soffic.08G0018030-8D	HB	TFF
Soffic.02G0024360-2B	zf-A20	TFF
Soffic.07G0011330-7C	SET	OTR
Soffic.08G0015940-8A	Orphans	Orphans
Soffic.01G0042140-1G	Orphans	Orphans
Soffic.04G0028940-4A	NOT2_3_5	OTR
Soffic.09G0019610-9C	WRKY	TFF
Soffic.04G0024740-4H	CCAAT	TFF
Soffic.01H0044480-1H	AP2-EREBP	TFF
Soffic.10G0005270-10A	Orphans	Orphans
Soffic.03G0034400-3F	GRAS	TFF
Soffic.09G0019320-9A	HSF	TFF
Soffic.07D0020430-7D	AP2-EREBP	TFF
Soffic.01G0011550-1B	TCP	TFF
Soffic.02G0028480-2A	AP2-EREBP	TFF
Soffic.08G0013450-8B	CPP	TFF
Soffic.03H0007040-3H	MYB	TFF
Soffic.09G0005610-9A	ABI3VP1	TFF
Soffic.07G0000580-7B	NAC	TFF
Soffic.02H0025940-2H	Alfin-like	TFF
Soffic.07D0007610-7D	Orphans	Orphans
Soffic.02G0020580-2H	bZIP	TFF
Soffic.10E0012110-10E	C3H	TFF
Soffic.01G0014010-1E	GRAS	TFF
Soffic.05G0010330-5C	AP2-EREBP	TFF
Soffic.08G0010650-8G	PHD	OTR
Soffic.02G0003460-2C	MADS	TFF
Soffic.03G0000060-3H	Top	TFF
Soffic.01H0014760-1H	FHA	TFF
Soffic.02G0030650-2C	zf-BED	TFF
Soffic.09G0013450-9C	NAC	TFF
Soffic.07G0011890-7H	Pseudo_ARR-B	OTR
Soffic.03G0027520-3D	Orphans	Orphans
Soffic.07G0020010-7F	Pseudo_ARR-B	OTR
Soffic.10G0019060-10G	mTERF	OTR
Soffic.01G0010970-1G	WRKY	TFF
Soffic.01G0023370-1A	Top	TFF
Soffic.05G0020900-5G	GRAS	TFF
Soffic.03B0020570-3B	HMG	OTR
Soffic.04G0029590-4B	mTERF	OTR
Soffic.07G0018190-7A	MADS	TFF
Soffic.03E0016470-3E	MYB-related	TFF
Soffic.03G0030020-3C	CCAAT	TFF
Soffic.03F0026140-3F	HB	TFF
Soffic.05H0004280-5H	TUB	TFF
Soffic.03G0025510-3E	WRKY	TFF
Soffic.01F0026650-1F	ABI3VP1	TFF
Soffic.01G0033510-1F	NAC	TFF
Soffic.01G0039770-1H	zf-BED	TFF
Soffic.08G0000050-8D	C2C2-Dof	TFF
Soffic.08G0014710-8F	CPP	TFF
Soffic.09G0018780-9A	TCP	TFF
Soffic.10G0007670-10G	bZIP	TFF
Soffic.02G0030660-2E	AP2-EREBP	TFF
Soffic.07D0000230-7D	AUX/IAA	OTR
Soffic.02H0032740-2H	FAR1	TFF
Soffic.01H0010460-1H	SET	OTR
Soffic.02G0027210-2H	Orphans	Orphans
Soffic.05G0008660-5G	MYB	TFF
Soffic.01E0032520-1E	PLATZ	TFF
Soffic.06G0013250-6C	TCP	TFF
Soffic.01G0027900-1H	SOH1	OTR
Soffic.05G0017220-5A	MADS	TFF
Soffic.02G0008810-2F	Orphans	Orphans
Soffic.03G0034590-3F	SWI/SNF-BAF60b	OTR
Soffic.03G0029870-3A	WRKY	TFF
Soffic.08D0001750-8D	FAR1	TFF
Soffic.01F0043980-1F	bHLH	TFF
Soffic.01G0042210-1D	Top	TFF
Soffic.09G0017680-9A	MYB-related	TFF
Soffic.07G0008020-7F	MYB	TFF
Soffic.02G0034570-2D	CAMTA	TFF
Soffic.01G0033990-1A	CCAAT	TFF
Soffic.01G0003330-1G	C3H	TFF
Soffic.05G0014670-5A	bZIP	TFF
Soffic.09F0002830-9F	HB	TFF
Soffic.08G0006820-8D	MYB	TFF
Soffic.08G0004250-8F	FAR1	TFF
Soffic.06G0026980-6B	Top	TFF
Soffic.07C0006770-7C	TRAF	OTR
Soffic.09F0013990-9F	NAC	TFF
Soffic.07G0001880-7G	SBP	TFF
Soffic.10G0003110-10F	SET	OTR
Soffic.02G0005230-2F	AUX/IAA	OTR
Soffic.03G0034510-3A	Alfin-like	TFF
Soffic.09G0016790-9B	MYB-related	TFF
Soffic.03G0016720-3G	FAR1	TFF
Soffic.05E0000650-5E	MYB-related	TFF
Soffic.01G0045540-1G	Orphans	Orphans
Soffic.04G0023100-4F	MYB-related	TFF
Soffic.03G0035450-3A	GRAS	TFF
Soffic.04G0032100-4B	Top	TFF
Soffic.02G0018140-2C	SET	OTR
Soffic.05G0019760-5D	MYB	TFF
Soffic.01G0046910-1D	C2H2	TFF
Soffic.03E0036150-3E	mTERF	OTR
Soffic.03G0029950-3A	WRKY	TFF
Soffic.04G0007680-4A	FAR1	TFF
Soffic.05G0020650-5A	MYB	TFF
Soffic.08G0002890-8C	SET	OTR
Soffic.07G0003920-7H	Sigma70-like	TFF
Soffic.01E0043030-1E	MYB	TFF
Soffic.06G0022890-6B	Orphans	Orphans
Soffic.02G0023920-2B	bHLH	TFF
Soffic.03G0030840-3F	WRKY	TFF
Soffic.10G0009010-10G	Orphans	Orphans
Soffic.01H0036870-1H	PHD	OTR
Soffic.06G0015640-6F	MYB	TFF
Soffic.03G0011840-3F	WRKY	TFF
Soffic.06G0001970-6D	Orphans	Orphans
Soffic.07G0003370-7H	Orphans	Orphans
Soffic.04G0005300-4A	bZIP	TFF
Soffic.08G0009710-8G	TRAF	OTR
Soffic.10G0009580-10H	mTERF	OTR
Soffic.04E0021970-4E	PHD	OTR
Soffic.01G0044420-1B	Orphans	Orphans
Soffic.05G0012520-5H	Orphans	Orphans
Soffic.01G0043580-1G	OFP	TFF
Soffic.03G0004370-3B	bZIP	TFF
Soffic.05G0001390-5E	FAR1	TFF
Soffic.01E0026880-1E	GNAT	OTR
Soffic.03G0000790-3H	Orphans	Orphans
Soffic.05H0006230-5H	FAR1	TFF
Soffic.02G0003520-2F	bHLH	TFF
Soffic.03C0021030-3C	HMG	OTR
Soffic.06G0019680-6G	MYB	TFF
Soffic.03G0017210-3H	Orphans	Orphans
Soffic.01G0026360-1C	Orphans	Orphans
Soffic.05G0020720-5B	C2H2	TFF
Soffic.01G0027750-1C	AP2-EREBP	TFF
Soffic.09G0001820-9G	MYB-related	TFF
Soffic.08G0009640-8A	ARF	TFF
Soffic.02G0017520-2D	CCAAT	TFF
Soffic.07D0017300-7D	MYB	TFF
Soffic.07G0007900-7A	Orphans	Orphans
Soffic.01C0050330-1C	E2F-DP	TFF
Soffic.07D0013640-7D	TCP	TFF
Soffic.04G0009510-4A	NAC	TFF
Soffic.04G0026790-4F	zf-BED	TFF
Soffic.03B0003950-3B	Orphans	Orphans
Soffic.02G0020470-2E	C2H2	TFF
Soffic.05G0022460-5A	GRAS	TFF
Soffic.06G0019380-6E	bHLH	TFF
Soffic.01D0024970-1D	Orphans	Orphans
Soffic.07G0003490-7B	MYB-related	TFF
Soffic.01F0017890-1F	MYB-related	TFF
Soffic.06G0016770-6A	GRAS	TFF
Soffic.04G0003100-4B	HB	TFF
Soffic.03G0031040-3C	Orphans	Orphans
Soffic.10E0009670-10E	WRKY	TFF
Soffic.02G0036670-2D	TUB	TFF
Soffic.03G0035710-3D	Jumonji	OTR
Soffic.01F0003330-1F	mTERF	OTR
Soffic.09G0005030-9A	C2C2-GATA	TFF
Soffic.01D0010870-1D	AUX/IAA	OTR
Soffic.04H0016520-4H	E2F-DP	TFF
Soffic.07G0004440-7F	AP2-EREBP	TFF
Soffic.01E0016620-1E	TFIID	TFF
Soffic.02G0002420-2H	MADS	TFF
Soffic.06G0002810-6A	ABI3VP1	TFF
Soffic.02G0033990-2B	Rcd1-like	OTR
Soffic.05F0007250-5F	FAR1	TFF
Soffic.02G0022990-2F	bHLH	TFF
Soffic.04G0019560-4A	Orphans	Orphans
Soffic.05G0010020-5A	AP2-EREBP	TFF
Soffic.03H0037170-3H	bZIP	TFF
Soffic.09G0019990-9F	Orphans	Orphans
Soffic.02G0027310-2A	GRAS	TFF
Soffic.09G0013590-9G	MYB	TFF
Soffic.02F0027860-2F	SBP	TFF
Soffic.04G0007040-4H	bZIP	TFF
Soffic.04G0005550-4E	WRKY	TFF
Soffic.05G0009070-5B	zf-BED	TFF
Soffic.04G0028990-4D	MYB	TFF
Soffic.10G0022710-10F	Orphans	Orphans
Soffic.06G0024680-6B	Orphans	Orphans
Soffic.10E0007010-10E	GRF	TFF
Soffic.06G0019020-6E	MYB-related	TFF
Soffic.04G0009990-4F	Orphans	Orphans
Soffic.09G0022550-9A	SET	OTR
Soffic.02H0034720-2H	SART-1	OTR
Soffic.05G0021760-5A	AP2-EREBP	TFF
Soffic.06G0025970-6C	bHLH	TFF
Soffic.05G0011120-5B	NAC	TFF
Soffic.02G0034170-2E	bHLH	TFF
Soffic.02E0012960-2E	AP2-EREBP	TFF
Soffic.10H0019620-10H	WRKY	TFF
Soffic.09G0009560-9A	MYB	TFF
Soffic.08G0012390-8E	PAS	TFF
Soffic.05E0011430-5E	C3H	TFF
Soffic.05G0000800-5D	TRAF	OTR
Soffic.07G0016220-7C	AP2-EREBP	TFF
Soffic.04F0008280-4F	HSF	TFF
Soffic.01G0043440-1A	MYB-related	TFF
Soffic.01G0046370-1D	C2H2	TFF
Soffic.03G0033550-3G	mTERF	OTR
Soffic.04G0029070-4E	FAR1	TFF
Soffic.10E0011900-10E	PHD	OTR
Soffic.05G0010530-5C	MYB	TFF
Soffic.09C0001800-9C	C2H2	TFF
Soffic.03G0032540-3A	bZIP	TFF
Soffic.04G0024950-4B	bHLH	TFF
Soffic.10H0009660-10H	TCP	TFF
Soffic.01G0042450-1G	CCAAT	TFF
Soffic.08G0014110-8A	FAR1	TFF
Soffic.01E0040060-1E	Top	TFF
Soffic.07C0005880-7C	OFP	TFF
Soffic.03G0031890-3A	MYB	TFF
Soffic.01G0029590-1G	EIL	TFF
Soffic.07G0001060-7A	NAC	TFF
Soffic.07E0014730-7E	NAC	TFF
Soffic.03C0013190-3C	MYB	TFF
Soffic.01G0040710-1B	AP2-EREBP	TFF
Soffic.07G0019450-7B	EIL	TFF
Soffic.02G0002070-2E	MADS	TFF
Soffic.07H0016170-7H	FHA	TFF
Soffic.06B0018870-6B	PLATZ	TFF
Soffic.06G0008520-6B	FHA	TFF
Soffic.03G0017400-3F	MYB-related	TFF
Soffic.06G0016270-6G	AP2-EREBP	TFF
Soffic.06H0020020-6H	bHLH	TFF
Soffic.02G0003910-2F	zf-A20	TFF
Soffic.01G0022700-1G	Orphans	Orphans
Soffic.07G0016640-7C	bHLH	TFF
Soffic.05G0014920-5C	CCAAT	TFF
Soffic.08G0009430-8G	MYB	TFF
Soffic.03C0028410-3C	MYB	TFF
Soffic.01G0038890-1A	EIL	TFF
Soffic.02G0027320-2A	GRAS	TFF
Soffic.02H0020300-2H	bHLH	TFF
Soffic.01G0022370-1B	TRAF	OTR
Soffic.03G0033600-3A	MYB	TFF
Soffic.04C0033050-4C	MADS	TFF
Soffic.09G0013330-9B	FAR1	TFF
Soffic.09G0016650-9F	AP2-EREBP	TFF
Soffic.06G0002820-6A	ABI3VP1	TFF
Soffic.03G0010280-3A	BSD	TFF
Soffic.04G0026720-4A	mTERF	OTR
Soffic.08G0010300-8A	TRAF	OTR
Soffic.06G0011070-6E	zf-HD	TFF
Soffic.08H0011930-8H	PAS	TFF
Soffic.07G0012920-7C	zf-A20	TFF
Soffic.08G0000910-8C	Orphans	Orphans
Soffic.01G0014990-1B	CPP	TFF
Soffic.02E0013940-2E	WRKY	TFF
Soffic.08G0008460-8B	LIM	TFF
Soffic.06G0021870-6G	CSD	TFF
Soffic.03G0025670-3G	TRAF	OTR
Soffic.02G0026710-2G	PHD	OTR
Soffic.04G0000640-4C	bHLH	TFF
Soffic.05G0022670-5F	GRAS	TFF
Soffic.09E0016430-9E	Orphans	Orphans
Soffic.03G0001790-3C	Orphans	Orphans
Soffic.04G0026430-4A	TRAF	OTR
Soffic.02E0007320-2E	BBR/BPC	TFF
Soffic.02G0013560-2F	bZIP	TFF
Soffic.06G0025750-6B	MYB	TFF
Soffic.04C0006590-4C	PLATZ	TFF
Soffic.06G0020510-6B	FAR1	TFF
Soffic.01G0049950-1H	GRAS	TFF
Soffic.04F0008890-4F	bZIP	TFF
Soffic.09G0006160-9B	Orphans	Orphans
Soffic.04G0008470-4C	AUX/IAA	OTR
Soffic.01H0023140-1H	Tify	TFF
Soffic.07G0014940-7C	C2H2	TFF
Soffic.03F0033550-3F	bZIP	TFF
Soffic.05G0018170-5D	bHLH	TFF
Soffic.02G0020890-2A	bHLH	TFF
Soffic.08G0016000-8A	CPP	TFF
Soffic.04G0008280-4G	Orphans	Orphans
Soffic.08H0005630-8H	WRKY	TFF
Soffic.05G0008190-5B	Orphans	Orphans
Soffic.05G0004490-5A	TUB	TFF
Soffic.02B0029990-2B	CCAAT	TFF
Soffic.02B0000360-2B	NAC	TFF
Soffic.03G0018710-3C	zf-BED	TFF
Soffic.10G0020770-10G	MYB	TFF
Soffic.02G0002630-2E	NAC	TFF
Soffic.04C0025530-4C	CCAAT	TFF
Soffic.01G0001750-1E	AP2-EREBP	TFF
Soffic.05G0017210-5A	MADS	TFF
Soffic.09G0012980-9C	bZIP	TFF
Soffic.03G0019350-3D	GNAT	OTR
Soffic.01G0012410-1C	bHLH	TFF
Soffic.02G0000190-2C	AP2-EREBP	TFF
Soffic.09G0012440-9E	NAC	TFF
Soffic.01G0010430-1H	SET	OTR
Soffic.04G0007020-4C	AP2-EREBP	TFF
Soffic.03G0017080-3A	ABI3VP1	TFF
Soffic.07G0017860-7E	Orphans	Orphans
Soffic.01G0031430-1H	zf-BED	TFF
Soffic.03G0003540-3A	WRKY	TFF
Soffic.06G0009920-6D	Orphans	Orphans
Soffic.01E0047260-1E	Orphans	Orphans
Soffic.01G0038160-1H	Sigma70-like	TFF
Soffic.06G0012080-6G	FAR1	TFF
Soffic.06E0022350-6E	AP2-EREBP	TFF
Soffic.06G0017520-6G	HSF	TFF
Soffic.10G0005220-10A	bHLH	TFF
Soffic.03H0019750-3H	WRKY	TFF
Soffic.01G0010860-1A	Orphans	Orphans
Soffic.01G0007400-1A	mTERF	OTR
Soffic.05G0001140-5A	TRAF	OTR
Soffic.09G0021290-9C	Orphans	Orphans
Soffic.02F0033330-2F	FAR1	TFF
Soffic.01B0046890-1B	ABI3VP1	TFF
Soffic.08G0003190-8F	Orphans	Orphans
Soffic.03G0023560-3F	zf-BED	TFF
Soffic.06G0009880-6C	zf-HD	TFF
Soffic.09G0005050-9D	ABI3VP1	TFF
Soffic.03G0032560-3B	PHD	OTR
Soffic.03G0026690-3A	NAC	TFF
Soffic.02G0019530-2D	NAC	TFF
Soffic.05G0022030-5F	MYB	TFF
Soffic.05G0004410-5F	OFP	TFF
Soffic.06F0015110-6F	Orphans	Orphans
Soffic.07G0003910-7H	MYB-related	TFF
Soffic.08H0010280-8H	MYB	TFF
Soffic.02G0012000-2G	SBP	TFF
Soffic.02G0023910-2B	bHLH	TFF
Soffic.01G0035130-1G	FAR1	TFF
Soffic.02G0024940-2A	bZIP	TFF
Soffic.10G0017450-10F	GNAT	OTR
Soffic.10G0023960-10C	Orphans	Orphans
Soffic.09G0021790-9E	Sigma70-like	TFF
Soffic.07D0020770-7D	bHLH	TFF
Soffic.07G0020840-7C	MYB-related	TFF
Soffic.06B0016490-6B	bHLH	TFF
Soffic.02G0019680-2D	AP2-EREBP	TFF
Soffic.01H0008270-1H	Orphans	Orphans
Soffic.01G0042590-1C	Sigma70-like	TFF
Soffic.05G0020070-5D	AP2-EREBP	TFF
Soffic.09H0007640-9H	Orphans	Orphans
Soffic.06C0001070-6C	E2F-DP	TFF
Soffic.08G0003170-8A	Orphans	Orphans
Soffic.07F0004760-7F	bZIP	TFF
Soffic.03G0002810-3G	AUX/IAA	OTR
Soffic.02G0003690-2C	TRAF	OTR
Soffic.03G0034860-3G	Top	TFF
Soffic.08G0004330-8C	bZIP	TFF
Soffic.06G0023730-6E	Orphans	Orphans
Soffic.01G0015760-1A	NOT2_3_5	OTR
Soffic.01G0025120-1B	Orphans	Orphans
Soffic.04G0027520-4G	C2C2-CO-like	TFF
Soffic.06G0020320-6B	Rcd1-like	OTR
Soffic.01F0034280-1F	bZIP	TFF
Soffic.02G0027910-2A	MYB	TFF
Soffic.07G0015290-7E	zf-HD	TFF
Soffic.05G0004360-5C	DDT	OTR
Soffic.02G0019350-2A	Orphans	Orphans
Soffic.05G0022400-5C	GRAS	TFF
Soffic.01G0022260-1C	MYB-related	TFF
Soffic.03E0016730-3E	Orphans	Orphans
Soffic.10G0002030-10G	MADS	TFF
Soffic.10G0020040-10D	PLATZ	TFF
Soffic.06G0021900-6C	SBP	TFF
Soffic.05E0004880-5E	MADS	TFF
Soffic.09G0014280-9A	NAC	TFF
Soffic.10G0025950-10G	ARID	OTR
Soffic.01G0006730-1B	MYB	TFF
Soffic.01G0009250-1C	MYB-related	TFF
Soffic.06G0013890-6D	WRKY	TFF
Soffic.02G0011490-2E	TRAF	OTR
Soffic.01F0044110-1F	C2C2-Dof	TFF
Soffic.03G0033500-3C	PHD	OTR
Soffic.01G0036410-1A	GeBP	TFF
Soffic.02G0026540-2C	C2H2	TFF
Soffic.04H0027690-4H	GeBP	TFF
Soffic.07G0019760-7F	C2H2	TFF
Soffic.01G0010920-1G	HB	TFF
Soffic.07G0007950-7E	Orphans	Orphans
Soffic.03G0024080-3F	MYB-related	TFF
Soffic.04G0018340-4D	SET	OTR
Soffic.06G0016110-6F	bHLH	TFF
Soffic.03G0025250-3B	HSF	TFF
Soffic.06G0004700-6A	bHLH	TFF
Soffic.04G0019360-4A	mTERF	OTR
Soffic.02G0009740-2C	C2H2	TFF
Soffic.09G0015500-9A	bZIP	TFF
Soffic.01G0032380-1E	MYB-related	TFF
Soffic.03C0009440-3C	NAC	TFF
Soffic.07F0010410-7F	mTERF	OTR
Soffic.06G0011600-6D	C1-4-t1	TFF
Soffic.01G0011770-1C	zf-BED	TFF
Soffic.05G0009140-5A	Top	TFF
Soffic.01G0041200-1E	FAR1	TFF
Soffic.02G0017540-2F	TCP	TFF
Soffic.10G0026420-10E	C2H2	TFF
Soffic.02G0009620-2E	AP2-EREBP	TFF
Soffic.06G0006380-6F	E2F-DP	TFF
Soffic.10G0008720-10G	mTERF	OTR
Soffic.10G0024320-10C	bZIP	TFF
Soffic.08G0012580-8B	TAZ	TFF
Soffic.02G0037460-2C	TRAF	OTR
Soffic.07D0007620-7D	Orphans	Orphans
Soffic.02G0027030-2C	zf-BED	TFF
Soffic.05G0014620-5A	Orphans	Orphans
Soffic.01B0030560-1B	AP2-EREBP	TFF
Soffic.04G0028830-4F	GRF	TFF
Soffic.01G0026560-1C	Tify	TFF
Soffic.04G0017480-4F	mTERF	OTR
Soffic.08G0010660-8A	WRKY	TFF
Soffic.08G0006870-8D	zf-BED	TFF
Soffic.02B0012280-2B	E2F-DP	TFF
Soffic.01E0036270-1E	C2H2	TFF
Soffic.02G0019090-2H	bHLH	TFF
Soffic.03G0038520-3G	TRAF	OTR
Soffic.04G0015240-4A	AP2-EREBP	TFF
Soffic.01G0000550-1A	Orphans	Orphans
Soffic.02G0015610-2G	SET	OTR
Soffic.05D0002270-5D	GRAS	TFF
Soffic.02G0021350-2D	C2H2	TFF
Soffic.01G0016630-1G	GeBP	TFF
Soffic.07G0006780-7D	GNAT	OTR
Soffic.05G0022150-5B	GRAS	TFF
Soffic.07G0005530-7A	WRKY	TFF
Soffic.03G0011820-3D	bHLH	TFF
Soffic.07G0002210-7B	MYB	TFF
Soffic.02G0020230-2C	HSF	TFF
Soffic.03G0021490-3E	DDT	OTR
Soffic.10H0017010-10H	AUX/IAA	OTR
Soffic.04G0019810-4G	EIL	TFF
Soffic.05G0015690-5E	Orphans	Orphans
Soffic.03G0038670-3E	FAR1	TFF
Soffic.01G0018100-1A	MYB-related	TFF
Soffic.07G0016560-7B	MYB	TFF
Soffic.03E0036440-3E	GRAS	TFF
Soffic.10G0022540-10B	SBP	TFF
Soffic.01G0035650-1A	MYB	TFF
Soffic.01H0021620-1H	Orphans	Orphans
Soffic.04G0016190-4D	zf-BED	TFF
Soffic.03C0018260-3C	MYB-related	TFF
Soffic.01G0038870-1F	MYB-related	TFF
Soffic.03G0030580-3C	MYB-related	TFF
Soffic.01G0003530-1G	NAC	TFF
Soffic.01G0016980-1G	NAC	TFF
Soffic.04G0024640-4E	C2C2-Dof	TFF
Soffic.01G0042150-1B	MYB-related	TFF
Soffic.01D0020680-1D	TUB	TFF
Soffic.08G0013330-8C	C2H2	TFF
Soffic.02G0024640-2C	AP2-EREBP	TFF
Soffic.07F0013250-7F	zf-A20	TFF
Soffic.09H0006850-9H	Orphans	Orphans
Soffic.09G0000910-9B	GRAS	TFF
Soffic.04G0008830-4B	AP2-EREBP	TFF
Soffic.02B0028560-2B	GRAS	TFF
Soffic.08B0006390-8B	Jumonji	OTR
Soffic.01G0017730-1C	ABI3VP1	TFF
Soffic.05G0022690-5A	C2H2	TFF
Soffic.10G0024270-10D	Orphans	Orphans
Soffic.03D0021860-3D	NAC	TFF
Soffic.03G0029350-3A	AP2-EREBP	TFF
Soffic.09G0021460-9H	Sigma70-like	TFF
Soffic.01G0021590-1G	Orphans	Orphans
Soffic.07G0013730-7D	NAC	TFF
Soffic.01G0011540-1G	TRAF	OTR
Soffic.03G0000330-3B	AUX/IAA	OTR
Soffic.01D0020530-1D	GeBP	TFF
Soffic.01G0012040-1E	HB	TFF
Soffic.02C0017380-2C	PHD	OTR
Soffic.04H0000110-4H	zf-A20	TFF
Soffic.08D0007450-8D	Alfin-like	TFF
Soffic.10G0023460-10G	ARF	TFF
Soffic.05G0009020-5B	PHD	OTR
Soffic.03G0003590-3D	HMG	OTR
Soffic.01H0046710-1H	BES1	TFF
Soffic.09G0000300-9H	Top	TFF
Soffic.07G0006910-7B	ABI3VP1	TFF
Soffic.02G0026770-2G	FAR1	TFF
Soffic.10G0005950-10D	BBR/BPC	TFF
Soffic.01G0053740-1A	HB	TFF
Soffic.01H0022980-1H	Tify	TFF
Soffic.04G0004380-4H	ARF	TFF
Soffic.01F0005640-1F	MYB	TFF
Soffic.09G0007000-9A	bHLH	TFF
Soffic.03G0005250-3F	RWP-RK	TFF
Soffic.01H0009440-1H	Top	TFF
Soffic.02G0030560-2G	NAC	TFF
Soffic.02G0027670-2C	Orphans	Orphans
Soffic.07F0002650-7F	TRAF	OTR
Soffic.02G0029530-2A	bHLH	TFF
Soffic.01G0029400-1G	NAC	TFF
Soffic.05G0002760-5G	GRAS	TFF
Soffic.02F0015610-2F	mTERF	OTR
Soffic.01G0024660-1C	TRAF	OTR
Soffic.03G0015790-3A	bHLH	TFF
Soffic.03C0017650-3C	bHLH	TFF
Soffic.02G0023080-2B	SBP	TFF
Soffic.07F0009910-7F	Orphans	Orphans
Soffic.07G0018400-7G	TRAF	OTR
Soffic.10G0018300-10A	AP2-EREBP	TFF
Soffic.09G0022100-9C	WRKY	TFF
Soffic.08G0012740-8H	GRAS	TFF
Soffic.03G0016080-3F	Jumonji	OTR
Soffic.09G0004480-9C	FAR1	TFF
Soffic.03C0020990-3C	WRKY	TFF
Soffic.01G0018580-1D	MADS	TFF
Soffic.01G0001060-1B	Sigma70-like	TFF
Soffic.04G0029410-4F	MYB	TFF
Soffic.02G0004200-2C	Tify	TFF
Soffic.10B0024110-10B	bZIP	TFF
Soffic.05G0005700-5C	MED26	OTR
Soffic.09G0017720-9B	WRKY	TFF
Soffic.02E0003420-2E	HB	TFF
Soffic.09G0021240-9A	zf-BED	TFF
Soffic.04G0003140-4D	ARF	TFF
Soffic.04F0017620-4F	MYB	TFF
Soffic.10G0003030-10C	NAC	TFF
Soffic.03G0004420-3A	bZIP	TFF
Soffic.07G0006040-7G	MYB	TFF
Soffic.02B0024630-2B	SRS	TFF
Soffic.06G0000480-6E	Orphans	Orphans
Soffic.02G0017850-2C	MYB	TFF
Soffic.03G0012830-3C	MYB	TFF
Soffic.01G0035230-1H	MYB-related	TFF
Soffic.04G0023230-4A	Orphans	Orphans
Soffic.03G0012240-3D	Orphans	Orphans
Soffic.04G0017850-4E	ABI3VP1	TFF
Soffic.07G0014910-7F	SET	OTR
Soffic.06H0016610-6H	GRAS	TFF
Soffic.08B0001330-8B	MYB	TFF
Soffic.05G0003830-5A	NAC	TFF
Soffic.10G0012640-10B	TRAF	OTR
Soffic.03G0005960-3G	FAR1	TFF
Soffic.09G0013140-9D	Orphans	Orphans
Soffic.05G0002960-5F	GRAS	TFF
Soffic.03G0034410-3B	Jumonji	OTR
Soffic.04E0011620-4E	WRKY	TFF
Soffic.05G0005200-5E	MYB	TFF
Soffic.08G0006490-8G	Orphans	Orphans
Soffic.01F0020620-1F	Tify	TFF
Soffic.08G0002090-8C	MYB	TFF
Soffic.07G0019680-7D	TRAF	OTR
Soffic.01G0026020-1E	Orphans	Orphans
Soffic.07G0020280-7A	Pseudo_ARR-B	OTR
Soffic.08H0002440-8H	TRAF	OTR
Soffic.10G0006460-10G	AP2-EREBP	TFF
Soffic.05G0010500-5E	FAR1	TFF
Soffic.09G0016840-9A	WRKY	TFF
Soffic.02G0012460-2F	FAR1	TFF
Soffic.04D0014250-4D	zf-BED	TFF
Soffic.09G0002450-9F	C2H2	TFF
Soffic.10B0008130-10B	AP2-EREBP	TFF
Soffic.04F0034030-4F	MED26	OTR
Soffic.03E0034130-3E	C2H2	TFF
Soffic.08G0004360-8G	TUB	TFF
Soffic.02G0019580-2A	CCAAT	TFF
Soffic.01G0046240-1A	Orphans	Orphans
Soffic.01G0030740-1F	zf-BED	TFF
Soffic.03H0020960-3H	MYB-related	TFF
Soffic.07G0004960-7F	CCAAT	TFF
Soffic.01B0028690-1B	MYB-related	TFF
Soffic.08G0014840-8B	Orphans	Orphans
Soffic.03E0009070-3E	C3H	TFF
Soffic.10G0019860-10G	bZIP	TFF
Soffic.09G0000040-9G	WRKY	TFF
Soffic.02G0016190-2E	C2H2	TFF
Soffic.03G0038050-3G	GRAS	TFF
Soffic.05D0015250-5D	Orphans	Orphans
Soffic.10G0025380-10G	C2H2	TFF
Soffic.04D0028730-4D	bHLH	TFF
Soffic.01G0047710-1E	C2H2	TFF
Soffic.01H0021830-1H	Orphans	Orphans
Soffic.03H0018920-3H	GNAT	OTR
Soffic.06D0005510-6D	C2H2	TFF
Soffic.07G0007530-7G	TUB	TFF
Soffic.01G0006400-1F	MADS	TFF
Soffic.03G0035870-3B	Tify	TFF
Soffic.06G0013470-6G	NAC	TFF
Soffic.03H0020560-3H	Orphans	Orphans
Soffic.10G0021060-10E	NAC	TFF
Soffic.04G0008240-4B	MYB-related	TFF
Soffic.01G0036760-1E	CCAAT	TFF
Soffic.06G0025290-6C	ARF	TFF
Soffic.03G0016940-3D	HSF	TFF
Soffic.10G0017220-10C	AP2-EREBP	TFF
Soffic.01G0046310-1C	bHLH	TFF
Soffic.01G0013800-1G	TRAF	OTR
Soffic.06G0015830-6D	zf-BED	TFF
Soffic.05G0008870-5D	MYB	TFF
Soffic.10G0001730-10A	AP2-EREBP	TFF
Soffic.01F0010880-1F	Orphans	Orphans
Soffic.08G0001340-8D	GRAS	TFF
Soffic.07G0020700-7D	C2H2	TFF
Soffic.02D0012660-2D	AP2-EREBP	TFF
Soffic.06G0009340-6H	C2H2	TFF
Soffic.03G0034270-3F	SET	OTR
Soffic.04G0016640-4E	mTERF	OTR
Soffic.04G0022830-4E	GRF	TFF
Soffic.02G0034880-2D	Tudor-knot	OTR
Soffic.08G0009050-8H	ARF	TFF
Soffic.03E0015100-3E	bZIP	TFF
Soffic.02G0030090-2F	Orphans	Orphans
Soffic.02G0033490-2A	CCAAT	TFF
Soffic.09G0013540-9E	bZIP	TFF
Soffic.04H0027540-4H	bZIP	TFF
Soffic.01G0048860-1A	AP2-EREBP	TFF
Soffic.01F0043950-1F	bHLH	TFF
Soffic.06G0007330-6C	SWI/SNF-BAF60b	OTR
Soffic.05E0015230-5E	GRF	TFF
Soffic.08G0014860-8A	bHLH	TFF
Soffic.04H0005760-4H	GNAT	OTR
Soffic.04G0030160-4G	Top	TFF
Soffic.01G0038160-1F	FAR1	TFF
Soffic.06G0020730-6A	FAR1	TFF
Soffic.02C0020940-2C	NAC	TFF
Soffic.04G0009240-4D	BES1	TFF
Soffic.10F0003400-10F	Top	TFF
Soffic.09G0013480-9C	PHD	OTR
Soffic.05G0016470-5B	Orphans	Orphans
Soffic.03G0027860-3E	SET	OTR
Soffic.01F0021220-1F	MYB	TFF
Soffic.08G0001370-8F	TRAF	OTR
Soffic.02H0018830-2H	SWI/SNF-BAF60b	OTR
Soffic.06G0008490-6F	Orphans	Orphans
Soffic.02G0027790-2G	Orphans	Orphans
Soffic.10D0016420-10D	FAR1	TFF
Soffic.01G0047180-1B	Tify	TFF
Soffic.01G0034470-1D	MYB	TFF
Soffic.02G0002130-2A	SET	OTR
Soffic.09H0015760-9H	Orphans	Orphans
Soffic.09G0010150-9B	Orphans	Orphans
Soffic.01G0003300-1A	C3H	TFF
Soffic.04G0024190-4D	AP2-EREBP	TFF
Soffic.01G0023420-1B	C2C2-Dof	TFF
Soffic.04G0007900-4G	bZIP	TFF
Soffic.05G0019280-5D	C2C2-Dof	TFF
Soffic.05G0020680-5A	AP2-EREBP	TFF
Soffic.04G0000610-4F	FAR1	TFF
Soffic.08F0004180-8F	OFP	TFF
Soffic.01E0024670-1E	C2C2-GATA	TFF
Soffic.06G0004470-6G	WRKY	TFF
Soffic.03G0024690-3D	OFP	TFF
Soffic.07G0019560-7G	Orphans	Orphans
Soffic.05G0004360-5D	MED26	OTR
Soffic.01G0036900-1H	Orphans	Orphans
Soffic.04G0018210-4A	NAC	TFF
Soffic.05G0006160-5G	C2C2-GATA	TFF
Soffic.07F0001320-7F	MYB-related	TFF
Soffic.02G0029600-2E	Orphans	Orphans
Soffic.04G0001390-4H	PHD	OTR
Soffic.03G0033900-3D	SET	OTR
Soffic.02E0038160-2E	FAR1	TFF
Soffic.04G0005360-4D	SBP	TFF
Soffic.01F0017090-1F	Orphans	Orphans
Soffic.03G0029630-3A	NAC	TFF
Soffic.01G0003950-1E	NAC	TFF
Soffic.06G0021460-6B	TRAF	OTR
Soffic.04E0005920-4E	MYB	TFF
Soffic.03G0018770-3D	zf-BED	TFF
Soffic.04F0021650-4F	NAC	TFF
Soffic.04G0018430-4G	C2H2	TFF
Soffic.10G0017150-10E	Orphans	Orphans
Soffic.05G0011860-5B	Sigma70-like	TFF
Soffic.07G0006660-7F	TRAF	OTR
Soffic.02G0022170-2G	bHLH	TFF
Soffic.02B0016820-2B	PHD	OTR
Soffic.03F0010750-3F	BSD	TFF
Soffic.04G0018340-4C	AP2-EREBP	TFF
Soffic.08G0013360-8G	AP2-EREBP	TFF
Soffic.01G0037820-1E	zf-LSD1	TFF
Soffic.10G0005020-10D	WRKY	TFF
Soffic.02G0018710-2A	bHLH	TFF
Soffic.04G0005180-4D	MADS	TFF
Soffic.05G0013330-5G	bHLH	TFF
Soffic.10G0004900-10B	TRAF	OTR
Soffic.10G0003730-10E	WRKY	TFF
Soffic.01G0040530-1A	Orphans	Orphans
Soffic.02G0021980-2D	zf-BED	TFF
Soffic.07E0006220-7E	AP2-EREBP	TFF
Soffic.06H0020810-6H	Tify	TFF
Soffic.06G0013330-6H	Top	TFF
Soffic.02G0013730-2D	AP2-EREBP	TFF
Soffic.10G0024630-10A	PHD	OTR
Soffic.01G0042990-1D	MYB-related	TFF
Soffic.07G0003570-7F	C2C2-GATA	TFF
Soffic.02G0025850-2G	NAC	TFF
Soffic.08G0004950-8A	E2F-DP	TFF
Soffic.01G0050520-1A	Orphans	Orphans
Soffic.02G0021770-2B	C2H2	TFF
Soffic.04G0017480-4H	SET	OTR
Soffic.07G0005820-7C	PHD	OTR
Soffic.04G0002710-4B	FAR1	TFF
Soffic.05G0016410-5B	Orphans	Orphans
Soffic.04G0005470-4H	C2C2-CO-like	TFF
Soffic.05G0015860-5H	NAC	TFF
Soffic.08G0007840-8A	Orphans	Orphans
Soffic.03G0025290-3E	WRKY	TFF
Soffic.04G0033350-4C	bHLH	TFF
Soffic.04G0013230-4D	Orphans	Orphans
Soffic.06G0022920-6E	FAR1	TFF
Soffic.03H0018310-3H	zf-BED	TFF
Soffic.04G0033660-4G	MYB-related	TFF
Soffic.05G0018830-5G	FHA	TFF
Soffic.05G0001870-5B	WRKY	TFF
Soffic.07G0016670-7F	bHLH	TFF
Soffic.06G0017880-6G	AP2-EREBP	TFF
Soffic.02G0032220-2A	HRT	TFF
Soffic.07G0020230-7C	CCAAT	TFF
Soffic.01G0035550-1D	Not1	TFF
Soffic.04F0013750-4F	C2H2	TFF
Soffic.02G0032710-2G	FAR1	TFF
Soffic.07G0006730-7A	OFP	TFF
Soffic.07G0007100-7G	MYB	TFF
Soffic.04G0019020-4G	C3H	TFF
Soffic.02G0040100-2B	PHD	OTR
Soffic.01F0008030-1F	CCAAT	TFF
Soffic.01G0033430-1G	SART-1	OTR
Soffic.02G0033500-2A	Alfin-like	TFF
Soffic.03G0000480-3C	AUX/IAA	OTR
Soffic.06G0011210-6B	Orphans	Orphans
Soffic.01G0025090-1C	TRAF	OTR
Soffic.08E0010850-8E	PHD	OTR
Soffic.02G0014710-2G	WRKY	TFF
Soffic.02G0021600-2E	SBP	TFF
Soffic.09C0017850-9C	CPP	TFF
Soffic.03F0007630-3F	MYB	TFF
Soffic.10G0005590-10A	NAC	TFF
Soffic.10G0007260-10B	AP2-EREBP	TFF
Soffic.01D0046660-1D	zf-BED	TFF
Soffic.01G0004320-1C	mTERF	OTR
Soffic.09G0019110-9G	WRKY	TFF
Soffic.05G0009640-5E	AUX/IAA	OTR
Soffic.02G0024150-2B	AP2-EREBP	TFF
Soffic.10G0006750-10D	bHLH	TFF
Soffic.01G0008060-1D	AP2-EREBP	TFF
Soffic.01G0033720-1G	Orphans	Orphans
Soffic.03G0003690-3A	ARF	TFF
Soffic.08G0006430-8B	PLATZ	TFF
Soffic.01G0030980-1B	OFP	TFF
Soffic.04B0023290-4B	LIM	TFF
Soffic.09G0000420-9A	Orphans	Orphans
Soffic.03G0005350-3A	Alfin-like	TFF
Soffic.07H0006810-7H	TRAF	OTR
Soffic.04G0008440-4F	BES1	TFF
Soffic.05C0015200-5C	Orphans	Orphans
Soffic.06B0020060-6B	AP2-EREBP	TFF
Soffic.08G0005490-8F	NAC	TFF
Soffic.06G0023200-6E	ARF	TFF
Soffic.02G0031170-2B	FAR1	TFF
Soffic.08G0004600-8G	MYB	TFF
Soffic.10C0018900-10C	HB	TFF
Soffic.08E0016160-8E	zf-LSD1	TFF
Soffic.07G0012050-7C	PHD	OTR
Soffic.05G0010960-5G	Sigma70-like	TFF
Soffic.02G0019010-2A	bHLH	TFF
Soffic.01F0043810-1F	AP2-EREBP	TFF
Soffic.06G0025830-6A	ARF	TFF
Soffic.01G0015010-1H	C2C2-Dof	TFF
Soffic.01G0016960-1A	ABI3VP1	TFF
Soffic.03G0029530-3C	WRKY	TFF
Soffic.09G0021050-9D	Orphans	Orphans
Soffic.09G0018470-9D	C2C2-Dof	TFF
Soffic.09G0022250-9F	AP2-EREBP	TFF
Soffic.08G0013550-8A	MYB	TFF
Soffic.04G0031300-4F	Orphans	Orphans
Soffic.03C0039940-3C	WRKY	TFF
Soffic.01G0003660-1A	mTERF	OTR
Soffic.01G0037410-1F	LIM	TFF
Soffic.09G0022760-9F	Orphans	Orphans
Soffic.07B0001200-7B	Orphans	Orphans
Soffic.10G0023150-10C	C3H	TFF
Soffic.08G0016080-8E	WRKY	TFF
Soffic.01C0040050-1C	PAS	TFF
Soffic.01G0035160-1C	Jumonji	OTR
Soffic.03G0035340-3G	SET	OTR
Soffic.01G0040820-1D	Orphans	Orphans
Soffic.01G0005530-1B	bHLH	TFF
Soffic.08H0001800-8H	FAR1	TFF
Soffic.04G0025830-4D	bHLH	TFF
Soffic.03G0011770-3B	MYB	TFF
Soffic.10G0021640-10A	ARF	TFF
Soffic.07G0003690-7C	AP2-EREBP	TFF
Soffic.02E0019740-2E	C2C2-Dof	TFF
Soffic.09G0013860-9H	AP2-EREBP	TFF
Soffic.03F0033380-3F	NAC	TFF
Soffic.04G0017910-4E	Orphans	Orphans
Soffic.05G0000800-5C	C2C2-Dof	TFF
Soffic.07G0016220-7D	AP2-EREBP	TFF
Soffic.02C0003700-2C	TRAF	OTR
Soffic.03G0011300-3G	bHLH	TFF
Soffic.07G0018590-7G	MYB	TFF
Soffic.04G0003210-4G	SBP	TFF
Soffic.08G0017430-8C	NAC	TFF
Soffic.02G0034620-2A	CAMTA	TFF
Soffic.05G0005020-5F	TUB	TFF
Soffic.10G0010010-10B	E2F-DP	TFF
Soffic.03G0035810-3B	NAC	TFF
Soffic.09G0012350-9C	mTERF	OTR
Soffic.04C0006640-4C	C3H	TFF
Soffic.03G0020410-3G	NAC	TFF
Soffic.09G0021460-9F	TUB	TFF
Soffic.01G0012260-1A	bHLH	TFF
Soffic.04G0029350-4E	bHLH	TFF
Soffic.07G0012790-7E	zf-A20	TFF
Soffic.01D0044960-1D	ABI3VP1	TFF
Soffic.02H0035670-2H	C3H	TFF
Soffic.07G0015740-7A	SOH1	OTR
Soffic.03G0009760-3B	C3H	TFF
Soffic.08C0006910-8C	Alfin-like	TFF
Soffic.04D0029030-4D	SWI/SNF-SWI3	OTR
Soffic.05G0013010-5E	AP2-EREBP	TFF
Soffic.10G0018320-10F	MYB-related	TFF
Soffic.03G0022750-3B	Coactivator_p15	OTR
Soffic.08G0017720-8C	MYB	TFF
Soffic.03G0021070-3A	TUB	TFF
Soffic.05G0012970-5F	Orphans	Orphans
Soffic.02G0025080-2G	HMG	OTR
Soffic.02G0022880-2A	GNAT	OTR
Soffic.09C0022830-9C	Orphans	Orphans
Soffic.01G0047270-1C	TIG	TFF
Soffic.01G0004850-1C	AP2-EREBP	TFF
Soffic.03C0020400-3C	Orphans	Orphans
Soffic.02G0008800-2B	Orphans	Orphans
Soffic.09F0010660-9F	GRAS	TFF
Soffic.09A0014680-9A	HB	TFF
Soffic.05G0006210-5G	MYB-related	TFF
Soffic.02G0025730-2C	bZIP	TFF
Soffic.01G0000050-1F	C2H2	TFF
Soffic.03G0023830-3E	MYB-related	TFF
Soffic.01G0014710-1D	C3H	TFF
Soffic.07G0003490-7E	zf-BED	TFF
Soffic.06G0019380-6B	MYB-related	TFF
Soffic.03F0010110-3F	NAC	TFF
Soffic.01G0018400-1C	FHA	TFF
Soffic.04G0004620-4D	MADS	TFF
Soffic.08G0016490-8F	FAR1	TFF
Soffic.10E0026500-10E	HB	TFF
Soffic.01G0031410-1D	SWI/SNF-SWI3	OTR
Soffic.02G0037280-2H	ABI3VP1	TFF
Soffic.04G0017880-4B	DDT	OTR
Soffic.04G0022560-4H	MYB	TFF
Soffic.02H0029860-2H	NAC	TFF
Soffic.04G0001260-4G	zf-BED	TFF
Soffic.04C0026800-4C	C2C2-Dof	TFF
Soffic.04G0020120-4A	Orphans	Orphans
Soffic.10G0017710-10E	bZIP	TFF
Soffic.10G0013810-10G	WRKY	TFF
Soffic.08G0003890-8G	bZIP	TFF
Soffic.08E0005160-8E	C2C2-GATA	TFF
Soffic.09C0016980-9C	OFP	TFF
Soffic.08G0016410-8A	zf-BED	TFF
Soffic.03G0024580-3A	WRKY	TFF
Soffic.10G0003860-10G	zf-MIZ	OTR
Soffic.03G0003300-3G	C2H2	TFF
Soffic.01G0019200-1H	Orphans	Orphans
Soffic.01G0007530-1C	mTERF	OTR
Soffic.04G0034730-4A	MYB-related	TFF
Soffic.08G0017330-8G	bZIP	TFF
Soffic.07G0002000-7F	bHLH	TFF
Soffic.01G0028320-1H	C2H2	TFF
Soffic.10G0001800-10A	GRAS	TFF
Soffic.10G0018370-10G	MYB	TFF
Soffic.02G0027350-2H	FAR1	TFF
Soffic.02G0038470-2A	Orphans	Orphans
Soffic.02G0034170-2B	CCAAT	TFF
Soffic.05G0002910-5G	Orphans	Orphans
Soffic.08G0006830-8H	zf-HD	TFF
Soffic.04G0007270-4D	bZIP	TFF
Soffic.09G0001430-9A	C2C2-Dof	TFF
Soffic.07E0016120-7E	TCP	TFF
Soffic.02G0027010-2F	GRAS	TFF
Soffic.08G0013880-8H	ABI3VP1	TFF
Soffic.07G0006250-7B	PHD	OTR
Soffic.01G0006820-1F	CCAAT	TFF
Soffic.02G0030970-2H	GNAT	OTR
Soffic.03G0014010-3D	SAP	TFF
Soffic.06G0024380-6G	Orphans	Orphans
Soffic.06E0023900-6E	NAC	TFF
Soffic.05G0022070-5C	C2H2	TFF
Soffic.10G0019240-10B	MYB-related	TFF
Soffic.02G0024600-2E	SET	OTR
Soffic.04G0003440-4A	PHD	OTR
Soffic.01G0017060-1A	C2C2-Dof	TFF
Soffic.02G0017790-2B	bHLH	TFF
Soffic.01G0010620-1B	GRAS	TFF
Soffic.06G0024160-6G	FAR1	TFF
Soffic.07G0014560-7G	zf-HD	TFF
Soffic.02G0016530-2A	GNAT	OTR
Soffic.02G0011220-2A	BES1	TFF
Soffic.07F0016660-7F	bHLH	TFF
Soffic.02G0030220-2A	Orphans	Orphans
Soffic.04G0022030-4B	AP2-EREBP	TFF
Soffic.01G0014580-1B	CCAAT	TFF
Soffic.08C0001610-8C	NAC	TFF
Soffic.08G0001870-8A	NAC	TFF
Soffic.03G0024980-3A	Orphans	Orphans
Soffic.09G0018290-9G	MYB	TFF
Soffic.08G0007830-8A	Orphans	Orphans
Soffic.01G0025170-1E	Orphans	Orphans
Soffic.01H0039680-1H	zf-BED	TFF
Soffic.10G0023980-10E	GRAS	TFF
Soffic.01G0037140-1A	Top	TFF
Soffic.04G0028900-4G	mTERF	OTR
Soffic.01F0041860-1F	TRAF	OTR
Soffic.06G0022780-6C	ARF	TFF
Soffic.02G0000650-2G	zf-C5HC2	TFF
Soffic.02F0008060-2F	AP2-EREBP	TFF
Soffic.01G0010260-1A	PHD	OTR
Soffic.09F0018050-9F	CPP	TFF
Soffic.03G0017090-3A	OFP	TFF
Soffic.07G0020620-7C	MYB	TFF
Soffic.06G0017600-6H	MYB	TFF
Soffic.05G0012680-5D	PAS	TFF
Soffic.06H0016040-6H	AP2-EREBP	TFF
Soffic.02G0013740-2D	AP2-EREBP	TFF
Soffic.04G0020710-4F	ARF	TFF
Soffic.04G0019480-4C	MADS	TFF
Soffic.04G0030190-4A	bHLH	TFF
Soffic.02G0005940-2A	bHLH	TFF
Soffic.08H0016350-8H	C2C2-YABBY	TFF
Soffic.03G0000490-3D	MYB	TFF
Soffic.01C0048450-1C	GNAT	OTR
Soffic.02G0020880-2A	HSF	TFF
Soffic.07C0006600-7C	FAR1	TFF
Soffic.10G0002120-10B	BBR/BPC	TFF
Soffic.01G0025080-1D	GNAT	OTR
Soffic.04G0003500-4D	PHD	OTR
Soffic.07G0005640-7D	WRKY	TFF
Soffic.10G0008600-10G	AP2-EREBP	TFF
Soffic.02G0014100-2C	Orphans	Orphans
Soffic.03F0033270-3F	bZIP	TFF
Soffic.01G0023800-1B	FAR1	TFF
Soffic.08G0008330-8B	WRKY	TFF
Soffic.09G0011380-9F	PHD	OTR
Soffic.06G0018490-6G	GRAS	TFF
Soffic.08G0011370-8G	TRAF	OTR
Soffic.02G0027760-2A	CAMTA	TFF
Soffic.04G0007620-4F	bHLH	TFF
Soffic.03G0006710-3H	Trihelix	TFF
Soffic.02G0029590-2C	GRAS	TFF
Soffic.04G0013830-4C	ARID	OTR
Soffic.04G0029590-4E	FAR1	TFF
Soffic.03G0018640-3B	Orphans	Orphans
Soffic.08G0015500-8G	ARF	TFF
Soffic.03G0035180-3D	Orphans	Orphans
Soffic.03G0032600-3E	MYB-related	TFF
Soffic.03G0020750-3B	C3H	TFF
Soffic.10G0017480-10G	GRAS	TFF
Soffic.05E0011180-5E	Sigma70-like	TFF
Soffic.06E0007410-6E	Orphans	Orphans
Soffic.04G0023880-4D	SET	OTR
Soffic.10C0008230-10C	bZIP	TFF
Soffic.01H0044660-1H	bHLH	TFF
Soffic.05G0007720-5H	Top	TFF
Soffic.03G0041040-3E	Top	TFF
Soffic.02G0007390-2E	AP2-EREBP	TFF
Soffic.02G0024010-2D	Pseudo_ARR-B	OTR
Soffic.01D0007170-1D	TRAF	OTR
Soffic.02F0035950-2F	MYB	TFF
Soffic.04G0023920-4C	SET	OTR
Soffic.01D0015180-1D	bZIP	TFF
Soffic.03G0029510-3H	AP2-EREBP	TFF
Soffic.02F0002460-2F	TRAF	OTR
Soffic.03H0035250-3H	AP2-EREBP	TFF
Soffic.01G0003580-1B	C2C2-Dof	TFF
Soffic.05G0009330-5G	MYB	TFF
Soffic.02F0035550-2F	AP2-EREBP	TFF
Soffic.06G0002320-6H	Orphans	Orphans
Soffic.01G0027310-1E	C2C2-Dof	TFF
Soffic.02G0010620-2A	mTERF	OTR
Soffic.03G0029910-3H	PHD	OTR
Soffic.06G0011590-6E	Orphans	Orphans
Soffic.03G0011690-3A	HB	TFF
Soffic.01G0030220-1B	SWI/SNF-SWI3	OTR
Soffic.01G0000720-1G	AP2-EREBP	TFF
Soffic.02B0006780-2B	TRAF	OTR
Soffic.02G0031620-2A	BES1	TFF
Soffic.07G0019990-7A	zf-A20	TFF
Soffic.06B0011440-6B	GNAT	OTR
Soffic.02G0038880-2B	OFP	TFF
Soffic.01G0004730-1G	bZIP	TFF
Soffic.03G0016100-3D	Top	TFF
Soffic.02G0019320-2H	Orphans	Orphans
Soffic.03G0037490-3G	Top	TFF
Soffic.01B0022260-1B	zf-BED	TFF
Soffic.10G0015460-10G	HB	TFF
Soffic.09G0013680-9E	OFP	TFF
Soffic.04H0027680-4H	GeBP	TFF
Soffic.06G0018190-6B	ABI3VP1	TFF
Soffic.01G0039750-1A	bZIP	TFF
Soffic.06G0023410-6B	AP2-EREBP	TFF
Soffic.03G0027760-3D	Orphans	Orphans
Soffic.05G0010910-5F	AP2-EREBP	TFF
Soffic.01H0008810-1H	HB	TFF
Soffic.04G0012040-4G	GeBP	TFF
Soffic.04G0022090-4G	FAR1	TFF
Soffic.04F0026870-4F	mTERF	OTR
Soffic.06G0019430-6D	CSD	TFF
Soffic.02G0016440-2E	NAC	TFF
Soffic.02G0030540-2C	Orphans	Orphans
Soffic.02G0037650-2D	ABI3VP1	TFF
Soffic.01F0016590-1F	Orphans	Orphans
Soffic.03C0037850-3C	GRAS	TFF
Soffic.01G0050000-1B	MYB-related	TFF
Soffic.02C0032830-2C	GRAS	TFF
Soffic.06G0021110-6F	AUX/IAA	OTR
Soffic.09G0006630-9E	NAC	TFF
Soffic.09G0013160-9G	NAC	TFF
Soffic.03G0022470-3G	ABI3VP1	TFF
Soffic.03G0011670-3F	MYB	TFF
Soffic.01C0018280-1C	Jumonji	OTR
Soffic.01H0024830-1H	CCAAT	TFF
Soffic.02D0027190-2D	CAMTA	TFF
Soffic.01B0021450-1B	Orphans	Orphans
Soffic.06G0003130-6A	TCP	TFF
Soffic.09G0002280-9E	Orphans	Orphans
Soffic.04F0032380-4F	NAC	TFF
Soffic.06C0018510-6C	AP2-EREBP	TFF
Soffic.01G0033280-1H	MED26	OTR
Soffic.02G0031050-2D	C2C2-YABBY	TFF
Soffic.06G0010710-6F	zf-HD	TFF
Soffic.05G0006940-5E	NAC	TFF
Soffic.06F0016810-6F	HSF	TFF
Soffic.02G0019080-2H	HSF	TFF
Soffic.08G0013450-8E	GRAS	TFF
Soffic.07G0004240-7E	AP2-EREBP	TFF
Soffic.06D0006960-6D	GRAS	TFF
Soffic.05G0013340-5G	ARF	TFF
Soffic.07G0006120-7D	AP2-EREBP	TFF
Soffic.01G0022850-1E	PHD	OTR
Soffic.04D0026970-4D	BSD	TFF
Soffic.01E0021030-1E	SWI/SNF-BAF60b	OTR
Soffic.05F0002970-5F	GRAS	TFF
Soffic.04B0014140-4B	Orphans	Orphans
Soffic.01H0037080-1H	MYB	TFF
Soffic.08H0015780-8H	ARF	TFF
Soffic.06G0014410-6F	AP2-EREBP	TFF
Soffic.04E0005280-4E	C2C2-CO-like	TFF
Soffic.01G0051820-1D	Orphans	Orphans
Soffic.02G0027630-2F	FAR1	TFF
Soffic.02G0015320-2B	GNAT	OTR
Soffic.07H0003410-7H	Orphans	Orphans
Soffic.03G0011450-3G	WRKY	TFF
Soffic.03G0031830-3C	OFP	TFF
Soffic.07G0014500-7E	SBP	TFF
Soffic.06G0010040-6B	FAR1	TFF
Soffic.06G0008320-6E	SET	OTR
Soffic.02G0027580-2F	PHD	OTR
Soffic.09G0012400-9C	mTERF	OTR
Soffic.08G0005110-8D	C2C2-GATA	TFF
Soffic.07G0004320-7G	bHLH	TFF
Soffic.08C0008420-8C	Jumonji	OTR
Soffic.04G0010060-4D	bZIP	TFF
Soffic.07G0014090-7H	MYB	TFF
Soffic.03D0020660-3D	GRAS	TFF
Soffic.08H0005400-8H	NAC	TFF
Soffic.10G0013870-10G	MADS	TFF
Soffic.03G0039210-3F	MYB	TFF
Soffic.09G0013260-9F	FAR1	TFF
Soffic.01F0018450-1F	Orphans	Orphans
Soffic.05G0020560-5B	MYB	TFF
Soffic.04F0017230-4F	C2H2	TFF
Soffic.03G0002190-3A	BES1	TFF
Soffic.07G0019080-7F	TRAF	OTR
Soffic.04H0020340-4H	FAR1	TFF
Soffic.07G0004970-7G	AP2-EREBP	TFF
Soffic.02G0039260-2B	NAC	TFF
Soffic.05G0018920-5B	MADS	TFF
Soffic.01G0020750-1D	Top	TFF
Soffic.10G0000190-10A	Orphans	Orphans
Soffic.03G0036700-3A	TCP	TFF
Soffic.04G0002610-4F	Orphans	Orphans
Soffic.05H0001760-5H	NAC	TFF
Soffic.02G0012470-2G	DDT	OTR
Soffic.10G0018420-10C	AP2-EREBP	TFF
Soffic.06G0002510-6H	Top	TFF
Soffic.01G0042930-1A	CCAAT	TFF
Soffic.06F0007430-6F	Orphans	Orphans
Soffic.10G0015400-10E	FAR1	TFF
Soffic.04G0022250-4G	Orphans	Orphans
Soffic.04G0014930-4E	bHLH	TFF
Soffic.02E0003740-2E	MADS	TFF
Soffic.09G0017440-9B	TCP	TFF
Soffic.02G0031880-2D	Orphans	Orphans
Soffic.03G0027420-3G	bZIP	TFF
Soffic.07D0006650-7D	NAC	TFF
Soffic.05G0003840-5A	bZIP	TFF
Soffic.08B0001340-8B	MYB	TFF
Soffic.01G0029300-1D	PHD	OTR
Soffic.01H0043670-1H	ABI3VP1	TFF
Soffic.03F0012260-3F	MYB	TFF
Soffic.03E0024740-3E	MYB	TFF
Soffic.10G0005850-10C	TRAF	OTR
Soffic.04B0012120-4B	MYB	TFF
Soffic.05G0006270-5G	NAC	TFF
Soffic.07D0013950-7D	zf-A20	TFF
Soffic.01G0042680-1A	FAR1	TFF
Soffic.08G0009950-8A	MED26	OTR
Soffic.05G0004810-5B	OFP	TFF
Soffic.07G0005690-7A	SET	OTR
Soffic.01G0043140-1C	bHLH	TFF
Soffic.07G0002220-7E	TRAF	OTR
Soffic.10G0003040-10C	NAC	TFF
Soffic.10G0010270-10C	PBF-2-like	TFF
Soffic.09G0014050-9A	AP2-EREBP	TFF
Soffic.06G0007900-6B	AP2-EREBP	TFF
Soffic.01G0026540-1G	Orphans	Orphans
Soffic.08G0006620-8F	NAC	TFF
Soffic.02G0027800-2B	MYB	TFF
Soffic.09G0009430-9A	MADS	TFF
Soffic.04H0029510-4H	MYB-related	TFF
Soffic.04C0031180-4C	AP2-EREBP	TFF
Soffic.03E0003120-3E	Orphans	Orphans
Soffic.03G0034230-3D	SWI/SNF-BAF60b	OTR
Soffic.10G0001300-10C	MYB	TFF
Soffic.01G0046230-1A	GNAT	OTR
Soffic.04G0008170-4A	Orphans	Orphans
Soffic.02G0011770-2G	GRF	TFF
Soffic.10G0013950-10G	Orphans	Orphans
Soffic.03G0012020-3F	Orphans	Orphans
Soffic.03D0038220-3D	MYB-related	TFF
Soffic.06G0008850-6E	Orphans	Orphans
Soffic.05G0001070-5E	TRAF	OTR
Soffic.02G0032090-2F	GRAS	TFF
Soffic.02G0000270-2B	bHLH	TFF
Soffic.02G0032930-2C	FHA	TFF
Soffic.07E0004530-7E	zf-BED	TFF
Soffic.08H0002430-8H	FHA	TFF
Soffic.10E0016440-10E	bZIP	TFF
Soffic.02G0000130-2A	bHLH	TFF
Soffic.08G0001330-8D	GRAS	TFF
Soffic.01G0011420-1F	C2H2	TFF
Soffic.01C0051290-1C	NAC	TFF
Soffic.02G0020620-2D	bHLH	TFF
Soffic.04H0017350-4H	Coactivator_p15	OTR
Soffic.01G0039360-1H	MYB-related	TFF
Soffic.10G0008040-10A	Orphans	Orphans
Soffic.04G0006830-4A	C3H	TFF
Soffic.02G0028300-2A	SBP	TFF
Soffic.04G0020740-4D	zf-BED	TFF
Soffic.01H0021840-1H	TRAF	OTR
Soffic.08G0016470-8A	NAC	TFF
Soffic.09G0015720-9C	Orphans	Orphans
Soffic.03G0026710-3B	Orphans	Orphans
Soffic.03G0034840-3D	TAZ	TFF
Soffic.02G0020240-2C	bHLH	TFF
Soffic.01G0002950-1A	Orphans	Orphans
Soffic.07G0007740-7F	SET	OTR
Soffic.01G0036860-1C	FAR1	TFF
Soffic.08G0004460-8D	OFP	TFF
Soffic.10G0022680-10B	TAZ	TFF
Soffic.01G0031180-1F	Orphans	Orphans
Soffic.04H0022650-4H	NAC	TFF
Soffic.03G0028820-3G	NAC	TFF
Soffic.08G0006480-8G	Orphans	Orphans
Soffic.04G0024980-4E	NAC	TFF
Soffic.01G0026690-1G	HSF	TFF
Soffic.10G0004160-10G	C2H2	TFF
Soffic.01E0047110-1E	Orphans	Orphans
Soffic.01F0019100-1F	TRAF	OTR
Soffic.03G0030430-3E	AP2-EREBP	TFF
Soffic.01G0019420-1H	Orphans	Orphans
Soffic.02G0034700-2A	FAR1	TFF
Soffic.01G0025030-1A	TRAF	OTR
Soffic.08G0009280-8H	FAR1	TFF
Soffic.06G0013370-6D	C2C2-YABBY	TFF
Soffic.01G0017740-1C	ABI3VP1	TFF
Soffic.07G0000180-7C	AUX/IAA	OTR
Soffic.02G0030400-2A	Orphans	Orphans
Soffic.06G0015840-6C	HSF	TFF
Soffic.04G0005430-4D	bZIP	TFF
Soffic.10G0007030-10F	AP2-EREBP	TFF
Soffic.07G0000650-7G	Orphans	Orphans
Soffic.09G0021650-9H	AP2-EREBP	TFF
Soffic.04H0005080-4H	MYB-related	TFF
Soffic.04G0020740-4C	ABI3VP1	TFF
Soffic.01G0016710-1A	FAR1	TFF
Soffic.07G0001730-7D	bHLH	TFF
Soffic.01G0033480-1B	MADS	TFF
Soffic.02D0014860-2D	MYB-related	TFF
Soffic.02G0024630-2C	AP2-EREBP	TFF
Soffic.07G0006880-7E	GNAT	OTR
Soffic.10G0006940-10F	MADS	TFF
Soffic.04G0008310-4G	Top	TFF
Soffic.01G0008850-1B	PHD	OTR
Soffic.09E0019480-9E	C2C2-GATA	TFF
Soffic.02E0028320-2E	FAR1	TFF
Soffic.01G0041290-1A	CCAAT	TFF
Soffic.01G0036570-1E	C2H2	TFF
Soffic.02G0037810-2A	MYB-related	TFF
Soffic.01F0010890-1F	Orphans	Orphans
Soffic.04E0021890-4E	AP2-EREBP	TFF
Soffic.03C0032290-3C	AP2-EREBP	TFF
Soffic.10G0001580-10F	Orphans	Orphans
Soffic.01G0034030-1E	GRAS	TFF
Soffic.08G0002610-8A	MYB	TFF
Soffic.03G0032070-3C	C2C2-Dof	TFF
Soffic.01F0005980-1F	GNAT	OTR
Soffic.07G0006790-7C	TRAF	OTR
Soffic.09G0012670-9H	TRAF	OTR
Soffic.05E0021900-5E	GRAS	TFF
Soffic.07G0018780-7H	bHLH	TFF
Soffic.03G0025730-3A	VOZ	TFF
Soffic.03G0003100-3A	TRAF	OTR
Soffic.03G0032350-3D	MYB	TFF
Soffic.01G0047430-1B	CCAAT	TFF
Soffic.02D0025210-2D	NAC	TFF
Soffic.09G0022590-9A	bZIP	TFF
Soffic.01H0009430-1H	Top	TFF
Soffic.04G0025200-4E	SET	OTR
Soffic.01G0043140-1D	C2H2	TFF
Soffic.02G0008320-2A	BSD	TFF
Soffic.02G0024100-2A	NAC	TFF
Soffic.02F0014960-2F	TRAF	OTR
Soffic.02G0031920-2D	AP2-EREBP	TFF
Soffic.08G0018200-8E	bZIP	TFF
Soffic.02G0025200-2C	SRS	TFF
Soffic.01B0028680-1B	MYB-related	TFF
Soffic.04F0032870-4F	OFP	TFF
Soffic.07G0017040-7A	HSF	TFF
Soffic.05C0015740-5C	MYB	TFF
Soffic.02G0026930-2C	MADS	TFF
Soffic.02G0008970-2A	C2H2	TFF
Soffic.08G0013900-8B	NAC	TFF
Soffic.03G0021400-3A	E2F-DP	TFF
Soffic.04G0028020-4C	bHLH	TFF
Soffic.01F0034920-1F	PAS	TFF
Soffic.01G0051580-1D	TRAF	OTR
Soffic.03G0031620-3C	bZIP	TFF
Soffic.01G0025670-1A	GNAT	OTR
Soffic.04G0026160-4G	SET	OTR
Soffic.02G0008220-2H	BBR/BPC	TFF
Soffic.10G0006330-10G	AP2-EREBP	TFF
Soffic.04G0024180-4D	AP2-EREBP	TFF
Soffic.04G0029550-4B	AP2-EREBP	TFF
Soffic.01G0016450-1D	FAR1	TFF
Soffic.09H0007630-9H	Orphans	Orphans
Soffic.01F0045330-1F	AP2-EREBP	TFF
Soffic.01G0040610-1F	C2C2-YABBY	TFF
Soffic.04G0026680-4E	MYB	TFF
Soffic.06G0001890-6D	ARID	OTR
Soffic.03D0000510-3D	MYB	TFF
Soffic.07E0006820-7E	OFP	TFF
Soffic.05G0012070-5A	Orphans	Orphans
Soffic.08G0004720-8G	C2C2-GATA	TFF
Soffic.10G0017550-10B	bZIP	TFF
Soffic.09G0006210-9B	Orphans	Orphans
Soffic.04G0003490-4C	PAS	TFF
Soffic.03F0007400-3F	MYB-related	TFF
Soffic.02C0004900-2C	Orphans	Orphans
Soffic.03G0032100-3A	MYB	TFF
Soffic.07G0003100-7C	C3H	TFF
Soffic.08E0007440-8E	zf-HD	TFF
Soffic.03B0022370-3B	MYB	TFF
Soffic.01H0005840-1H	Jumonji	OTR
Soffic.05G0000250-5G	FAR1	TFF
Soffic.04G0004920-4A	MADS	TFF
Soffic.10G0015680-10F	zf-A20	TFF
Soffic.01H0020580-1H	AP2-EREBP	TFF
Soffic.04G0031060-4C	bHLH	TFF
Soffic.09G0010530-9A	PHD	OTR
Soffic.03G0028350-3G	NAC	TFF
Soffic.09G0000050-9E	C2C2-GATA	TFF
Soffic.10G0005290-10B	MADS	TFF
Soffic.01G0036080-1E	FAR1	TFF
Soffic.01G0037810-1B	MYB	TFF
Soffic.10G0020700-10A	PAS	TFF
Soffic.03G0009200-3A	C3H	TFF
Soffic.04G0017840-4G	AP2-EREBP	TFF
Soffic.04H0005850-4H	HB	TFF
Soffic.08G0014750-8A	MYB-related	TFF
Soffic.01G0038240-1C	bZIP	TFF
Soffic.10H0014610-10H	bHLH	TFF
Soffic.02G0022420-2E	bZIP	TFF
Soffic.07H0005110-7H	CCAAT	TFF
Soffic.09F0013950-9F	Alfin-like	TFF
Soffic.04G0015410-4G	HSF	TFF
Soffic.09G0018860-9A	TUB	TFF
Soffic.01E0008400-1E	MYB-related	TFF
Soffic.03G0000360-3A	MYB	TFF
Soffic.05G0016020-5H	FAR1	TFF
Soffic.01G0003270-1E	mTERF	OTR
Soffic.01G0024100-1B	SAP	TFF
Soffic.02G0030540-2D	Orphans	Orphans
Soffic.08F0004190-8F	OFP	TFF
Soffic.07H0002570-7H	MYB	TFF
Soffic.02E0038390-2E	MYB	TFF
Soffic.04G0010120-4C	Orphans	Orphans
Soffic.03G0021140-3E	WRKY	TFF
Soffic.03G0011190-3E	bHLH	TFF
Soffic.08D0002490-8D	zf-HD	TFF
Soffic.03G0006040-3B	zf-fF-X1	TFF
Soffic.10G0017910-10A	PLATZ	TFF
Soffic.04G0031120-4C	ARR-B	TFF
Soffic.03G0026070-3D	VOZ	TFF
Soffic.08G0004270-8A	MED26	OTR
Soffic.03G0003010-3C	bHLH	TFF
Soffic.05G0011880-5D	WRKY	TFF
Soffic.09C0017760-9C	Orphans	Orphans
Soffic.02G0032100-2D	HRT	TFF
Soffic.06G0014410-6H	AP2-EREBP	TFF
Soffic.06G0017890-6G	AP2-EREBP	TFF
Soffic.08G0002910-8C	WRKY	TFF
Soffic.03G0039740-3E	bHLH	TFF
Soffic.09G0002850-9B	Orphans	Orphans
Soffic.05G0021410-5B	AP2-EREBP	TFF
Soffic.07G0001960-7H	bHLH	TFF
Soffic.06G0013000-6G	Orphans	Orphans
Soffic.10G0017850-10A	CCAAT	TFF
Soffic.01H0023130-1H	Tify	TFF
Soffic.01E0005610-1E	AUX/IAA	OTR
Soffic.04G0029640-4E	DBP	TFF
Soffic.01H0007470-1H	C2C2-Dof	TFF
Soffic.05E0022120-5E	GRAS	TFF
Soffic.07G0015570-7B	NAC	TFF
Soffic.04D0013560-4D	MADS	TFF
Soffic.03G0035500-3A	ARR-B	TFF
Soffic.03G0018990-3B	WRKY	TFF
Soffic.04G0029430-4C	GeBP	TFF
Soffic.07G0001560-7H	MYB-related	TFF
Soffic.01G0019560-1D	Trihelix	TFF
Soffic.10G0004480-10B	mTERF	OTR
Soffic.01G0013260-1E	MYB	TFF
Soffic.01G0012310-1G	zf-BED	TFF
Soffic.04G0027600-4F	bHLH	TFF
Soffic.04G0019390-4G	bHLH	TFF
Soffic.01G0022280-1B	Orphans	Orphans
Soffic.10G0024590-10A	zf-C5HC2	TFF
Soffic.04G0006880-4D	zf-BED	TFF
Soffic.10H0020650-10H	CCAAT	TFF
Soffic.05G0015260-5H	MADS	TFF
Soffic.09G0013500-9C	Alfin-like	TFF
Soffic.04C0008660-4C	HSF	TFF
Soffic.07G0005220-7C	WRKY	TFF
Soffic.01G0047380-1D	MADS	TFF
Soffic.01G0027450-1H	MED26	OTR
Soffic.10G0015150-10C	AP2-EREBP	TFF
Soffic.10G0009070-10F	NAC	TFF
Soffic.08G0017500-8A	CCAAT	TFF
Soffic.09H0021150-9H	C2C2-GATA	TFF
Soffic.01G0003210-1E	GRAS	TFF
Soffic.03G0003530-3A	WRKY	TFF
Soffic.07G0000130-7A	bHLH	TFF
Soffic.04G0019480-4D	Orphans	Orphans
Soffic.10G0002280-10E	Top	TFF
Soffic.04G0028700-4F	CCAAT	TFF
Soffic.03G0011670-3H	MADS	TFF
Soffic.06G0011340-6G	WRKY	TFF
Soffic.07G0000270-7B	PHD	OTR
Soffic.08G0007310-8C	FAR1	TFF
Soffic.01G0025080-1C	Orphans	Orphans
Soffic.08G0002030-8A	FAR1	TFF
Soffic.01G0002660-1E	Tify	TFF
Soffic.05G0015340-5B	FAR1	TFF
Soffic.02G0032820-2A	C2H2	TFF
Soffic.05D0003450-5D	bZIP	TFF
Soffic.04G0024470-4H	zf-BED	TFF
Soffic.10G0007230-10H	Orphans	Orphans
Soffic.02G0019540-2D	HSF	TFF
Soffic.05G0021830-5C	AP2-EREBP	TFF
Soffic.06G0020060-6C	zf-BED	TFF
Soffic.03G0016630-3A	CCAAT	TFF
Soffic.07G0016980-7C	bZIP	TFF
Soffic.03G0002110-3H	MYB-related	TFF
Soffic.01G0031830-1B	MYB	TFF
Soffic.10G0016220-10A	bZIP	TFF
Soffic.07G0009150-7F	zf-BED	TFF
Soffic.01G0021960-1A	Orphans	Orphans
Soffic.01G0012860-1A	PHD	OTR
Soffic.06H0021670-6H	SWI/SNF-BAF60b	OTR
Soffic.03H0030110-3H	WRKY	TFF
Soffic.03G0030400-3D	WRKY	TFF
Soffic.10H0016850-10H	MBF1	OTR
Soffic.04G0016410-4F	C3H	TFF
Soffic.01C0046220-1C	bZIP	TFF
Soffic.03G0020310-3D	WRKY	TFF
Soffic.10E0003900-10E	CCAAT	TFF
Soffic.04G0003810-4G	HB	TFF
Soffic.02E0026800-2E	Orphans	Orphans
Soffic.04G0004390-4F	SBP	TFF
Soffic.02G0007270-2E	Orphans	Orphans
Soffic.10G0000030-10H	PHD	OTR
Soffic.06G0011190-6C	bZIP	TFF
Soffic.08H0010370-8H	PHD	OTR
Soffic.07G0014250-7F	AP2-EREBP	TFF
Soffic.01G0005150-1A	DDT	OTR
Soffic.07G0021030-7F	MYB	TFF
Soffic.07G0016630-7C	bHLH	TFF
Soffic.09G0006410-9F	bHLH	TFF
Soffic.02E0035240-2E	HSF	TFF
Soffic.03G0012020-3H	MYB	TFF
Soffic.02H0000090-2H	SET	OTR
Soffic.02G0011910-2F	SET	OTR
Soffic.03G0005570-3H	MYB	TFF
Soffic.01G0043720-1A	zf-BED	TFF
Soffic.01C0041930-1C	C2H2	TFF
Soffic.04F0019390-4F	FAR1	TFF
Soffic.07G0016580-7C	bHLH	TFF
Soffic.07G0003930-7C	AP2-EREBP	TFF
Soffic.09G0013810-9G	MYB-related	TFF
Soffic.02G0025610-2B	RWP-RK	TFF
Soffic.06G0007390-6A	FAR1	TFF
Soffic.04F0004860-4F	C2C2-CO-like	TFF
Soffic.01G0024530-1B	AP2-EREBP	TFF
Soffic.10D0013070-10D	mTERF	OTR
Soffic.04D0014510-4D	ARID	OTR
Soffic.10G0009580-10F	MYB-related	TFF
Soffic.09G0017600-9B	C3H	TFF
Soffic.01G0049290-1A	C2C2-Dof	TFF
Soffic.01G0022110-1C	MADS	TFF
Soffic.01G0020130-1H	C2C2-GATA	TFF
Soffic.05H0016660-5H	zf-BED	TFF
Soffic.09G0013340-9B	FAR1	TFF
Soffic.09G0012190-9E	FAR1	TFF
Soffic.04G0021480-4A	TCP	TFF
Soffic.03G0010270-3H	C2H2	TFF
Soffic.03G0029320-3F	SAP	TFF
Soffic.02G0032350-2A	C2H2	TFF
Soffic.09G0018370-9G	Sigma70-like	TFF
Soffic.02G0026630-2A	HMG	OTR
Soffic.02F0025760-2F	NAC	TFF
Soffic.09G0014740-9E	C2H2	TFF
Soffic.09G0007920-9B	GNAT	OTR
Soffic.01G0037480-1A	Orphans	Orphans
Soffic.10G0021820-10A	GRAS	TFF
Soffic.03G0004060-3C	Orphans	Orphans
Soffic.03G0031520-3A	MYB-related	TFF
Soffic.02G0030590-2A	Orphans	Orphans
Soffic.02E0002890-2E	FAR1	TFF
Soffic.03G0029940-3D	NAC	TFF
Soffic.03F0035650-3F	GRAS	TFF
Soffic.09G0009140-9C	AP2-EREBP	TFF
Soffic.03G0024250-3H	zf-BED	TFF
Soffic.06F0021390-6F	MED7	OTR
Soffic.07G0002400-7E	Orphans	Orphans
Soffic.08E0017050-8E	Orphans	Orphans
Soffic.02G0036700-2C	MYB	TFF
Soffic.01G0034860-1A	bHLH	TFF
Soffic.02E0013930-2E	WRKY	TFF
Soffic.08G0001960-8C	NAC	TFF
Soffic.01H0045470-1H	OFP	TFF
Soffic.02G0021480-2D	bZIP	TFF
Soffic.07G0017360-7H	zf-A20	TFF
Soffic.05G0016850-5B	SWI/SNF-BAF60b	OTR
Soffic.04G0011990-4D	Orphans	Orphans
Soffic.08G0001550-8E	GRAS	TFF
Soffic.04G0022890-4D	AP2-EREBP	TFF
Soffic.01E0050640-1E	MYB	TFF
Soffic.06G0015660-6F	AP2-EREBP	TFF
Soffic.03G0011860-3F	zf-BED	TFF
Soffic.03G0022960-3F	zf-BED	TFF
Soffic.07G0004880-7D	Yl1	TFF
Soffic.10G0006500-10E	bHLH	TFF
Soffic.01G0022200-1B	TRAF	OTR
Soffic.03G0030860-3F	WRKY	TFF
Soffic.01G0029810-1D	AP2-EREBP	TFF
Soffic.04E0005420-4E	GNAT	OTR
Soffic.10G0022260-10D	PAS	TFF
Soffic.02G0007290-2H	FAR1	TFF
Soffic.03G0003130-3C	Orphans	Orphans
Soffic.01E0028280-1E	FAR1	TFF
Soffic.04G0018150-4C	DDT	OTR
Soffic.10G0010200-10A	CCAAT	TFF
Soffic.02G0025230-2A	HSF	TFF
Soffic.02G0032180-2D	Orphans	Orphans
Soffic.02G0016490-2D	mTERF	OTR
Soffic.03G0002670-3H	WRKY	TFF
Soffic.04E0026120-4E	bHLH	TFF
Soffic.01G0038790-1C	NAC	TFF
Soffic.01H0023010-1H	Tify	TFF
Soffic.09G0002420-9E	MYB	TFF
Soffic.03G0035980-3A	Orphans	Orphans
Soffic.02G0027090-2E	FAR1	TFF
Soffic.08G0011510-8C	Orphans	Orphans
Soffic.01G0001310-1G	CCAAT	TFF
Soffic.06G0014760-6H	C2H2	TFF
Soffic.07G0010120-7A	MYB-related	TFF
Soffic.03F0005460-3F	CCAAT	TFF
Soffic.01G0023920-1B	Orphans	Orphans
Soffic.04F0028350-4F	FAR1	TFF
Soffic.03G0031790-3C	MYB-related	TFF
Soffic.09G0001430-9E	FAR1	TFF
Soffic.08G0009810-8E	Orphans	Orphans
Soffic.05G0007080-5C	PAS	TFF
Soffic.10B0008590-10B	MYB-related	TFF
Soffic.01G0051490-1D	Orphans	Orphans
Soffic.09G0013580-9C	SWI/SNF-BAF60b	OTR
Soffic.01G0012850-1D	GRAS	TFF
Soffic.02G0034230-2E	MYB	TFF
Soffic.07G0011020-7B	SET	OTR
Soffic.01E0048710-1E	GNAT	OTR
Soffic.09G0020390-9B	Orphans	Orphans
Soffic.03G0000040-3H	WRKY	TFF
Soffic.02G0034420-2C	Alfin-like	TFF
Soffic.08G0004690-8G	C2C2-GATA	TFF
Soffic.03G0023460-3H	Orphans	Orphans
Soffic.04G0028780-4F	MYB-related	TFF
Soffic.06G0018940-6B	Top	TFF
Soffic.03F0037820-3F	TRAF	OTR
Soffic.06G0011510-6F	TAZ	TFF
Soffic.02G0012560-2F	AP2-EREBP	TFF
Soffic.06G0020370-6A	NAC	TFF
Soffic.01H0043860-1H	AP2-EREBP	TFF
Soffic.04H0002610-4H	RWP-RK	TFF
Soffic.02G0035010-2D	bHLH	TFF
Soffic.08G0003680-8H	bZIP	TFF
Soffic.09G0015540-9C	HB	TFF
Soffic.09G0016710-9F	WRKY	TFF
Soffic.04G0006040-4B	HB	TFF
Soffic.02G0027750-2C	MYB	TFF
Soffic.05G0002370-5C	FAR1	TFF
Soffic.07G0008080-7E	Orphans	Orphans
Soffic.03G0001380-3H	Orphans	Orphans
Soffic.04G0005540-4C	GNAT	OTR
Soffic.09G0017060-9H	NOT2_3_5	OTR
Soffic.05G0022100-5E	GRAS	TFF
Soffic.01F0011180-1F	LIM	TFF
Soffic.02G0040430-2B	Orphans	Orphans
Soffic.06C0019230-6C	TRAF	OTR
Soffic.01H0024120-1H	GRAS	TFF
Soffic.10G0016970-10H	Orphans	Orphans
Soffic.07G0013920-7C	ARID	OTR
Soffic.04G0012550-4F	Orphans	Orphans
Soffic.07G0006310-7A	MYB	TFF
Soffic.04G0022700-4A	AP2-EREBP	TFF
Soffic.01G0048040-1A	bHLH	TFF
Soffic.10G0013280-10A	HSF	TFF
Soffic.03F0003550-3F	C2H2	TFF
Soffic.07F0000150-7F	bHLH	TFF
Soffic.07G0019720-7D	FAR1	TFF
Soffic.06G0007770-6C	bHLH	TFF
Soffic.10G0006960-10G	MYB	TFF
Soffic.10E0011220-10E	Top	TFF
Soffic.04G0018560-4D	Orphans	Orphans
Soffic.10G0000110-10H	WRKY	TFF
Soffic.07G0018190-7B	TRAF	OTR
Soffic.03G0009730-3E	NAC	TFF
Soffic.01G0041740-1A	Sigma70-like	TFF
Soffic.03G0029950-3B	Orphans	Orphans
Soffic.03G0011390-3G	MADS	TFF
Soffic.05G0002460-5F	AP2-EREBP	TFF
Soffic.01G0002200-1F	NAC	TFF
Soffic.07G0003270-7B	Top	TFF
Soffic.03G0035450-3B	SBP	TFF
Soffic.01G0050890-1E	Orphans	Orphans
Soffic.08H0001280-8H	TRAF	OTR
Soffic.05G0011040-5B	MYB-related	TFF
Soffic.02G0026900-2A	C2H2	TFF
Soffic.09G0011660-9H	bZIP	TFF
Soffic.02G0036780-2C	GeBP	TFF
Soffic.02G0038040-2C	Orphans	Orphans
Soffic.05G0018350-5H	Orphans	Orphans
Soffic.10G0009450-10H	AP2-EREBP	TFF
Soffic.10H0023650-10H	HMG	OTR
Soffic.01G0030890-1F	MYB-related	TFF
Soffic.01G0017790-1E	AUX/IAA	OTR
Soffic.09E0020310-9E	MYB-related	TFF
Soffic.02G0026500-2A	RWP-RK	TFF
Soffic.01G0006050-1B	Orphans	Orphans
Soffic.05G0018010-5F	MADS	TFF
Soffic.03G0024360-3D	MADS	TFF
Soffic.02C0014060-2C	Orphans	Orphans
Soffic.09G0017120-9H	MYB-related	TFF
Soffic.02E0011280-2E	C2H2	TFF
Soffic.09D0015260-9D	Orphans	Orphans
Soffic.08G0006590-8G	MADS	TFF
Soffic.02H0027070-2H	Orphans	Orphans
Soffic.01G0005560-1E	WRKY	TFF
Soffic.04G0031740-4E	NAC	TFF
Soffic.01G0016390-1C	ABI3VP1	TFF
Soffic.04G0008910-4D	Orphans	Orphans
Soffic.03G0000530-3A	OFP	TFF
Soffic.04F0016150-4F	Coactivator_p15	OTR
Soffic.02G0010740-2C	WRKY	TFF
Soffic.02E0037850-2E	Orphans	Orphans
Soffic.07G0013260-7B	MYB	TFF
Soffic.03G0018950-3A	HSF	TFF
Soffic.08G0017150-8G	bHLH	TFF
Soffic.08D0012120-8D	bZIP	TFF
Soffic.01G0028550-1B	AP2-EREBP	TFF
Soffic.09E0021940-9E	VOZ	TFF
Soffic.03G0021870-3B	DDT	OTR
Soffic.06F0004910-6F	Rcd1-like	OTR
Soffic.04F0007590-4F	C2C2-GATA	TFF
Soffic.09G0013530-9A	SBP	TFF
Soffic.10G0007110-10F	mTERF	OTR
Soffic.04E0023680-4E	bHLH	TFF
Soffic.08G0010500-8B	MYB	TFF
Soffic.02G0001700-2A	FAR1	TFF
Soffic.04G0016630-4A	MYB-related	TFF
Soffic.01G0048250-1D	Tify	TFF
Soffic.10G0000650-10D	MYB-related	TFF
Soffic.06G0013770-6H	C2C2-YABBY	TFF
Soffic.09G0008100-9G	NAC	TFF
Soffic.05G0000330-5H	SAP	TFF
Soffic.06G0011400-6A	NAC	TFF
Soffic.07H0016040-7H	NAC	TFF
Soffic.03G0035010-3A	Orphans	Orphans
Soffic.04G0002140-4C	FAR1	TFF
Soffic.01D0024200-1D	TRAF	OTR
Soffic.09G0006630-9A	WRKY	TFF
Soffic.09G0018850-9D	Orphans	Orphans
Soffic.03G0037940-3B	bHLH	TFF
Soffic.10G0022600-10B	C3H	TFF
Soffic.01G0036730-1B	WRKY	TFF
Soffic.01B0027700-1B	PLATZ	TFF
Soffic.05G0010720-5D	FHA	TFF
Soffic.06G0007820-6B	Orphans	Orphans
Soffic.02G0031800-2C	AP2-EREBP	TFF
Soffic.04E0009400-4E	bHLH	TFF
Soffic.01F0005900-1F	Orphans	Orphans
Soffic.10D0007750-10D	MYB	TFF
Soffic.08D0012060-8D	Orphans	Orphans
Soffic.02H0027010-2H	SBP	TFF
Soffic.02E0010100-2E	bZIP	TFF
Soffic.07G0018700-7H	bHLH	TFF
Soffic.10G0016570-10G	AUX/IAA	OTR
Soffic.07G0014900-7A	bZIP	TFF
Soffic.03G0026460-3B	NAC	TFF
Soffic.09G0013010-9C	MYB-related	TFF
Soffic.09F0015710-9F	bHLH	TFF
Soffic.03G0018870-3A	WRKY	TFF
Soffic.05G0012650-5G	PAS	TFF
Soffic.10G0010020-10G	AP2-EREBP	TFF
Soffic.03G0027440-3H	Orphans	Orphans
Soffic.07H0011320-7H	TRAF	OTR
Soffic.09G0018570-9D	Orphans	Orphans
Soffic.06G0016070-6D	ABI3VP1	TFF
Soffic.04G0023570-4G	Orphans	Orphans
Soffic.08G0007120-8A	bHLH	TFF
Soffic.10H0022770-10H	MYB-related	TFF
Soffic.04G0004880-4E	MADS	TFF
Soffic.08G0005200-8B	Orphans	Orphans
Soffic.10G0021290-10F	Orphans	Orphans
Soffic.02E0004180-2E	NAC	TFF
Soffic.01G0017000-1G	Orphans	Orphans
Soffic.08G0006790-8H	MADS	TFF
Soffic.06G0008320-6A	bHLH	TFF
Soffic.03G0034970-3B	C3H	TFF
Soffic.10C0015030-10C	BES1	TFF
Soffic.04H0015330-4H	AP2-EREBP	TFF
Soffic.03G0018600-3G	Top	TFF
Soffic.02G0023210-2H	Orphans	Orphans
Soffic.03G0005160-3B	Orphans	Orphans
Soffic.09G0003120-9C	MADS	TFF
Soffic.04G0007590-4G	zf-BED	TFF
Soffic.01G0005190-1B	DDT	OTR
Soffic.06G0008970-6A	ARF	TFF
Soffic.01D0023540-1D	E2F-DP	TFF
Soffic.01H0023070-1H	Tify	TFF
Soffic.02G0014390-2B	CCAAT	TFF
Soffic.02G0030000-2F	Orphans	Orphans
Soffic.03G0015890-3C	Orphans	Orphans
Soffic.01G0045760-1H	E2F-DP	TFF
Soffic.03F0017700-3F	Orphans	Orphans
Soffic.05G0005060-5C	OFP	TFF
Soffic.06H0015810-6H	C2C2-Dof	TFF
Soffic.01G0051900-1D	bHLH	TFF
Soffic.03G0030330-3B	MYB-related	TFF
Soffic.10G0019860-10C	PLATZ	TFF
Soffic.10F0003490-10F	BBR/BPC	TFF
Soffic.10G0025380-10C	HMG	OTR
Soffic.06E0016060-6E	AP2-EREBP	TFF
Soffic.07G0002710-7G	bHLH	TFF
Soffic.02E0008550-2E	AP2-EREBP	TFF
Soffic.03G0029190-3C	WRKY	TFF
Soffic.01F0041670-1F	MYB	TFF
Soffic.03F0020910-3F	C3H	TFF
Soffic.01G0016440-1B	MYB	TFF
Soffic.01G0033380-1E	MYB-related	TFF
Soffic.07E0012690-7E	MYB-related	TFF
Soffic.02G0023830-2D	Orphans	Orphans
Soffic.04E0008960-4E	Orphans	Orphans
Soffic.09C0014440-9C	MYB-related	TFF
Soffic.06G0024070-6C	C2C2-Dof	TFF
Soffic.07G0019160-7B	mTERF	OTR
Soffic.03G0005140-3A	MYB-related	TFF
Soffic.06G0018780-6F	TRAF	OTR
Soffic.01G0012510-1D	HB	TFF
Soffic.09G0015710-9G	GRAS	TFF
Soffic.08G0000260-8A	PAS	TFF
Soffic.05G0004970-5H	FHA	TFF
Soffic.08G0005510-8A	MYB	TFF
Soffic.02G0011550-2B	Orphans	Orphans
Soffic.01G0042020-1G	AP2-EREBP	TFF
Soffic.03E0012400-3E	OFP	TFF
Soffic.06G0021990-6D	ARF	TFF
Soffic.04G0009850-4B	MADS	TFF
Soffic.01D0048140-1D	AP2-EREBP	TFF
Soffic.04G0002390-4G	BES1	TFF
Soffic.06G0009730-6C	C2H2	TFF
Soffic.07G0003500-7A	C3H	TFF
Soffic.02G0002080-2F	AP2-EREBP	TFF
Soffic.07G0018950-7C	AP2-EREBP	TFF
Soffic.09H0020760-9H	C3H	TFF
Soffic.05G0016910-5B	Orphans	Orphans
Soffic.03G0020800-3C	C2C2-GATA	TFF
Soffic.03G0033590-3D	MYB	TFF
Soffic.01E0033570-1E	MYB-related	TFF
Soffic.07G0018130-7G	Orphans	Orphans
Soffic.01E0049010-1E	bHLH	TFF
Soffic.03G0028810-3D	bZIP	TFF
Soffic.02G0000130-2E	NAC	TFF
Soffic.07G0013310-7C	FAR1	TFF
Soffic.04H0025870-4H	Orphans	Orphans
Soffic.01G0017310-1D	NAC	TFF
Soffic.05G0021520-5E	C2H2	TFF
Soffic.05G0000410-5G	NAC	TFF
Soffic.03G0003810-3G	bZIP	TFF
Soffic.03G0015280-3C	Orphans	Orphans
Soffic.01G0034910-1D	HSF	TFF
Soffic.09H0011020-9H	GRAS	TFF
Soffic.10G0016410-10C	MBF1	OTR
Soffic.01G0003370-1H	mTERF	OTR
Soffic.02G0003600-2C	MADS	TFF
Soffic.08G0012360-8G	GRAS	TFF
Soffic.04G0007340-4E	MYB	TFF
Soffic.09G0009220-9D	FHA	TFF
Soffic.01G0015480-1F	FHA	TFF
Soffic.08G0011970-8D	Orphans	Orphans
Soffic.05G0012330-5G	SBP	TFF
Soffic.05B0010180-5B	AP2-EREBP	TFF
Soffic.10D0025140-10D	bHLH	TFF
Soffic.08G0002840-8B	GRAS	TFF
Soffic.03G0006370-3D	MED26	OTR
Soffic.03G0034420-3A	MADS	TFF
Soffic.01G0007470-1F	zf-BED	TFF
Soffic.10G0014840-10F	FAR1	TFF
Soffic.01E0027900-1E	Tify	TFF
Soffic.06G0022840-6C	MYB-related	TFF
Soffic.06G0009730-6D	MYB-related	TFF
Soffic.02F0000150-2F	MADS	TFF
Soffic.05G0022490-5C	GRAS	TFF
Soffic.02G0036660-2H	AP2-EREBP	TFF
Soffic.10G0006670-10D	ARR-B	TFF
Soffic.03G0018020-3A	GNAT	OTR
Soffic.02G0016500-2C	AP2-EREBP	TFF
Soffic.01G0023260-1D	Orphans	Orphans
Soffic.04G0008080-4C	C2H2	TFF
Soffic.10G0008380-10E	NAC	TFF
Soffic.10G0017590-10G	zf-A20	TFF
Soffic.09F0016850-9F	OFP	TFF
Soffic.01G0032920-1H	MYB	TFF
Soffic.09G0020500-9A	Sigma70-like	TFF
Soffic.01G0002550-1E	C2C2-GATA	TFF
Soffic.06G0016820-6D	Top	TFF
Soffic.02G0018650-2A	C2H2	TFF
Soffic.04E0010500-4E	FAR1	TFF
Soffic.06C0020930-6C	bHLH	TFF
Soffic.08G0013710-8C	C2H2	TFF
Soffic.06G0022160-6F	C3H	TFF
Soffic.01G0008750-1G	Orphans	Orphans
Soffic.01G0016710-1E	FAR1	TFF
Soffic.01G0016340-1A	zf-LSD1	TFF
Soffic.07G0008890-7B	MBF1	OTR
Soffic.09G0021420-9D	Sigma70-like	TFF
Soffic.06G0018630-6G	ABI3VP1	TFF
Soffic.04H0028700-4H	zf-BED	TFF
Soffic.04G0019030-4F	bHLH	TFF
Soffic.04A0006490-4A	MYB	TFF
Soffic.03G0024130-3A	ABI3VP1	TFF
Soffic.08G0014680-8F	Orphans	Orphans
Soffic.01C0040730-1C	PHD	OTR
Soffic.06E0015400-6E	TUB	TFF
Soffic.10G0024970-10G	bHLH	TFF
Soffic.01G0007360-1C	Orphans	Orphans
Soffic.10G0013440-10E	MADS	TFF
Soffic.07E0011280-7E	TRAF	OTR
Soffic.09D0016550-9D	MYB-related	TFF
Soffic.04G0029480-4E	ARR-B	TFF
Soffic.08G0009960-8D	MADS	TFF
Soffic.08G0016070-8F	CCAAT	TFF
Soffic.07G0010620-7E	Yl1	TFF
Soffic.07G0020290-7E	bZIP	TFF
Soffic.09G0014800-9A	MYB	TFF
Soffic.07G0014330-7G	zf-A20	TFF
Soffic.03G0028720-3B	SET	OTR
Soffic.02G0027900-2F	Orphans	Orphans
Soffic.02E0005700-2E	TRAF	OTR
Soffic.07G0007390-7A	MADS	TFF
Soffic.07G0016130-7D	C2H2	TFF
Soffic.07G0005170-7F	FAR1	TFF
Soffic.01G0001110-1A	HSF	TFF
Soffic.04G0006080-4G	SBP	TFF
Soffic.01G0018430-1A	GRAS	TFF
Soffic.07G0017180-7F	RB	OTR
Soffic.09F0016970-9F	WRKY	TFF
Soffic.04E0024800-4E	Orphans	Orphans
Soffic.01C0029320-1C	Orphans	Orphans
Soffic.09F0021760-9F	AP2-EREBP	TFF
Soffic.03D0008980-3D	bHLH	TFF
Soffic.05G0019800-5C	zf-BED	TFF
Soffic.01G0007350-1E	bHLH	TFF
Soffic.03G0038040-3A	TRAF	OTR
Soffic.02G0021210-2G	C2H2	TFF
Soffic.04G0029910-4H	Orphans	Orphans
Soffic.04G0021640-4A	AP2-EREBP	TFF
Soffic.09G0020210-9B	AP2-EREBP	TFF
Soffic.08H0011720-8H	Orphans	Orphans
Soffic.01G0049450-1H	RWP-RK	TFF
Soffic.04G0018810-4E	GRF	TFF
Soffic.06G0003250-6F	ABI3VP1	TFF
Soffic.10G0022790-10A	FAR1	TFF
Soffic.01H0006580-1H	Orphans	Orphans
Soffic.01C0021510-1C	FAR1	TFF
Soffic.01G0044300-1H	GNAT	OTR
Soffic.02H0035750-2H	TRAF	OTR
Soffic.09G0018570-9C	AUX/IAA	OTR
Soffic.01G0029160-1D	MED26	OTR
Soffic.08G0004710-8C	bZIP	TFF
Soffic.07G0006470-7B	TRAF	OTR
Soffic.09G0010160-9G	Orphans	Orphans
Soffic.09G0001150-9B	Orphans	Orphans
Soffic.02G0017240-2B	MYB	TFF
Soffic.01H0041270-1H	GNAT	OTR
Soffic.03G0025870-3F	C2C2-GATA	TFF
Soffic.03G0010740-3A	MYB-related	TFF
Soffic.03D0019760-3D	Orphans	Orphans
Soffic.01E0008140-1E	MYB-related	TFF
Soffic.05G0001820-5A	C3H	TFF
Soffic.06G0010880-6D	C2C2-CO-like	TFF
Soffic.05G0011570-5G	FHA	TFF
Soffic.01D0008770-1D	SWI/SNF-BAF60b	OTR
Soffic.10G0019170-10C	Orphans	Orphans
Soffic.01G0010790-1B	CCAAT	TFF
Soffic.10G0005050-10F	AP2-EREBP	TFF
Soffic.06G0007580-6B	bHLH	TFF
Soffic.02A0018510-2A	MYB	TFF
Soffic.01G0035100-1B	Jumonji	OTR
Soffic.01G0000770-1D	Sigma70-like	TFF
Soffic.02G0026390-2B	AP2-EREBP	TFF
Soffic.09G0012270-9G	mTERF	OTR
Soffic.09G0001690-9A	MYB	TFF
Soffic.03G0035530-3D	GRAS	TFF
Soffic.09G0023630-9A	WRKY	TFF
Soffic.01E0003410-1E	Orphans	Orphans
Soffic.01G0039100-1H	Top	TFF
Soffic.01G0017750-1B	TFIID	TFF
Soffic.10G0017300-10B	bZIP	TFF
Soffic.05G0002830-5A	GRAS	TFF
Soffic.06G0015850-6B	MYB	TFF
Soffic.08G0014750-8E	ABI3VP1	TFF
Soffic.06F0018630-6F	Orphans	Orphans
Soffic.02G0034030-2B	Alfin-like	TFF
Soffic.10G0006340-10C	MYB-related	TFF
Soffic.01G0041050-1E	OFP	TFF
Soffic.01H0000370-1H	MYB	TFF
Soffic.01G0042550-1G	AP2-EREBP	TFF
Soffic.03G0032440-3A	CCAAT	TFF
Soffic.07G0003440-7C	FAR1	TFF
Soffic.03G0026180-3A	TCP	TFF
Soffic.10G0024410-10C	Orphans	Orphans
Soffic.01G0032370-1H	zf-LSD1	TFF
Soffic.04G0008850-4C	BES1	TFF
Soffic.02G0032600-2C	HRT	TFF
Soffic.01G0007440-1D	TCP	TFF
Soffic.07G0007880-7H	FAR1	TFF
Soffic.05G0002310-5D	TRAF	OTR
Soffic.02F0008240-2F	C2H2	TFF
Soffic.08E0016450-8E	ARF	TFF
Soffic.07C0020440-7C	CCAAT	TFF
Soffic.08G0015150-8A	TAZ	TFF
Soffic.04G0028150-4A	Top	TFF
Soffic.10G0001380-10C	MYB	TFF
Soffic.03C0023350-3C	WRKY	TFF
Soffic.01H0023820-1H	bHLH	TFF
Soffic.03G0011190-3A	MADS	TFF
Soffic.01G0024210-1D	TRAF	OTR
Soffic.10G0001160-10C	HB	TFF
Soffic.01G0021650-1A	FHA	TFF
Soffic.02G0019160-2B	PHD	OTR
Soffic.04G0005690-4C	HB	TFF
Soffic.06G0000440-6D	MYB-related	TFF
Soffic.04G0029570-4H	Orphans	Orphans
Soffic.02G0002220-2A	Orphans	Orphans
Soffic.03G0003490-3D	WRKY	TFF
Soffic.09G0012720-9A	OFP	TFF
Soffic.10G0023560-10G	C3H	TFF
Soffic.06H0007370-6H	ARF	TFF
Soffic.03F0014020-3F	SAP	TFF
Soffic.10G0020580-10E	Orphans	Orphans
Soffic.10G0021740-10B	Orphans	Orphans
Soffic.01G0032900-1B	SAP	TFF
Soffic.01G0047940-1B	SET	OTR
Soffic.02G0033660-2B	C2H2	TFF
Soffic.10G0024080-10H	MADS	TFF
Soffic.06G0025420-6C	SET	OTR
Soffic.01G0013750-1A	C3H	TFF
Soffic.09G0021030-9B	C2C2-GATA	TFF
Soffic.03H0022330-3H	MYB	TFF
Soffic.05G0015820-5C	ABI3VP1	TFF
Soffic.01G0018540-1E	Jumonji	OTR
Soffic.01G0022030-1D	Orphans	Orphans
Soffic.09G0013660-9G	AP2-EREBP	TFF
Soffic.01G0049120-1C	GNAT	OTR
Soffic.03F0026550-3F	VOZ	TFF
Soffic.01G0013260-1A	TCP	TFF
Soffic.01H0022480-1H	C2C2-Dof	TFF
Soffic.02G0003650-2G	zf-A20	TFF
Soffic.06G0002190-6D	MYB	TFF
Soffic.03H0017820-3H	ABI3VP1	TFF
Soffic.01G0039790-1B	SART-1	OTR
Soffic.09G0006960-9G	Orphans	Orphans
Soffic.07G0010910-7G	RWP-RK	TFF
Soffic.03G0006000-3G	MYB-related	TFF
Soffic.05G0007970-5D	AUX/IAA	OTR
Soffic.04G0014630-4D	Orphans	Orphans
Soffic.09G0002810-9H	HB	TFF
Soffic.01G0015140-1H	MADS	TFF
Soffic.06G0020390-6H	AP2-EREBP	TFF
Soffic.07G0019810-7B	SWI/SNF-BAF60b	OTR
Soffic.02G0036910-2B	C3H	TFF
Soffic.03G0011540-3E	Orphans	Orphans
Soffic.06G0016930-6A	bHLH	TFF
Soffic.06G0008120-6G	SWI/SNF-BAF60b	OTR
Soffic.05G0004540-5D	AP2-EREBP	TFF
Soffic.02G0035010-2C	FAR1	TFF
Soffic.01C0052440-1C	Top	TFF
Soffic.05G0018410-5E	bHLH	TFF
Soffic.09G0015540-9D	C2H2	TFF
Soffic.03G0017410-3A	zf-BED	TFF
Soffic.03G0001200-3E	SET	OTR
Soffic.01G0032190-1G	Orphans	Orphans
Soffic.06G0023120-6D	Top	TFF
Soffic.06G0006060-6C	MADS	TFF
Soffic.08F0004540-8F	TUB	TFF
Soffic.02G0030190-2D	MYB	TFF
Soffic.09G0008560-9C	AP2-EREBP	TFF
Soffic.05G0012470-5H	PAS	TFF
Soffic.08G0003200-8G	C2H2	TFF
Soffic.10E0003820-10E	TRAF	OTR
Soffic.01G0002660-1A	FAR1	TFF
Soffic.03F0032020-3F	C2H2	TFF
Soffic.03G0017230-3G	Orphans	Orphans
Soffic.02G0015160-2H	AP2-EREBP	TFF
Soffic.07G0006620-7D	NAC	TFF
Soffic.03G0036560-3F	Orphans	Orphans
Soffic.07G0005210-7G	bZIP	TFF
Soffic.07G0013880-7C	MYB	TFF
Soffic.01G0030440-1G	AP2-EREBP	TFF
Soffic.01G0039040-1A	WRKY	TFF
Soffic.02G0000070-2A	NAC	TFF
Soffic.01G0028430-1D	bHLH	TFF
Soffic.06G0011220-6A	NAC	TFF
Soffic.05G0009760-5H	mTERF	OTR
Soffic.04G0030640-4D	AP2-EREBP	TFF
Soffic.05G0022180-5A	GRAS	TFF
Soffic.03G0015860-3B	C3H	TFF
Soffic.10G0018760-10B	WRKY	TFF
Soffic.10A0005060-10A	AP2-EREBP	TFF
Soffic.08G0013770-8C	Orphans	Orphans
Soffic.07G0013050-7C	zf-HD	TFF
Soffic.06G0007010-6B	bHLH	TFF
Soffic.04G0011640-4D	CPP	TFF
Soffic.06G0003450-6B	Orphans	Orphans
Soffic.09G0015400-9A	NAC	TFF
Soffic.04G0020370-4C	AP2-EREBP	TFF
Soffic.10G0011060-10B	C2C2-CO-like	TFF
Soffic.01G0032880-1F	bZIP	TFF
Soffic.04G0003630-4D	HB	TFF
Soffic.03G0011270-3G	MYB	TFF
Soffic.02F0034250-2F	FAR1	TFF
Soffic.06G0017930-6H	MYB-related	TFF
Soffic.03G0030270-3G	Orphans	Orphans
Soffic.07G0015840-7C	bZIP	TFF
Soffic.05G0018980-5H	C2C2-Dof	TFF
Soffic.09G0013980-9D	FAR1	TFF
Soffic.10G0015710-10H	HSF	TFF
Soffic.04G0014350-4C	GRAS	TFF
Soffic.03G0004470-3B	bZIP	TFF
Soffic.02G0006370-2A	PHD	OTR
Soffic.06G0002990-6E	Orphans	Orphans
Soffic.08G0007970-8G	Jumonji	OTR
Soffic.01G0009050-1G	PAS	TFF
Soffic.03G0038420-3G	SET	OTR
Soffic.04G0025660-4H	SET	OTR
Soffic.04E0032790-4E	bZIP	TFF
Soffic.03B0008410-3B	zf-BED	TFF
Soffic.05G0015180-5E	SGT1	OTR
Soffic.02G0030430-2D	FAR1	TFF
Soffic.03G0029380-3B	WRKY	TFF
Soffic.05G0018630-5H	PAS	TFF
Soffic.03G0022250-3G	MYB-related	TFF
Soffic.01F0003720-1F	Alfin-like	TFF
Soffic.08G0002370-8G	GRAS	TFF
Soffic.06H0007520-6H	MADS	TFF
Soffic.06G0011080-6H	bZIP	TFF
Soffic.06E0020900-6E	bHLH	TFF
Soffic.05G0005310-5E	bHLH	TFF
Soffic.06G0023920-6E	ABI3VP1	TFF
Soffic.01G0053700-1D	Trihelix	TFF
Soffic.02G0036200-2A	TRAF	OTR
Soffic.01G0025430-1H	SBP	TFF
Soffic.01F0016480-1F	Orphans	Orphans
Soffic.02G0004240-2A	AP2-EREBP	TFF
Soffic.09G0019890-9E	CCAAT	TFF
Soffic.10G0016660-10D	DBP	TFF
Soffic.04G0018150-4D	C2H2	TFF
Soffic.02G0002320-2H	GNAT	OTR
Soffic.02G0032180-2C	C2H2	TFF
Soffic.01G0009110-1A	GNAT	OTR
Soffic.03G0023620-3A	ABI3VP1	TFF
Soffic.10G0017810-10F	SBP	TFF
Soffic.02G0015890-2A	WRKY	TFF
Soffic.01G0013240-1B	GRF	TFF
Soffic.05G0001530-5D	NAC	TFF
Soffic.01G0044080-1B	ABI3VP1	TFF
Soffic.06G0017060-6B	C2H2	TFF
Soffic.05G0005610-5G	FAR1	TFF
Soffic.02G0026980-2E	Orphans	Orphans
Soffic.01G0015110-1C	bHLH	TFF
Soffic.02G0020120-2D	bHLH	TFF
Soffic.09G0001030-9F	GRAS	TFF
Soffic.01G0038790-1D	MYB	TFF
Soffic.09E0002140-9E	AP2-EREBP	TFF
Soffic.10G0010870-10H	FAR1	TFF
Soffic.03E0038770-3E	CCAAT	TFF
Soffic.03F0003160-3F	C2C2-Dof	TFF
Soffic.01F0012420-1F	MYB	TFF
Soffic.08G0005820-8H	MYB	TFF
Soffic.01H0005790-1H	Orphans	Orphans
Soffic.01G0010080-1C	PAS	TFF
Soffic.06G0017940-6H	GRF	TFF
Soffic.03G0012120-3D	bHLH	TFF
Soffic.09G0005770-9H	ABI3VP1	TFF
Soffic.02G0017430-2F	C2H2	TFF
Soffic.04G0032670-4F	Orphans	Orphans
Soffic.08G0008350-8D	Orphans	Orphans
Soffic.09G0002410-9B	FAR1	TFF
Soffic.04G0029070-4A	AP2-EREBP	TFF
Soffic.06G0009060-6A	Orphans	Orphans
Soffic.10G0021240-10E	ARF	TFF
Soffic.04G0034620-4D	C2H2	TFF
Soffic.09G0022600-9C	Sigma70-like	TFF
Soffic.02G0015920-2A	WRKY	TFF
Soffic.02G0022520-2E	TCP	TFF
Soffic.01G0026660-1E	Orphans	Orphans
Soffic.06G0007150-6D	Orphans	Orphans
Soffic.03G0032940-3E	MYB	TFF
Soffic.04G0028220-4G	E2F-DP	TFF
Soffic.05G0002280-5D	GRAS	TFF
Soffic.08B0001560-8B	NAC	TFF
Soffic.03H0026670-3H	BSD	TFF
Soffic.03E0017020-3E	mTERF	OTR
Soffic.02G0021490-2D	EIL	TFF
Soffic.01G0036040-1C	NAC	TFF
Soffic.03G0008180-3H	bHLH	TFF
Soffic.06G0006780-6D	AP2-EREBP	TFF
Soffic.01G0011050-1F	FAR1	TFF
Soffic.02F0020040-2F	bHLH	TFF
Soffic.02E0036820-2E	ABI3VP1	TFF
Soffic.06G0020870-6H	AP2-EREBP	TFF
Soffic.02G0031250-2G	C2H2	TFF
Soffic.02G0010250-2G	MYB	TFF
Soffic.02G0018390-2C	bHLH	TFF
Soffic.07G0003480-7A	zf-LSD1	TFF
Soffic.04G0024770-4G	AP2-EREBP	TFF
Soffic.09G0006940-9D	MADS	TFF
Soffic.01G0016870-1D	CPP	TFF
Soffic.05G0007530-5F	FAR1	TFF
Soffic.09G0013590-9C	NAC	TFF
Soffic.03F0017620-3F	PHD	OTR
Soffic.03G0030260-3F	MYB	TFF
Soffic.02G0004230-2A	AP2-EREBP	TFF
Soffic.09G0020380-9B	Orphans	Orphans
Soffic.02G0000710-2G	zf-C5HC2	TFF
Soffic.01G0036780-1G	C2H2	TFF
Soffic.10G0022580-10E	AP2-EREBP	TFF
Soffic.05G0005730-5A	MYB	TFF
Soffic.04G0022290-4D	ARF	TFF
Soffic.02G0036050-2E	Orphans	Orphans
Soffic.05G0015670-5F	Orphans	Orphans
Soffic.05G0006630-5D	zf-HD	TFF
Soffic.07G0019180-7D	bHLH	TFF
Soffic.09B0006680-9B	MYB-related	TFF
Soffic.08G0017590-8A	C2C2-YABBY	TFF
Soffic.01G0037090-1F	Orphans	Orphans
Soffic.07F0019330-7F	SBP	TFF
Soffic.09G0010720-9A	GRAS	TFF
Soffic.07G0012510-7G	ABI3VP1	TFF
Soffic.02G0017290-2G	C2H2	TFF
Soffic.03E0011240-3E	AUX/IAA	OTR
Soffic.09G0002830-9C	Orphans	Orphans
Soffic.03G0013950-3H	FHA	TFF
Soffic.01F0008110-1F	MYB	TFF
Soffic.03G0017860-3C	Orphans	Orphans
Soffic.09G0002240-9D	MYB	TFF
Soffic.04G0030710-4B	DBP	TFF
Soffic.04B0014070-4B	zf-A20	TFF
Soffic.03D0000410-3D	AUX/IAA	OTR
Soffic.04D0023210-4D	C2C2-YABBY	TFF
Soffic.05G0019230-5E	MADS	TFF
Soffic.05G0019420-5C	bHLH	TFF
Soffic.07G0020570-7B	CCAAT	TFF
Soffic.06G0010410-6G	MADS	TFF
Soffic.08H0000690-8H	Orphans	Orphans
Soffic.02G0004170-2B	mTERF	OTR
Soffic.01G0046120-1A	Orphans	Orphans
Soffic.05G0012000-5F	GRAS	TFF
Soffic.03G0031780-3C	NAC	TFF
Soffic.07G0008840-7G	zf-BED	TFF
Soffic.02G0030350-2E	C2C2-YABBY	TFF
Soffic.01F0021140-1F	GRAS	TFF
Soffic.03H0031550-3H	GRAS	TFF
Soffic.06G0002470-6F	Top	TFF
Soffic.10G0011050-10E	PHD	OTR
Soffic.01G0026810-1A	Tify	TFF
Soffic.02E0022580-2E	AP2-EREBP	TFF
Soffic.01G0012420-1G	NOT2_3_5	OTR
Soffic.10G0009080-10D	mTERF	OTR
Soffic.04G0031230-4D	MYB	TFF
Soffic.07G0013890-7D	MYB-related	TFF
Soffic.01F0005480-1F	NAC	TFF
Soffic.02G0014430-2D	C2H2	TFF
Soffic.03G0007190-3B	FAR1	TFF
Soffic.08G0014910-8D	WRKY	TFF
Soffic.07G0018180-7B	TRAF	OTR
Soffic.07E0011310-7E	RWP-RK	TFF
Soffic.01B0021020-1B	C2C2-GATA	TFF
Soffic.08G0015120-8F	WRKY	TFF
Soffic.02H0003970-2H	AP2-EREBP	TFF
Soffic.06E0022500-6E	AP2-EREBP	TFF
Soffic.01G0015130-1H	MADS	TFF
Soffic.08G0014510-8D	ABI3VP1	TFF
Soffic.06G0012310-6C	MYB-related	TFF
Soffic.10C0014150-10C	WRKY	TFF
Soffic.07G0012800-7C	zf-BED	TFF
Soffic.02G0024170-2F	HSF	TFF
Soffic.03G0009410-3B	GeBP	TFF
Soffic.01G0048510-1D	AP2-EREBP	TFF
Soffic.09G0001660-9G	MYB	TFF
Soffic.02F0028430-2F	AP2-EREBP	TFF
Soffic.06C0008340-6C	FHA	TFF
Soffic.01G0053520-1A	NAC	TFF
Soffic.03H0024570-3H	OFP	TFF
Soffic.03G0009170-3G	C3H	TFF
Soffic.07G0002530-7D	MYB	TFF
Soffic.01G0024550-1C	OFP	TFF
Soffic.01G0024130-1G	GRAS	TFF
Soffic.02F0010250-2F	AP2-EREBP	TFF
Soffic.09G0021040-9B	C2C2-GATA	TFF
Soffic.02G0038030-2D	MYB	TFF
Soffic.05G0008650-5E	zf-HD	TFF
Soffic.05G0016610-5G	ARF	TFF
Soffic.01G0047530-1B	AP2-EREBP	TFF
Soffic.06G0015290-6E	C2C2-YABBY	TFF
Soffic.01G0039510-1C	zf-BED	TFF
Soffic.07G0020320-7B	Orphans	Orphans
Soffic.02G0034770-2F	NAC	TFF
Soffic.06G0011580-6A	Orphans	Orphans
Soffic.06G0003640-6A	MADS	TFF
Soffic.07G0000140-7E	bHLH	TFF
Soffic.07G0003950-7B	AP2-EREBP	TFF
Soffic.03G0008260-3A	bHLH	TFF
Soffic.06G0002180-6C	Top	TFF
Soffic.09G0012100-9E	MYB-related	TFF
Soffic.08G0006630-8G	zf-HD	TFF
Soffic.09G0015680-9D	CCAAT	TFF
Soffic.01G0034730-1G	bHLH	TFF
Soffic.09C0006230-9C	WRKY	TFF
Soffic.07G0013330-7F	NAC	TFF
Soffic.09G0016780-9A	AP2-EREBP	TFF
Soffic.01E0049990-1E	Top	TFF
Soffic.01G0016380-1C	ABI3VP1	TFF
Soffic.01G0007400-1E	FAR1	TFF
Soffic.04G0001740-4A	C2C2-GATA	TFF
Soffic.10D0017870-10D	C3H	TFF
Soffic.04G0022370-4C	MYB	TFF
Soffic.06G0002360-6C	C2H2	TFF
Soffic.02G0022370-2E	bHLH	TFF
Soffic.04G0003670-4F	MADS	TFF
Soffic.07G0017430-7H	C2H2	TFF
Soffic.04E0030790-4E	FAR1	TFF
Soffic.04H0003860-4H	PBF-2-like	TFF
Soffic.03G0003480-3C	WRKY	TFF
Soffic.02G0013230-2A	CCAAT	TFF
Soffic.03G0011380-3G	MADS	TFF
Soffic.05G0019560-5F	Orphans	Orphans
Soffic.02G0024480-2C	bZIP	TFF
Soffic.01F0028650-1F	CCAAT	TFF
Soffic.04G0015800-4C	C2H2	TFF
Soffic.03G0017320-3E	MYB-related	TFF
Soffic.08H0001290-8H	GRAS	TFF
Soffic.03G0037120-3F	bHLH	TFF
Soffic.03H0017590-3H	MYB-related	TFF
Soffic.09G0011740-9A	AP2-EREBP	TFF
Soffic.01C0052720-1C	NAC	TFF
Soffic.04G0017060-4G	zf-A20	TFF
Soffic.02G0028050-2F	Orphans	Orphans
Soffic.04G0001610-4G	Orphans	Orphans
Soffic.07G0006160-7F	CCAAT	TFF
Soffic.04G0014400-4C	FAR1	TFF
Soffic.06G0023730-6A	C3H	TFF
Soffic.02G0014400-2E	SET	OTR
Soffic.09F0005570-9F	MYB-related	TFF
Soffic.10G0009480-10F	C2C2-CO-like	TFF
Soffic.01G0004050-1G	C2H2	TFF
Soffic.01G0024430-1B	bHLH	TFF
Soffic.01G0027200-1E	SET	OTR
Soffic.09G0010480-9C	NAC	TFF
Soffic.09G0006590-9A	HMG	OTR
Soffic.02B0024500-2B	Orphans	Orphans
Soffic.09G0009360-9E	GRAS	TFF
Soffic.03G0009110-3G	GeBP	TFF
Soffic.10G0019050-10E	Top	TFF
Soffic.03G0040340-3D	GRAS	TFF
Soffic.08G0005070-8F	C2H2	TFF
Soffic.01G0037580-1A	SWI/SNF-BAF60b	OTR
Soffic.03G0009470-3B	C3H	TFF
Soffic.02E0025360-2E	Alfin-like	TFF
Soffic.05G0003970-5G	MADS	TFF
Soffic.01F0019190-1F	TRAF	OTR
Soffic.10G0008440-10C	MADS	TFF
Soffic.01D0004630-1D	TFIIS	TFF
Soffic.04G0031200-4E	AUX/IAA	OTR
Soffic.07G0002500-7E	MYB	TFF
Soffic.03H0000860-3H	NOZZLE	TFF
Soffic.03H0017400-3H	CCAAT	TFF
Soffic.07G0003810-7B	AP2-EREBP	TFF
Soffic.03G0031420-3A	GRAS	TFF
Soffic.10G0012990-10F	AP2-EREBP	TFF
Soffic.01G0009260-1A	Orphans	Orphans
Soffic.07G0016170-7F	bZIP	TFF
Soffic.01G0022250-1A	MADS	TFF
Soffic.02G0039610-2B	MYB	TFF
Soffic.07G0006200-7E	AP2-EREBP	TFF
Soffic.06G0008740-6B	ABI3VP1	TFF
Soffic.06G0021660-6G	SET	OTR
Soffic.02C0025070-2C	AUX/IAA	OTR
Soffic.03G0022060-3A	zf-BED	TFF
Soffic.06G0013030-6B	FAR1	TFF
Soffic.03G0000450-3G	OFP	TFF
Soffic.05G0009140-5E	WRKY	TFF
Soffic.05G0003850-5G	bZIP	TFF
Soffic.01F0025280-1F	MYB-related	TFF
Soffic.01D0025590-1D	C2C2-Dof	TFF
Soffic.02G0030410-2F	C3H	TFF
Soffic.08G0011930-8F	GRAS	TFF
Soffic.02G0019900-2A	Tify	TFF
Soffic.07G0003340-7G	TRAF	OTR
Soffic.04F0008730-4F	MYB-related	TFF
Soffic.09G0005240-9E	C2H2	TFF
Soffic.06G0016190-6E	MYB	TFF
Soffic.01C0023960-1C	MYB-related	TFF
Soffic.03D0023450-3D	bHLH	TFF
Soffic.05G0002840-5A	TRAF	OTR
Soffic.02G0015310-2A	AP2-EREBP	TFF
Soffic.05G0005040-5G	NAC	TFF
Soffic.04G0009610-4G	bHLH	TFF
Soffic.07G0006700-7C	RWP-RK	TFF
Soffic.06G0005820-6D	Orphans	Orphans
Soffic.01B0015860-1B	GRAS	TFF
Soffic.01G0024810-1C	C2H2	TFF
Soffic.04G0020330-4H	FAR1	TFF
Soffic.02B0040870-2B	AP2-EREBP	TFF
Soffic.01G0006830-1G	TRAF	OTR
Soffic.01G0002690-1G	FAR1	TFF
Soffic.06G0014690-6D	bHLH	TFF
Soffic.10H0011860-10H	C2C2-CO-like	TFF
Soffic.07G0015210-7F	C2H2	TFF
Soffic.09G0005620-9E	MYB-related	TFF
Soffic.05G0012190-5C	GRAS	TFF
Soffic.09G0020430-9D	Trihelix	TFF
Soffic.06F0014770-6F	MYB	TFF
Soffic.01C0048020-1C	bHLH	TFF
Soffic.01G0005340-1A	bHLH	TFF
Soffic.02G0014140-2A	Alfin-like	TFF
Soffic.02G0024190-2A	bHLH	TFF
Soffic.02G0015830-2D	WRKY	TFF
Soffic.01G0025180-1F	AP2-EREBP	TFF
Soffic.03G0034250-3B	ARR-B	TFF
Soffic.07G0008520-7B	zf-HD	TFF
Soffic.05G0014570-5G	PAS	TFF
Soffic.07G0005530-7E	Orphans	Orphans
Soffic.09G0002390-9H	C2H2	TFF
Soffic.03G0029180-3C	WRKY	TFF
Soffic.02G0011600-2C	AP2-EREBP	TFF
Soffic.03E0023720-3E	Coactivator_p15	OTR
Soffic.06G0022830-6C	SWI/SNF-BAF60b	OTR
Soffic.01G0045710-1G	MYB-related	TFF
Soffic.03E0026700-3E	PHD	OTR
Soffic.02E0033740-2E	FAR1	TFF
Soffic.01G0004290-1G	TFIIS	TFF
Soffic.01E0044820-1E	bHLH	TFF
Soffic.07G0009050-7C	bZIP	TFF
Soffic.02G0034060-2A	AP2-EREBP	TFF
Soffic.08G0002830-8B	bZIP	TFF
Soffic.07E0012680-7E	zf-BED	TFF
Soffic.06G0010650-6F	C2H2	TFF
Soffic.04G0007980-4G	AP2-EREBP	TFF
Soffic.05G0020950-5G	GRAS	TFF
Soffic.08G0009770-8C	WRKY	TFF
Soffic.04G0003400-4C	HB	TFF
Soffic.01G0005180-1B	bHLH	TFF
Soffic.09G0019250-9B	AP2-EREBP	TFF
Soffic.10G0015540-10B	C2C2-GATA	TFF
Soffic.03G0003210-3G	bZIP	TFF
Soffic.04D0007050-4D	MYB-related	TFF
Soffic.01G0048170-1E	bZIP	TFF
Soffic.04G0005820-4A	WRKY	TFF
Soffic.02G0022250-2B	C3H	TFF
Soffic.10G0017470-10A	Orphans	Orphans
Soffic.01C0024510-1C	TFIID	TFF
Soffic.04F0033160-4F	C2H2	TFF
Soffic.06G0017740-6G	Orphans	Orphans
Soffic.08G0001710-8C	FAR1	TFF
Soffic.02G0018460-2A	MYB	TFF
Soffic.07G0005930-7E	SET	OTR
Soffic.08G0005980-8F	zf-BED	TFF
Soffic.08G0011760-8C	MYB	TFF
Soffic.04E0015530-4E	AP2-EREBP	TFF
Soffic.05G0017540-5G	MADS	TFF
Soffic.03E0005310-3E	CCAAT	TFF
Soffic.08G0011250-8C	Orphans	Orphans
Soffic.01G0006000-1A	bHLH	TFF
Soffic.06G0010110-6B	MYB	TFF
Soffic.03G0023470-3G	PHD	OTR
Soffic.03G0025240-3C	WRKY	TFF
Soffic.04G0002680-4E	PHD	OTR
Soffic.02G0019210-2B	C2H2	TFF
Soffic.01E0008490-1E	MYB-related	TFF
Soffic.07G0005490-7D	TRAF	OTR
Soffic.01G0019900-1B	ARF	TFF
Soffic.09G0012380-9G	TUB	TFF
Soffic.03G0029500-3A	NAC	TFF
Soffic.02G0003140-2A	HB	TFF
Soffic.10G0019560-10D	SBP	TFF
Soffic.07G0012570-7G	TRAF	OTR
Soffic.03D0004770-3D	MYB	TFF
Soffic.03G0029900-3A	WRKY	TFF
Soffic.08G0004420-8H	TUB	TFF
Soffic.10G0001850-10D	AP2-EREBP	TFF
Soffic.03G0036800-3C	CCAAT	TFF
Soffic.03G0012610-3G	WRKY	TFF
Soffic.05G0013090-5H	GRF	TFF
Soffic.04F0015320-4F	zf-BED	TFF
Soffic.01G0022740-1B	Orphans	Orphans
Soffic.07G0014340-7G	zf-A20	TFF
Soffic.02G0029680-2E	FAR1	TFF
Soffic.02G0017000-2C	zf-BED	TFF
Soffic.08G0018050-8E	MYB	TFF
Soffic.06G0002600-6C	ABI3VP1	TFF
Soffic.01G0010670-1A	Orphans	Orphans
Soffic.03E0029290-3E	bZIP	TFF
Soffic.09G0015100-9D	HB	TFF
Soffic.08G0006010-8G	zf-BED	TFF
Soffic.02G0011270-2B	FHA	TFF
Soffic.07G0012770-7F	FAR1	TFF
Soffic.03G0011340-3B	bHLH	TFF
Soffic.08G0005040-8C	SAP	TFF
Soffic.01G0032550-1A	AP2-EREBP	TFF
Soffic.04G0019100-4A	TRAF	OTR
Soffic.02G0002530-2D	zf-BED	TFF
Soffic.06G0023850-6B	AP2-EREBP	TFF
Soffic.10G0017580-10G	zf-A20	TFF
Soffic.04E0004990-4E	SBP	TFF
Soffic.09G0021240-9E	MYB-related	TFF
Soffic.07G0009460-7F	Orphans	Orphans
Soffic.03G0005270-3B	Alfin-like	TFF
Soffic.03G0003330-3B	bHLH	TFF
Soffic.08G0019040-8A	TRAF	OTR
Soffic.08G0010440-8G	LIM	TFF
Soffic.03G0035770-3G	CCAAT	TFF
Soffic.04G0021500-4E	Trihelix	TFF
Soffic.02G0018180-2B	MYB	TFF
Soffic.10D0023430-10D	MYB-related	TFF
Soffic.01G0001360-1F	FAR1	TFF
Soffic.01F0006240-1F	WRKY	TFF
Soffic.04G0013910-4B	AP2-EREBP	TFF
Soffic.02G0023230-2C	zf-BED	TFF
Soffic.04F0016710-4F	Alfin-like	TFF
Soffic.06G0000480-6A	NAC	TFF
Soffic.05G0021890-5E	GRAS	TFF
Soffic.01E0045200-1E	CCAAT	TFF
Soffic.06G0009080-6G	Alfin-like	TFF
Soffic.01G0025600-1H	ABI3VP1	TFF
Soffic.05G0022480-5C	GRAS	TFF
Soffic.01G0001180-1F	CCAAT	TFF
Soffic.07G0011350-7E	RWP-RK	TFF
Soffic.10G0016130-10A	C3H	TFF
Soffic.01F0016500-1F	Orphans	Orphans
Soffic.01G0030390-1A	zf-LSD1	TFF
Soffic.07G0010420-7D	PHD	OTR
Soffic.04G0018740-4H	NAC	TFF
Soffic.01G0014600-1G	Not1	TFF
Soffic.04G0024990-4A	C2C2-Dof	TFF
Soffic.01G0021340-1A	Top	TFF
Soffic.08G0003860-8E	bZIP	TFF
Soffic.09G0015100-9C	C2H2	TFF
Soffic.02G0025050-2D	zf-BED	TFF
Soffic.03G0027610-3E	TRAF	OTR
Soffic.04G0007820-4G	bZIP	TFF
Soffic.07G0009370-7C	PAS	TFF
Soffic.01G0014950-1A	bHLH	TFF
Soffic.01E0040240-1E	TUB	TFF
Soffic.03G0008360-3F	bHLH	TFF
Soffic.06G0009740-6C	WRKY	TFF
Soffic.02G0019630-2E	bHLH	TFF
Soffic.01G0046320-1G	HB	TFF
Soffic.09H0018440-9H	WRKY	TFF
Soffic.07G0007380-7A	MADS	TFF
Soffic.07G0013230-7A	zf-A20	TFF
Soffic.04G0017640-4H	DDT	OTR
Soffic.03C0022900-3C	Coactivator_p15	OTR
Soffic.07G0022060-7D	C2C2-Dof	TFF
Soffic.07H0010330-7H	Orphans	Orphans
Soffic.09G0011880-9E	SBP	TFF
Soffic.07G0008880-7B	Top	TFF
Soffic.09G0005770-9F	C2C2-GATA	TFF
Soffic.07G0013170-7B	zf-A20	TFF
Soffic.04E0025630-4E	E2F-DP	TFF
Soffic.08G0005780-8G	WRKY	TFF
Soffic.10G0020460-10G	MYB-related	TFF
Soffic.02G0016650-2B	zf-BED	TFF
Soffic.01G0040260-1F	NAC	TFF
Soffic.10G0000750-10H	NAC	TFF
Soffic.04B0008320-4B	Orphans	Orphans
Soffic.08G0015400-8G	GRAS	TFF
Soffic.07E0011290-7E	RWP-RK	TFF
Soffic.01G0046740-1C	TRAF	OTR
Soffic.05G0000310-5C	Orphans	Orphans
Soffic.09G0013960-9B	AP2-EREBP	TFF
Soffic.10G0014620-10F	Orphans	Orphans
Soffic.07G0014590-7E	AP2-EREBP	TFF
Soffic.02G0029490-2C	bHLH	TFF
Soffic.10G0015130-10E	HB	TFF
Soffic.06G0007420-6H	Orphans	Orphans
Soffic.03G0025410-3B	AP2-EREBP	TFF
Soffic.07G0018140-7G	Orphans	Orphans
Soffic.09H0022250-9H	MYB-related	TFF
Soffic.05G0020490-5D	C2H2	TFF
Soffic.02G0017190-2H	bHLH	TFF
Soffic.04G0025030-4G	GRAS	TFF
Soffic.08D0007210-8D	WRKY	TFF
Soffic.07G0009520-7C	mTERF	OTR
Soffic.07G0010760-7G	Orphans	Orphans
Soffic.02G0021750-2H	MYB-related	TFF
Soffic.04G0002950-4G	RWP-RK	TFF
Soffic.09G0020640-9E	OFP	TFF
Soffic.01G0016840-1H	SET	OTR
Soffic.02G0029550-2G	MYB	TFF
Soffic.04D0025650-4D	MYB	TFF
Soffic.05G0011250-5G	GRAS	TFF
Soffic.05G0014830-5E	bZIP	TFF
Soffic.02G0013700-2A	C2H2	TFF
Soffic.01B0047660-1B	bHLH	TFF
Soffic.07F0011650-7F	AP2-EREBP	TFF
Soffic.04G0027780-4B	AP2-EREBP	TFF
Soffic.04G0015740-4D	HSF	TFF
Soffic.05C0012780-5C	MYB	TFF
Soffic.04H0021410-4H	MYB-related	TFF
Soffic.09G0012950-9G	AP2-EREBP	TFF
Soffic.03G0031320-3B	CCAAT	TFF
Soffic.02G0038970-2A	AP2-EREBP	TFF
Soffic.07G0019600-7C	C2H2	TFF
Soffic.08G0001800-8F	FAR1	TFF
Soffic.02G0009830-2A	Orphans	Orphans
Soffic.07G0006700-7D	TUB	TFF
Soffic.06G0001910-6G	Top	TFF
Soffic.04F0022000-4F	WRKY	TFF
Soffic.10C0013970-10C	CPP	TFF
Soffic.07G0001340-7H	Orphans	Orphans
Soffic.07G0009880-7D	bZIP	TFF
Soffic.08G0005470-8E	C2H2	TFF
Soffic.01G0013520-1G	Orphans	Orphans
Soffic.03G0031660-3H	MYB-related	TFF
Soffic.01C0003610-1C	SBP	TFF
Soffic.06G0024720-6E	CCAAT	TFF
Soffic.10G0005410-10C	C2H2	TFF
Soffic.06B0000600-6B	Orphans	Orphans
Soffic.01G0016500-1G	TRAF	OTR
Soffic.05G0019960-5H	AP2-EREBP	TFF
Soffic.08G0005350-8F	MYB	TFF
Soffic.04G0031160-4H	C3H	TFF
Soffic.01G0015130-1F	Top	TFF
Soffic.02G0027890-2B	FAR1	TFF
Soffic.02D0029320-2D	bHLH	TFF
Soffic.01H0041870-1H	Orphans	Orphans
Soffic.10G0019370-10E	WRKY	TFF
Soffic.02G0009460-2H	FAR1	TFF
Soffic.10G0023930-10B	bZIP	TFF
Soffic.06G0012050-6C	MYB	TFF
Soffic.06G0016450-6G	SBP	TFF
Soffic.10G0007120-10H	Orphans	Orphans
Soffic.10G0005320-10G	DBP	TFF
Soffic.07G0000570-7H	Orphans	Orphans
Soffic.02G0014950-2B	WRKY	TFF
Soffic.09C0022790-9C	WRKY	TFF
Soffic.05G0005300-5H	NAC	TFF
Soffic.07H0014850-7H	TCP	TFF
Soffic.02G0010200-2D	Orphans	Orphans
Soffic.04G0001120-4C	GeBP	TFF
Soffic.01G0012200-1G	FAR1	TFF
Soffic.05G0012460-5G	Orphans	Orphans
Soffic.03G0001390-3F	bHLH	TFF
Soffic.03G0036040-3B	ARF	TFF
Soffic.04G0021820-4A	LIM	TFF
Soffic.04G0007350-4G	AP2-EREBP	TFF
Soffic.01G0003950-1A	AP2-EREBP	TFF
Soffic.03G0029630-3E	OFP	TFF
Soffic.02G0012510-2G	bHLH	TFF
Soffic.02G0019180-2D	SWI/SNF-BAF60b	OTR
Soffic.03G0021600-3D	FAR1	TFF
Soffic.05G0010210-5B	ABI3VP1	TFF
Soffic.07F0017050-7F	PAS	TFF
Soffic.06B0005220-6B	Tify	TFF
Soffic.01E0023550-1E	Orphans	Orphans
Soffic.06G0007100-6G	AP2-EREBP	TFF
Soffic.09G0002520-9A	C2H2	TFF
Soffic.09G0012870-9G	NAC	TFF
Soffic.09G0021970-9G	Orphans	Orphans
Soffic.08G0006560-8A	Orphans	Orphans
Soffic.10G0020400-10E	TRAF	OTR
Soffic.01H0030800-1H	C2H2	TFF
Soffic.02G0036760-2B	ABI3VP1	TFF
Soffic.07G0011210-7B	TRAF	OTR
Soffic.04G0014960-4B	NAC	TFF
Soffic.10G0023530-10B	Orphans	Orphans
Soffic.03G0022740-3C	MYB	TFF
Soffic.01E0050070-1E	AP2-EREBP	TFF
Soffic.02G0017370-2G	TCP	TFF
Soffic.01G0050520-1E	C2C2-GATA	TFF
Soffic.06G0002180-6D	TCP	TFF
Soffic.04G0024540-4D	PLATZ	TFF
Soffic.04G0003190-4E	SBP	TFF
Soffic.04G0008100-4F	Orphans	Orphans
Soffic.03F0011950-3F	SBP	TFF
Soffic.03G0005470-3F	CCAAT	TFF
Soffic.09G0004990-9D	GNAT	OTR
Soffic.01G0036800-1B	WRKY	TFF
Soffic.01G0030920-1F	mTERF	OTR
Soffic.06G0002360-6D	Orphans	Orphans
Soffic.01G0051140-1D	FAR1	TFF
Soffic.03E0034350-3E	MYB	TFF
Soffic.01G0014360-1G	FAR1	TFF
Soffic.02G0034570-2G	Orphans	Orphans
Soffic.04G0022060-4E	AP2-EREBP	TFF
Soffic.03G0003480-3D	WRKY	TFF
Soffic.03D0019910-3D	MYB-related	TFF
Soffic.10G0014860-10C	MYB-related	TFF
Soffic.08G0013150-8D	C2C2-Dof	TFF
Soffic.10G0001660-10G	NAC	TFF
Soffic.02F0036670-2F	bHLH	TFF
Soffic.07G0004650-7F	CCAAT	TFF
Soffic.05D0008880-5D	MYB	TFF
Soffic.03E0005290-3E	CCAAT	TFF
Soffic.01G0013720-1H	Orphans	Orphans
Soffic.07G0006730-7E	TRAF	OTR
Soffic.03G0028480-3G	NAC	TFF
Soffic.01G0019880-1H	SAP	TFF
Soffic.02G0009370-2D	WRKY	TFF
Soffic.01G0007550-1B	TRAF	OTR
Soffic.03G0002040-3H	C2H2	TFF
Soffic.10G0010540-10E	zf-C5HC2	TFF
Soffic.07G0007440-7G	TRAF	OTR
Soffic.04G0007540-4B	Orphans	Orphans
Soffic.04G0010230-4C	bHLH	TFF
Soffic.08G0000050-8G	PAS	TFF
Soffic.08G0011060-8B	mTERF	OTR
Soffic.07G0008230-7G	MADS	TFF
Soffic.04G0033500-4C	bZIP	TFF
Soffic.06G0015030-6G	AP2-EREBP	TFF
Soffic.02G0029810-2G	Orphans	Orphans
Soffic.07G0011270-7B	RWP-RK	TFF
Soffic.02H0009770-2H	CCAAT	TFF
Soffic.01G0024950-1D	Orphans	Orphans
Soffic.07G0002930-7C	NAC	TFF
Soffic.02G0020910-2B	bZIP	TFF
Soffic.05H0007360-5H	Orphans	Orphans
Soffic.05G0020500-5D	C2H2	TFF
Soffic.06G0004230-6E	ARF	TFF
Soffic.10G0023830-10A	NAC	TFF
Soffic.01C0012270-1C	HB	TFF
Soffic.03G0004810-3F	Top	TFF
Soffic.03G0004280-3A	C3H	TFF
Soffic.03G0018340-3D	ABI3VP1	TFF
Soffic.01G0048910-1C	AP2-EREBP	TFF
Soffic.03D0011850-3D	AUX/IAA	OTR
Soffic.08G0001690-8G	NAC	TFF
Soffic.05E0002720-5E	Orphans	Orphans
Soffic.08G0015450-8C	bHLH	TFF
Soffic.01F0035010-1F	SET	OTR
Soffic.02G0025340-2H	HMG	OTR
Soffic.03G0003690-3E	AUX/IAA	OTR
Soffic.08E0008120-8E	RWP-RK	TFF
Soffic.03G0026480-3C	SET	OTR
Soffic.01G0004310-1G	AP2-EREBP	TFF
Soffic.04G0004850-4B	SBP	TFF
Soffic.01G0010970-1D	AUX/IAA	OTR
Soffic.06C0015180-6C	TUB	TFF
Soffic.09H0011210-9H	GNAT	OTR
Soffic.01G0026330-1C	MYB	TFF
Soffic.02G0018270-2C	MYB	TFF
Soffic.04G0027970-4D	PLATZ	TFF
Soffic.08H0001520-8H	C2H2	TFF
Soffic.08G0005070-8H	TCP	TFF
Soffic.01G0012090-1C	GRF	TFF
Soffic.07G0000510-7H	AUX/IAA	OTR
Soffic.04G0001450-4H	GeBP	TFF
Soffic.10H0015330-10H	BES1	TFF
Soffic.09G0004430-9E	bHLH	TFF
Soffic.06G0026220-6A	ABI3VP1	TFF
Soffic.03G0021630-3E	TUB	TFF
Soffic.03G0031200-3A	C2H2	TFF
Soffic.01G0051480-1C	Orphans	Orphans
Soffic.03G0018370-3F	Orphans	Orphans
Soffic.10G0012380-10H	Orphans	Orphans
Soffic.10G0018970-10B	Orphans	Orphans
Soffic.01G0027870-1F	C2H2	TFF
Soffic.03G0013890-3A	MYB	TFF
Soffic.06H0004650-6H	WRKY	TFF
Soffic.04E0027960-4E	GNAT	OTR
Soffic.02G0009790-2E	MYB	TFF
Soffic.01G0034250-1C	C2C2-Dof	TFF
Soffic.02G0035400-2C	SAP	TFF
Soffic.03H0034270-3H	GRAS	TFF
Soffic.01G0004720-1H	bZIP	TFF
Soffic.04D0026470-4D	Orphans	Orphans
Soffic.10G0004490-10F	PHD	OTR
Soffic.10G0000930-10A	ABI3VP1	TFF
Soffic.04G0030100-4A	ARR-B	TFF
Soffic.01F0009280-1F	HB	TFF
Soffic.07G0003160-7B	zf-LSD1	TFF
Soffic.03G0008410-3C	NAC	TFF
Soffic.10F0002630-10F	WRKY	TFF
Soffic.01G0037530-1D	NAC	TFF
Soffic.01G0015050-1B	Orphans	Orphans
Soffic.07F0005810-7F	NAC	TFF
Soffic.08G0010140-8B	Orphans	Orphans
Soffic.01G0008520-1A	HB	TFF
Soffic.09G0015250-9F	MYB-related	TFF
Soffic.05G0006820-5D	CCAAT	TFF
Soffic.01G0014810-1A	GRF	TFF
Soffic.02G0015290-2A	AP2-EREBP	TFF
Soffic.01G0050120-1D	Jumonji	OTR
Soffic.10G0004520-10A	Orphans	Orphans
Soffic.02G0027480-2F	Orphans	Orphans
Soffic.10G0001600-10E	GRAS	TFF
Soffic.03H0021250-3H	C3H	TFF
Soffic.10G0005510-10G	ARR-B	TFF
Soffic.01C0016080-1C	WRKY	TFF
Soffic.04G0031000-4B	AUX/IAA	OTR
Soffic.04G0007960-4A	C2C2-GATA	TFF
Soffic.08D0006520-8D	FAR1	TFF
Soffic.07G0015830-7D	AP2-EREBP	TFF
Soffic.07G0006870-7F	WRKY	TFF
Soffic.09G0020480-9A	Orphans	Orphans
Soffic.03G0001520-3A	Orphans	Orphans
Soffic.06G0015670-6G	NAC	TFF
Soffic.02G0034620-2E	GeBP	TFF
Soffic.06G0013730-6C	MYB	TFF
Soffic.01D0018080-1D	mTERF	OTR
Soffic.04G0009880-4E	WRKY	TFF
Soffic.02G0003720-2C	Orphans	Orphans
Soffic.06G0019930-6D	mTERF	OTR
Soffic.06G0022370-6A	AP2-EREBP	TFF
Soffic.02C0018250-2C	zf-HD	TFF
Soffic.07G0013110-7B	MYB-related	TFF
Soffic.01G0041300-1F	zf-C5HC2	TFF
Soffic.06G0007530-6G	Orphans	Orphans
Soffic.06G0011900-6E	FAR1	TFF
Soffic.03G0024720-3C	AUX/IAA	OTR
Soffic.07G0000690-7D	MADS	TFF
Soffic.10G0013370-10A	AP2-EREBP	TFF
Soffic.02G0031560-2F	Rcd1-like	OTR
Soffic.07G0015310-7A	AP2-EREBP	TFF
Soffic.09G0002390-9F	SWI/SNF-BAF60b	OTR
Soffic.06G0015800-6A	C2C2-GATA	TFF
Soffic.06G0007930-6G	E2F-DP	TFF
Soffic.01G0025260-1A	HSF	TFF
Soffic.09G0023690-9C	WRKY	TFF
Soffic.05G0005320-5B	GRAS	TFF
Soffic.03H0004300-3H	bHLH	TFF
Soffic.04F0002810-4F	PAS	TFF
Soffic.09G0012180-9A	AP2-EREBP	TFF
Soffic.09G0007910-9A	MYB	TFF
Soffic.06G0013420-6C	AP2-EREBP	TFF
Soffic.03G0037990-3G	GNAT	OTR
Soffic.02E0027870-2E	MADS	TFF
Soffic.04G0003220-4C	Orphans	Orphans
Soffic.02G0027170-2C	GRAS	TFF
Soffic.02G0017920-2G	Orphans	Orphans
Soffic.01G0050060-1D	E2F-DP	TFF
Soffic.06G0014990-6A	MYB	TFF
Soffic.09G0001630-9C	MYB	TFF
Soffic.01G0012760-1C	PAS	TFF
Soffic.03G0016450-3A	Orphans	Orphans
Soffic.05G0002040-5A	zf-HD	TFF
Soffic.04G0010980-4H	Orphans	Orphans
Soffic.09B0013810-9B	Alfin-like	TFF
Soffic.08G0009000-8H	ARF	TFF
Soffic.01G0005150-1B	DDT	OTR
Soffic.05G0005840-5G	MYB	TFF
Soffic.03E0027100-3E	TCP	TFF
Soffic.01G0035930-1E	GNAT	OTR
Soffic.05G0020630-5G	C2H2	TFF
Soffic.03G0013040-3C	HB	TFF
Soffic.10G0001130-10H	MYB-related	TFF
Soffic.06G0010090-6C	FAR1	TFF
Soffic.04D0033370-4D	C2H2	TFF
Soffic.08F0011470-8F	Orphans	Orphans
Soffic.08G0012940-8C	GRAS	TFF
Soffic.02G0020370-2B	bHLH	TFF
Soffic.04G0033780-4F	NAC	TFF
Soffic.10G0005520-10G	Orphans	Orphans
Soffic.01G0039370-1D	MYB	TFF
Soffic.04G0025620-4G	OFP	TFF
Soffic.01G0016770-1B	C2H2	TFF
Soffic.05G0013380-5A	bHLH	TFF
Soffic.01G0050110-1D	GNAT	OTR
Soffic.07H0006500-7H	AP2-EREBP	TFF
Soffic.06G0010680-6F	WRKY	TFF
Soffic.04G0014180-4B	MADS	TFF
Soffic.07G0016590-7G	bZIP	TFF
Soffic.08G0008650-8A	RWP-RK	TFF
Soffic.08G0016830-8D	C2C2-GATA	TFF
Soffic.07G0011730-7F	FAR1	TFF
Soffic.01G0020920-1A	MYB	TFF
Soffic.06G0026500-6B	OFP	TFF
Soffic.03G0031520-3B	OFP	TFF
Soffic.02G0003710-2C	TRAF	OTR
Soffic.07G0017830-7E	Orphans	Orphans
Soffic.04G0011330-4A	GeBP	TFF
Soffic.01G0024930-1A	Orphans	Orphans
Soffic.06G0001610-6E	C2H2	TFF
Soffic.10G0014670-10F	DBP	TFF
Soffic.05G0022120-5F	C2H2	TFF
Soffic.09G0006370-9H	Orphans	Orphans
Soffic.08D0006510-8D	FAR1	TFF
Soffic.06G0021550-6D	TRAF	OTR
Soffic.09G0017600-9A	SET	OTR
Soffic.01G0046370-1G	HB	TFF
Soffic.04G0003210-4C	PHD	OTR
Soffic.07G0004040-7A	AP2-EREBP	TFF
Soffic.03G0014930-3B	Orphans	Orphans
Soffic.05G0000940-5H	TRAF	OTR
Soffic.10G0008460-10H	Orphans	Orphans
Soffic.01G0044170-1D	ARR-B	TFF
Soffic.09D0017320-9D	AUX/IAA	OTR
Soffic.02C0001380-2C	MYB	TFF
Soffic.07G0003010-7B	ABI3VP1	TFF
Soffic.01G0001730-1C	HSF	TFF
Soffic.04H0004980-4H	PLATZ	TFF
Soffic.09D0011930-9D	AP2-EREBP	TFF
Soffic.02G0021940-2B	bHLH	TFF
Soffic.05G0005310-5B	bZIP	TFF
Soffic.09G0001330-9A	Orphans	Orphans
Soffic.04G0029890-4F	FAR1	TFF
Soffic.03G0031370-3B	bZIP	TFF
Soffic.04G0019840-4F	AP2-EREBP	TFF
Soffic.02G0013530-2F	bZIP	TFF
Soffic.07D0017380-7D	SRS	TFF
Soffic.03G0022610-3E	TRAF	OTR
Soffic.10G0010160-10F	Orphans	Orphans
Soffic.01H0023270-1H	FAR1	TFF
Soffic.09G0015380-9A	MYB-related	TFF
Soffic.06G0023370-6B	Orphans	Orphans
Soffic.07G0003770-7D	FAR1	TFF
Soffic.01G0033810-1B	Orphans	Orphans
Soffic.07G0001510-7C	bHLH	TFF
Soffic.01G0031000-1G	MYB	TFF
Soffic.02G0033660-2E	CAMTA	TFF
Soffic.01G0003820-1A	C2H2	TFF
Soffic.07G0015220-7H	bZIP	TFF
Soffic.04G0021950-4A	NAC	TFF
Soffic.05F0003050-5F	Orphans	Orphans
Soffic.09G0001230-9H	Orphans	Orphans
Soffic.05G0022790-5F	C2H2	TFF
Soffic.06G0009520-6G	Orphans	Orphans
Soffic.10F0019300-10F	BES1	TFF
Soffic.09G0010450-9C	GNAT	OTR
Soffic.05G0000910-5C	bZIP	TFF
Soffic.02G0034430-2H	Tudor-knot	OTR
Soffic.06G0014460-6C	AP2-EREBP	TFF
Soffic.02G0007680-2D	SAP	TFF
Soffic.10G0006610-10A	AP2-EREBP	TFF
Soffic.09G0009150-9E	PHD	OTR
Soffic.09G0006920-9H	Orphans	Orphans
Soffic.02G0033360-2G	MED26	OTR
Soffic.02G0007530-2D	Orphans	Orphans
Soffic.09G0006270-9A	AUX/IAA	OTR
Soffic.06G0018690-6E	GRAS	TFF
Soffic.03G0020600-3F	HSF	TFF
Soffic.02G0004260-2E	TCP	TFF
Soffic.01G0020370-1A	SET	OTR
Soffic.08G0013410-8F	C2C2-Dof	TFF
Soffic.06G0010260-6E	NAC	TFF
Soffic.03G0036000-3C	TCP	TFF
Soffic.01G0049470-1A	AP2-EREBP	TFF
Soffic.01G0037550-1A	Jumonji	OTR
Soffic.10F0010750-10F	C3H	TFF
Soffic.09G0002850-9A	HB	TFF
Soffic.06G0022910-6A	AP2-EREBP	TFF
Soffic.04G0019380-4C	NAC	TFF
Soffic.03G0014400-3G	MYB-related	TFF
Soffic.02G0034860-2A	Tudor-knot	OTR
Soffic.03G0000830-3F	zf-BED	TFF
Soffic.10G0015690-10C	HSF	TFF
Soffic.07G0013040-7A	NAC	TFF
Soffic.04G0018950-4B	C2H2	TFF
Soffic.01G0048920-1C	AP2-EREBP	TFF
Soffic.08C0011590-8C	Orphans	Orphans
Soffic.10G0008990-10E	Top	TFF
Soffic.03E0029080-3E	AP2-EREBP	TFF
Soffic.03G0022840-3B	MYB-related	TFF
Soffic.03G0033150-3E	MYB	TFF
Soffic.07E0014760-7E	FAR1	TFF
Soffic.03G0004820-3F	WRKY	TFF
Soffic.03G0025400-3H	HB	TFF
Soffic.01G0000580-1E	ABI3VP1	TFF
Soffic.01F0013320-1F	MYB-related	TFF
Soffic.03D0029830-3D	bZIP	TFF
Soffic.07E0014250-7E	SET	OTR
Soffic.01G0030590-1A	AP2-EREBP	TFF
Soffic.05G0012690-5G	ABI3VP1	TFF
Soffic.03G0030940-3B	MYB	TFF
Soffic.06G0002730-6H	ABI3VP1	TFF
Soffic.01G0006120-1D	MYB	TFF
Soffic.07G0004680-7H	FAR1	TFF
Soffic.03G0009080-3A	NAC	TFF
Soffic.05G0018170-5G	NAC	TFF
Soffic.02F0002180-2F	HB	TFF
Soffic.01G0025090-1G	MYB	TFF
Soffic.07G0000520-7H	Orphans	Orphans
Soffic.09H0016530-9H	AP2-EREBP	TFF
Soffic.01G0044970-1E	Orphans	Orphans
Soffic.06G0002200-6F	Orphans	Orphans
Soffic.06G0023700-6G	AP2-EREBP	TFF
Soffic.07G0002160-7A	Top	TFF
Soffic.05G0009210-5A	WRKY	TFF
Soffic.01G0028100-1G	FAR1	TFF
Soffic.01G0014090-1H	ABI3VP1	TFF
Soffic.03E0033860-3E	C2C2-Dof	TFF
Soffic.03G0001200-3B	AP2-EREBP	TFF
Soffic.05G0012390-5E	SBP	TFF
Soffic.03G0032100-3B	C2H2	TFF
Soffic.01G0035100-1E	HB	TFF
Soffic.03G0029100-3G	WRKY	TFF
Soffic.02G0016340-2E	NAC	TFF
Soffic.01G0023450-1H	C2C2-GATA	TFF
Soffic.01F0018820-1F	bHLH	TFF
Soffic.08G0017370-8H	bHLH	TFF
Soffic.05G0021470-5A	C2H2	TFF
Soffic.03F0021930-3F	C3H	TFF
Soffic.06G0002020-6E	ABI3VP1	TFF
Soffic.01G0041900-1F	GNAT	OTR
Soffic.03G0024540-3G	HB	TFF
Soffic.07G0001970-7C	zf-LSD1	TFF
Soffic.03H0036540-3H	MADS	TFF
Soffic.04G0029950-4A	bHLH	TFF
Soffic.01G0010790-1E	FAR1	TFF
Soffic.10G0023100-10C	SBP	TFF
Soffic.02G0019200-2F	PHD	OTR
Soffic.02E0010340-2E	Orphans	Orphans
Soffic.05G0005130-5H	Orphans	Orphans
Soffic.02G0017740-2C	MYB	TFF
Soffic.05G0008680-5E	Orphans	Orphans
Soffic.09G0012560-9A	PHD	OTR
Soffic.07E0004770-7E	CCAAT	TFF
Soffic.05G0021500-5F	Orphans	Orphans
Soffic.06F0000540-6F	C3H	TFF
Soffic.01G0041470-1A	C2C2-Dof	TFF
Soffic.04G0012590-4F	ARID	OTR
Soffic.09G0010930-9B	GNAT	OTR
Soffic.02G0025030-2A	TCP	TFF
Soffic.10G0010000-10A	FHA	TFF
Soffic.01G0024980-1C	Orphans	Orphans
Soffic.02G0002950-2A	TRAF	OTR
Soffic.06G0024340-6A	Orphans	Orphans
Soffic.01G0018350-1G	bHLH	TFF
Soffic.03G0015800-3G	bZIP	TFF
Soffic.08G0003310-8C	WRKY	TFF
Soffic.10G0005420-10C	AP2-EREBP	TFF
Soffic.02G0035460-2A	GeBP	TFF
Soffic.09G0014920-9B	C2C2-Dof	TFF
Soffic.06G0023310-6B	Orphans	Orphans
Soffic.10B0004360-10B	mTERF	OTR
Soffic.09B0015460-9B	HB	TFF
Soffic.10G0013810-10B	WRKY	TFF
Soffic.01F0032960-1F	WRKY	TFF
Soffic.01C0039010-1C	EIL	TFF
Soffic.02F0012370-2F	WRKY	TFF
Soffic.09H0014010-9H	GRAS	TFF
Soffic.08G0006950-8G	zf-BED	TFF
Soffic.07F0007150-7F	Tify	TFF
Soffic.02F0034370-2F	Tudor-knot	OTR
Soffic.07G0006350-7F	AP2-EREBP	TFF
Soffic.10G0000330-10A	Orphans	Orphans
Soffic.03G0011350-3G	AUX/IAA	OTR
Soffic.10G0017530-10E	C3H	TFF
Soffic.08G0012640-8A	Orphans	Orphans
Soffic.04G0022170-4E	C2H2	TFF
Soffic.03G0000360-3B	AUX/IAA	OTR
Soffic.09G0021430-9H	Sigma70-like	TFF
Soffic.01G0048340-1H	ABI3VP1	TFF
Soffic.10G0005310-10G	DBP	TFF
Soffic.08G0015390-8G	CCAAT	TFF
Soffic.09H0019640-9H	AP2-EREBP	TFF
Soffic.06G0011950-6A	TAZ	TFF
Soffic.04D0017560-4D	PLATZ	TFF
Soffic.10G0007110-10H	ARR-B	TFF
Soffic.07G0001850-7C	TRAF	OTR
Soffic.04G0008860-4B	bHLH	TFF
Soffic.09G0008220-9E	AP2-EREBP	TFF
Soffic.07G0017790-7A	RB	OTR
Soffic.06G0015850-6E	ABI3VP1	TFF
Soffic.10H0017300-10H	bZIP	TFF
Soffic.06B0005210-6B	Tify	TFF
Soffic.02G0014270-2E	mTERF	OTR
Soffic.10G0002260-10F	Orphans	Orphans
Soffic.06G0005720-6B	zf-BED	TFF
Soffic.02G0018640-2C	Orphans	Orphans
Soffic.10G0014720-10D	MYB-related	TFF
Soffic.01G0016350-1C	ABI3VP1	TFF
Soffic.08G0006130-8C	WRKY	TFF
Soffic.06G0013040-6E	Orphans	Orphans
Soffic.08G0018510-8E	FAR1	TFF
Soffic.02F0030680-2F	C2C2-YABBY	TFF
Soffic.08G0015860-8F	Orphans	Orphans
Soffic.01G0043550-1C	FAR1	TFF
Soffic.01G0026530-1C	Tify	TFF
Soffic.01G0008570-1A	bZIP	TFF
Soffic.06G0012510-6D	Orphans	Orphans
Soffic.09G0007860-9G	OFP	TFF
Soffic.10E0020250-10E	PLATZ	TFF
Soffic.01G0038250-1E	MYB	TFF
Soffic.05G0008750-5F	Orphans	Orphans
Soffic.01G0016710-1B	AP2-EREBP	TFF
Soffic.03G0003990-3G	bZIP	TFF
Soffic.08G0014620-8A	AP2-EREBP	TFF
Soffic.01G0048620-1A	Tify	TFF
Soffic.02G0024990-2G	RWP-RK	TFF
Soffic.04G0032390-4D	zf-C5HC2	TFF
Soffic.09G0021310-9G	MYB-related	TFF
Soffic.02G0016450-2D	OFP	TFF
Soffic.05G0020300-5D	MYB	TFF
Soffic.01G0048240-1A	MADS	TFF
Soffic.07G0018400-7C	TRAF	OTR
Soffic.04C0027980-4C	TCP	TFF
Soffic.08F0008130-8F	Alfin-like	TFF
Soffic.01F0018350-1F	TFIID	TFF
Soffic.01H0021170-1H	TFIID	TFF
Soffic.02G0018190-2E	bZIP	TFF
Soffic.02G0033300-2E	TRAF	OTR
Soffic.03G0016390-3E	bHLH	TFF
Soffic.07D0018410-7D	RB	OTR
Soffic.01B0022830-1B	TRAF	OTR
Soffic.02G0007250-2H	FAR1	TFF
Soffic.05G0002100-5H	MYB	TFF
Soffic.04G0010780-4G	bHLH	TFF
Soffic.07G0020880-7B	C2C2-Dof	TFF
Soffic.03G0023200-3G	MADS	TFF
Soffic.08H0015670-8H	CCAAT	TFF
Soffic.01G0011690-1C	C2C2-GATA	TFF
Soffic.05G0016140-5H	E2F-DP	TFF
Soffic.10G0005920-10H	AUX/IAA	OTR
Soffic.04G0024920-4F	CCAAT	TFF
Soffic.03D0005240-3D	MYB-related	TFF
Soffic.05G0001460-5D	GRAS	TFF
Soffic.06G0018330-6B	MYB-related	TFF
Soffic.09G0004390-9D	MADS	TFF
Soffic.08G0003260-8B	MYB-related	TFF
Soffic.06G0002960-6D	bHLH	TFF
Soffic.01G0030320-1F	MYB	TFF
Soffic.02G0012700-2B	bZIP	TFF
Soffic.01G0044110-1D	ARR-B	TFF
Soffic.03G0038370-3D	GRAS	TFF
Soffic.02D0022530-2D	NAC	TFF
Soffic.01G0028530-1G	FAR1	TFF
Soffic.04E0018280-4E	Orphans	Orphans
Soffic.01H0020450-1H	Orphans	Orphans
Soffic.03G0010750-3C	C3H	TFF
Soffic.01G0005670-1F	AP2-EREBP	TFF
Soffic.08G0005280-8A	GRAS	TFF
Soffic.02G0019990-2B	AP2-EREBP	TFF
Soffic.01G0012890-1D	MYB-related	TFF
Soffic.02G0029940-2B	bHLH	TFF
Soffic.01G0020210-1H	Orphans	Orphans
Soffic.01G0022230-1C	ARF	TFF
Soffic.09G0011890-9B	AP2-EREBP	TFF
Soffic.02G0021660-2C	bHLH	TFF
Soffic.01G0028930-1G	WRKY	TFF
Soffic.03G0011820-3G	HB	TFF
Soffic.06G0001670-6E	Top	TFF
Soffic.04G0020530-4F	MYB	TFF
Soffic.03G0011780-3F	MADS	TFF
Soffic.04G0019810-4D	MADS	TFF
Soffic.06G0016210-6D	MYB-related	TFF
Soffic.10G0009560-10E	TRAF	OTR
Soffic.01G0036260-1G	MYB-related	TFF
Soffic.05G0000320-5C	AP2-EREBP	TFF
Soffic.02G0003770-2C	mTERF	OTR
Soffic.03C0038630-3C	FAR1	TFF
Soffic.09G0017810-9G	Orphans	Orphans
Soffic.04G0002540-4B	TAZ	TFF
Soffic.04G0029480-4B	NOT2_3_5	OTR
Soffic.04G0032480-4G	Orphans	Orphans
Soffic.10F0023760-10F	NAC	TFF
Soffic.03F0032590-3F	MYB	TFF
Soffic.07G0019420-7F	bHLH	TFF
Soffic.07H0006490-7H	AP2-EREBP	TFF
Soffic.02G0037810-2B	TUB	TFF
Soffic.03G0030580-3G	MYB	TFF
Soffic.07G0004750-7E	CCAAT	TFF
Soffic.09G0015280-9F	NAC	TFF
Soffic.08G0013980-8E	FAR1	TFF
Soffic.04G0021650-4D	AP2-EREBP	TFF
Soffic.01G0009420-1D	MADS	TFF
Soffic.01G0001200-1C	Orphans	Orphans
Soffic.06G0016710-6E	bHLH	TFF
Soffic.03G0011580-3G	bHLH	TFF
Soffic.06G0015830-6G	C2C2-GATA	TFF
Soffic.02G0023010-2F	MADS	TFF
Soffic.10G0008790-10A	WRKY	TFF
Soffic.10G0000650-10A	ABI3VP1	TFF
Soffic.03F0011070-3F	MYB	TFF
Soffic.01E0018670-1E	FHA	TFF
Soffic.06G0001050-6G	Trihelix	TFF
Soffic.03G0016800-3H	C3H	TFF
Soffic.03G0023060-3B	ABI3VP1	TFF
Soffic.01E0048600-1E	Tify	TFF
Soffic.01D0026860-1D	bHLH	TFF
Soffic.08G0001720-8C	FAR1	TFF
Soffic.04G0017270-4F	C2H2	TFF
Soffic.03G0003710-3A	Orphans	Orphans
Soffic.04G0026600-4B	MYB	TFF
Soffic.04H0026060-4H	NAC	TFF
Soffic.02G0022570-2E	AP2-EREBP	TFF
Soffic.02G0018450-2G	AP2-EREBP	TFF
Soffic.09D0013730-9D	Alfin-like	TFF
Soffic.08E0004920-8E	MED26	OTR
Soffic.03G0036700-3B	C2H2	TFF
Soffic.09G0000040-9D	C2C2-GATA	TFF
Soffic.10G0014120-10C	MADS	TFF
Soffic.07E0019850-7E	CCAAT	TFF
Soffic.01G0033020-1B	MYB	TFF
Soffic.05G0003190-5H	DDT	OTR
Soffic.01G0040300-1C	bZIP	TFF
Soffic.02E0028730-2E	GRF	TFF
Soffic.05G0006870-5C	NAC	TFF
Soffic.04F0022740-4F	C2C2-Dof	TFF
Soffic.03G0023680-3H	WRKY	TFF
Soffic.06G0010120-6B	C2H2	TFF
Soffic.02G0037430-2D	AP2-EREBP	TFF
Soffic.02G0026270-2E	PHD	OTR
Soffic.03G0034170-3D	PHD	OTR
Soffic.01D0039300-1D	MYB	TFF
Soffic.01H0009330-1H	HB	TFF
Soffic.03G0026100-3B	NAC	TFF
Soffic.08G0002420-8C	GRAS	TFF
Soffic.02G0035340-2A	SART-1	OTR
Soffic.06E0000760-6E	NAC	TFF
Soffic.04G0013880-4B	Orphans	Orphans
Soffic.04H0005730-4H	TUB	TFF
Soffic.02H0020820-2H	Orphans	Orphans
Soffic.01G0045290-1F	Jumonji	OTR
Soffic.04G0028140-4D	E2F-DP	TFF
Soffic.02G0014010-2B	MYB-related	TFF
Soffic.03H0031350-3H	CCAAT	TFF
Soffic.06G0004600-6H	WRKY	TFF
Soffic.01C0014830-1C	HB	TFF
Soffic.04H0023100-4H	Trihelix	TFF
Soffic.03G0004090-3A	BES1	TFF
Soffic.02G0032690-2G	Tify	TFF
Soffic.09G0002670-9D	MADS	TFF
Soffic.03D0021240-3D	MYB-related	TFF
Soffic.04G0026830-4F	mTERF	OTR
Soffic.01G0044890-1B	Orphans	Orphans
Soffic.02G0016590-2G	zf-BED	TFF
Soffic.09G0019170-9D	Sigma70-like	TFF
Soffic.05G0021370-5B	C2H2	TFF
Soffic.01G0029610-1F	TIG	TFF
Soffic.09G0023210-9A	C2C2-GATA	TFF
Soffic.09G0015660-9E	WRKY	TFF
Soffic.01G0049310-1B	C2C2-GATA	TFF
Soffic.07F0015060-7F	AP2-EREBP	TFF
Soffic.09G0009190-9B	MADS	TFF
Soffic.03G0003120-3F	MYB-related	TFF
Soffic.01G0010920-1C	AUX/IAA	OTR
Soffic.01H0021860-1H	TRAF	OTR
Soffic.08G0013360-8D	GRAS	TFF
Soffic.01G0037440-1G	AP2-EREBP	TFF
Soffic.04D0028760-4D	mTERF	OTR
Soffic.03G0039470-3A	GNAT	OTR
Soffic.09C0015030-9C	NAC	TFF
Soffic.04G0019650-4A	FAR1	TFF
Soffic.05C0022410-5C	GRAS	TFF
Soffic.01G0050000-1A	HB	TFF
Soffic.02G0021330-2E	bHLH	TFF
Soffic.04G0002780-4H	MYB-related	TFF
Soffic.02G0040560-2B	PHD	OTR
Soffic.07G0004930-7F	SET	OTR
Soffic.03F0026590-3F	ARF	TFF
Soffic.05G0001920-5F	NAC	TFF
Soffic.04G0032140-4G	DBP	TFF
Soffic.07G0019400-7B	SBP	TFF
Soffic.09G0015360-9G	OFP	TFF
Soffic.01G0041370-1B	FAR1	TFF
Soffic.10G0011360-10D	FHA	TFF
Soffic.02G0026800-2H	FAR1	TFF
Soffic.04G0008330-4H	bHLH	TFF
Soffic.10G0012410-10A	Orphans	Orphans
Soffic.04F0034060-4F	Orphans	Orphans
Soffic.06G0008160-6F	SET	OTR
Soffic.04G0011020-4D	bHLH	TFF
Soffic.03G0017120-3D	bHLH	TFF
Soffic.08G0006130-8D	PAS	TFF
Soffic.10G0009150-10E	Orphans	Orphans
Soffic.01G0048000-1G	Not1	TFF
Soffic.03E0012380-3E	AP2-EREBP	TFF
Soffic.06G0006900-6H	SET	OTR
Soffic.04H0029200-4H	NAC	TFF
Soffic.09G0017500-9D	C3H	TFF
Soffic.06G0017340-6H	C2H2	TFF
Soffic.02G0030150-2D	Orphans	Orphans
Soffic.01G0026560-1G	MYB	TFF
Soffic.03G0031490-3F	FAR1	TFF
Soffic.07G0009510-7D	MYB-related	TFF
Soffic.03G0032640-3G	AP2-EREBP	TFF
Soffic.04G0018590-4E	SET	OTR
Soffic.07G0003210-7E	Orphans	Orphans
Soffic.04E0002610-4E	bZIP	TFF
Soffic.03G0013090-3A	MADS	TFF
Soffic.05G0013890-5F	Orphans	Orphans
Soffic.09G0007830-9C	ARF	TFF
Soffic.01G0032530-1C	bZIP	TFF
Soffic.10G0014170-10B	NAC	TFF
Soffic.10B0023490-10B	MADS	TFF
Soffic.01G0023090-1B	NAC	TFF
Soffic.07C0007620-7C	Orphans	Orphans
Soffic.09G0023290-9F	MYB-related	TFF
Soffic.03G0032220-3G	GRAS	TFF
Soffic.07G0015220-7F	NAC	TFF
Soffic.03G0018300-3B	zf-LSD1	TFF
Soffic.03B0016560-3B	PHD	OTR
Soffic.01F0018630-1F	Orphans	Orphans
Soffic.01G0024820-1C	HSF	TFF
Soffic.02G0013120-2B	GRAS	TFF
Soffic.05G0004480-5B	bZIP	TFF
Soffic.03G0010470-3A	MYB	TFF
Soffic.01G0017040-1A	ABI3VP1	TFF
Soffic.04G0030650-4A	DBP	TFF
Soffic.06G0008200-6E	bHLH	TFF
Soffic.07G0004200-7G	C3H	TFF
Soffic.06G0006370-6B	DDT	OTR
Soffic.09G0012980-9G	GRAS	TFF
Soffic.07G0018190-7E	MYB	TFF
Soffic.09G0005700-9B	ABI3VP1	TFF
Soffic.01B0028710-1B	Orphans	Orphans
Soffic.01G0012170-1B	C3H	TFF
Soffic.01G0026820-1A	Tify	TFF
Soffic.03G0019660-3D	C2C2-GATA	TFF
Soffic.08G0014880-8C	AUX/IAA	OTR
Soffic.02G0018400-2C	bHLH	TFF
Soffic.03G0031500-3F	bHLH	TFF
Soffic.10G0010200-10D	WRKY	TFF
Soffic.06G0020800-6B	FAR1	TFF
Soffic.01G0031750-1B	CCAAT	TFF
Soffic.01H0015160-1H	GRAS	TFF
Soffic.09H0006800-9H	HMG	OTR
Soffic.02G0032630-2B	C2H2	TFF
Soffic.03G0028150-3B	bZIP	TFF
Soffic.02G0036890-2B	C3H	TFF
Soffic.05G0017340-5G	bHLH	TFF
Soffic.01C0029280-1C	MYB	TFF
Soffic.07G0014800-7H	HSF	TFF
Soffic.02G0000050-2F	GRAS	TFF
Soffic.10C0013290-10C	C3H	TFF
Soffic.09G0016890-9G	Orphans	Orphans
Soffic.01G0037140-1B	MYB	TFF
Soffic.03G0016820-3B	WRKY	TFF
Soffic.02G0022110-2D	bHLH	TFF
Soffic.10G0022930-10G	C2C2-GATA	TFF
Soffic.06G0021160-6D	AUX/IAA	OTR
Soffic.07F0003540-7F	zf-LSD1	TFF
Soffic.07E0017530-7E	FHA	TFF
Soffic.02G0023580-2F	bZIP	TFF
Soffic.01F0008790-1F	CCAAT	TFF
Soffic.02G0032580-2B	zf-BED	TFF
Soffic.08G0014520-8D	MYB-related	TFF
Soffic.10B0012690-10B	C3H	TFF
Soffic.06B0026330-6B	CCAAT	TFF
Soffic.01G0003980-1A	Alfin-like	TFF
Soffic.10G0009310-10D	Orphans	Orphans
Soffic.08D0007400-8D	MADS	TFF
Soffic.06G0017880-6D	Rcd1-like	OTR
Soffic.03G0011690-3B	Orphans	Orphans
Soffic.05G0020350-5G	AP2-EREBP	TFF
Soffic.08E0005140-8E	C2C2-GATA	TFF
Soffic.08G0003370-8D	FAR1	TFF
Soffic.10G0013480-10H	mTERF	OTR
Soffic.01G0016680-1A	AUX/IAA	OTR
Soffic.01H0002970-1H	GRAS	TFF
Soffic.07G0010890-7G	RWP-RK	TFF
Soffic.01G0030710-1G	SET	OTR
Soffic.09F0009130-9F	bHLH	TFF
Soffic.06G0010760-6D	bZIP	TFF
Soffic.07G0017570-7G	NAC	TFF
Soffic.03G0024800-3F	zf-BED	TFF
Soffic.08G0013390-8B	Orphans	Orphans
Soffic.02G0036280-2B	MYB	TFF
Soffic.09G0010450-9D	GNAT	OTR
Soffic.03G0034910-3E	GRAS	TFF
Soffic.01G0005960-1B	GNAT	OTR
Soffic.10G0024080-10F	MYB-related	TFF
Soffic.02G0017800-2D	bHLH	TFF
Soffic.08G0013470-8H	C2H2	TFF
Soffic.09D0021070-9D	C2C2-GATA	TFF
Soffic.09G0022730-9F	WRKY	TFF
Soffic.02E0021610-2E	MADS	TFF
Soffic.01G0045490-1B	OFP	TFF
Soffic.10G0015240-10D	AP2-EREBP	TFF
Soffic.01G0024300-1G	C2H2	TFF
Soffic.09G0021290-9G	zf-HD	TFF
Soffic.07F0012920-7F	MADS	TFF
Soffic.07G0012700-7B	FAR1	TFF
Soffic.04G0010350-4H	Orphans	Orphans
Soffic.01G0016930-1A	ABI3VP1	TFF
Soffic.03G0036000-3D	ABI3VP1	TFF
Soffic.08G0009190-8C	Orphans	Orphans
Soffic.04H0001990-4H	bZIP	TFF
Soffic.09G0009700-9H	AP2-EREBP	TFF
Soffic.02G0014980-2B	TRAF	OTR
Soffic.02G0005300-2C	zf-A20	TFF
Soffic.03G0033560-3E	bZIP	TFF
Soffic.04G0024130-4B	C2H2	TFF
Soffic.10G0001640-10C	Orphans	Orphans
Soffic.07G0006820-7H	Orphans	Orphans
Soffic.03G0024710-3D	HSF	TFF
Soffic.10G0024890-10G	bZIP	TFF
Soffic.07G0017240-7E	zf-BED	TFF
Soffic.05G0010930-5G	Sigma70-like	TFF
Soffic.01G0048120-1E	TRAF	OTR
Soffic.02G0014450-2A	NAC	TFF
Soffic.10G0007330-10D	AP2-EREBP	TFF
Soffic.01G0009200-1C	C2C2-Dof	TFF
Soffic.09G0002420-9B	C3H	TFF
Soffic.04E0008720-4E	bZIP	TFF
Soffic.03G0001400-3H	MADS	TFF
Soffic.07G0007500-7E	CCAAT	TFF
Soffic.10G0001920-10D	GRAS	TFF
Soffic.05G0022450-5C	GRAS	TFF
Soffic.10B0024620-10B	HMG	OTR
Soffic.07G0015610-7D	SET	OTR
Soffic.06G0023880-6B	AP2-EREBP	TFF
Soffic.01D0000030-1D	Orphans	Orphans
Soffic.01G0008030-1D	MYB	TFF
Soffic.02G0020470-2A	PHD	OTR
Soffic.03G0002020-3D	bZIP	TFF
Soffic.06E0018230-6E	Trihelix	TFF
Soffic.06G0012860-6E	C2C2-CO-like	TFF
Soffic.05F0011280-5F	Orphans	Orphans
Soffic.03G0027120-3A	Orphans	Orphans
Soffic.03G0038620-3A	SRS	TFF
Soffic.02G0020500-2F	bHLH	TFF
Soffic.07G0009540-7F	MYB-related	TFF
Soffic.01G0046050-1G	NAC	TFF
Soffic.03G0033960-3E	bZIP	TFF
Soffic.01G0006880-1E	Orphans	Orphans
Soffic.01C0047730-1C	GNAT	OTR
Soffic.06G0009190-6F	FHA	TFF
Soffic.09H0020520-9H	Trihelix	TFF
Soffic.09G0002610-9D	WRKY	TFF
Soffic.02G0004730-2G	bZIP	TFF
Soffic.10G0010590-10G	FAR1	TFF
Soffic.10G0000780-10H	TRAF	OTR
Soffic.04G0027620-4A	AP2-EREBP	TFF
Soffic.01G0040820-1G	TIG	TFF
Soffic.06G0021870-6C	AP2-EREBP	TFF
Soffic.07G0008850-7B	WRKY	TFF
Soffic.02C0013390-2C	bZIP	TFF
Soffic.04G0030430-4B	Orphans	Orphans
Soffic.04D0027300-4D	MADS	TFF
Soffic.07F0020840-7F	CCAAT	TFF
Soffic.02F0009800-2F	Orphans	Orphans
Soffic.07F0010890-7F	WRKY	TFF
Soffic.07G0005660-7D	WRKY	TFF
Soffic.08G0008700-8F	MED26	OTR
Soffic.03H0034400-3H	SWI/SNF-BAF60b	OTR
Soffic.05G0003670-5E	bZIP	TFF
Soffic.06F0016480-6F	RWP-RK	TFF
Soffic.02G0025940-2F	C2H2	TFF
Soffic.01E0050810-1E	NAC	TFF
Soffic.02G0005960-2A	bZIP	TFF
Soffic.02G0014800-2F	WRKY	TFF
Soffic.07G0001110-7E	Orphans	Orphans
Soffic.06G0000800-6F	Orphans	Orphans
Soffic.07G0007350-7A	Orphans	Orphans
Soffic.01G0011080-1H	bHLH	TFF
Soffic.01G0037380-1A	Orphans	Orphans
Soffic.02G0030710-2D	GRAS	TFF
Soffic.01G0006780-1D	GNAT	OTR
Soffic.08G0009440-8C	TRAF	OTR
Soffic.05G0013390-5A	ARF	TFF
Soffic.08G0010850-8F	PAS	TFF
Soffic.02F0029220-2F	CCAAT	TFF
Soffic.06G0007020-6B	bHLH	TFF
Soffic.06G0024160-6D	SET	OTR
Soffic.02E0033470-2E	SAP	TFF
Soffic.03G0001580-3F	Orphans	Orphans
Soffic.05G0010940-5G	Sigma70-like	TFF
Soffic.09G0017270-9G	WRKY	TFF
Soffic.01G0032220-1A	SWI/SNF-SWI3	OTR
Soffic.08D0012860-8D	Orphans	Orphans
Soffic.08E0016140-8E	NAC	TFF
Soffic.10G0006940-10C	MYB-related	TFF
Soffic.10E0025260-10E	bZIP	TFF
Soffic.09G0013810-9C	NAC	TFF
Soffic.06G0020400-6H	AP2-EREBP	TFF
Soffic.01G0029040-1F	Tify	TFF
Soffic.04D0007090-4D	C3H	TFF
Soffic.04G0020800-4G	C2H2	TFF
Soffic.09G0022770-9D	MYB-related	TFF
Soffic.02G0038200-2E	WRKY	TFF
Soffic.10G0006540-10C	bHLH	TFF
Soffic.03G0003300-3D	NAC	TFF
Soffic.06C0010950-6C	zf-BED	TFF
Soffic.10G0015430-10H	AP2-EREBP	TFF
Soffic.03F0003010-3F	RWP-RK	TFF
Soffic.10G0017500-10B	ARID	OTR
Soffic.02F0002430-2F	MADS	TFF
Soffic.02D0019230-2D	AP2-EREBP	TFF
Soffic.01G0027990-1H	MYB-related	TFF
Soffic.05G0017180-5D	Jumonji	OTR
Soffic.03D0015480-3D	bZIP	TFF
Soffic.03G0019340-3E	HSF	TFF
Soffic.10C0000690-10C	Orphans	Orphans
Soffic.07G0011540-7G	WRKY	TFF
Soffic.06G0011190-6G	NAC	TFF
Soffic.01G0009060-1A	MYB-related	TFF
Soffic.02G0023120-2G	bZIP	TFF
Soffic.10G0013220-10C	TRAF	OTR
Soffic.07G0012040-7E	PHD	OTR
Soffic.01G0033650-1G	SART-1	OTR
Soffic.10G0020680-10G	TRAF	OTR
Soffic.03F0035360-3F	mTERF	OTR
Soffic.03G0022260-3A	Top	TFF
Soffic.02G0013860-2E	WRKY	TFF
Soffic.05H0010880-5H	Orphans	Orphans
Soffic.07G0018580-7C	TRAF	OTR
Soffic.02G0008800-2A	BBR/BPC	TFF
Soffic.01G0035480-1D	Orphans	Orphans
Soffic.03G0024220-3B	WRKY	TFF
Soffic.03G0021070-3B	NAC	TFF
Soffic.04G0023050-4G	MYB	TFF
Soffic.01G0012340-1H	MYB-related	TFF
Soffic.06G0016950-6D	MYB	TFF
Soffic.02G0013850-2C	bZIP	TFF
Soffic.01G0024150-1B	SAP	TFF
Soffic.08G0015100-8E	WRKY	TFF
Soffic.10G0016090-10F	PLATZ	TFF
Soffic.06G0001620-6B	FAR1	TFF
Soffic.02G0011580-2B	Orphans	Orphans
Soffic.01G0041860-1D	bHLH	TFF
Soffic.03G0025470-3E	HSF	TFF
Soffic.08G0017890-8F	FAR1	TFF
Soffic.03G0015260-3E	Jumonji	OTR
Soffic.08G0007860-8A	NAC	TFF
Soffic.01G0014710-1G	SET	OTR
Soffic.02D0023440-2D	TCP	TFF
Soffic.01G0008580-1F	SET	OTR
Soffic.01G0036520-1A	bHLH	TFF
Soffic.04H0024200-4H	MADS	TFF
Soffic.07E0014080-7E	AP2-EREBP	TFF
Soffic.01G0029630-1D	AP2-EREBP	TFF
Soffic.06G0008880-6A	Orphans	Orphans
Soffic.05G0001870-5A	NAC	TFF
Soffic.04G0009050-4B	BES1	TFF
Soffic.09B0009380-9B	AP2-EREBP	TFF
Soffic.10H0001400-10H	HB	TFF
Soffic.01F0040590-1F	MADS	TFF
Soffic.09B0014750-9B	MYB-related	TFF
Soffic.06G0021240-6F	FAR1	TFF
Soffic.09G0014570-9E	MYB	TFF
Soffic.02G0017670-2B	zf-HD	TFF
Soffic.01G0026910-1F	SWI/SNF-SWI3	OTR
Soffic.03G0009740-3B	C3H	TFF
Soffic.06G0015520-6B	SET	OTR
Soffic.04G0015180-4F	MADS	TFF
Soffic.01G0012620-1A	PAS	TFF
Soffic.03G0034880-3B	bHLH	TFF
Soffic.02H0008390-2H	C2H2	TFF
Soffic.10F0000810-10F	AP2-EREBP	TFF
Soffic.02E0023660-2E	bZIP	TFF
Soffic.03G0019450-3D	zf-LSD1	TFF
Soffic.04D0006350-4D	TUB	TFF
Soffic.04G0013080-4E	MED26	OTR
Soffic.01G0045020-1A	C2C2-YABBY	TFF
Soffic.04G0019390-4C	MYB	TFF
Soffic.06G0007140-6A	AP2-EREBP	TFF
Soffic.07G0006730-7B	OFP	TFF
Soffic.02G0029340-2E	bHLH	TFF
Soffic.02G0019390-2E	bHLH	TFF
Soffic.02E0035860-2E	DDT	OTR
Soffic.04G0006030-4E	zf-BED	TFF
Soffic.01D0042370-1D	CCAAT	TFF
Soffic.01G0050520-1B	Orphans	Orphans
Soffic.04G0002220-4G	bZIP	TFF
Soffic.02G0028070-2A	FAR1	TFF
Soffic.06F0017470-6F	GRAS	TFF
Soffic.04G0026700-4F	Orphans	Orphans
Soffic.02G0024010-2G	SRS	TFF
Soffic.09G0015390-9A	MYB-related	TFF
Soffic.09H0011820-9H	CCAAT	TFF
Soffic.01G0009790-1A	MADS	TFF
Soffic.04G0031610-4D	MYB-related	TFF
Soffic.09G0018520-9C	Orphans	Orphans
Soffic.07G0006420-7B	TRAF	OTR
Soffic.04G0002340-4E	SWI/SNF-BAF60b	OTR
Soffic.06B0014460-6B	TCP	TFF
Soffic.04G0010610-4D	PLATZ	TFF
Soffic.02G0027300-2F	mTERF	OTR
Soffic.01G0033820-1E	C2H2	TFF
Soffic.03G0031110-3D	bHLH	TFF
Soffic.05G0005860-5C	AP2-EREBP	TFF
Soffic.05G0004050-5H	Pseudo_ARR-B	OTR
Soffic.02F0002190-2F	HB	TFF
Soffic.07D0021890-7D	CCAAT	TFF
Soffic.04G0008290-4D	bHLH	TFF
Soffic.07F0010370-7F	MYB-related	TFF
Soffic.01C0006430-1C	FAR1	TFF
Soffic.09E0014380-9E	HB	TFF
Soffic.09G0016920-9G	AUX/IAA	OTR
Soffic.05G0012930-5G	Orphans	Orphans
Soffic.10G0013270-10B	Orphans	Orphans
Soffic.05G0012380-5E	SBP	TFF
Soffic.04G0009470-4A	Orphans	Orphans
Soffic.04G0029290-4F	AP2-EREBP	TFF
Soffic.01G0014080-1H	ABI3VP1	TFF
Soffic.02G0001730-2G	FAR1	TFF
Soffic.09D0018660-9D	WRKY	TFF
Soffic.02D0000790-2D	TRAF	OTR
Soffic.09G0013500-9G	VOZ	TFF
Soffic.09G0018290-9D	OFP	TFF
Soffic.02H0023480-2H	bHLH	TFF
Soffic.01H0004330-1H	AP2-EREBP	TFF
Soffic.07G0005220-7G	bZIP	TFF
Soffic.10G0021970-10F	SBP	TFF
Soffic.01G0043360-1B	NAC	TFF
Soffic.02G0022500-2F	NAC	TFF
Soffic.01G0016940-1A	ABI3VP1	TFF
Soffic.01H0048150-1H	HB	TFF
Soffic.02G0033500-2B	MADS	TFF
Soffic.09G0014850-9E	Orphans	Orphans
Soffic.02G0011070-2B	AP2-EREBP	TFF
Soffic.01G0000590-1E	ABI3VP1	TFF
Soffic.02G0008030-2G	C2H2	TFF
Soffic.05G0021480-5F	AP2-EREBP	TFF
Soffic.01E0041550-1E	C3H	TFF
Soffic.04G0001410-4A	GeBP	TFF
Soffic.03G0010320-3E	BSD	TFF
Soffic.07G0018930-7A	Orphans	Orphans
Soffic.10G0021040-10E	TRAF	OTR
Soffic.02G0031190-2F	C2H2	TFF
Soffic.02G0026680-2G	MYB	TFF
Soffic.08G0004720-8C	GRAS	TFF
Soffic.03G0013730-3B	CCAAT	TFF
Soffic.10G0015150-10F	AP2-EREBP	TFF
Soffic.06E0008130-6E	AP2-EREBP	TFF
Soffic.01G0037430-1G	TRAF	OTR
Soffic.02G0018980-2D	PHD	OTR
Soffic.03H0031590-3H	WRKY	TFF
Soffic.09G0010150-9A	AP2-EREBP	TFF
Soffic.01G0017850-1C	C2H2	TFF
Soffic.02G0024070-2G	SRS	TFF
Soffic.01G0037340-1C	TUB	TFF
Soffic.07G0002370-7F	Orphans	Orphans
Soffic.03G0001740-3B	PHD	OTR
Soffic.01G0007640-1B	C2C2-Dof	TFF
Soffic.03G0016960-3D	C3H	TFF
Soffic.03G0020290-3G	GRAS	TFF
Soffic.09E0019270-9E	WRKY	TFF
Soffic.06G0010510-6C	TAZ	TFF
Soffic.04G0026840-4F	mTERF	OTR
Soffic.06B0024210-6B	TRAF	OTR
Soffic.03D0021230-3D	C2C2-GATA	TFF
Soffic.10G0011120-10C	NAC	TFF
Soffic.09G0018750-9B	Orphans	Orphans
Soffic.06G0010910-6C	zf-BED	TFF
Soffic.01D0004210-1D	C2H2	TFF
Soffic.09G0020640-9B	AP2-EREBP	TFF
Soffic.08G0004430-8C	E2F-DP	TFF
Soffic.10G0006440-10G	ARF	TFF
Soffic.06G0020420-6B	MADS	TFF
Soffic.10G0016290-10H	bHLH	TFF
Soffic.09H0006420-9H	AUX/IAA	OTR
Soffic.02D0031630-2D	C2H2	TFF
Soffic.01C0012820-1C	zf-HD	TFF
Soffic.02G0026160-2E	Orphans	Orphans
Soffic.02G0027780-2C	PHD	OTR
Soffic.10G0024670-10E	MADS	TFF
Soffic.02G0017610-2B	SET	OTR
Soffic.03G0029710-3D	SET	OTR
Soffic.04G0021880-4F	Trihelix	TFF
Soffic.01G0011250-1F	ABI3VP1	TFF
Soffic.06G0024430-6B	BSD	TFF
Soffic.04G0029130-4B	bZIP	TFF
Soffic.10G0024310-10G	MADS	TFF
Soffic.07H0019050-7H	AP2-EREBP	TFF
Soffic.05H0001420-5H	FAR1	TFF
Soffic.02G0022410-2A	WRKY	TFF
Soffic.03G0038780-3E	CCAAT	TFF
Soffic.09F0013130-9F	mTERF	OTR
Soffic.03G0011060-3F	MYB	TFF
Soffic.02G0006570-2A	FAR1	TFF
Soffic.01G0043480-1G	FAR1	TFF
Soffic.09B0012300-9B	SET	OTR
Soffic.07G0006060-7G	CCAAT	TFF
Soffic.07G0013970-7D	zf-A20	TFF
Soffic.01D0047510-1D	Pseudo_ARR-B	OTR
Soffic.09E0001750-9E	MYB	TFF
Soffic.02G0013800-2G	Orphans	Orphans
Soffic.05G0020930-5B	Jumonji	OTR
Soffic.02G0027040-2G	SBP	TFF
Soffic.02G0034600-2H	MYB	TFF
Soffic.08G0003840-8A	DDT	OTR
Soffic.04G0001500-4F	bZIP	TFF
Soffic.10G0019700-10H	GNAT	OTR
Soffic.06G0000960-6C	Orphans	Orphans
Soffic.01G0020160-1F	GRAS	TFF
Soffic.04G0020970-4C	mTERF	OTR
Soffic.03H0039400-3H	Top	TFF
Soffic.02H0021830-2H	zf-BED	TFF
Soffic.02G0020570-2E	bHLH	TFF
Soffic.01H0035610-1H	GeBP	TFF
Soffic.01G0032480-1E	bHLH	TFF
Soffic.01G0026140-1E	HSF	TFF
Soffic.01G0040930-1B	Orphans	Orphans
Soffic.01A0020940-1A	GNAT	OTR
Soffic.04G0014560-4E	MADS	TFF
Soffic.05G0015550-5C	zf-BED	TFF
Soffic.01G0035330-1B	bHLH	TFF
Soffic.05A0002160-5A	zf-HD	TFF
Soffic.09G0016720-9H	OFP	TFF
Soffic.07G0019270-7E	Pseudo_ARR-B	OTR
Soffic.10G0003710-10A	CCAAT	TFF
Soffic.05B0006380-5B	NAC	TFF
Soffic.10G0020100-10G	PLATZ	TFF
Soffic.04G0016810-4A	SET	OTR
Soffic.06G0016230-6H	zf-BED	TFF
Soffic.03G0040250-3H	AP2-EREBP	TFF
Soffic.04C0017940-4C	SET	OTR
Soffic.05B0014000-5B	SBP	TFF
Soffic.01G0028010-1B	NAC	TFF
Soffic.09G0015920-9F	MYB	TFF
Soffic.01G0000160-1B	bHLH	TFF
Soffic.02G0018180-2E	C2H2	TFF
Soffic.02G0039000-2C	C3H	TFF
Soffic.03G0004420-3B	C3H	TFF
Soffic.03G0011640-3G	Orphans	Orphans
Soffic.02G0026400-2B	Alfin-like	TFF
Soffic.03G0027610-3B	AP2-EREBP	TFF
Soffic.07G0000650-7C	NAC	TFF
Soffic.07G0020890-7B	C2H2	TFF
Soffic.03G0035950-3A	bHLH	TFF
Soffic.06G0014890-6H	GRAS	TFF
Soffic.10G0014180-10D	bHLH	TFF
Soffic.01G0037460-1D	MYB-related	TFF
Soffic.05G0003830-5B	GRAS	TFF
Soffic.01B0024070-1B	Tify	TFF
Soffic.01G0037500-1B	SET	OTR
Soffic.10G0004250-10A	AP2-EREBP	TFF
Soffic.01G0031650-1F	Orphans	Orphans
Soffic.01G0038570-1E	MYB	TFF
Soffic.10G0016050-10H	HSF	TFF
Soffic.07G0014100-7G	MYB	TFF
Soffic.04G0032160-4D	PLATZ	TFF
Soffic.02G0038840-2C	WRKY	TFF
Soffic.04G0012800-4B	Orphans	Orphans
Soffic.08D0002550-8D	FHA	TFF
Soffic.10G0024030-10E	TAZ	TFF
Soffic.04G0007430-4A	Orphans	Orphans
Soffic.03F0026350-3F	OFP	TFF
Soffic.02H0030370-2H	AP2-EREBP	TFF
Soffic.01G0049000-1A	AP2-EREBP	TFF
Soffic.02G0031720-2F	Orphans	Orphans
Soffic.07F0006060-7F	SET	OTR
Soffic.02G0022130-2F	MYB-related	TFF
Soffic.02G0019980-2B	bHLH	TFF
Soffic.02G0016650-2E	bHLH	TFF
Soffic.02C0032860-2C	C2H2	TFF
Soffic.09G0013130-9G	GRAS	TFF
Soffic.09G0011880-9B	AP2-EREBP	TFF
Soffic.01G0047340-1B	GNAT	OTR
Soffic.04G0022760-4D	PHD	OTR
Soffic.01H0028520-1H	GRAS	TFF
Soffic.10G0014830-10H	NAC	TFF
Soffic.03F0037020-3F	SET	OTR
Soffic.03G0012230-3G	Orphans	Orphans
Soffic.08B0010100-8B	Orphans	Orphans
Soffic.07H0006480-7H	AP2-EREBP	TFF
Soffic.02G0033520-2H	FAR1	TFF
Soffic.02G0017760-2G	bHLH	TFF
Soffic.04G0029490-4B	bHLH	TFF
Soffic.06G0022350-6H	Orphans	Orphans
Soffic.04G0000300-4D	MYB	TFF
Soffic.01G0016990-1D	Orphans	Orphans
Soffic.04G0027470-4G	MADS	TFF
Soffic.02H0014890-2H	SET	OTR
Soffic.06G0020990-6H	SBP	TFF
Soffic.02G0004800-2G	bZIP	TFF
Soffic.01G0020750-1G	MED26	OTR
Soffic.04E0028240-4E	AP2-EREBP	TFF
Soffic.03G0000810-3C	OFP	TFF
Soffic.10G0001710-10E	TRAF	OTR
Soffic.04F0028380-4F	WRKY	TFF
Soffic.04D0020130-4D	zf-A20	TFF
Soffic.02G0033270-2A	MADS	TFF
Soffic.02G0014380-2E	SET	OTR
Soffic.09G0019760-9E	WRKY	TFF
Soffic.09G0007950-9F	MADS	TFF
Soffic.01G0031700-1A	Orphans	Orphans
Soffic.06F0016500-6F	HMG	OTR
Soffic.04G0028950-4G	mTERF	OTR
Soffic.06G0011390-6A	C2H2	TFF
Soffic.02G0023320-2A	NAC	TFF
Soffic.04F0026490-4F	AP2-EREBP	TFF
Soffic.07G0004570-7C	zf-BED	TFF
Soffic.01E0051030-1E	HB	TFF
Soffic.04G0015260-4A	C2H2	TFF
Soffic.09G0002470-9E	Orphans	Orphans
Soffic.10G0005910-10F	AP2-EREBP	TFF
Soffic.02G0028560-2G	bHLH	TFF
Soffic.10G0004450-10F	ARR-B	TFF
Soffic.01G0026540-1C	Tify	TFF
Soffic.07G0006990-7F	ARF	TFF
Soffic.08G0010640-8A	SWI/SNF-BAF60b	OTR
Soffic.02G0031520-2G	C2H2	TFF
Soffic.03E0020330-3E	Orphans	Orphans
Soffic.02H0024230-2H	Pseudo_ARR-B	OTR
Soffic.10G0004900-10H	Orphans	Orphans
Soffic.10G0018400-10A	SBP	TFF
Soffic.01E0049380-1E	SET	OTR
Soffic.04G0008310-4D	bHLH	TFF
Soffic.01G0016990-1C	MYB	TFF
Soffic.10G0018280-10B	AP2-EREBP	TFF
Soffic.07E0008070-7E	Orphans	Orphans
Soffic.01G0014570-1F	MYB	TFF
Soffic.04G0011600-4B	zf-BED	TFF
Soffic.01H0017430-1H	MYB	TFF
Soffic.06G0021210-6C	AP2-EREBP	TFF
Soffic.08G0007290-8G	RWP-RK	TFF
Soffic.02C0037060-2C	HSF	TFF
Soffic.05G0006770-5E	Orphans	Orphans
Soffic.10G0008780-10A	AP2-EREBP	TFF
Soffic.03G0026330-3E	WRKY	TFF
Soffic.09G0005750-9A	Orphans	Orphans
Soffic.10D0016850-10D	bZIP	TFF
Soffic.07G0005680-7B	zf-BED	TFF
Soffic.04G0001920-4B	bZIP	TFF
Soffic.01G0053090-1A	RWP-RK	TFF
Soffic.10G0005890-10H	C2H2	TFF
Soffic.01D0037780-1D	bZIP	TFF
Soffic.10G0008650-10G	NAC	TFF
Soffic.01G0014140-1E	SET	OTR
Soffic.10E0012040-10E	TRAF	OTR
Soffic.01B0039310-1B	CCAAT	TFF
Soffic.07G0006510-7A	TRAF	OTR
Soffic.01G0020000-1B	Orphans	Orphans
Soffic.07G0002290-7F	zf-LSD1	TFF
Soffic.08H0013080-8H	C2H2	TFF
Soffic.08G0011750-8B	FAR1	TFF
Soffic.06G0014550-6A	TCP	TFF
Soffic.02G0005710-2A	HSF	TFF
Soffic.07G0008030-7G	MYB-related	TFF
Soffic.05G0021910-5E	GRAS	TFF
Soffic.04G0010030-4C	NAC	TFF
Soffic.04G0012010-4H	Tudor-knot	OTR
Soffic.07G0012260-7A	PHD	OTR
Soffic.05G0016130-5H	TRAF	OTR
Soffic.10G0015560-10F	GRAS	TFF
Soffic.07D0000790-7D	NAC	TFF
Soffic.06G0008860-6G	AP2-EREBP	TFF
Soffic.10G0018890-10B	NAC	TFF
Soffic.04G0021450-4E	C2C2-GATA	TFF
Soffic.08H0002340-8H	zf-HD	TFF
Soffic.10G0015960-10F	ARID	OTR
Soffic.01G0032970-1F	WRKY	TFF
Soffic.03G0009780-3G	Top	TFF
Soffic.04G0005210-4A	SBP	TFF
Soffic.05G0021510-5E	C2H2	TFF
Soffic.10G0012000-10A	AUX/IAA	OTR
Soffic.02D0021890-2D	NAC	TFF
Soffic.07G0007480-7E	Orphans	Orphans
Soffic.04G0005720-4G	MYB-related	TFF
Soffic.03G0017300-3H	WRKY	TFF
Soffic.08G0004460-8G	MED26	OTR
Soffic.04G0002680-4B	MYB-related	TFF
Soffic.09G0010960-9A	GNAT	OTR
Soffic.09G0009710-9E	SET	OTR
Soffic.02E0037370-2E	MYB	TFF
Soffic.01D0026260-1D	Tify	TFF
Soffic.04G0032380-4C	Orphans	Orphans
Soffic.05G0004430-5G	TUB	TFF
Soffic.04G0022930-4F	GRF	TFF
Soffic.03G0026660-3D	CPP	TFF
Soffic.06G0008390-6F	bHLH	TFF
Soffic.03G0012750-3C	Orphans	Orphans
Soffic.10G0001970-10A	Top	TFF
Soffic.05G0003750-5A	FAR1	TFF
Soffic.09C0024300-9C	MYB-related	TFF
Soffic.04G0003150-4E	MYB-related	TFF
Soffic.10H0007040-10H	AP2-EREBP	TFF
Soffic.01G0043620-1F	Tify	TFF
Soffic.06G0011880-6H	FAR1	TFF
Soffic.04G0034780-4G	MYB	TFF
Soffic.06F0000680-6F	Orphans	Orphans
Soffic.03G0016870-3E	Orphans	Orphans
Soffic.08F0007290-8F	bZIP	TFF
Soffic.02G0033390-2A	CCAAT	TFF
Soffic.02G0018100-2A	Jumonji	OTR
Soffic.01B0036230-1B	C3H	TFF
Soffic.01G0005580-1D	MYB-related	TFF
Soffic.07G0013570-7C	AP2-EREBP	TFF
Soffic.03G0032820-3G	NAC	TFF
Soffic.07G0017030-7B	bZIP	TFF
Soffic.10G0020550-10E	Orphans	Orphans
Soffic.02G0030940-2G	AP2-EREBP	TFF
Soffic.01G0053760-1A	HB	TFF
Soffic.03G0013610-3C	MED26	OTR
Soffic.03G0020920-3G	AP2-EREBP	TFF
Soffic.01G0041480-1H	zf-C5HC2	TFF
Soffic.03G0030450-3C	MYB	TFF
Soffic.04G0021340-4D	SET	OTR
Soffic.04D0028850-4D	AP2-EREBP	TFF
Soffic.10G0007060-10F	NAC	TFF
Soffic.01G0019250-1H	MYB	TFF
Soffic.05G0001440-5G	C3H	TFF
Soffic.09G0023280-9F	zf-HD	TFF
Soffic.07G0002310-7H	TRAF	OTR
Soffic.10G0015030-10A	AUX/IAA	OTR
Soffic.03G0033180-3B	Alfin-like	TFF
Soffic.04G0028490-4C	MYB	TFF
Soffic.01C0009490-1C	Orphans	Orphans
Soffic.03G0004400-3F	MYB	TFF
Soffic.06G0021620-6H	ARF	TFF
Soffic.01G0027670-1C	Orphans	Orphans
Soffic.02G0023640-2H	TCP	TFF
Soffic.06G0015260-6D	C2H2	TFF
Soffic.07G0017960-7H	PHD	OTR
Soffic.08F0007880-8F	Jumonji	OTR
Soffic.01G0036240-1D	Orphans	Orphans
Soffic.01G0009850-1G	MADS	TFF
Soffic.09G0003110-9C	MADS	TFF
Soffic.01G0003850-1F	AP2-EREBP	TFF
Soffic.08G0004430-8D	OFP	TFF
Soffic.04G0023430-4H	AP2-EREBP	TFF
Soffic.07E0019090-7E	C2H2	TFF
Soffic.04C0011760-4C	Tudor-knot	OTR
Soffic.02G0031370-2G	MYB-related	TFF
Soffic.06G0004370-6G	WRKY	TFF
Soffic.01G0025060-1A	Orphans	Orphans
Soffic.01G0052080-1E	AP2-EREBP	TFF
Soffic.01G0004200-1D	C2H2	TFF
Soffic.10G0010480-10C	zf-fF-X1	TFF
Soffic.02G0026200-2H	GRAS	TFF
Soffic.07G0006200-7B	AP2-EREBP	TFF
Soffic.06G0008740-6E	bHLH	TFF
Soffic.10D0003030-10D	MADS	TFF
Soffic.02G0025790-2B	NAC	TFF
Soffic.10G0019230-10G	zf-BED	TFF
Soffic.10D0020650-10D	MYB	TFF
Soffic.10B0023480-10B	SRS	TFF
Soffic.01E0009680-1E	MADS	TFF
Soffic.02G0004850-2D	Tify	TFF
Soffic.02G0013320-2D	bZIP	TFF
Soffic.10G0025770-10E	NAC	TFF
Soffic.10F0014660-10F	AUX/IAA	OTR
Soffic.03G0009410-3E	C3H	TFF
Soffic.05G0020450-5D	C2H2	TFF
Soffic.08G0016870-8F	NAC	TFF
Soffic.06G0023110-6C	AP2-EREBP	TFF
Soffic.02G0022700-2G	bHLH	TFF
Soffic.01F0018400-1F	OFP	TFF
Soffic.01G0015520-1E	HB	TFF
Soffic.07G0007970-7H	CCAAT	TFF
Soffic.02G0003730-2H	FAR1	TFF
Soffic.01H0013650-1H	CPP	TFF
Soffic.06G0000100-6G	GeBP	TFF
Soffic.09G0007380-9H	bHLH	TFF
Soffic.02G0013940-2F	Orphans	Orphans
Soffic.02G0000360-2G	C2H2	TFF
Soffic.06G0003280-6F	ABI3VP1	TFF
Soffic.02G0029990-2G	C3H	TFF
Soffic.08G0015900-8C	SET	OTR
Soffic.09H0017030-9H	GRAS	TFF
Soffic.01G0015920-1E	bHLH	TFF
Soffic.09G0021890-9G	bHLH	TFF
Soffic.10G0009660-10F	PHD	OTR
Soffic.07G0006610-7C	TRAF	OTR
Soffic.10G0009570-10A	zf-C5HC2	TFF
Soffic.04G0009700-4G	HSF	TFF
Soffic.08G0016000-8B	C2C2-GATA	TFF
Soffic.10C0006230-10C	DBP	TFF
Soffic.01G0050290-1B	NAC	TFF
Soffic.03E0040740-3E	PHD	OTR
Soffic.08G0014890-8C	AUX/IAA	OTR
Soffic.01G0008470-1E	C2C2-Dof	TFF
Soffic.03G0011930-3B	HB	TFF
Soffic.09G0020560-9D	DDT	OTR
Soffic.08G0005390-8F	MYB-related	TFF
Soffic.07G0005990-7G	Orphans	Orphans
Soffic.09G0020400-9B	C2C2-GATA	TFF
Soffic.07H0005620-7H	ABI3VP1	TFF
Soffic.08G0015360-8A	LIM	TFF
Soffic.04G0006290-4G	Orphans	Orphans
Soffic.07G0004940-7H	SET	OTR
Soffic.09D0000600-9D	C2H2	TFF
Soffic.09G0018880-9C	WRKY	TFF
Soffic.09G0003170-9C	bHLH	TFF
Soffic.01G0035270-1G	Top	TFF
Soffic.04H0013640-4H	ARID	OTR
Soffic.04H0025350-4H	Orphans	Orphans
Soffic.01G0034460-1H	TUB	TFF
Soffic.03G0003540-3B	NAC	TFF
Soffic.06G0015880-6B	AP2-EREBP	TFF
Soffic.07G0017250-7G	SBP	TFF
Soffic.05G0018020-5F	WRKY	TFF
Soffic.07G0010880-7G	RWP-RK	TFF
Soffic.09H0011980-9H	AP2-EREBP	TFF
Soffic.01G0015030-1G	Top	TFF
Soffic.03G0000160-3C	Orphans	Orphans
Soffic.04G0001310-4B	NAC	TFF
Soffic.02H0016700-2H	C2H2	TFF
Soffic.05G0016090-5E	FAR1	TFF
Soffic.04G0016890-4H	bHLH	TFF
Soffic.10G0006690-10C	PHD	OTR
Soffic.04E0005410-4E	GNAT	OTR
Soffic.08G0010770-8G	AP2-EREBP	TFF
Soffic.03G0032940-3B	SWI/SNF-BAF60b	OTR
Soffic.05G0020640-5G	C2H2	TFF
Soffic.06G0010940-6F	C2H2	TFF
Soffic.06G0021270-6C	AP2-EREBP	TFF
Soffic.01G0040220-1G	C2H2	TFF
Soffic.04E0007840-4E	AUX/IAA	OTR
Soffic.06G0024020-6C	Top	TFF
Soffic.04G0009520-4B	Orphans	Orphans
Soffic.07G0002270-7A	MYB-related	TFF
Soffic.04G0021050-4H	NAC	TFF
Soffic.04G0017890-4A	C2H2	TFF
Soffic.02G0035870-2C	TIG	TFF
Soffic.01H0023020-1H	Tify	TFF
Soffic.01G0006040-1G	Orphans	Orphans
Soffic.08G0012680-8C	C2C2-Dof	TFF
Soffic.04F0022200-4F	AP2-EREBP	TFF
Soffic.06B0005160-6B	Tify	TFF
Soffic.09H0017670-9H	Orphans	Orphans
Soffic.03G0023320-3D	MYB	TFF
Soffic.05G0006210-5C	NAC	TFF
Soffic.10G0016610-10E	AP2-EREBP	TFF
Soffic.03H0002790-3H	zf-A20	TFF
Soffic.02G0036500-2F	SET	OTR
Soffic.04G0020690-4H	OFP	TFF
Soffic.04G0010640-4H	Orphans	Orphans
Soffic.01G0046360-1F	Orphans	Orphans
Soffic.09G0004230-9H	GRAS	TFF
Soffic.03C0015390-3C	zf-fF-X1	TFF
Soffic.04G0025410-4A	BSD	TFF
Soffic.04D0029780-4D	GeBP	TFF
Soffic.02G0022520-2B	NAC	TFF
Soffic.06G0014330-6D	C2H2	TFF
Soffic.03G0008320-3G	NAC	TFF
Soffic.10G0006360-10H	MYB-related	TFF
Soffic.04G0010400-4F	CPP	TFF
Soffic.07G0001680-7H	Orphans	Orphans
Soffic.10H0013010-10H	C3H	TFF
Soffic.04G0030340-4A	ARR-B	TFF
Soffic.08E0010420-8E	SWI/SNF-BAF60b	OTR
Soffic.02G0035130-2G	TCP	TFF
Soffic.01G0024940-1A	TRAF	OTR
Soffic.04G0024600-4G	SET	OTR
Soffic.05G0021570-5E	C2H2	TFF
Soffic.01G0043210-1D	zf-BED	TFF
Soffic.07G0019070-7B	AP2-EREBP	TFF
Soffic.04G0025490-4F	SET	OTR
Soffic.06G0020510-6A	FAR1	TFF
Soffic.06E0024860-6E	FAR1	TFF
Soffic.03G0018350-3A	bHLH	TFF
Soffic.01G0016400-1C	ABI3VP1	TFF
Soffic.10G0024290-10G	SRS	TFF
Soffic.08B0003290-8B	AP2-EREBP	TFF
Soffic.04G0033990-4G	Orphans	Orphans
Soffic.02F0031310-2F	mTERF	OTR
Soffic.01G0035170-1F	MYB	TFF
Soffic.04G0026430-4B	MADS	TFF
Soffic.07H0007000-7H	FAR1	TFF
Soffic.01G0033180-1D	CCAAT	TFF
Soffic.01G0015060-1D	HB	TFF
Soffic.06G0012750-6E	bZIP	TFF
Soffic.09G0020930-9G	MADS	TFF
Soffic.04G0028810-4G	TCP	TFF
Soffic.10G0018730-10F	MYB-related	TFF
Soffic.04G0005130-4B	zf-BED	TFF
Soffic.02G0011210-2E	Orphans	Orphans
Soffic.03G0020310-3G	GRAS	TFF
Soffic.06G0018130-6C	WRKY	TFF
Soffic.07G0011010-7B	SET	OTR
Soffic.09G0013330-9A	mTERF	OTR
Soffic.10G0002690-10D	Top	TFF
Soffic.06D0018080-6D	Orphans	Orphans
Soffic.10G0004900-10G	BSD	TFF
Soffic.08G0016730-8E	Orphans	Orphans
Soffic.02H0028530-2H	MYB	TFF
Soffic.03G0004650-3B	MYB	TFF
Soffic.03G0002610-3G	MYB-related	TFF
Soffic.02G0003890-2C	Rcd1-like	OTR
Soffic.08G0014420-8H	WRKY	TFF
Soffic.05H0006390-5H	FAR1	TFF
Soffic.04F0005320-4F	HB	TFF
Soffic.07G0006140-7D	AP2-EREBP	TFF
Soffic.02G0002060-2A	NAC	TFF
Soffic.03G0028130-3F	Orphans	Orphans
Soffic.03G0029310-3C	OFP	TFF
Soffic.07G0004430-7C	SET	OTR
Soffic.10H0008890-10H	MED6	OTR
Soffic.03G0010220-3D	C3H	TFF
Soffic.10E0000700-10E	TCP	TFF
Soffic.02G0012090-2F	HSF	TFF
Soffic.01G0032290-1G	Orphans	Orphans
Soffic.08G0018530-8A	SET	OTR
Soffic.04G0024250-4G	NAC	TFF
Soffic.07G0016950-7H	FAR1	TFF
Soffic.01G0016860-1D	CPP	TFF
Soffic.05G0007940-5G	Jumonji	OTR
Soffic.04G0018090-4D	MYB-related	TFF
Soffic.06G0015350-6D	C2C2-Dof	TFF
Soffic.03G0028750-3D	SAP	TFF
Soffic.02G0021620-2D	MADS	TFF
Soffic.08D0008330-8D	C3H	TFF
Soffic.10G0003430-10E	Orphans	Orphans
Soffic.04G0003040-4G	TAZ	TFF
Soffic.06G0015070-6C	bHLH	TFF
Soffic.04G0018730-4G	DDT	OTR
Soffic.07G0017480-7B	Orphans	Orphans
Soffic.09G0002380-9G	Orphans	Orphans
Soffic.01G0009900-1B	FHA	TFF
Soffic.01G0000940-1H	Sigma70-like	TFF
Soffic.01G0026670-1E	TRAF	OTR
Soffic.02G0023190-2A	C3H	TFF
Soffic.07G0001360-7D	MYB-related	TFF
Soffic.08E0015450-8E	AUX/IAA	OTR
Soffic.07G0016870-7H	MYB	TFF
Soffic.06E0000430-6E	Orphans	Orphans
Soffic.10G0005540-10B	SET	OTR
Soffic.01G0003050-1G	SBP	TFF
Soffic.04G0025010-4C	OFP	TFF
Soffic.05G0002720-5C	C3H	TFF
Soffic.01B0037420-1B	PAS	TFF
Soffic.01G0046450-1B	Pseudo_ARR-B	OTR
Soffic.04H0021340-4H	NAC	TFF
Soffic.08G0002450-8E	zf-HD	TFF
Soffic.05G0002640-5E	TRAF	OTR
Soffic.10G0023130-10A	bZIP	TFF
Soffic.02G0034530-2C	GRAS	TFF
Soffic.06G0006220-6C	Tify	TFF
Soffic.02G0035970-2B	MYB	TFF
Soffic.06G0001150-6G	E2F-DP	TFF
Soffic.01C0050880-1C	MYB	TFF
Soffic.02G0004160-2B	Orphans	Orphans
Soffic.06G0014560-6H	AP2-EREBP	TFF
Soffic.01C0010860-1C	FAR1	TFF
Soffic.01G0034770-1D	GeBP	TFF
Soffic.04G0028580-4F	WRKY	TFF
Soffic.07C0019980-7C	Orphans	Orphans
Soffic.08G0004080-8D	bZIP	TFF
Soffic.04G0034380-4G	C2H2	TFF
Soffic.04G0019250-4B	zf-BED	TFF
Soffic.06G0013480-6E	MYB	TFF
Soffic.04G0012490-4D	Orphans	Orphans
Soffic.01G0009190-1G	Orphans	Orphans
Soffic.04G0004150-4B	ARF	TFF
Soffic.01E0048510-1E	AP2-EREBP	TFF
Soffic.04G0009580-4D	Orphans	Orphans
Soffic.07G0003840-7A	FAR1	TFF
Soffic.03G0024280-3C	OFP	TFF
Soffic.06G0022460-6B	Orphans	Orphans
Soffic.07G0012100-7D	RWP-RK	TFF
Soffic.09G0013780-9C	GRAS	TFF
Soffic.09E0008770-9E	AP2-EREBP	TFF
Soffic.05G0021540-5A	C2H2	TFF
Soffic.05G0016010-5D	Orphans	Orphans
Soffic.06G0015820-6D	OFP	TFF
Soffic.10G0005670-10D	C2H2	TFF
Soffic.09G0009740-9A	FHA	TFF
Soffic.06G0007970-6C	AP2-EREBP	TFF
Soffic.01G0050630-1C	C2C2-GATA	TFF
Soffic.03H0018930-3H	MADS	TFF
Soffic.10E0003780-10E	TRAF	OTR
Soffic.03G0023140-3A	MYB	TFF
Soffic.10G0011220-10B	NAC	TFF
Soffic.03G0014750-3G	FAR1	TFF
Soffic.03G0003380-3F	MYB-related	TFF
Soffic.01G0041940-1A	LIM	TFF
Soffic.01G0054310-1A	AP2-EREBP	TFF
Soffic.03G0034630-3D	C2H2	TFF
Soffic.10G0011640-10B	C2C2-CO-like	TFF
Soffic.05H0008140-5H	ABI3VP1	TFF
Soffic.03G0031450-3G	bZIP	TFF
Soffic.10G0011320-10D	bZIP	TFF
Soffic.01G0013140-1B	HB	TFF
Soffic.07G0013430-7C	FAR1	TFF
Soffic.08G0001090-8C	TRAF	OTR
Soffic.01D0005540-1D	ABI3VP1	TFF
Soffic.04G0022500-4A	AP2-EREBP	TFF
Soffic.08G0013940-8F	LIM	TFF
Soffic.04D0028430-4D	Jumonji	OTR
Soffic.03G0039690-3A	MYB-related	TFF
Soffic.01G0055140-1A	Trihelix	TFF
Soffic.09G0004040-9G	GRAS	TFF
Soffic.04G0020430-4D	TAZ	TFF
Soffic.03G0003020-3F	WRKY	TFF
Soffic.05G0003820-5A	NAC	TFF
Soffic.04B0024740-4B	C2C2-Dof	TFF
Soffic.02G0002040-2B	WRKY	TFF
Soffic.02G0024020-2F	AP2-EREBP	TFF
Soffic.01G0008500-1D	TRAF	OTR
Soffic.10H0019870-10H	Orphans	Orphans
Soffic.03G0011410-3B	MADS	TFF
Soffic.01G0002120-1B	Orphans	Orphans
Soffic.07G0018700-7G	AP2-EREBP	TFF
Soffic.06G0021610-6G	FAR1	TFF
Soffic.01G0019750-1A	Trihelix	TFF
Soffic.09G0001120-9D	Orphans	Orphans
Soffic.01G0004380-1A	bHLH	TFF
Soffic.09G0007660-9D	C2H2	TFF
Soffic.08H0016700-8H	C2C2-GATA	TFF
Soffic.07E0015620-7E	bZIP	TFF
Soffic.03G0008270-3A	bHLH	TFF
Soffic.02G0036820-2D	FAR1	TFF
Soffic.09G0019360-9E	WRKY	TFF
Soffic.04G0011450-4F	OFP	TFF
Soffic.09G0012880-9A	TRAF	OTR
Soffic.08G0002520-8F	NAC	TFF
Soffic.04G0022650-4G	Pseudo_ARR-B	OTR
Soffic.06E0016400-6E	C2H2	TFF
Soffic.09G0007070-9G	MYB-related	TFF
Soffic.02G0013160-2B	Orphans	Orphans
Soffic.06G0023670-6F	zf-BED	TFF
Soffic.01G0048590-1B	OFP	TFF
Soffic.05F0002340-5F	zf-HD	TFF
Soffic.04G0023300-4B	MYB	TFF
Soffic.09G0013730-9A	MYB-related	TFF
Soffic.09C0022820-9C	AP2-EREBP	TFF
Soffic.01F0000740-1F	Sigma70-like	TFF
Soffic.03G0024230-3A	MADS	TFF
Soffic.01G0033250-1D	MYB	TFF
Soffic.03G0010150-3B	zf-BED	TFF
Soffic.06G0027070-6G	bHLH	TFF
Soffic.01G0009270-1A	SWI/SNF-BAF60b	OTR
Soffic.06G0024280-6E	MYB-related	TFF
Soffic.04G0016780-4A	Coactivator_p15	OTR
Soffic.02G0017160-2A	AP2-EREBP	TFF
Soffic.05G0019590-5A	FHA	TFF
Soffic.07G0001600-7D	TRAF	OTR
Soffic.09C0001600-9C	C2H2	TFF
Soffic.04G0033170-4G	FAR1	TFF
Soffic.07G0016160-7F	bZIP	TFF
Soffic.06G0020540-6E	PHD	OTR
Soffic.07B0011890-7B	RWP-RK	TFF
Soffic.06G0023690-6A	SWI/SNF-BAF60b	OTR
Soffic.10G0002550-10H	AP2-EREBP	TFF
Soffic.03H0023320-3H	Coactivator_p15	OTR
Soffic.03G0019240-3D	Orphans	Orphans
Soffic.01G0006160-1C	FHA	TFF
Soffic.07C0017670-7C	MADS	TFF
Soffic.02G0030620-2A	NAC	TFF
Soffic.08G0015090-8A	ABI3VP1	TFF
Soffic.10G0014010-10B	bHLH	TFF
Soffic.09G0002100-9E	C2H2	TFF
Soffic.07G0016230-7D	NAC	TFF
Soffic.07G0003330-7F	NAC	TFF
Soffic.07G0006650-7B	C3H	TFF
Soffic.06G0012650-6G	bZIP	TFF
Soffic.09G0020280-9C	Orphans	Orphans
Soffic.09G0009370-9E	GRAS	TFF
Soffic.01G0000860-1E	Sigma70-like	TFF
Soffic.03G0009500-3D	MYB	TFF
Soffic.01G0008020-1G	FAR1	TFF
Soffic.01G0049540-1A	C2C2-Dof	TFF
Soffic.03G0030050-3A	OFP	TFF
Soffic.06G0002310-6C	Orphans	Orphans
Soffic.06G0014730-6D	bHLH	TFF
Soffic.08G0013690-8H	MYB-related	TFF
Soffic.01G0017140-1A	ABI3VP1	TFF
Soffic.07G0010570-7F	C3H	TFF
Soffic.02G0008270-2D	FAR1	TFF
Soffic.03G0019170-3G	C3H	TFF
Soffic.10G0015660-10D	HSF	TFF
Soffic.03G0037090-3A	bHLH	TFF
Soffic.09G0016140-9E	AUX/IAA	OTR
Soffic.02G0029270-2F	GRAS	TFF
Soffic.07G0013000-7F	bHLH	TFF
Soffic.04B0028610-4B	MADS	TFF
Soffic.10G0008880-10C	mTERF	OTR
Soffic.07G0018090-7E	ARF	TFF
Soffic.01G0053600-1A	OFP	TFF
Soffic.03G0022070-3A	Top	TFF
Soffic.10H0024340-10H	bHLH	TFF
Soffic.02G0037530-2H	NAC	TFF
Soffic.09G0014640-9D	C2C2-Dof	TFF
Soffic.05F0020860-5F	FAR1	TFF
Soffic.02G0021880-2A	bZIP	TFF
Soffic.01G0005920-1B	GNAT	OTR
Soffic.01G0039300-1A	bZIP	TFF
Soffic.10G0008260-10E	AP2-EREBP	TFF
Soffic.01G0032170-1A	OFP	TFF
Soffic.09G0017120-9G	C3H	TFF
Soffic.10B0009250-10B	bHLH	TFF
Soffic.07G0008180-7B	MYB	TFF
Soffic.05G0013510-5G	FAR1	TFF
Soffic.10G0013790-10B	MADS	TFF
Soffic.04G0002270-4F	TAZ	TFF
Soffic.06G0023400-6C	C3H	TFF
Soffic.08G0014160-8E	Orphans	Orphans
Soffic.09G0011040-9F	AUX/IAA	OTR
Soffic.06G0002340-6H	Orphans	Orphans
Soffic.04G0013590-4C	zf-BED	TFF
Soffic.07G0008210-7C	WRKY	TFF
Soffic.02G0029830-2C	bHLH	TFF
Soffic.05G0003530-5D	MADS	TFF
Soffic.08G0014930-8G	zf-BED	TFF
Soffic.01G0003230-1B	mTERF	OTR
Soffic.09G0009030-9G	OFP	TFF
Soffic.05G0001200-5D	WRKY	TFF
Soffic.01G0025340-1D	SET	OTR
Soffic.07G0009070-7E	bHLH	TFF
Soffic.06G0004970-6H	bHLH	TFF
Soffic.04G0009770-4B	MYB-related	TFF
Soffic.08G0016070-8G	Orphans	Orphans
Soffic.09G0021680-9C	DDT	OTR
Soffic.04G0015130-4E	FAR1	TFF
Soffic.04G0002830-4C	SBP	TFF
Soffic.01G0004330-1C	mTERF	OTR
Soffic.01G0016280-1B	MADS	TFF
Soffic.02G0027500-2G	FAR1	TFF
Soffic.04H0020910-4H	AP2-EREBP	TFF
Soffic.04G0023940-4C	WRKY	TFF
Soffic.09E0018250-9E	MYB	TFF
Soffic.10H0017830-10H	C2H2	TFF
Soffic.05G0022230-5C	GRAS	TFF
Soffic.03G0011290-3A	zf-BED	TFF
Soffic.08G0005790-8F	WRKY	TFF
Soffic.02G0037790-2B	Orphans	Orphans
Soffic.06G0016510-6B	bHLH	TFF
Soffic.02G0007290-2G	Orphans	Orphans
Soffic.02G0021470-2B	WRKY	TFF
Soffic.10G0018940-10G	mTERF	OTR
Soffic.10H0005650-10H	MADS	TFF
Soffic.01E0048570-1E	Tify	TFF
Soffic.04B0007040-4B	MYB-related	TFF
Soffic.02G0000760-2G	GRAS	TFF
Soffic.07G0018760-7E	bHLH	TFF
Soffic.01G0018290-1A	C2C2-Dof	TFF
Soffic.07H0009760-7H	zf-BED	TFF
Soffic.04G0022600-4C	ARF	TFF
Soffic.01G0047780-1G	Trihelix	TFF
Soffic.06G0005050-6E	FAR1	TFF
Soffic.01G0034710-1D	MYB	TFF
Soffic.07G0006210-7G	NAC	TFF
Soffic.05G0004510-5G	MED26	OTR
Soffic.02G0023170-2F	NAC	TFF
Soffic.09B0017040-9B	NAC	TFF
Soffic.05G0002950-5B	MYB	TFF
Soffic.02B0008380-2B	C2H2	TFF
Soffic.08G0012180-8F	NAC	TFF
Soffic.05G0011690-5C	TUB	TFF
Soffic.06G0021790-6D	MED7	OTR
Soffic.06H0016020-6H	AP2-EREBP	TFF
Soffic.06G0013320-6H	AP2-EREBP	TFF
Soffic.01G0023130-1G	OFP	TFF
Soffic.03G0009440-3A	FAR1	TFF
Soffic.01G0049560-1B	MYB	TFF
Soffic.03E0017110-3E	CCAAT	TFF
Soffic.03G0001600-3A	NOZZLE	TFF
Soffic.03G0004390-3G	MYB	TFF
Soffic.07G0019620-7A	FAR1	TFF
Soffic.02G0017600-2G	zf-HD	TFF
Soffic.03G0024860-3B	SWI/SNF-BAF60b	OTR
Soffic.08G0018360-8E	HB	TFF
Soffic.03H0029770-3H	TRAF	OTR
Soffic.10E0007670-10E	MYB-related	TFF
Soffic.04G0029080-4G	NAC	TFF
Soffic.03G0022820-3A	zf-BED	TFF
Soffic.06G0021290-6E	SET	OTR
Soffic.02G0020940-2A	bZIP	TFF
Soffic.01G0003190-1H	NAC	TFF
Soffic.09G0009880-9E	zf-BED	TFF
Soffic.01G0008950-1G	MYB-related	TFF
Soffic.06G0008790-6H	MYB	TFF
Soffic.10G0017750-10F	AP2-EREBP	TFF
Soffic.01G0000080-1D	EIL	TFF
Soffic.10E0015930-10E	MBF1	OTR
Soffic.02F0033320-2F	Orphans	Orphans
Soffic.07G0005830-7D	SET	OTR
Soffic.03G0016230-3A	Orphans	Orphans
Soffic.10G0018860-10A	MYB-related	TFF
Soffic.04G0002390-4F	SBP	TFF
Soffic.01G0041220-1D	zf-BED	TFF
Soffic.01G0028310-1D	bHLH	TFF
Soffic.02F0002570-2F	FAR1	TFF
Soffic.10G0003130-10F	AUX/IAA	OTR
Soffic.01G0014860-1A	HB	TFF
Soffic.09G0006200-9C	HMG	OTR
Soffic.03G0035760-3G	CCAAT	TFF
Soffic.09G0003220-9C	MYB	TFF
Soffic.03G0005260-3B	zf-fF-X1	TFF
Soffic.07G0009470-7F	Orphans	Orphans
Soffic.04G0016700-4E	NAC	TFF
Soffic.03G0018410-3C	MYB-related	TFF
Soffic.08G0017250-8G	MYB	TFF
Soffic.08H0005240-8H	MYB-related	TFF
Soffic.08G0006080-8A	TCP	TFF
Soffic.03G0007860-3D	WRKY	TFF
Soffic.05G0002140-5A	bZIP	TFF
Soffic.02G0015750-2F	SET	OTR
Soffic.10G0013280-10E	AUX/IAA	OTR
Soffic.03G0025930-3E	AUX/IAA	OTR
Soffic.01G0019180-1F	TRAF	OTR
Soffic.03H0031110-3H	Orphans	Orphans
Soffic.06G0012580-6E	Top	TFF
Soffic.01G0034820-1B	TUB	TFF
Soffic.04C0025520-4C	C2C2-Dof	TFF
Soffic.04G0002620-4C	RWP-RK	TFF
Soffic.05G0004790-5A	Orphans	Orphans
Soffic.07D0021150-7D	SWI/SNF-BAF60b	OTR
Soffic.02G0015130-2D	AP2-EREBP	TFF
Soffic.02G0033570-2G	AUX/IAA	OTR
Soffic.03G0008370-3F	zf-BED	TFF
Soffic.09G0012740-9E	GRAS	TFF
Soffic.03H0004030-3H	AP2-EREBP	TFF
Soffic.02C0039230-2C	MYB-related	TFF
Soffic.02E0025290-2E	Alfin-like	TFF
Soffic.07G0010940-7C	BSD	TFF
Soffic.09G0017990-9F	Orphans	Orphans
Soffic.09G0013570-9B	MYB-related	TFF
Soffic.08G0002490-8B	OFP	TFF
Soffic.08G0014150-8D	C2H2	TFF
Soffic.02F0015380-2F	GNAT	OTR
Soffic.01G0018270-1H	FAR1	TFF
Soffic.07B0020580-7B	CCAAT	TFF
Soffic.03H0000020-3H	TUB	TFF
Soffic.04F0006770-4F	Orphans	Orphans
Soffic.10G0014490-10F	MBF1	OTR
Soffic.07G0022070-7D	bHLH	TFF
Soffic.01G0013660-1E	C2C2-CO-like	TFF
Soffic.03F0009810-3F	C2C2-Dof	TFF
Soffic.04F0029080-4F	AP2-EREBP	TFF
Soffic.01H0009800-1H	PAS	TFF
Soffic.06G0014730-6C	C2H2	TFF
Soffic.10G0009670-10G	E2F-DP	TFF
Soffic.06G0022130-6C	TRAF	OTR
Soffic.07G0014470-7G	MYB	TFF
Soffic.04G0017540-4B	AP2-EREBP	TFF
Soffic.01H0007150-1H	bZIP	TFF
Soffic.08G0010050-8G	WRKY	TFF
Soffic.09G0024690-9C	bHLH	TFF
Soffic.02H0019770-2H	bHLH	TFF
Soffic.04G0026730-4A	mTERF	OTR
Soffic.07G0012930-7C	zf-A20	TFF
Soffic.03G0008520-3F	NAC	TFF
Soffic.06G0022950-6G	AP2-EREBP	TFF
Soffic.01G0012740-1H	TFIID	TFF
Soffic.07G0010770-7G	Orphans	Orphans
Soffic.01G0009290-1H	HB	TFF
Soffic.09G0002810-9G	Orphans	Orphans
Soffic.02G0027330-2A	GRAS	TFF
Soffic.01G0019040-1E	MADS	TFF
Soffic.09G0019010-9C	TRAF	OTR
Soffic.01G0023380-1C	C2C2-GATA	TFF
Soffic.08G0008250-8B	Orphans	Orphans
Soffic.01G0035220-1F	MYB	TFF
Soffic.06G0010430-6C	Orphans	Orphans
Soffic.03G0023220-3E	MYB	TFF
Soffic.06G0016660-6F	C2H2	TFF
Soffic.05G0020830-5C	MYB	TFF
Soffic.03G0020990-3A	C2C2-Dof	TFF
Soffic.06G0001820-6A	C2H2	TFF
Soffic.05G0010880-5D	C3H	TFF
Soffic.01G0008490-1C	MYB	TFF
Soffic.10G0008080-10B	GeBP	TFF
Soffic.06E0012520-6E	zf-BED	TFF
Soffic.02G0020960-2B	bHLH	TFF
Soffic.09G0022370-9D	WRKY	TFF
Soffic.09G0016910-9H	ABI3VP1	TFF
Soffic.02F0033970-2F	SAP	TFF
Soffic.09B0003350-9B	MYB	TFF
Soffic.02G0030830-2A	C3H	TFF
Soffic.07E0014720-7E	C2H2	TFF
Soffic.08G0013800-8G	C2C2-Dof	TFF
Soffic.05G0010920-5C	FAR1	TFF
Soffic.02G0023860-2F	bZIP	TFF
Soffic.08G0017730-8D	bHLH	TFF
Soffic.05G0007630-5B	ABI3VP1	TFF
Soffic.06G0019910-6G	GRF	TFF
Soffic.07G0017440-7G	MYB-related	TFF
Soffic.06G0013510-6F	FAR1	TFF
Soffic.04G0019060-4C	EIL	TFF
Soffic.01H0041860-1H	GNAT	OTR
Soffic.06F0012330-6F	C2C2-CO-like	TFF
Soffic.02B0025720-2B	HMG	OTR
Soffic.06G0015600-6E	SBP	TFF
Soffic.08G0009730-8G	TRAF	OTR
Soffic.04G0028410-4E	AP2-EREBP	TFF
Soffic.10G0020210-10D	Orphans	Orphans
Soffic.07G0011520-7C	AP2-EREBP	TFF
Soffic.01G0014840-1B	bHLH	TFF
Soffic.04G0023850-4F	bHLH	TFF
Soffic.02E0013890-2E	WRKY	TFF
Soffic.06G0011970-6G	Orphans	Orphans
Soffic.10G0006740-10B	ARR-B	TFF
Soffic.04G0005060-4A	PLATZ	TFF
Soffic.07G0013400-7E	MYB	TFF
Soffic.01G0032310-1G	PHD	OTR
Soffic.06G0012360-6D	ARF	TFF
Soffic.04G0017350-4G	MADS	TFF
Soffic.08G0004970-8C	MYB	TFF
Soffic.03G0012980-3C	HB	TFF
Soffic.08G0006590-8F	Orphans	Orphans
Soffic.07G0010220-7A	mTERF	OTR
Soffic.04G0020810-4B	Orphans	Orphans
Soffic.09G0006760-9G	C2H2	TFF
Soffic.02G0016750-2G	PHD	OTR
Soffic.06G0009250-6H	FAR1	TFF
Soffic.04G0006850-4H	bZIP	TFF
Soffic.10G0007010-10H	FAR1	TFF
Soffic.01G0015440-1B	ABI3VP1	TFF
Soffic.03A0034290-3A	NAC	TFF
Soffic.01G0016170-1D	FAR1	TFF
Soffic.03G0038960-3D	bHLH	TFF
Soffic.03E0032480-3E	WRKY	TFF
Soffic.02G0025600-2C	MYB	TFF
Soffic.07G0020690-7A	FAR1	TFF
Soffic.09D0018700-9D	Orphans	Orphans
Soffic.04G0011120-4C	CPP	TFF
Soffic.10D0008410-10D	MYB-related	TFF
Soffic.04G0034870-4G	C2H2	TFF
Soffic.01G0017720-1C	ABI3VP1	TFF
Soffic.06G0016420-6A	Orphans	Orphans
Soffic.06E0015120-6E	LIM	TFF
Soffic.01G0050580-1D	C2C2-GATA	TFF
Soffic.02E0026720-2E	SBP	TFF
Soffic.06G0002120-6E	ABI3VP1	TFF
Soffic.02G0015500-2D	Orphans	Orphans
Soffic.02C0030980-2C	Orphans	Orphans
Soffic.10G0007800-10D	GRF	TFF
Soffic.08G0015470-8E	bZIP	TFF
Soffic.03G0017840-3F	MYB-related	TFF
Soffic.03G0027890-3F	SET	OTR
Soffic.09C0006480-9C	MYB-related	TFF
Soffic.06G0015980-6D	GRAS	TFF
Soffic.04G0008820-4B	AP2-EREBP	TFF
Soffic.02G0020720-2E	MYB-related	TFF
Soffic.10G0004360-10A	BBR/BPC	TFF
Soffic.03G0037010-3H	bHLH	TFF
Soffic.01G0000780-1B	C3H	TFF
Soffic.02G0036710-2B	SWI/SNF-BAF60b	OTR
Soffic.07G0011260-7B	TRAF	OTR
Soffic.01G0032670-1E	MED26	OTR
Soffic.04G0018250-4C	ARF	TFF
Soffic.04D0017920-4D	bHLH	TFF
Soffic.01C0012260-1C	HB	TFF
Soffic.02G0018760-2E	Orphans	Orphans
Soffic.04G0034600-4A	bZIP	TFF
Soffic.02G0032280-2D	C2H2	TFF
Soffic.05H0007370-5H	Orphans	Orphans
Soffic.03B0016290-3B	MYB-related	TFF
Soffic.01C0006510-1C	bHLH	TFF
Soffic.02G0003700-2A	MYB	TFF
Soffic.09G0002550-9G	HB	TFF
Soffic.10B0006670-10B	AP2-EREBP	TFF
Soffic.02G0020220-2C	NAC	TFF
Soffic.06G0012010-6E	TAZ	TFF
Soffic.01G0028920-1D	WRKY	TFF
Soffic.10G0007070-10G	Orphans	Orphans
Soffic.02G0001470-2H	WRKY	TFF
Soffic.01A0022470-1A	ARF	TFF
Soffic.01G0038640-1C	MYB-related	TFF
Soffic.08G0015780-8G	Orphans	Orphans
Soffic.03G0027360-3G	SAP	TFF
Soffic.07G0011310-7C	SET	OTR
Soffic.02F0002510-2F	mTERF	OTR
Soffic.07G0001900-7A	Orphans	Orphans
Soffic.06E0007560-6E	bZIP	TFF
Soffic.09G0013300-9H	FAR1	TFF
Soffic.01F0011890-1F	FHA	TFF
Soffic.07G0004000-7H	FAR1	TFF
Soffic.02B0021840-2B	C2H2	TFF
Soffic.07D0020410-7D	AP2-EREBP	TFF
Soffic.02A0030630-2A	NAC	TFF
Soffic.06G0007320-6D	NAC	TFF
Soffic.07G0017160-7A	TCP	TFF
Soffic.08G0002500-8B	OFP	TFF
Soffic.10H0019020-10H	MYB	TFF
Soffic.08G0002460-8D	MYB	TFF
Soffic.01G0052220-1D	NAC	TFF
Soffic.01D0009780-1D	MADS	TFF
Soffic.04G0011880-4E	zf-BED	TFF
Soffic.02A0016540-2A	GNAT	OTR
Soffic.03G0012070-3C	MYB-related	TFF
Soffic.06G0006640-6D	AP2-EREBP	TFF
Soffic.07F0015950-7F	C2H2	TFF
Soffic.01E0024550-1E	SAP	TFF
Soffic.03G0016110-3B	C3H	TFF
Soffic.04E0027970-4E	GNAT	OTR
Soffic.07D0012110-7D	RWP-RK	TFF
Soffic.08G0007510-8H	RWP-RK	TFF
Soffic.10G0018360-10C	MYB	TFF
Soffic.07G0005800-7E	WRKY	TFF
Soffic.07G0005370-7A	NAC	TFF
Soffic.07G0003230-7A	Orphans	Orphans
Soffic.04G0003300-4H	PAS	TFF
Soffic.10G0015910-10H	HB	TFF
Soffic.10G0008950-10A	zf-fF-X1	TFF
Soffic.06F0019850-6F	bZIP	TFF
Soffic.10G0019600-10E	Orphans	Orphans
Soffic.04G0018680-4F	ABI3VP1	TFF
Soffic.08C0001390-8C	bZIP	TFF
Soffic.04G0024960-4F	BSD	TFF
Soffic.07E0006840-7E	GNAT	OTR
Soffic.04D0012570-4D	Orphans	Orphans
Soffic.08G0017560-8H	SET	OTR
Soffic.08G0008370-8E	FAR1	TFF
Soffic.10G0024710-10G	bZIP	TFF
Soffic.02H0003150-2H	AP2-EREBP	TFF
Soffic.02G0027160-2C	GRAS	TFF
Soffic.08G0002190-8G	FHA	TFF
Soffic.08G0016540-8B	ABI3VP1	TFF
Soffic.01G0031930-1G	MYB	TFF
Soffic.03G0022560-3G	WRKY	TFF
Soffic.04D0029810-4D	GeBP	TFF
Soffic.01G0016860-1C	CCAAT	TFF
Soffic.07G0007110-7A	Orphans	Orphans
Soffic.05G0014100-5C	ARF	TFF
Soffic.05G0017120-5B	FAR1	TFF
Soffic.01G0010930-1G	HB	TFF
Soffic.09G0005100-9C	Alfin-like	TFF
Soffic.04H0017230-4H	Jumonji	OTR
Soffic.03G0031640-3C	bZIP	TFF
Soffic.03G0028750-3C	bZIP	TFF
Soffic.03G0038020-3E	ARF	TFF
Soffic.03G0000850-3B	MYB	TFF
Soffic.04D0021870-4D	Pseudo_ARR-B	OTR
Soffic.10G0003950-10C	Top	TFF
Soffic.01F0017340-1F	ARR-B	TFF
Soffic.03H0013610-3H	C2C2-GATA	TFF
Soffic.06G0006990-6C	Orphans	Orphans
Soffic.09G0003030-9H	MYB	TFF
Soffic.03G0018470-3C	ABI3VP1	TFF
Soffic.01F0007000-1F	Orphans	Orphans
Soffic.04G0010130-4C	C3H	TFF
Soffic.02G0011330-2F	bZIP	TFF
Soffic.01G0049630-1D	Orphans	Orphans
Soffic.04G0031550-4G	FAR1	TFF
Soffic.03G0002660-3H	WRKY	TFF
Soffic.03G0006410-3F	AP2-EREBP	TFF
Soffic.03F0020560-3F	WRKY	TFF
Soffic.06G0013530-6D	SBP	TFF
Soffic.05H0013330-5H	MYB	TFF
Soffic.03G0030000-3B	zf-BED	TFF
Soffic.02G0032370-2D	C2H2	TFF
Soffic.06G0007930-6F	SWI/SNF-BAF60b	OTR
Soffic.04G0024970-4G	AP2-EREBP	TFF
Soffic.09G0005710-9G	zf-BED	TFF
Soffic.02G0027390-2D	MYB	TFF
Soffic.04G0033890-4A	bHLH	TFF
Soffic.02G0037850-2D	NAC	TFF
Soffic.02G0031560-2G	C2H2	TFF
Soffic.08G0001970-8C	CPP	TFF
Soffic.03G0032240-3C	AP2-EREBP	TFF
Soffic.04G0025690-4A	C2C2-CO-like	TFF
Soffic.03G0023010-3E	ARF	TFF
Soffic.10G0009890-10E	zf-fF-X1	TFF
Soffic.09G0017980-9H	BSD	TFF
Soffic.09G0011560-9B	MYB-related	TFF
Soffic.02G0018170-2C	NAC	TFF
Soffic.08H0006130-8H	MADS	TFF
Soffic.01G0051410-1B	ABI3VP1	TFF
Soffic.03G0005780-3E	MADS	TFF
Soffic.03F0020960-3F	GRAS	TFF
Soffic.01G0005620-1G	Orphans	Orphans
Soffic.03G0030870-3F	WRKY	TFF
Soffic.07G0012970-7H	SET	OTR
Soffic.02G0027480-2G	GRAS	TFF
Soffic.09H0017500-9H	AUX/IAA	OTR
Soffic.07G0012710-7G	TRAF	OTR
Soffic.05G0017670-5A	NAC	TFF
Soffic.01G0010800-1H	C3H	TFF
Soffic.04G0000270-4H	C3H	TFF
Soffic.01G0017070-1E	Orphans	Orphans
Soffic.02G0021230-2C	bHLH	TFF
Soffic.10H0008290-10H	GRF	TFF
Soffic.02H0011150-2H	Orphans	Orphans
Soffic.03G0010980-3C	NAC	TFF
Soffic.08F0016400-8F	C2C2-GATA	TFF
Soffic.01G0043040-1G	FAR1	TFF
Soffic.03G0030550-3F	NAC	TFF
Soffic.05G0004250-5G	HB	TFF
Soffic.03G0014830-3D	Orphans	Orphans
Soffic.06G0018570-6A	TUB	TFF
Soffic.09G0016070-9A	Orphans	Orphans
Soffic.03G0022850-3F	Orphans	Orphans
Soffic.06G0014770-6H	C2H2	TFF
Soffic.09G0003040-9H	MYB	TFF
Soffic.03B0020940-3B	C2C2-Dof	TFF
Soffic.06G0015450-6G	MYB	TFF
Soffic.01G0034960-1D	MED26	OTR
Soffic.02C0003070-2C	zf-BED	TFF
Soffic.08G0013250-8D	MYB	TFF
Soffic.09H0007620-9H	MADS	TFF
Soffic.03C0021220-3C	C3H	TFF
Soffic.03G0030950-3F	OFP	TFF
Soffic.08G0003580-8B	C2H2	TFF
Soffic.08F0008040-8F	C3H	TFF
Soffic.04G0014050-4E	HSF	TFF
Soffic.03G0004900-3C	C3H	TFF
Soffic.01G0017360-1D	ABI3VP1	TFF
Soffic.06G0023630-6C	Orphans	Orphans
Soffic.01D0026220-1D	Tify	TFF
Soffic.04G0023820-4A	zf-HD	TFF
Soffic.05G0003970-5H	OFP	TFF
Soffic.02G0004600-2D	FAR1	TFF
Soffic.01G0015430-1B	ABI3VP1	TFF
Soffic.05G0022210-5F	C2H2	TFF
Soffic.01B0050630-1B	bHLH	TFF
Soffic.09G0007460-9E	WRKY	TFF
Soffic.03G0017390-3D	Orphans	Orphans
Soffic.04G0014880-4E	AP2-EREBP	TFF
Soffic.01H0009420-1H	Top	TFF
Soffic.04G0025400-4C	TUB	TFF
Soffic.01D0020890-1D	TRAF	OTR
Soffic.01G0007000-1G	C2C2-Dof	TFF
Soffic.03H0037140-3H	NAC	TFF
Soffic.02D0024560-2D	bZIP	TFF
Soffic.01C0045130-1C	ARR-B	TFF
Soffic.09E0016800-9E	C3H	TFF
Soffic.04F0024970-4F	OFP	TFF
Soffic.07E0013050-7E	AP2-EREBP	TFF
Soffic.02G0026050-2D	MYB-related	TFF
Soffic.07G0013210-7B	NAC	TFF
Soffic.09E0019780-9E	Orphans	Orphans
Soffic.02G0020100-2A	zf-BED	TFF
Soffic.06G0000920-6D	E2F-DP	TFF
Soffic.01G0024260-1C	E2F-DP	TFF
Soffic.01H0043870-1H	AP2-EREBP	TFF
Soffic.10G0016690-10B	MYB	TFF
Soffic.05G0003640-5A	bZIP	TFF
Soffic.02G0000800-2C	C2H2	TFF
Soffic.07G0010630-7A	Orphans	Orphans
Soffic.05G0017910-5C	MADS	TFF
Soffic.10G0006280-10F	bZIP	TFF
Soffic.02G0039090-2H	DDT	OTR
Soffic.01G0013290-1H	CCAAT	TFF
Soffic.10F0001140-10F	TRAF	OTR
Soffic.07G0018480-7H	TRAF	OTR
Soffic.05G0016940-5A	bHLH	TFF
Soffic.03G0004340-3B	bZIP	TFF
Soffic.09F0000870-9F	NAC	TFF
Soffic.07F0012710-7F	FAR1	TFF
Soffic.08G0001610-8A	GRAS	TFF
Soffic.01G0009330-1D	WRKY	TFF
Soffic.09G0013060-9C	MED26	OTR
Soffic.10G0006890-10F	AP2-EREBP	TFF
Soffic.08G0007930-8C	bZIP	TFF
Soffic.04G0020440-4C	NAC	TFF
Soffic.04H0028140-4H	MYB	TFF
Soffic.07G0003260-7B	Orphans	Orphans
Soffic.03G0019380-3H	Orphans	Orphans
Soffic.06G0020500-6C	Orphans	Orphans
Soffic.02G0031490-2E	C2H2	TFF
Soffic.09G0015150-9F	C2C2-Dof	TFF
Soffic.01G0025020-1A	Orphans	Orphans
Soffic.03G0030420-3E	bZIP	TFF
Soffic.10G0019520-10A	MYB	TFF
Soffic.08G0001740-8G	SET	OTR
Soffic.07G0010100-7C	NAC	TFF
Soffic.04G0032880-4E	bZIP	TFF
Soffic.09G0016980-9A	OFP	TFF
Soffic.10G0017110-10F	Orphans	Orphans
Soffic.07G0013820-7E	bHLH	TFF
Soffic.04G0002890-4A	TAZ	TFF
Soffic.06G0016310-6E	SBP	TFF
Soffic.03G0034220-3C	TAZ	TFF
Soffic.03G0003240-3C	MYB-related	TFF
Soffic.07C0014820-7C	AP2-EREBP	TFF
Soffic.07G0018620-7G	FAR1	TFF
Soffic.05G0004670-5B	NAC	TFF
Soffic.07G0014050-7D	MYB	TFF
Soffic.06G0022140-6C	TRAF	OTR
Soffic.08G0004790-8B	zf-BED	TFF
Soffic.10G0014300-10H	MADS	TFF
Soffic.01G0010210-1E	OFP	TFF
Soffic.06G0014740-6C	C2H2	TFF
Soffic.03H0007980-3H	bHLH	TFF
Soffic.08G0003390-8E	DDT	OTR
Soffic.01G0011860-1A	bHLH	TFF
Soffic.01G0009950-1A	MYB-related	TFF
Soffic.04F0006150-4F	bZIP	TFF
Soffic.09G0014980-9C	OFP	TFF
Soffic.05G0001710-5F	GRAS	TFF
Soffic.01G0036150-1A	mTERF	OTR
Soffic.01F0045910-1F	MYB	TFF
Soffic.02B0030310-2B	bHLH	TFF
Soffic.07G0013270-7B	MYB	TFF
Soffic.06G0003850-6G	Orphans	Orphans
Soffic.04G0004820-4D	FAR1	TFF
Soffic.09B0014990-9B	MYB-related	TFF
Soffic.06E0016980-6E	C3H	TFF
Soffic.01E0042490-1E	AP2-EREBP	TFF
Soffic.10G0012930-10A	MYB-related	TFF
Soffic.03G0002300-3H	AUX/IAA	OTR
Soffic.09G0021570-9F	DDT	OTR
Soffic.03G0014920-3A	bZIP	TFF
Soffic.07G0012940-7C	zf-A20	TFF
Soffic.05G0016190-5E	C2C2-Dof	TFF
Soffic.04C0026600-4C	C2C2-CO-like	TFF
Soffic.03G0037610-3C	ABI3VP1	TFF
Soffic.08G0005350-8G	MYB	TFF
Soffic.02H0029660-2H	Orphans	Orphans
Soffic.04G0026740-4A	mTERF	OTR
Soffic.02G0025590-2E	GRAS	TFF
Soffic.01G0046970-1F	MYB-related	TFF
Soffic.09G0002330-9B	Orphans	Orphans
Soffic.07G0006900-7C	WRKY	TFF
Soffic.04G0018780-4B	Orphans	Orphans
Soffic.01G0026750-1A	Tify	TFF
Soffic.03G0032920-3A	AP2-EREBP	TFF
Soffic.10G0017170-10F	HB	TFF
Soffic.10H0022760-10H	SBP	TFF
Soffic.08G0013930-8H	ABI3VP1	TFF
Soffic.02G0028610-2E	SET	OTR
Soffic.01G0026260-1A	FAR1	TFF
Soffic.07G0003880-7D	MYB	TFF
Soffic.07G0017340-7C	RB	OTR
Soffic.06G0008540-6B	Orphans	Orphans
Soffic.09G0021850-9F	WRKY	TFF
Soffic.01G0002170-1E	Orphans	Orphans
Soffic.02G0018140-2H	Tify	TFF
Soffic.07G0017720-7G	FHA	TFF
Soffic.02E0035630-2E	CCAAT	TFF
Soffic.01G0022300-1C	Orphans	Orphans
Soffic.01G0027180-1A	bHLH	TFF
Soffic.02G0023550-2G	AP2-EREBP	TFF
Soffic.03G0003800-3E	C3H	TFF
Soffic.03G0032520-3A	bZIP	TFF
Soffic.03G0007090-3E	AP2-EREBP	TFF
Soffic.01C0023760-1C	Orphans	Orphans
Soffic.09G0014100-9A	NAC	TFF
Soffic.01G0004460-1C	C2H2	TFF
Soffic.07G0017210-7A	bHLH	TFF
Soffic.03H0002380-3H	MYB-related	TFF
Soffic.06G0005280-6E	bHLH	TFF
Soffic.09E0009990-9E	CCAAT	TFF
Soffic.04G0023960-4G	AP2-EREBP	TFF
Soffic.06G0019200-6D	Orphans	Orphans
Soffic.03G0025170-3F	WRKY	TFF
Soffic.10D0000070-10D	PHD	OTR
Soffic.01C0045900-1C	TCP	TFF
Soffic.01G0024700-1G	C2H2	TFF
Soffic.02G0011860-2B	SET	OTR
Soffic.01G0016290-1B	MADS	TFF
Soffic.02G0013330-2G	MYB-related	TFF
Soffic.01G0034590-1B	Top	TFF
Soffic.09G0017780-9G	WRKY	TFF
Soffic.03G0023070-3E	AP2-EREBP	TFF
Soffic.01C0052310-1C	HB	TFF
Soffic.05G0018340-5E	zf-BED	TFF
Soffic.02G0016050-2A	zf-BED	TFF
Soffic.08G0002020-8A	FAR1	TFF
Soffic.01H0023060-1H	Tify	TFF
Soffic.09G0014350-9D	bZIP	TFF
Soffic.10G0006470-10C	ARR-B	TFF
Soffic.01G0042170-1G	Tify	TFF
Soffic.03G0039100-3A	Top	TFF
Soffic.01G0011310-1G	bHLH	TFF
Soffic.03G0034540-3A	NAC	TFF
Soffic.10G0023830-10E	ARF	TFF
Soffic.02F0000320-2F	C2H2	TFF
Soffic.08G0007980-8A	zf-HD	TFF
Soffic.05G0010110-5B	AP2-EREBP	TFF
Soffic.06H0000710-6H	Orphans	Orphans
Soffic.08G0014390-8E	AP2-EREBP	TFF
Soffic.10G0007640-10H	bHLH	TFF
Soffic.04G0016060-4A	E2F-DP	TFF
Soffic.01G0035800-1B	OFP	TFF
Soffic.09G0019560-9B	MYB	TFF
Soffic.06G0019150-6H	Rcd1-like	OTR
Soffic.03H0033160-3H	bZIP	TFF
Soffic.05G0005070-5C	OFP	TFF
Soffic.10D0016600-10D	Orphans	Orphans
Soffic.07G0005230-7C	WRKY	TFF
Soffic.07G0003370-7C	MYB-related	TFF
Soffic.10G0006320-10H	Orphans	Orphans
Soffic.07H0011560-7H	PHD	OTR
Soffic.06G0013900-6E	FAR1	TFF
Soffic.01G0027340-1B	zf-C5HC2	TFF
Soffic.07G0002560-7H	MYB-related	TFF
Soffic.02F0004330-2F	zf-BED	TFF
Soffic.07G0011470-7G	C3H	TFF
Soffic.10E0025990-10E	HMG	OTR
Soffic.09E0018970-9E	NAC	TFF
Soffic.06G0021510-6B	TRAF	OTR
Soffic.01E0008840-1E	Orphans	Orphans
Soffic.01G0001180-1G	HSF	TFF
Soffic.07E0003440-7E	zf-LSD1	TFF
Soffic.03G0037220-3H	NAC	TFF
Soffic.06F0003570-6F	NAC	TFF
Soffic.02G0029420-2E	Orphans	Orphans
Soffic.07E0008110-7E	MYB	TFF
Soffic.10G0012120-10F	WRKY	TFF
Soffic.04G0029420-4C	Top	TFF
Soffic.05G0002130-5A	GRAS	TFF
Soffic.08G0011960-8C	WRKY	TFF
Soffic.10G0009360-10A	C2C2-CO-like	TFF
Soffic.09G0021540-9D	bZIP	TFF
Soffic.02G0031820-2A	mTERF	OTR
Soffic.01G0000680-1F	AP2-EREBP	TFF
Soffic.03G0020350-3A	HMG	OTR
Soffic.06G0018510-6A	FAR1	TFF
Soffic.01G0026410-1D	Tify	TFF
Soffic.01G0006140-1G	zf-A20	TFF
Soffic.02H0017800-2H	CCAAT	TFF
Soffic.02G0022030-2H	NAC	TFF
Soffic.04G0023930-4D	WRKY	TFF
Soffic.03G0023410-3H	MYB-related	TFF
Soffic.01H0023120-1H	Tify	TFF
Soffic.04G0029730-4C	CCAAT	TFF
Soffic.03G0033300-3H	MYB	TFF
Soffic.09G0021320-9F	AUX/IAA	OTR
Soffic.03G0007760-3E	zf-BED	TFF
Soffic.04E0015420-4E	ARF	TFF
Soffic.01E0007440-1E	NAC	TFF
Soffic.03B0012010-3B	MYB	TFF
Soffic.04G0022140-4A	Trihelix	TFF
Soffic.07G0010530-7D	PAS	TFF
Soffic.03G0035570-3G	NAC	TFF
Soffic.04G0008150-4D	C2C2-GATA	TFF
Soffic.01D0008090-1D	bZIP	TFF
Soffic.10G0007810-10F	Orphans	Orphans
Soffic.01G0046690-1D	GRAS	TFF
Soffic.05G0016220-5D	FAR1	TFF
Soffic.01G0032260-1A	bZIP	TFF
Soffic.06G0021780-6C	AP2-EREBP	TFF
Soffic.08G0015990-8H	TCP	TFF
Soffic.06F0020160-6F	bHLH	TFF
Soffic.01G0030230-1B	NAC	TFF
Soffic.10G0017650-10A	NAC	TFF
Soffic.06G0022170-6F	ARF	TFF
Soffic.03G0033780-3C	NAC	TFF
Soffic.01F0025360-1F	Orphans	Orphans
Soffic.05G0019900-5E	C2C2-Dof	TFF
Soffic.09G0021540-9C	TUB	TFF
Soffic.01G0003360-1H	mTERF	OTR
Soffic.02G0036540-2A	CCAAT	TFF
Soffic.02F0020300-2F	NAC	TFF
Soffic.03G0004380-3G	MYB	TFF
Soffic.01G0024050-1B	Tify	TFF
Soffic.04G0029090-4G	AP2-EREBP	TFF
Soffic.04G0019040-4G	ARF	TFF
Soffic.04G0032090-4B	GeBP	TFF
Soffic.02G0023380-2G	bZIP	TFF
Soffic.03G0029110-3B	WRKY	TFF
Soffic.09G0008940-9H	TRAF	OTR
Soffic.01G0004340-1C	Orphans	Orphans
Soffic.03G0003290-3A	NAC	TFF
Soffic.02E0035350-2E	TRAF	OTR
Soffic.03G0038450-3A	C2H2	TFF
Soffic.02G0021700-2C	NAC	TFF
Soffic.01G0029860-1C	PLATZ	TFF
Soffic.02G0024880-2A	bHLH	TFF
Soffic.03G0009720-3A	NAC	TFF
Soffic.04G0023010-4A	C2H2	TFF
Soffic.02G0023490-2D	AP2-EREBP	TFF
Soffic.01G0042390-1F	C2H2	TFF
Soffic.06G0011420-6D	FAR1	TFF
Soffic.04G0005780-4A	GNAT	OTR
Soffic.03G0022970-3H	zf-BED	TFF
Soffic.01G0018550-1H	AP2-EREBP	TFF
Soffic.08G0012700-8B	Orphans	Orphans
Soffic.03H0006250-3H	CCAAT	TFF
Soffic.06G0007120-6B	SET	OTR
Soffic.09G0014180-9E	MYB	TFF
Soffic.03G0025110-3H	Orphans	Orphans
Soffic.06F0018060-6F	FAR1	TFF
Soffic.02G0017920-2H	ARID	OTR
Soffic.02G0034660-2B	AP2-EREBP	TFF
Soffic.01D0019980-1D	C2C2-YABBY	TFF
Soffic.03G0029650-3F	bZIP	TFF
Soffic.02G0032310-2C	WRKY	TFF
Soffic.02G0011330-2H	FAR1	TFF
Soffic.05G0014400-5A	PAS	TFF
Soffic.09G0014660-9G	C2H2	TFF
Soffic.03G0002660-3F	bHLH	TFF
Soffic.03G0025390-3G	TCP	TFF
Soffic.01G0039390-1E	MYB-related	TFF
Soffic.01G0023140-1G	SWI/SNF-SWI3	OTR
Soffic.03G0031770-3B	AP2-EREBP	TFF
Soffic.01G0036560-1A	Not1	TFF
Soffic.06G0015940-6A	AP2-EREBP	TFF
Soffic.05G0021630-5C	C2H2	TFF
Soffic.02G0005280-2A	C2C2-YABBY	TFF
Soffic.01G0012220-1B	CCAAT	TFF
Soffic.03G0004020-3G	zf-A20	TFF
Soffic.04G0033260-4G	Orphans	Orphans
Soffic.07G0020580-7C	bHLH	TFF
Soffic.04G0003760-4B	PBF-2-like	TFF
Soffic.09G0012750-9G	Alfin-like	TFF
Soffic.02G0032260-2B	MADS	TFF
Soffic.02G0023260-2F	AP2-EREBP	TFF
Soffic.07G0017520-7F	bHLH	TFF
Soffic.01G0014360-1H	C2H2	TFF
Soffic.02G0002760-2G	Tify	TFF
Soffic.06G0023010-6D	ABI3VP1	TFF
Soffic.06G0006680-6A	Tify	TFF
Soffic.08E0005030-8E	MYB	TFF
Soffic.06G0015560-6B	WRKY	TFF
Soffic.01H0010310-1H	TCP	TFF
Soffic.03G0036590-3A	TIG	TFF
Soffic.03G0013160-3G	C2C2-GATA	TFF
Soffic.10G0004750-10C	CCAAT	TFF
Soffic.09G0013740-9A	bZIP	TFF
Soffic.01G0031580-1B	WRKY	TFF
Soffic.04G0008560-4C	Orphans	Orphans
Soffic.07C0005940-7C	GNAT	OTR
Soffic.08G0016340-8E	GRAS	TFF
Soffic.09G0008030-9A	AUX/IAA	OTR
Soffic.03E0004620-3E	AP2-EREBP	TFF
Soffic.04B0004640-4B	MADS	TFF
Soffic.06B0014730-6B	LIM	TFF
Soffic.06G0013980-6A	NAC	TFF
Soffic.08G0017240-8E	C2C2-YABBY	TFF
Soffic.02G0003620-2A	mTERF	OTR
Soffic.02G0017490-2B	C2H2	TFF
Soffic.07G0019860-7B	FAR1	TFF
Soffic.05G0016450-5G	FAR1	TFF
Soffic.10G0009440-10A	bZIP	TFF
Soffic.09G0006910-9G	WRKY	TFF
Soffic.07E0016130-7E	TCP	TFF
Soffic.09G0018950-9E	DDT	OTR
Soffic.07G0005810-7H	CCAAT	TFF
Soffic.03G0000450-3F	OFP	TFF
Soffic.01G0013210-1A	GRAS	TFF
Soffic.09G0005320-9F	PLATZ	TFF
Soffic.03G0024310-3C	HSF	TFF
Soffic.10G0004880-10E	BBR/BPC	TFF
Soffic.08G0007500-8E	Alfin-like	TFF
Soffic.01G0000100-1H	E2F-DP	TFF
Soffic.03G0025860-3F	C2C2-GATA	TFF
Soffic.02G0034570-2H	bHLH	TFF
Soffic.04G0027980-4B	SWI/SNF-SWI3	OTR
Soffic.08D0012350-8D	MYB	TFF
Soffic.09G0014820-9C	MYB-related	TFF
Soffic.07G0016410-7B	bZIP	TFF
Soffic.07E0018950-7E	zf-A20	TFF
Soffic.09G0024010-9A	MYB-related	TFF
Soffic.01G0008540-1E	C2H2	TFF
Soffic.01H0014100-1H	ABI3VP1	TFF
Soffic.06G0022140-6D	C3H	TFF
Soffic.07G0003790-7E	MYB-related	TFF
Soffic.02G0013650-2G	AP2-EREBP	TFF
Soffic.01G0004190-1G	NAC	TFF
Soffic.04A0033540-4A	C2H2	TFF
Soffic.03G0038980-3B	PHD	OTR
Soffic.06G0001850-6H	SET	OTR
Soffic.09G0010240-9D	GRAS	TFF
Soffic.08G0018220-8C	ABI3VP1	TFF
Soffic.07G0014370-7D	AP2-EREBP	TFF
Soffic.05G0007990-5B	zf-BED	TFF
Soffic.02G0028230-2B	Orphans	Orphans
Soffic.08C0003750-8C	MED26	OTR
Soffic.04G0025430-4E	GRAS	TFF
Soffic.02G0009160-2B	WRKY	TFF
Soffic.01G0008480-1C	HB	TFF
Soffic.01D0007660-1D	NAC	TFF
Soffic.04G0013660-4G	Orphans	Orphans
Soffic.01G0011000-1C	bHLH	TFF
Soffic.01D0011010-1D	Orphans	Orphans
Soffic.01G0004050-1F	bHLH	TFF
Soffic.02G0009380-2B	AP2-EREBP	TFF
Soffic.02G0035050-2E	MED26	OTR
Soffic.03G0037610-3D	NAC	TFF
Soffic.05G0001510-5G	NAC	TFF
Soffic.03F0032170-3F	WRKY	TFF
Soffic.05G0021680-5A	MYB	TFF
Soffic.02G0020580-2D	bHLH	TFF
Soffic.02G0005840-2D	zf-A20	TFF
Soffic.01H0029400-1H	ABI3VP1	TFF
Soffic.06G0009220-6A	NAC	TFF
Soffic.01B0028290-1B	zf-LSD1	TFF
Soffic.02F0018240-2F	MYB	TFF
Soffic.02G0029550-2H	Orphans	Orphans
Soffic.07G0020530-7A	Orphans	Orphans
Soffic.08G0001540-8F	C2H2	TFF
Soffic.02G0030110-2B	zf-BED	TFF
Soffic.09G0013670-9G	TUB	TFF
Soffic.02G0007410-2D	bZIP	TFF
Soffic.02G0000120-2A	FHA	TFF
Soffic.03G0037120-3G	FAR1	TFF
Soffic.08G0001320-8D	TRAF	OTR
Soffic.01G0044030-1H	FAR1	TFF
Soffic.08G0012000-8D	Orphans	Orphans
Soffic.06C0001840-6C	SET	OTR
Soffic.03C0005640-3C	AP2-EREBP	TFF
Soffic.04G0004770-4B	PLATZ	TFF
Soffic.04G0010490-4D	bZIP	TFF
Soffic.03E0021190-3E	HMG	OTR
Soffic.03E0011140-3E	MYB	TFF
Soffic.06G0023660-6G	FAR1	TFF
Soffic.08H0008380-8H	Jumonji	OTR
Soffic.01G0046710-1G	NAC	TFF
Soffic.03B0017020-3B	MYB-related	TFF
Soffic.10G0023570-10G	GRAS	TFF
Soffic.06F0008630-6F	NAC	TFF
Soffic.08F0015790-8F	TCP	TFF
Soffic.05H0020300-5H	GRAS	TFF
Soffic.08G0015060-8G	zf-LSD1	TFF
Soffic.02E0024130-2E	RWP-RK	TFF
Soffic.08G0014820-8B	Orphans	Orphans
Soffic.01G0013130-1B	HB	TFF
Soffic.08G0003350-8B	C2C2-GATA	TFF
Soffic.04G0021250-4G	mTERF	OTR
Soffic.02G0034770-2G	zf-BED	TFF
Soffic.09B0011010-9B	NAC	TFF
Soffic.04G0008640-4B	AUX/IAA	OTR
Soffic.02G0038340-2E	GNAT	OTR
Soffic.07G0014830-7A	bHLH	TFF
Soffic.08D0010400-8D	LIM	TFF
Soffic.10G0024460-10C	bZIP	TFF
Soffic.02G0037320-2C	SWI/SNF-BAF60b	OTR
Soffic.01H0044110-1H	Tify	TFF
Soffic.08G0009110-8E	C3H	TFF
Soffic.07B0019920-7B	FAR1	TFF
Soffic.10G0009170-10C	Orphans	Orphans
Soffic.02G0034300-2B	GRAS	TFF
Soffic.01G0027160-1G	mTERF	OTR
Soffic.01F0005830-1F	TRAF	OTR
Soffic.08H0001430-8H	TRAF	OTR
Soffic.01G0011290-1G	bHLH	TFF
Soffic.08G0009690-8H	MADS	TFF
Soffic.08G0002810-8A	C3H	TFF
Soffic.10G0013840-10F	FAR1	TFF
Soffic.03G0036570-3F	Orphans	Orphans
Soffic.03G0040430-3H	MYB	TFF
Soffic.01H0021590-1H	GeBP	TFF
Soffic.01F0010690-1F	zf-BED	TFF
Soffic.06G0014060-6A	MYB	TFF
Soffic.01F0020640-1F	Tify	TFF
Soffic.09G0016100-9D	WRKY	TFF
Soffic.07G0007890-7G	Tify	TFF
Soffic.02G0000060-2A	FAR1	TFF
Soffic.02C0011590-2C	AP2-EREBP	TFF
Soffic.01G0016310-1B	MADS	TFF
Soffic.03B0030240-3B	WRKY	TFF
Soffic.02G0000800-2D	C2H2	TFF
Soffic.03B0021290-3B	GeBP	TFF
Soffic.01H0021990-1H	GNAT	OTR
Soffic.03D0014150-3D	MADS	TFF
Soffic.05G0020160-5H	MYB-related	TFF
Soffic.02E0020060-2E	CCAAT	TFF
Soffic.03B0005370-3B	Alfin-like	TFF
Soffic.01G0046850-1H	MYB-related	TFF
Soffic.06G0005970-6B	Orphans	Orphans
Soffic.09G0021220-9A	MYB	TFF
Soffic.03G0027880-3F	Orphans	Orphans
Soffic.01G0040700-1D	FAR1	TFF
Soffic.03G0026240-3C	TRAF	OTR
Soffic.03G0016290-3C	MYB	TFF
Soffic.09G0024070-9A	Sigma70-like	TFF
Soffic.09G0008570-9C	MYB	TFF
Soffic.06G0011560-6H	Orphans	Orphans
Soffic.01G0018380-1F	OFP	TFF
Soffic.04H0022570-4H	MYB	TFF
Soffic.04G0023630-4A	TUB	TFF
Soffic.03G0031820-3C	OFP	TFF
Soffic.01F0009440-1F	GRF	TFF
Soffic.05G0004960-5F	bZIP	TFF
Soffic.01G0044540-1A	ARR-B	TFF
Soffic.08G0010600-8F	Orphans	Orphans
Soffic.08G0004930-8F	SWI/SNF-BAF60b	OTR
Soffic.01H0032680-1H	MYB	TFF
Soffic.01E0050780-1E	Orphans	Orphans
Soffic.09D0006950-9D	Orphans	Orphans
Soffic.03G0029170-3B	OFP	TFF
Soffic.07G0006130-7D	AP2-EREBP	TFF
Soffic.06G0005660-6H	bHLH	TFF
Soffic.03G0037400-3H	C2H2	TFF
Soffic.10H0020510-10H	MYB-related	TFF
Soffic.08G0000920-8F	Top	TFF
Soffic.10H0017700-10H	GRAS	TFF
Soffic.05G0014590-5A	AP2-EREBP	TFF
Soffic.01G0014600-1H	GRAS	TFF
Soffic.10G0009120-10B	MADS	TFF
Soffic.08G0015790-8G	Orphans	Orphans
Soffic.06F0008070-6F	SET	OTR
Soffic.07E0007340-7E	TRAF	OTR
Soffic.10G0018770-10B	WRKY	TFF
Soffic.07E0003600-7E	Top	TFF
Soffic.01G0051620-1C	MYB-related	TFF
Soffic.10H0004860-10H	mTERF	OTR
Soffic.02D0029710-2D	bHLH	TFF
Soffic.01G0004270-1A	NAC	TFF
Soffic.07F0000850-7F	AP2-EREBP	TFF
Soffic.03G0002730-3A	bHLH	TFF
Soffic.01G0036820-1G	zf-BED	TFF
Soffic.07E0013920-7E	bZIP	TFF
Soffic.03G0029230-3A	C2C2-Dof	TFF
Soffic.03G0027190-3G	AP2-EREBP	TFF
Soffic.04G0013770-4B	Orphans	Orphans
Soffic.10E0026060-10E	MYB-related	TFF
Soffic.10G0015880-10F	C3H	TFF
Soffic.01G0023210-1D	ARID	OTR
Soffic.09G0002480-9C	zf-MIZ	OTR
Soffic.09G0019590-9C	AP2-EREBP	TFF
Soffic.02C0003350-2C	HB	TFF
Soffic.06G0000050-6D	GeBP	TFF
Soffic.06G0008580-6G	DDT	OTR
Soffic.04G0030040-4G	GeBP	TFF
Soffic.01F0011290-1F	ABI3VP1	TFF
Soffic.07G0016210-7F	MYB	TFF
Soffic.03G0031710-3B	bZIP	TFF
Soffic.04G0009220-4D	BES1	TFF
Soffic.03G0016060-3E	bHLH	TFF
Soffic.04G0026290-4E	mTERF	OTR
Soffic.03G0005280-3D	Orphans	Orphans
Soffic.01G0020640-1G	MED26	OTR
Soffic.01G0043300-1H	Alfin-like	TFF
Soffic.01G0003470-1D	NAC	TFF
Soffic.08G0001570-8D	NAC	TFF
Soffic.02G0017340-2C	SET	OTR
Soffic.01G0038820-1C	NAC	TFF
Soffic.04G0020500-4A	Pseudo_ARR-B	OTR
Soffic.03G0032830-3C	MYB	TFF
Soffic.07G0014000-7G	TCP	TFF
Soffic.10H0008920-10H	FAR1	TFF
Soffic.06G0009320-6H	MYB	TFF
Soffic.05H0004650-5H	AUX/IAA	OTR
Soffic.03G0003270-3F	NAC	TFF
Soffic.03G0023490-3A	MYB	TFF
Soffic.03B0021050-3B	TUB	TFF
Soffic.04G0026790-4C	C2C2-Dof	TFF
Soffic.01G0025550-1A	TRAF	OTR
Soffic.04G0011280-4E	TAZ	TFF
Soffic.01G0010390-1E	Orphans	Orphans
Soffic.06G0024610-6G	ARF	TFF
Soffic.03G0024920-3C	SWI/SNF-BAF60b	OTR
Soffic.04G0032670-4G	C2C2-GATA	TFF
Soffic.02G0017430-2G	SET	OTR
Soffic.10G0005330-10C	bHLH	TFF
Soffic.06G0025140-6E	Rcd1-like	OTR
Soffic.04G0006900-4E	Orphans	Orphans
Soffic.09G0001780-9C	FAR1	TFF
Soffic.07H0003430-7H	MYB-related	TFF
Soffic.10G0006490-10D	DBP	TFF
Soffic.06G0017460-6G	C2C2-Dof	TFF
Soffic.08G0007950-8A	MADS	TFF
Soffic.10G0018010-10E	PLATZ	TFF
Soffic.04G0011880-4B	MYB-related	TFF
Soffic.03G0003990-3H	AP2-EREBP	TFF
Soffic.03F0025590-3F	AUX/IAA	OTR
Soffic.04C0002340-4C	bZIP	TFF
Soffic.10G0019020-10B	AP2-EREBP	TFF
Soffic.02G0021090-2A	Orphans	Orphans
Soffic.03G0026640-3H	zf-A20	TFF
Soffic.01G0034130-1A	CCAAT	TFF
Soffic.05D0013400-5D	bHLH	TFF
Soffic.01G0009070-1A	SWI/SNF-BAF60b	OTR
Soffic.01G0000110-1B	C2C2-Dof	TFF
Soffic.01G0051320-1A	AP2-EREBP	TFF
Soffic.08G0014190-8C	ABI3VP1	TFF
Soffic.09C0012340-9C	mTERF	OTR
Soffic.01G0020860-1H	zf-BED	TFF
Soffic.04G0018240-4A	MADS	TFF
Soffic.03G0000570-3E	OFP	TFF
Soffic.02G0000880-2G	Jumonji	OTR
Soffic.01G0010020-1B	GRF	TFF
Soffic.01G0026200-1D	Tify	TFF
Soffic.09G0003130-9G	MADS	TFF
Soffic.01G0008710-1A	Orphans	Orphans
Soffic.04G0027020-4B	E2F-DP	TFF
Soffic.06G0009460-6D	NAC	TFF
Soffic.03G0023730-3F	MYB	TFF
Soffic.04G0029470-4D	GeBP	TFF
Soffic.09D0012720-9D	mTERF	OTR
Soffic.07H0016480-7H	Orphans	Orphans
Soffic.05G0006290-5B	NAC	TFF
Soffic.03G0014610-3D	TRAF	OTR
Soffic.05G0007470-5H	PHD	OTR
Soffic.02G0031140-2B	ABI3VP1	TFF
Soffic.01G0006720-1E	zf-A20	TFF
Soffic.03G0000850-3E	zf-BED	TFF
Soffic.09G0003870-9C	GRAS	TFF
Soffic.09G0013910-9E	C2H2	TFF
Soffic.02G0020500-2G	bZIP	TFF
Soffic.08G0015210-8F	NAC	TFF
Soffic.03G0038020-3B	SRS	TFF
Soffic.02G0035860-2D	MED26	OTR
Soffic.04G0021620-4B	FAR1	TFF
Soffic.01G0009450-1B	bHLH	TFF
Soffic.01G0007610-1A	bHLH	TFF
Soffic.02G0023070-2G	Orphans	Orphans
Soffic.10C0019050-10C	WRKY	TFF
Soffic.10G0019380-10B	Orphans	Orphans
Soffic.03G0019980-3F	bHLH	TFF
Soffic.03G0037290-3A	G2-like	TFF
Soffic.07G0007150-7H	Yl1	TFF
Soffic.06G0021130-6F	AP2-EREBP	TFF
Soffic.08G0007300-8E	NAC	TFF
Soffic.09G0020740-9G	bZIP	TFF
Soffic.07G0016640-7F	bHLH	TFF
Soffic.02G0034490-2B	Tify	TFF
Soffic.01G0052810-1D	ABI3VP1	TFF
Soffic.03G0026850-3A	SET	OTR
Soffic.02G0038190-2A	bZIP	TFF
Soffic.05G0000350-5B	Orphans	Orphans
Soffic.03G0011820-3H	SBP	TFF
Soffic.02C0015470-2C	WRKY	TFF
Soffic.06G0020630-6G	AP2-EREBP	TFF
Soffic.04H0027510-4H	WRKY	TFF
Soffic.04G0017720-4A	Orphans	Orphans
Soffic.10G0007800-10A	mTERF	OTR
Soffic.06G0007170-6B	SET	OTR
Soffic.09G0021900-9B	Orphans	Orphans
Soffic.02G0019090-2D	GeBP	TFF
Soffic.04G0013380-4D	CCAAT	TFF
Soffic.01E0035480-1E	AP2-EREBP	TFF
Soffic.04G0031010-4G	AP2-EREBP	TFF
Soffic.09G0014130-9G	MYB	TFF
Soffic.03G0035700-3B	TRAF	OTR
Soffic.01G0032700-1E	MED26	OTR
Soffic.01G0035950-1F	Orphans	Orphans
Soffic.08G0017370-8G	SET	OTR
Soffic.01G0046210-1A	TRAF	OTR
Soffic.09G0017840-9C	CPP	TFF
Soffic.02G0017660-2B	MYB	TFF
Soffic.09F0003130-9F	MYB	TFF
Soffic.03G0034210-3D	NAC	TFF
Soffic.03H0036800-3H	C2C2-GATA	TFF
Soffic.06G0015340-6A	Orphans	Orphans
Soffic.01F0036810-1F	C2C2-Dof	TFF
Soffic.03G0028310-3E	Orphans	Orphans
Soffic.03F0035520-3F	bHLH	TFF
Soffic.03G0041220-3E	Top	TFF
Soffic.04G0026110-4C	GNAT	OTR
Soffic.01G0032200-1C	MADS	TFF
Soffic.09G0018210-9B	Orphans	Orphans
Soffic.04F0006180-4F	zf-BED	TFF
Soffic.01C0027000-1C	AP2-EREBP	TFF
Soffic.01G0025490-1E	E2F-DP	TFF
Soffic.03G0012440-3B	Top	TFF
Soffic.02G0026690-2H	Orphans	Orphans
Soffic.03C0000560-3C	MYB	TFF
Soffic.04G0021260-4A	Orphans	Orphans
Soffic.02G0035170-2C	AP2-EREBP	TFF
Soffic.10G0017610-10C	GRAS	TFF
Soffic.07G0006690-7B	TRAF	OTR
Soffic.04G0017190-4A	AP2-EREBP	TFF
Soffic.03G0025990-3G	bHLH	TFF
Soffic.09G0013110-9D	Orphans	Orphans
Soffic.06G0010870-6E	MYB	TFF
Soffic.02D0000630-2D	FHA	TFF
Soffic.02G0037620-2A	OFP	TFF
Soffic.07G0010810-7A	C3H	TFF
Soffic.09G0006860-9A	MYB-related	TFF
Soffic.05G0014460-5C	RB	OTR
Soffic.07D0012780-7D	RWP-RK	TFF
Soffic.10G0016770-10F	FAR1	TFF
Soffic.10G0011010-10C	bZIP	TFF
Soffic.03G0035670-3E	C2H2	TFF
Soffic.02G0018250-2B	CCAAT	TFF
Soffic.04E0029460-4E	AP2-EREBP	TFF
Soffic.02G0033470-2D	Alfin-like	TFF
Soffic.01G0048220-1E	MYB	TFF
Soffic.03G0037050-3A	ARF	TFF
Soffic.07G0010280-7F	PAS	TFF
Soffic.05G0010260-5E	AP2-EREBP	TFF
Soffic.06E0012250-6E	GNAT	OTR
Soffic.01B0000290-1B	PHD	OTR
Soffic.05C0011670-5C	Sigma70-like	TFF
Soffic.07C0018440-7C	Orphans	Orphans
Soffic.10G0018710-10C	Orphans	Orphans
Soffic.06G0019260-6A	GRF	TFF
Soffic.05G0007600-5D	WRKY	TFF
Soffic.05G0005870-5C	C2C2-Dof	TFF
Soffic.01G0026780-1A	Tify	TFF
Soffic.04G0029600-4H	GRF	TFF
Soffic.05G0017880-5C	WRKY	TFF
Soffic.03G0001450-3D	SET	OTR
Soffic.02G0017080-2H	FAR1	TFF
Soffic.01H0023860-1H	AP2-EREBP	TFF
Soffic.05G0018390-5G	Orphans	Orphans
Soffic.07G0014320-7D	FAR1	TFF
Soffic.04G0011050-4B	MYB-related	TFF
Soffic.07C0006000-7C	HMG	OTR
Soffic.04G0028110-4G	Orphans	Orphans
Soffic.08G0018270-8C	TRAF	OTR
Soffic.02G0012130-2B	NAC	TFF
Soffic.04H0019820-4H	ABI3VP1	TFF
Soffic.03G0030740-3B	MYB	TFF
Soffic.10G0017670-10C	Orphans	Orphans
Soffic.04H0012830-4H	Orphans	Orphans
Soffic.10G0023520-10G	MYB-related	TFF
Soffic.05G0009000-5D	FAR1	TFF
Soffic.09G0012760-9A	VOZ	TFF
Soffic.10G0005680-10C	BBR/BPC	TFF
Soffic.03G0022190-3G	bHLH	TFF
Soffic.09G0018270-9B	Orphans	Orphans
Soffic.02G0018030-2G	Orphans	Orphans
Soffic.04E0022760-4E	C2C2-GATA	TFF
Soffic.01D0012030-1D	FHA	TFF
Soffic.03H0036740-3H	Top	TFF
Soffic.02G0026170-2E	Orphans	Orphans
Soffic.02G0030090-2D	bHLH	TFF
Soffic.03G0028370-3E	Orphans	Orphans
Soffic.01G0036490-1C	MYB-related	TFF
Soffic.06G0023020-6D	MYB	TFF
Soffic.01G0048870-1B	E2F-DP	TFF
Soffic.01G0052160-1C	bZIP	TFF
Soffic.09G0007540-9E	OFP	TFF
Soffic.07G0017910-7F	zf-BED	TFF
Soffic.09G0016600-9G	BSD	TFF
Soffic.06G0010640-6B	C2H2	TFF
Soffic.03G0023640-3B	ABI3VP1	TFF
Soffic.02G0003610-2A	Orphans	Orphans
Soffic.02B0027580-2B	CAMTA	TFF
Soffic.09G0009900-9F	FHA	TFF
Soffic.09G0003900-9G	MYB-related	TFF
Soffic.03H0010780-3H	BSD	TFF
Soffic.07G0009820-7B	MYB-related	TFF
Soffic.06G0000570-6C	C3H	TFF
Soffic.02G0021630-2F	C2H2	TFF
Soffic.08G0014950-8B	C2C2-YABBY	TFF
Soffic.01G0031430-1D	NAC	TFF
Soffic.05G0011600-5G	zf-BED	TFF
Soffic.01G0017950-1E	LIM	TFF
Soffic.10G0010930-10D	bZIP	TFF
Soffic.06G0023160-6D	C2C2-Dof	TFF
Soffic.07F0013680-7F	FAR1	TFF
Soffic.01G0021670-1G	C2H2	TFF
Soffic.02G0020950-2C	Orphans	Orphans
Soffic.03G0024690-3F	ABI3VP1	TFF
Soffic.02G0012340-2C	bZIP	TFF
Soffic.07G0016420-7B	bZIP	TFF
Soffic.04G0008600-4C	bHLH	TFF
Soffic.10G0002950-10F	zf-MIZ	OTR
Soffic.07G0004930-7G	FAR1	TFF
Soffic.10G0026050-10D	PHD	OTR
Soffic.09G0004970-9E	Orphans	Orphans
Soffic.04G0032850-4E	C2H2	TFF
Soffic.04G0002820-4H	SBP	TFF
Soffic.01G0013850-1H	AUX/IAA	OTR
Soffic.01H0036040-1H	bZIP	TFF
Soffic.08G0018340-8A	bHLH	TFF
Soffic.03G0028450-3F	Top	TFF
Soffic.02C0003950-2C	FAR1	TFF
Soffic.01G0052020-1C	OFP	TFF
Soffic.09G0023720-9F	OFP	TFF
Soffic.03G0032790-3G	Alfin-like	TFF
Soffic.06G0012070-6B	RWP-RK	TFF
Soffic.02G0023300-2D	bHLH	TFF
Soffic.07G0006070-7G	CCAAT	TFF
Soffic.07G0013960-7D	zf-A20	TFF
Soffic.03G0033470-3A	mTERF	OTR
Soffic.10G0019480-10G	AP2-EREBP	TFF
Soffic.03G0032030-3D	MYB-related	TFF
Soffic.01G0032610-1B	TIG	TFF
Soffic.06B0015870-6B	AP2-EREBP	TFF
Soffic.07G0006660-7D	TRAF	OTR
Soffic.05F0004280-5F	NAC	TFF
Soffic.01G0034360-1C	CCAAT	TFF
Soffic.03F0009640-3F	C3H	TFF
Soffic.07G0017590-7A	PAS	TFF
Soffic.02G0024120-2G	MYB	TFF
Soffic.03E0014660-3E	Orphans	Orphans
Soffic.01G0042570-1A	zf-BED	TFF
Soffic.10G0024460-10B	NAC	TFF
Soffic.01F0043840-1F	AP2-EREBP	TFF
Soffic.02G0037880-2D	C2C2-Dof	TFF
Soffic.10G0020350-10D	MYB-related	TFF
Soffic.01G0004220-1A	TFIIS	TFF
Soffic.05G0009310-5G	WRKY	TFF
Soffic.05G0020580-5H	C2H2	TFF
Soffic.01G0008770-1A	MYB-related	TFF
Soffic.01G0038950-1C	MYB-related	TFF
Soffic.02F0034720-2F	SART-1	OTR
Soffic.06G0011360-6H	Top	TFF
Soffic.08G0008500-8H	C3H	TFF
Soffic.08G0006020-8F	bHLH	TFF
Soffic.02G0039280-2H	E2F-DP	TFF
Soffic.03G0017990-3C	mTERF	OTR
Soffic.04G0031980-4G	AP2-EREBP	TFF
Soffic.03G0002900-3F	Orphans	Orphans
Soffic.04E0022090-4E	AP2-EREBP	TFF
Soffic.10G0012620-10C	Orphans	Orphans
Soffic.06C0007990-6C	MADS	TFF
Soffic.03G0017590-3C	HSF	TFF
Soffic.02G0039140-2B	C2C2-Dof	TFF
Soffic.01G0004570-1H	bHLH	TFF
Soffic.03G0010870-3C	NAC	TFF
Soffic.02G0034500-2B	Orphans	Orphans
Soffic.03G0029120-3B	WRKY	TFF
Soffic.01G0027630-1G	MYB-related	TFF
Soffic.04G0010630-4G	NAC	TFF
Soffic.06F0018110-6F	AP2-EREBP	TFF
Soffic.06G0000740-6G	TRAF	OTR
Soffic.01G0015010-1C	GRF	TFF
Soffic.01B0024060-1B	Tify	TFF
Soffic.07G0000370-7G	bHLH	TFF
Soffic.03G0004150-3A	Orphans	Orphans
Soffic.01G0048480-1A	AP2-EREBP	TFF
Soffic.04G0030260-4D	MYB-related	TFF
Soffic.07G0013530-7G	Jumonji	OTR
Soffic.02G0020700-2H	bHLH	TFF
Soffic.10G0020170-10E	MYB-related	TFF
Soffic.01G0011740-1D	C2C2-GATA	TFF
Soffic.01G0013320-1H	CCAAT	TFF
Soffic.06G0009370-6H	WRKY	TFF
Soffic.07G0011200-7G	mTERF	OTR
Soffic.01G0030740-1D	Orphans	Orphans
Soffic.01G0017150-1D	WRKY	TFF
Soffic.03G0003220-3F	MYB-related	TFF
Soffic.01G0018040-1D	MYB-related	TFF
Soffic.03G0009340-3E	C3H	TFF
Soffic.10G0017240-10B	bHLH	TFF
Soffic.09F0002640-9F	Orphans	Orphans
Soffic.06F0008380-6F	GRAS	TFF
Soffic.03G0031960-3E	Orphans	Orphans
Soffic.07C0004170-7C	bZIP	TFF
Soffic.02H0026190-2H	GRAS	TFF
Soffic.03G0008070-3A	zf-BED	TFF
Soffic.06G0018290-6A	MYB-related	TFF
Soffic.09G0014650-9A	bZIP	TFF
Soffic.06G0016890-6B	RWP-RK	TFF
Soffic.01G0017730-1F	Orphans	Orphans
Soffic.01G0030830-1E	bHLH	TFF
Soffic.02G0021800-2B	zf-A20	TFF
Soffic.07G0001800-7H	Orphans	Orphans
Soffic.08F0006750-8F	zf-HD	TFF
Soffic.06G0008750-6F	Orphans	Orphans
Soffic.10G0004830-10G	MYB-related	TFF
Soffic.02G0005820-2F	FHA	TFF
Soffic.10G0022000-10F	MYB-related	TFF
Soffic.01G0051200-1B	HB	TFF
Soffic.02G0017770-2G	bHLH	TFF
Soffic.08G0006230-8D	AP2-EREBP	TFF
Soffic.01G0036550-1G	bZIP	TFF
Soffic.02H0011180-2H	Orphans	Orphans
Soffic.10G0000580-10G	ABI3VP1	TFF
Soffic.01G0047880-1A	Orphans	Orphans
Soffic.02G0025450-2A	AUX/IAA	OTR
Soffic.07G0016640-7H	FAR1	TFF
Soffic.04G0016190-4F	SET	OTR
Soffic.07G0008710-7B	TUB	TFF
Soffic.02G0036390-2C	bHLH	TFF
Soffic.01G0025100-1C	Orphans	Orphans
Soffic.04H0018770-4H	MADS	TFF
Soffic.03G0017640-3C	bHLH	TFF
Soffic.05G0009170-5A	WRKY	TFF
Soffic.07G0007090-7G	FAR1	TFF
Soffic.09G0018010-9E	AP2-EREBP	TFF
Soffic.01H0033710-1H	Orphans	Orphans
Soffic.01G0004590-1A	bZIP	TFF
Soffic.02G0020150-2E	WRKY	TFF
Soffic.07G0006780-7F	ABI3VP1	TFF
Soffic.01G0005670-1G	bHLH	TFF
Soffic.08E0004720-8E	TUB	TFF
Soffic.06G0009050-6H	GNAT	OTR
Soffic.07B0004770-7B	MYB	TFF
Soffic.07G0006820-7G	TRAF	OTR
Soffic.01G0047210-1F	bZIP	TFF
Soffic.05G0001110-5A	TRAF	OTR
Soffic.01G0034980-1E	FAR1	TFF
Soffic.03G0036500-3B	RWP-RK	TFF
Soffic.07H0002680-7H	TRAF	OTR
Soffic.01E0019100-1E	TRAF	OTR
Soffic.07G0021250-7A	MYB	TFF
Soffic.04G0009270-4C	bZIP	TFF
Soffic.09H0008770-9H	bHLH	TFF
Soffic.03G0026030-3D	AP2-EREBP	TFF
Soffic.05G0010120-5B	AP2-EREBP	TFF
Soffic.02G0006150-2A	SAP	TFF
Soffic.03G0012390-3D	MYB	TFF
Soffic.05G0006260-5C	FHA	TFF
Soffic.06G0019470-6C	TRAF	OTR
Soffic.07G0000110-7A	Top	TFF
Soffic.02F0000310-2F	TRAF	OTR
Soffic.07G0007840-7E	SET	OTR
Soffic.03E0023910-3E	MYB	TFF
Soffic.02G0032320-2D	GRAS	TFF
Soffic.02H0028460-2H	bHLH	TFF
Soffic.04G0016050-4G	GRF	TFF
Soffic.01G0034440-1C	MYB	TFF
Soffic.10F0003610-10F	MYB-related	TFF
Soffic.03G0028290-3E	Top	TFF
Soffic.04G0018060-4E	mTERF	OTR
Soffic.02G0003850-2D	HB	TFF
Soffic.03G0002700-3G	MYB-related	TFF
Soffic.09F0001840-9F	FAR1	TFF
Soffic.04H0005930-4H	WRKY	TFF
Soffic.10F0001450-10F	HSF	TFF
Soffic.05H0006070-5H	AP2-EREBP	TFF
Soffic.01G0001350-1A	CCAAT	TFF
Soffic.04G0030250-4E	zf-C5HC2	TFF
Soffic.09G0022100-9F	C2C2-GATA	TFF
Soffic.01D0045350-1D	Orphans	Orphans
Soffic.02G0030760-2C	GRF	TFF
Soffic.02H0003190-2H	TRAF	OTR
Soffic.02E0037360-2E	MYB	TFF
Soffic.03G0015980-3B	bHLH	TFF
Soffic.02G0031330-2D	AP2-EREBP	TFF
Soffic.01G0007110-1E	TCP	TFF
Soffic.09G0007140-9C	C2H2	TFF
Soffic.03H0037450-3H	CCAAT	TFF
Soffic.03H0019900-3H	WRKY	TFF
Soffic.03G0027540-3D	SET	OTR
Soffic.01E0021350-1E	SET	OTR
Soffic.07F0000290-7F	AUX/IAA	OTR
Soffic.08G0002930-8C	WRKY	TFF
Soffic.08G0002090-8F	SET	OTR
Soffic.02E0028930-2E	bHLH	TFF
Soffic.03A0022040-3A	BES1	TFF
Soffic.06G0019360-6F	CSD	TFF
Soffic.10G0007270-10G	GeBP	TFF
Soffic.07G0018250-7B	TRAF	OTR
Soffic.02G0020020-2C	GeBP	TFF
Soffic.01H0023110-1H	Tify	TFF
Soffic.08G0013890-8C	MYB-related	TFF
Soffic.07D0014900-7D	bHLH	TFF
Soffic.07G0007760-7G	ABI3VP1	TFF
Soffic.03G0012770-3E	Top	TFF
Soffic.05G0001880-5G	zf-HD	TFF
Soffic.06G0019040-6E	Orphans	Orphans
Soffic.05G0003130-5B	zf-BED	TFF
Soffic.07G0013950-7E	bZIP	TFF
Soffic.04G0017390-4G	E2F-DP	TFF
Soffic.08H0003510-8H	MED26	OTR
Soffic.04D0028560-4D	NAC	TFF
Soffic.09F0024600-9F	C3H	TFF
Soffic.01G0053770-1A	Top	TFF
Soffic.04C0022750-4C	Orphans	Orphans
Soffic.07G0004200-7H	AP2-EREBP	TFF
Soffic.03G0018570-3G	Top	TFF
Soffic.01E0013200-1E	CCAAT	TFF
Soffic.09G0021880-9H	Orphans	Orphans
Soffic.02H0006700-2H	GNAT	OTR
Soffic.04H0026990-4H	mTERF	OTR
Soffic.06G0012740-6H	ARF	TFF
Soffic.02G0016790-2G	Jumonji	OTR
Soffic.01F0017680-1F	ARID	OTR
Soffic.04H0026590-4H	E2F-DP	TFF
Soffic.04G0023870-4A	C2C2-Dof	TFF
Soffic.08G0013650-8F	TAZ	TFF
Soffic.10G0000800-10D	ABI3VP1	TFF
Soffic.07G0012490-7B	GeBP	TFF
Soffic.04G0027640-4E	AP2-EREBP	TFF
Soffic.08G0000940-8C	TRAF	OTR
Soffic.01G0024510-1B	AP2-EREBP	TFF
Soffic.07G0013960-7C	AP2-EREBP	TFF
Soffic.04F0032830-4F	C2H2	TFF
Soffic.08E0016700-8E	TCP	TFF
Soffic.04G0019370-4B	NAC	TFF
Soffic.04G0018520-4D	DDT	OTR
Soffic.01G0001760-1H	FAR1	TFF
Soffic.07G0010280-7H	bHLH	TFF
Soffic.09G0010610-9C	bZIP	TFF
Soffic.06G0012350-6B	Orphans	Orphans
Soffic.03G0030350-3F	AP2-EREBP	TFF
Soffic.03G0025770-3A	ARF	TFF
Soffic.06G0001920-6F	C2H2	TFF
Soffic.01G0032730-1C	AP2-EREBP	TFF
Soffic.01G0030970-1G	PHD	OTR
Soffic.01E0012920-1E	bHLH	TFF
Soffic.07G0022210-7D	bHLH	TFF
Soffic.07G0021010-7F	bZIP	TFF
Soffic.04G0030090-4E	C2C2-GATA	TFF
Soffic.09G0013830-9G	MYB-related	TFF
Soffic.10G0020630-10D	TRAF	OTR
Soffic.05G0006310-5B	zf-BED	TFF
Soffic.08H0006660-8H	Orphans	Orphans
Soffic.03G0021750-3E	NAC	TFF
Soffic.07C0017700-7C	MADS	TFF
Soffic.09D0023350-9D	bHLH	TFF
Soffic.01G0015600-1E	WRKY	TFF
Soffic.07G0013300-7A	MYB	TFF
Soffic.03G0034270-3C	TAZ	TFF
Soffic.03E0036470-3E	ARR-B	TFF
Soffic.03H0030130-3H	WRKY	TFF
Soffic.07G0017220-7A	bHLH	TFF
Soffic.09G0008790-9E	AP2-EREBP	TFF
Soffic.09G0004860-9D	Alfin-like	TFF
Soffic.01G0032420-1C	HB	TFF
Soffic.07G0015100-7B	SET	OTR
Soffic.01G0008680-1B	Orphans	Orphans
Soffic.02G0024670-2C	AP2-EREBP	TFF
Soffic.07G0005980-7H	WRKY	TFF
Soffic.01G0002460-1H	FAR1	TFF
Soffic.01G0008530-1B	MYB-related	TFF
Soffic.02G0025980-2B	C2H2	TFF
Soffic.02D0026130-2D	MADS	TFF
Soffic.05G0020740-5B	C2H2	TFF
Soffic.03G0038340-3G	Orphans	Orphans
Soffic.04G0001180-4B	zf-BED	TFF
Soffic.02G0011680-2F	FHA	TFF
Soffic.04H0012620-4H	C2H2	TFF
Soffic.08D0000750-8D	Orphans	Orphans
Soffic.03G0018850-3G	MADS	TFF
Soffic.04G0014000-4A	HSF	TFF
Soffic.10G0024240-10D	SRS	TFF
Soffic.06G0016480-6H	OFP	TFF
Soffic.03G0020330-3D	HSF	TFF
Soffic.08G0005500-8C	MYB	TFF
Soffic.01G0047050-1A	GNAT	OTR
Soffic.03D0002540-3D	BES1	TFF
Soffic.01G0019850-1G	bHLH	TFF
Soffic.06H0022240-6H	ARF	TFF
Soffic.03G0025340-3E	FAR1	TFF
Soffic.01G0013140-1E	MYB-related	TFF
Soffic.01G0022340-1B	Orphans	Orphans
Soffic.02H0027110-2H	Orphans	Orphans
Soffic.10G0022550-10A	SRS	TFF
Soffic.07E0017420-7E	NAC	TFF
Soffic.08H0003970-8H	OFP	TFF
Soffic.04G0005620-4B	Orphans	Orphans
Soffic.06G0018310-6A	Orphans	Orphans
Soffic.06G0018740-6E	MADS	TFF
Soffic.07G0020020-7D	TRAF	OTR
Soffic.10G0016300-10E	FAR1	TFF
Soffic.10G0010700-10C	zf-BED	TFF
Soffic.04G0005360-4H	SBP	TFF
Soffic.01G0052650-1A	Orphans	Orphans
Soffic.05G0022220-5F	C2H2	TFF
Soffic.10G0017200-10E	zf-A20	TFF
Soffic.03G0033840-3G	TAZ	TFF
Soffic.08G0002580-8A	MYB	TFF
Soffic.10G0014400-10C	Orphans	Orphans
Soffic.01G0025150-1G	GRAS	TFF
Soffic.08F0010760-8F	Orphans	Orphans
Soffic.07G0011760-7D	NAC	TFF
Soffic.09G0012780-9G	AP2-EREBP	TFF
Soffic.08G0002630-8A	zf-HD	TFF
Soffic.07D0010060-7D	Orphans	Orphans
Soffic.10G0023880-10H	PHD	OTR
Soffic.08G0005490-8C	MYB	TFF
Soffic.01G0012470-1H	GNAT	OTR
Soffic.03G0012710-3E	Top	TFF
Soffic.06G0016080-6E	AP2-EREBP	TFF
Soffic.02G0021580-2H	bHLH	TFF
Soffic.04F0015430-4F	AP2-EREBP	TFF
Soffic.10D0004670-10D	Orphans	Orphans
Soffic.06C0022470-6C	MED7	OTR
Soffic.01E0005010-1E	bHLH	TFF
Soffic.08D0005570-8D	MYB	TFF
Soffic.06G0017340-6G	C2H2	TFF
Soffic.03G0002250-3E	MADS	TFF
Soffic.03G0015010-3B	MYB	TFF
Soffic.04G0020590-4B	ABI3VP1	TFF
Soffic.07G0020380-7D	AP2-EREBP	TFF
Soffic.10G0010060-10G	zf-BED	TFF
Soffic.02G0024610-2C	AP2-EREBP	TFF
Soffic.03F0021200-3F	bZIP	TFF
Soffic.09G0020970-9D	WRKY	TFF
Soffic.10G0011810-10B	PHD	OTR
Soffic.09G0009900-9H	MYB	TFF
Soffic.03G0022310-3F	NAC	TFF
Soffic.04G0002040-4C	BES1	TFF
Soffic.08G0014990-8E	LIM	TFF
Soffic.04G0027000-4F	NAC	TFF
Soffic.07G0013810-7E	FAR1	TFF
Soffic.09G0011480-9G	AP2-EREBP	TFF
Soffic.08G0007160-8A	bHLH	TFF
Soffic.10G0015480-10D	HB	TFF
Soffic.09G0002790-9H	HB	TFF
Soffic.01G0025010-1A	TRAF	OTR
Soffic.02D0033590-2D	GRAS	TFF
Soffic.01H0006860-1H	AP2-EREBP	TFF
Soffic.01G0054090-1A	NAC	TFF
Soffic.04G0029890-4G	bZIP	TFF
Soffic.02F0000920-2F	WRKY	TFF
Soffic.02E0013850-2E	WRKY	TFF
Soffic.07G0017510-7H	SWI/SNF-BAF60b	OTR
Soffic.10G0016360-10G	FAR1	TFF
Soffic.01F0001960-1F	zf-BED	TFF
Soffic.07G0003610-7A	bHLH	TFF
Soffic.06H0012050-6H	MYB	TFF
Soffic.09G0013890-9B	MADS	TFF
Soffic.10B0020780-10B	ARF	TFF
Soffic.05G0019020-5A	GRAS	TFF
Soffic.06G0019410-6C	TRAF	OTR
Soffic.06G0020780-6F	SBP	TFF
Soffic.03G0026990-3H	SET	OTR
Soffic.03G0011630-3H	AUX/IAA	OTR
Soffic.02G0031950-2A	WRKY	TFF
Soffic.03H0019490-3H	MYB-related	TFF
Soffic.01G0046370-1F	MYB-related	TFF
Soffic.03G0011580-3H	bHLH	TFF
Soffic.06G0005410-6A	bHLH	TFF
Soffic.01G0029790-1C	PHD	OTR
Soffic.01G0047270-1F	OFP	TFF
Soffic.01G0004140-1E	Orphans	Orphans
Soffic.03G0025120-3F	OFP	TFF
Soffic.02G0024220-2H	SRS	TFF
Soffic.02G0031550-2A	MADS	TFF
Soffic.03G0016670-3A	WRKY	TFF
Soffic.09G0008460-9H	C2H2	TFF
Soffic.01F0017100-1F	Top	TFF
Soffic.10G0025090-10E	bZIP	TFF
Soffic.02G0001270-2E	WRKY	TFF
Soffic.02D0006880-2D	HSF	TFF
Soffic.04G0010960-4A	MYB-related	TFF
Soffic.07G0018790-7D	SBP	TFF
Soffic.07H0005130-7H	CCAAT	TFF
Soffic.06G0017190-6C	C2H2	TFF
Soffic.05G0010090-5D	Sigma70-like	TFF
Soffic.10G0020800-10H	Orphans	Orphans
Soffic.08G0017720-8F	TRAF	OTR
Soffic.06G0021750-6C	AUX/IAA	OTR
Soffic.09G0020540-9F	WRKY	TFF
Soffic.04G0007000-4B	C3H	TFF
Soffic.02G0031870-2A	GRAS	TFF
Soffic.04G0013550-4D	MADS	TFF
Soffic.04H0008760-4H	HB	TFF
Soffic.06G0008810-6G	FAR1	TFF
Soffic.05G0002220-5B	WRKY	TFF
Soffic.03G0035720-3F	TRAF	OTR
Soffic.02G0011100-2F	AP2-EREBP	TFF
Soffic.09G0008830-9A	FAR1	TFF
Soffic.03G0023680-3G	OFP	TFF
Soffic.08G0016110-8H	C2H2	TFF
Soffic.02G0019760-2C	PHD	OTR
Soffic.01G0026700-1E	TRAF	OTR
Soffic.05G0013410-5D	ARF	TFF
Soffic.09H0012130-9H	GRAS	TFF
Soffic.01G0035230-1D	mTERF	OTR
Soffic.09G0015750-9A	MYB	TFF
Soffic.03G0023150-3C	MYB	TFF
Soffic.08G0011210-8B	GRAS	TFF
Soffic.01G0015350-1C	MYB-related	TFF
Soffic.08E0005830-8E	NAC	TFF
Soffic.03D0004520-3D	bZIP	TFF
Soffic.06G0009450-6E	Orphans	Orphans
Soffic.07B0014760-7B	bZIP	TFF
Soffic.04F0011700-4F	Orphans	Orphans
Soffic.05G0005160-5C	C2C2-Dof	TFF
Soffic.03H0033070-3H	C2C2-Dof	TFF
Soffic.08G0000710-8G	Orphans	Orphans
Soffic.08D0005080-8D	MYB-related	TFF
Soffic.07G0007670-7B	Orphans	Orphans
Soffic.01G0027300-1C	Orphans	Orphans
Soffic.08G0014190-8D	AP2-EREBP	TFF
Soffic.07G0003690-7F	Top	TFF
Soffic.01G0049720-1B	Orphans	Orphans
Soffic.03G0019040-3C	Top	TFF
Soffic.05G0021560-5E	C2H2	TFF
Soffic.01G0040980-1F	ABI3VP1	TFF
Soffic.01H0007720-1H	WRKY	TFF
Soffic.02G0029470-2E	MYB	TFF
Soffic.10G0006670-10E	ARF	TFF
Soffic.01G0031480-1A	Orphans	Orphans
Soffic.03G0001990-3G	Orphans	Orphans
Soffic.01B0006980-1B	SWI/SNF-BAF60b	OTR
Soffic.05G0005150-5E	NAC	TFF
Soffic.07G0019060-7B	AP2-EREBP	TFF
Soffic.05G0005840-5F	NAC	TFF
Soffic.10G0006310-10G	bHLH	TFF
Soffic.02G0009820-2B	CCAAT	TFF
Soffic.02D0007390-2D	bHLH	TFF
Soffic.10G0014500-10H	Orphans	Orphans
Soffic.06G0026050-6G	FAR1	TFF
Soffic.04G0011130-4H	WRKY	TFF
Soffic.01G0035160-1F	PHD	OTR
Soffic.05G0002640-5B	C3H	TFF
Soffic.09H0017450-9H	Orphans	Orphans
Soffic.03G0006010-3B	zf-fF-X1	TFF
Soffic.02H0031800-2H	C2H2	TFF
Soffic.09G0001890-9B	FAR1	TFF
Soffic.03G0011570-3A	MYB	TFF
Soffic.02G0022330-2A	CCAAT	TFF
Soffic.01G0016760-1B	Orphans	Orphans
Soffic.01G0012870-1B	FAR1	TFF
Soffic.03G0029080-3D	bZIP	TFF
Soffic.01E0048880-1E	AP2-EREBP	TFF
Soffic.07G0000180-7H	SWI/SNF-SWI3	OTR
Soffic.07G0011320-7C	SET	OTR
Soffic.03G0009300-3C	bHLH	TFF
Soffic.10G0014850-10A	MBF1	OTR
Soffic.01G0035170-1G	FAR1	TFF
Soffic.07G0003090-7D	ABI3VP1	TFF
Soffic.09G0004370-9B	TUB	TFF
Soffic.07G0013070-7B	MYB	TFF
Soffic.01G0007930-1F	C2C2-Dof	TFF
Soffic.05H0020480-5H	GRAS	TFF
Soffic.02G0032200-2G	C2H2	TFF
Soffic.04H0007450-4H	AP2-EREBP	TFF
Soffic.04B0013950-4B	TRAF	OTR
Soffic.10G0016700-10D	FAR1	TFF
Soffic.01D0041420-1D	LIM	TFF
Soffic.05F0011430-5F	Orphans	Orphans
Soffic.03G0025070-3G	C2C2-Dof	TFF
Soffic.10G0017540-10A	HB	TFF
Soffic.01G0052210-1D	FHA	TFF
Soffic.06H0017760-6H	WRKY	TFF
Soffic.08G0014350-8E	C2H2	TFF
Soffic.01H0044780-1H	C2C2-Dof	TFF
Soffic.09G0006410-9D	Orphans	Orphans
Soffic.09G0003770-9E	Top	TFF
Soffic.07G0010460-7D	MBF1	OTR
Soffic.04G0010400-4G	MYB	TFF
Soffic.10G0019290-10D	NAC	TFF
Soffic.09G0016460-9D	GRAS	TFF
Soffic.04G0033910-4A	Orphans	Orphans
Soffic.03G0010210-3C	GeBP	TFF
Soffic.01G0014770-1H	MYB-related	TFF
Soffic.01G0048500-1A	AP2-EREBP	TFF
Soffic.10F0022650-10F	SRS	TFF
Soffic.09G0022850-9D	MYB-related	TFF
Soffic.03E0002950-3E	C2C2-Dof	TFF
Soffic.08G0003210-8B	SAP	TFF
Soffic.04G0011280-4B	HMG	OTR
Soffic.01C0000980-1C	C3H	TFF
Soffic.06G0016130-6F	bHLH	TFF
Soffic.03G0012700-3F	Orphans	Orphans
Soffic.07C0009860-7C	mTERF	OTR
Soffic.09G0012670-9C	SBP	TFF
Soffic.09G0009860-9D	FAR1	TFF
Soffic.04H0002140-4H	SWI/SNF-BAF60b	OTR
Soffic.03G0022950-3A	WRKY	TFF
Soffic.05G0008290-5A	PHD	OTR
Soffic.10G0001970-10E	BBR/BPC	TFF
Soffic.01G0008820-1G	C2C2-Dof	TFF
Soffic.06G0013390-6A	FAR1	TFF
Soffic.02E0007530-2E	C2H2	TFF
Soffic.01G0014510-1G	FAR1	TFF
Soffic.02G0025150-2D	HMG	OTR
Soffic.06G0010940-6G	MYB	TFF
Soffic.05G0004000-5C	Orphans	Orphans
Soffic.07G0001660-7A	Orphans	Orphans
Soffic.03G0035440-3F	AP2-EREBP	TFF
Soffic.09D0015010-9D	WRKY	TFF
Soffic.02G0033920-2G	TUB	TFF
Soffic.01G0050190-1B	Orphans	Orphans
Soffic.05G0020400-5H	GRAS	TFF
Soffic.09G0010820-9F	GNAT	OTR
Soffic.05G0002580-5B	GRAS	TFF
Soffic.09G0001110-9C	TUB	TFF
Soffic.07G0014090-7D	zf-HD	TFF
Soffic.09G0018430-9C	C2C2-GATA	TFF
Soffic.06E0021950-6E	bHLH	TFF
Soffic.02G0026530-2H	mTERF	OTR
Soffic.03G0028660-3H	bZIP	TFF
Soffic.06F0014890-6F	C2C2-YABBY	TFF
Soffic.01G0052460-1A	Orphans	Orphans
Soffic.10G0002630-10H	GRAS	TFF
Soffic.05G0016160-5C	Orphans	Orphans
Soffic.10G0014140-10G	bHLH	TFF
Soffic.06G0015720-6B	AP2-EREBP	TFF
Soffic.02G0002520-2G	FAR1	TFF
Soffic.08G0014440-8D	ABI3VP1	TFF
Soffic.01G0022330-1B	TRAF	OTR
Soffic.04G0024830-4B	CCAAT	TFF
Soffic.03G0011080-3A	MYB	TFF
Soffic.07G0006680-7B	NAC	TFF
Soffic.02G0010310-2F	MYB	TFF
Soffic.10G0013860-10B	Orphans	Orphans
Soffic.10C0025190-10C	C2H2	TFF
Soffic.01F0004960-1F	GNAT	OTR
Soffic.05G0009440-5F	Top	TFF
Soffic.08E0018170-8E	MYB	TFF
Soffic.07D0011490-7D	bHLH	TFF
Soffic.03H0020800-3H	Top	TFF
Soffic.03C0029160-3C	WRKY	TFF
Soffic.09G0011020-9C	CCAAT	TFF
Soffic.02G0034950-2A	MYB	TFF
Soffic.09G0020260-9E	C2C2-GATA	TFF
Soffic.09G0021810-9A	ARF	TFF
Soffic.04G0023520-4F	bHLH	TFF
Soffic.01G0010600-1D	HSF	TFF
Soffic.09G0002300-9C	C2H2	TFF
Soffic.04G0020710-4C	ABI3VP1	TFF
Soffic.01G0008350-1G	HB	TFF
Soffic.10G0015420-10C	FAR1	TFF
Soffic.01G0026790-1A	Tify	TFF
Soffic.04G0010680-4B	C3H	TFF
Soffic.02F0033520-2F	Tify	TFF
Soffic.10G0015370-10H	HSF	TFF
Soffic.01G0027120-1H	bHLH	TFF
Soffic.06G0002110-6E	ABI3VP1	TFF
Soffic.07G0008150-7B	Orphans	Orphans
Soffic.01C0006920-1C	PHD	OTR
Soffic.04G0021000-4D	FAR1	TFF
Soffic.02G0037650-2H	MYB-related	TFF
Soffic.01G0054610-1D	GRAS	TFF
Soffic.04F0021310-4F	AP2-EREBP	TFF
Soffic.01F0015450-1F	FHA	TFF
Soffic.05D0013010-5D	GRAS	TFF
Soffic.01G0051250-1A	GNAT	OTR
Soffic.06D0022370-6D	AP2-EREBP	TFF
Soffic.02G0019540-2F	NAC	TFF
Soffic.07G0000750-7A	NAC	TFF
Soffic.03F0002830-3F	C2H2	TFF
Soffic.07G0007710-7F	zf-BED	TFF
Soffic.02G0007620-2E	Orphans	Orphans
Soffic.07D0009240-7D	TRAF	OTR
Soffic.01C0001230-1C	AP2-EREBP	TFF
Soffic.04G0024410-4C	C2H2	TFF
Soffic.08G0006520-8A	Orphans	Orphans
Soffic.10G0001620-10H	ABI3VP1	TFF
Soffic.01E0050110-1E	Jumonji	OTR
Soffic.06G0019720-6H	Orphans	Orphans
Soffic.03G0007050-3E	MYB-related	TFF
Soffic.01G0018080-1A	FHA	TFF
Soffic.03G0003410-3E	WRKY	TFF
Soffic.09G0021300-9E	SET	OTR
Soffic.02D0004700-2D	MYB	TFF
Soffic.07G0001950-7E	bHLH	TFF
Soffic.02G0032760-2C	C2H2	TFF
Soffic.08G0011160-8B	GRAS	TFF
Soffic.01G0010440-1C	PHD	OTR
Soffic.10G0011490-10H	zf-C5HC2	TFF
Soffic.01H0028190-1H	TRAF	OTR
Soffic.06G0012200-6F	bZIP	TFF
Soffic.10G0001240-10G	MYB-related	TFF
Soffic.01G0026770-1F	HB	TFF
Soffic.02G0037700-2A	ABI3VP1	TFF
Soffic.01G0003850-1G	C2C2-Dof	TFF
Soffic.03G0011200-3B	MYB-related	TFF
Soffic.02G0026090-2D	SBP	TFF
Soffic.06G0015960-6E	WRKY	TFF
Soffic.01G0035210-1F	MYB	TFF
Soffic.05G0010030-5A	AP2-EREBP	TFF
Soffic.02G0004210-2E	NAC	TFF
Soffic.08G0013460-8F	ABI3VP1	TFF
Soffic.10H0019980-10H	AP2-EREBP	TFF
Soffic.10G0017650-10D	GRAS	TFF
Soffic.01G0023680-1A	C2C2-GATA	TFF
Soffic.07G0004010-7B	RWP-RK	TFF
Soffic.01F0003320-1F	mTERF	OTR
Soffic.03G0036330-3C	SET	OTR
Soffic.03G0021970-3D	E2F-DP	TFF
Soffic.01F0045280-1F	GNAT	OTR
Soffic.10G0022800-10G	Orphans	Orphans
Soffic.01G0029080-1B	GRAS	TFF
Soffic.03G0006710-3D	bHLH	TFF
Soffic.01G0035290-1A	SAP	TFF
Soffic.02G0016630-2F	PHD	OTR
Soffic.09G0013840-9G	NAC	TFF
Soffic.07G0005640-7H	ABI3VP1	TFF
Soffic.02G0025640-2B	zf-BED	TFF
Soffic.04G0005190-4F	GNAT	OTR
Soffic.07G0019570-7C	zf-A20	TFF
Soffic.04E0026270-4E	mTERF	OTR
Soffic.01E0050170-1E	AP2-EREBP	TFF
Soffic.06G0010820-6B	Orphans	Orphans
Soffic.03G0032780-3G	NAC	TFF
Soffic.01G0016670-1G	Orphans	Orphans
Soffic.01D0036250-1D	Orphans	Orphans
Soffic.05F0004290-5F	NAC	TFF
Soffic.08G0015730-8E	CPP	TFF
Soffic.07G0015820-7G	SET	OTR
Soffic.04G0022680-4G	MYB	TFF
Soffic.04H0012230-4H	Orphans	Orphans
Soffic.09H0007040-9H	MYB-related	TFF
Soffic.07G0004690-7G	MYB	TFF
Soffic.04G0008000-4F	AUX/IAA	OTR
Soffic.02G0002860-2A	C2H2	TFF
Soffic.03E0018940-3E	Orphans	Orphans
Soffic.01F0044900-1F	OFP	TFF
Soffic.01G0009400-1A	WRKY	TFF
Soffic.01E0010370-1E	PHD	OTR
Soffic.06G0004450-6E	Orphans	Orphans
Soffic.03G0020340-3D	OFP	TFF
Soffic.08G0010120-8A	MYB	TFF
Soffic.10G0018180-10B	MYB	TFF
Soffic.03G0031390-3D	Orphans	Orphans
Soffic.01G0005780-1C	DDT	OTR
Soffic.02G0022160-2C	WRKY	TFF
Soffic.01H0020040-1H	C2C2-GATA	TFF
Soffic.01G0046600-1G	ABI3VP1	TFF
Soffic.07G0008450-7G	Orphans	Orphans
Soffic.10G0020520-10C	TRAF	OTR
Soffic.01E0049260-1E	C2C2-Dof	TFF
Soffic.07D0007160-7D	WRKY	TFF
Soffic.03G0024680-3F	ABI3VP1	TFF
Soffic.04G0011830-4G	CPP	TFF
Soffic.07H0018810-7H	MYB	TFF
Soffic.06G0000760-6C	Orphans	Orphans
Soffic.04G0016440-4F	ARF	TFF
Soffic.04G0008870-4B	HSF	TFF
Soffic.01D0023000-1D	Orphans	Orphans
Soffic.01G0002650-1H	C2C2-GATA	TFF
Soffic.07G0004390-7E	CCAAT	TFF
Soffic.03G0038440-3C	SRS	TFF
Soffic.10G0000640-10G	MYB	TFF
Soffic.02G0023930-2B	bHLH	TFF
Soffic.01G0003740-1C	GRAS	TFF
Soffic.03G0031600-3B	C2C2-Dof	TFF
Soffic.01G0037700-1B	MYB-related	TFF
Soffic.04G0027360-4D	C2C2-CO-like	TFF
Soffic.03G0028780-3D	Orphans	Orphans
Soffic.03G0010600-3B	MYB	TFF
Soffic.07E0013760-7E	CCAAT	TFF
Soffic.04G0027180-4D	bZIP	TFF
Soffic.01G0029970-1B	ABI3VP1	TFF
Soffic.06G0019670-6E	WRKY	TFF
Soffic.01G0003620-1E	C2H2	TFF
Soffic.01G0048490-1A	AP2-EREBP	TFF
Soffic.07G0020210-7D	ARF	TFF
Soffic.01G0004250-1H	NAC	TFF
Soffic.04F0027330-4F	MYB	TFF
Soffic.02G0023680-2B	bZIP	TFF
Soffic.05G0000200-5H	PAS	TFF
Soffic.09G0017520-9A	bZIP	TFF
Soffic.02G0037890-2D	MYB-related	TFF
Soffic.02G0035880-2B	MYB	TFF
Soffic.01G0044650-1A	NAC	TFF
Soffic.10G0014550-10B	BES1	TFF
Soffic.04F0026230-4F	GRF	TFF
Soffic.04H0010620-4H	Orphans	Orphans
Soffic.10G0004560-10A	MYB-related	TFF
Soffic.03F0022360-3F	E2F-DP	TFF
Soffic.04D0026690-4D	C2C2-CO-like	TFF
Soffic.04G0010990-4G	HMG	OTR
Soffic.03G0035750-3A	zf-BED	TFF
Soffic.10G0019130-10G	Top	TFF
Soffic.01G0011230-1E	bHLH	TFF
Soffic.02F0033310-2F	Tify	TFF
Soffic.10G0000220-10G	Orphans	Orphans
Soffic.06G0018890-6A	Top	TFF
Soffic.04E0022080-4E	AP2-EREBP	TFF
Soffic.09F0002820-9F	bZIP	TFF
Soffic.01G0011420-1C	zf-BED	TFF
Soffic.06G0017470-6H	Top	TFF
Soffic.07G0002290-7G	Orphans	Orphans
Soffic.05G0019190-5G	MADS	TFF
Soffic.10G0009570-10E	TRAF	OTR
Soffic.04G0021670-4E	SET	OTR
Soffic.08G0011140-8A	MYB	TFF
Soffic.06F0019920-6F	bHLH	TFF
Soffic.06G0019700-6B	WRKY	TFF
Soffic.06G0001660-6E	Top	TFF
Soffic.02G0016070-2F	AP2-EREBP	TFF
Soffic.01D0003950-1D	NAC	TFF
Soffic.02F0005060-2F	bHLH	TFF
Soffic.06G0023770-6E	Orphans	Orphans
Soffic.06G0006140-6G	E2F-DP	TFF
Soffic.02H0011190-2H	Orphans	Orphans
Soffic.03A0021160-3A	TUB	TFF
Soffic.04G0025500-4G	AP2-EREBP	TFF
Soffic.07G0009660-7A	Orphans	Orphans
Soffic.01G0025220-1A	TRAF	OTR
Soffic.01E0005640-1E	bHLH	TFF
Soffic.03G0020460-3C	bZIP	TFF
Soffic.03H0028160-3H	AP2-EREBP	TFF
Soffic.05G0001470-5D	C3H	TFF
Soffic.03G0026580-3F	ARF	TFF
Soffic.08G0008240-8G	C2H2	TFF
Soffic.06G0025330-6C	NAC	TFF
Soffic.02G0003260-2E	AP2-EREBP	TFF
Soffic.03E0021560-3E	C2C2-Dof	TFF
Soffic.09G0007950-9G	MYB	TFF
Soffic.10G0021940-10C	AP2-EREBP	TFF
Soffic.01G0012720-1C	MYB	TFF
Soffic.09H0015940-9H	NAC	TFF
Soffic.01C0033400-1C	C2H2	TFF
Soffic.06G0004340-6C	WRKY	TFF
Soffic.04H0024680-4H	C2C2-Dof	TFF
Soffic.04G0011850-4E	bHLH	TFF
Soffic.01D0009750-1D	MADS	TFF
Soffic.03G0040200-3D	Top	TFF
Soffic.07G0012600-7G	TRAF	OTR
Soffic.01G0044700-1F	HSF	TFF
Soffic.07F0007970-7F	Orphans	Orphans
Soffic.02G0022560-2E	AP2-EREBP	TFF
Soffic.02G0019030-2A	WRKY	TFF
Soffic.09G0020060-9B	Trihelix	TFF
Soffic.02C0022080-2C	CCAAT	TFF
Soffic.05G0015410-5A	MYB	TFF
Soffic.08G0008480-8F	NAC	TFF
Soffic.03G0024250-3D	ABI3VP1	TFF
Soffic.04D0016590-4D	AP2-EREBP	TFF
Soffic.07B0020810-7B	CCAAT	TFF
Soffic.09G0013260-9D	FAR1	TFF
Soffic.02G0003250-2D	FAR1	TFF
Soffic.04G0009130-4G	AP2-EREBP	TFF
Soffic.07G0016760-7A	bZIP	TFF
Soffic.09G0000710-9A	SAP	TFF
Soffic.03G0024100-3H	ABI3VP1	TFF
Soffic.06G0016520-6B	bHLH	TFF
Soffic.05G0004030-5E	bZIP	TFF
Soffic.01G0033410-1G	SART-1	OTR
Soffic.09G0005550-9A	GNAT	OTR
Soffic.02G0017250-2F	MYB	TFF
Soffic.01F0049480-1F	GRAS	TFF
Soffic.03G0008660-3B	OFP	TFF
Soffic.09G0011720-9B	bZIP	TFF
Soffic.07G0005730-7B	WRKY	TFF
Soffic.02E0032770-2E	CCAAT	TFF
Soffic.02G0022550-2C	bHLH	TFF
Soffic.06G0004720-6G	Orphans	Orphans
Soffic.02F0019800-2F	Orphans	Orphans
Soffic.10B0004880-10B	WRKY	TFF
Soffic.01H0007600-1H	SWI/SNF-BAF60b	OTR
Soffic.01G0026320-1G	MYB	TFF
Soffic.03D0018270-3D	MYB-related	TFF
Soffic.01G0011090-1G	bZIP	TFF
Soffic.09G0006470-9C	MYB-related	TFF
Soffic.02H0016130-2H	Jumonji	OTR
Soffic.07G0002030-7E	Orphans	Orphans
Soffic.08G0013920-8D	zf-BED	TFF
Soffic.05G0002270-5E	AP2-EREBP	TFF
Soffic.01G0018030-1D	FHA	TFF
Soffic.01G0036860-1F	SART-1	OTR
Soffic.08G0007520-8F	WRKY	TFF
Soffic.02G0038530-2E	BSD	TFF
Soffic.07G0014100-7F	MYB	TFF
Soffic.02G0038680-2E	GNAT	OTR
Soffic.04G0008380-4B	HB	TFF
Soffic.01E0025200-1E	AP2-EREBP	TFF
Soffic.06G0014260-6A	ARF	TFF
Soffic.04G0026250-4E	mTERF	OTR
Soffic.02G0012650-2D	AP2-EREBP	TFF
Soffic.01G0038270-1D	AP2-EREBP	TFF
Soffic.04G0022300-4A	SET	OTR
Soffic.03G0036360-3G	TRAF	OTR
Soffic.01E0036840-1E	MYB	TFF
Soffic.04G0015300-4E	SET	OTR
Soffic.03B0021090-3B	NAC	TFF
Soffic.08G0011950-8B	Orphans	Orphans
Soffic.01D0041200-1D	LIM	TFF
Soffic.04F0012630-4F	Orphans	Orphans
Soffic.05G0021340-5A	MYB	TFF
Soffic.01G0007120-1B	HB	TFF
Soffic.07G0012950-7A	bHLH	TFF
Soffic.07G0017090-7H	SBP	TFF
Soffic.02E0031470-2E	bHLH	TFF
Soffic.10G0020050-10C	Orphans	Orphans
Soffic.03G0039440-3B	MYB-related	TFF
Soffic.03G0036180-3G	NAC	TFF
Soffic.04G0002730-4B	SBP	TFF
Soffic.10G0019090-10A	TRAF	OTR
Soffic.03F0034490-3F	MADS	TFF
Soffic.02G0027710-2B	Orphans	Orphans
Soffic.04G0022420-4F	AP2-EREBP	TFF
Soffic.02H0021480-2H	zf-A20	TFF
Soffic.06G0004460-6D	Orphans	Orphans
Soffic.03C0017920-3C	PHD	OTR
Soffic.04G0030620-4G	Orphans	Orphans
Soffic.10G0020880-10C	MYB	TFF
Soffic.05G0004370-5G	bZIP	TFF
Soffic.01G0038240-1F	Top	TFF
Soffic.08G0008000-8A	Orphans	Orphans
Soffic.09G0007160-9G	FAR1	TFF
Soffic.03G0023980-3B	WRKY	TFF
Soffic.01G0006930-1A	TRAF	OTR
Soffic.06H0006790-6H	GNAT	OTR
Soffic.06F0022010-6F	AP2-EREBP	TFF
Soffic.03G0020880-3F	bZIP	TFF
Soffic.01D0045640-1D	Orphans	Orphans
Soffic.02C0019810-2C	C2H2	TFF
Soffic.04F0034070-4F	zf-BED	TFF
Soffic.01G0043830-1G	E2F-DP	TFF
Soffic.06G0008170-6F	AP2-EREBP	TFF
Soffic.06G0006830-6F	Tify	TFF
Soffic.01G0020160-1G	WRKY	TFF
Soffic.02D0034060-2D	AP2-EREBP	TFF
Soffic.07G0015630-7G	TRAF	OTR
Soffic.06G0025650-6C	Orphans	Orphans
Soffic.06G0021110-6D	Tify	TFF
Soffic.09G0014440-9B	AP2-EREBP	TFF
Soffic.10G0019310-10D	GNAT	OTR
Soffic.01G0039130-1A	WRKY	TFF
Soffic.05G0021360-5B	C2H2	TFF
Soffic.04G0017380-4G	E2F-DP	TFF
Soffic.03E0000210-3E	AUX/IAA	OTR
Soffic.04G0030240-4G	Top	TFF
Soffic.01D0037070-1D	bZIP	TFF
Soffic.10G0005940-10C	BSD	TFF
Soffic.08G0013370-8D	GRAS	TFF
Soffic.01H0021870-1H	TRAF	OTR
Soffic.09G0004260-9D	C2C2-GATA	TFF
Soffic.07G0009990-7B	Orphans	Orphans
Soffic.02G0033170-2A	Orphans	Orphans
Soffic.02G0031050-2F	MADS	TFF
Soffic.03G0002510-3E	FAR1	TFF
Soffic.02G0012330-2C	bZIP	TFF
Soffic.03G0017350-3C	bHLH	TFF
Soffic.03G0003800-3B	WRKY	TFF
Soffic.03G0037230-3D	Tify	TFF
Soffic.04C0009850-4C	NAC	TFF
Soffic.03G0008220-3A	Orphans	Orphans
Soffic.01G0002230-1A	NAC	TFF
Soffic.05C0002750-5C	NAC	TFF
Soffic.01G0010820-1E	FAR1	TFF
Soffic.01B0021120-1B	Orphans	Orphans
Soffic.03G0035410-3C	C3H	TFF
Soffic.08D0010810-8D	Top	TFF
Soffic.06G0005280-6B	Orphans	Orphans
Soffic.07G0005990-7H	WRKY	TFF
Soffic.04G0026090-4E	TCP	TFF
Soffic.06G0002320-6C	ARID	OTR
Soffic.05H0006990-5H	zf-HD	TFF
Soffic.03G0016260-3E	C3H	TFF
Soffic.05G0020610-5C	PAS	TFF
Soffic.08B0001370-8B	MYB	TFF
Soffic.02G0028610-2B	FAR1	TFF
Soffic.10G0004150-10A	bHLH	TFF
Soffic.03G0009070-3G	NAC	TFF
Soffic.01G0028860-1E	TIG	TFF
Soffic.07G0008610-7H	MYB	TFF
Soffic.10C0023900-10C	SRS	TFF
Soffic.07G0016740-7B	HSF	TFF
Soffic.01G0035920-1A	HSF	TFF
Soffic.09G0005480-9B	Alfin-like	TFF
Soffic.03B0021760-3B	BES1	TFF
Soffic.07C0019020-7C	mTERF	OTR
Soffic.07F0013940-7F	SGT1	OTR
Soffic.01B0027660-1B	bHLH	TFF
Soffic.06G0003750-6A	Rcd1-like	OTR
Soffic.04G0019110-4D	MYB	TFF
Soffic.01G0026570-1G	MYB	TFF
Soffic.01H0034570-1H	Orphans	Orphans
Soffic.03G0002910-3E	MYB-related	TFF
Soffic.01G0022140-1D	Orphans	Orphans
Soffic.02G0031190-2G	MADS	TFF
Soffic.04G0000090-4A	Orphans	Orphans
Soffic.01G0010270-1B	HB	TFF
Soffic.02G0023790-2F	bHLH	TFF
Soffic.02G0013740-2F	SET	OTR
Soffic.06G0022330-6E	AP2-EREBP	TFF
Soffic.03F0021800-3F	WRKY	TFF
Soffic.04D0028710-4D	FAR1	TFF
Soffic.04G0009900-4G	BES1	TFF
Soffic.01G0025690-1C	SET	OTR
Soffic.09G0023260-9A	MYB-related	TFF
Soffic.03G0002850-3E	TRAF	OTR
Soffic.02G0006100-2B	CPP	TFF
Soffic.01G0008070-1G	WRKY	TFF
Soffic.03G0006270-3E	AP2-EREBP	TFF
Soffic.04D0021010-4D	FAR1	TFF
Soffic.01C0000350-1C	PHD	OTR
Soffic.03G0010460-3A	MYB	TFF
Soffic.04G0029290-4G	SWI/SNF-SWI3	OTR
Soffic.06G0016840-6G	TAZ	TFF
Soffic.08G0004000-8G	E2F-DP	TFF
Soffic.02D0028210-2D	FAR1	TFF
Soffic.04F0029050-4F	AP2-EREBP	TFF
Soffic.02G0039900-2B	bZIP	TFF
Soffic.01G0032800-1D	C2H2	TFF
Soffic.01G0025080-1F	MYB-related	TFF
Soffic.06G0007340-6H	bHLH	TFF
Soffic.07G0015780-7H	MADS	TFF
Soffic.10G0018120-10A	Orphans	Orphans
Soffic.03G0029850-3C	bHLH	TFF
Soffic.09G0009620-9G	AP2-EREBP	TFF
Soffic.04G0030480-4H	NAC	TFF
Soffic.09F0003140-9F	MYB	TFF
Soffic.07G0007910-7G	MYB	TFF
Soffic.01G0004150-1G	Alfin-like	TFF
Soffic.06G0012150-6D	MYB	TFF
Soffic.01H0034510-1H	Orphans	Orphans
Soffic.03G0011420-3B	MADS	TFF
Soffic.09G0011490-9G	AP2-EREBP	TFF
Soffic.09G0020760-9D	AP2-EREBP	TFF
Soffic.01F0019090-1F	Orphans	Orphans
Soffic.02G0024010-2F	AP2-EREBP	TFF
Soffic.02D0000640-2D	bHLH	TFF
Soffic.10E0025160-10E	Orphans	Orphans
Soffic.04G0014290-4B	WRKY	TFF
Soffic.04G0024180-4H	GRAS	TFF
Soffic.06G0017210-6B	HSF	TFF
Soffic.04G0024620-4B	TUB	TFF
Soffic.06G0021320-6E	Orphans	Orphans
Soffic.08G0006290-8A	MYB-related	TFF
Soffic.07F0009930-7F	Orphans	Orphans
Soffic.01H0034910-1H	bZIP	TFF
Soffic.02C0019950-2C	C2H2	TFF
Soffic.03G0033240-3G	TAZ	TFF
Soffic.07E0015610-7E	bZIP	TFF
Soffic.09G0014270-9D	MYB-related	TFF
Soffic.06G0002670-6A	Top	TFF
Soffic.10B0024130-10B	bZIP	TFF
Soffic.09C0011080-9C	bZIP	TFF
Soffic.07G0002430-7H	AUX/IAA	OTR
Soffic.01G0035240-1C	TIG	TFF
Soffic.09G0006830-9B	bHLH	TFF
Soffic.02H0032600-2H	C2H2	TFF
Soffic.06G0005170-6C	bHLH	TFF
Soffic.07G0015010-7G	SET	OTR
Soffic.07H0003440-7H	ABI3VP1	TFF
Soffic.09F0014140-9F	AP2-EREBP	TFF
Soffic.08G0018160-8C	ABI3VP1	TFF
Soffic.02G0014530-2H	FAR1	TFF
Soffic.06G0008430-6A	AP2-EREBP	TFF
Soffic.10G0007950-10H	AP2-EREBP	TFF
Soffic.03G0026980-3H	Orphans	Orphans
Soffic.06F0022630-6F	Top	TFF
Soffic.06G0022660-6D	ARF	TFF
Soffic.01G0035620-1C	MYB	TFF
Soffic.06G0016260-6C	OFP	TFF
Soffic.03G0003250-3A	MYB-related	TFF
Soffic.02G0018420-2A	MYB	TFF
Soffic.01G0039900-1A	MYB	TFF
Soffic.01G0001940-1C	CCAAT	TFF
Soffic.07G0020770-7E	TRAF	OTR
Soffic.02F0035840-2F	NAC	TFF
Soffic.06G0015700-6F	AP2-EREBP	TFF
Soffic.04G0027490-4A	MADS	TFF
Soffic.01G0036330-1B	NAC	TFF
Soffic.09G0020730-9G	C2C2-Dof	TFF
Soffic.02G0026100-2F	Orphans	Orphans
Soffic.01G0035390-1F	C3H	TFF
Soffic.03G0004450-3D	bZIP	TFF
Soffic.02G0013770-2D	TRAF	OTR
Soffic.04F0023720-4F	CCAAT	TFF
Soffic.04B0010300-4B	C3H	TFF
Soffic.01G0047000-1B	AP2-EREBP	TFF
Soffic.01G0018000-1E	ABI3VP1	TFF
Soffic.04G0030510-4E	MYB-related	TFF
Soffic.04G0026920-4B	Orphans	Orphans
Soffic.03G0007920-3E	FAR1	TFF
Soffic.07F0005790-7F	RWP-RK	TFF
Soffic.06H0000600-6H	GeBP	TFF
Soffic.07G0020270-7C	FAR1	TFF
Soffic.02G0001300-2A	MYB	TFF
Soffic.01B0039190-1B	C2H2	TFF
Soffic.10G0000660-10B	MYB-related	TFF
Soffic.01F0042780-1F	GRAS	TFF
Soffic.06G0003470-6D	Orphans	Orphans
Soffic.03G0017300-3G	mTERF	OTR
Soffic.03G0023690-3G	OFP	TFF
Soffic.09H0018970-9H	AP2-EREBP	TFF
Soffic.01H0008840-1H	HB	TFF
Soffic.03G0014350-3H	C2H2	TFF
Soffic.10G0018530-10F	MADS	TFF
Soffic.02G0014060-2B	bZIP	TFF
Soffic.05G0015050-5B	RB	OTR
Soffic.03F0033240-3F	C2H2	TFF
Soffic.06G0024410-6A	Orphans	Orphans
Soffic.08G0011340-8G	Orphans	Orphans
Soffic.03H0026900-3H	NAC	TFF
Soffic.01G0006440-1E	Rcd1-like	OTR
Soffic.09G0002020-9D	HB	TFF
Soffic.03G0015300-3E	Orphans	Orphans
Soffic.02G0027490-2D	FAR1	TFF
Soffic.01G0038710-1A	NAC	TFF
Soffic.03G0016470-3C	Orphans	Orphans
Soffic.03F0016890-3F	bHLH	TFF
Soffic.01G0014290-1D	C3H	TFF
Soffic.02G0013130-2B	WRKY	TFF
Soffic.03G0005520-3G	CCAAT	TFF
Soffic.10G0022470-10B	ARF	TFF
Soffic.10H0023280-10H	bZIP	TFF
Soffic.03G0002730-3B	BES1	TFF
Soffic.01G0038220-1G	C2C2-YABBY	TFF
Soffic.09G0020410-9D	TUB	TFF
Soffic.01G0019170-1B	FHA	TFF
Soffic.03G0020010-3B	bZIP	TFF
Soffic.08G0011910-8F	GRAS	TFF
Soffic.09H0002780-9H	bZIP	TFF
Soffic.07G0007050-7C	CCAAT	TFF
Soffic.07D0006420-7D	TRAF	OTR
Soffic.08G0015780-8C	AP2-EREBP	TFF
Soffic.04H0018330-4H	Orphans	Orphans
Soffic.10G0017290-10E	bZIP	TFF
Soffic.01G0032520-1C	FAR1	TFF
Soffic.02G0023460-2A	NAC	TFF
Soffic.02G0001280-2H	Jumonji	OTR
Soffic.03G0006310-3F	bHLH	TFF
Soffic.03G0038150-3G	Orphans	Orphans
Soffic.02G0022630-2G	NAC	TFF
Soffic.04G0016530-4F	AP2-EREBP	TFF
Soffic.01H0007100-1H	MYB	TFF
Soffic.03G0038680-3C	Orphans	Orphans
Soffic.03G0024600-3H	HSF	TFF
Soffic.03G0001810-3C	TCP	TFF
Soffic.08G0009780-8A	FAR1	TFF
Soffic.01F0020660-1F	Tify	TFF
Soffic.07G0017390-7B	AP2-EREBP	TFF
Soffic.07D0019820-7D	Orphans	Orphans
Soffic.01G0005840-1D	FHA	TFF
Soffic.01G0008430-1B	PAS	TFF
Soffic.04G0024100-4H	MYB-related	TFF
Soffic.08G0015040-8G	NAC	TFF
Soffic.08F0017200-8F	C2C2-GATA	TFF
Soffic.01G0037740-1G	HSF	TFF
Soffic.01G0026060-1E	TRAF	OTR
Soffic.06H0003600-6H	FAR1	TFF
Soffic.03G0020690-3G	FAR1	TFF
Soffic.10G0006950-10A	MYB-related	TFF
Soffic.05G0019940-5G	NAC	TFF
Soffic.03G0028750-3G	WRKY	TFF
Soffic.01F0017430-1F	C2C2-GATA	TFF
Soffic.08G0004240-8E	OFP	TFF
Soffic.04G0017710-4B	SET	OTR
Soffic.06G0013690-6G	MYB-related	TFF
Soffic.04G0003040-4D	SBP	TFF
Soffic.05G0001930-5F	NAC	TFF
Soffic.03G0003260-3D	C3H	TFF
Soffic.03G0021050-3G	TUB	TFF
Soffic.07G0013460-7C	FAR1	TFF
Soffic.08G0014500-8E	MYB-related	TFF
Soffic.05F0006120-5F	NAC	TFF
Soffic.10G0013780-10G	MADS	TFF
Soffic.03G0015950-3A	C2H2	TFF
Soffic.01D0008800-1D	SWI/SNF-BAF60b	OTR
Soffic.02G0002800-2G	Tify	TFF
Soffic.01G0000060-1A	bHLH	TFF
Soffic.03G0031340-3E	WRKY	TFF
Soffic.03G0021190-3F	bZIP	TFF
Soffic.03G0002610-3D	Orphans	Orphans
Soffic.02G0017210-2B	MYB	TFF
Soffic.07C0015850-7C	bZIP	TFF
Soffic.05H0002740-5H	TRAF	OTR
Soffic.06G0019080-6C	Orphans	Orphans
Soffic.07G0018810-7F	MYB	TFF
Soffic.05G0019540-5G	Orphans	Orphans
Soffic.10G0006550-10A	GeBP	TFF
Soffic.01D0004610-1D	TFIIS	TFF
Soffic.03G0025230-3H	C2C2-GATA	TFF
Soffic.06G0014790-6B	MYB	TFF
Soffic.03G0022560-3C	zf-BED	TFF
Soffic.01G0032290-1D	GRAS	TFF
Soffic.07G0000530-7F	PHD	OTR
Soffic.07G0001660-7E	Orphans	Orphans
Soffic.03G0031220-3G	MYB-related	TFF
Soffic.05G0015630-5F	BSD	TFF
Soffic.04E0019300-4E	Pseudo_ARR-B	OTR
Soffic.03G0032750-3D	bZIP	TFF
Soffic.07E0016210-7E	bHLH	TFF
Soffic.06G0020460-6A	Orphans	Orphans
Soffic.10G0009040-10B	Orphans	Orphans
Soffic.06F0019740-6F	Orphans	Orphans
Soffic.04D0024140-4D	C2H2	TFF
Soffic.01G0005550-1F	HB	TFF
Soffic.04G0016250-4C	HSF	TFF
Soffic.07C0015080-7C	PLATZ	TFF
Soffic.02G0014440-2F	Orphans	Orphans
Soffic.04F0022440-4F	AP2-EREBP	TFF
Soffic.04G0030120-4G	WRKY	TFF
Soffic.09G0006750-9E	bHLH	TFF
Soffic.01G0014370-1C	C3H	TFF
Soffic.03G0008400-3E	NAC	TFF
Soffic.01G0039980-1A	C3H	TFF
Soffic.01E0005480-1E	WRKY	TFF
Soffic.02G0000530-2H	TRAF	OTR
Soffic.10G0023160-10A	bZIP	TFF
Soffic.04G0026470-4E	AP2-EREBP	TFF
Soffic.01G0015330-1B	ABI3VP1	TFF
Soffic.02G0020790-2F	bHLH	TFF
Soffic.07G0011000-7D	C3H	TFF
Soffic.04G0000900-4F	GeBP	TFF
Soffic.05G0003590-5B	TRAF	OTR
Soffic.06G0014530-6H	MYB	TFF
Soffic.09C0002320-9C	AP2-EREBP	TFF
Soffic.02G0025300-2E	AP2-EREBP	TFF
Soffic.01G0012480-1E	HB	TFF
Soffic.02G0033670-2A	zf-BED	TFF
Soffic.03G0027440-3D	RWP-RK	TFF
Soffic.01G0020070-1D	SET	OTR
Soffic.01H0009320-1H	HB	TFF
Soffic.08G0002640-8E	GRAS	TFF
Soffic.04G0017070-4D	zf-A20	TFF
Soffic.05G0002450-5E	MYB-related	TFF
Soffic.01E0011190-1E	bHLH	TFF
Soffic.06G0024760-6A	C2C2-Dof	TFF
Soffic.04G0016260-4E	Orphans	Orphans
Soffic.05F0010310-5F	MYB	TFF
Soffic.02G0030190-2F	NAC	TFF
Soffic.02G0020710-2A	GeBP	TFF
Soffic.06G0019970-6C	CSD	TFF
Soffic.03G0031120-3F	WRKY	TFF
Soffic.01G0028880-1G	bZIP	TFF
Soffic.04G0010390-4C	Orphans	Orphans
Soffic.03G0005370-3G	FAR1	TFF
Soffic.02G0001380-2A	WRKY	TFF
Soffic.04G0031390-4C	DBP	TFF
Soffic.08G0013740-8C	AP2-EREBP	TFF
Soffic.04G0024420-4G	Orphans	Orphans
Soffic.08D0008180-8D	bZIP	TFF
Soffic.02G0025550-2A	SRS	TFF
Soffic.07G0011720-7H	FAR1	TFF
Soffic.02G0001160-2A	Jumonji	OTR
Soffic.08G0014250-8H	LIM	TFF
Soffic.02G0038820-2C	ABI3VP1	TFF
Soffic.04G0015420-4H	C2H2	TFF
Soffic.04G0019610-4D	C2H2	TFF
Soffic.01G0032370-1C	OFP	TFF
Soffic.07G0003600-7F	MYB-related	TFF
Soffic.09G0011690-9B	CCAAT	TFF
Soffic.05G0000280-5F	Orphans	Orphans
Soffic.07G0006620-7F	RWP-RK	TFF
Soffic.07G0014830-7B	AP2-EREBP	TFF
Soffic.08G0000070-8E	PAS	TFF
Soffic.01G0012690-1D	zf-BED	TFF
Soffic.04E0009030-4E	Orphans	Orphans
Soffic.03G0026310-3B	TRAF	OTR
Soffic.08G0013320-8G	C2H2	TFF
Soffic.01C0020920-1C	MYB	TFF
Soffic.01G0010250-1F	FAR1	TFF
Soffic.01G0018080-1E	ABI3VP1	TFF
Soffic.06G0014060-6B	Orphans	Orphans
Soffic.04F0026780-4F	mTERF	OTR
Soffic.02D0011580-2D	CCAAT	TFF
Soffic.01E0015840-1E	HB	TFF
Soffic.10G0023000-10F	bZIP	TFF
Soffic.01A0024100-1A	Orphans	Orphans
Soffic.03G0025870-3D	OFP	TFF
Soffic.02G0029970-2E	GRAS	TFF
Soffic.06G0021670-6D	FAR1	TFF
Soffic.01E0033690-1E	Orphans	Orphans
Soffic.03G0002400-3H	MYB-related	TFF
Soffic.04G0019120-4G	AP2-EREBP	TFF
Soffic.04G0008910-4H	AUX/IAA	OTR
Soffic.02G0034640-2B	MADS	TFF
Soffic.08G0011690-8C	PAS	TFF
Soffic.07G0009890-7F	bZIP	TFF
Soffic.02G0033610-2A	GRAS	TFF
Soffic.01G0023380-1G	GRAS	TFF
Soffic.10G0014990-10G	AP2-EREBP	TFF
Soffic.10G0001040-10B	zf-BED	TFF
Soffic.08H0017440-8H	MYB	TFF
Soffic.02G0022010-2G	NAC	TFF
Soffic.09G0018770-9G	AP2-EREBP	TFF
Soffic.04F0006540-4F	bZIP	TFF
Soffic.07G0018730-7E	EIL	TFF
Soffic.04G0002970-4E	MYB-related	TFF
Soffic.05F0012280-5F	AP2-EREBP	TFF
Soffic.04B0000170-4B	bHLH	TFF
Soffic.07G0012680-7G	TRAF	OTR
Soffic.01D0029770-1D	MYB-related	TFF
Soffic.01G0044780-1F	Orphans	Orphans
Soffic.07C0011660-7C	FAR1	TFF
Soffic.08G0010060-8E	TRAF	OTR
Soffic.09G0010230-9G	AP2-EREBP	TFF
Soffic.01E0029140-1E	GRAS	TFF
Soffic.06G0014730-6G	TCP	TFF
Soffic.01G0029230-1D	NAC	TFF
Soffic.04B0003610-4B	AP2-EREBP	TFF
Soffic.08G0002550-8B	E2F-DP	TFF
Soffic.01G0023530-1E	Orphans	Orphans
Soffic.01G0002090-1G	FAR1	TFF
Soffic.01F0006870-1F	PHD	OTR
Soffic.01G0023680-1E	Orphans	Orphans
Soffic.09G0012570-9E	NAC	TFF
Soffic.07G0013290-7H	C2H2	TFF
Soffic.01H0001320-1H	FAR1	TFF
Soffic.01G0018480-1H	NAC	TFF
Soffic.03G0023720-3G	HSF	TFF
Soffic.06F0016780-6F	C2C2-Dof	TFF
Soffic.01H0007930-1H	PAS	TFF
Soffic.03G0029880-3G	C2H2	TFF
Soffic.01G0017270-1A	NAC	TFF
Soffic.01G0004180-1C	mTERF	OTR
Soffic.10B0018660-10B	HB	TFF
Soffic.01G0023020-1G	HB	TFF
Soffic.01D0006570-1D	FAR1	TFF
Soffic.02G0028170-2B	SBP	TFF
Soffic.09G0021560-9C	Trihelix	TFF
Soffic.04G0015160-4E	MYB-related	TFF
Soffic.01G0037030-1A	FAR1	TFF
Soffic.03G0003500-3F	WRKY	TFF
Soffic.02G0029140-2F	bHLH	TFF
Soffic.02G0018950-2H	GeBP	TFF
Soffic.02G0034810-2E	OFP	TFF
Soffic.02A0029560-2A	bHLH	TFF
Soffic.06G0022870-6C	C3H	TFF
Soffic.07E0012570-7E	NAC	TFF
Soffic.02G0024500-2F	SRS	TFF
Soffic.03G0019320-3E	WRKY	TFF
Soffic.07D0015800-7D	SET	OTR
Soffic.01G0042260-1C	SART-1	OTR
Soffic.01G0003750-1B	AP2-EREBP	TFF
Soffic.10G0010840-10G	zf-C5HC2	TFF
Soffic.07G0016410-7A	FAR1	TFF
Soffic.03G0025550-3D	C2C2-GATA	TFF
Soffic.09G0017800-9A	AUX/IAA	OTR
Soffic.07G0014180-7F	AP2-EREBP	TFF
Soffic.09G0023040-9A	C3H	TFF
Soffic.02G0036960-2A	TUB	TFF
Soffic.01G0016370-1A	MYB	TFF
Soffic.07G0001600-7G	NAC	TFF
Soffic.01G0032240-1A	FAR1	TFF
Soffic.09G0020600-9H	DDT	OTR
Soffic.07G0018950-7F	AP2-EREBP	TFF
Soffic.01G0008550-1C	bZIP	TFF
Soffic.05G0005450-5D	MYB-related	TFF
Soffic.03G0030910-3E	WRKY	TFF
Soffic.03B0004160-3B	BES1	TFF
Soffic.01D0006320-1D	HSF	TFF
Soffic.09G0014120-9F	AP2-EREBP	TFF
Soffic.01G0011170-1B	FAR1	TFF
Soffic.06G0005670-6C	TIG	TFF
Soffic.01H0042580-1H	FAR1	TFF
Soffic.08C0016920-8C	TFIID	TFF
Soffic.04D0008260-4D	Orphans	Orphans
Soffic.09C0021860-9C	AP2-EREBP	TFF
Soffic.03G0032470-3A	C2H2	TFF
Soffic.08G0005640-8D	MYB-related	TFF
Soffic.03G0020070-3B	zf-BED	TFF
Soffic.09G0003220-9G	MYB	TFF
Soffic.08G0001780-8A	C2H2	TFF
Soffic.06G0002000-6C	Orphans	Orphans
Soffic.07F0012680-7F	NAC	TFF
Soffic.06G0011320-6C	C2C2-CO-like	TFF
Soffic.08H0009650-8H	TRAF	OTR
Soffic.02C0029560-2C	CCAAT	TFF
Soffic.07G0014890-7G	FAR1	TFF
Soffic.01G0030230-1A	NAC	TFF
Soffic.01G0023750-1F	bHLH	TFF
Soffic.08E0016790-8E	C2H2	TFF
Soffic.04G0019220-4F	Orphans	Orphans
Soffic.04G0027070-4A	SWI/SNF-SWI3	OTR
Soffic.10G0003990-10G	bHLH	TFF
Soffic.08G0013910-8G	TAZ	TFF
Soffic.02G0000250-2D	SET	OTR
Soffic.09G0010260-9D	GRAS	TFF
Soffic.09C0006210-9C	HMG	OTR
Soffic.08G0016070-8D	ARF	TFF
Soffic.01G0042500-1H	OFP	TFF
Soffic.08G0003960-8G	OFP	TFF
Soffic.10G0015890-10C	C2C2-GATA	TFF
Soffic.07C0000210-7C	Orphans	Orphans
Soffic.06G0001660-6A	SET	OTR
Soffic.01G0009380-1B	Orphans	Orphans
Soffic.03G0034010-3G	bHLH	TFF
Soffic.03G0015890-3F	Orphans	Orphans
Soffic.01G0022150-1B	Orphans	Orphans
Soffic.06B0018790-6B	C2H2	TFF
Soffic.03G0031770-3A	HB	TFF
Soffic.01H0009510-1H	GRAS	TFF
Soffic.01G0036560-1B	EIL	TFF
Soffic.08G0004800-8C	TUB	TFF
Soffic.03G0001950-3C	bZIP	TFF
Soffic.01G0024470-1B	TIG	TFF
Soffic.01G0037670-1A	FAR1	TFF
Soffic.04H0000350-4H	MYB	TFF
Soffic.01G0026830-1A	Tify	TFF
Soffic.02G0002740-2G	Tify	TFF
Soffic.01D0008740-1D	C2C2-Dof	TFF
Soffic.10G0021710-10B	Orphans	Orphans
Soffic.04G0029610-4A	FAR1	TFF
Soffic.04G0018200-4C	Orphans	Orphans
Soffic.01E0008170-1E	MYB-related	TFF
Soffic.02G0023240-2F	bHLH	TFF
Soffic.10G0019140-10C	Orphans	Orphans
Soffic.08G0012700-8A	bZIP	TFF
Soffic.01G0037800-1G	ARR-B	TFF
Soffic.05G0003150-5C	zf-BED	TFF
Soffic.01G0050940-1B	bZIP	TFF
Soffic.10G0022520-10G	MED26	OTR
Soffic.02G0014410-2D	ARF	TFF
Soffic.10G0000980-10C	MYB-related	TFF
Soffic.08H0003470-8H	MED26	OTR
Soffic.08D0008600-8D	Jumonji	OTR
Soffic.03G0039710-3A	Top	TFF
Soffic.04G0022950-4A	PLATZ	TFF
Soffic.04G0008940-4D	zf-A20	TFF
Soffic.03G0003520-3B	MYB	TFF
Soffic.02G0020680-2B	bHLH	TFF
Soffic.08G0012110-8B	C2H2	TFF
Soffic.03G0030140-3H	WRKY	TFF
Soffic.01D0026300-1D	Tify	TFF
Soffic.04G0009960-4A	bHLH	TFF
Soffic.04G0010340-4A	WRKY	TFF
Soffic.04G0020390-4A	NAC	TFF
Soffic.05G0015410-5E	MYB	TFF
Soffic.02G0030000-2D	zf-BED	TFF
Soffic.06G0002720-6H	ABI3VP1	TFF
Soffic.01G0004440-1C	C2H2	TFF
Soffic.02G0038010-2C	TUB	TFF
Soffic.09G0004410-9E	GNAT	OTR
Soffic.05G0018040-5F	MADS	TFF
Soffic.01G0026620-1A	Orphans	Orphans
Soffic.08G0009760-8G	MADS	TFF
Soffic.10G0025530-10D	MYB-related	TFF
Soffic.04G0023800-4H	C2H2	TFF
Soffic.07G0001020-7A	Orphans	Orphans
Soffic.03G0010400-3G	BSD	TFF
Soffic.07G0002910-7C	ABI3VP1	TFF
Soffic.03G0033910-3A	SET	OTR
Soffic.03G0016180-3H	zf-BED	TFF
Soffic.05G0022410-5A	GRAS	TFF
Soffic.03G0025380-3D	Orphans	Orphans
Soffic.07G0008210-7G	MADS	TFF
Soffic.01E0006620-1E	TRAF	OTR
Soffic.02G0022960-2A	EIL	TFF
Soffic.06G0012810-6A	C2C2-CO-like	TFF
Soffic.10F0004210-10F	AP2-EREBP	TFF
Soffic.04H0013240-4H	bHLH	TFF
Soffic.07G0017360-7C	RB	OTR
Soffic.07G0019170-7A	mTERF	OTR
Soffic.08G0007580-8B	Orphans	Orphans
Soffic.10G0020000-10B	ARF	TFF
Soffic.03G0025160-3D	zf-BED	TFF
Soffic.05G0006400-5F	MYB-related	TFF
Soffic.01G0048930-1C	AP2-EREBP	TFF
Soffic.01G0015940-1E	bHLH	TFF
Soffic.09G0022920-9G	PAS	TFF
Soffic.01G0022540-1A	Orphans	Orphans
Soffic.06G0015690-6B	AP2-EREBP	TFF
Soffic.05G0005450-5C	bZIP	TFF
Soffic.02G0016900-2F	SET	OTR
Soffic.02G0032410-2C	Orphans	Orphans
Soffic.04G0004460-4E	C3H	TFF
Soffic.07D0007300-7D	Orphans	Orphans
Soffic.01G0044660-1D	MADS	TFF
Soffic.08H0005170-8H	MYB	TFF
Soffic.09G0016010-9B	Orphans	Orphans
Soffic.03D0019930-3D	CCAAT	TFF
Soffic.08G0000270-8B	SAP	TFF
Soffic.06G0007800-6C	ARF	TFF
Soffic.04G0022870-4A	GRAS	TFF
Soffic.07G0018260-7G	Orphans	Orphans
Soffic.01G0029550-1F	Jumonji	OTR
Soffic.07G0007620-7A	TRAF	OTR
Soffic.03G0035760-3D	TAZ	TFF
Soffic.03G0014490-3H	MADS	TFF
Soffic.07G0012960-7C	NAC	TFF
Soffic.06E0011960-6E	Orphans	Orphans
Soffic.07G0020220-7G	TRAF	OTR
Soffic.02G0025650-2D	DDT	OTR
Soffic.01G0003830-1A	C2H2	TFF
Soffic.04G0030570-4A	FAR1	TFF
Soffic.04G0005910-4C	GRAS	TFF
Soffic.04G0011570-4A	Orphans	Orphans
Soffic.03G0029700-3B	ARF	TFF
Soffic.02F0015490-2F	OFP	TFF
Soffic.08E0012430-8E	MYB-related	TFF
Soffic.06G0001730-6H	Orphans	Orphans
Soffic.04D0015620-4D	RWP-RK	TFF
Soffic.03C0033650-3C	AP2-EREBP	TFF
Soffic.03G0006190-3G	bHLH	TFF
Soffic.03G0022590-3B	MYB	TFF
Soffic.10G0019630-10H	WRKY	TFF
Soffic.02G0009300-2E	BES1	TFF
Soffic.07H0010520-7H	MYB-related	TFF
Soffic.08H0002510-8H	NAC	TFF
Soffic.02G0035040-2D	MYB	TFF
Soffic.03G0019830-3G	OFP	TFF
Soffic.01H0039470-1H	bZIP	TFF
Soffic.01G0006160-1G	TRAF	OTR
Soffic.10G0024690-10G	bZIP	TFF
Soffic.06B0005040-6B	NAC	TFF
Soffic.06G0007770-6H	GRAS	TFF
Soffic.04H0029190-4H	zf-C5HC2	TFF
Soffic.08G0011940-8C	WRKY	TFF
Soffic.07G0006180-7B	AP2-EREBP	TFF
Soffic.04G0017530-4A	bHLH	TFF
Soffic.03H0032010-3H	MYB	TFF
Soffic.03G0017900-3C	Orphans	Orphans
Soffic.10H0003140-10H	BBR/BPC	TFF
Soffic.03G0014520-3B	Orphans	Orphans
Soffic.01D0046830-1D	AP2-EREBP	TFF
Soffic.07G0016500-7H	TRAF	OTR
Soffic.01G0037780-1B	MYB	TFF
Soffic.03G0001380-3C	SET	OTR
Soffic.01G0016050-1A	CCAAT	TFF
Soffic.06G0001590-6B	Orphans	Orphans
Soffic.01E0046080-1E	ARR-B	TFF
Soffic.03D0017510-3D	Orphans	Orphans
Soffic.04G0030320-4A	AP2-EREBP	TFF
Soffic.08G0016820-8D	TFIID	TFF
Soffic.03G0033200-3B	Alfin-like	TFF
Soffic.03G0022200-3F	TUB	TFF
Soffic.10G0008760-10H	bZIP	TFF
Soffic.10G0023080-10B	Orphans	Orphans
Soffic.03G0031530-3B	OFP	TFF
Soffic.02C0015570-2C	NAC	TFF
Soffic.01G0022960-1B	GNAT	OTR
Soffic.06C0011020-6C	Orphans	Orphans
Soffic.02E0033960-2E	SAP	TFF
Soffic.04G0025580-4G	GRF	TFF
Soffic.07G0000790-7B	zf-BED	TFF
Soffic.01E0047220-1E	Orphans	Orphans
Soffic.02G0017010-2E	MYB	TFF
Soffic.09C0010770-9C	MYB-related	TFF
Soffic.01H0023040-1H	Tify	TFF
Soffic.03G0033670-3C	MADS	TFF
Soffic.01G0016390-1H	TFIID	TFF
Soffic.10G0006590-10D	AP2-EREBP	TFF
Soffic.01G0006020-1G	mTERF	OTR
Soffic.03G0035730-3G	C2H2	TFF
Soffic.09G0020040-9E	C3H	TFF
Soffic.03G0008340-3G	NAC	TFF
Soffic.01H0035390-1H	NAC	TFF
Soffic.01G0038530-1B	Orphans	Orphans
Soffic.01D0020000-1D	C2C2-YABBY	TFF
Soffic.04G0023770-4C	Trihelix	TFF
Soffic.04G0016040-4A	MADS	TFF
Soffic.03G0016260-3A	Orphans	Orphans
Soffic.02G0013460-2C	FAR1	TFF
Soffic.03G0029920-3G	CCAAT	TFF
Soffic.02G0012990-2B	C2H2	TFF
Soffic.01C0046170-1C	ABI3VP1	TFF
Soffic.06G0014090-6C	Trihelix	TFF
Soffic.10G0019070-10H	mTERF	OTR
Soffic.04F0022600-4F	PLATZ	TFF
Soffic.01B0008390-1B	MADS	TFF
Soffic.10D0023470-10D	C3H	TFF
Soffic.05D0003620-5D	OFP	TFF
Soffic.07G0018380-7F	Orphans	Orphans
Soffic.04E0007820-4E	AUX/IAA	OTR
Soffic.08G0000180-8C	SAP	TFF
Soffic.03H0035600-3H	Jumonji	OTR
Soffic.03G0003840-3G	C3H	TFF
Soffic.03F0017550-3F	Orphans	Orphans
Soffic.09G0008560-9F	C2H2	TFF
Soffic.02G0006210-2D	PHD	OTR
Soffic.04G0031390-4D	bHLH	TFF
Soffic.08H0002320-8H	MYB	TFF
Soffic.09G0013470-9E	MYB-related	TFF
Soffic.07H0010310-7H	Orphans	Orphans
Soffic.02G0002780-2B	GNAT	OTR
Soffic.07G0013430-7G	PHD	OTR
Soffic.02G0015900-2G	AP2-EREBP	TFF
Soffic.10G0017780-10B	PLATZ	TFF
Soffic.03G0036960-3C	FAR1	TFF
Soffic.01E0049040-1E	bHLH	TFF
Soffic.03G0005050-3G	MYB-related	TFF
Soffic.01C0005940-1C	DDT	OTR
Soffic.02G0021000-2A	AP2-EREBP	TFF
Soffic.02G0012400-2B	zf-BED	TFF
Soffic.03G0014250-3E	Orphans	Orphans
Soffic.09G0020600-9F	FAR1	TFF
Soffic.05G0015040-5C	PAS	TFF
Soffic.05G0012410-5D	GRAS	TFF
Soffic.10E0001300-10E	mTERF	OTR
Soffic.04G0002280-4B	PHD	OTR
Soffic.01G0016830-1C	Orphans	Orphans
Soffic.07C0000390-7C	PHD	OTR
Soffic.08G0001420-8D	TRAF	OTR
Soffic.04C0017880-4C	Coactivator_p15	OTR
Soffic.01G0023360-1A	Orphans	Orphans
Soffic.02H0017250-2H	bHLH	TFF
Soffic.10G0005190-10C	MADS	TFF
Soffic.02G0035740-2B	SAP	TFF
Soffic.04G0005610-4A	TUB	TFF
Soffic.01G0006460-1B	TCP	TFF
Soffic.05G0019770-5D	AP2-EREBP	TFF
Soffic.08G0014980-8A	ABI3VP1	TFF
Soffic.04G0029510-4D	WRKY	TFF
Soffic.04B0005090-4B	NAC	TFF
Soffic.04G0031830-4F	MYB-related	TFF
Soffic.01G0012540-1D	HB	TFF
Soffic.03D0024590-3D	WRKY	TFF
Soffic.06G0019850-6D	Orphans	Orphans
Soffic.06G0002370-6G	FAR1	TFF
Soffic.09G0007070-9C	MYB	TFF
Soffic.01G0024860-1G	FAR1	TFF
Soffic.03G0002220-3H	C3H	TFF
Soffic.10G0026460-10E	PHD	OTR
Soffic.04G0021570-4D	Orphans	Orphans
Soffic.10G0014220-10H	CPP	TFF
Soffic.06G0018080-6B	GRAS	TFF
Soffic.04G0023710-4C	C2C2-GATA	TFF
Soffic.03G0036870-3E	bHLH	TFF
Soffic.05G0014660-5A	GRAS	TFF
Soffic.01G0048630-1A	Tify	TFF
Soffic.07G0016490-7H	TRAF	OTR
Soffic.01G0020070-1C	Trihelix	TFF
Soffic.04G0017070-4C	E2F-DP	TFF
Soffic.07G0004050-7F	MYB	TFF
Soffic.09G0019660-9C	Orphans	Orphans
Soffic.01G0043120-1G	HB	TFF
Soffic.10F0002670-10F	TRAF	OTR
Soffic.03G0008550-3B	Orphans	Orphans
Soffic.01G0021230-1C	Top	TFF
Soffic.06H0017410-6H	PLATZ	TFF
Soffic.01G0026520-1C	Tify	TFF
Soffic.08G0010620-8A	WRKY	TFF
Soffic.01D0023510-1D	E2F-DP	TFF
Soffic.09G0006250-9D	C2H2	TFF
Soffic.03D0017850-3D	WRKY	TFF
Soffic.09G0016630-9B	GNAT	OTR
Soffic.03G0029430-3H	MYB	TFF
Soffic.02G0010940-2G	bZIP	TFF
Soffic.09G0018510-9F	PHD	OTR
Soffic.02F0034530-2F	bHLH	TFF
Soffic.02G0016260-2D	GNAT	OTR
Soffic.05G0015820-5F	GRF	TFF
Soffic.01G0039500-1E	Not1	TFF
Soffic.02E0016270-2E	bHLH	TFF
Soffic.02G0033910-2D	FAR1	TFF
Soffic.07G0000090-7D	FAR1	TFF
Soffic.09G0011560-9A	CCAAT	TFF
Soffic.05G0001730-5G	zf-HD	TFF
Soffic.05G0012260-5A	SBP	TFF
Soffic.04G0012150-4E	Orphans	Orphans
Soffic.05G0013740-5G	RB	OTR
Soffic.02E0036030-2E	TUB	TFF
Soffic.09G0008230-9E	MYB	TFF
Soffic.01G0017460-1C	AUX/IAA	OTR
Soffic.04G0010270-4C	HMG	OTR
Soffic.05G0022470-5A	GRAS	TFF
Soffic.06G0015070-6G	AP2-EREBP	TFF
Soffic.10E0009660-10E	PBF-2-like	TFF
Soffic.02E0026460-2E	C2C2-YABBY	TFF
Soffic.04G0019850-4A	C2C2-CO-like	TFF
Soffic.07F0013720-7F	AP2-EREBP	TFF
Soffic.06G0010050-6H	NAC	TFF
Soffic.10C0016790-10C	FAR1	TFF
Soffic.07G0003360-7H	TRAF	OTR
Soffic.03G0034660-3C	mTERF	OTR
Soffic.09G0004470-9E	ABI3VP1	TFF
Soffic.06G0017350-6A	RWP-RK	TFF
Soffic.02G0003890-2G	PHD	OTR
Soffic.01F0031960-1F	TUB	TFF
Soffic.03G0014900-3H	Orphans	Orphans
Soffic.03H0005940-3H	AP2-EREBP	TFF
Soffic.04G0024250-4C	AP2-EREBP	TFF
Soffic.01G0039900-1E	Orphans	Orphans
Soffic.05G0010170-5A	MYB	TFF
Soffic.02G0015430-2B	OFP	TFF
Soffic.04G0017100-4A	C3H	TFF
Soffic.01G0048450-1B	Orphans	Orphans
Soffic.01G0003060-1E	NAC	TFF
Soffic.10F0001380-10F	NAC	TFF
Soffic.09G0006420-9G	Orphans	Orphans
Soffic.01G0046200-1F	BES1	TFF
Soffic.09F0000480-9F	TUB	TFF
Soffic.05G0009060-5B	Orphans	Orphans
Soffic.02G0017440-2C	Jumonji	OTR
Soffic.02H0030690-2H	C2H2	TFF
Soffic.02G0034930-2G	AP2-EREBP	TFF
Soffic.10G0006200-10H	BBR/BPC	TFF
Soffic.03G0038930-3D	Orphans	Orphans
Soffic.07G0013050-7F	NAC	TFF
Soffic.10F0001160-10F	TRAF	OTR
Soffic.04G0020370-4F	SET	OTR
Soffic.10G0005430-10C	AUX/IAA	OTR
Soffic.03G0029840-3B	CCAAT	TFF
Soffic.09G0013780-9G	OFP	TFF
Soffic.02D0036290-2D	CCAAT	TFF
Soffic.10G0000080-10A	bZIP	TFF
Soffic.05D0001140-5D	FAR1	TFF
Soffic.08G0018010-8G	WRKY	TFF
Soffic.06G0006710-6A	Orphans	Orphans
Soffic.08D0007230-8D	WRKY	TFF
Soffic.06G0009730-6H	Orphans	Orphans
Soffic.01F0005750-1F	TRAF	OTR
Soffic.02G0001870-2A	GNAT	OTR
Soffic.06G0022230-6H	C3H	TFF
Soffic.01G0023340-1B	SET	OTR
Soffic.04H0021430-4H	bHLH	TFF
Soffic.03G0027180-3D	TRAF	OTR
Soffic.01B0020990-1B	C2C2-GATA	TFF
Soffic.04G0014350-4F	GRAS	TFF
Soffic.05G0002210-5A	MYB	TFF
Soffic.03F0021920-3F	C3H	TFF
Soffic.02B0027480-2B	FAR1	TFF
Soffic.04G0003780-4G	Orphans	Orphans
Soffic.01G0024620-1C	Orphans	Orphans
Soffic.06E0000340-6E	NAC	TFF
Soffic.06G0007740-6C	GRAS	TFF
Soffic.06G0022700-6F	C2C2-Dof	TFF
Soffic.02H0024070-2H	Orphans	Orphans
Soffic.09G0005810-9E	bHLH	TFF
Soffic.02G0013550-2A	bZIP	TFF
Soffic.10G0017280-10E	ARR-B	TFF
Soffic.08G0013760-8G	bHLH	TFF
Soffic.07G0000740-7G	AP2-EREBP	TFF
Soffic.07F0018110-7F	FHA	TFF
Soffic.02G0018740-2E	Orphans	Orphans
Soffic.10G0005270-10E	BSD	TFF
Soffic.02F0020820-2F	C2C2-Dof	TFF
Soffic.04G0007570-4B	Top	TFF
Soffic.02G0001290-2H	Jumonji	OTR
Soffic.04G0026640-4F	C2H2	TFF
Soffic.04G0011040-4C	MYB	TFF
Soffic.01G0035420-1A	MYB	TFF
Soffic.02C0003660-2C	TRAF	OTR
Soffic.03G0038690-3C	Orphans	Orphans
Soffic.07G0005370-7B	NAC	TFF
Soffic.04G0015630-4B	TRAF	OTR
Soffic.02G0030040-2E	C3H	TFF
Soffic.04G0005250-4D	PLATZ	TFF
Soffic.08G0002470-8F	FHA	TFF
Soffic.02C0028070-2C	SBP	TFF
Soffic.06G0008580-6C	zf-BED	TFF
Soffic.01G0029520-1A	WRKY	TFF
Soffic.01G0045850-1D	Orphans	Orphans
Soffic.01H0019710-1H	Orphans	Orphans
Soffic.09G0019990-9G	NAC	TFF
Soffic.07G0011360-7H	TRAF	OTR
Soffic.05G0012000-5C	C3H	TFF
Soffic.09G0005580-9B	ABI3VP1	TFF
Soffic.04G0026220-4F	zf-BED	TFF
Soffic.01G0016750-1G	Top	TFF
Soffic.04G0005100-4H	SBP	TFF
Soffic.03G0010820-3G	C2C2-Dof	TFF
Soffic.10G0016380-10E	Orphans	Orphans
Soffic.04G0007970-4B	C2C2-GATA	TFF
Soffic.04G0009590-4G	AP2-EREBP	TFF
Soffic.06G0008820-6D	GNAT	OTR
Soffic.04G0027940-4D	bHLH	TFF
Soffic.09G0015760-9D	Orphans	Orphans
Soffic.02F0032520-2F	C2H2	TFF
Soffic.03G0017860-3F	Top	TFF
Soffic.07G0000690-7F	MADS	TFF
Soffic.01C0051960-1C	NAC	TFF
Soffic.02F0031680-2F	GRAS	TFF
Soffic.01H0014150-1H	zf-BED	TFF
Soffic.08G0002650-8G	Orphans	Orphans
Soffic.03G0001340-3A	bHLH	TFF
Soffic.03G0020380-3E	bZIP	TFF
Soffic.03G0009270-3C	bHLH	TFF
Soffic.02G0015210-2D	DDT	OTR
Soffic.03G0025460-3A	HSF	TFF
Soffic.10G0010970-10E	FHA	TFF
Soffic.02H0016990-2H	zf-HD	TFF
Soffic.02G0006840-2H	mTERF	OTR
Soffic.08G0002180-8C	FHA	TFF
Soffic.04G0003510-4A	Orphans	Orphans
Soffic.10E0021250-10E	ARF	TFF
Soffic.04G0026790-4G	Orphans	Orphans
Soffic.07G0012630-7B	NAC	TFF
Soffic.01H0009760-1H	MYB	TFF
Soffic.03G0007280-3A	NAC	TFF
Soffic.08G0007300-8A	MED26	OTR
Soffic.09G0001780-9G	MYB-related	TFF
Soffic.02G0030280-2G	C2C2-YABBY	TFF
Soffic.02G0017430-2C	Jumonji	OTR
Soffic.06G0001800-6H	SET	OTR
Soffic.07G0002100-7H	Orphans	Orphans
Soffic.09G0014540-9B	bZIP	TFF
Soffic.02G0038190-2E	GRAS	TFF
Soffic.08G0006200-8A	MYB	TFF
Soffic.02G0009520-2F	FAR1	TFF
Soffic.02G0016320-2E	SET	OTR
Soffic.04G0003910-4A	PBF-2-like	TFF
Soffic.10B0019530-10B	MYB-related	TFF
Soffic.06G0013530-6G	C1-4-t1	TFF
Soffic.03G0002070-3H	TRAF	OTR
Soffic.02C0006910-2C	PHD	OTR
Soffic.04G0016610-4A	FAR1	TFF
Soffic.01G0024730-1E	C2C2-GATA	TFF
Soffic.02G0028520-2D	Orphans	Orphans
Soffic.10F0006330-10F	MYB-related	TFF
Soffic.09G0006740-9G	C2H2	TFF
Soffic.07G0015480-7G	AP2-EREBP	TFF
Soffic.03G0031350-3G	C2C2-Dof	TFF
Soffic.01A0045380-1A	ABI3VP1	TFF
Soffic.01G0017330-1D	ABI3VP1	TFF
Soffic.02B0005170-2B	Orphans	Orphans
Soffic.01G0055550-1A	C2H2	TFF
Soffic.04G0005730-4G	SBP	TFF
Soffic.01G0012490-1E	HB	TFF
Soffic.03G0025440-3B	VOZ	TFF
Soffic.06G0008070-6C	NAC	TFF
Soffic.07G0018110-7G	Orphans	Orphans
Soffic.08G0014850-8H	CPP	TFF
Soffic.10G0011420-10D	PHD	OTR
Soffic.08G0001740-8D	FAR1	TFF
Soffic.04G0028060-4C	mTERF	OTR
Soffic.09G0002600-9B	bZIP	TFF
Soffic.06G0002180-6F	zf-BED	TFF
Soffic.02G0021250-2E	zf-BED	TFF
Soffic.10G0016430-10C	FAR1	TFF
Soffic.09G0007190-9E	WRKY	TFF
Soffic.07G0001340-7C	bHLH	TFF
Soffic.10G0013340-10A	HSF	TFF
Soffic.10G0017600-10A	WRKY	TFF
Soffic.01F0017360-1F	SAP	TFF
Soffic.02G0004950-2A	zf-A20	TFF
Soffic.06G0022340-6A	AP2-EREBP	TFF
Soffic.03H0012620-3H	OFP	TFF
Soffic.04G0021760-4C	Orphans	Orphans
Soffic.02G0005410-2A	CPP	TFF
Soffic.10G0009110-10F	zf-C5HC2	TFF
Soffic.06G0015710-6A	MYB-related	TFF
Soffic.02F0021840-2F	EIL	TFF
Soffic.04G0028050-4E	Orphans	Orphans
Soffic.08G0017540-8H	bZIP	TFF
Soffic.01G0024000-1B	Tify	TFF
Soffic.08G0004250-8G	bZIP	TFF
Soffic.05G0004730-5G	AP2-EREBP	TFF
Soffic.04G0024940-4F	C2C2-Dof	TFF
Soffic.07G0020150-7A	FAR1	TFF
Soffic.10B0017510-10B	ARID	OTR
Soffic.04F0029200-4F	zf-A20	TFF
Soffic.04G0030470-4E	Orphans	Orphans
Soffic.03G0018790-3E	C3H	TFF
Soffic.02G0036790-2F	AP2-EREBP	TFF
Soffic.01G0037260-1E	Tify	TFF
Soffic.05G0004090-5D	TUB	TFF
Soffic.08G0005680-8A	C2C2-GATA	TFF
Soffic.10F0001270-10F	BBR/BPC	TFF
Soffic.01G0025490-1A	TRAF	OTR
Soffic.09G0006970-9C	GeBP	TFF
Soffic.07G0004650-7D	FAR1	TFF
Soffic.10G0016720-10C	AUX/IAA	OTR
Soffic.07G0000860-7E	NAC	TFF
Soffic.04B0017350-4B	AP2-EREBP	TFF
Soffic.03G0039540-3B	bHLH	TFF
Soffic.01G0040050-1B	Orphans	Orphans
Soffic.04G0020810-4A	MYB	TFF
Soffic.05G0021150-5A	AP2-EREBP	TFF
Soffic.06G0000520-6G	Orphans	Orphans
Soffic.02G0014520-2G	Orphans	Orphans
Soffic.01G0012680-1D	Top	TFF
Soffic.06G0017590-6A	HSF	TFF
Soffic.02G0026190-2F	NAC	TFF
Soffic.07G0017140-7A	AP2-EREBP	TFF
Soffic.01G0011790-1E	HB	TFF
Soffic.10G0018940-10B	Orphans	Orphans
Soffic.01G0012530-1D	HB	TFF
Soffic.03H0006200-3H	FAR1	TFF
Soffic.04G0007660-4H	Orphans	Orphans
Soffic.04G0031150-4E	Orphans	Orphans
Soffic.02G0031530-2G	GRAS	TFF
Soffic.01G0018500-1H	Orphans	Orphans
Soffic.03D0028960-3D	TUB	TFF
Soffic.04G0009450-4C	Orphans	Orphans
Soffic.05G0012230-5B	C3H	TFF
Soffic.01G0044770-1A	ABI3VP1	TFF
Soffic.01G0033770-1H	FAR1	TFF
Soffic.04G0026060-4G	C2C2-Dof	TFF
Soffic.09G0020000-9D	MYB	TFF
Soffic.04G0010840-4F	NAC	TFF
Soffic.01G0018090-1E	ABI3VP1	TFF
Soffic.09G0008970-9G	VOZ	TFF
Soffic.05G0021010-5G	GRAS	TFF
Soffic.02G0010930-2G	bZIP	TFF
Soffic.01E0051020-1E	OFP	TFF
Soffic.07G0005920-7B	zf-BED	TFF
Soffic.04G0027970-4F	AP2-EREBP	TFF
Soffic.06G0016420-6B	bHLH	TFF
Soffic.02G0031930-2G	C2H2	TFF
Soffic.08G0016030-8H	Orphans	Orphans
Soffic.09G0021210-9E	Sigma70-like	TFF
Soffic.03G0035940-3H	C3H	TFF
Soffic.06E0017200-6E	HMG	OTR
Soffic.03G0004330-3A	bZIP	TFF
Soffic.06G0009820-6B	GNAT	OTR
Soffic.04G0008820-4A	BES1	TFF
Soffic.07G0015600-7B	SOH1	OTR
Soffic.09G0000150-9E	Jumonji	OTR
Soffic.02G0026050-2G	GRAS	TFF
Soffic.03G0011310-3B	MYB	TFF
Soffic.10G0009690-10D	Orphans	Orphans
Soffic.02G0025270-2A	zf-A20	TFF
Soffic.09G0003940-9B	GRAS	TFF
Soffic.02G0005490-2F	PHD	OTR
Soffic.01G0008180-1B	WRKY	TFF
Soffic.04G0009460-4E	HMG	OTR
Soffic.04G0029760-4C	MYB-related	TFF
Soffic.02D0001780-2D	MYB	TFF
Soffic.02G0020300-2C	C2H2	TFF
Soffic.06G0006690-6B	SWI/SNF-BAF60b	OTR
Soffic.07G0012690-7G	TRAF	OTR
Soffic.03G0026110-3D	ARF	TFF
Soffic.01G0047060-1D	TIG	TFF
Soffic.05G0009850-5C	AUX/IAA	OTR
Soffic.01G0042850-1E	SET	OTR
Soffic.06H0014430-6H	zf-BED	TFF
Soffic.08G0003480-8E	C2H2	TFF
Soffic.05E0009150-5E	WRKY	TFF
Soffic.08G0009740-8D	MYB	TFF
Soffic.08G0011930-8C	SET	OTR
Soffic.02H0038110-2H	bZIP	TFF
Soffic.01G0007520-1G	PAS	TFF
Soffic.03G0032890-3B	NAC	TFF
Soffic.09H0021050-9H	WRKY	TFF
Soffic.01G0018490-1H	C2H2	TFF
Soffic.04G0005680-4H	Orphans	Orphans
Soffic.02G0003310-2G	Orphans	Orphans
Soffic.06G0015770-6A	SET	OTR
Soffic.07G0010950-7E	SET	OTR
Soffic.04G0023400-4B	C2C2-YABBY	TFF
Soffic.01E0000540-1E	MADS	TFF
Soffic.04E0015250-4E	Coactivator_p15	OTR
Soffic.01G0025180-1C	TRAF	OTR
Soffic.02G0028830-2A	FAR1	TFF
Soffic.03G0007840-3D	TRAF	OTR
Soffic.01G0013430-1C	TCP	TFF
Soffic.01E0042380-1E	MYB	TFF
Soffic.09G0020520-9G	zf-BED	TFF
Soffic.01E0033680-1E	TRAF	OTR
Soffic.02G0038960-2B	ABI3VP1	TFF
Soffic.01G0023390-1G	FAR1	TFF
Soffic.10G0010240-10G	zf-fF-X1	TFF
Soffic.01G0025360-1C	NAC	TFF
Soffic.02G0023950-2D	SRS	TFF
Soffic.05G0012190-5F	C3H	TFF
Soffic.01G0046770-1C	SWI/SNF-SWI3	OTR
Soffic.01E0042160-1E	bZIP	TFF
Soffic.07G0006700-7F	Orphans	Orphans
Soffic.08C0012350-8C	Orphans	Orphans
Soffic.04G0022310-4F	PHD	OTR
Soffic.02G0007700-2A	ABI3VP1	TFF
Soffic.01G0012500-1E	HB	TFF
Soffic.07F0007410-7F	MADS	TFF
Soffic.03G0015460-3D	Orphans	Orphans
Soffic.09G0001070-9H	TUB	TFF
Soffic.08G0005070-8C	C2C2-GATA	TFF
Soffic.02G0022530-2B	Orphans	Orphans
Soffic.01G0029620-1C	MYB-related	TFF
Soffic.04G0018510-4G	Coactivator_p15	OTR
Soffic.06G0016120-6G	C2C2-GATA	TFF
Soffic.07D0003070-7D	MYB-related	TFF
Soffic.10C0007850-10C	GeBP	TFF
Soffic.01H0023030-1H	Tify	TFF
Soffic.08G0005350-8D	TCP	TFF
Soffic.01G0033570-1G	GRAS	TFF
Soffic.02F0004180-2F	PHD	OTR
Soffic.03E0038200-3E	NAC	TFF
Soffic.07E0016870-7E	MADS	TFF
Soffic.09G0009350-9F	MED26	OTR
Soffic.05H0010930-5H	GRAS	TFF
Soffic.03G0002780-3G	Orphans	Orphans
Soffic.02G0013360-2G	MYB-related	TFF
Soffic.04G0010700-4F	Orphans	Orphans
Soffic.05G0017770-5F	bHLH	TFF
Soffic.01G0004190-1C	mTERF	OTR
Soffic.06C0018440-6C	Orphans	Orphans
Soffic.08G0016590-8D	C2C2-YABBY	TFF
Soffic.02G0018520-2A	Tify	TFF
Soffic.01D0006760-1D	GNAT	OTR
Soffic.01G0002740-1C	FAR1	TFF
Soffic.09G0010830-9G	GRAS	TFF
Soffic.03G0013020-3C	HB	TFF
Soffic.05G0009570-5C	MYB	TFF
Soffic.02G0020960-2A	HSF	TFF
Soffic.01G0025500-1A	Orphans	Orphans
Soffic.10G0017620-10F	Orphans	Orphans
Soffic.02G0030830-2B	bHLH	TFF
Soffic.06E0006610-6E	Tify	TFF
Soffic.01G0034100-1D	TIG	TFF
Soffic.08G0005100-8A	FAR1	TFF
Soffic.07G0009500-7B	C2H2	TFF
Soffic.03G0034120-3H	SET	OTR
Soffic.06G0017080-6F	AP2-EREBP	TFF
Soffic.06G0012520-6F	Orphans	Orphans
Soffic.01G0006140-1D	AUX/IAA	OTR
Soffic.01G0030460-1H	GNAT	OTR
Soffic.06G0026740-6G	TUB	TFF
Soffic.01F0007520-1F	MYB-related	TFF
Soffic.04G0031330-4A	zf-C5HC2	TFF
Soffic.04G0014610-4C	HSF	TFF
Soffic.01G0021270-1H	Orphans	Orphans
Soffic.10G0016530-10G	Orphans	Orphans
Soffic.09G0002240-9H	zf-BED	TFF
Soffic.05G0017830-5E	E2F-DP	TFF
Soffic.05G0003010-5B	AP2-EREBP	TFF
Soffic.02G0016110-2D	zf-BED	TFF
Soffic.09G0017910-9B	HSF	TFF
Soffic.01E0044040-1E	CCAAT	TFF
Soffic.09D0014920-9D	MYB	TFF
Soffic.03H0008250-3H	MED26	OTR
Soffic.01G0034250-1H	Orphans	Orphans
Soffic.02F0035120-2F	AP2-EREBP	TFF
Soffic.07G0014430-7F	bZIP	TFF
Soffic.05G0004040-5A	NAC	TFF
Soffic.08G0013960-8H	ABI3VP1	TFF
Soffic.10G0007950-10C	AP2-EREBP	TFF
Soffic.07H0010890-7H	bHLH	TFF
Soffic.04G0008680-4D	HB	TFF
Soffic.02D0008970-2D	MYB	TFF
Soffic.03D0021400-3D	WRKY	TFF
Soffic.07G0009900-7B	Orphans	Orphans
Soffic.08G0003910-8H	ABI3VP1	TFF
Soffic.06G0010650-6C	zf-BED	TFF
Soffic.07G0015620-7H	Orphans	Orphans
Soffic.05G0005350-5G	Orphans	Orphans
Soffic.02B0030000-2B	CCAAT	TFF
Soffic.07G0009310-7H	WRKY	TFF
Soffic.04G0017400-4D	E2F-DP	TFF
Soffic.01F0008480-1F	TCP	TFF
Soffic.04H0017110-4H	FAR1	TFF
Soffic.02G0027170-2H	C2C2-Dof	TFF
Soffic.03G0009340-3A	Top	TFF
Soffic.07G0005900-7H	NAC	TFF
Soffic.09G0010000-9A	Orphans	Orphans
Soffic.01H0008060-1H	PHD	OTR
Soffic.06G0023960-6A	AP2-EREBP	TFF
Soffic.07D0020050-7D	mTERF	OTR
Soffic.05H0003920-5H	MADS	TFF
Soffic.01G0019060-1E	GRAS	TFF
Soffic.01G0022530-1A	Orphans	Orphans
Soffic.01D0028400-1D	C2C2-Dof	TFF
Soffic.03G0021830-3B	NAC	TFF
Soffic.04G0035290-4G	zf-fF-X1	TFF
Soffic.07G0011470-7D	WRKY	TFF
Soffic.08G0008740-8B	MYB	TFF
Soffic.04E0023570-4E	CCAAT	TFF
Soffic.09G0001580-9H	MYB	TFF
Soffic.09G0006670-9A	Orphans	Orphans
Soffic.01G0015530-1E	HB	TFF
Soffic.02G0017550-2B	TCP	TFF
Soffic.07H0012370-7H	AP2-EREBP	TFF
Soffic.02C0032300-2C	GRAS	TFF
Soffic.04G0017960-4B	C3H	TFF
Soffic.02C0039170-2C	MYB-related	TFF
Soffic.07G0003190-7F	FAR1	TFF
Soffic.05G0021330-5E	MYB	TFF
Soffic.07G0007230-7A	WRKY	TFF
Soffic.04G0030580-4H	C2H2	TFF
Soffic.09G0013970-9A	NAC	TFF
Soffic.01G0003840-1A	C2H2	TFF
Soffic.01G0048690-1D	AP2-EREBP	TFF
Soffic.10C0006640-10C	Orphans	Orphans
Soffic.09F0010830-9F	GNAT	OTR
Soffic.06G0017940-6D	NAC	TFF
Soffic.01D0048260-1D	Tify	TFF
Soffic.04H0007020-4H	PHD	OTR
Soffic.01G0009410-1F	bZIP	TFF
Soffic.05G0009170-5E	WRKY	TFF
Soffic.06G0014860-6E	AP2-EREBP	TFF
Soffic.01G0046010-1B	TIG	TFF
Soffic.07D0020370-7D	AP2-EREBP	TFF
Soffic.07E0010570-7E	C3H	TFF
Soffic.03G0013870-3C	NAC	TFF
Soffic.09B0021150-9B	MYB-related	TFF
Soffic.04G0028760-4B	AP2-EREBP	TFF
Soffic.04G0006930-4G	MYB	TFF
Soffic.04G0013580-4G	bHLH	TFF
Soffic.01H0004320-1H	TFIIS	TFF
Soffic.04G0015770-4C	AP2-EREBP	TFF
Soffic.10G0011400-10H	bZIP	TFF
Soffic.04G0019630-4F	SET	OTR
Soffic.06G0001070-6B	SET	OTR
Soffic.01G0016810-1F	Orphans	Orphans
Soffic.06G0017480-6E	HSF	TFF
Soffic.05G0000050-5H	Orphans	Orphans
Soffic.09G0012490-9F	bHLH	TFF
Soffic.01E0051810-1E	MYB	TFF
Soffic.02G0001340-2C	MYB	TFF
Soffic.03G0015920-3F	bZIP	TFF
Soffic.01G0004990-1E	FAR1	TFF
Soffic.07D0019400-7D	FHA	TFF
Soffic.02G0018470-2B	AP2-EREBP	TFF
Soffic.02G0006150-2E	GNAT	OTR
Soffic.07G0019410-7C	EIL	TFF
Soffic.09G0005770-9C	Orphans	Orphans
Soffic.02G0035910-2A	MED26	OTR
Soffic.05G0002950-5A	Orphans	Orphans
Soffic.07G0007650-7H	BSD	TFF
Soffic.03G0028290-3A	SAP	TFF
Soffic.04G0000570-4E	Jumonji	OTR
Soffic.10G0006800-10G	MYB	TFF
Soffic.04G0005100-4F	TUB	TFF
Soffic.05G0000390-5A	SAP	TFF
Soffic.01G0042480-1F	FAR1	TFF
Soffic.06G0021630-6F	ARF	TFF
Soffic.02H0019930-2H	NAC	TFF
Soffic.01E0040390-1E	Orphans	Orphans
Soffic.08G0010280-8D	SWI/SNF-BAF60b	OTR
Soffic.06G0020550-6C	bZIP	TFF
Soffic.02G0023700-2H	AP2-EREBP	TFF
Soffic.02G0005520-2B	zf-A20	TFF
Soffic.02G0018050-2A	PHD	OTR
Soffic.04G0027660-4B	FAR1	TFF
Soffic.01G0017020-1A	ABI3VP1	TFF
Soffic.09G0008060-9A	GNAT	OTR
Soffic.01G0050930-1B	FHA	TFF
Soffic.09G0020110-9A	bHLH	TFF
Soffic.04H0027000-4H	mTERF	OTR
Soffic.01F0007880-1F	Top	TFF
Soffic.10F0018520-10F	CCAAT	TFF
Soffic.07G0008810-7G	MYB	TFF
Soffic.03H0021100-3H	WRKY	TFF
Soffic.10G0022970-10F	Orphans	Orphans
Soffic.01G0026840-1A	Tify	TFF
Soffic.01G0012630-1A	MYB-related	TFF
Soffic.04G0028090-4B	GRAS	TFF
Soffic.03G0023440-3G	CCAAT	TFF
Soffic.03G0031690-3B	TUB	TFF
Soffic.06G0025350-6B	ARF	TFF
Soffic.05G0017570-5G	MADS	TFF
Soffic.06G0014320-6C	C2C2-GATA	TFF
Soffic.02H0002180-2H	GNAT	OTR
Soffic.09H0020940-9H	WRKY	TFF
Soffic.09H0010990-9H	GRAS	TFF
Soffic.07G0012940-7G	AP2-EREBP	TFF
Soffic.02G0004330-2C	C2C2-Dof	TFF
Soffic.09G0001010-9F	GRAS	TFF
Soffic.09G0009800-9B	FHA	TFF
Soffic.02G0018880-2A	zf-HD	TFF
Soffic.07G0018830-7D	MADS	TFF
Soffic.07G0006650-7A	NAC	TFF
Soffic.04G0017150-4B	MADS	TFF
Soffic.01G0036680-1A	FAR1	TFF
Soffic.02G0023870-2C	bHLH	TFF
Soffic.01G0027840-1H	SOH1	OTR
Soffic.03H0006730-3H	AP2-EREBP	TFF
Soffic.01G0017890-1H	Top	TFF
Soffic.03G0024230-3B	WRKY	TFF
Soffic.08G0005180-8E	C2C2-GATA	TFF
Soffic.01G0018470-1A	MYB	TFF
Soffic.03G0028390-3H	bZIP	TFF
Soffic.04G0023300-4A	PLATZ	TFF
Soffic.06G0012190-6G	bHLH	TFF
Soffic.04G0027640-4A	AP2-EREBP	TFF
Soffic.10G0012150-10A	Orphans	Orphans
Soffic.01G0010640-1A	AUX/IAA	OTR
Soffic.04G0010900-4G	Orphans	Orphans
Soffic.03G0016000-3D	RWP-RK	TFF
Soffic.06G0013220-6B	MYB-related	TFF
Soffic.06E0009090-6E	Alfin-like	TFF
Soffic.06G0007560-6H	NAC	TFF
Soffic.10G0009410-10E	E2F-DP	TFF
Soffic.02C0023320-2C	bHLH	TFF
Soffic.02G0039200-2H	FHA	TFF
Soffic.06G0018800-6A	C2H2	TFF
Soffic.06G0023150-6A	Orphans	Orphans
Soffic.01G0009270-1B	FAR1	TFF
Soffic.06G0016200-6B	GRAS	TFF
Soffic.10G0019460-10E	GNAT	OTR
Soffic.05G0013100-5F	SBP	TFF
Soffic.02C0002390-2C	MADS	TFF
Soffic.04G0034210-4D	C3H	TFF
Soffic.03G0011470-3A	Orphans	Orphans
Soffic.01G0010850-1H	CCAAT	TFF
Soffic.10G0011500-10C	C2C2-CO-like	TFF
Soffic.01G0013720-1D	TCP	TFF
Soffic.03G0033070-3F	FAR1	TFF
Soffic.01G0021390-1H	TRAF	OTR
Soffic.09G0020880-9G	Orphans	Orphans
Soffic.04G0017610-4F	NAC	TFF
Soffic.09G0020720-9F	MYB	TFF
Soffic.01G0035910-1B	WRKY	TFF
Soffic.02D0000130-2D	TRAF	OTR
Soffic.08G0012290-8C	TCP	TFF
Soffic.01G0034450-1B	Orphans	Orphans
Soffic.07G0013300-7E	SGT1	OTR
Soffic.02D0019220-2D	AP2-EREBP	TFF
Soffic.02E0008620-2E	FAR1	TFF
Soffic.03G0025600-3B	bZIP	TFF
Soffic.01G0016380-1H	Trihelix	TFF
Soffic.01G0013430-1D	C2C2-CO-like	TFF
Soffic.10G0015810-10A	GRAS	TFF
Soffic.10E0006150-10E	Orphans	Orphans
Soffic.02F0029230-2F	CCAAT	TFF
Soffic.09G0018760-9F	AUX/IAA	OTR
Soffic.01D0046230-1D	Orphans	Orphans
Soffic.07D0018560-7D	AP2-EREBP	TFF
Soffic.04D0008170-4D	C2C2-GATA	TFF
Soffic.01G0008830-1H	HB	TFF
Soffic.02E0028440-2E	CCAAT	TFF
Soffic.03G0019050-3B	WRKY	TFF
Soffic.04G0026670-4C	SET	OTR
Soffic.04F0022430-4F	AP2-EREBP	TFF
Soffic.02G0009900-2B	BES1	TFF
Soffic.01H0028930-1H	Orphans	Orphans
Soffic.01H0036750-1H	MYB	TFF
Soffic.07H0006780-7H	TRAF	OTR
Soffic.04G0016850-4D	C2H2	TFF
Soffic.07H0013420-7H	PLATZ	TFF
Soffic.02G0019180-2H	HSF	TFF
Soffic.03G0027720-3D	bHLH	TFF
Soffic.08G0002980-8E	WRKY	TFF
Soffic.06G0011040-6A	FAR1	TFF
Soffic.05G0001970-5D	zf-BED	TFF
Soffic.03E0026550-3E	AP2-EREBP	TFF
Soffic.01G0031510-1H	CCAAT	TFF
Soffic.03G0034790-3F	Alfin-like	TFF
Soffic.05G0015220-5F	MYB-related	TFF
Soffic.03G0037670-3G	bHLH	TFF
Soffic.03G0028170-3G	SET	OTR
Soffic.10G0005560-10B	AP2-EREBP	TFF
Soffic.02F0032050-2F	C2H2	TFF
Soffic.07G0003000-7D	Orphans	Orphans
Soffic.04G0013010-4G	bZIP	TFF
Soffic.01G0038660-1D	MYB	TFF
Soffic.07F0003310-7F	ABI3VP1	TFF
Soffic.06G0014670-6A	Top	TFF
Soffic.02G0032290-2G	CCAAT	TFF
Soffic.09G0014300-9D	AP2-EREBP	TFF
Soffic.01G0048510-1F	Trihelix	TFF
Soffic.02G0031730-2F	FAR1	TFF
Soffic.10G0008850-10G	TCP	TFF
Soffic.07G0000570-7D	C3H	TFF
Soffic.10G0016790-10D	FAR1	TFF
Soffic.03G0027430-3D	WRKY	TFF
Soffic.03G0023140-3B	WRKY	TFF
Soffic.02G0000540-2H	C2H2	TFF
Soffic.02F0034690-2F	SWI/SNF-BAF60b	OTR
Soffic.09G0004030-9D	AP2-EREBP	TFF
Soffic.05G0012610-5E	GRAS	TFF
Soffic.03G0034340-3E	MYB	TFF
Soffic.03G0028830-3C	NAC	TFF
Soffic.09G0006570-9D	NAC	TFF
Soffic.04G0013690-4B	ABI3VP1	TFF
Soffic.05G0007560-5G	FAR1	TFF
Soffic.07G0003720-7H	Top	TFF
Soffic.10G0015870-10A	Orphans	Orphans
Soffic.02G0026700-2B	MADS	TFF
Soffic.03F0004900-3F	zf-fF-X1	TFF
Soffic.09G0004790-9G	AP2-EREBP	TFF
Soffic.08F0001850-8F	FAR1	TFF
Soffic.03G0022740-3F	MYB	TFF
Soffic.03G0034220-3G	C3H	TFF
Soffic.10G0005390-10E	Orphans	Orphans
Soffic.03B0004210-3B	Orphans	Orphans
Soffic.06G0027150-6B	WRKY	TFF
Soffic.05G0008200-5A	CCAAT	TFF
Soffic.03G0020870-3E	C2C2-GATA	TFF
Soffic.02C0016150-2C	OFP	TFF
Soffic.06G0008180-6E	SET	OTR
Soffic.05G0000920-5F	Orphans	Orphans
Soffic.10E0010550-10E	Jumonji	OTR
Soffic.08G0007160-8E	MADS	TFF
Soffic.07G0004180-7G	zf-LSD1	TFF
Soffic.03G0000420-3B	MYB	TFF
Soffic.10G0010360-10D	zf-fF-X1	TFF
Soffic.01G0044790-1H	Orphans	Orphans
Soffic.10F0008180-10F	WRKY	TFF
Soffic.02H0025800-2H	NAC	TFF
Soffic.02D0030640-2D	Orphans	Orphans
Soffic.03F0031980-3F	C2H2	TFF
Soffic.02G0021750-2D	NAC	TFF
Soffic.01C0020280-1C	SWI/SNF-BAF60b	OTR
Soffic.09G0015090-9C	bZIP	TFF
Soffic.09G0019060-9F	WRKY	TFF
Soffic.04E0027420-4E	AP2-EREBP	TFF
Soffic.02F0020070-2F	bHLH	TFF
Soffic.05G0020490-5H	GRAS	TFF
Soffic.01G0018490-1F	TRAF	OTR
Soffic.02G0033060-2B	Top	TFF
Soffic.10G0010180-10D	PBF-2-like	TFF
Soffic.08G0015800-8A	bZIP	TFF
Soffic.05G0019560-5D	PAS	TFF
Soffic.01H0003960-1H	FHA	TFF
Soffic.04G0031560-4E	Orphans	Orphans
Soffic.07G0003610-7E	bHLH	TFF
Soffic.02D0027760-2D	Orphans	Orphans
Soffic.10D0026020-10D	C2H2	TFF
Soffic.06G0007150-6F	zf-BED	TFF
Soffic.04B0010270-4B	Orphans	Orphans
Soffic.02G0026030-2E	CAMTA	TFF
Soffic.02G0018410-2B	ARID	OTR
Soffic.01F0024260-1F	bHLH	TFF
Soffic.01E0022790-1E	Orphans	Orphans
Soffic.04G0022340-4C	NAC	TFF
Soffic.07G0017480-7A	bZIP	TFF
Soffic.10G0009670-10B	G2-like	TFF
Soffic.07E0006170-7E	ABI3VP1	TFF
Soffic.03G0032320-3E	MYB	TFF
Soffic.01G0005240-1C	bZIP	TFF
Soffic.04G0010550-4C	WRKY	TFF
Soffic.04G0013300-4D	TRAF	OTR
Soffic.05G0021300-5C	bZIP	TFF
Soffic.04G0015710-4C	AP2-EREBP	TFF
Soffic.01G0027960-1E	Tify	TFF
Soffic.03G0001210-3D	FAR1	TFF
Soffic.01F0031770-1F	Top	TFF
Soffic.04G0031130-4G	MYB	TFF
Soffic.06G0016570-6A	SBP	TFF
Soffic.03G0023020-3A	C2H2	TFF
Soffic.04G0009710-4A	Orphans	Orphans
Soffic.09E0006560-9E	AUX/IAA	OTR
Soffic.03G0003970-3E	bZIP	TFF
Soffic.04G0024970-4C	GRF	TFF
Soffic.01G0024160-1F	MYB-related	TFF
Soffic.04G0025530-4B	Orphans	Orphans
Soffic.06G0002600-6H	Orphans	Orphans
Soffic.10G0023270-10A	Orphans	Orphans
Soffic.05G0019160-5E	FAR1	TFF
Soffic.03G0010580-3G	MYB	TFF
Soffic.04G0021730-4G	SET	OTR
Soffic.03G0037520-3E	TIG	TFF
Soffic.10G0011660-10B	bZIP	TFF
Soffic.09B0015570-9B	Orphans	Orphans
Soffic.01E0003430-1E	AP2-EREBP	TFF
Soffic.09F0004790-9F	GRAS	TFF
Soffic.02H0003940-2H	TCP	TFF
Soffic.01G0013380-1B	bHLH	TFF
Soffic.01G0055160-1A	SWI/SNF-BAF60b	OTR
Soffic.06G0023630-6G	AUX/IAA	OTR
Soffic.04G0033290-4B	OFP	TFF
Soffic.09G0004060-9G	GRAS	TFF
Soffic.01G0036820-1D	AP2-EREBP	TFF
Soffic.08G0004230-8E	OFP	TFF
Soffic.02G0023900-2G	Orphans	Orphans
Soffic.01G0033800-1D	Orphans	Orphans
Soffic.01H0006610-1H	C2H2	TFF
Soffic.06G0000190-6F	Trihelix	TFF
Soffic.02G0023500-2G	AP2-EREBP	TFF
Soffic.05G0000450-5E	SAP	TFF
Soffic.06E0002460-6E	TCP	TFF
Soffic.03C0027780-3C	AP2-EREBP	TFF
Soffic.03G0003850-3E	bZIP	TFF
Soffic.06G0024730-6B	ARF	TFF
Soffic.09G0022750-9A	AP2-EREBP	TFF
Soffic.02G0019260-2A	zf-BED	TFF
Soffic.03D0021220-3D	C2C2-GATA	TFF
Soffic.05G0021560-5A	C2H2	TFF
Soffic.07G0018270-7H	WRKY	TFF
Soffic.02G0021230-2G	zf-A20	TFF
Soffic.02G0020660-2D	C2C2-Dof	TFF
Soffic.04G0016080-4D	C2H2	TFF
Soffic.09G0021070-9B	zf-HD	TFF
Soffic.01G0024020-1F	WRKY	TFF
Soffic.08G0004730-8C	Orphans	Orphans
Soffic.09G0018450-9B	Orphans	Orphans
Soffic.03G0008410-3F	FAR1	TFF
Soffic.04G0017030-4F	Orphans	Orphans
Soffic.08G0012310-8D	FAR1	TFF
Soffic.10G0006470-10F	MED6	OTR
Soffic.03G0012110-3F	MYB	TFF
Soffic.03G0032740-3A	OFP	TFF
Soffic.01H0023830-1H	TIG	TFF
Soffic.02G0025080-2F	bZIP	TFF
Soffic.03F0013660-3F	AP2-EREBP	TFF
Soffic.02G0009220-2A	C2H2	TFF
Soffic.08G0017880-8C	HB	TFF
Soffic.02G0039210-2B	NAC	TFF
Soffic.02G0014120-2A	AP2-EREBP	TFF
Soffic.06G0017190-6G	HMG	OTR
Soffic.08G0012170-8E	Orphans	Orphans
Soffic.09H0016250-9H	Orphans	Orphans
Soffic.07G0009940-7D	Orphans	Orphans
Soffic.03G0035290-3C	bHLH	TFF
Soffic.03G0039260-3F	C2C2-GATA	TFF
Soffic.10E0019840-10E	SBP	TFF
Soffic.03G0034190-3A	MADS	TFF
Soffic.04G0010770-4B	MYB-related	TFF
Soffic.08G0011810-8A	ABI3VP1	TFF
Soffic.04G0004490-4D	C2H2	TFF
Soffic.01D0015520-1D	TRAF	OTR
Soffic.10G0016650-10G	FAR1	TFF
Soffic.04G0009720-4A	C3H	TFF
Soffic.02G0036170-2H	DDT	OTR
Soffic.08G0010750-8E	MYB	TFF
Soffic.10G0000850-10D	HB	TFF
Soffic.03G0027450-3A	Orphans	Orphans
Soffic.03G0005780-3A	CCAAT	TFF
Soffic.05G0002820-5A	GRAS	TFF
Soffic.02H0012910-2H	SET	OTR
Soffic.02G0031270-2B	Orphans	Orphans
Soffic.02D0033450-2D	CCAAT	TFF
Soffic.01H0004370-1H	NAC	TFF
Soffic.10G0021930-10F	ARF	TFF
Soffic.09G0010790-9D	Orphans	Orphans
Soffic.01G0048460-1C	Top	TFF
Soffic.10F0023100-10F	Orphans	Orphans
Soffic.02G0009850-2H	BES1	TFF
Soffic.09C0016790-9C	AP2-EREBP	TFF
Soffic.01G0023220-1G	bZIP	TFF
Soffic.01G0041550-1G	GNAT	OTR
Soffic.10G0020320-10G	Orphans	Orphans
Soffic.05G0002100-5D	FAR1	TFF
Soffic.06G0012770-6G	C2C2-CO-like	TFF
Soffic.03F0002260-3F	BES1	TFF
Soffic.07G0006770-7B	GNAT	OTR
Soffic.01G0026200-1G	SAP	TFF
Soffic.10G0015850-10C	bHLH	TFF
Soffic.06G0010090-6F	MYB	TFF
Soffic.09G0003130-9D	Top	TFF
Soffic.02G0026770-2H	PHD	OTR
Soffic.06G0013490-6A	MYB	TFF
Soffic.06G0024170-6G	TRAF	OTR
Soffic.01G0022190-1B	TRAF	OTR
Soffic.07G0000310-7D	Orphans	Orphans
Soffic.04E0000070-4E	Orphans	Orphans
Soffic.01H0013920-1H	WRKY	TFF
Soffic.07H0010760-7H	PHD	OTR
Soffic.07G0003080-7G	Top	TFF
Soffic.03G0013710-3B	MYB	TFF
Soffic.03G0001590-3C	C2C2-GATA	TFF
Soffic.05G0008920-5B	Orphans	Orphans
Soffic.01G0003060-1B	GRAS	TFF
Soffic.09G0001550-9H	MYB	TFF
Soffic.06G0001160-6B	FAR1	TFF
Soffic.03G0029150-3F	AP2-EREBP	TFF
Soffic.10G0008420-10C	MED6	OTR
Soffic.08H0011730-8H	TRAF	OTR
Soffic.07G0012720-7C	NAC	TFF
Soffic.02G0004150-2G	CPP	TFF
Soffic.02F0024610-2F	MYB	TFF
Soffic.01E0033650-1E	Orphans	Orphans
Soffic.01G0017100-1C	MYB	TFF
Soffic.05G0016540-5E	Jumonji	OTR
Soffic.08G0013830-8B	bHLH	TFF
Soffic.01G0025150-1C	TRAF	OTR
Soffic.05F0015110-5F	CCAAT	TFF
Soffic.07G0005040-7G	AP2-EREBP	TFF
Soffic.10G0000320-10D	NAC	TFF
Soffic.07G0010440-7C	WRKY	TFF
Soffic.08G0011360-8G	Orphans	Orphans
Soffic.05G0018390-5D	Orphans	Orphans
Soffic.04D0020110-4D	bZIP	TFF
Soffic.09G0015650-9H	bHLH	TFF
Soffic.01G0033720-1F	EIL	TFF
Soffic.01G0031130-1B	GRAS	TFF
Soffic.01G0025160-1E	Orphans	Orphans
Soffic.01G0003040-1A	SBP	TFF
Soffic.10G0023870-10D	TAZ	TFF
Soffic.03G0020130-3A	ABI3VP1	TFF
Soffic.07G0010630-7E	PHD	OTR
Soffic.06B0011880-6B	Orphans	Orphans
Soffic.06B0022980-6B	bHLH	TFF
Soffic.10B0005550-10B	C2H2	TFF
Soffic.02G0008580-2G	Orphans	Orphans
Soffic.02G0012400-2E	SET	OTR
Soffic.06G0000710-6F	GeBP	TFF
Soffic.03G0025220-3C	OFP	TFF
Soffic.07G0012190-7C	Jumonji	OTR
Soffic.01G0022430-1B	C2H2	TFF
Soffic.01G0033430-1F	C3H	TFF
Soffic.02F0001770-2F	zf-BED	TFF
Soffic.03G0034210-3G	C3H	TFF
Soffic.01A0030810-1A	C2H2	TFF
Soffic.03G0029760-3G	C2H2	TFF
Soffic.09G0011480-9C	SRS	TFF
Soffic.08G0009370-8G	Orphans	Orphans
Soffic.01G0035250-1E	bZIP	TFF
Soffic.03G0018030-3A	MADS	TFF
Soffic.01G0015780-1F	Orphans	Orphans
Soffic.01E0039470-1E	MYB-related	TFF
Soffic.09G0016630-9E	TCP	TFF
Soffic.08G0002100-8G	MYB	TFF
Soffic.09G0021990-9E	ARF	TFF
Soffic.03H0019550-3H	MYB-related	TFF
Soffic.01G0001870-1E	NAC	TFF
Soffic.08G0001190-8H	Orphans	Orphans
Soffic.09G0024470-9F	Orphans	Orphans
Soffic.06G0016830-6D	MYB	TFF
Soffic.05G0012240-5E	WRKY	TFF
Soffic.03G0015540-3D	MYB	TFF
Soffic.03D0020610-3D	C3H	TFF
Soffic.04G0013380-4G	Orphans	Orphans
Soffic.01G0039290-1F	C2H2	TFF
Soffic.10G0020850-10G	NAC	TFF
Soffic.07G0005780-7C	AP2-EREBP	TFF
Soffic.05G0004840-5A	AP2-EREBP	TFF
Soffic.10G0011390-10G	PHD	OTR
Soffic.06G0017340-6C	MYB	TFF
Soffic.10G0005600-10B	zf-BED	TFF
Soffic.07G0001910-7F	Orphans	Orphans
Soffic.03D0023170-3D	zf-BED	TFF
Soffic.04G0035080-4G	Jumonji	OTR
Soffic.04G0013160-4G	bZIP	TFF
Soffic.07H0003460-7H	NAC	TFF
Soffic.01G0034380-1A	Tify	TFF
Soffic.06G0016740-6E	bHLH	TFF
Soffic.10G0015920-10B	FAR1	TFF
Soffic.05G0012320-5G	SBP	TFF
Soffic.01E0010410-1E	PHD	OTR
Soffic.02F0002470-2F	TRAF	OTR
Soffic.09G0017410-9A	NOT2_3_5	OTR
Soffic.04G0020980-4A	MYB	TFF
Soffic.02G0017800-2F	bHLH	TFF
Soffic.01G0029120-1G	WRKY	TFF
Soffic.08C0002110-8C	zf-HD	TFF
Soffic.03G0015320-3F	WRKY	TFF
Soffic.01G0031720-1G	MYB-related	TFF
Soffic.05G0001520-5D	NAC	TFF
Soffic.04F0026860-4F	mTERF	OTR
Soffic.02G0034590-2E	MYB	TFF
Soffic.10B0000770-10B	HB	TFF
Soffic.08G0004280-8G	GRAS	TFF
Soffic.10G0011660-10C	PHD	OTR
Soffic.02G0014770-2F	WRKY	TFF
Soffic.09G0001020-9F	GRAS	TFF
Soffic.01G0036160-1C	HSF	TFF
Soffic.04E0006310-4E	MYB-related	TFF
Soffic.06G0001000-6H	MYB-related	TFF
Soffic.04G0027720-4G	SET	OTR
Soffic.03G0000050-3A	TUB	TFF
Soffic.09G0019170-9F	HSF	TFF
Soffic.01B0018120-1B	C2C2-YABBY	TFF
Soffic.01B0022270-1B	TRAF	OTR
Soffic.05G0003550-5B	GRAS	TFF
Soffic.08G0014880-8H	CPP	TFF
Soffic.08G0015170-8D	AUX/IAA	OTR
Soffic.01G0036840-1F	SART-1	OTR
Soffic.06G0023930-6E	MYB	TFF
Soffic.03G0017450-3D	MYB-related	TFF
Soffic.08H0000290-8H	SAP	TFF
Soffic.04G0004440-4A	ARF	TFF
Soffic.01G0038490-1D	SET	OTR
Soffic.10G0015740-10F	Orphans	Orphans
Soffic.02G0035370-2A	MYB	TFF
Soffic.02G0028690-2F	FHA	TFF
Soffic.04G0007050-4B	bZIP	TFF
Soffic.06G0021700-6C	Tify	TFF
Soffic.01F0003730-1F	FAR1	TFF
Soffic.01G0052490-1C	MADS	TFF
Soffic.06D0000380-6D	C3H	TFF
Soffic.07G0018610-7C	mTERF	OTR
Soffic.06G0010980-6A	C2H2	TFF
Soffic.01F0018040-1F	E2F-DP	TFF
Soffic.04F0021470-4F	LIM	TFF
Soffic.05G0013890-5D	RB	OTR
Soffic.07C0016600-7C	bHLH	TFF
Soffic.04G0016520-4D	AP2-EREBP	TFF
Soffic.09G0016600-9D	bZIP	TFF
Soffic.02G0025590-2A	SRS	TFF
Soffic.02F0034460-2F	MYB	TFF
Soffic.03G0038430-3G	Top	TFF
Soffic.07G0016740-7A	bZIP	TFF
Soffic.02F0024030-2F	AP2-EREBP	TFF
Soffic.09G0013620-9D	PHD	OTR
Soffic.04G0018290-4G	MYB-related	TFF
Soffic.03H0035710-3H	mTERF	OTR
Soffic.07G0015640-7D	SET	OTR
Soffic.01H0044610-1H	bHLH	TFF
Soffic.02G0024060-2D	MYB	TFF
Soffic.08G0014290-8H	Orphans	Orphans
Soffic.01G0027660-1G	bHLH	TFF
Soffic.03G0023100-3C	C2C2-Dof	TFF
Soffic.01B0020020-1B	Orphans	Orphans
Soffic.02G0003830-2E	NAC	TFF
Soffic.04G0016340-4F	DDT	OTR
Soffic.07G0017710-7C	MADS	TFF
Soffic.04G0016880-4C	ABI3VP1	TFF
Soffic.03G0038880-3F	AP2-EREBP	TFF
Soffic.01F0012440-1F	MYB	TFF
Soffic.09G0002030-9F	FAR1	TFF
Soffic.01G0038680-1E	NAC	TFF
Soffic.09G0000660-9G	C2H2	TFF
Soffic.02G0030730-2D	GRAS	TFF
Soffic.04G0007470-4A	Top	TFF
Soffic.10G0014400-10F	zf-BED	TFF
Soffic.10G0019390-10G	Orphans	Orphans
Soffic.03G0007090-3A	MYB	TFF
Soffic.03G0024740-3D	C2C2-GATA	TFF
Soffic.03H0022850-3H	MYB	TFF
Soffic.08G0001670-8E	C2H2	TFF
Soffic.02G0031180-2C	C3H	TFF
Soffic.05G0002680-5D	zf-BED	TFF
Soffic.04G0009480-4C	Orphans	Orphans
Soffic.02G0015940-2A	WRKY	TFF
Soffic.09G0020040-9B	TUB	TFF
Soffic.05G0014550-5B	bHLH	TFF
Soffic.10E0011840-10E	WRKY	TFF
Soffic.02G0032830-2E	GRAS	TFF
Soffic.03G0031750-3F	Orphans	Orphans
Soffic.04G0020930-4C	Orphans	Orphans
Soffic.09E0013490-9E	AP2-EREBP	TFF
Soffic.04C0011540-4C	NAC	TFF
Soffic.01G0027040-1F	AP2-EREBP	TFF
Soffic.03G0011280-3E	MADS	TFF
Soffic.10G0019500-10B	MYB-related	TFF
Soffic.09G0021160-9B	MYB-related	TFF
Soffic.10G0010260-10C	AP2-EREBP	TFF
Soffic.07G0006980-7D	HMG	OTR
Soffic.04G0027460-4D	MYB	TFF
Soffic.10G0025060-10F	TRAF	OTR
Soffic.01G0004980-1B	DDT	OTR
Soffic.03E0003070-3E	C3H	TFF
Soffic.03G0018080-3C	WRKY	TFF
Soffic.02G0020680-2E	SBP	TFF
Soffic.03G0003520-3E	Orphans	Orphans
Soffic.01D0012120-1D	FHA	TFF
Soffic.06G0011410-6G	NAC	TFF
Soffic.01G0031460-1D	bZIP	TFF
Soffic.09G0022030-9B	MYB-related	TFF
Soffic.10G0019300-10C	SBP	TFF
Soffic.05H0001770-5H	NAC	TFF
Soffic.04F0028240-4F	GeBP	TFF
Soffic.06C0008320-6C	FHA	TFF
Soffic.10G0006990-10A	C2C2-GATA	TFF
Soffic.02G0036480-2D	DDT	OTR
Soffic.03G0034170-3F	PHD	OTR
Soffic.02G0006010-2C	FAR1	TFF
Soffic.01E0021660-1E	GNAT	OTR
Soffic.06G0025340-6G	Orphans	Orphans
Soffic.06G0025430-6C	PHD	OTR
Soffic.02G0039600-2C	Orphans	Orphans
Soffic.07G0015450-7G	ARID	OTR
Soffic.05G0002130-5E	zf-HD	TFF
Soffic.04G0011750-4G	MYB	TFF
Soffic.06E0008170-6E	AP2-EREBP	TFF
Soffic.07G0012950-7B	NAC	TFF
Soffic.06G0006950-6G	C2H2	TFF
Soffic.01G0043550-1F	AP2-EREBP	TFF
Soffic.03E0020880-3E	MYB-related	TFF
Soffic.09G0008050-9G	GNAT	OTR
Soffic.02C0002400-2C	MADS	TFF
Soffic.05B0000530-5B	SAP	TFF
Soffic.03E0037020-3E	C3H	TFF
Soffic.09G0002670-9F	SAP	TFF
Soffic.01G0041340-1B	FAR1	TFF
Soffic.01G0021400-1H	zf-BED	TFF
Soffic.07G0018570-7A	FHA	TFF
Soffic.04G0027050-4F	NAC	TFF
Soffic.01G0040850-1B	bHLH	TFF
Soffic.07G0014510-7G	MYB	TFF
Soffic.03G0012480-3C	AUX/IAA	OTR
Soffic.10G0017790-10C	bHLH	TFF
Soffic.08F0004890-8F	CCAAT	TFF
Soffic.06H0001970-6H	Orphans	Orphans
Soffic.01G0017010-1A	ABI3VP1	TFF
Soffic.07G0018400-7F	TRAF	OTR
Soffic.07G0001080-7F	FAR1	TFF
Soffic.06G0015110-6H	bHLH	TFF
Soffic.09H0015150-9H	MYB-related	TFF
Soffic.04G0013340-4B	Orphans	Orphans
Soffic.08G0001290-8G	TRAF	OTR
Soffic.03G0017590-3G	MYB-related	TFF
Soffic.02G0031580-2E	C2H2	TFF
Soffic.03G0004680-3A	MYB	TFF
Soffic.01G0011080-1D	WRKY	TFF
Soffic.10H0006570-10H	BSD	TFF
Soffic.03G0009990-3D	NAC	TFF
Soffic.10F0004580-10F	MYB-related	TFF
Soffic.05G0013110-5B	WRKY	TFF
Soffic.05G0009240-5A	MYB	TFF
Soffic.06G0006260-6F	Orphans	Orphans
Soffic.04F0007700-4F	Orphans	Orphans
Soffic.09G0008670-9E	Orphans	Orphans
Soffic.01G0041100-1E	bZIP	TFF
Soffic.01G0004210-1E	bZIP	TFF
Soffic.03E0024930-3E	MADS	TFF
Soffic.01G0018780-1D	MYB	TFF
Soffic.01G0032260-1E	zf-C5HC2	TFF
Soffic.01F0020480-1F	FAR1	TFF
Soffic.04D0005450-4D	bZIP	TFF
Soffic.03G0011510-3B	zf-BED	TFF
Soffic.09G0016490-9A	Orphans	Orphans
Soffic.02G0030960-2F	AP2-EREBP	TFF
Soffic.03G0008730-3H	MYB	TFF
Soffic.01G0029220-1H	Orphans	Orphans
Soffic.08G0012800-8G	C2H2	TFF
Soffic.03H0026390-3H	TCP	TFF
Soffic.01G0042740-1A	Top	TFF
Soffic.03G0020070-3E	zf-BED	TFF
Soffic.01G0036870-1C	Not1	TFF
Soffic.10G0002450-10G	Top	TFF
Soffic.09D0014910-9D	MYB	TFF
Soffic.02G0005040-2G	SAP	TFF
Soffic.05G0021100-5E	AP2-EREBP	TFF
Soffic.02G0024290-2E	HMG	OTR
Soffic.10G0004170-10G	AP2-EREBP	TFF
Soffic.09G0006460-9F	ABI3VP1	TFF
Soffic.01G0051060-1D	BES1	TFF
Soffic.08G0005330-8A	bZIP	TFF
Soffic.08G0003270-8A	WRKY	TFF
Soffic.08G0016180-8B	HB	TFF
Soffic.07G0001940-7C	Top	TFF
Soffic.02H0011650-2H	GRF	TFF
Soffic.01H0012730-1H	WRKY	TFF
Soffic.06G0022940-6A	SBP	TFF
Soffic.03G0020410-3H	C3H	TFF
Soffic.02H0038790-2H	zf-HD	TFF
Soffic.04G0022970-4F	OFP	TFF
Soffic.03G0009640-3C	NAC	TFF
Soffic.05G0017170-5A	MADS	TFF
Soffic.10G0016430-10B	bZIP	TFF
Soffic.04F0009390-4F	NAC	TFF
Soffic.04G0024920-4D	ABI3VP1	TFF
Soffic.07G0019090-7G	NAC	TFF
Soffic.09G0003810-9G	SET	OTR
Soffic.02F0014970-2F	FAR1	TFF
Soffic.05G0016330-5B	AP2-EREBP	TFF
Soffic.03G0037000-3A	SET	OTR
Soffic.05G0019650-5G	PAS	TFF
Soffic.03G0009220-3C	Orphans	Orphans
Soffic.10G0017720-10D	zf-A20	TFF
Soffic.06G0015940-6E	C2C2-GATA	TFF
Soffic.07G0007730-7G	HMG	OTR
Soffic.01B0022390-1B	Orphans	Orphans
Soffic.04G0020530-4D	Orphans	Orphans
Soffic.04E0018330-4E	FAR1	TFF
Soffic.07G0003800-7D	FAR1	TFF
Soffic.07G0001540-7C	bHLH	TFF
Soffic.01G0010460-1C	Orphans	Orphans
Soffic.08G0016240-8H	CCAAT	TFF
Soffic.06G0001190-6C	MYB-related	TFF
Soffic.09G0015780-9E	ABI3VP1	TFF
Soffic.08G0002550-8E	C3H	TFF
Soffic.02G0011230-2E	bZIP	TFF
Soffic.02G0016520-2E	zf-HD	TFF
Soffic.01C0051180-1C	Orphans	Orphans
Soffic.03G0012860-3F	PHD	OTR
Soffic.04G0028830-4G	AP2-EREBP	TFF
Soffic.04G0002970-4B	MED26	OTR
Soffic.09C0023070-9C	C3H	TFF
Soffic.04C0024630-4C	C2C2-Dof	TFF
Soffic.03F0017590-3F	Orphans	Orphans
Soffic.06D0018100-6D	FAR1	TFF
Soffic.01G0011570-1D	bHLH	TFF
Soffic.10G0016770-10C	FAR1	TFF
Soffic.07G0020500-7D	mTERF	OTR
Soffic.07E0018300-7E	AP2-EREBP	TFF
Soffic.03G0002890-3A	ARF	TFF
Soffic.01D0013700-1D	TCP	TFF
Soffic.07G0017710-7D	AP2-EREBP	TFF
Soffic.08G0017240-8A	Orphans	Orphans
Soffic.03G0001540-3A	FAR1	TFF
Soffic.02G0017540-2G	NAC	TFF
Soffic.04G0024370-4D	AP2-EREBP	TFF
Soffic.10G0011470-10D	CCAAT	TFF
Soffic.03G0011200-3A	MADS	TFF
Soffic.08G0016210-8C	TCP	TFF
Soffic.04G0026170-4G	CCAAT	TFF
Soffic.09G0017700-9G	Orphans	Orphans
Soffic.10G0016190-10B	AUX/IAA	OTR
Soffic.02F0031330-2F	Orphans	Orphans
Soffic.07G0009220-7A	SBP	TFF
Soffic.04G0008550-4A	AP2-EREBP	TFF
Soffic.08G0002950-8E	Orphans	Orphans
Soffic.06C0000490-6C	GNAT	OTR
Soffic.03G0021560-3F	C2C2-GATA	TFF
Soffic.03G0030200-3A	OFP	TFF
Soffic.02G0019150-2H	bZIP	TFF
Soffic.10G0022840-10E	PAS	TFF
Soffic.08G0006750-8C	NAC	TFF
Soffic.05G0022250-5B	GRAS	TFF
Soffic.03D0010970-3D	BSD	TFF
Soffic.09G0002430-9E	MYB	TFF
Soffic.06G0008840-6F	MADS	TFF
Soffic.02H0028430-2H	bHLH	TFF
Soffic.06G0016470-6B	bHLH	TFF
Soffic.01F0009680-1F	GNAT	OTR
Soffic.01G0055820-1A	FAR1	TFF
Soffic.01E0018990-1E	C2C2-Dof	TFF
Soffic.01G0003260-1E	mTERF	OTR
Soffic.01E0028940-1E	AP2-EREBP	TFF
Soffic.04H0019300-4H	C2H2	TFF
Soffic.01G0037330-1F	LIM	TFF
Soffic.02G0000310-2D	MYB-related	TFF
Soffic.02G0027100-2B	zf-BED	TFF
Soffic.04G0003390-4F	PBF-2-like	TFF
Soffic.10G0004540-10A	MYB-related	TFF
Soffic.08C0008540-8C	C3H	TFF
Soffic.03G0039500-3C	AP2-EREBP	TFF
Soffic.01C0018720-1C	MADS	TFF
Soffic.02C0017750-2C	MYB	TFF
Soffic.04H0020470-4H	C2C2-CO-like	TFF
Soffic.02F0016670-2F	Jumonji	OTR
Soffic.06G0010820-6A	Orphans	Orphans
Soffic.06G0000570-6G	GeBP	TFF
Soffic.07F0013150-7F	MYB-related	TFF
Soffic.04G0009110-4H	AP2-EREBP	TFF
Soffic.01G0035290-1B	ABI3VP1	TFF
Soffic.08G0004600-8H	MED26	OTR
Soffic.03G0027770-3C	AP2-EREBP	TFF
Soffic.02G0034810-2B	SAP	TFF
Soffic.05G0013280-5C	GRAS	TFF
Soffic.01G0033720-1H	Orphans	Orphans
Soffic.01H0017470-1H	GeBP	TFF
Soffic.01G0011850-1D	HB	TFF
Soffic.02G0035050-2A	MYB	TFF
Soffic.03G0002810-3F	C2H2	TFF
Soffic.02G0025570-2H	C2H2	TFF
Soffic.01G0041930-1E	WRKY	TFF
Soffic.03G0027820-3B	bZIP	TFF
Soffic.03D0019340-3D	GNAT	OTR
Soffic.09G0017840-9G	Orphans	Orphans
Soffic.03E0024100-3E	WRKY	TFF
Soffic.07D0012040-7D	TRAF	OTR
Soffic.10B0017920-10B	ABI3VP1	TFF
Soffic.02G0037840-2B	Orphans	Orphans
Soffic.04G0003800-4E	Orphans	Orphans
Soffic.10G0012360-10A	bHLH	TFF
Soffic.08G0016270-8C	C2H2	TFF
Soffic.03G0031360-3A	MYB	TFF
Soffic.10G0003020-10G	Orphans	Orphans
Soffic.02G0004960-2G	AUX/IAA	OTR
Soffic.07G0006930-7A	Tify	TFF
Soffic.04G0018860-4A	AP2-EREBP	TFF
Soffic.06G0010960-6G	C2H2	TFF
Soffic.04G0019840-4D	MADS	TFF
Soffic.10G0007910-10A	TCP	TFF
Soffic.10G0000990-10B	MYB	TFF
Soffic.01G0045310-1D	Orphans	Orphans
Soffic.06G0022640-6C	Orphans	Orphans
Soffic.08G0000450-8A	SAP	TFF
Soffic.06G0009720-6C	MYB	TFF
Soffic.03D0028600-3D	AP2-EREBP	TFF
Soffic.08G0009190-8F	MYB	TFF
Soffic.02C0015280-2C	Orphans	Orphans
Soffic.07C0016440-7C	TCP	TFF
Soffic.08H0013100-8H	NAC	TFF
Soffic.06G0013600-6D	Trihelix	TFF
Soffic.02G0027790-2H	Orphans	Orphans
Soffic.07G0006530-7A	Orphans	Orphans
Soffic.01G0020180-1B	MYB	TFF
Soffic.02G0021970-2B	GNAT	OTR
Soffic.06H0018640-6H	Orphans	Orphans
Soffic.07G0006680-7A	TUB	TFF
Soffic.02G0018850-2A	zf-HD	TFF
Soffic.01G0046220-1E	NAC	TFF
Soffic.03G0009540-3A	C3H	TFF
Soffic.10G0018770-10F	MYB-related	TFF
Soffic.02H0029380-2H	Orphans	Orphans
Soffic.01G0033920-1G	FAR1	TFF
Soffic.01G0017100-1D	AUX/IAA	OTR
Soffic.08G0000070-8B	Orphans	Orphans
Soffic.04G0010930-4A	MYB	TFF
Soffic.01H0017410-1H	GNAT	OTR
Soffic.05G0005870-5G	MYB	TFF
Soffic.01G0002670-1E	Tify	TFF
Soffic.10G0005530-10F	GRF	TFF
Soffic.03E0020310-3E	Orphans	Orphans
Soffic.07G0000750-7B	NAC	TFF
Soffic.01G0000280-1G	GNAT	OTR
Soffic.03G0033230-3C	SET	OTR
Soffic.10G0005680-10F	Orphans	Orphans
Soffic.09G0010050-9E	bZIP	TFF
Soffic.04G0023330-4G	ARF	TFF
Soffic.08B0009470-8B	FAR1	TFF
Soffic.07F0010650-7F	PHD	OTR
Soffic.06G0003290-6C	MYB	TFF
Soffic.06G0000910-6G	MYB-related	TFF
Soffic.02G0021850-2B	zf-A20	TFF
Soffic.08F0006700-8F	MADS	TFF
Soffic.04B0003700-4B	PBF-2-like	TFF
Soffic.05G0015270-5H	WRKY	TFF
Soffic.02G0012950-2B	BES1	TFF
Soffic.09G0020850-9G	WRKY	TFF
Soffic.01G0026790-1B	bHLH	TFF
Soffic.08G0003900-8B	MYB	TFF
Soffic.07G0000340-7H	bHLH	TFF
Soffic.01G0038360-1A	WRKY	TFF
Soffic.03G0028080-3A	AP2-EREBP	TFF
Soffic.05G0006700-5D	AP2-EREBP	TFF
Soffic.07G0002410-7G	Orphans	Orphans
Soffic.10E0007750-10E	FAR1	TFF
Soffic.04E0024600-4E	CCAAT	TFF
Soffic.02G0022170-2H	NAC	TFF
Soffic.06G0023900-6C	ABI3VP1	TFF
Soffic.03G0011660-3H	MADS	TFF
Soffic.07G0022140-7D	bHLH	TFF
Soffic.01F0034600-1F	MADS	TFF
Soffic.01G0047860-1C	Orphans	Orphans
Soffic.07G0000240-7A	AUX/IAA	OTR
Soffic.02G0018610-2C	Orphans	Orphans
Soffic.01G0041130-1D	Orphans	Orphans
Soffic.01H0006830-1H	HB	TFF
Soffic.05G0011500-5A	C3H	TFF
Soffic.04G0021840-4A	MYB	TFF
Soffic.06G0017450-6E	C2C2-Dof	TFF
Soffic.01F0007970-1F	MYB-related	TFF
Soffic.10G0005120-10A	LIM	TFF
Soffic.02G0019560-2F	bHLH	TFF
Soffic.05C0003780-5C	NAC	TFF
Soffic.07D0022250-7D	MYB	TFF
Soffic.07G0019670-7B	zf-A20	TFF
Soffic.05G0015370-5A	BSD	TFF
Soffic.02G0012480-2A	bZIP	TFF
Soffic.07G0010500-7A	WRKY	TFF
Soffic.01G0011110-1E	WRKY	TFF
Soffic.02G0033280-2D	MADS	TFF
Soffic.01G0017350-1A	AP2-EREBP	TFF
Soffic.09G0017750-9C	Orphans	Orphans
Soffic.07B0006400-7B	TRAF	OTR
Soffic.04G0019550-4F	C2C2-CO-like	TFF
Soffic.03G0037890-3B	Orphans	Orphans
Soffic.07H0011330-7H	RWP-RK	TFF
Soffic.01E0005300-1E	FHA	TFF
Soffic.10G0010030-10G	PBF-2-like	TFF
Soffic.05F0021380-5F	AP2-EREBP	TFF
Soffic.01G0032100-1F	Orphans	Orphans
Soffic.07D0000300-7D	AUX/IAA	OTR
Soffic.04G0028280-4B	bHLH	TFF
Soffic.01G0007080-1G	GNAT	OTR
Soffic.03G0032450-3H	WRKY	TFF
Soffic.04G0025480-4C	zf-HD	TFF
Soffic.04B0006190-4B	NAC	TFF
Soffic.01G0035230-1G	Top	TFF
Soffic.09G0009950-9F	zf-BED	TFF
Soffic.10F0003120-10F	AP2-EREBP	TFF
Soffic.04G0022590-4A	PHD	OTR
Soffic.06G0007830-6B	Orphans	Orphans
Soffic.02E0009200-2E	CCAAT	TFF
Soffic.09G0017250-9E	Orphans	Orphans
Soffic.04H0023250-4H	SET	OTR
Soffic.03G0040320-3C	Orphans	Orphans
Soffic.07G0000620-7A	MADS	TFF
Soffic.10G0007300-10F	Orphans	Orphans
Soffic.10G0011270-10G	bZIP	TFF
Soffic.01G0048900-1B	Top	TFF
Soffic.01G0018570-1B	MYB	TFF
Soffic.10G0009930-10A	C2C2-CO-like	TFF
Soffic.01G0012550-1A	MYB	TFF
Soffic.08G0017880-8D	bZIP	TFF
Soffic.03G0015770-3G	Orphans	Orphans
Soffic.08G0004620-8B	MYB	TFF
Soffic.03G0035290-3D	mTERF	OTR
Soffic.03C0019190-3C	GNAT	OTR
Soffic.04G0020900-4E	AP2-EREBP	TFF
Soffic.08G0004180-8H	FAR1	TFF
Soffic.01G0000360-1F	MYB-related	TFF
Soffic.07E0016350-7E	bZIP	TFF
Soffic.01G0050650-1B	MYB-related	TFF
Soffic.02G0033890-2D	Tify	TFF
Soffic.08G0003720-8G	bZIP	TFF
Soffic.09G0007210-9C	GNAT	OTR
Soffic.03G0036380-3B	G2-like	TFF
Soffic.10C0002850-10C	BBR/BPC	TFF
Soffic.08G0006700-8G	Alfin-like	TFF
Soffic.06G0018000-6A	GRAS	TFF
Soffic.06G0020440-6E	Orphans	Orphans
Soffic.08G0000980-8B	TRAF	OTR
Soffic.03C0024900-3C	C2C2-GATA	TFF
Soffic.04G0020090-4H	bHLH	TFF
Soffic.07G0007530-7H	HMG	OTR
Soffic.08D0012130-8D	bZIP	TFF
Soffic.04B0010400-4B	NAC	TFF
Soffic.01G0040040-1G	HSF	TFF
Soffic.03G0006530-3C	Orphans	Orphans
Soffic.10H0021770-10H	AP2-EREBP	TFF
Soffic.09G0006240-9A	Orphans	Orphans
Soffic.09D0020870-9D	WRKY	TFF
Soffic.03H0036510-3H	SBP	TFF
Soffic.08H0009680-8H	MADS	TFF
Soffic.02G0015710-2B	mTERF	OTR
Soffic.09G0002530-9A	C2H2	TFF
Soffic.04G0029050-4C	AP2-EREBP	TFF
Soffic.05G0012250-5G	Orphans	Orphans
Soffic.07G0012820-7E	NAC	TFF
Soffic.07E0005820-7E	WRKY	TFF
Soffic.07G0005120-7C	NAC	TFF
Soffic.05F0022040-5F	MYB	TFF
Soffic.04G0006460-4G	TUB	TFF
Soffic.09G0019750-9H	Orphans	Orphans
Soffic.02H0007190-2H	WRKY	TFF
Soffic.02G0024970-2B	MYB	TFF
Soffic.03F0002860-3F	TRAF	OTR
Soffic.04G0021830-4A	MYB	TFF
Soffic.03G0005790-3A	CCAAT	TFF
Soffic.02C0006890-2C	PHD	OTR
Soffic.07G0018580-7F	mTERF	OTR
Soffic.03G0007590-3F	MYB	TFF
Soffic.03G0012500-3C	MADS	TFF
Soffic.02G0009250-2H	WRKY	TFF
Soffic.07H0016380-7H	bHLH	TFF
Soffic.01G0029780-1G	WRKY	TFF
Soffic.04H0010110-4H	bZIP	TFF
Soffic.05G0019020-5B	FHA	TFF
Soffic.02G0001130-2E	zf-C5HC2	TFF
Soffic.01D0023370-1D	MYB-related	TFF
Soffic.02G0026030-2B	SET	OTR
Soffic.03D0007180-3D	bZIP	TFF
Soffic.04H0013670-4H	GNAT	OTR
Soffic.03G0029240-3E	SAP	TFF
Soffic.02G0024570-2B	SRS	TFF
Soffic.01G0024080-1A	Orphans	Orphans
Soffic.04H0006970-4H	bZIP	TFF
Soffic.01G0038330-1B	MYB	TFF
Soffic.05G0001410-5G	GRAS	TFF
Soffic.02H0016810-2H	bHLH	TFF
Soffic.10G0015950-10D	C2C2-GATA	TFF
Soffic.03G0027420-3H	Top	TFF
Soffic.04E0013840-4E	C2H2	TFF
Soffic.07H0011340-7H	Orphans	Orphans
Soffic.02G0013400-2A	FAR1	TFF
Soffic.06G0001390-6B	C2H2	TFF
Soffic.03E0035190-3E	SWI/SNF-BAF60b	OTR
Soffic.04F0015650-4F	AP2-EREBP	TFF
Soffic.03G0035890-3C	TIG	TFF
Soffic.08G0018490-8D	TRAF	OTR
Soffic.05C0009590-5C	MYB	TFF
Soffic.03G0002390-3F	Orphans	Orphans
Soffic.04G0027480-4B	mTERF	OTR
Soffic.10G0001840-10B	GRAS	TFF
Soffic.03G0001580-3C	bHLH	TFF
Soffic.04G0035250-4G	MADS	TFF
Soffic.10F0012130-10F	WRKY	TFF
Soffic.01F0010600-1F	CCAAT	TFF
Soffic.05G0020790-5D	GRAS	TFF
Soffic.03G0006940-3C	bHLH	TFF
Soffic.02G0003780-2A	TCP	TFF
Soffic.04G0005750-4B	GNAT	OTR
Soffic.07G0010460-7G	Orphans	Orphans
Soffic.03G0016700-3E	Orphans	Orphans
Soffic.09G0008830-9B	WRKY	TFF
Soffic.05G0016130-5C	C2C2-GATA	TFF
Soffic.01G0009350-1B	AUX/IAA	OTR
Soffic.04G0026950-4H	AP2-EREBP	TFF
Soffic.03G0001820-3D	Orphans	Orphans
Soffic.06G0013480-6A	NAC	TFF
Soffic.07G0007540-7H	ABI3VP1	TFF
Soffic.01G0024610-1C	TRAF	OTR
Soffic.06G0010080-6F	NAC	TFF
Soffic.01G0049430-1A	Orphans	Orphans
Soffic.10G0006880-10B	Orphans	Orphans
Soffic.03G0020480-3A	TRAF	OTR
Soffic.09G0012120-9C	TRAF	OTR
Soffic.01D0006050-1D	WRKY	TFF
Soffic.02G0008450-2C	GNAT	OTR
Soffic.07G0017200-7H	bHLH	TFF
Soffic.03G0016200-3C	Orphans	Orphans
Soffic.07G0003840-7E	FAR1	TFF
Soffic.03G0028630-3H	MYB-related	TFF
Soffic.06G0003330-6F	MYB	TFF
Soffic.01G0024970-1A	TRAF	OTR
Soffic.03G0025040-3F	WRKY	TFF
Soffic.09H0020650-9H	ARF	TFF
Soffic.07H0014330-7H	AP2-EREBP	TFF
Soffic.10G0019380-10H	Top	TFF
Soffic.02H0008240-2H	BBR/BPC	TFF
Soffic.03G0010170-3H	C2C2-Dof	TFF
Soffic.04E0007950-4E	Orphans	Orphans
Soffic.10G0016060-10A	bZIP	TFF
Soffic.06G0007430-6H	Orphans	Orphans
Soffic.03G0029850-3G	C2H2	TFF
Soffic.02G0008590-2G	Orphans	Orphans
Soffic.07H0010320-7H	Orphans	Orphans
Soffic.10C0006380-10C	AP2-EREBP	TFF
Soffic.07G0020540-7E	bHLH	TFF
Soffic.07D0012030-7D	TRAF	OTR
Soffic.07G0013640-7A	FAR1	TFF
Soffic.09H0021090-9H	MYB-related	TFF
Soffic.02G0004140-2E	MYB	TFF
Soffic.05F0009470-5F	WRKY	TFF
Soffic.10G0019160-10H	AP2-EREBP	TFF
Soffic.01G0024220-1H	Orphans	Orphans
Soffic.07G0017870-7E	TRAF	OTR
Soffic.04G0002290-4E	BES1	TFF
Soffic.02G0026670-2B	AP2-EREBP	TFF
Soffic.03G0037370-3B	TRAF	OTR
Soffic.04G0032280-4A	Orphans	Orphans
Soffic.05G0005140-5C	C2C2-Dof	TFF
Soffic.01D0013830-1D	SET	OTR
Soffic.03G0012750-3H	AP2-EREBP	TFF
Soffic.01G0025690-1G	Orphans	Orphans
Soffic.07G0006540-7A	TRAF	OTR
Soffic.10E0012010-10E	C3H	TFF
Soffic.01G0026030-1A	C2C2-Dof	TFF
Soffic.08C0012390-8C	Orphans	Orphans
Soffic.05G0004240-5A	HB	TFF
Soffic.04G0027950-4A	GeBP	TFF
Soffic.10G0000500-10F	ABI3VP1	TFF
Soffic.05G0021940-5E	GRAS	TFF
Soffic.07D0001110-7D	NAC	TFF
Soffic.10G0015060-10E	NAC	TFF
Soffic.09G0005350-9E	WRKY	TFF
Soffic.05G0003440-5D	NAC	TFF
Soffic.01G0024850-1A	TFIID	TFF
Soffic.07G0019790-7A	SBP	TFF
Soffic.02G0026200-2C	RWP-RK	TFF
Soffic.10D0023420-10D	SBP	TFF
Soffic.08E0017430-8E	TFIID	TFF
Soffic.03G0016560-3H	bHLH	TFF
Soffic.03G0022010-3E	GeBP	TFF
Soffic.05G0000100-5C	PAS	TFF
Soffic.06G0021240-6C	AP2-EREBP	TFF
Soffic.07G0014090-7G	NAC	TFF
Soffic.09G0019180-9A	WRKY	TFF
Soffic.07D0018720-7D	Orphans	Orphans
Soffic.07G0004320-7H	AP2-EREBP	TFF
Soffic.02G0024320-2B	HSF	TFF
Soffic.02G0023640-2C	SBP	TFF
Soffic.04B0015190-4B	bHLH	TFF
Soffic.09H0016320-9H	PHD	OTR
Soffic.01G0026510-1C	Tify	TFF
Soffic.10D0005100-10D	CCAAT	TFF
Soffic.10G0016340-10G	MBF1	OTR
Soffic.04G0018440-4H	EIL	TFF
Soffic.01F0006630-1F	Orphans	Orphans
Soffic.06G0010400-6A	NAC	TFF
Soffic.03C0021500-3C	NAC	TFF
Soffic.02G0020330-2B	FAR1	TFF
Soffic.07G0002310-7C	MYB-related	TFF
Soffic.10G0007900-10G	MED6	OTR
Soffic.02G0026700-2E	SBP	TFF
Soffic.03G0003660-3H	MYB	TFF
Soffic.04G0023720-4C	Orphans	Orphans
Soffic.03B0020600-3B	HMG	OTR
Soffic.09G0018340-9D	VOZ	TFF
Soffic.06G0021740-6E	Orphans	Orphans
Soffic.09G0005180-9C	bHLH	TFF
Soffic.06G0021310-6A	Tify	TFF
Soffic.06B0014310-6B	NAC	TFF
Soffic.03G0032300-3H	MYB	TFF
Soffic.07G0006190-7E	AP2-EREBP	TFF
Soffic.08G0005180-8B	zf-HD	TFF
Soffic.02C0018460-2C	WRKY	TFF
Soffic.06H0007690-6H	Alfin-like	TFF
Soffic.09G0013730-9E	bZIP	TFF
Soffic.08H0000280-8H	SAP	TFF
Soffic.09G0005410-9F	AP2-EREBP	TFF
Soffic.02G0002000-2G	FAR1	TFF
Soffic.01G0009270-1E	MADS	TFF
Soffic.03F0027530-3F	BSD	TFF
Soffic.05G0003270-5B	C2H2	TFF
Soffic.07G0003030-7B	NAC	TFF
Soffic.06G0013430-6C	Top	TFF
Soffic.01G0049480-1C	C2C2-Dof	TFF
Soffic.03G0034870-3G	TCP	TFF
Soffic.09G0024480-9A	Orphans	Orphans
Soffic.09G0011500-9C	SET	OTR
Soffic.08G0003160-8A	Orphans	Orphans
Soffic.08D0006680-8D	WRKY	TFF
Soffic.08H0002370-8H	zf-HD	TFF
Soffic.02G0018040-2C	C2H2	TFF
Soffic.01G0037790-1E	Jumonji	OTR
Soffic.10G0016340-10H	C2C2-GATA	TFF
Soffic.09G0007160-9C	AUX/IAA	OTR
Soffic.04G0030310-4A	zf-BED	TFF
Soffic.04G0025100-4E	MYB	TFF
Soffic.07D0004260-7D	CCAAT	TFF
Soffic.01E0043130-1E	C3H	TFF
Soffic.01G0026850-1C	bHLH	TFF
Soffic.08G0018440-8A	MYB	TFF
Soffic.04G0015490-4A	HSF	TFF
Soffic.04G0026840-4C	bHLH	TFF
Soffic.04G0001360-4A	PHD	OTR
Soffic.07G0011790-7A	AP2-EREBP	TFF
Soffic.10E0020690-10E	MYB-related	TFF
Soffic.03G0035230-3A	mTERF	OTR
Soffic.01E0014560-1E	GNAT	OTR
Soffic.08F0002690-8F	GRAS	TFF
Soffic.03B0005730-3B	CCAAT	TFF
Soffic.08G0006860-8D	zf-BED	TFF
Soffic.01G0047050-1B	AP2-EREBP	TFF
Soffic.03G0011120-3C	C2C2-Dof	TFF
Soffic.01G0008530-1A	MYB	TFF
Soffic.03G0015070-3A	Jumonji	OTR
Soffic.03G0017350-3G	CCAAT	TFF
Soffic.02G0012980-2E	AP2-EREBP	TFF
Soffic.03G0001010-3C	AP2-EREBP	TFF
Soffic.08G0000150-8D	SAP	TFF
Soffic.06G0002320-6G	Top	TFF
Soffic.02G0025630-2A	MYB	TFF
Soffic.09G0000190-9E	TCP	TFF
Soffic.05G0020610-5G	C2H2	TFF
Soffic.03H0038730-3H	bHLH	TFF
Soffic.01H0027170-1H	PLATZ	TFF
Soffic.04G0030860-4G	AP2-EREBP	TFF
Soffic.07G0006990-7D	ABI3VP1	TFF
Soffic.06G0017480-6B	AP2-EREBP	TFF
Soffic.05H0001560-5H	GRAS	TFF
Soffic.05G0022730-5A	ABI3VP1	TFF
Soffic.08G0008830-8C	NAC	TFF
Soffic.03G0038360-3G	AP2-EREBP	TFF
Soffic.07G0003670-7B	MYB	TFF
Soffic.10G0020840-10E	TRAF	OTR
Soffic.02G0024510-2B	AUX/IAA	OTR
Soffic.10D0024690-10D	bZIP	TFF
Soffic.09G0019130-9C	HSF	TFF
Soffic.02G0010720-2C	WRKY	TFF
Soffic.05G0009230-5A	WRKY	TFF
Soffic.04G0022130-4E	PLATZ	TFF
Soffic.10G0024750-10D	Orphans	Orphans
Soffic.01G0026320-1C	Pseudo_ARR-B	OTR
Soffic.02G0008060-2H	zf-BED	TFF
Soffic.07G0000110-7B	Orphans	Orphans
Soffic.08G0012680-8H	mTERF	OTR
Soffic.03G0003510-3B	C3H	TFF
Soffic.01H0009880-1H	zf-HD	TFF
Soffic.10G0024360-10B	bHLH	TFF
Soffic.09G0007550-9D	MYB	TFF
Soffic.06G0008770-6E	ARF	TFF
Soffic.03G0033270-3H	GRAS	TFF
Soffic.08G0004050-8G	CCAAT	TFF
Soffic.06G0000420-6C	Trihelix	TFF
Soffic.01H0006700-1H	FAR1	TFF
Soffic.04G0021060-4E	zf-BED	TFF
Soffic.06G0021920-6A	bHLH	TFF
Soffic.04G0022560-4G	NAC	TFF
Soffic.06G0026410-6G	FAR1	TFF
Soffic.09G0017280-9B	AUX/IAA	OTR
Soffic.02G0036530-2E	AP2-EREBP	TFF
Soffic.04G0009550-4G	Orphans	Orphans
Soffic.02G0031430-2C	C2C2-YABBY	TFF
Soffic.01G0034520-1F	AP2-EREBP	TFF
Soffic.01H0024140-1H	GRAS	TFF
Soffic.01G0009540-1G	TCP	TFF
Soffic.02D0017830-2D	bHLH	TFF
Soffic.08G0000960-8C	GRAS	TFF
Soffic.02G0011570-2G	NAC	TFF
Soffic.03G0022330-3G	MYB	TFF
Soffic.06G0012100-6D	zf-BED	TFF
Soffic.07G0007610-7A	TRAF	OTR
Soffic.04G0005520-4C	Orphans	Orphans
Soffic.03G0016730-3D	bHLH	TFF
Soffic.07G0007320-7C	SET	OTR
Soffic.01G0024670-1C	TRAF	OTR
Soffic.06G0023860-6F	C3H	TFF
Soffic.01G0031660-1E	bHLH	TFF
Soffic.01G0046470-1H	MYB	TFF
Soffic.07G0006640-7C	TRAF	OTR
Soffic.05G0004920-5C	NAC	TFF
Soffic.08G0005340-8A	GRAS	TFF
Soffic.07G0016850-7B	bHLH	TFF
Soffic.02G0007510-2D	AUX/IAA	OTR
Soffic.10G0010040-10H	G2-like	TFF
Soffic.04G0017870-4D	AP2-EREBP	TFF
Soffic.01G0026690-1F	MADS	TFF
Soffic.08G0002390-8E	MYB	TFF
Soffic.01G0016640-1F	MYB	TFF
Soffic.07G0001530-7C	bHLH	TFF
Soffic.01G0031180-1G	MYB	TFF
Soffic.10G0013790-10F	bHLH	TFF
Soffic.09G0021010-9E	SET	OTR
Soffic.07G0007740-7G	ABI3VP1	TFF
Soffic.07G0003200-7C	Top	TFF
Soffic.02C0015310-2C	FHA	TFF
Soffic.08G0007430-8D	zf-HD	TFF
Soffic.01G0037120-1E	Orphans	Orphans
Soffic.04E0018340-4E	FAR1	TFF
Soffic.03F0021570-3F	MYB-related	TFF
Soffic.02G0025070-2A	AP2-EREBP	TFF
Soffic.07G0001680-7C	ARF	TFF
Soffic.08G0013880-8G	ABI3VP1	TFF
Soffic.09G0019870-9G	TUB	TFF
Soffic.02E0021820-2E	bHLH	TFF
Soffic.01G0026080-1D	CCAAT	TFF
Soffic.03G0036360-3D	C3H	TFF
Soffic.04G0030270-4F	Orphans	Orphans
Soffic.01G0044360-1A	zf-BED	TFF
Soffic.02D0017240-2D	PHD	OTR
Soffic.01G0034430-1G	AP2-EREBP	TFF
Soffic.09G0017910-9E	Sigma70-like	TFF
Soffic.08G0004700-8B	bHLH	TFF
Soffic.04G0025360-4A	CCAAT	TFF
Soffic.02H0037680-2H	EIL	TFF
Soffic.01F0012190-1F	MADS	TFF
Soffic.09G0006700-9A	FAR1	TFF
Soffic.10G0019550-10G	SBP	TFF
Soffic.03G0005970-3G	MYB	TFF
Soffic.04G0013430-4A	ARID	OTR
Soffic.10G0012700-10F	MYB-related	TFF
Soffic.01G0044180-1A	Orphans	Orphans
Soffic.01G0016910-1A	ABI3VP1	TFF
Soffic.08B0008840-8B	PHD	OTR
Soffic.03F0036330-3F	C3H	TFF
Soffic.01G0003320-1C	C2C2-GATA	TFF
Soffic.03G0033290-3A	C2H2	TFF
Soffic.07G0003150-7H	PHD	OTR
Soffic.10G0019420-10A	ARF	TFF
Soffic.03G0030520-3E	NAC	TFF
Soffic.07G0019320-7G	Pseudo_ARR-B	OTR
Soffic.01G0016510-1A	CPP	TFF
Soffic.01G0011090-1D	bHLH	TFF
Soffic.07G0006220-7D	TRAF	OTR
Soffic.02F0004710-2F	HSF	TFF
Soffic.02E0034290-2E	bZIP	TFF
Soffic.01G0003740-1G	GRAS	TFF
Soffic.02H0031320-2H	GRAS	TFF
Soffic.03C0036790-3C	CCAAT	TFF
Soffic.03G0004690-3A	MYB	TFF
Soffic.01G0004220-1B	Alfin-like	TFF
Soffic.01G0033240-1B	Orphans	Orphans
Soffic.03E0011070-3E	MYB-related	TFF
Soffic.08C0002260-8C	NAC	TFF
Soffic.05G0002570-5F	zf-BED	TFF
Soffic.04G0023160-4B	AP2-EREBP	TFF
Soffic.09B0015890-9B	Orphans	Orphans
Soffic.08H0015350-8H	bZIP	TFF
Soffic.04A0005980-4A	HB	TFF
Soffic.04E0030490-4E	bHLH	TFF
Soffic.08G0009440-8H	MYB	TFF
Soffic.09G0015340-9F	bZIP	TFF
Soffic.01D0018650-1D	GRAS	TFF
Soffic.03G0007990-3H	zf-BED	TFF
Soffic.07G0002520-7D	MYB-related	TFF
Soffic.06G0010660-6B	NAC	TFF
Soffic.03F0030670-3F	TRAF	OTR
Soffic.10G0021070-10E	FAR1	TFF
Soffic.04G0028750-4D	mTERF	OTR
Soffic.03G0035860-3B	Tify	TFF
Soffic.01G0037050-1D	bZIP	TFF
Soffic.02G0032610-2B	C2H2	TFF
Soffic.06F0015870-6F	C2H2	TFF
Soffic.01G0039380-1A	MYB	TFF
Soffic.06H0013570-6H	LIM	TFF
Soffic.05C0006680-5C	MYB	TFF
Soffic.01G0020550-1C	SET	OTR
Soffic.09G0019130-9D	Sigma70-like	TFF
Soffic.04G0008490-4B	MYB-related	TFF
Soffic.08F0015230-8F	zf-LSD1	TFF
Soffic.05G0013050-5C	SBP	TFF
Soffic.10G0022910-10G	C2C2-GATA	TFF
Soffic.03G0027420-3F	NAC	TFF
Soffic.03G0031270-3G	OFP	TFF
Soffic.01G0026320-1D	Tify	TFF
Soffic.01G0007670-1B	MYB-related	TFF
Soffic.07G0015660-7G	PHD	OTR
Soffic.04E0024190-4E	Orphans	Orphans
Soffic.09G0020670-9B	MADS	TFF
Soffic.06G0007110-6A	AP2-EREBP	TFF
Soffic.03G0027200-3H	Orphans	Orphans
Soffic.03G0003890-3E	zf-BED	TFF
Soffic.04A0033600-4A	C2H2	TFF
Soffic.01B0021030-1B	C2C2-GATA	TFF
Soffic.07H0007720-7H	WRKY	TFF
Soffic.03G0034490-3D	NAC	TFF
Soffic.06G0012980-6A	AP2-EREBP	TFF
Soffic.03G0026780-3D	TCP	TFF
Soffic.01G0015930-1B	Jumonji	OTR
Soffic.04G0001100-4E	CSD	TFF
Soffic.03G0033210-3F	CCAAT	TFF
Soffic.02G0033750-2B	zf-BED	TFF
Soffic.02H0031080-2H	HRT	TFF
Soffic.03G0022210-3B	AP2-EREBP	TFF
Soffic.04F0014260-4F	AP2-EREBP	TFF
Soffic.08H0002290-8H	MYB	TFF
Soffic.07B0011200-7B	TRAF	OTR
Soffic.02G0009250-2F	WRKY	TFF
Soffic.04G0026230-4C	Orphans	Orphans
Soffic.06G0010640-6A	GNAT	OTR
Soffic.06G0020690-6A	TRAF	OTR
Soffic.10G0011450-10C	Orphans	Orphans
Soffic.06G0018500-6F	zf-BED	TFF
Soffic.10G0016360-10B	FAR1	TFF
Soffic.01G0047370-1B	AP2-EREBP	TFF
Soffic.02D0015000-2D	AP2-EREBP	TFF
Soffic.10G0015990-10A	bHLH	TFF
Soffic.04G0023400-4E	bHLH	TFF
Soffic.01G0049110-1H	SWI/SNF-BAF60b	OTR
Soffic.01G0046130-1A	Orphans	Orphans
Soffic.03G0035840-3A	mTERF	OTR
Soffic.10G0017180-10D	AP2-EREBP	TFF
Soffic.04G0008920-4H	AUX/IAA	OTR
Soffic.08G0014600-8G	Orphans	Orphans
Soffic.03G0033050-3A	bZIP	TFF
Soffic.07G0002050-7C	Orphans	Orphans
Soffic.03G0030120-3D	NAC	TFF
Soffic.02H0005270-2H	Rcd1-like	OTR
Soffic.01G0006540-1B	Rcd1-like	OTR
Soffic.10G0007760-10A	NAC	TFF
Soffic.07G0004940-7D	zf-BED	TFF
Soffic.01G0014610-1A	HB	TFF
Soffic.02G0000230-2A	MYB	TFF
Soffic.03G0001010-3D	zf-BED	TFF
Soffic.03G0006590-3A	bZIP	TFF
Soffic.10G0007250-10A	MED6	OTR
Soffic.03F0017580-3F	Orphans	Orphans
Soffic.10G0008850-10F	C2C2-CO-like	TFF
Soffic.02G0004710-2G	bHLH	TFF
Soffic.09G0010730-9A	GRAS	TFF
Soffic.10G0021190-10B	AP2-EREBP	TFF
Soffic.09G0000670-9F	C2H2	TFF
Soffic.02H0016160-2H	Jumonji	OTR
Soffic.10G0011140-10B	bZIP	TFF
Soffic.03G0036630-3E	Jumonji	OTR
Soffic.01F0011730-1F	Jumonji	OTR
Soffic.04G0011170-4G	Orphans	Orphans
Soffic.03G0016560-3F	Top	TFF
Soffic.09G0018920-9H	Orphans	Orphans
Soffic.01G0003850-1C	FAR1	TFF
Soffic.04G0030170-4G	GeBP	TFF
Soffic.03G0005080-3G	bHLH	TFF
Soffic.03G0019740-3A	GRAS	TFF
Soffic.08G0008860-8G	NAC	TFF
Soffic.01D0046610-1D	GNAT	OTR
Soffic.02G0009530-2C	BBR/BPC	TFF
Soffic.04G0013650-4B	MADS	TFF
Soffic.04G0031450-4G	bHLH	TFF
Soffic.01G0046600-1C	Orphans	Orphans
Soffic.01F0008300-1F	zf-HD	TFF
Soffic.04G0017380-4D	MADS	TFF
Soffic.01G0037290-1D	WRKY	TFF
Soffic.06G0008390-6C	bHLH	TFF
Soffic.04G0030240-4D	CCAAT	TFF
Soffic.02G0014760-2G	WRKY	TFF
Soffic.03D0017880-3D	mTERF	OTR
Soffic.08G0014550-8A	C2H2	TFF
Soffic.04G0005050-4C	bZIP	TFF
Soffic.09G0019380-9G	MYB	TFF
Soffic.06G0000760-6G	Orphans	Orphans
Soffic.04G0012040-4F	bHLH	TFF
Soffic.02G0039380-2B	EIL	TFF
Soffic.06G0020610-6F	AP2-EREBP	TFF
Soffic.09H0008530-9H	GNAT	OTR
Soffic.02G0015930-2A	WRKY	TFF
Soffic.04G0024110-4B	C2H2	TFF
Soffic.01G0038540-1E	Orphans	Orphans
Soffic.04G0024470-4G	Trihelix	TFF
Soffic.07G0003780-7A	Sigma70-like	TFF
Soffic.04G0025750-4H	C2C2-Dof	TFF
Soffic.09G0006330-9F	Alfin-like	TFF
Soffic.09G0013230-9D	SBP	TFF
Soffic.03G0033390-3H	C2H2	TFF
Soffic.04G0014260-4G	Orphans	Orphans
Soffic.01G0021070-1F	bHLH	TFF
Soffic.01G0016670-1C	FAR1	TFF
Soffic.07H0006860-7H	Top	TFF
Soffic.07G0015820-7C	bZIP	TFF
Soffic.04G0013190-4A	bHLH	TFF
Soffic.03G0027960-3C	SAP	TFF
Soffic.01G0036390-1D	Orphans	Orphans
Soffic.02G0014030-2B	MYB-related	TFF
Soffic.07H0018130-7H	Orphans	Orphans
Soffic.01G0007250-1G	MADS	TFF
Soffic.03G0019450-3F	Top	TFF
Soffic.04G0026160-4H	MYB	TFF
Soffic.09G0012520-9E	AP2-EREBP	TFF
Soffic.09H0022340-9H	NAC	TFF
Soffic.10G0015020-10D	HSF	TFF
Soffic.08G0011460-8C	Orphans	Orphans
Soffic.03G0006140-3E	MYB-related	TFF
Soffic.03G0023770-3G	WRKY	TFF
Soffic.03G0001070-3D	zf-BED	TFF
Soffic.07F0017680-7F	MADS	TFF
Soffic.01D0035530-1D	bHLH	TFF
Soffic.06G0021240-6D	FAR1	TFF
Soffic.02H0019340-2H	Orphans	Orphans
Soffic.02G0009070-2A	Orphans	Orphans
Soffic.02G0023640-2D	HSF	TFF
Soffic.01H0005900-1H	GNAT	OTR
Soffic.03G0024670-3B	AUX/IAA	OTR
Soffic.01G0036180-1B	MYB-related	TFF
Soffic.02G0003670-2B	AP2-EREBP	TFF
Soffic.08F0009280-8F	PHD	OTR
Soffic.03G0035700-3A	Jumonji	OTR
Soffic.04G0011390-4H	Orphans	Orphans
Soffic.04G0029880-4D	GeBP	TFF
Soffic.10G0018960-10F	TRAF	OTR
Soffic.02G0015070-2C	Orphans	Orphans
Soffic.08G0004720-8H	SAP	TFF
Soffic.01G0008360-1E	MYB-related	TFF
Soffic.09H0017590-9H	NAC	TFF
Soffic.01G0022210-1D	MYB	TFF
Soffic.08G0013610-8E	NAC	TFF
Soffic.03G0028090-3A	AP2-EREBP	TFF
Soffic.06G0018490-6F	NAC	TFF
Soffic.01G0021010-1F	Orphans	Orphans
Soffic.01G0020840-1H	E2F-DP	TFF
Soffic.04G0023000-4H	Orphans	Orphans
Soffic.05G0007290-5H	zf-HD	TFF
Soffic.04G0017840-4H	AP2-EREBP	TFF
Soffic.03G0030310-3E	MYB	TFF
Soffic.03G0025100-3A	SWI/SNF-BAF60b	OTR
Soffic.04G0013480-4C	bHLH	TFF
Soffic.04G0001380-4G	PHD	OTR
Soffic.04G0006640-4E	AP2-EREBP	TFF
Soffic.09G0017620-9G	Orphans	Orphans
Soffic.01G0015100-1B	AUX/IAA	OTR
Soffic.03G0003420-3A	MYB-related	TFF
Soffic.02G0007320-2C	FHA	TFF
Soffic.08G0006510-8E	bHLH	TFF
Soffic.04G0025130-4C	GRAS	TFF
Soffic.09G0000690-9A	Orphans	Orphans
Soffic.01G0003510-1C	Orphans	Orphans
Soffic.09G0016340-9G	Orphans	Orphans
Soffic.03G0004030-3F	bZIP	TFF
Soffic.05G0004830-5A	AP2-EREBP	TFF
Soffic.06G0017330-6C	Top	TFF
Soffic.05G0019000-5F	E2F-DP	TFF
Soffic.01G0017970-1H	TRAF	OTR
Soffic.01G0047500-1H	bHLH	TFF
Soffic.10G0015280-10B	HSF	TFF
Soffic.04G0031150-4B	C2C2-GATA	TFF
Soffic.01G0038210-1G	MADS	TFF
Soffic.05G0016750-5F	Orphans	Orphans
Soffic.03G0016150-3H	AP2-EREBP	TFF
Soffic.06H0003560-6H	bZIP	TFF
Soffic.01G0045330-1H	HSF	TFF
Soffic.03A0006230-3A	RWP-RK	TFF
Soffic.05F0021390-5F	AP2-EREBP	TFF
Soffic.02G0037260-2A	AP2-EREBP	TFF
Soffic.01G0003800-1G	mTERF	OTR
Soffic.01H0035640-1H	EIL	TFF
Soffic.03G0001630-3D	bHLH	TFF
Soffic.03G0025070-3C	HB	TFF
Soffic.05G0014630-5E	PAS	TFF
Soffic.04G0027020-4A	MYB	TFF
Soffic.03G0032730-3A	OFP	TFF
Soffic.01H0023840-1H	TIG	TFF
Soffic.09G0002010-9D	bZIP	TFF
Soffic.10G0004420-10E	SET	OTR
Soffic.05G0000900-5E	Orphans	Orphans
Soffic.10G0016600-10B	AP2-EREBP	TFF
Soffic.03G0026570-3B	Orphans	Orphans
Soffic.04D0032710-4D	AUX/IAA	OTR
Soffic.01G0016970-1A	FAR1	TFF
Soffic.07D0019810-7D	TRAF	OTR
Soffic.03E0039230-3E	NAC	TFF
Soffic.01C0038200-1C	OFP	TFF
Soffic.01G0043520-1A	bZIP	TFF
Soffic.09G0021650-9G	WRKY	TFF
Soffic.05G0013460-5H	Orphans	Orphans
Soffic.01F0006350-1F	bZIP	TFF
Soffic.01G0040790-1C	C3H	TFF
Soffic.01G0032510-1C	SWI/SNF-SWI3	OTR
Soffic.02G0022440-2A	zf-BED	TFF
Soffic.06G0013020-6B	NAC	TFF
Soffic.07D0006410-7D	Orphans	Orphans
Soffic.03G0031860-3H	HB	TFF
Soffic.01G0003670-1A	Orphans	Orphans
Soffic.01C0003810-1C	mTERF	OTR
Soffic.09G0020090-9G	C3H	TFF
Soffic.10G0009860-10G	TRAF	OTR
Soffic.03G0018680-3H	Top	TFF
Soffic.08G0000990-8B	GRAS	TFF
Soffic.06G0022070-6D	SWI/SNF-BAF60b	OTR
Soffic.10G0019400-10F	ARF	TFF
Soffic.10G0008740-10C	MADS	TFF
Soffic.04F0006340-4F	C3H	TFF
Soffic.09G0008410-9D	OFP	TFF
Soffic.06G0001490-6A	SET	OTR
Soffic.01E0019770-1E	AP2-EREBP	TFF
Soffic.01G0000190-1F	GeBP	TFF
Soffic.09F0017240-9F	GRAS	TFF
Soffic.01G0036210-1C	MED26	OTR
Soffic.04G0002670-4G	bZIP	TFF
Soffic.09G0020610-9B	WRKY	TFF
Soffic.01G0008980-1D	Orphans	Orphans
Soffic.01E0042990-1E	PHD	OTR
Soffic.06G0000700-6E	MYB-related	TFF
Soffic.09F0016340-9F	Orphans	Orphans
Soffic.03G0031210-3G	NAC	TFF
Soffic.04H0023850-4H	C2C2-Dof	TFF
Soffic.10C0006950-10C	MYB-related	TFF
Soffic.03H0015470-3H	bZIP	TFF
Soffic.10G0004670-10C	TRAF	OTR
Soffic.09G0013550-9H	MED26	OTR
Soffic.05F0016020-5F	NAC	TFF
Soffic.01F0017710-1F	Orphans	Orphans
Soffic.10G0020130-10A	ARF	TFF
Soffic.01G0008630-1D	Orphans	Orphans
Soffic.02G0017220-2B	MYB	TFF
Soffic.09G0007720-9B	MYB	TFF
Soffic.02G0030790-2A	C3H	TFF
Soffic.05G0011190-5C	zf-BED	TFF
Soffic.09G0021110-9D	Orphans	Orphans
Soffic.05G0002780-5G	TRAF	OTR
Soffic.10G0019410-10B	Orphans	Orphans
Soffic.06G0015670-6E	Trihelix	TFF
Soffic.03G0022970-3E	RWP-RK	TFF
Soffic.09G0017600-9C	AUX/IAA	OTR
Soffic.10G0005440-10D	MADS	TFF
Soffic.07C0015870-7C	bZIP	TFF
Soffic.08G0003920-8A	C2H2	TFF
Soffic.03G0024640-3G	WRKY	TFF
Soffic.03H0026050-3H	C2C2-Dof	TFF
Soffic.03G0033890-3H	ARF	TFF
Soffic.06G0010350-6H	GNAT	OTR
Soffic.03F0012880-3F	CCAAT	TFF
Soffic.03G0015640-3H	Jumonji	OTR
Soffic.08F0004870-8F	C2C2-GATA	TFF
Soffic.04G0009880-4G	BES1	TFF
Soffic.02G0008670-2B	MYB-related	TFF
Soffic.08G0013600-8A	mTERF	OTR
Soffic.10F0012000-10F	CPP	TFF
Soffic.08H0007070-8H	FAR1	TFF
Soffic.04G0022640-4F	C2H2	TFF
Soffic.02G0026590-2G	Orphans	Orphans
Soffic.03G0039260-3A	Orphans	Orphans
Soffic.01H0037780-1H	C2H2	TFF
Soffic.02G0035290-2H	HSF	TFF
Soffic.03H0031680-3H	Orphans	Orphans
Soffic.01G0031170-1G	MYB	TFF
Soffic.01G0002860-1H	SBP	TFF
Soffic.05G0008440-5C	Jumonji	OTR
Soffic.03G0024220-3G	Orphans	Orphans
Soffic.08G0013870-8G	Orphans	Orphans
Soffic.02G0025080-2A	AP2-EREBP	TFF
Soffic.10G0017190-10B	C2H2	TFF
Soffic.02H0016290-2H	MYB	TFF
Soffic.04H0000310-4H	MYB-related	TFF
Soffic.02G0011330-2E	MADS	TFF
Soffic.10G0001600-10H	FAR1	TFF
Soffic.08G0001140-8C	C2H2	TFF
Soffic.01B0005930-1B	GNAT	OTR
Soffic.02G0023530-2H	bZIP	TFF
Soffic.05C0002460-5C	WRKY	TFF
Soffic.07G0007070-7C	MADS	TFF
Soffic.01D0028290-1D	ABI3VP1	TFF
Soffic.02G0039290-2B	C3H	TFF
Soffic.04G0005550-4D	zf-BED	TFF
Soffic.03G0038170-3G	AP2-EREBP	TFF
Soffic.09G0006390-9D	AUX/IAA	OTR
Soffic.04G0032900-4B	Orphans	Orphans
Soffic.03G0007100-3C	AP2-EREBP	TFF
Soffic.01G0003660-1G	mTERF	OTR
Soffic.03G0032390-3E	GRAS	TFF
Soffic.08G0014800-8E	TAZ	TFF
Soffic.10G0024790-10C	ARF	TFF
Soffic.02G0023680-2H	AP2-EREBP	TFF
Soffic.02G0032120-2F	C2H2	TFF
Soffic.05G0000200-5B	PAS	TFF
Soffic.04G0007270-4B	bZIP	TFF
Soffic.03G0037430-3D	bHLH	TFF
Soffic.01G0016130-1E	TRAF	OTR
Soffic.01A0031930-1A	ABI3VP1	TFF
Soffic.07C0015950-7C	MYB	TFF
Soffic.05G0006440-5G	ABI3VP1	TFF
Soffic.01G0035470-1H	AP2-EREBP	TFF
Soffic.07G0006250-7D	PHD	OTR
Soffic.02H0031350-2H	C2H2	TFF
Soffic.09G0009890-9H	AP2-EREBP	TFF
Soffic.07G0019660-7C	SWI/SNF-BAF60b	OTR
Soffic.02F0017670-2F	zf-HD	TFF
Soffic.08G0007250-8E	Orphans	Orphans
Soffic.01G0033190-1A	GRAS	TFF
Soffic.06G0009110-6D	MYB	TFF
Soffic.04G0023500-4F	TUB	TFF
Soffic.03G0031440-3F	FAR1	TFF
Soffic.04G0029500-4G	bHLH	TFF
Soffic.03G0000270-3A	AUX/IAA	OTR
Soffic.10G0006850-10A	bZIP	TFF
Soffic.01F0014660-1F	GeBP	TFF
Soffic.03G0026770-3C	G2-like	TFF
Soffic.10G0009460-10B	Orphans	Orphans
Soffic.03G0011960-3C	C2C2-Dof	TFF
Soffic.08G0006650-8G	Orphans	Orphans
Soffic.06G0002580-6G	ABI3VP1	TFF
Soffic.04G0027270-4F	MYB	TFF
Soffic.04G0013620-4B	AP2-EREBP	TFF
Soffic.02G0030660-2D	NAC	TFF
Soffic.01F0006510-1F	MYB-related	TFF
Soffic.06G0000710-6A	Orphans	Orphans
Soffic.01G0049360-1F	Not1	TFF
Soffic.01B0003640-1B	mTERF	OTR
Soffic.03G0002140-3B	NOZZLE	TFF
Soffic.01G0033430-1A	C2H2	TFF
Soffic.03G0009080-3C	bHLH	TFF
Soffic.03G0012720-3F	MED26	OTR
Soffic.01G0027420-1G	Orphans	Orphans
Soffic.05G0001770-5E	NAC	TFF
Soffic.08G0010680-8A	SWI/SNF-BAF60b	OTR
Soffic.01G0034020-1F	WRKY	TFF
Soffic.09A0002870-9A	HB	TFF
Soffic.01C0004600-1C	Alfin-like	TFF
Soffic.02C0018840-2C	CCAAT	TFF
Soffic.04B0024160-4B	GRF	TFF
Soffic.04G0018270-4G	FAR1	TFF
Soffic.01G0004310-1E	NAC	TFF
Soffic.04G0025720-4H	CCAAT	TFF
Soffic.01B0022880-1B	Orphans	Orphans
Soffic.03G0029780-3H	NAC	TFF
Soffic.04G0028460-4G	TRAF	OTR
Soffic.08G0015460-8G	FAR1	TFF
Soffic.01G0024250-1F	bHLH	TFF
Soffic.09G0015020-9C	MYB-related	TFF
Soffic.03G0037190-3D	MYB	TFF
Soffic.10G0011310-10G	FHA	TFF
Soffic.07G0019820-7G	TRAF	OTR
Soffic.04G0029720-4B	MYB	TFF
Soffic.08G0004950-8G	C2H2	TFF
Soffic.04G0023880-4B	AP2-EREBP	TFF
Soffic.03G0024060-3F	Orphans	Orphans
Soffic.02G0035390-2A	MYB	TFF
Soffic.10G0001360-10G	TRAF	OTR
Soffic.06G0005600-6G	Orphans	Orphans
Soffic.02H0010820-2H	bZIP	TFF
Soffic.05G0001600-5B	Orphans	Orphans
Soffic.07G0007630-7C	Orphans	Orphans
Soffic.02G0033650-2A	GRAS	TFF
Soffic.03H0021840-3H	E2F-DP	TFF
Soffic.01G0037550-1C	Jumonji	OTR
Soffic.04G0013410-4D	PHD	OTR
Soffic.10G0001180-10G	AP2-EREBP	TFF
Soffic.05G0021410-5C	MYB	TFF
Soffic.06G0001970-6E	Orphans	Orphans
Soffic.06G0015920-6G	Trihelix	TFF
Soffic.02G0012860-2C	Orphans	Orphans
Soffic.01G0022780-1E	Orphans	Orphans
Soffic.10G0017430-10B	C3H	TFF
Soffic.07G0006420-7G	SET	OTR
Soffic.02G0019690-2B	Orphans	Orphans
Soffic.09G0015840-9F	Orphans	Orphans
Soffic.01D0038640-1D	PHD	OTR
Soffic.01F0003660-1F	C2H2	TFF
Soffic.03G0036860-3D	TIG	TFF
Soffic.03G0032770-3D	bZIP	TFF
Soffic.02G0014790-2F	WRKY	TFF
Soffic.10G0011730-10C	CCAAT	TFF
Soffic.01G0004090-1B	C2H2	TFF
Soffic.01G0025660-1H	PHD	OTR
Soffic.07G0001510-7A	Orphans	Orphans
Soffic.04G0025860-4A	SET	OTR
Soffic.06G0000790-6F	TRAF	OTR
Soffic.03G0001670-3A	bZIP	TFF
Soffic.01G0033860-1H	Not1	TFF
Soffic.04B0003650-4B	AP2-EREBP	TFF
Soffic.09G0023140-9G	Orphans	Orphans
Soffic.03H0037970-3H	GRAS	TFF
Soffic.04G0022670-4D	TCP	TFF
Soffic.03G0013120-3B	MADS	TFF
Soffic.01G0041410-1C	Orphans	Orphans
Soffic.02H0028860-2H	bHLH	TFF
Soffic.08G0004550-8G	SAP	TFF
Soffic.09G0009380-9A	AP2-EREBP	TFF
Soffic.07G0006730-7G	AP2-EREBP	TFF
Soffic.01G0021320-1H	zf-BED	TFF
Soffic.04H0028510-4H	GRF	TFF
Soffic.09G0022070-9G	MYB-related	TFF
Soffic.05H0009120-5H	Sigma70-like	TFF
Soffic.06G0013880-6B	ARF	TFF
Soffic.09G0017350-9E	WRKY	TFF
Soffic.04G0026310-4F	MYB-related	TFF
Soffic.07G0018540-7D	AP2-EREBP	TFF
Soffic.02G0019070-2G	Rcd1-like	OTR
Soffic.04H0015640-4H	HSF	TFF
Soffic.03G0016790-3H	HSF	TFF
Soffic.03G0018400-3C	FAR1	TFF
Soffic.04G0011020-4A	MYB	TFF
Soffic.01F0010110-1F	WRKY	TFF
Soffic.02G0019660-2D	AP2-EREBP	TFF
Soffic.04G0002870-4E	RWP-RK	TFF
Soffic.04G0021810-4C	AP2-EREBP	TFF
Soffic.02G0028690-2A	Orphans	Orphans
Soffic.01G0044920-1G	Orphans	Orphans
Soffic.04G0004440-4F	bZIP	TFF
Soffic.02G0030010-2G	C3H	TFF
Soffic.04G0001110-4A	CSD	TFF
Soffic.01G0015560-1F	FAR1	TFF
Soffic.04G0027880-4A	AP2-EREBP	TFF
Soffic.01E0047280-1E	Orphans	Orphans
Soffic.01G0031210-1F	C2H2	TFF
Soffic.10G0014890-10G	BES1	TFF
Soffic.09G0004920-9H	AP2-EREBP	TFF
Soffic.04G0025520-4G	AP2-EREBP	TFF
Soffic.10G0006300-10F	FAR1	TFF
Soffic.07G0001850-7A	MYB-related	TFF
Soffic.05G0014170-5C	GNAT	OTR
Soffic.06G0005890-6F	Orphans	Orphans
Soffic.09G0000930-9H	GRAS	TFF
Soffic.04G0000390-4E	bHLH	TFF
Soffic.04G0011380-4A	NAC	TFF
Soffic.01G0024980-1A	TRAF	OTR
Soffic.02G0001670-2D	zf-C5HC2	TFF
Soffic.01E0043000-1E	MYB	TFF
Soffic.03F0000720-3F	AP2-EREBP	TFF
Soffic.03G0004250-3D	TRAF	OTR
Soffic.09G0012550-9E	SWI/SNF-BAF60b	OTR
Soffic.02G0023760-2D	zf-BED	TFF
Soffic.04E0006390-4E	C3H	TFF
Soffic.04G0021720-4B	C2C2-CO-like	TFF
Soffic.04G0011160-4A	NAC	TFF
Soffic.02G0017610-2G	zf-HD	TFF
Soffic.10G0009360-10G	LIM	TFF
Soffic.06G0024430-6G	ARF	TFF
Soffic.04F0021500-4F	MYB	TFF
Soffic.03G0025850-3D	HSF	TFF
Soffic.04E0007290-4E	C2C2-GATA	TFF
Soffic.02G0034910-2E	HSF	TFF
Soffic.01G0045830-1H	Jumonji	OTR
Soffic.04G0016710-4E	MYB	TFF
Soffic.09H0014680-9H	AP2-EREBP	TFF
Soffic.05G0017140-5C	WRKY	TFF
Soffic.08G0017480-8G	HB	TFF
Soffic.01G0024580-1A	E2F-DP	TFF
Soffic.07F0011350-7F	TRAF	OTR
Soffic.02G0011150-2A	CCAAT	TFF
Soffic.10G0000200-10G	Orphans	Orphans
Soffic.09H0016070-9H	C2H2	TFF
Soffic.02G0030150-2A	bHLH	TFF
Soffic.08G0004750-8H	MYB	TFF
Soffic.07G0014990-7G	AP2-EREBP	TFF
Soffic.04G0027470-4B	mTERF	OTR
Soffic.01G0043870-1A	MYB	TFF
Soffic.10G0003890-10G	zf-MIZ	OTR
Soffic.05G0018920-5D	MADS	TFF
Soffic.03G0012170-3A	AP2-EREBP	TFF
Soffic.08G0002660-8H	GRAS	TFF
Soffic.01E0040320-1E	SWI/SNF-BAF60b	OTR
Soffic.02G0005990-2B	zf-BED	TFF
Soffic.07G0007930-7A	Orphans	Orphans
Soffic.01G0010470-1B	bHLH	TFF
Soffic.03G0019870-3E	C3H	TFF
Soffic.07G0012000-7A	FAR1	TFF
Soffic.10G0015960-10E	Top	TFF
Soffic.08G0017770-8E	NAC	TFF
Soffic.10G0024150-10A	MYB-related	TFF
Soffic.01H0001950-1H	NAC	TFF
Soffic.10G0002250-10B	NAC	TFF
Soffic.08G0010100-8A	MYB	TFF
Soffic.01D0004650-1D	AP2-EREBP	TFF
Soffic.01G0047340-1G	SWI/SNF-BAF60b	OTR
Soffic.09G0013130-9B	mTERF	OTR
Soffic.07F0003990-7F	FAR1	TFF
Soffic.07G0015670-7A	NAC	TFF
Soffic.10G0000290-10C	OFP	TFF
Soffic.02G0017250-2B	Tify	TFF
Soffic.01G0022170-1B	Orphans	Orphans
Soffic.07G0007680-7A	SET	OTR
Soffic.06G0015610-6E	Orphans	Orphans
Soffic.01G0007060-1F	WRKY	TFF
Soffic.01G0013800-1A	CCAAT	TFF
Soffic.09G0021170-9D	Orphans	Orphans
Soffic.06G0011230-6F	MYB-related	TFF
Soffic.01E0006680-1E	TRAF	OTR
Soffic.08G0015140-8A	FAR1	TFF
Soffic.04G0014490-4B	bHLH	TFF
Soffic.07C0005860-7C	TRAF	OTR
Soffic.10G0006550-10B	DBP	TFF
Soffic.09G0005860-9D	AUX/IAA	OTR
Soffic.02D0004720-2D	MYB	TFF
Soffic.02G0015850-2D	WRKY	TFF
Soffic.02C0004340-2C	C2C2-Dof	TFF
Soffic.09G0011290-9G	CCAAT	TFF
Soffic.07G0003460-7E	C3H	TFF
Soffic.04G0030890-4H	TCP	TFF
Soffic.10G0012710-10B	FAR1	TFF
Soffic.01G0038750-1A	NAC	TFF
Soffic.01E0006530-1E	Orphans	Orphans
Soffic.02G0037720-2A	WRKY	TFF
Soffic.01G0030690-1A	MYB-related	TFF
Soffic.05G0000080-5A	PAS	TFF
Soffic.10G0004450-10E	AP2-EREBP	TFF
Soffic.03G0000720-3G	zf-BED	TFF
Soffic.06G0012220-6F	RWP-RK	TFF
Soffic.03G0030640-3B	HB	TFF
Soffic.04G0002730-4F	HB	TFF
Soffic.01G0024070-1A	Orphans	Orphans
Soffic.03F0013730-3F	WRKY	TFF
Soffic.06G0021440-6G	TRAF	OTR
Soffic.10G0013650-10B	AUX/IAA	OTR
Soffic.06G0001110-6D	GeBP	TFF
Soffic.03G0001850-3C	NOZZLE	TFF
Soffic.08G0004900-8C	MED26	OTR
Soffic.01G0017740-1B	Trihelix	TFF
Soffic.04D0033240-4D	C2H2	TFF
Soffic.04D0004220-4D	PBF-2-like	TFF
Soffic.07G0006040-7A	AP2-EREBP	TFF
Soffic.10G0021770-10A	MYB-related	TFF
Soffic.03D0033060-3D	C2C2-Dof	TFF
Soffic.09H0012890-9H	mTERF	OTR
Soffic.01G0041040-1E	FAR1	TFF
Soffic.06G0017170-6G	RWP-RK	TFF
Soffic.02H0029890-2H	GRAS	TFF
Soffic.08G0012190-8E	Orphans	Orphans
Soffic.02A0006390-2A	PHD	OTR
Soffic.03G0008200-3A	NAC	TFF
Soffic.06G0022080-6D	SWI/SNF-BAF60b	OTR
Soffic.04G0002150-4C	zf-BED	TFF
Soffic.01G0013120-1C	Orphans	Orphans
Soffic.04G0015850-4E	Alfin-like	TFF
Soffic.01G0025280-1E	MYB-related	TFF
Soffic.02G0016450-2A	FAR1	TFF
Soffic.07G0019010-7G	bHLH	TFF
Soffic.01G0016100-1C	TFIID	TFF
Soffic.01G0023710-1H	E2F-DP	TFF
Soffic.10G0023910-10A	C2H2	TFF
Soffic.07B0010170-7B	MBF1	OTR
Soffic.06G0014270-6C	SET	OTR
Soffic.04G0029380-4C	WRKY	TFF
Soffic.07G0001420-7B	bHLH	TFF
Soffic.01G0009320-1B	FAR1	TFF
Soffic.07G0014220-7G	MYB-related	TFF
Soffic.06G0015230-6B	Orphans	Orphans
Soffic.07G0008030-7B	zf-BED	TFF
Soffic.10C0023920-10C	MADS	TFF
Soffic.01H0000040-1H	Orphans	Orphans
Soffic.07F0016940-7F	bZIP	TFF
Soffic.08G0002730-8A	TRAF	OTR
Soffic.03G0004680-3F	Orphans	Orphans
Soffic.01G0029570-1F	zf-LSD1	TFF
Soffic.09G0021480-9F	Trihelix	TFF
Soffic.08G0018050-8G	SET	OTR
Soffic.04E0015380-4E	Orphans	Orphans
Soffic.08G0010580-8D	MYB	TFF
Soffic.04G0025050-4G	GRAS	TFF
Soffic.01F0005710-1F	MYB	TFF
Soffic.07G0018770-7G	mTERF	OTR
Soffic.04F0025290-4F	NAC	TFF
Soffic.04G0009860-4A	bHLH	TFF
Soffic.01C0008020-1C	NAC	TFF
Soffic.07G0012850-7E	MYB	TFF
Soffic.01G0043280-1H	AP2-EREBP	TFF
Soffic.10G0002070-10D	TRAF	OTR
Soffic.03G0005300-3D	bHLH	TFF
Soffic.07G0001610-7D	Orphans	Orphans
Soffic.04G0024340-4A	ARID	OTR
Soffic.02B0027200-2B	GRAS	TFF
Soffic.02E0012810-2E	bZIP	TFF
Soffic.04G0007330-4G	AP2-EREBP	TFF
Soffic.01G0016580-1A	Orphans	Orphans
Soffic.10G0021240-10G	PLATZ	TFF
Soffic.04G0012110-4E	ARID	OTR
Soffic.01E0021200-1E	C2C2-YABBY	TFF
Soffic.04H0023630-4H	AP2-EREBP	TFF
Soffic.08B0010220-8B	Orphans	Orphans
Soffic.04G0013280-4G	MADS	TFF
Soffic.10G0000080-10B	PHD	OTR
Soffic.08G0008020-8A	Alfin-like	TFF
Soffic.04G0006230-4G	C2C2-CO-like	TFF
Soffic.02G0014930-2B	WRKY	TFF
Soffic.04B0015260-4B	SET	OTR
Soffic.05G0005180-5F	MED26	OTR
Soffic.03G0032350-3B	MYB	TFF
Soffic.08G0013440-8A	C2C2-Dof	TFF
Soffic.09G0022820-9G	bHLH	TFF
Soffic.03G0022890-3B	Orphans	Orphans
Soffic.01G0021590-1A	FHA	TFF
Soffic.06G0017740-6E	AP2-EREBP	TFF
Soffic.04G0033960-4D	C2H2	TFF
Soffic.09G0016410-9A	Orphans	Orphans
Soffic.10B0021890-10B	C2C2-GATA	TFF
Soffic.02G0019820-2G	AP2-EREBP	TFF
Soffic.02G0009570-2A	ABI3VP1	TFF
Soffic.03G0025690-3F	Orphans	Orphans
Soffic.02H0000060-2H	NAC	TFF
Soffic.06C0013710-6C	MYB	TFF
Soffic.06G0007900-6C	Orphans	Orphans
Soffic.01E0001990-1E	Orphans	Orphans
Soffic.03B0033340-3B	OFP	TFF
Soffic.01D0006160-1D	AUX/IAA	OTR
Soffic.09G0008330-9B	bHLH	TFF
Soffic.04G0003050-4H	PHD	OTR
Soffic.09G0005320-9E	HMG	OTR
Soffic.07G0003220-7G	MYB-related	TFF
Soffic.02G0031370-2B	NAC	TFF
Soffic.05G0015290-5H	MADS	TFF
Soffic.06G0012200-6B	C2C2-CO-like	TFF
Soffic.01G0026770-1B	bHLH	TFF
Soffic.01G0022860-1B	Orphans	Orphans
Soffic.04G0022320-4A	WRKY	TFF
Soffic.08G0017240-8F	bZIP	TFF
Soffic.03F0007960-3F	TUB	TFF
Soffic.08G0015480-8A	WRKY	TFF
Soffic.10E0005810-10E	ARR-B	TFF
Soffic.08G0003620-8D	DDT	OTR
Soffic.10G0013930-10C	AUX/IAA	OTR
Soffic.08G0003240-8D	WRKY	TFF
Soffic.09G0011670-9E	mTERF	OTR
Soffic.10G0017650-10G	WRKY	TFF
Soffic.07G0016940-7G	AP2-EREBP	TFF
Soffic.07C0006210-7C	Tify	TFF
Soffic.04G0024240-4H	ABI3VP1	TFF
Soffic.07G0016800-7H	ARF	TFF
Soffic.10G0017780-10A	TRAF	OTR
Soffic.08G0000090-8B	PAS	TFF
Soffic.10G0021510-10E	zf-BED	TFF
Soffic.07G0018690-7D	Orphans	Orphans
Soffic.03G0019380-3E	HSF	TFF
Soffic.01D0038400-1D	PAS	TFF
Soffic.01G0000130-1C	NAC	TFF
Soffic.02G0029560-2D	TCP	TFF
Soffic.03G0030420-3H	OFP	TFF
Soffic.02G0033020-2C	Rcd1-like	OTR
Soffic.09G0023340-9A	NAC	TFF
Soffic.07G0012620-7G	TRAF	OTR
Soffic.08G0003170-8G	DDT	OTR
Soffic.05G0001210-5D	WRKY	TFF
Soffic.04G0030480-4B	AP2-EREBP	TFF
Soffic.01G0052240-1B	Trihelix	TFF
Soffic.07G0017030-7G	bHLH	TFF
Soffic.03G0029820-3G	CCAAT	TFF
Soffic.02G0019660-2C	bZIP	TFF
Soffic.04G0005190-4B	SBP	TFF
Soffic.02G0025640-2F	Orphans	Orphans
Soffic.07F0017670-7F	SBP	TFF
Soffic.04H0023070-4H	Trihelix	TFF
Soffic.04F0001920-4F	bZIP	TFF
Soffic.04G0033530-4G	FAR1	TFF
Soffic.02G0019350-2G	NAC	TFF
Soffic.01H0017500-1H	GeBP	TFF
Soffic.08C0016070-8C	ARF	TFF
Soffic.02G0004780-2G	bHLH	TFF
Soffic.04G0005650-4A	Orphans	Orphans
Soffic.04G0016440-4B	NAC	TFF
Soffic.03G0014710-3C	SAP	TFF
Soffic.05G0019290-5B	NAC	TFF
Soffic.03G0020520-3B	WRKY	TFF
Soffic.02H0017210-2H	bHLH	TFF
Soffic.01H0002030-1H	Orphans	Orphans
Soffic.01E0048490-1E	AP2-EREBP	TFF
Soffic.07G0002500-7G	zf-BED	TFF
Soffic.03G0024120-3H	ABI3VP1	TFF
Soffic.07G0013250-7A	zf-A20	TFF
Soffic.10G0000970-10B	ABI3VP1	TFF
Soffic.01G0012700-1D	bHLH	TFF
Soffic.04C0031210-4C	ARR-B	TFF
Soffic.04G0009840-4B	GRAS	TFF
Soffic.01A0022640-1A	Orphans	Orphans
Soffic.01G0033330-1B	GeBP	TFF
Soffic.04G0024830-4F	SET	OTR
Soffic.01G0006060-1A	bZIP	TFF
Soffic.08E0004620-8E	bZIP	TFF
Soffic.02G0018140-2E	PHD	OTR
Soffic.06D0001530-6D	SET	OTR
Soffic.02F0026640-2F	SET	OTR
Soffic.06G0000590-6G	TUB	TFF
Soffic.10F0002650-10F	TRAF	OTR
Soffic.09G0018890-9A	C2C2-Dof	TFF
Soffic.04G0017050-4C	MADS	TFF
Soffic.01G0018020-1E	ABI3VP1	TFF
Soffic.01G0009300-1H	HB	TFF
Soffic.02G0017050-2E	MYB	TFF
Soffic.01G0003580-1C	SBP	TFF
Soffic.07G0013980-7F	SGT1	OTR
Soffic.04G0023520-4B	Orphans	Orphans
Soffic.03F0024590-3F	MYB	TFF
Soffic.01E0048500-1E	AP2-EREBP	TFF
Soffic.02G0012000-2A	C2C2-YABBY	TFF
Soffic.10G0012870-10E	bHLH	TFF
Soffic.02G0021400-2B	CCAAT	TFF
Soffic.05G0019260-5D	C2C2-Dof	TFF
Soffic.02G0021560-2D	bHLH	TFF
Soffic.02G0020280-2G	bHLH	TFF
Soffic.10G0008980-10F	bZIP	TFF
Soffic.01G0014350-1D	CCAAT	TFF
Soffic.08G0001540-8E	TRAF	OTR
Soffic.08G0005840-8A	C2C2-GATA	TFF
Soffic.03G0011160-3E	MYB	TFF
Soffic.07G0013630-7F	FAR1	TFF
Soffic.08B0015180-8B	C2C2-GATA	TFF
Soffic.04C0017580-4C	Jumonji	OTR
Soffic.06H0010900-6H	Orphans	Orphans
Soffic.02G0036430-2F	CCAAT	TFF
Soffic.04G0024390-4D	AP2-EREBP	TFF
Soffic.02G0035490-2B	CAMTA	TFF
Soffic.06G0025620-6G	ABI3VP1	TFF
Soffic.03G0025910-3C	TCP	TFF
Soffic.10G0019050-10G	mTERF	OTR
Soffic.03H0032050-3H	Orphans	Orphans
Soffic.06G0008700-6A	GRAS	TFF
Soffic.06G0010580-6H	bHLH	TFF
Soffic.04G0010680-4F	Orphans	Orphans
Soffic.01H0009160-1H	bHLH	TFF
Soffic.10G0019090-10F	NAC	TFF
Soffic.03G0028080-3F	bHLH	TFF
Soffic.01G0047160-1B	Tify	TFF
Soffic.01G0026980-1D	SWI/SNF-BAF60b	OTR
Soffic.06G0014240-6H	C2C2-GATA	TFF
Soffic.01G0017040-1C	Orphans	Orphans
Soffic.05F0013490-5F	SBP	TFF
Soffic.07G0008730-7D	SWI/SNF-SWI3	OTR
Soffic.06H0015540-6H	RWP-RK	TFF
Soffic.02G0022700-2B	NAC	TFF
Soffic.08G0014210-8F	WRKY	TFF
Soffic.10G0007730-10F	LIM	TFF
Soffic.07D0004720-7D	RWP-RK	TFF
Soffic.04G0010090-4C	zf-BED	TFF
Soffic.10G0010390-10E	bZIP	TFF
Soffic.05G0008650-5G	WRKY	TFF
Soffic.01G0019030-1H	Tify	TFF
Soffic.01G0011590-1D	GRF	TFF
Soffic.01G0016010-1A	Orphans	Orphans
Soffic.01F0017780-1F	AP2-EREBP	TFF
Soffic.01G0037160-1C	Top	TFF
Soffic.01G0014980-1C	bZIP	TFF
Soffic.07G0018710-7G	AP2-EREBP	TFF
Soffic.03F0003540-3F	C2H2	TFF
Soffic.05G0006280-5F	MYB	TFF
Soffic.04G0005130-4G	zf-C5HC2	TFF
Soffic.07G0006260-7E	WRKY	TFF
Soffic.01G0007530-1B	bZIP	TFF
Soffic.05F0013130-5F	zf-BED	TFF
Soffic.10G0025360-10G	C2H2	TFF
Soffic.01G0028350-1G	Orphans	Orphans
Soffic.01B0014590-1B	CCAAT	TFF
Soffic.09G0015560-9E	OFP	TFF
Soffic.04G0014370-4F	C2H2	TFF
Soffic.01G0007680-1B	SWI/SNF-BAF60b	OTR
Soffic.01G0037380-1C	Orphans	Orphans
Soffic.04H0018030-4H	Alfin-like	TFF
Soffic.01G0047140-1A	GRAS	TFF
Soffic.02G0021680-2G	C3H	TFF
Soffic.02G0026340-2E	FAR1	TFF
Soffic.02H0016520-2H	CCAAT	TFF
Soffic.08H0002550-8H	NAC	TFF
Soffic.03G0037640-3E	Top	TFF
Soffic.02G0026710-2A	NAC	TFF
Soffic.02G0005560-2C	PHD	OTR
Soffic.10G0016090-10E	Orphans	Orphans
Soffic.06G0020100-6F	Orphans	Orphans
Soffic.05G0011470-5A	FHA	TFF
Soffic.02G0000210-2C	AP2-EREBP	TFF
Soffic.02F0027850-2F	SBP	TFF
Soffic.08G0003290-8A	WRKY	TFF
Soffic.02G0038120-2E	AP2-EREBP	TFF
Soffic.06G0018950-6B	MYB	TFF
Soffic.06G0014210-6C	MYB-related	TFF
Soffic.07G0020260-7A	Pseudo_ARR-B	OTR
Soffic.07G0007180-7E	Tify	TFF
Soffic.02D0027870-2D	C2C2-Dof	TFF
Soffic.07C0002320-7C	MYB	TFF
Soffic.08G0013260-8F	MYB-related	TFF
Soffic.09G0009550-9A	AP2-EREBP	TFF
Soffic.04G0021150-4E	MYB	TFF
Soffic.09G0007290-9C	NAC	TFF
Soffic.05G0017190-5A	MADS	TFF
Soffic.01G0014580-1C	FAR1	TFF
Soffic.03G0034700-3B	ABI3VP1	TFF
Soffic.03G0025540-3H	OFP	TFF
Soffic.01B0020890-1B	SAP	TFF
Soffic.03G0038740-3E	C2H2	TFF
Soffic.06G0017370-6A	HMG	OTR
Soffic.10F0000460-10F	MYB	TFF
Soffic.01G0034000-1B	mTERF	OTR
Soffic.03B0003560-3B	Orphans	Orphans
Soffic.04G0027390-4F	SWI/SNF-SWI3	OTR
Soffic.01G0029990-1A	PLATZ	TFF
Soffic.01D0010960-1D	Orphans	Orphans
Soffic.10G0018460-10D	mTERF	OTR
Soffic.08G0012150-8B	AP2-EREBP	TFF
Soffic.02G0015510-2C	mTERF	OTR
Soffic.02G0006120-2B	AP2-EREBP	TFF
Soffic.05G0002980-5F	TRAF	OTR
Soffic.04G0022510-4A	AP2-EREBP	TFF
Soffic.03G0020840-3G	WRKY	TFF
Soffic.03E0030080-3E	MYB	TFF
Soffic.08G0004020-8G	FAR1	TFF
Soffic.03G0010890-3G	MYB-related	TFF
Soffic.09G0013920-9F	NAC	TFF
Soffic.10G0015090-10A	FAR1	TFF
Soffic.08G0016830-8A	CCAAT	TFF
Soffic.08G0001270-8G	Orphans	Orphans
Soffic.04C0024090-4C	AP2-EREBP	TFF
Soffic.03B0003960-3B	Orphans	Orphans
Soffic.09G0001810-9A	MYB-related	TFF
Soffic.07G0015940-7F	C2H2	TFF
Soffic.05G0008820-5E	PHD	OTR
Soffic.06G0006440-6F	TIG	TFF
Soffic.09B0000570-9B	FAR1	TFF
Soffic.05F0008650-5F	Alfin-like	TFF
Soffic.05G0011050-5B	AP2-EREBP	TFF
Soffic.01G0024930-1D	TRAF	OTR
Soffic.05H0019820-5H	C2H2	TFF
Soffic.03G0003400-3B	MYB-related	TFF
Soffic.02G0026580-2G	Orphans	Orphans
Soffic.05G0017460-5B	bHLH	TFF
Soffic.02G0033710-2E	Orphans	Orphans
Soffic.09G0003860-9A	Top	TFF
Soffic.03G0017960-3F	mTERF	OTR
Soffic.05G0003900-5F	bZIP	TFF
Soffic.04G0005140-4G	MYB-related	TFF
Soffic.09G0019890-9G	Trihelix	TFF
Soffic.02G0012900-2H	SET	OTR
Soffic.07G0001800-7B	Top	TFF
Soffic.09C0021710-9C	NAC	TFF
Soffic.07G0021710-7D	CCAAT	TFF
Soffic.02H0016280-2H	MYB	TFF
Soffic.04C0028120-4C	mTERF	OTR
Soffic.02G0025090-2A	AP2-EREBP	TFF
Soffic.02G0021540-2G	zf-BED	TFF
Soffic.04G0022040-4C	MYB	TFF
Soffic.10G0008020-10G	GRF	TFF
Soffic.01G0014720-1E	CCAAT	TFF
Soffic.10G0006250-10A	MYB	TFF
Soffic.04G0029620-4H	MYB-related	TFF
Soffic.03G0000870-3A	zf-BED	TFF
Soffic.03G0036230-3G	GRAS	TFF
Soffic.03G0000300-3E	MYB	TFF
Soffic.09G0023380-9C	NAC	TFF
Soffic.09G0015140-9G	AP2-EREBP	TFF
Soffic.04G0009890-4G	BES1	TFF
Soffic.01G0018270-1E	C2H2	TFF
Soffic.03G0012470-3C	bHLH	TFF
Soffic.04G0032650-4C	Orphans	Orphans
Soffic.06D0000520-6D	Orphans	Orphans
Soffic.02H0021880-2H	C3H	TFF
Soffic.04G0004840-4B	MYB-related	TFF
Soffic.03G0021460-3E	NAC	TFF
Soffic.03E0036270-3E	AP2-EREBP	TFF
Soffic.04G0022780-4G	ABI3VP1	TFF
Soffic.04G0024870-4D	MYB-related	TFF
Soffic.08G0018180-8H	SAP	TFF
Soffic.03G0032150-3C	TUB	TFF
Soffic.03G0031030-3E	OFP	TFF
Soffic.02F0003350-2F	C2C2-YABBY	TFF
Soffic.03G0026950-3E	CPP	TFF
Soffic.03G0032680-3G	MADS	TFF
Soffic.01G0005930-1C	bHLH	TFF
Soffic.02F0031830-2F	GNAT	OTR
Soffic.06G0017380-6H	bHLH	TFF
Soffic.03G0011270-3E	MADS	TFF
Soffic.06G0002590-6G	ABI3VP1	TFF
Soffic.07G0002140-7G	zf-BED	TFF
Soffic.02G0005770-2D	TRAF	OTR
Soffic.03G0019710-3C	MYB-related	TFF
Soffic.05C0000340-5C	zf-MIZ	OTR
Soffic.02C0038220-2C	AP2-EREBP	TFF
Soffic.02G0034840-2G	Orphans	Orphans
Soffic.01G0024940-1D	Orphans	Orphans
Soffic.05G0001490-5G	NAC	TFF
Soffic.01G0005150-1G	bHLH	TFF
Soffic.01H0038690-1H	AP2-EREBP	TFF
Soffic.03E0003080-3E	MYB	TFF
Soffic.08G0000040-8G	PAS	TFF
Soffic.03G0024780-3F	MADS	TFF
Soffic.04G0015290-4B	HSF	TFF
Soffic.04G0025240-4B	ARID	OTR
Soffic.08G0016840-8A	GRAS	TFF
Soffic.04G0030520-4F	FAR1	TFF
Soffic.09G0011440-9H	FAR1	TFF
Soffic.06H0002620-6H	Orphans	Orphans
Soffic.03G0018350-3D	OFP	TFF
Soffic.03G0015820-3H	bHLH	TFF
Soffic.09G0005470-9A	Alfin-like	TFF
Soffic.09G0015240-9F	MYB-related	TFF
Soffic.01G0009880-1E	NAC	TFF
Soffic.06G0011210-6C	RWP-RK	TFF
Soffic.01G0039890-1A	MYB	TFF
Soffic.03H0021240-3H	C3H	TFF
Soffic.10G0010120-10D	TRAF	OTR
Soffic.04H0010430-4H	NAC	TFF
Soffic.07G0003300-7D	zf-LSD1	TFF
Soffic.03G0037180-3D	NAC	TFF
Soffic.08G0001930-8E	FAR1	TFF
Soffic.02B0037480-2B	CCAAT	TFF
Soffic.02G0024150-2C	Orphans	Orphans
Soffic.01C0018750-1C	GRAS	TFF
Soffic.08G0006220-8E	WRKY	TFF
Soffic.01G0042220-1B	bZIP	TFF
Soffic.01G0011980-1C	FHA	TFF
Soffic.01D0006210-1D	bZIP	TFF
Soffic.09G0023550-9D	AP2-EREBP	TFF
Soffic.03G0009090-3C	zf-BED	TFF
Soffic.05D0002440-5D	Orphans	Orphans
Soffic.10G0026670-10E	Top	TFF
Soffic.02G0015930-2H	zf-BED	TFF
Soffic.02G0024160-2E	zf-BED	TFF
Soffic.02G0032820-2G	SAP	TFF
Soffic.05F0009500-5F	MYB	TFF
Soffic.02G0035020-2A	bHLH	TFF
Soffic.05G0017100-5E	bHLH	TFF
Soffic.09G0022060-9H	C3H	TFF
Soffic.08G0002520-8E	NAC	TFF
Soffic.02B0012860-2B	Orphans	Orphans
Soffic.02G0014820-2G	TRAF	OTR
Soffic.02G0014780-2F	WRKY	TFF
Soffic.01G0004080-1B	C2H2	TFF
Soffic.08G0004270-8G	bZIP	TFF
Soffic.03G0024350-3G	C2C2-GATA	TFF
Soffic.02G0022360-2F	NAC	TFF
Soffic.04G0003660-4E	PHD	OTR
Soffic.09G0013180-9G	NAC	TFF
Soffic.02G0023510-2D	AP2-EREBP	TFF
Soffic.08G0010610-8F	TRAF	OTR
Soffic.03G0029400-3G	FAR1	TFF
Soffic.01G0026640-1D	FAR1	TFF
Soffic.06G0013000-6A	Orphans	Orphans
Soffic.09G0012210-9E	MED26	OTR
Soffic.03G0032560-3D	MYB	TFF
Soffic.01G0012240-1C	HB	TFF
Soffic.02E0022340-2E	bHLH	TFF
Soffic.03G0032960-3D	OFP	TFF
Soffic.08G0015180-8D	AUX/IAA	OTR
Soffic.06G0025230-6G	C3H	TFF
Soffic.01G0007960-1A	NAC	TFF
Soffic.10G0020330-10E	MADS	TFF
Soffic.07G0018450-7B	mTERF	OTR
Soffic.06G0013860-6D	C2C2-GATA	TFF
Soffic.08G0014870-8H	CPP	TFF
Soffic.10H0020900-10H	MYB-related	TFF
Soffic.06G0009520-6B	NAC	TFF
Soffic.08G0001490-8D	C2H2	TFF
Soffic.03G0009200-3G	C3H	TFF
Soffic.09G0005230-9G	GRAS	TFF
Soffic.03C0004020-3C	bZIP	TFF
Soffic.04G0009410-4C	Orphans	Orphans
Soffic.01D0046940-1D	Orphans	Orphans
Soffic.05G0005030-5E	AUX/IAA	OTR
Soffic.07G0000720-7B	Orphans	Orphans
Soffic.10D0008070-10D	AP2-EREBP	TFF
Soffic.04G0018750-4H	MYB	TFF
Soffic.04G0032600-4G	bHLH	TFF
Soffic.09G0021750-9C	ARF	TFF
Soffic.10E0023170-10E	Orphans	Orphans
Soffic.02G0016810-2E	Orphans	Orphans
Soffic.07D0020980-7D	zf-A20	TFF
Soffic.05G0009550-5C	WRKY	TFF
Soffic.05G0001720-5B	TRAF	OTR
Soffic.01D0029860-1D	Orphans	Orphans
Soffic.04G0023000-4A	C2H2	TFF
Soffic.01G0019820-1D	FAR1	TFF
Soffic.05F0001500-5F	FAR1	TFF
Soffic.03G0030350-3B	Orphans	Orphans
Soffic.01G0045700-1F	C2C2-GATA	TFF
Soffic.08G0005050-8C	C2C2-GATA	TFF
Soffic.04G0015230-4G	FAR1	TFF
Soffic.01G0017970-1A	Jumonji	OTR
Soffic.09H0012050-9H	AUX/IAA	OTR
Soffic.05E0011160-5E	Sigma70-like	TFF
Soffic.04G0022410-4E	C2H2	TFF
Soffic.01G0034800-1E	Orphans	Orphans
Soffic.04G0032300-4E	C3H	TFF
Soffic.08G0001460-8B	FHA	TFF
Soffic.02F0002480-2F	Orphans	Orphans
Soffic.01G0006420-1D	BSD	TFF
Soffic.09G0004950-9A	Top	TFF
Soffic.01G0047470-1F	HB	TFF
Soffic.10G0022020-10F	C3H	TFF
Soffic.08G0003230-8D	SET	OTR
Soffic.01G0033130-1C	GNAT	OTR
Soffic.02G0026690-2B	MADS	TFF
Soffic.09G0016860-9C	WRKY	TFF
Soffic.02G0008970-2G	PHD	OTR
Soffic.05H0008510-5H	AP2-EREBP	TFF
Soffic.01G0025060-1D	GNAT	OTR
Soffic.03E0003510-3E	C2H2	TFF
Soffic.09F0003520-9F	WRKY	TFF
Soffic.01B0047190-1B	Tify	TFF
Soffic.07H0011830-7H	zf-HD	TFF
Soffic.04G0021210-4C	Orphans	Orphans
Soffic.03G0022490-3H	Top	TFF
Soffic.09G0010160-9E	AP2-EREBP	TFF
Soffic.07G0021010-7B	bZIP	TFF
Soffic.01C0004430-1C	C2H2	TFF
Soffic.07G0018150-7G	TRAF	OTR
Soffic.04G0019450-4E	SET	OTR
Soffic.08G0007110-8D	SWI/SNF-BAF60b	OTR
Soffic.02G0011680-2B	GRF	TFF
Soffic.05G0021110-5A	Orphans	Orphans
Soffic.01G0010280-1A	Orphans	Orphans
Soffic.04G0032950-4A	Orphans	Orphans
Soffic.07G0013000-7E	AP2-EREBP	TFF
Soffic.09G0014520-9G	MYB	TFF
Soffic.01G0024990-1A	zf-BED	TFF
Soffic.09G0016140-9F	Orphans	Orphans
Soffic.07G0018930-7C	AP2-EREBP	TFF
Soffic.03G0028350-3A	bZIP	TFF
Soffic.05F0009490-5F	WRKY	TFF
Soffic.04G0016430-4B	C2H2	TFF
Soffic.08G0000730-8A	C2C2-GATA	TFF
Soffic.05G0000250-5A	PAS	TFF
Soffic.04G0025600-4H	C2C2-CO-like	TFF
Soffic.09G0010530-9G	FAR1	TFF
Soffic.04G0010910-4D	C3H	TFF
Soffic.09G0006650-9A	WRKY	TFF
Soffic.05G0008140-5A	Orphans	Orphans
Soffic.10G0004620-10D	mTERF	OTR
Soffic.07F0016530-7F	TCP	TFF
Soffic.04G0004370-4G	PBF-2-like	TFF
Soffic.01G0025920-1E	TFIID	TFF
Soffic.10G0015890-10D	bHLH	TFF
Soffic.02G0029800-2H	Rcd1-like	OTR
Soffic.04G0008740-4E	bZIP	TFF
Soffic.01G0048230-1D	Tify	TFF
Soffic.03G0001750-3E	bZIP	TFF
Soffic.05G0000350-5H	SAP	TFF
Soffic.10H0018030-10H	C3H	TFF
Soffic.01G0040770-1D	SART-1	OTR
Soffic.04G0002540-4G	zf-BED	TFF
Soffic.02G0002830-2F	Tify	TFF
Soffic.06G0001490-6H	FAR1	TFF
Soffic.01G0010160-1H	GeBP	TFF
Soffic.06G0021340-6D	AP2-EREBP	TFF
Soffic.01G0042150-1D	FAR1	TFF
Soffic.04H0030800-4H	MYB	TFF
Soffic.05H0011590-5H	GNAT	OTR
Soffic.02G0003560-2A	MADS	TFF
Soffic.09G0023700-9F	WRKY	TFF
Soffic.07G0016960-7D	C2H2	TFF
Soffic.04E0000080-4E	SWI/SNF-BAF60b	OTR
Soffic.03G0022130-3H	WRKY	TFF
Soffic.01G0031700-1D	AP2-EREBP	TFF
Soffic.10G0014200-10C	Orphans	Orphans
Soffic.07H0010590-7H	zf-HD	TFF
Soffic.07G0003660-7D	MYB-related	TFF
Soffic.01H0035850-1H	bZIP	TFF
Soffic.07F0003580-7F	C3H	TFF
Soffic.01G0000480-1D	ARF	TFF
Soffic.01F0033550-1F	NAC	TFF
Soffic.03G0003100-3G	HMG	OTR
Soffic.01D0008480-1D	bZIP	TFF
Soffic.09G0018390-9F	TCP	TFF
Soffic.03G0013570-3D	AP2-EREBP	TFF
Soffic.01H0042280-1H	NAC	TFF
Soffic.03G0015980-3F	MYB	TFF
Soffic.10G0023500-10G	SBP	TFF
Soffic.06G0025880-6B	C2C2-Dof	TFF
Soffic.09C0013610-9C	MADS	TFF
Soffic.06G0009500-6H	WRKY	TFF
Soffic.10G0005150-10A	ARR-B	TFF
Soffic.08G0006480-8A	NAC	TFF
Soffic.10C0023890-10C	SRS	TFF
Soffic.04G0016900-4G	HSF	TFF
Soffic.10G0020070-10G	PLATZ	TFF
Soffic.01G0002950-1G	Orphans	Orphans
Soffic.01G0031020-1H	WRKY	TFF
Soffic.04G0001280-4G	zf-BED	TFF
Soffic.03D0001480-3D	PHD	OTR
Soffic.02G0038840-2A	zf-HD	TFF
Soffic.08G0012180-8E	TRAF	OTR
Soffic.06G0022530-6F	ABI3VP1	TFF
Soffic.03D0018000-3D	CCAAT	TFF
Soffic.04G0031780-4B	CCAAT	TFF
Soffic.03G0006670-3D	MYB-related	TFF
Soffic.05H0009780-5H	C3H	TFF
Soffic.05G0013460-5A	GNAT	OTR
Soffic.10G0007570-10C	GRF	TFF
Soffic.09G0019600-9F	WRKY	TFF
Soffic.04B0008840-4B	AP2-EREBP	TFF
Soffic.03G0011210-3E	bHLH	TFF
Soffic.01G0030530-1A	MYB-related	TFF
Soffic.09C0006510-9C	MYB-related	TFF
Soffic.07G0006510-7D	CCAAT	TFF
Soffic.01G0018820-1B	C2C2-Dof	TFF
Soffic.09C0022470-9C	bZIP	TFF
Soffic.02H0033060-2H	GRAS	TFF
Soffic.03G0007570-3F	MYB	TFF
Soffic.10E0007190-10E	Orphans	Orphans
Soffic.04G0024810-4D	GRF	TFF
Soffic.09G0006900-9G	zf-BED	TFF
Soffic.04G0000960-4D	zf-BED	TFF
Soffic.04H0023220-4H	SET	OTR
Soffic.03G0040350-3C	zf-BED	TFF
Soffic.01G0045810-1D	TRAF	OTR
Soffic.09G0017430-9C	MYB-related	TFF
Soffic.04A0033750-4A	MYB	TFF
Soffic.06D0005780-6D	Orphans	Orphans
Soffic.03H0001360-3H	BES1	TFF
Soffic.10G0017060-10A	zf-BED	TFF
Soffic.10G0020350-10G	Orphans	Orphans
Soffic.07G0013610-7C	SET	OTR
Soffic.01E0012900-1E	AUX/IAA	OTR
Soffic.06G0017230-6D	MYB-related	TFF
Soffic.02B0023090-2B	MADS	TFF
Soffic.09G0015340-9A	OFP	TFF
Soffic.07G0013320-7A	MYB	TFF
Soffic.09G0009340-9C	Orphans	Orphans
Soffic.03G0037270-3B	GRAS	TFF
Soffic.03C0026110-3C	zf-A20	TFF
Soffic.10G0005030-10F	ARF	TFF
Soffic.08G0015600-8C	zf-LSD1	TFF
Soffic.08G0002450-8H	TRAF	OTR
Soffic.07C0017720-7C	MADS	TFF
Soffic.01G0008760-1D	MYB-related	TFF
Soffic.02G0029690-2G	Orphans	Orphans
Soffic.05G0002970-5A	Orphans	Orphans
Soffic.06G0022090-6D	MYB-related	TFF
Soffic.06G0014550-6C	MYB	TFF
Soffic.01D0032410-1D	C2H2	TFF
Soffic.02G0038170-2B	AP2-EREBP	TFF
Soffic.05G0022020-5E	C2H2	TFF
Soffic.06G0006720-6H	Trihelix	TFF
Soffic.03F0024010-3F	MYB-related	TFF
Soffic.10D0020810-10D	ARF	TFF
Soffic.05G0008950-5B	CCAAT	TFF
Soffic.02G0000130-2G	FHA	TFF
Soffic.09G0022220-9G	FAR1	TFF
Soffic.02G0024810-2E	NAC	TFF
Soffic.09G0001520-9H	C2H2	TFF
Soffic.01G0044360-1F	FAR1	TFF
Soffic.03G0023120-3G	ABI3VP1	TFF
Soffic.03G0034410-3D	PHD	OTR
Soffic.01G0000170-1F	HSF	TFF
Soffic.01G0045810-1C	ABI3VP1	TFF
Soffic.04G0000870-4E	FAR1	TFF
Soffic.04F0024500-4F	Orphans	Orphans
Soffic.04D0010900-4D	Orphans	Orphans
Soffic.02G0022750-2A	C2H2	TFF
Soffic.04E0019470-4E	SET	OTR
Soffic.01G0016990-1A	ABI3VP1	TFF
Soffic.09G0002530-9H	SAP	TFF
Soffic.07G0005390-7E	ABI3VP1	TFF
Soffic.01H0047090-1H	NAC	TFF
Soffic.10G0019510-10F	MYB	TFF
Soffic.09G0009290-9F	AP2-EREBP	TFF
Soffic.01G0040770-1C	Orphans	Orphans
Soffic.02G0023740-2G	zf-A20	TFF
Soffic.08G0014840-8D	Orphans	Orphans
Soffic.04G0027200-4E	MADS	TFF
Soffic.01G0005350-1A	DDT	OTR
Soffic.04H0023990-4H	C3H	TFF
Soffic.08H0010170-8H	LIM	TFF
Soffic.01G0007070-1G	C2H2	TFF
Soffic.01G0042150-1C	C2C2-Dof	TFF
Soffic.06G0006860-6A	Orphans	Orphans
Soffic.01E0001580-1E	Orphans	Orphans
Soffic.10B0012580-10B	PHD	OTR
Soffic.06G0003490-6G	MYB	TFF
Soffic.04G0004190-4F	MADS	TFF
Soffic.01G0019360-1E	MYB	TFF
Soffic.01G0035190-1C	zf-LSD1	TFF
Soffic.01G0049000-1D	C2C2-Dof	TFF
Soffic.02G0005820-2B	PHD	OTR
Soffic.02E0016510-2E	zf-HD	TFF
Soffic.03G0027420-3A	TUB	TFF
Soffic.02G0004670-2D	MYB	TFF
Soffic.10H0009540-10H	NAC	TFF
Soffic.09G0013890-9H	SWI/SNF-BAF60b	OTR
Soffic.02G0007990-2C	TRAF	OTR
Soffic.07G0006030-7A	AP2-EREBP	TFF
Soffic.02E0034210-2E	bHLH	TFF
Soffic.06G0018440-6D	FAR1	TFF
Soffic.05G0016600-5H	zf-BED	TFF
Soffic.04D0033230-4D	Orphans	Orphans
Soffic.04H0003200-4H	Orphans	Orphans
Soffic.02G0036410-2C	MYB	TFF
Soffic.01F0030300-1F	Orphans	Orphans
Soffic.09G0016170-9C	Orphans	Orphans
Soffic.01F0007580-1F	HB	TFF
Soffic.08G0014730-8E	ABI3VP1	TFF
Soffic.09G0005250-9E	C2H2	TFF
Soffic.01G0033380-1G	C2C2-Dof	TFF
Soffic.04G0027700-4C	Orphans	Orphans
Soffic.01G0039380-1F	zf-BED	TFF
Soffic.10G0005230-10G	Orphans	Orphans
Soffic.01G0013040-1G	MYB	TFF
Soffic.10E0010910-10E	C2C2-CO-like	TFF
Soffic.03G0007690-3D	AP2-EREBP	TFF
Soffic.04F0008170-4F	bHLH	TFF
Soffic.09G0002790-9B	MYB	TFF
Soffic.10G0017530-10F	Orphans	Orphans
Soffic.03G0002720-3G	C3H	TFF
Soffic.04G0024650-4A	Orphans	Orphans
Soffic.06G0018900-6A	MYB	TFF
Soffic.07E0020330-7E	MYB	TFF
Soffic.10G0017680-10F	AP2-EREBP	TFF
Soffic.04G0003020-4A	MYB-related	TFF
Soffic.01G0012050-1A	HB	TFF
Soffic.04G0009180-4H	HSF	TFF
Soffic.01G0001030-1G	WRKY	TFF
Soffic.06G0014230-6F	TCP	TFF
Soffic.10D0006660-10D	LIM	TFF
Soffic.07G0011990-7G	MBF1	OTR
Soffic.07D0010930-7D	WRKY	TFF
Soffic.10G0020820-10G	TRAF	OTR
Soffic.01E0015930-1E	bHLH	TFF
Soffic.06G0016360-6G	AP2-EREBP	TFF
Soffic.03G0030450-3A	WRKY	TFF
Soffic.06G0022760-6D	Orphans	Orphans
Soffic.02B0033020-2B	C2H2	TFF
Soffic.03H0019920-3H	HSF	TFF
Soffic.05G0012660-5C	Orphans	Orphans
Soffic.09G0019180-9H	Orphans	Orphans
Soffic.06F0009230-6F	Orphans	Orphans
Soffic.06G0014160-6D	AP2-EREBP	TFF
Soffic.03G0019690-3G	zf-BED	TFF
Soffic.05G0020940-5G	GRAS	TFF
Soffic.05G0010990-5G	bHLH	TFF
Soffic.02G0004640-2F	HSF	TFF
Soffic.10D0008350-10D	bZIP	TFF
Soffic.02G0018100-2C	bHLH	TFF
Soffic.09G0005840-9G	FHA	TFF
Soffic.01G0015970-1G	Orphans	Orphans
Soffic.04G0032140-4B	WRKY	TFF
Soffic.01G0019580-1D	TFIID	TFF
Soffic.03G0006910-3A	AP2-EREBP	TFF
Soffic.03G0001420-3G	bZIP	TFF
Soffic.10G0000350-10D	Orphans	Orphans
Soffic.05D0012920-5D	TUB	TFF
Soffic.07G0014660-7C	AP2-EREBP	TFF
Soffic.04H0002370-4H	bZIP	TFF
Soffic.06G0012800-6B	Orphans	Orphans
Soffic.01H0036710-1H	PHD	OTR
Soffic.03G0031170-3A	C2H2	TFF
Soffic.01B0013790-1B	GNAT	OTR
Soffic.06F0021720-6F	SWI/SNF-BAF60b	OTR
Soffic.01G0022750-1B	TRAF	OTR
Soffic.03G0019010-3B	HSF	TFF
Soffic.07G0009780-7G	WRKY	TFF
Soffic.09D0021690-9D	MADS	TFF
Soffic.09D0011640-9D	AP2-EREBP	TFF
Soffic.02G0016590-2B	zf-BED	TFF
Soffic.05G0004240-5H	GRAS	TFF
Soffic.04G0022090-4A	C2C2-GATA	TFF
Soffic.08G0005050-8D	SAP	TFF
Soffic.03G0023030-3D	MYB	TFF
Soffic.05G0017550-5G	WRKY	TFF
Soffic.02G0039170-2D	FAR1	TFF
Soffic.01G0048550-1F	SWI/SNF-BAF60b	OTR
Soffic.05G0011860-5D	Orphans	Orphans
Soffic.01G0041670-1E	NAC	TFF
Soffic.01F0007070-1F	bHLH	TFF
Soffic.09G0013160-9A	mTERF	OTR
Soffic.01G0042400-1B	C2H2	TFF
Soffic.01G0006420-1C	AUX/IAA	OTR
Soffic.06G0014020-6D	AP2-EREBP	TFF
Soffic.03G0008030-3G	NAC	TFF
Soffic.07G0010860-7D	CCAAT	TFF
Soffic.01G0030300-1G	MYB	TFF
Soffic.01E0033240-1E	AP2-EREBP	TFF
Soffic.01G0031950-1H	PLATZ	TFF
Soffic.09G0020330-9E	MYB-related	TFF
Soffic.10G0019480-10D	AP2-EREBP	TFF
Soffic.05G0010100-5B	AP2-EREBP	TFF
Soffic.10G0001450-10E	SET	OTR
Soffic.04G0017170-4B	E2F-DP	TFF
Soffic.01G0005820-1A	WRKY	TFF
Soffic.06F0016600-6F	FAR1	TFF
Soffic.03F0024580-3F	MYB	TFF
Soffic.06G0016480-6B	bHLH	TFF
Soffic.01G0018740-1F	Orphans	Orphans
Soffic.05G0002200-5B	WRKY	TFF
Soffic.09C0007990-9C	OFP	TFF
Soffic.02G0003660-2D	AP2-EREBP	TFF
Soffic.06G0014500-6G	NAC	TFF
Soffic.10F0004320-10F	LIM	TFF
Soffic.03H0034680-3H	C2H2	TFF
Soffic.01B0003630-1B	mTERF	OTR
Soffic.10G0010190-10C	TRAF	OTR
Soffic.07G0012700-7G	TRAF	OTR
Soffic.03H0034530-3H	C3H	TFF
Soffic.10G0024750-10B	FAR1	TFF
Soffic.09C0023320-9C	MYB-related	TFF
Soffic.07G0011790-7H	ABI3VP1	TFF
Soffic.02D0023500-2D	AP2-EREBP	TFF
Soffic.07G0006690-7F	TRAF	OTR
Soffic.04G0030460-4D	bHLH	TFF
Soffic.07D0013360-7D	NAC	TFF
Soffic.10G0000270-10A	Orphans	Orphans
Soffic.05G0006050-5F	Orphans	Orphans
Soffic.02G0025630-2H	SET	OTR
Soffic.05D0015060-5D	GRF	TFF
Soffic.01G0036060-1E	GRAS	TFF
Soffic.03G0011690-3G	MYB	TFF
Soffic.06G0013860-6C	NAC	TFF
Soffic.01G0011710-1B	FAR1	TFF
Soffic.01H0017480-1H	GeBP	TFF
Soffic.07G0017570-7B	MADS	TFF
Soffic.02G0017660-2F	zf-HD	TFF
Soffic.07G0019990-7G	CCAAT	TFF
Soffic.10G0008550-10G	MADS	TFF
Soffic.03G0037900-3A	NAC	TFF
Soffic.08G0013390-8G	Orphans	Orphans
Soffic.04F0030430-4F	AP2-EREBP	TFF
Soffic.07H0007170-7H	PHD	OTR
Soffic.10G0016440-10D	bZIP	TFF
Soffic.03D0032620-3D	zf-BED	TFF
Soffic.03G0037650-3G	MYB-related	TFF
Soffic.01G0026990-1D	Orphans	Orphans
Soffic.02G0029630-2B	MADS	TFF
Soffic.09G0002760-9D	MYB	TFF
Soffic.03G0016820-3G	C2H2	TFF
Soffic.09G0002250-9D	MYB	TFF
Soffic.04G0030190-4G	WRKY	TFF
Soffic.08G0014890-8A	C2C2-Dof	TFF
Soffic.02H0039400-2H	C2C2-YABBY	TFF
Soffic.03G0036250-3E	AP2-EREBP	TFF
Soffic.03G0000020-3A	GNAT	OTR
Soffic.01G0045230-1F	E2F-DP	TFF
Soffic.03G0003150-3D	MYB-related	TFF
Soffic.08G0013480-8D	Orphans	Orphans
Soffic.01G0009920-1E	ABI3VP1	TFF
Soffic.01G0003640-1D	mTERF	OTR
Soffic.09G0015480-9G	WRKY	TFF
Soffic.04G0008290-4A	HB	TFF
Soffic.03G0017420-3D	Orphans	Orphans
Soffic.02G0020880-2G	CCAAT	TFF
Soffic.02G0020720-2F	bZIP	TFF
Soffic.10G0012110-10A	MADS	TFF
Soffic.09G0005700-9G	bHLH	TFF
Soffic.02G0004000-2E	FAR1	TFF
Soffic.03G0026020-3E	Orphans	Orphans
Soffic.02E0020650-2E	EIL	TFF
Soffic.10G0020820-10H	Orphans	Orphans
Soffic.04G0029440-4B	AP2-EREBP	TFF
Soffic.01G0016540-1D	Orphans	Orphans
Soffic.04G0032440-4G	Orphans	Orphans
Soffic.01G0021010-1A	GeBP	TFF
Soffic.10C0014140-10C	WRKY	TFF
Soffic.08G0003280-8A	SET	OTR
Soffic.01F0005960-1F	ABI3VP1	TFF
Soffic.03G0003300-3A	Orphans	Orphans
Soffic.04G0017780-4E	TRAF	OTR
Soffic.03G0038160-3F	SRS	TFF
Soffic.07G0001470-7E	mTERF	OTR
Soffic.01B0028660-1B	MYB-related	TFF
Soffic.03H0036630-3H	FAR1	TFF
Soffic.01C0017330-1C	Orphans	Orphans
Soffic.02H0012820-2H	bZIP	TFF
Soffic.08G0001600-8A	TRAF	OTR
Soffic.03H0020590-3H	bZIP	TFF
Soffic.05G0013390-5D	bHLH	TFF
Soffic.01G0009800-1A	MADS	TFF
Soffic.04G0019270-4A	Orphans	Orphans
Soffic.03G0037210-3B	FAR1	TFF
Soffic.05G0015650-5D	Orphans	Orphans
Soffic.07G0017080-7B	PAS	TFF
Soffic.04H0023400-4H	AP2-EREBP	TFF
Soffic.01D0015810-1D	GNAT	OTR
Soffic.01E0027150-1E	C2C2-Dof	TFF
Soffic.02F0036280-2F	Orphans	Orphans
Soffic.03G0030770-3D	WRKY	TFF
Soffic.10G0001560-10F	Orphans	Orphans
Soffic.03G0024980-3G	Orphans	Orphans
Soffic.01G0005680-1D	DDT	OTR
Soffic.07H0001130-7H	NAC	TFF
Soffic.06F0014900-6F	NAC	TFF
Soffic.04G0008470-4B	Orphans	Orphans
Soffic.07G0016220-7B	C2H2	TFF
Soffic.05G0009230-5H	Orphans	Orphans
Soffic.02G0035300-2E	NAC	TFF
Soffic.01G0016140-1E	MYB-related	TFF
Soffic.01C0045080-1C	zf-BED	TFF
Soffic.09G0016110-9C	Orphans	Orphans
Soffic.04E0021260-4E	C2C2-YABBY	TFF
Soffic.03G0019980-3B	bZIP	TFF
Soffic.03G0004670-3A	MYB	TFF
Soffic.05C0002650-5C	GRAS	TFF
Soffic.01G0033460-1B	HSF	TFF
Soffic.10H0002890-10H	TRAF	OTR
Soffic.05G0022200-5F	C2H2	TFF
Soffic.04F0015700-4F	bHLH	TFF
Soffic.01G0020890-1C	GNAT	OTR
Soffic.10G0011890-10H	bZIP	TFF
Soffic.09G0023230-9F	C2C2-GATA	TFF
Soffic.09G0005130-9H	C2C2-GATA	TFF
Soffic.03G0023610-3D	Orphans	Orphans
Soffic.02G0016020-2E	MYB	TFF
Soffic.09G0011750-9A	AP2-EREBP	TFF
Soffic.03E0010650-3E	C2C2-Dof	TFF
Soffic.07F0011400-7F	RWP-RK	TFF
Soffic.03D0037670-3D	G2-like	TFF
Soffic.01G0007010-1G	SWI/SNF-BAF60b	OTR
Soffic.04G0021620-4F	C2C2-YABBY	TFF
Soffic.05F0000780-5F	MYB-related	TFF
Soffic.01A0036980-1A	Orphans	Orphans
Soffic.02H0003840-2H	MYB	TFF
Soffic.06G0020030-6A	AP2-EREBP	TFF
Soffic.04G0024130-4G	MYB	TFF
Soffic.09G0020010-9G	ARF	TFF
Soffic.10G0019280-10G	Orphans	Orphans
Soffic.01G0045130-1G	Orphans	Orphans
Soffic.03G0019630-3B	GRAS	TFF
Soffic.04G0018530-4E	C2C2-CO-like	TFF
Soffic.03G0036840-3G	bHLH	TFF
Soffic.05G0010930-5B	bZIP	TFF
Soffic.08G0002060-8C	MYB	TFF
Soffic.04G0020120-4G	MYB	TFF
Soffic.10G0004180-10G	AUX/IAA	OTR
Soffic.01D0024750-1D	GeBP	TFF
Soffic.01G0041000-1D	Sigma70-like	TFF
Soffic.03G0035330-3A	AP2-EREBP	TFF
Soffic.06G0016950-6A	bHLH	TFF
Soffic.04E0019410-4E	SET	OTR
Soffic.01G0029980-1A	bHLH	TFF
Soffic.01G0030360-1E	GRAS	TFF
Soffic.05G0017900-5C	MADS	TFF
Soffic.07E0006150-7E	ABI3VP1	TFF
Soffic.10G0014320-10G	NAC	TFF
Soffic.01G0033070-1G	C2H2	TFF
Soffic.08G0014010-8H	TAZ	TFF
Soffic.03G0036320-3B	NAC	TFF
Soffic.01G0037150-1B	MYB-related	TFF
Soffic.04G0034230-4A	C3H	TFF
Soffic.04G0016680-4A	C2H2	TFF
Soffic.07G0015170-7B	AP2-EREBP	TFF
Soffic.01G0042180-1D	FAR1	TFF
Soffic.10G0015310-10A	bZIP	TFF
Soffic.02G0022030-2B	EIL	TFF
Soffic.08G0016420-8G	TFIID	TFF
Soffic.06F0008800-6F	AP2-EREBP	TFF
Soffic.01G0041970-1G	AP2-EREBP	TFF
Soffic.02H0029570-2H	Orphans	Orphans
Soffic.06G0001730-6A	Orphans	Orphans
Soffic.01G0025000-1A	zf-BED	TFF
Soffic.03H0019080-3H	zf-LSD1	TFF
Soffic.09H0015110-9H	OFP	TFF
Soffic.10C0004040-10C	FAR1	TFF
Soffic.01G0012990-1H	Orphans	Orphans
Soffic.07H0012380-7H	SET	OTR
Soffic.03E0026310-3E	OFP	TFF
Soffic.06G0024530-6C	CCAAT	TFF
Soffic.04G0023120-4D	LIM	TFF
Soffic.07E0014830-7E	PLATZ	TFF
Soffic.04G0002460-4G	SWI/SNF-BAF60b	OTR
Soffic.08G0017820-8D	MYB	TFF
Soffic.09G0008010-9G	AUX/IAA	OTR
Soffic.08G0017440-8E	C2C2-GATA	TFF
Soffic.09G0020160-9G	AP2-EREBP	TFF
Soffic.07G0007240-7H	NAC	TFF
Soffic.07G0002400-7D	bHLH	TFF
Soffic.04G0012410-4G	Orphans	Orphans
Soffic.01G0040340-1G	FAR1	TFF
Soffic.10G0015550-10C	HB	TFF
Soffic.04G0023370-4E	TUB	TFF
Soffic.03G0035820-3D	mTERF	OTR
Soffic.03G0035440-3E	AP2-EREBP	TFF
Soffic.08C0003460-8C	C2H2	TFF
Soffic.04G0002190-4D	bZIP	TFF
Soffic.01G0021280-1H	Orphans	Orphans
Soffic.03G0025700-3A	AP2-EREBP	TFF
Soffic.10G0003970-10G	bHLH	TFF
Soffic.02G0027410-2D	PHD	OTR
Soffic.04G0022950-4H	C2H2	TFF
Soffic.03G0031710-3F	CCAAT	TFF
Soffic.01G0046660-1F	TRAF	OTR
Soffic.03G0037810-3E	MYB-related	TFF
Soffic.02G0031760-2B	C2C2-YABBY	TFF
Soffic.10G0007290-10C	bHLH	TFF
Soffic.10G0017330-10F	WRKY	TFF
Soffic.01G0030190-1B	OFP	TFF
Soffic.07F0018360-7F	Orphans	Orphans
Soffic.07H0017630-7H	Pseudo_ARR-B	OTR
Soffic.03G0021650-3B	MYB	TFF
Soffic.05G0020340-5G	AP2-EREBP	TFF
Soffic.06G0025850-6B	Top	TFF
Soffic.09G0002410-9G	SAP	TFF
Soffic.04G0020110-4G	NAC	TFF
Soffic.09G0002170-9B	C2H2	TFF
Soffic.03G0032490-3A	bZIP	TFF
Soffic.08E0005150-8E	C2C2-GATA	TFF
Soffic.03G0006390-3F	AP2-EREBP	TFF
Soffic.09H0012080-9H	Orphans	Orphans
Soffic.04E0023070-4E	GNAT	OTR
Soffic.03G0011380-3B	AUX/IAA	OTR
Soffic.09G0018640-9F	C2C2-GATA	TFF
Soffic.02G0029430-2D	GRAS	TFF
Soffic.06C0010930-6C	zf-BED	TFF
Soffic.01C0041130-1C	MYB	TFF
Soffic.04G0014630-4A	Orphans	Orphans
Soffic.04G0032100-4C	bHLH	TFF
Soffic.09H0007600-9H	MADS	TFF
Soffic.02G0035680-2D	HSF	TFF
Soffic.07D0016030-7D	AP2-EREBP	TFF
Soffic.04G0008400-4H	bHLH	TFF
Soffic.04F0008120-4F	AP2-EREBP	TFF
Soffic.01G0017290-1A	Orphans	Orphans
Soffic.08G0016250-8D	TCP	TFF
Soffic.01G0033980-1G	LIM	TFF
Soffic.05G0022440-5C	GRAS	TFF
Soffic.05G0009580-5C	WRKY	TFF
Soffic.07E0012590-7E	MYB	TFF
Soffic.01G0000710-1A	Sigma70-like	TFF
Soffic.02G0013410-2B	GRAS	TFF
Soffic.06G0004610-6G	FAR1	TFF
Soffic.01G0040190-1C	SET	OTR
Soffic.09G0009940-9C	GRAS	TFF
Soffic.02G0008290-2G	Orphans	Orphans
Soffic.02G0026360-2A	Orphans	Orphans
Soffic.07G0016900-7A	MYB	TFF
Soffic.06G0014350-6C	WRKY	TFF
Soffic.04G0001840-4E	C2C2-GATA	TFF
Soffic.07G0003600-7A	Top	TFF
Soffic.07C0018030-7C	NAC	TFF
Soffic.03G0016810-3G	C3H	TFF
Soffic.07D0017940-7D	bHLH	TFF
Soffic.02G0031090-2B	Orphans	Orphans
Soffic.02G0013240-2D	Orphans	Orphans
Soffic.02G0023290-2D	bHLH	TFF
Soffic.07G0014490-7C	zf-HD	TFF
Soffic.04C0023360-4C	LIM	TFF
Soffic.10G0012340-10G	TRAF	OTR
Soffic.02G0032440-2A	C2H2	TFF
Soffic.02H0008540-2H	TRAF	OTR
Soffic.01G0005870-1A	AUX/IAA	OTR
Soffic.09G0015940-9A	bHLH	TFF
Soffic.02F0001750-2F	zf-BED	TFF
Soffic.09G0012590-9E	MADS	TFF
Soffic.05G0016610-5B	Orphans	Orphans
Soffic.09D0019210-9D	Orphans	Orphans
Soffic.01E0033670-1E	Orphans	Orphans
Soffic.06G0002110-6F	Top	TFF
Soffic.09G0011150-9F	C2C2-GATA	TFF
Soffic.09G0021890-9E	OFP	TFF
Soffic.09G0011420-9D	CCAAT	TFF
Soffic.01G0011810-1C	FAR1	TFF
Soffic.01G0025170-1C	TRAF	OTR
Soffic.04G0023030-4G	NAC	TFF
Soffic.03G0015420-3E	Orphans	Orphans
Soffic.03G0035350-3D	AP2-EREBP	TFF
Soffic.07G0018360-7G	mTERF	OTR
Soffic.03G0025890-3D	WRKY	TFF
Soffic.01G0018160-1B	C2C2-YABBY	TFF
Soffic.10G0008450-10B	bZIP	TFF
Soffic.01G0046780-1C	Orphans	Orphans
Soffic.04G0030320-4H	Orphans	Orphans
Soffic.10B0007790-10B	GRF	TFF
Soffic.01E0009160-1E	WRKY	TFF
Soffic.07G0017130-7H	EIL	TFF
Soffic.04G0024350-4C	PLATZ	TFF
Soffic.07G0008670-7E	WRKY	TFF
Soffic.05E0004780-5E	Orphans	Orphans
Soffic.02G0024350-2E	NAC	TFF
Soffic.10G0004230-10A	C2H2	TFF
Soffic.01G0035210-1E	OFP	TFF
Soffic.08G0001650-8E	TRAF	OTR
Soffic.10G0012100-10F	MADS	TFF
Soffic.06G0025200-6A	CCAAT	TFF
Soffic.10F0023830-10F	C2H2	TFF
Soffic.07G0000630-7C	Orphans	Orphans
Soffic.06G0008740-6G	Orphans	Orphans
Soffic.01H0038340-1H	LIM	TFF
Soffic.06G0004370-6E	TUB	TFF
Soffic.04G0027980-4F	AP2-EREBP	TFF
Soffic.03G0030460-3G	HB	TFF
Soffic.02G0030170-2F	NAC	TFF
Soffic.06G0015960-6F	GRAS	TFF
Soffic.06G0013030-6G	NAC	TFF
Soffic.03H0011570-3H	MYB	TFF
Soffic.03G0003360-3C	AUX/IAA	OTR
Soffic.01F0041910-1F	Orphans	Orphans
Soffic.01F0019900-1F	C2C2-Dof	TFF
Soffic.10G0010430-10B	PBF-2-like	TFF
Soffic.01G0011130-1G	GRF	TFF
Soffic.01A0036380-1A	Orphans	Orphans
Soffic.02D0024030-2D	Pseudo_ARR-B	OTR
Soffic.01G0048630-1H	AP2-EREBP	TFF
Soffic.01G0051630-1E	FAR1	TFF
Soffic.01G0030550-1C	MYB-related	TFF
Soffic.05G0005040-5B	Pseudo_ARR-B	OTR
Soffic.10G0013500-10E	Orphans	Orphans
Soffic.10G0000640-10A	ABI3VP1	TFF
Soffic.01B0022250-1B	TRAF	OTR
Soffic.04G0017730-4G	C2H2	TFF
Soffic.03G0019020-3B	OFP	TFF
Soffic.01H0033700-1H	MYB-related	TFF
Soffic.05G0004610-5H	AP2-EREBP	TFF
Soffic.04C0024920-4C	C3H	TFF
Soffic.08G0015420-8F	AP2-EREBP	TFF
Soffic.06G0016500-6E	GRAS	TFF
Soffic.05G0021800-5C	AP2-EREBP	TFF
Soffic.09G0001480-9E	Orphans	Orphans
Soffic.07G0007270-7C	Orphans	Orphans
Soffic.03G0007490-3B	AP2-EREBP	TFF
Soffic.02G0015840-2A	FAR1	TFF
Soffic.01G0047200-1F	FHA	TFF
Soffic.05G0002740-5E	Orphans	Orphans
Soffic.07G0020800-7C	SWI/SNF-SWI3	OTR
Soffic.01G0025110-1C	Orphans	Orphans
Soffic.04G0003150-4G	MYB-related	TFF
Soffic.06G0027060-6B	ABI3VP1	TFF
Soffic.02G0009230-2D	C2C2-YABBY	TFF
Soffic.04G0009150-4F	Orphans	Orphans
Soffic.02G0010450-2F	MYB	TFF
Soffic.04G0022160-4F	AP2-EREBP	TFF
Soffic.09F0002470-9F	AP2-EREBP	TFF
Soffic.09G0000460-9F	C2C2-Dof	TFF
Soffic.02G0001200-2E	MYB	TFF
Soffic.05G0008940-5G	AP2-EREBP	TFF
Soffic.01G0006410-1C	MYB	TFF
Soffic.06G0014010-6D	AP2-EREBP	TFF
Soffic.03G0012250-3G	MED26	OTR
Soffic.04G0003930-4C	PBF-2-like	TFF
Soffic.09G0022190-9A	C2C2-GATA	TFF
Soffic.02G0003930-2E	MADS	TFF
Soffic.08G0017530-8A	Orphans	Orphans
Soffic.10G0017940-10H	Orphans	Orphans
Soffic.03G0001230-3A	PHD	OTR
Soffic.10G0008820-10G	bHLH	TFF
Soffic.09G0018990-9H	WRKY	TFF
Soffic.04G0013060-4A	WRKY	TFF
Soffic.01G0007440-1A	Rcd1-like	OTR
Soffic.01G0020420-1G	bHLH	TFF
Soffic.01F0026480-1F	Orphans	Orphans
Soffic.08G0005670-8A	SAP	TFF
Soffic.07G0006370-7C	TRAF	OTR
Soffic.08G0008140-8E	RWP-RK	TFF
Soffic.10G0022800-10A	C2H2	TFF
Soffic.02G0038090-2D	bZIP	TFF
Soffic.02G0010030-2G	AP2-EREBP	TFF
Soffic.09G0020460-9B	bZIP	TFF
Soffic.01B0010670-1B	C2H2	TFF
Soffic.03G0018020-3D	WRKY	TFF
Soffic.07G0002590-7D	C2H2	TFF
Soffic.07G0013310-7A	MYB	TFF
Soffic.09G0023070-9D	Orphans	Orphans
Soffic.04G0024630-4D	C2H2	TFF
Soffic.10G0009140-10E	Orphans	Orphans
Soffic.02G0032680-2E	CCAAT	TFF
Soffic.05G0002210-5H	zf-BED	TFF
Soffic.01E0045120-1E	Top	TFF
Soffic.02G0019720-2A	AP2-EREBP	TFF
Soffic.09C0013830-9C	NAC	TFF
Soffic.07G0013830-7D	MYB	TFF
Soffic.06G0012550-6H	MYB	TFF
Soffic.05E0019820-5E	Orphans	Orphans
Soffic.04G0021450-4G	Orphans	Orphans
Soffic.08G0005510-8C	MYB	TFF
Soffic.08G0016120-8B	HB	TFF
Soffic.05G0020870-5B	C2C2-GATA	TFF
Soffic.10G0017150-10B	Orphans	Orphans
Soffic.01G0022610-1A	Orphans	Orphans
Soffic.07G0001840-7D	Orphans	Orphans
Soffic.07G0018950-7A	TRAF	OTR
Soffic.05G0004430-5E	TUB	TFF
Soffic.02G0032930-2E	Orphans	Orphans
Soffic.09G0014120-9A	MADS	TFF
Soffic.04G0024980-4D	GRAS	TFF
Soffic.09G0018420-9B	Orphans	Orphans
Soffic.07G0001230-7C	TRAF	OTR
Soffic.07G0012970-7B	MYB	TFF
Soffic.04G0011770-4G	MYB	TFF
Soffic.03G0002080-3H	Orphans	Orphans
Soffic.03G0032500-3A	C2H2	TFF
Soffic.01D0032420-1D	C2H2	TFF
Soffic.06G0000380-6G	C3H	TFF
Soffic.08G0007790-8C	RWP-RK	TFF
Soffic.06G0007450-6D	GRAS	TFF
Soffic.03E0003050-3E	MYB-related	TFF
Soffic.06G0007120-6F	AP2-EREBP	TFF
Soffic.01G0036970-1D	OFP	TFF
Soffic.01F0018460-1F	TRAF	OTR
Soffic.04G0014090-4F	Orphans	Orphans
Soffic.01G0002780-1H	Orphans	Orphans
Soffic.09G0013760-9F	MED26	OTR
Soffic.10G0017270-10E	ARR-B	TFF
Soffic.07G0017370-7B	AP2-EREBP	TFF
Soffic.09G0002470-9G	Sigma70-like	TFF
Soffic.07G0002220-7C	C3H	TFF
Soffic.05G0012260-5H	CCAAT	TFF
Soffic.04G0010520-4C	WRKY	TFF
Soffic.06G0014300-6G	ARF	TFF
Soffic.06G0011690-6A	MYB-related	TFF
Soffic.07G0012850-7B	TCP	TFF
Soffic.02B0002010-2B	WRKY	TFF
Soffic.10G0002580-10A	Top	TFF
Soffic.08G0010340-8A	MADS	TFF
Soffic.07G0003360-7A	MED26	OTR
Soffic.03G0032360-3C	bHLH	TFF
Soffic.03G0038070-3F	Orphans	Orphans
Soffic.02G0004050-2A	AP2-EREBP	TFF
Soffic.08G0011850-8A	bZIP	TFF
Soffic.04G0012470-4G	C2H2	TFF
Soffic.03G0014900-3A	Orphans	Orphans
Soffic.09G0022330-9B	Orphans	Orphans
Soffic.04H0027130-4H	AP2-EREBP	TFF
Soffic.06G0007450-6C	SET	OTR
Soffic.04G0029670-4H	MYB-related	TFF
Soffic.08G0014090-8A	C2H2	TFF
Soffic.01B0014550-1B	Orphans	Orphans
Soffic.07G0008880-7G	zf-BED	TFF
Soffic.01G0021330-1D	Orphans	Orphans
Soffic.10E0026680-10E	MBF1	OTR
Soffic.04G0031880-4C	C2C2-GATA	TFF
Soffic.09G0014800-9C	TUB	TFF
Soffic.07C0000520-7C	NAC	TFF
Soffic.03G0005140-3D	AP2-EREBP	TFF
Soffic.04G0017760-4C	Coactivator_p15	OTR
Soffic.02G0032490-2C	GNAT	OTR
Soffic.01F0005440-1F	FAR1	TFF
Soffic.03G0018380-3C	MYB	TFF
Soffic.01G0025910-1E	TFIID	TFF
Soffic.03G0022910-3B	MYB	TFF
Soffic.02G0017250-2E	AP2-EREBP	TFF
Soffic.03G0024950-3G	bZIP	TFF
Soffic.09G0001140-9E	GRAS	TFF
Soffic.01G0039410-1E	Orphans	Orphans
Soffic.07B0015370-7B	AP2-EREBP	TFF
Soffic.07B0013230-7B	NAC	TFF
Soffic.01G0020750-1E	TFIID	TFF
Soffic.03E0024830-3E	ABI3VP1	TFF
Soffic.04E0028320-4E	NOT2_3_5	OTR
Soffic.09H0013470-9H	MYB-related	TFF
Soffic.04F0014560-4F	C2H2	TFF
Soffic.02G0036840-2E	WRKY	TFF
Soffic.07G0020790-7A	CCAAT	TFF
Soffic.03G0006110-3G	AP2-EREBP	TFF
Soffic.04G0011140-4E	FAR1	TFF
Soffic.08H0006880-8H	Alfin-like	TFF
Soffic.03G0015550-3H	MYB	TFF
Soffic.03C0025400-3C	AP2-EREBP	TFF
Soffic.04G0006090-4B	PLATZ	TFF
Soffic.02G0023310-2D	bHLH	TFF
Soffic.01G0050610-1B	bHLH	TFF
Soffic.01G0007360-1A	TCP	TFF
Soffic.07G0015700-7A	FAR1	TFF
Soffic.06G0021590-6A	Orphans	Orphans
Soffic.06G0015150-6F	Trihelix	TFF
Soffic.02H0023710-2H	AP2-EREBP	TFF
Soffic.02G0026260-2F	mTERF	OTR
Soffic.01G0011150-1E	bHLH	TFF
Soffic.01B0020850-1B	SAP	TFF
Soffic.09D0017700-9D	WRKY	TFF
Soffic.03G0030640-3E	NAC	TFF
Soffic.07E0006180-7E	AP2-EREBP	TFF
Soffic.08G0013710-8A	GRAS	TFF
Soffic.04G0023450-4H	AP2-EREBP	TFF
Soffic.01G0043910-1H	AP2-EREBP	TFF
Soffic.10G0004150-10G	SET	OTR
Soffic.10G0015050-10A	DBP	TFF
Soffic.03G0003440-3C	MYB-related	TFF
Soffic.08F0004220-8F	E2F-DP	TFF
Soffic.07G0020040-7B	Pseudo_ARR-B	OTR
Soffic.01G0017240-1C	CPP	TFF
Soffic.06D0007280-6D	MADS	TFF
Soffic.06G0014040-6H	Trihelix	TFF
Soffic.02G0007340-2A	TRAF	OTR
Soffic.01G0038570-1G	ABI3VP1	TFF
Soffic.01D0020480-1D	GNAT	OTR
Soffic.01H0032120-1H	Orphans	Orphans
Soffic.02G0031290-2E	HRT	TFF
Soffic.07G0002030-7F	Orphans	Orphans
Soffic.02G0018660-2E	AP2-EREBP	TFF
Soffic.10G0023890-10A	C2H2	TFF
Soffic.05G0006140-5E	Orphans	Orphans
Soffic.01G0007500-1C	TCP	TFF
Soffic.02G0027360-2F	CAMTA	TFF
Soffic.02G0023460-2H	bHLH	TFF
Soffic.04G0010290-4C	FAR1	TFF
Soffic.06G0000130-6C	GRAS	TFF
Soffic.08G0015150-8C	CPP	TFF
Soffic.10G0008630-10G	NAC	TFF
Soffic.03E0030890-3E	WRKY	TFF
Soffic.03G0006210-3F	MYB-related	TFF
Soffic.06G0023080-6G	AP2-EREBP	TFF
Soffic.02F0036090-2F	bZIP	TFF
Soffic.03F0013000-3F	OFP	TFF
Soffic.09F0013960-9F	Alfin-like	TFF
Soffic.10G0000590-10A	MYB-related	TFF
Soffic.02G0010120-2C	MYB-related	TFF
Soffic.09G0016250-9B	AP2-EREBP	TFF
Soffic.10G0000730-10F	FAR1	TFF
Soffic.04C0024880-4C	AP2-EREBP	TFF
Soffic.10G0007910-10B	Orphans	Orphans
Soffic.05G0022270-5B	GRAS	TFF
Soffic.06G0014010-6C	C2C2-GATA	TFF
Soffic.03E0037970-3E	SET	OTR
Soffic.06B0025060-6B	AP2-EREBP	TFF
Soffic.01E0051050-1E	AP2-EREBP	TFF
Soffic.02G0039450-2H	bHLH	TFF
Soffic.04G0015730-4A	FAR1	TFF
Soffic.07D0007420-7D	Orphans	Orphans
Soffic.01H0040510-1H	NAC	TFF
Soffic.04G0021990-4D	SET	OTR
Soffic.02F0020080-2F	AP2-EREBP	TFF
Soffic.06G0019640-6C	SET	OTR
Soffic.02G0007180-2B	GNAT	OTR
Soffic.02G0023000-2G	FAR1	TFF
Soffic.02G0011390-2G	Orphans	Orphans
Soffic.02G0021340-2G	GNAT	OTR
Soffic.02H0012020-2H	C2H2	TFF
Soffic.01G0036740-1G	C2H2	TFF
Soffic.02G0026530-2E	PHD	OTR
Soffic.01H0012140-1H	bHLH	TFF
Soffic.06H0002030-6H	C2H2	TFF
Soffic.08G0012810-8C	MYB	TFF
Soffic.05G0022600-5C	C2H2	TFF
Soffic.03G0014330-3G	Orphans	Orphans
Soffic.04G0008570-4A	bHLH	TFF
Soffic.04G0024070-4C	AP2-EREBP	TFF
Soffic.01G0016460-1D	C2C2-YABBY	TFF
Soffic.02G0031060-2C	GRAS	TFF
Soffic.02G0019170-2H	zf-BED	TFF
Soffic.04G0031370-4D	PLATZ	TFF
Soffic.03F0030340-3F	bZIP	TFF
Soffic.04H0027490-4H	AP2-EREBP	TFF
Soffic.07G0010250-7B	PAS	TFF
Soffic.04G0004770-4H	MADS	TFF
Soffic.06G0007590-6G	Orphans	Orphans
Soffic.04G0004910-4G	AP2-EREBP	TFF
Soffic.08F0006940-8F	FAR1	TFF
Soffic.02G0026380-2G	mTERF	OTR
Soffic.05G0019920-5E	C2C2-Dof	TFF
Soffic.08G0013120-8F	Orphans	Orphans
Soffic.08G0004340-8E	CCAAT	TFF
Soffic.01G0009000-1A	C2C2-Dof	TFF
Soffic.07G0005870-7B	SET	OTR
Soffic.03G0034560-3F	NAC	TFF
Soffic.06H0007240-6H	GRAS	TFF
Soffic.10F0004050-10F	DBP	TFF
Soffic.02G0034510-2B	FAR1	TFF
Soffic.06G0001510-6B	Top	TFF
Soffic.08F0017300-8F	SET	OTR
Soffic.09G0009940-9D	PHD	OTR
Soffic.07G0019210-7G	C2H2	TFF
Soffic.04G0024930-4A	C2C2-CO-like	TFF
Soffic.01G0004310-1B	NAC	TFF
Soffic.01G0052060-1A	MYB	TFF
Soffic.10H0020660-10H	MADS	TFF
Soffic.09G0020870-9G	AP2-EREBP	TFF
Soffic.01G0029360-1G	NAC	TFF
Soffic.07G0005720-7C	ABI3VP1	TFF
Soffic.04G0004850-4G	ARF	TFF
Soffic.02G0014750-2H	OFP	TFF
Soffic.02F0013860-2F	AP2-EREBP	TFF
Soffic.09G0006600-9E	GNAT	OTR
Soffic.05G0008800-5F	CCAAT	TFF
Soffic.10H0018240-10H	ARID	OTR
Soffic.06G0021080-6F	Tify	TFF
Soffic.06G0016530-6C	ABI3VP1	TFF
Soffic.10G0015980-10B	MBF1	OTR
Soffic.09D0018180-9D	AUX/IAA	OTR
Soffic.09E0014930-9E	Orphans	Orphans
Soffic.08G0012960-8E	Orphans	Orphans
Soffic.07G0005640-7E	NAC	TFF
Soffic.04G0035020-4G	TCP	TFF
Soffic.08F0011790-8F	MYB	TFF
Soffic.01G0005140-1B	bHLH	TFF
Soffic.07G0006830-7A	HMG	OTR
Soffic.02B0023280-2B	bHLH	TFF
Soffic.08G0012560-8E	MYB	TFF
Soffic.01G0011810-1D	zf-BED	TFF
Soffic.07B0012060-7B	PHD	OTR
Soffic.03G0006270-3F	MYB-related	TFF
Soffic.04G0020520-4A	MYB	TFF
Soffic.01G0020200-1G	zf-C5HC2	TFF
Soffic.09G0021910-9B	SET	OTR
Soffic.01G0044250-1G	C2C2-GATA	TFF
Soffic.04D0013870-4D	zf-A20	TFF
Soffic.03H0021610-3H	NAC	TFF
Soffic.10H0018620-10H	Orphans	Orphans
Soffic.03G0013050-3C	HB	TFF
Soffic.09G0009540-9D	AP2-EREBP	TFF
Soffic.06G0002170-6H	Top	TFF
Soffic.01G0012080-1A	HB	TFF
Soffic.06G0001570-6B	ARID	OTR
Soffic.07G0017750-7D	TCP	TFF
Soffic.05G0004690-5A	Top	TFF
Soffic.10G0010650-10G	C2C2-CO-like	TFF
Soffic.06G0021540-6D	Orphans	Orphans
Soffic.06G0016010-6A	NAC	TFF
Soffic.04G0029430-4E	Orphans	Orphans
Soffic.09G0018510-9A	CPP	TFF
Soffic.08G0004770-8A	FAR1	TFF
Soffic.01G0000100-1B	ABI3VP1	TFF
Soffic.02G0033190-2E	AP2-EREBP	TFF
Soffic.03H0013770-3H	SAP	TFF
Soffic.02G0003180-2A	HB	TFF
Soffic.02G0018870-2A	MYB	TFF
Soffic.07G0007440-7B	MADS	TFF
Soffic.04C0007260-4C	Orphans	Orphans
Soffic.04G0032100-4D	bZIP	TFF
Soffic.01D0002920-1D	C2C2-GATA	TFF
Soffic.06G0024560-6G	Orphans	Orphans
Soffic.01G0014180-1B	TFIID	TFF
Soffic.01G0051600-1C	bHLH	TFF
Soffic.01G0001000-1A	WRKY	TFF
Soffic.02G0032750-2H	zf-BED	TFF
Soffic.06G0015560-6H	HMG	OTR
Soffic.06G0021940-6D	Orphans	Orphans
Soffic.04F0013970-4F	bZIP	TFF
Soffic.01G0022780-1B	TRAF	OTR
Soffic.07G0016360-7D	PLATZ	TFF
Soffic.01G0012610-1C	CCAAT	TFF
Soffic.09G0024120-9C	Orphans	Orphans
Soffic.01G0036510-1C	mTERF	OTR
Soffic.03G0033400-3A	AP2-EREBP	TFF
Soffic.04C0028110-4C	mTERF	OTR
Soffic.07G0015650-7H	Orphans	Orphans
Soffic.01E0009810-1E	PAS	TFF
Soffic.09G0004500-9E	FHA	TFF
Soffic.01H0006530-1H	TCP	TFF
Soffic.09C0021720-9C	ARF	TFF
Soffic.06G0014580-6C	AP2-EREBP	TFF
Soffic.04G0004740-4C	MADS	TFF
Soffic.02G0033720-2E	FAR1	TFF
Soffic.03E0008950-3E	NAC	TFF
Soffic.01G0018950-1B	Top	TFF
Soffic.03G0004050-3C	C2H2	TFF
Soffic.01G0015110-1A	MYB-related	TFF
Soffic.03G0023310-3A	bHLH	TFF
Soffic.02G0036700-2E	FAR1	TFF
Soffic.08H0005190-8H	MYB	TFF
Soffic.01G0018550-1B	GNAT	OTR
Soffic.01G0013310-1B	HB	TFF
Soffic.07C0006010-7C	ABI3VP1	TFF
Soffic.04G0004320-4G	AP2-EREBP	TFF
Soffic.04G0013850-4G	WRKY	TFF
Soffic.02E0029890-2E	NAC	TFF
Soffic.04G0006120-4D	GRAS	TFF
Soffic.05G0007610-5D	MYB	TFF
Soffic.07G0003490-7D	bHLH	TFF
Soffic.10G0022980-10F	Orphans	Orphans
Soffic.05G0015900-5E	Orphans	Orphans
Soffic.04G0022890-4A	GRAS	TFF
Soffic.04G0021940-4A	C2C2-YABBY	TFF
Soffic.04G0032350-4A	AUX/IAA	OTR
Soffic.01G0014340-1A	FAR1	TFF
Soffic.06G0010240-6C	SWI/SNF-SWI3	OTR
Soffic.04G0025090-4G	FAR1	TFF
Soffic.10G0020160-10G	CCAAT	TFF
Soffic.06G0006790-6A	Tify	TFF
Soffic.02G0036670-2B	MED26	OTR
Soffic.01G0032710-1E	MED26	OTR
Soffic.03G0005210-3G	MYB-related	TFF
Soffic.09G0016670-9G	TCP	TFF
Soffic.03E0025430-3E	OFP	TFF
Soffic.05G0009180-5E	MYB	TFF
Soffic.08B0014670-8B	C2H2	TFF
Soffic.01G0025860-1C	C2C2-Dof	TFF
Soffic.07G0016580-7E	RB	OTR
Soffic.05G0008710-5D	AP2-EREBP	TFF
Soffic.01G0000450-1C	Orphans	Orphans
Soffic.04H0023270-4H	WRKY	TFF
Soffic.05G0005080-5G	FHA	TFF
Soffic.04G0018540-4B	bHLH	TFF
Soffic.08G0001300-8D	Orphans	Orphans
Soffic.10G0006220-10B	BSD	TFF
Soffic.09G0014080-9G	AUX/IAA	OTR
Soffic.04G0031000-4G	AP2-EREBP	TFF
Soffic.07G0013050-7A	MYB	TFF
Soffic.07G0010450-7F	zf-HD	TFF
Soffic.04F0006030-4F	AP2-EREBP	TFF
Soffic.06G0019940-6A	Orphans	Orphans
Soffic.04G0018940-4B	zf-BED	TFF
Soffic.05G0020590-5E	MYB	TFF
Soffic.07E0004500-7E	bZIP	TFF
Soffic.02H0017010-2H	MYB	TFF
Soffic.09G0009570-9F	GRAS	TFF
Soffic.01G0038910-1G	Orphans	Orphans
Soffic.06G0018960-6D	Orphans	Orphans
Soffic.02G0023120-2E	SRS	TFF
Soffic.02G0004390-2F	CPP	TFF
Soffic.03C0028610-3C	MYB	TFF
Soffic.03H0036810-3H	C2C2-GATA	TFF
Soffic.01F0036800-1F	C2C2-Dof	TFF
Soffic.07G0015840-7A	PLATZ	TFF
Soffic.02G0027830-2B	PHD	OTR
Soffic.07G0007830-7H	Orphans	Orphans
Soffic.03G0000960-3G	PHD	OTR
Soffic.04G0013970-4G	bHLH	TFF
Soffic.03G0019340-3G	Orphans	Orphans
Soffic.03G0005430-3A	FAR1	TFF
Soffic.03E0006130-3E	MYB	TFF
Soffic.02G0037960-2A	MYB	TFF
Soffic.07G0016810-7B	TCP	TFF
Soffic.01E0047090-1E	bHLH	TFF
Soffic.08G0005750-8E	MYB	TFF
Soffic.03G0006020-3F	MADS	TFF
Soffic.09G0002830-9A	HB	TFF
Soffic.10G0001030-10D	MYB	TFF
Soffic.03G0009000-3G	NAC	TFF
Soffic.09G0020390-9G	WRKY	TFF
Soffic.10G0016830-10F	zf-BED	TFF
Soffic.04G0008470-4E	MYB-related	TFF
Soffic.01G0023520-1G	AP2-EREBP	TFF
Soffic.09G0013990-9A	Alfin-like	TFF
Soffic.04G0023200-4A	AP2-EREBP	TFF
Soffic.01G0029520-1F	CCAAT	TFF
Soffic.02E0013480-2E	Orphans	Orphans
Soffic.04G0028820-4B	bZIP	TFF
Soffic.04G0000720-4C	CSD	TFF
Soffic.01G0031610-1C	Orphans	Orphans
Soffic.04G0026640-4A	TCP	TFF
Soffic.05F0003030-5F	Orphans	Orphans
Soffic.04G0027320-4A	bHLH	TFF
Soffic.03G0003870-3B	HMG	OTR
Soffic.06C0002800-6C	Orphans	Orphans
Soffic.09G0002310-9D	Orphans	Orphans
Soffic.06G0009120-6C	NAC	TFF
Soffic.10G0013710-10G	CPP	TFF
Soffic.06G0015120-6A	C2C2-YABBY	TFF
Soffic.06G0014430-6E	Orphans	Orphans
Soffic.03F0017310-3F	bHLH	TFF
Soffic.09G0003560-9F	MADS	TFF
Soffic.10G0015440-10E	bHLH	TFF
Soffic.04G0015790-4D	NAC	TFF
Soffic.05G0006760-5H	Orphans	Orphans
Soffic.10G0001700-10A	AP2-EREBP	TFF
Soffic.02H0006560-2H	TRAF	OTR
Soffic.10G0013680-10B	CPP	TFF
Soffic.08G0014120-8G	LIM	TFF
Soffic.01G0020510-1D	FAR1	TFF
Soffic.03D0027100-3D	BSD	TFF
Soffic.10G0020070-10F	ARF	TFF
Soffic.07G0003940-7E	MYB	TFF
Soffic.10G0021670-10G	ARF	TFF
Soffic.01G0015470-1D	AP2-EREBP	TFF
Soffic.01G0034630-1H	Jumonji	OTR
Soffic.06G0013080-6B	C1-4-t1	TFF
Soffic.07G0007500-7G	TRAF	OTR
Soffic.01G0045960-1B	AP2-EREBP	TFF
Soffic.02G0036120-2A	C3H	TFF
Soffic.04G0018680-4B	zf-BED	TFF
Soffic.04G0009910-4G	BES1	TFF
Soffic.06G0005530-6C	E2F-DP	TFF
Soffic.07G0007840-7H	Orphans	Orphans
Soffic.05G0012270-5G	WRKY	TFF
Soffic.10G0011300-10D	Orphans	Orphans
Soffic.01E0006650-1E	TRAF	OTR
Soffic.07G0007900-7G	Tify	TFF
Soffic.03G0017430-3H	WRKY	TFF
Soffic.09G0012070-9E	bZIP	TFF
Soffic.01G0051160-1B	HB	TFF
Soffic.06G0003190-6E	MYB	TFF
Soffic.02G0028210-2C	C2C2-Dof	TFF
Soffic.02G0020200-2D	NAC	TFF
Soffic.03G0035990-3C	Top	TFF
Soffic.08B0010270-8B	bZIP	TFF
Soffic.03G0019440-3C	C3H	TFF
Soffic.04G0002360-4D	SWI/SNF-BAF60b	OTR
Soffic.01G0025490-1F	C2H2	TFF
Soffic.01E0047250-1E	Orphans	Orphans
Soffic.01G0018010-1E	ABI3VP1	TFF
Soffic.07D0022160-7D	bZIP	TFF
Soffic.01G0017280-1A	C2H2	TFF
Soffic.08G0017670-8F	ABI3VP1	TFF
Soffic.05B0010140-5B	AP2-EREBP	TFF
Soffic.10H0018230-10H	ARID	OTR
Soffic.09G0014560-9F	MYB	TFF
Soffic.03G0002560-3G	TRAF	OTR
Soffic.03H0004150-3H	MYB-related	TFF
Soffic.01G0011710-1E	zf-BED	TFF
Soffic.10H0010770-10H	PBF-2-like	TFF
Soffic.04G0024540-4A	GNAT	OTR
Soffic.05G0020650-5G	C2H2	TFF
Soffic.09G0009530-9D	AP2-EREBP	TFF
Soffic.03G0008260-3C	MYB-related	TFF
Soffic.07G0010040-7G	zf-BED	TFF
Soffic.01G0003810-1D	C2C2-Dof	TFF
Soffic.06G0010950-6F	NAC	TFF
Soffic.05G0002200-5E	MYB	TFF
Soffic.01G0041840-1E	EIL	TFF
Soffic.09G0014960-9F	bZIP	TFF
Soffic.01G0024870-1A	OFP	TFF
Soffic.05G0021090-5G	C2H2	TFF
Soffic.03G0015830-3C	Orphans	Orphans
Soffic.04G0030900-4E	MYB-related	TFF
Soffic.05G0015990-5A	Orphans	Orphans
Soffic.06G0002360-6A	ARF	TFF
Soffic.01G0028810-1G	OFP	TFF
Soffic.06D0012960-6D	AP2-EREBP	TFF
Soffic.09G0023030-9H	Orphans	Orphans
Soffic.04G0023510-4B	C2C2-GATA	TFF
Soffic.07G0006840-7A	ABI3VP1	TFF
Soffic.09H0014650-9H	MYB-related	TFF
Soffic.06G0013570-6B	NAC	TFF
Soffic.04G0014510-4F	Orphans	Orphans
Soffic.07G0012370-7E	BSD	TFF
Soffic.10G0010460-10G	zf-BED	TFF
Soffic.10G0004930-10B	TRAF	OTR
Soffic.10G0008640-10H	AP2-EREBP	TFF
Soffic.03G0017840-3B	MYB-related	TFF
Soffic.06G0012310-6A	bHLH	TFF
Soffic.10G0004330-10C	mTERF	OTR
Soffic.01H0007670-1H	WRKY	TFF
Soffic.09C0008410-9C	AP2-EREBP	TFF
Soffic.04G0018400-4G	MED26	OTR
Soffic.04B0022700-4B	Orphans	Orphans
Soffic.03G0014950-3B	bZIP	TFF
Soffic.03G0010200-3D	C3H	TFF
Soffic.05G0012170-5F	GRAS	TFF
Soffic.01D0002280-1D	FAR1	TFF
Soffic.04G0031840-4A	MYB-related	TFF
Soffic.02G0021600-2D	AP2-EREBP	TFF
Soffic.06G0018940-6G	Orphans	Orphans
Soffic.07G0007720-7B	SET	OTR
Soffic.01G0024950-1A	TRAF	OTR
Soffic.04G0011350-4A	Tudor-knot	OTR
Soffic.09F0011570-9F	bZIP	TFF
Soffic.01G0004830-1G	NAC	TFF
Soffic.05F0004300-5F	bZIP	TFF
Soffic.05F0012270-5F	AP2-EREBP	TFF
Soffic.01G0039910-1A	MYB-related	TFF
Soffic.02G0002980-2C	zf-BED	TFF
Soffic.02G0023280-2D	bHLH	TFF
Soffic.10G0006070-10B	TRAF	OTR
Soffic.03G0019360-3D	MADS	TFF
Soffic.03G0000940-3D	AP2-EREBP	TFF
Soffic.02H0033750-2H	SAP	TFF
Soffic.04H0023020-4H	Orphans	Orphans
Soffic.06G0017590-6F	ABI3VP1	TFF
Soffic.01H0019060-1H	Tify	TFF
Soffic.04E0032200-4E	TCP	TFF
Soffic.01G0000960-1A	MYB-related	TFF
Soffic.04G0024610-4H	bHLH	TFF
Soffic.03G0017370-3G	WRKY	TFF
Soffic.04G0023570-4B	Trihelix	TFF
Soffic.10G0000470-10G	ABI3VP1	TFF
Soffic.01G0039850-1A	MYB	TFF
Soffic.10E0005820-10E	ARR-B	TFF
Soffic.02G0022740-2C	MYB-related	TFF
Soffic.03G0008920-3B	NAC	TFF
Soffic.02G0022620-2E	AP2-EREBP	TFF
Soffic.03G0018600-3B	bHLH	TFF
Soffic.03G0032640-3E	Orphans	Orphans
Soffic.03G0003190-3C	C2C2-Dof	TFF
Soffic.07G0016480-7A	C2H2	TFF
Soffic.01G0041700-1E	NAC	TFF
Soffic.04G0028940-4G	mTERF	OTR
Soffic.02F0035710-2F	ABI3VP1	TFF
Soffic.01G0011770-1E	HB	TFF
Soffic.02B0024180-2B	AP2-EREBP	TFF
Soffic.02D0036020-2D	bZIP	TFF
Soffic.08G0012440-8B	C2C2-Dof	TFF
Soffic.03G0026460-3G	Orphans	Orphans
Soffic.04G0028800-4H	Orphans	Orphans
Soffic.03G0038510-3A	Orphans	Orphans
Soffic.08E0006080-8E	FAR1	TFF
Soffic.04G0021100-4A	ARF	TFF
Soffic.01G0026550-1C	Tify	TFF
Soffic.10G0004440-10F	Orphans	Orphans
Soffic.02H0021090-2H	CCAAT	TFF
Soffic.01G0018070-1E	ABI3VP1	TFF
Soffic.02G0028480-2G	zf-BED	TFF
Soffic.03G0032340-3G	MADS	TFF
Soffic.02G0013700-2D	AP2-EREBP	TFF
Soffic.05G0018670-5A	bHLH	TFF
Soffic.10G0024600-10A	C2H2	TFF
Soffic.09G0005610-9G	Alfin-like	TFF
Soffic.03G0036520-3E	ABI3VP1	TFF
Soffic.05G0016800-5C	C2C2-Dof	TFF
Soffic.03G0020910-3B	C2C2-Dof	TFF
Soffic.02G0033930-2A	FAR1	TFF
Soffic.06G0017850-6A	OFP	TFF
Soffic.09G0015350-9C	MYB	TFF
Soffic.01G0015750-1A	Orphans	Orphans
Soffic.06H0002040-6H	C2H2	TFF
Soffic.01B0037590-1B	bZIP	TFF
Soffic.01G0009750-1C	WRKY	TFF
Soffic.05G0014090-5B	GRAS	TFF
Soffic.02C0038020-2C	TUB	TFF
Soffic.04C0028750-4C	bHLH	TFF
Soffic.01C0033410-1C	C2H2	TFF
Soffic.08G0004580-8G	AP2-EREBP	TFF
Soffic.04C0010640-4C	NAC	TFF
Soffic.01G0013140-1H	C2C2-YABBY	TFF
Soffic.04G0012880-4C	FAR1	TFF
Soffic.05G0015570-5F	MYB	TFF
Soffic.10G0025960-10G	C2H2	TFF
Soffic.01G0009260-1C	SWI/SNF-BAF60b	OTR
Soffic.01G0025470-1A	Orphans	Orphans
Soffic.07G0012610-7G	TRAF	OTR
Soffic.01D0016790-1D	MYB	TFF
Soffic.01F0016440-1F	Orphans	Orphans
Soffic.06F0002550-6F	Orphans	Orphans
Soffic.01H0020430-1H	ARID	OTR
Soffic.08G0000240-8G	SAP	TFF
Soffic.09G0010480-9A	Orphans	Orphans
Soffic.05B0012500-5B	SAP	TFF
Soffic.01G0047450-1A	Pseudo_ARR-B	OTR
Soffic.06G0019100-6A	WRKY	TFF
Soffic.03G0021870-3G	zf-BED	TFF
Soffic.03G0011360-3D	MYB-related	TFF
Soffic.01H0030060-1H	AP2-EREBP	TFF
Soffic.01G0031910-1A	ABI3VP1	TFF
Soffic.06G0018350-6B	Orphans	Orphans
Soffic.07G0007550-7C	Orphans	Orphans
Soffic.09G0001130-9E	GRAS	TFF
Soffic.09G0006450-9G	AUX/IAA	OTR
Soffic.10G0023450-10G	FAR1	TFF
Soffic.05G0015540-5D	Jumonji	OTR
Soffic.01H0046210-1H	C2C2-GATA	TFF
Soffic.08F0005200-8F	TCP	TFF
Soffic.07G0018130-7B	bHLH	TFF
Soffic.07B0016600-7B	SRS	TFF
Soffic.04G0030560-4G	MYB-related	TFF
Soffic.04G0035210-4G	ABI3VP1	TFF
Soffic.07G0010420-7A	CCAAT	TFF
Soffic.01G0005500-1B	WRKY	TFF
Soffic.10G0009030-10D	NAC	TFF
Soffic.06G0002600-6A	FAR1	TFF
Soffic.01G0010670-1C	HSF	TFF
Soffic.01G0053240-1A	MYB-related	TFF
Soffic.01G0013110-1C	Orphans	Orphans
Soffic.02G0002930-2A	AP2-EREBP	TFF
Soffic.07G0007490-7G	NAC	TFF
Soffic.04G0010280-4D	Orphans	Orphans
Soffic.02G0030950-2G	AP2-EREBP	TFF
Soffic.10G0018830-10C	HB	TFF
Soffic.05G0011730-5A	SAP	TFF
Soffic.08G0011250-8A	PHD	OTR
Soffic.02G0004160-2H	SET	OTR
Soffic.03G0009290-3C	bHLH	TFF
Soffic.02G0029470-2H	FAR1	TFF
Soffic.10G0005560-10D	zf-MIZ	OTR
Soffic.01G0015360-1H	MYB	TFF
Soffic.05G0002750-5G	GRAS	TFF
Soffic.01F0005720-1F	bZIP	TFF
Soffic.02E0022930-2E	AUX/IAA	OTR
Soffic.10G0006290-10A	GRF	TFF
Soffic.09G0009760-9H	MADS	TFF
Soffic.02G0034120-2C	MADS	TFF
Soffic.01G0024650-1C	TRAF	OTR
Soffic.04B0005640-4B	Orphans	Orphans
Soffic.01G0027330-1F	FAR1	TFF
Soffic.07G0014210-7G	MYB	TFF
Soffic.01G0014870-1D	FAR1	TFF
Soffic.04G0025060-4A	Orphans	Orphans
Soffic.10G0008020-10F	E2F-DP	TFF
Soffic.03G0026430-3D	C2C2-Dof	TFF
Soffic.05B0008770-5B	Alfin-like	TFF
Soffic.01G0033060-1H	NAC	TFF
Soffic.10G0017950-10E	PLATZ	TFF
Soffic.03C0020430-3C	zf-BED	TFF
Soffic.05G0022160-5B	GRAS	TFF
Soffic.08G0007280-8E	Orphans	Orphans
Soffic.05G0013360-5E	FAR1	TFF
Soffic.04G0034370-4D	MYB-related	TFF
Soffic.02G0021360-2D	zf-A20	TFF
Soffic.02G0022710-2H	SBP	TFF
Soffic.04C0021290-4C	FAR1	TFF
Soffic.09G0019970-9G	DDT	OTR
Soffic.01G0003840-1F	TFIIS	TFF
Soffic.04G0023320-4B	MYB	TFF
Soffic.06G0021250-6H	TRAF	OTR
Soffic.01G0016330-1C	ABI3VP1	TFF
Soffic.03G0019600-3D	MYB	TFF
Soffic.08G0006680-8G	Alfin-like	TFF
Soffic.09G0015630-9D	Orphans	Orphans
Soffic.01G0016440-1G	Orphans	Orphans
Soffic.03G0020200-3A	C2C2-GATA	TFF
Soffic.09G0011510-9G	AP2-EREBP	TFF
Soffic.07G0001620-7D	TRAF	OTR
Soffic.06G0011530-6A	FAR1	TFF
Soffic.05C0002940-5C	zf-HD	TFF
Soffic.03G0034740-3C	ARF	TFF
Soffic.03G0003720-3C	PAS	TFF
Soffic.01H0042910-1H	AP2-EREBP	TFF
Soffic.02G0031510-2B	C3H	TFF
Soffic.07G0021130-7A	bHLH	TFF
Soffic.09G0002120-9E	C2H2	TFF
Soffic.06G0016640-6A	C2H2	TFF
Soffic.02G0020420-2C	AP2-EREBP	TFF
Soffic.07F0013750-7F	SET	OTR
Soffic.07G0014860-7H	bZIP	TFF
Soffic.02G0019810-2G	bHLH	TFF
Soffic.02G0030600-2A	NAC	TFF
Soffic.01H0042510-1H	C2H2	TFF
Soffic.01G0033530-1B	MED26	OTR
Soffic.06G0020860-6B	bHLH	TFF
Soffic.04D0028840-4D	AP2-EREBP	TFF
Soffic.07F0013260-7F	zf-A20	TFF
Soffic.04G0000870-4B	zf-BED	TFF
Soffic.07E0018410-7E	mTERF	OTR
Soffic.04G0025120-4A	C2H2	TFF
Soffic.08G0002490-8F	TRAF	OTR
Soffic.03D0021850-3D	AUX/IAA	OTR
Soffic.09G0013570-9F	MYB-related	TFF
Soffic.02G0024430-2C	bHLH	TFF
Soffic.04G0024220-4C	AP2-EREBP	TFF
Soffic.09H0019460-9H	MYB	TFF
Soffic.05G0000240-5D	zf-MIZ	OTR
Soffic.01G0045430-1E	CCAAT	TFF
Soffic.10G0021370-10E	MYB	TFF
Soffic.05G0006960-5G	AP2-EREBP	TFF
Soffic.06H0021410-6H	ARF	TFF
Soffic.03G0013330-3H	AP2-EREBP	TFF
Soffic.09G0020650-9B	Orphans	Orphans
Soffic.04G0014690-4D	bZIP	TFF
Soffic.01G0020970-1C	GeBP	TFF
Soffic.10G0019510-10H	HB	TFF
Soffic.01G0037360-1E	FAR1	TFF
Soffic.06G0008100-6H	Orphans	Orphans
Soffic.02G0018460-2D	Tify	TFF
Soffic.06H0013950-6H	C2C2-GATA	TFF
Soffic.01G0011240-1F	NAC	TFF
Soffic.09G0013910-9H	NAC	TFF
Soffic.03C0038330-3C	Orphans	Orphans
Soffic.01E0039300-1E	zf-BED	TFF
Soffic.07G0010320-7B	mTERF	OTR
Soffic.02D0010460-2D	AP2-EREBP	TFF
Soffic.02G0010040-2G	AP2-EREBP	TFF
Soffic.04G0021660-4G	Orphans	Orphans
Soffic.01G0003160-1D	SBP	TFF
Soffic.04G0005580-4C	WRKY	TFF
Soffic.02D0022380-2D	MADS	TFF
Soffic.01E0018050-1E	ABI3VP1	TFF
Soffic.10G0013240-10A	BES1	TFF
Soffic.02G0032940-2E	FAR1	TFF
Soffic.10H0002570-10H	SET	OTR
Soffic.07G0002100-7A	TRAF	OTR
Soffic.06G0017610-6D	WRKY	TFF
Soffic.06G0002750-6F	zf-BED	TFF
Soffic.07G0013840-7D	zf-BED	TFF
Soffic.05G0000240-5C	zf-MIZ	OTR
Soffic.08F0004820-8F	MYB	TFF
Soffic.03F0010090-3F	NAC	TFF
Soffic.04H0023810-4H	C2H2	TFF
Soffic.05G0013070-5C	zf-BED	TFF
Soffic.06G0023760-6G	SBP	TFF
Soffic.03H0035110-3H	mTERF	OTR
Soffic.09G0010400-9E	GRAS	TFF
Soffic.10G0018940-10D	Orphans	Orphans
Soffic.03G0021380-3G	zf-C5HC2	TFF
Soffic.01D0020490-1D	MYB	TFF
Soffic.09C0023280-9C	C2C2-GATA	TFF
Soffic.03H0032970-3H	OFP	TFF
Soffic.05G0020600-5D	AP2-EREBP	TFF
Soffic.02G0021500-2A	zf-HD	TFF
Soffic.01G0021430-1G	AP2-EREBP	TFF
Soffic.10G0020130-10B	MYB	TFF
Soffic.01G0026150-1E	C2H2	TFF
Soffic.04G0026400-4A	FAR1	TFF
Soffic.10G0023880-10A	C2H2	TFF
Soffic.06E0017300-6E	C2H2	TFF
Soffic.09G0015100-9A	AP2-EREBP	TFF
Soffic.09G0000780-9E	C2H2	TFF
Soffic.09G0017220-9B	CPP	TFF
Soffic.06G0015080-6G	Top	TFF
Soffic.01G0045990-1C	C2H2	TFF
Soffic.01G0000690-1B	AP2-EREBP	TFF
Soffic.04E0019800-4E	MYB	TFF
Soffic.07G0011180-7A	SET	OTR
Soffic.01G0026160-1C	C2H2	TFF
Soffic.01E0022770-1E	Orphans	Orphans
Soffic.01E0026860-1E	GNAT	OTR
Soffic.10G0008200-10D	GRF	TFF
Soffic.02G0017860-2C	Tify	TFF
Soffic.02G0011130-2D	WRKY	TFF
Soffic.01G0021210-1A	C2C2-Dof	TFF
Soffic.08G0012620-8H	mTERF	OTR
Soffic.03G0004410-3G	MYB	TFF
Soffic.03G0029500-3D	MYB	TFF
Soffic.02G0021900-2A	bHLH	TFF
Soffic.01G0035200-1F	MYB	TFF
Soffic.08G0012180-8B	Orphans	Orphans
Soffic.08H0001620-8H	NAC	TFF
Soffic.03G0022030-3G	MYB	TFF
Soffic.02F0030160-2F	Orphans	Orphans
Soffic.06G0021630-6A	bZIP	TFF
Soffic.03G0024140-3D	MYB	TFF
Soffic.06G0002160-6G	C2H2	TFF
Soffic.10G0012190-10B	Orphans	Orphans
Soffic.01G0028750-1F	GRAS	TFF
Soffic.03G0011350-3E	WRKY	TFF
Soffic.02G0018430-2G	ARID	OTR
Soffic.04E0021120-4E	LIM	TFF
Soffic.10G0004240-10A	C2H2	TFF
Soffic.01G0028260-1F	C2H2	TFF
Soffic.09G0015350-9D	MYB	TFF
Soffic.04G0011010-4A	CPP	TFF
Soffic.06G0023150-6F	CCAAT	TFF
Soffic.01F0010120-1F	TFIID	TFF
Soffic.01G0042950-1B	AP2-EREBP	TFF
Soffic.07G0004840-7D	CCAAT	TFF
Soffic.01G0018470-1F	TRAF	OTR
Soffic.02G0017170-2D	zf-BED	TFF
Soffic.01G0021310-1H	TRAF	OTR
Soffic.10G0014740-10B	AP2-EREBP	TFF
Soffic.09G0021250-9B	NAC	TFF
Soffic.01G0020080-1C	TFIID	TFF
Soffic.03G0031730-3D	CCAAT	TFF
Soffic.07G0006650-7F	TRAF	OTR
Soffic.02F0034670-2F	HSF	TFF
Soffic.05E0008570-5E	Alfin-like	TFF
Soffic.02G0007650-2A	GNAT	OTR
Soffic.03G0012770-3F	MED26	OTR
Soffic.01G0031220-1F	C2H2	TFF
Soffic.04C0029310-4C	GeBP	TFF
Soffic.08G0014570-8A	FAR1	TFF
Soffic.04C0024890-4C	AP2-EREBP	TFF
Soffic.04G0020750-4G	Orphans	Orphans
Soffic.10G0005610-10G	TRAF	OTR
Soffic.09A0023280-9A	Orphans	Orphans
Soffic.01G0038730-1D	MYB	TFF
Soffic.03G0014590-3E	TRAF	OTR
Soffic.03D0017630-3D	PHD	OTR
Soffic.05G0006010-5A	NAC	TFF
Soffic.08G0017940-8A	Orphans	Orphans
Soffic.03G0028190-3G	MYB	TFF
Soffic.02G0012030-2G	EIL	TFF
Soffic.01G0031030-1D	Orphans	Orphans
Soffic.03G0013410-3G	SAP	TFF
Soffic.07G0007870-7D	Orphans	Orphans
Soffic.06G0020410-6G	ABI3VP1	TFF
Soffic.02G0007900-2G	AP2-EREBP	TFF
Soffic.04F0027060-4F	AP2-EREBP	TFF
Soffic.01G0003870-1C	C3H	TFF
Soffic.04H0005750-4H	TUB	TFF
Soffic.10G0021560-10D	ARF	TFF
Soffic.03D0017980-3D	CCAAT	TFF
Soffic.03G0021260-3F	C2H2	TFF
Soffic.01F0043560-1F	AP2-EREBP	TFF
Soffic.02G0016640-2E	bHLH	TFF
Soffic.03G0027850-3E	Orphans	Orphans
Soffic.08G0008960-8G	ARF	TFF
Soffic.01G0042000-1F	TRAF	OTR
Soffic.01B0015000-1B	CPP	TFF
Soffic.06G0007330-6E	zf-BED	TFF
Soffic.01G0052420-1C	HB	TFF
Soffic.10G0011320-10H	C2C2-CO-like	TFF
Soffic.10G0018610-10B	Orphans	Orphans
Soffic.04G0014640-4A	Orphans	Orphans
Soffic.01G0026330-1A	zf-BED	TFF
Soffic.08E0007400-8E	MADS	TFF
Soffic.01G0027410-1G	MYB-related	TFF
Soffic.01G0046030-1G	bZIP	TFF
Soffic.01F0046670-1F	NAC	TFF
Soffic.01G0027170-1B	WRKY	TFF
Soffic.02G0038030-2A	bZIP	TFF
Soffic.10G0007250-10B	bHLH	TFF
Soffic.09H0016160-9H	Orphans	Orphans
Soffic.07G0017860-7D	bHLH	TFF
Soffic.03D0010210-3D	C3H	TFF
Soffic.02G0029820-2E	Orphans	Orphans
Soffic.02G0024160-2B	AP2-EREBP	TFF
Soffic.01G0012090-1A	HB	TFF
Soffic.02G0009110-2G	WRKY	TFF
Soffic.02G0035940-2D	SWI/SNF-BAF60b	OTR
Soffic.03G0039150-3F	ABI3VP1	TFF
Soffic.09G0015010-9C	MYB-related	TFF
Soffic.01G0021370-1H	TRAF	OTR
Soffic.01G0025090-1E	ARID	OTR
Soffic.06G0008120-6B	Alfin-like	TFF
Soffic.01G0042720-1C	Orphans	Orphans
Soffic.05G0022430-5C	GRAS	TFF
Soffic.01F0016600-1F	Orphans	Orphans
Soffic.10G0015990-10B	Top	TFF
Soffic.09H0017280-9H	bZIP	TFF
Soffic.03G0025340-3F	FAR1	TFF
Soffic.10G0019240-10E	HB	TFF
Soffic.01G0005290-1H	DDT	OTR
Soffic.10D0023480-10D	GRAS	TFF
Soffic.02G0001410-2B	MYB	TFF
Soffic.02G0014430-2A	MADS	TFF
Soffic.06G0002500-6D	ABI3VP1	TFF
Soffic.07G0013280-7A	NAC	TFF
Soffic.07G0006170-7B	AP2-EREBP	TFF
Soffic.07G0018450-7E	FAR1	TFF
Soffic.08F0012480-8F	NAC	TFF
Soffic.03H0040060-3H	AP2-EREBP	TFF
Soffic.09G0019060-9A	C3H	TFF
Soffic.03G0019900-3A	Orphans	Orphans
Soffic.09G0015930-9A	HB	TFF
Soffic.04C0017810-4C	Orphans	Orphans
Soffic.01G0031590-1H	MYB	TFF
Soffic.03H0006660-3H	AP2-EREBP	TFF
Soffic.02G0023890-2C	AP2-EREBP	TFF
Soffic.04G0028800-4F	GRF	TFF
Soffic.03F0029380-3F	bZIP	TFF
Soffic.03G0006000-3B	AP2-EREBP	TFF
Soffic.01G0022790-1B	TRAF	OTR
Soffic.08G0002920-8B	TUB	TFF
Soffic.04G0015050-4E	NAC	TFF
Soffic.08G0016570-8C	C2C2-YABBY	TFF
Soffic.01D0019730-1D	SWI/SNF-BAF60b	OTR
Soffic.09G0009930-9C	GRAS	TFF
Soffic.01G0006370-1G	GNAT	OTR
Soffic.10G0008130-10C	bZIP	TFF
Soffic.09G0022160-9G	MYB-related	TFF
Soffic.01G0037770-1B	MYB	TFF
Soffic.10G0018780-10G	HB	TFF
Soffic.09G0017730-9F	Orphans	Orphans
Soffic.02G0030900-2D	TRAF	OTR
Soffic.03G0034710-3F	MADS	TFF
Soffic.08E0018680-8E	ABI3VP1	TFF
Soffic.07G0011870-7G	bHLH	TFF
Soffic.09G0022380-9G	Orphans	Orphans
Soffic.05G0002280-5A	AP2-EREBP	TFF
Soffic.03G0010960-3H	MYB	TFF
Soffic.05G0019660-5H	MYB-related	TFF
Soffic.04B0004740-4B	PLATZ	TFF
Soffic.03E0033740-3E	NAC	TFF
Soffic.07G0014860-7F	SET	OTR
Soffic.02G0013810-2H	Orphans	Orphans
Soffic.09G0007910-9C	WRKY	TFF
Soffic.06G0015800-6C	C2C2-Dof	TFF
Soffic.03G0011600-3C	BSD	TFF
Soffic.10G0020390-10G	bZIP	TFF
Soffic.10G0004650-10C	WRKY	TFF
Soffic.07G0003480-7D	Top	TFF
Soffic.10G0022990-10F	bZIP	TFF
Soffic.01G0000660-1D	Orphans	Orphans
Soffic.05G0005610-5B	Orphans	Orphans
Soffic.01F0033640-1F	MYB-related	TFF
Soffic.01G0012250-1A	Top	TFF
Soffic.08G0001400-8G	TRAF	OTR
Soffic.02G0035140-2E	SART-1	OTR
Soffic.04G0024400-4C	C2H2	TFF
Soffic.02E0033060-2E	Tify	TFF
Soffic.01E0050100-1E	GNAT	OTR
Soffic.04D0017900-4D	AP2-EREBP	TFF
Soffic.01G0009900-1F	ABI3VP1	TFF
Soffic.02G0022710-2F	bHLH	TFF
Soffic.10G0010120-10A	PHD	OTR
Soffic.06G0021760-6F	C3H	TFF
Soffic.04G0003640-4A	PAS	TFF
Soffic.06G0014590-6C	AP2-EREBP	TFF
Soffic.07G0015240-7A	SET	OTR
Soffic.09G0006540-9A	C2H2	TFF
Soffic.02F0036910-2F	BSD	TFF
Soffic.03G0003400-3E	WRKY	TFF
Soffic.07G0012790-7C	MYB	TFF
Soffic.07G0009240-7C	zf-BED	TFF
Soffic.07G0001800-7E	Orphans	Orphans
Soffic.02D0020210-2D	zf-HD	TFF
Soffic.03E0039690-3E	Orphans	Orphans
Soffic.02G0012740-2A	Orphans	Orphans
Soffic.06B0015200-6B	Orphans	Orphans
Soffic.05C0008110-5C	Orphans	Orphans
Soffic.04G0025320-4G	C2C2-Dof	TFF
Soffic.01E0046980-1E	ABI3VP1	TFF
Soffic.08G0012480-8G	Orphans	Orphans
Soffic.09G0002240-9A	FAR1	TFF
Soffic.08G0008500-8E	FAR1	TFF
Soffic.05G0011200-5A	bHLH	TFF
Soffic.09G0021060-9D	Orphans	Orphans
Soffic.08G0001790-8H	FAR1	TFF
Soffic.09G0022750-9F	AP2-EREBP	TFF
Soffic.10G0023160-10C	GRAS	TFF
Soffic.02G0025240-2C	MYB	TFF
Soffic.10G0006500-10F	MADS	TFF
Soffic.06G0010380-6F	GNAT	OTR
Soffic.01G0003650-1A	mTERF	OTR
Soffic.03E0019050-3E	MYB-related	TFF
Soffic.06G0000650-6B	TRAF	OTR
Soffic.03E0038300-3E	G2-like	TFF
Soffic.01D0018610-1D	GRAS	TFF
Soffic.04G0002470-4F	ARF	TFF
Soffic.01G0008880-1D	GNAT	OTR
Soffic.01G0035530-1G	CCAAT	TFF
Soffic.09G0021800-9A	DDT	OTR
Soffic.05G0008100-5G	Alfin-like	TFF
Soffic.08H0015310-8H	WRKY	TFF
Soffic.01E0023650-1E	Orphans	Orphans
Soffic.01G0051480-1A	C2H2	TFF
Soffic.03G0010030-3B	C2C2-Dof	TFF
Soffic.02C0035230-2C	AP2-EREBP	TFF
Soffic.01G0002220-1G	NAC	TFF
Soffic.10G0017340-10F	WRKY	TFF
Soffic.02G0000220-2D	NAC	TFF
Soffic.06F0015510-6F	AP2-EREBP	TFF
Soffic.04D0009660-4D	MYB-related	TFF
Soffic.05C0015780-5C	MYB	TFF
Soffic.03G0038080-3E	bHLH	TFF
Soffic.01G0014630-1G	C2C2-YABBY	TFF
Soffic.09G0008620-9F	GNAT	OTR
Soffic.03A0021370-3A	C2C2-Dof	TFF
Soffic.09G0014230-9A	GRAS	TFF
Soffic.03G0011760-3F	MADS	TFF
Soffic.02C0032890-2C	C2H2	TFF
Soffic.07G0006760-7G	AP2-EREBP	TFF
Soffic.03G0014540-3C	MADS	TFF
Soffic.01G0034260-1D	FAR1	TFF
Soffic.02G0008930-2H	Orphans	Orphans
Soffic.02E0011060-2E	FAR1	TFF
Soffic.04G0019270-4B	mTERF	OTR
Soffic.04G0027620-4G	MYB	TFF
Soffic.07G0014400-7D	SET	OTR
Soffic.02F0017060-2F	GRF	TFF
Soffic.01G0025630-1H	ABI3VP1	TFF
Soffic.06B0001230-6B	SET	OTR
Soffic.03G0018060-3F	WRKY	TFF
Soffic.07G0014560-7B	AP2-EREBP	TFF
Soffic.04G0005950-4G	Orphans	Orphans
Soffic.04G0023200-4E	FAR1	TFF
Soffic.08G0004380-8C	OFP	TFF
Soffic.02D0023210-2D	GRF	TFF
Soffic.01G0007690-1A	GeBP	TFF
Soffic.06H0006150-6H	Tify	TFF
Soffic.04G0002450-4B	RWP-RK	TFF
Soffic.01G0013420-1B	bHLH	TFF
Soffic.07G0002600-7A	SWI/SNF-SWI3	OTR
Soffic.10H0008990-10H	MED6	OTR
Soffic.06G0010420-6A	MYB	TFF
Soffic.03G0023420-3A	MYB-related	TFF
Soffic.08G0004150-8E	bZIP	TFF
Soffic.01G0046110-1G	OFP	TFF
Soffic.01F0003630-1F	C2H2	TFF
Soffic.03G0025800-3C	CPP	TFF
Soffic.04G0011210-4B	MADS	TFF
Soffic.01G0023510-1C	Orphans	Orphans
Soffic.03G0026400-3A	zf-A20	TFF
Soffic.07G0012920-7A	MADS	TFF
Soffic.07H0000030-7H	TRAF	OTR
Soffic.03B0020620-3B	HMG	OTR
Soffic.09G0012450-9B	OFP	TFF
Soffic.08G0001600-8B	C3H	TFF
Soffic.07G0011010-7C	BSD	TFF
Soffic.04G0025310-4D	bHLH	TFF
Soffic.02G0003990-2C	bHLH	TFF
Soffic.03G0004700-3E	MYB-related	TFF
Soffic.05G0005410-5G	NAC	TFF
Soffic.03G0010280-3C	C3H	TFF
Soffic.10G0014390-10D	NAC	TFF
Soffic.04G0022920-4E	MYB-related	TFF
Soffic.02G0021010-2A	AP2-EREBP	TFF
Soffic.05G0013490-5C	TRAF	OTR
Soffic.03G0031890-3C	MYB-related	TFF
Soffic.01G0052280-1D	OFP	TFF
Soffic.04H0020550-4H	SET	OTR
Soffic.10E0002100-10E	NAC	TFF
Soffic.06G0000450-6G	NAC	TFF
Soffic.10G0018700-10G	Top	TFF
Soffic.04G0006160-4H	MYB-related	TFF
Soffic.07G0015740-7D	SET	OTR
Soffic.08G0000990-8F	C2C2-Dof	TFF
Soffic.10G0012460-10C	zf-BED	TFF
Soffic.01G0047880-1H	FHA	TFF
Soffic.01G0037490-1D	C3H	TFF
Soffic.06G0015050-6C	bHLH	TFF
Soffic.07G0000390-7G	bHLH	TFF
Soffic.03G0024220-3D	ABI3VP1	TFF
Soffic.10G0007410-10B	ARF	TFF
Soffic.03G0009770-3F	Top	TFF
Soffic.08H0007660-8H	bZIP	TFF
Soffic.06G0024020-6B	AP2-EREBP	TFF
Soffic.07C0016700-7C	bHLH	TFF
Soffic.01G0032980-1G	C2H2	TFF
Soffic.03G0038320-3E	G2-like	TFF
Soffic.09G0021110-9G	C3H	TFF
Soffic.01G0024150-1D	Orphans	Orphans
Soffic.03G0004670-3B	MYB	TFF
Soffic.10A0022540-10A	SRS	TFF
Soffic.04H0014570-4H	zf-BED	TFF
Soffic.03G0034050-3D	GRAS	TFF
Soffic.02C0024840-2C	zf-A20	TFF
Soffic.02G0019600-2E	bZIP	TFF
Soffic.02C0005620-2C	C2C2-YABBY	TFF
Soffic.04G0003720-4D	PAS	TFF
Soffic.01G0000650-1A	AP2-EREBP	TFF
Soffic.01G0030060-1F	Orphans	Orphans
Soffic.08G0012530-8B	ABI3VP1	TFF
Soffic.01G0043330-1G	HSF	TFF
Soffic.01G0036890-1G	zf-BED	TFF
Soffic.06G0019380-6G	PHD	OTR
Soffic.04E0026280-4E	mTERF	OTR
Soffic.04G0024480-4C	C2C2-Dof	TFF
Soffic.01G0049700-1A	SET	OTR
Soffic.09G0011620-9A	bZIP	TFF
Soffic.10H0001560-10H	MYB	TFF
Soffic.07H0013020-7H	SET	OTR
Soffic.01G0011220-1G	HB	TFF
Soffic.04C0009820-4C	Orphans	Orphans
Soffic.03G0026690-3C	Orphans	Orphans
Soffic.03D0012660-3D	MYB	TFF
Soffic.06G0021490-6A	GNAT	OTR
Soffic.07G0013300-7H	NAC	TFF
Soffic.08G0015050-8F	bHLH	TFF
Soffic.10G0009070-10E	LIM	TFF
Soffic.01G0010140-1F	TFIID	TFF
Soffic.03G0003940-3C	HMG	OTR
Soffic.06G0015340-6F	C2C2-GATA	TFF
Soffic.09D0011300-9D	MYB-related	TFF
Soffic.06G0002350-6C	Orphans	Orphans
Soffic.01G0011710-1A	FHA	TFF
Soffic.05G0013550-5G	Orphans	Orphans
Soffic.01G0034410-1A	NAC	TFF
Soffic.04G0014590-4E	E2F-DP	TFF
Soffic.01G0035950-1A	MADS	TFF
Soffic.02B0010240-2B	MYB	TFF
Soffic.02G0021250-2F	CCAAT	TFF
Soffic.04G0021130-4D	PLATZ	TFF
Soffic.04G0006810-4F	Top	TFF
Soffic.06G0016480-6A	AP2-EREBP	TFF
Soffic.09G0017380-9A	GRAS	TFF
Soffic.02G0021760-2F	bHLH	TFF
Soffic.04G0019410-4F	FAR1	TFF
Soffic.03H0000510-3H	Top	TFF
Soffic.04G0008880-4B	HSF	TFF
Soffic.01G0004420-1B	TFIIS	TFF
Soffic.01C0052220-1C	OFP	TFF
Soffic.01G0040500-1E	Jumonji	OTR
Soffic.09G0021880-9A	C3H	TFF
Soffic.04G0018270-4D	Coactivator_p15	OTR
Soffic.04D0031270-4D	GNAT	OTR
Soffic.06G0022790-6A	AUX/IAA	OTR
Soffic.02G0011360-2E	AP2-EREBP	TFF
Soffic.06G0007550-6C	AP2-EREBP	TFF
Soffic.05G0008180-5G	zf-HD	TFF
Soffic.04G0030650-4G	GRF	TFF
Soffic.07G0012800-7E	zf-A20	TFF
Soffic.01G0042910-1F	AP2-EREBP	TFF
Soffic.04G0024170-4F	ARID	OTR
Soffic.01G0039510-1E	bHLH	TFF
Soffic.05G0016240-5A	FAR1	TFF
Soffic.02G0017120-2G	MYB	TFF
Soffic.01D0027270-1D	Orphans	Orphans
Soffic.02G0033900-2D	Orphans	Orphans
Soffic.04F0031760-4F	bZIP	TFF
Soffic.04G0014720-4D	C2H2	TFF
Soffic.02A0000200-2A	bHLH	TFF
Soffic.01G0012410-1A	GRAS	TFF
Soffic.02G0000190-2A	FHA	TFF
Soffic.01F0005540-1F	bZIP	TFF
Soffic.04G0028500-4B	mTERF	OTR
Soffic.03G0006970-3B	WRKY	TFF
Soffic.06G0004840-6C	NAC	TFF
Soffic.02G0027570-2C	CAMTA	TFF
Soffic.09G0019460-9F	Orphans	Orphans
Soffic.10H0019970-10H	AP2-EREBP	TFF
Soffic.02G0009120-2D	GNAT	OTR
Soffic.08G0013020-8C	Orphans	Orphans
Soffic.01G0018090-1F	zf-BED	TFF
Soffic.03G0025770-3H	VOZ	TFF
Soffic.05G0003920-5A	MADS	TFF
Soffic.02G0012270-2F	CCAAT	TFF
Soffic.03H0009340-3H	Orphans	Orphans
Soffic.01C0023810-1C	Orphans	Orphans
Soffic.09G0010320-9H	AP2-EREBP	TFF
Soffic.10C0022760-10C	Orphans	Orphans
Soffic.03G0003660-3B	MYB-related	TFF
Soffic.07G0009880-7E	Orphans	Orphans
Soffic.10G0003630-10A	WRKY	TFF
Soffic.08G0009830-8F	FAR1	TFF
Soffic.01G0028300-1G	TUB	TFF
Soffic.03G0025850-3G	SET	OTR
Soffic.02B0039620-2B	MYB	TFF
Soffic.02G0024660-2B	MYB	TFF
Soffic.06G0020730-6D	AP2-EREBP	TFF
Soffic.03G0003320-3H	bZIP	TFF
Soffic.04G0028490-4B	mTERF	OTR
Soffic.10G0017180-10G	AP2-EREBP	TFF
Soffic.02D0004460-2D	Orphans	Orphans
Soffic.02H0013950-2H	Orphans	Orphans
Soffic.09H0003560-9H	MYB	TFF
Soffic.01G0011770-1A	BSD	TFF
Soffic.07G0003220-7C	bHLH	TFF
Soffic.04G0019900-4A	SET	OTR
Soffic.08G0009480-8G	NAC	TFF
Soffic.06G0017570-6E	Orphans	Orphans
Soffic.04H0006660-4H	AP2-EREBP	TFF
Soffic.03G0023890-3E	Orphans	Orphans
Soffic.10E0007330-10E	AP2-EREBP	TFF
Soffic.03G0006780-3D	AP2-EREBP	TFF
Soffic.10G0025820-10E	C2H2	TFF
Soffic.10G0016750-10G	FAR1	TFF
Soffic.02G0017610-2D	Tify	TFF
Soffic.09G0004140-9A	GRAS	TFF
Soffic.10F0005630-10F	Orphans	Orphans
Soffic.09G0012760-9F	TRAF	OTR
Soffic.02G0024080-2H	AUX/IAA	OTR
Soffic.03G0031230-3A	CCAAT	TFF
Soffic.03B0013740-3B	CCAAT	TFF
Soffic.02G0033930-2E	SAP	TFF
Soffic.07G0013970-7B	SET	OTR
Soffic.06G0012060-6D	NAC	TFF
Soffic.03G0029630-3D	WRKY	TFF
Soffic.02G0026540-2A	Orphans	Orphans
Soffic.04G0025520-4D	SET	OTR
Soffic.04C0023540-4C	C2C2-YABBY	TFF
Soffic.03G0025710-3H	AP2-EREBP	TFF
Soffic.06G0012670-6G	RWP-RK	TFF
Soffic.09G0009350-9E	NAC	TFF
Soffic.02G0021980-2A	C2C2-Dof	TFF
Soffic.04G0027510-4E	bZIP	TFF
Soffic.01D0026310-1D	Tify	TFF
Soffic.02G0027510-2C	mTERF	OTR
Soffic.07D0016260-7D	SOH1	OTR
Soffic.03G0008630-3F	bHLH	TFF
Soffic.02D0015550-2D	FHA	TFF
Soffic.01G0027200-1C	AP2-EREBP	TFF
Soffic.09G0015360-9A	OFP	TFF
Soffic.07B0006800-7B	GNAT	OTR
Soffic.01G0012470-1A	MYB-related	TFF
Soffic.01B0039260-1B	CCAAT	TFF
Soffic.01D0027210-1D	GRAS	TFF
Soffic.09G0024020-9F	Orphans	Orphans
Soffic.05G0002660-5H	MYB	TFF
Soffic.08G0011310-8B	Orphans	Orphans
Soffic.01G0014150-1A	C3H	TFF
Soffic.01G0033270-1D	GRAS	TFF
Soffic.07G0007960-7A	MYB	TFF
Soffic.10G0008160-10B	GRAS	TFF
Soffic.05G0004180-5A	Pseudo_ARR-B	OTR
Soffic.04C0006690-4C	bZIP	TFF
Soffic.09G0015180-9A	TUB	TFF
Soffic.05G0005280-5C	HB	TFF
Soffic.08G0002580-8H	C3H	TFF
Soffic.07G0008200-7G	MADS	TFF
Soffic.05G0022400-5A	GRAS	TFF
Soffic.05G0002320-5B	Orphans	Orphans
Soffic.03G0008980-3F	NAC	TFF
Soffic.09G0007170-9A	MADS	TFF
Soffic.10H0017930-10H	TRAF	OTR
Soffic.06G0005360-6D	Orphans	Orphans
Soffic.03G0009790-3A	C2C2-Dof	TFF
Soffic.01G0004640-1F	HSF	TFF
Soffic.01G0039620-1G	TRAF	OTR
Soffic.01G0022620-1B	GeBP	TFF
Soffic.10G0019250-10C	AP2-EREBP	TFF
Soffic.06H0015710-6H	C2H2	TFF
Soffic.08F0003830-8F	bZIP	TFF
Soffic.07G0006560-7H	PHD	OTR
Soffic.04G0010030-4B	bZIP	TFF
Soffic.10G0019760-10C	MYB-related	TFF
Soffic.05G0010350-5D	Orphans	Orphans
Soffic.01F0019220-1F	Orphans	Orphans
Soffic.04G0024860-4H	bHLH	TFF
Soffic.04G0025050-4C	MYB-related	TFF
Soffic.03G0030100-3C	Orphans	Orphans
Soffic.02C0015490-2C	WRKY	TFF
Soffic.05G0003830-5D	HB	TFF
Soffic.07D0018840-7D	MADS	TFF
Soffic.02C0001360-2C	MYB	TFF
Soffic.10G0019950-10D	MYB-related	TFF
Soffic.10G0000900-10A	MYB	TFF
Soffic.03G0010330-3H	WRKY	TFF
Soffic.01G0000230-1F	C2H2	TFF
Soffic.08G0006020-8A	C2H2	TFF
Soffic.01G0016100-1G	Orphans	Orphans
Soffic.01B0046230-1B	GeBP	TFF
Soffic.08H0005930-8H	zf-BED	TFF
Soffic.04G0003140-4A	ARF	TFF
Soffic.08G0010780-8F	bZIP	TFF
Soffic.07G0002810-7G	Orphans	Orphans
Soffic.06C0017560-6C	WRKY	TFF
Soffic.01G0009740-1B	C2C2-GATA	TFF
Soffic.02G0025060-2C	Orphans	Orphans
Soffic.01G0034880-1B	Orphans	Orphans
Soffic.01C0040620-1C	MYB	TFF
Soffic.01A0035670-1A	MYB	TFF
Soffic.03G0001770-3F	bZIP	TFF
Soffic.06E0009130-6E	GRAS	TFF
Soffic.10G0005940-10A	AP2-EREBP	TFF
Soffic.08G0014170-8C	ABI3VP1	TFF
Soffic.07G0016910-7H	mTERF	OTR
Soffic.04G0028270-4A	GNAT	OTR
Soffic.07G0016770-7G	RB	OTR
Soffic.05G0008870-5A	HSF	TFF
Soffic.01G0050310-1D	C2H2	TFF
Soffic.06G0019460-6B	Orphans	Orphans
Soffic.07G0003610-7H	C3H	TFF
Soffic.02G0024570-2H	MYB	TFF
Soffic.03G0002650-3G	C2C2-Dof	TFF
Soffic.09G0012010-9A	SET	OTR
Soffic.05G0020960-5G	GRAS	TFF
Soffic.09G0021410-9B	OFP	TFF
Soffic.02G0020170-2B	NAC	TFF
Soffic.06G0007900-6G	Orphans	Orphans
Soffic.02H0025270-2H	RWP-RK	TFF
Soffic.10G0015480-10B	bHLH	TFF
Soffic.09G0019260-9B	FAR1	TFF
Soffic.04G0023020-4F	GRF	TFF
Soffic.04G0000300-4B	MYB	TFF
Soffic.05G0012220-5C	GRAS	TFF
Soffic.02G0019630-2D	HSF	TFF
Soffic.07G0013080-7B	zf-BED	TFF
Soffic.07H0011750-7H	bHLH	TFF
Soffic.03G0016540-3A	WRKY	TFF
Soffic.04G0026000-4F	E2F-DP	TFF
Soffic.10G0006470-10D	DBP	TFF
Soffic.02C0030310-2C	bHLH	TFF
Soffic.06G0019900-6D	bZIP	TFF
Soffic.01G0006970-1D	GNAT	OTR
Soffic.05H0010750-5H	PAS	TFF
Soffic.07G0016510-7H	TRAF	OTR
Soffic.03G0030980-3A	Orphans	Orphans
Soffic.08G0006380-8A	NAC	TFF
Soffic.04G0005810-4G	bZIP	TFF
Soffic.10D0007320-10D	bHLH	TFF
Soffic.06G0009620-6D	Orphans	Orphans
Soffic.02G0002490-2D	zf-BED	TFF
Soffic.01H0039640-1H	C2H2	TFF
Soffic.08G0012120-8F	Orphans	Orphans
Soffic.03G0037290-3H	Tudor-knot	OTR
Soffic.07G0007150-7A	ABI3VP1	TFF
Soffic.01F0019590-1F	NAC	TFF
Soffic.09G0022820-9D	Sigma70-like	TFF
Soffic.01G0015420-1G	MADS	TFF
Soffic.03G0027080-3A	bHLH	TFF
Soffic.07G0014590-7C	SET	OTR
Soffic.01G0004030-1C	NAC	TFF
Soffic.05G0000310-5E	C2C2-Dof	TFF
Soffic.07G0014990-7C	SOH1	OTR
Soffic.04E0027810-4E	Top	TFF
Soffic.01G0008850-1G	bHLH	TFF
Soffic.04F0007360-4F	C2C2-GATA	TFF
Soffic.04D0027100-4D	Orphans	Orphans
Soffic.07G0005530-7D	TRAF	OTR
Soffic.05G0002300-5F	MYB	TFF
Soffic.05G0003410-5B	Orphans	Orphans
Soffic.07D0015810-7D	SET	OTR
Soffic.01G0047880-1F	NAC	TFF
Soffic.02G0024910-2F	MYB	TFF
Soffic.06G0022320-6G	GNAT	OTR
Soffic.01G0041780-1E	MYB-related	TFF
Soffic.02H0013020-2H	AP2-EREBP	TFF
Soffic.01G0008570-1G	HB	TFF
Soffic.05G0012030-5F	GRAS	TFF
Soffic.05G0012990-5C	WRKY	TFF
Soffic.05E0011140-5E	Sigma70-like	TFF
Soffic.02G0017850-2A	zf-BED	TFF
Soffic.04G0013890-4D	GRAS	TFF
Soffic.03G0004230-3E	MYB	TFF
Soffic.02G0008680-2F	MYB-related	TFF
Soffic.04G0014480-4A	FAR1	TFF
Soffic.03G0007400-3B	MYB-related	TFF
Soffic.04G0021500-4C	C2C2-CO-like	TFF
Soffic.05G0010350-5C	AP2-EREBP	TFF
Soffic.09G0010570-9F	FAR1	TFF
Soffic.10G0013180-10B	MYB-related	TFF
Soffic.10G0010710-10H	Orphans	Orphans
Soffic.02B0008080-2B	bHLH	TFF
Soffic.10C0008920-10C	bHLH	TFF
Soffic.02G0040010-2B	bZIP	TFF
Soffic.07D0018230-7D	bZIP	TFF
Soffic.05G0016340-5F	AP2-EREBP	TFF
Soffic.06G0025880-6A	NAC	TFF
Soffic.09H0017730-9H	CPP	TFF
Soffic.06B0005190-6B	Orphans	Orphans
Soffic.06G0000540-6A	GeBP	TFF
Soffic.01G0023970-1D	OFP	TFF
Soffic.06E0020940-6E	bHLH	TFF
Soffic.03G0033580-3E	bZIP	TFF
Soffic.04G0008090-4E	BES1	TFF
Soffic.05H0018940-5H	AP2-EREBP	TFF
Soffic.09G0012930-9D	mTERF	OTR
Soffic.01G0017320-1B	MYB-related	TFF
Soffic.01D0029840-1D	Orphans	Orphans
Soffic.09G0011290-9C	AP2-EREBP	TFF
Soffic.09G0018840-9G	Sigma70-like	TFF
Soffic.03C0015360-3C	zf-fF-X1	TFF
Soffic.02G0025060-2D	Orphans	Orphans
Soffic.04G0024330-4B	C3H	TFF
Soffic.01G0008710-1H	FAR1	TFF
Soffic.01G0032540-1B	Jumonji	OTR
Soffic.08G0005360-8F	MYB	TFF
Soffic.09G0020590-9D	NAC	TFF
Soffic.01G0028040-1H	AP2-EREBP	TFF
Soffic.02H0025390-2H	NAC	TFF
Soffic.05H0002810-5H	Orphans	Orphans
Soffic.10G0007490-10D	ARF	TFF
Soffic.01G0040530-1C	PHD	OTR
Soffic.05G0018110-5A	NAC	TFF
Soffic.04H0009710-4H	MYB-related	TFF
Soffic.07G0004420-7A	CCAAT	TFF
Soffic.02G0014960-2B	WRKY	TFF
Soffic.01G0030790-1H	C2H2	TFF
Soffic.10G0019890-10B	zf-BED	TFF
Soffic.08G0015390-8A	Orphans	Orphans
Soffic.04G0028390-4A	Orphans	Orphans
Soffic.07G0012830-7C	MYB-related	TFF
Soffic.03G0023300-3H	bHLH	TFF
Soffic.03G0034000-3G	bHLH	TFF
Soffic.03B0019940-3B	Orphans	Orphans
Soffic.06G0000560-6B	NAC	TFF
Soffic.07G0012620-7D	FAR1	TFF
Soffic.08F0005280-8F	MYB	TFF
Soffic.04D0029320-4D	MADS	TFF
Soffic.01E0023560-1E	Orphans	Orphans
Soffic.02G0007650-2E	C2H2	TFF
Soffic.01G0015250-1D	HB	TFF
Soffic.01G0005580-1B	bZIP	TFF
Soffic.02G0006760-2G	WRKY	TFF
Soffic.01G0008740-1C	MYB-related	TFF
Soffic.01D0008870-1D	C2H2	TFF
Soffic.06G0010780-6D	RWP-RK	TFF
Soffic.04G0016860-4H	AP2-EREBP	TFF
Soffic.09G0016750-9G	TUB	TFF
Soffic.02G0036260-2B	SART-1	OTR
Soffic.05G0005280-5D	MYB	TFF
Soffic.10G0005800-10E	LIM	TFF
Soffic.01G0026780-1H	WRKY	TFF
Soffic.08G0016030-8E	bHLH	TFF
Soffic.06F0017830-6F	MYB-related	TFF
Soffic.02G0031380-2H	C2H2	TFF
Soffic.03G0024540-3A	HSF	TFF
Soffic.01H0007170-1H	TRAF	OTR
Soffic.02H0019750-2H	AP2-EREBP	TFF
Soffic.06E0021920-6E	GeBP	TFF
Soffic.08F0004900-8F	CCAAT	TFF
Soffic.03G0013730-3C	AP2-EREBP	TFF
Soffic.08G0017940-8E	bHLH	TFF
Soffic.03G0001620-3E	Orphans	Orphans
Soffic.03D0035250-3D	PHD	OTR
Soffic.07G0010750-7G	bZIP	TFF
Soffic.06G0022710-6H	MYB-related	TFF
Soffic.06G0021360-6D	SBP	TFF
Soffic.07F0007010-7F	NAC	TFF
Soffic.04G0025290-4D	TUB	TFF
Soffic.03G0033180-3D	TUB	TFF
Soffic.03G0030900-3E	WRKY	TFF
Soffic.04D0025660-4D	HB	TFF
Soffic.02G0032560-2B	GRAS	TFF
Soffic.02G0003670-2H	mTERF	OTR
Soffic.02G0004510-2B	Tify	TFF
Soffic.02C0001440-2C	WRKY	TFF
Soffic.08G0006870-8A	WRKY	TFF
Soffic.08G0002760-8A	NAC	TFF
Soffic.08G0010660-8D	PHD	OTR
Soffic.06G0018460-6C	FAR1	TFF
Soffic.08G0005470-8C	MYB	TFF
Soffic.10G0019380-10D	Orphans	Orphans
Soffic.07G0009920-7E	Orphans	Orphans
Soffic.10E0019440-10E	NAC	TFF
Soffic.01G0036240-1B	FAR1	TFF
Soffic.05E0009230-5E	MYB	TFF
Soffic.04H0019250-4H	Orphans	Orphans
Soffic.09G0019830-9A	WRKY	TFF
Soffic.03G0016400-3C	Jumonji	OTR
Soffic.02G0005450-2B	TRAF	OTR
Soffic.01G0004200-1B	AP2-EREBP	TFF
Soffic.06C0025100-6C	TUB	TFF
Soffic.06G0019810-6G	WRKY	TFF
Soffic.07G0013300-7F	NAC	TFF
Soffic.06G0001270-6H	AP2-EREBP	TFF
Soffic.02D0017600-2D	MYB	TFF
Soffic.02G0021100-2D	WRKY	TFF
Soffic.04G0034510-4G	NAC	TFF
Soffic.03G0014990-3A	MYB	TFF
Soffic.04G0023550-4F	MYB-related	TFF
Soffic.03D0004390-3D	C3H	TFF
Soffic.08H0016690-8H	TFIID	TFF
Soffic.09G0009410-9H	OFP	TFF
Soffic.02G0014030-2H	WRKY	TFF
Soffic.01G0014540-1B	Orphans	Orphans
Soffic.10G0014350-10A	GRAS	TFF
Soffic.01H0021290-1H	TRAF	OTR
Soffic.03G0035650-3B	TCP	TFF
Soffic.08H0013780-8H	bHLH	TFF
Soffic.07H0004950-7H	SET	OTR
Soffic.01G0018680-1D	TRAF	OTR
Soffic.03G0033390-3B	C2H2	TFF
Soffic.03G0032140-3E	C2H2	TFF
Soffic.07E0015680-7E	MYB	TFF
Soffic.09G0019120-9E	C3H	TFF
Soffic.03G0018100-3B	Top	TFF
Soffic.06H0016910-6H	MYB-related	TFF
Soffic.10G0011890-10B	CCAAT	TFF
Soffic.05H0007350-5H	AP2-EREBP	TFF
Soffic.01G0042710-1G	bHLH	TFF
Soffic.01G0018530-1D	MADS	TFF
Soffic.03G0026940-3C	Orphans	Orphans
Soffic.03G0016990-3C	PHD	OTR
Soffic.05G0004020-5G	OFP	TFF
Soffic.08G0002580-8F	C3H	TFF
Soffic.04G0020510-4B	HB	TFF
Soffic.02G0031840-2D	GRAS	TFF
Soffic.02E0003780-2E	TRAF	OTR
Soffic.05G0004490-5D	Orphans	Orphans
Soffic.01D0010930-1D	AUX/IAA	OTR
Soffic.04C0027150-4C	NAC	TFF
Soffic.04C0011790-4C	GeBP	TFF
Soffic.04G0029810-4G	AP2-EREBP	TFF
Soffic.01G0030990-1G	PHD	OTR
Soffic.10G0018430-10D	MYB	TFF
Soffic.06G0026210-6G	CCAAT	TFF
Soffic.10G0020550-10C	NAC	TFF
Soffic.04G0023280-4A	bHLH	TFF
Soffic.04G0002820-4A	RWP-RK	TFF
Soffic.06G0018050-6H	MYB-related	TFF
Soffic.05C0000360-5C	SAP	TFF
Soffic.06C0013690-6C	LIM	TFF
Soffic.03E0036490-3E	ARR-B	TFF
Soffic.02G0017200-2B	MYB	TFF
Soffic.01G0044340-1H	AP2-EREBP	TFF
Soffic.06G0023700-6A	MYB-related	TFF
Soffic.03G0008630-3H	NAC	TFF
Soffic.10G0006740-10A	bZIP	TFF
Soffic.03G0037450-3E	SBP	TFF
Soffic.05G0004930-5E	Orphans	Orphans
Soffic.04H0024030-4H	GRF	TFF
Soffic.01G0031000-1A	GRAS	TFF
Soffic.01G0037950-1G	NAC	TFF
Soffic.10C0024330-10C	bZIP	TFF
Soffic.03G0022830-3D	FAR1	TFF
Soffic.07G0007330-7E	NAC	TFF
Soffic.01G0006800-1G	TRAF	OTR
Soffic.10G0016240-10B	FAR1	TFF
Soffic.01G0041410-1G	MADS	TFF
Soffic.02C0022630-2C	GNAT	OTR
Soffic.05G0003290-5A	DDT	OTR
Soffic.09G0012250-9H	AP2-EREBP	TFF
Soffic.04G0027000-4A	FAR1	TFF
Soffic.01G0003820-1G	mTERF	OTR
Soffic.05E0013620-5E	GNAT	OTR
Soffic.08G0004130-8G	FAR1	TFF
Soffic.05G0011550-5H	ARF	TFF
Soffic.02G0013080-2B	mTERF	OTR
Soffic.08G0004550-8C	FAR1	TFF
Soffic.02G0026450-2G	CAMTA	TFF
Soffic.01D0003370-1D	C3H	TFF
Soffic.04G0021550-4G	FAR1	TFF
Soffic.02G0003610-2H	mTERF	OTR
Soffic.03G0012790-3E	zf-BED	TFF
Soffic.07G0007630-7G	GNAT	OTR
Soffic.02G0022370-2D	SBP	TFF
Soffic.04H0026970-4H	bHLH	TFF
Soffic.09G0009390-9B	MYB	TFF
Soffic.07G0006420-7C	PHD	OTR
Soffic.01H0021880-1H	TRAF	OTR
Soffic.03G0018590-3G	Top	TFF
Soffic.03G0030530-3D	OFP	TFF
Soffic.08D0015780-8D	zf-LSD1	TFF
Soffic.07G0006230-7E	AP2-EREBP	TFF
Soffic.07G0017610-7D	HSF	TFF
Soffic.06G0002100-6A	Orphans	Orphans
Soffic.01G0010170-1C	MYB-related	TFF
Soffic.09G0019920-9D	FAR1	TFF
Soffic.02E0022360-2E	bHLH	TFF
Soffic.07G0002260-7F	Top	TFF
Soffic.07G0001060-7D	Orphans	Orphans
Soffic.05G0014880-5A	FAR1	TFF
Soffic.09G0020540-9A	Orphans	Orphans
Soffic.01G0013320-1A	SET	OTR
Soffic.09G0013720-9C	GRAS	TFF
Soffic.08G0015340-8D	CPP	TFF
Soffic.04D0021850-4D	Pseudo_ARR-B	OTR
Soffic.04B0026440-4B	NAC	TFF
Soffic.05G0008440-5G	PHD	OTR
Soffic.03G0015250-3B	Orphans	Orphans
Soffic.04G0022880-4E	OFP	TFF
Soffic.04G0011330-4G	WRKY	TFF
Soffic.01G0024380-1E	Top	TFF
Soffic.01G0016300-1A	Orphans	Orphans
Soffic.05G0020100-5C	MYB	TFF
Soffic.08G0005600-8F	Orphans	Orphans
Soffic.07B0007450-7B	MADS	TFF
Soffic.02G0037600-2B	DDT	OTR
Soffic.01G0025250-1A	C2H2	TFF
Soffic.01H0036530-1H	bZIP	TFF
Soffic.03C0034980-3C	ABI3VP1	TFF
Soffic.01G0027560-1F	GNAT	OTR
Soffic.03G0005820-3C	bHLH	TFF
Soffic.01G0047130-1B	FAR1	TFF
Soffic.09G0006540-9E	C2H2	TFF
Soffic.08G0003510-8E	C2H2	TFF
Soffic.02G0030630-2C	FAR1	TFF
Soffic.09G0018370-9B	WRKY	TFF
Soffic.01D0026290-1D	Tify	TFF
Soffic.04G0020200-4A	AP2-EREBP	TFF
Soffic.01E0027940-1E	Tify	TFF
Soffic.06G0011900-6C	FAR1	TFF
Soffic.07G0001370-7E	MYB-related	TFF
Soffic.01G0047520-1H	MYB-related	TFF
Soffic.05H0006090-5H	AP2-EREBP	TFF
Soffic.09G0024280-9A	Orphans	Orphans
Soffic.04G0015210-4F	E2F-DP	TFF
Soffic.01G0048110-1D	AP2-EREBP	TFF
Soffic.02G0011630-2C	MYB	TFF
Soffic.04E0009180-4E	NAC	TFF
Soffic.05G0002040-5G	FAR1	TFF
Soffic.02H0010660-2H	AP2-EREBP	TFF
Soffic.10G0010930-10B	MYB	TFF
Soffic.02G0008200-2G	TRAF	OTR
Soffic.01E0043050-1E	MYB-related	TFF
Soffic.09G0023480-9D	bHLH	TFF
Soffic.01G0043210-1B	HSF	TFF
Soffic.07D0006390-7D	TRAF	OTR
Soffic.04E0019310-4E	MYB	TFF
Soffic.07G0000540-7E	PHD	OTR
Soffic.07G0006960-7F	ARF	TFF
Soffic.07E0016200-7E	bHLH	TFF
Soffic.03G0036240-3D	bHLH	TFF
Soffic.04G0029500-4C	GNAT	OTR
Soffic.03G0029930-3A	WRKY	TFF
Soffic.08G0004380-8D	ABI3VP1	TFF
Soffic.08G0006650-8C	MADS	TFF
Soffic.01E0022340-1E	FHA	TFF
Soffic.08G0018620-8A	HB	TFF
Soffic.03H0011470-3H	MYB-related	TFF
Soffic.08G0001140-8G	Orphans	Orphans
Soffic.10G0008570-10A	E2F-DP	TFF
Soffic.03G0011560-3G	SBP	TFF
Soffic.04G0033820-4A	GRF	TFF
Soffic.06G0008280-6G	SET	OTR
Soffic.02G0027320-2D	Orphans	Orphans
Soffic.01D0012940-1D	CCAAT	TFF
Soffic.04H0018790-4H	MADS	TFF
Soffic.08E0008290-8E	bZIP	TFF
Soffic.04H0010650-4H	C3H	TFF
Soffic.05G0009190-5A	WRKY	TFF
Soffic.10G0015870-10G	C2C2-GATA	TFF
Soffic.08G0013960-8E	C2H2	TFF
Soffic.07G0017730-7B	zf-BED	TFF
Soffic.02G0017590-2F	SET	OTR
Soffic.03G0007100-3G	NAC	TFF
Soffic.01G0049890-1C	Orphans	Orphans
Soffic.02G0004080-2B	MADS	TFF
Soffic.03G0011970-3F	bHLH	TFF
Soffic.10C0017830-10C	ARR-B	TFF
Soffic.06G0015470-6G	MYB	TFF
Soffic.06G0001420-6E	SET	OTR
Soffic.02G0034840-2D	SAP	TFF
Soffic.04F0028180-4F	AP2-EREBP	TFF
Soffic.06G0006520-6C	AP2-EREBP	TFF
Soffic.09G0006380-9G	Orphans	Orphans
Soffic.03F0004910-3F	Alfin-like	TFF
Soffic.06G0014260-6H	WRKY	TFF
Soffic.04C0024740-4C	Orphans	Orphans
Soffic.01F0021530-1F	HB	TFF
Soffic.09G0013630-9E	C2C2-Dof	TFF
Soffic.02G0019560-2B	bZIP	TFF
Soffic.03G0031290-3C	MYB	TFF
Soffic.06G0025750-6G	Top	TFF
Soffic.08G0002120-8G	zf-HD	TFF
Soffic.06G0013830-6D	SET	OTR
Soffic.06G0020510-6G	zf-HD	TFF
Soffic.09G0022400-9D	WRKY	TFF
Soffic.09G0022560-9B	C3H	TFF
Soffic.06G0000070-6C	GeBP	TFF
Soffic.05G0007170-5D	WRKY	TFF
Soffic.04G0011430-4C	Orphans	Orphans
Soffic.04E0014920-4E	bHLH	TFF
Soffic.07H0001950-7H	bHLH	TFF
Soffic.01G0006790-1B	NAC	TFF
Soffic.09G0001340-9G	Orphans	Orphans
Soffic.01D0034680-1D	Orphans	Orphans
Soffic.03G0011400-3A	bHLH	TFF
Soffic.02D0028370-2D	Orphans	Orphans
Soffic.01E0027930-1E	Tify	TFF
Soffic.07H0006460-7H	ABI3VP1	TFF
Soffic.02G0017820-2F	WRKY	TFF
Soffic.05G0006810-5B	MYB-related	TFF
Soffic.09G0001220-9E	FAR1	TFF
Soffic.02G0017780-2G	WRKY	TFF
Soffic.01F0026640-1F	ABI3VP1	TFF
Soffic.10G0019910-10C	CCAAT	TFF
Soffic.09G0010100-9D	VOZ	TFF
Soffic.07G0004030-7G	ABI3VP1	TFF
Soffic.03G0020310-3A	WRKY	TFF
Soffic.01H0043080-1H	bHLH	TFF
Soffic.07G0002140-7D	zf-LSD1	TFF
Soffic.10H0008580-10H	GeBP	TFF
Soffic.08G0004390-8C	OFP	TFF
Soffic.03G0037280-3F	NAC	TFF
Soffic.05G0001680-5E	C3H	TFF
Soffic.04G0024130-4C	PHD	OTR
Soffic.01G0018400-1A	MADS	TFF
Soffic.04G0018150-4E	bHLH	TFF
Soffic.10G0009180-10B	NAC	TFF
Soffic.02G0023800-2C	NAC	TFF
Soffic.08D0002440-8D	MYB	TFF
Soffic.01G0003460-1E	NAC	TFF
Soffic.06G0017490-6H	MYB	TFF
Soffic.08G0000630-8F	Orphans	Orphans
Soffic.01C0031770-1C	Orphans	Orphans
Soffic.04H0014250-4H	HSF	TFF
Soffic.05E0004230-5E	OFP	TFF
Soffic.09G0016470-9B	OFP	TFF
Soffic.03C0012640-3C	NAC	TFF
Soffic.02G0032070-2C	BES1	TFF
Soffic.04G0017890-4G	bHLH	TFF
Soffic.01G0051930-1C	FHA	TFF
Soffic.08G0014500-8F	AUX/IAA	OTR
Soffic.03G0022550-3F	zf-BED	TFF
Soffic.03G0031920-3D	GRAS	TFF
Soffic.02G0018930-2G	SWI/SNF-BAF60b	OTR
Soffic.10D0012430-10D	PHD	OTR
Soffic.01G0038290-1C	WRKY	TFF
Soffic.04G0013000-4G	MYB-related	TFF
Soffic.01G0047890-1H	bZIP	TFF
Soffic.07G0003010-7D	Orphans	Orphans
Soffic.03G0025200-3C	HSF	TFF
Soffic.04G0024950-4G	AP2-EREBP	TFF
Soffic.08G0006450-8E	MYB	TFF
Soffic.02G0032350-2D	C2H2	TFF
Soffic.02G0011990-2D	MYB	TFF
Soffic.08G0001550-8C	NAC	TFF
Soffic.01H0027460-1H	MED26	OTR
Soffic.03G0039830-3A	EIL	TFF
Soffic.01G0021530-1G	MYB-related	TFF
Soffic.02G0021400-2A	bHLH	TFF
Soffic.03G0028020-3E	bHLH	TFF
Soffic.01G0018540-1D	MADS	TFF
Soffic.06G0016490-6A	AP2-EREBP	TFF
Soffic.02G0023910-2G	AUX/IAA	OTR
Soffic.03G0010370-3D	NAC	TFF
Soffic.07D0013650-7D	TCP	TFF
Soffic.06G0017920-6B	OFP	TFF
Soffic.04G0026470-4F	TCP	TFF
Soffic.03C0004500-3C	AUX/IAA	OTR
Soffic.05G0020320-5H	GRAS	TFF
Soffic.05G0000040-5G	MYB	TFF
Soffic.09G0007360-9F	HMG	OTR
Soffic.04F0003330-4F	AP2-EREBP	TFF
Soffic.04G0031740-4C	bHLH	TFF
Soffic.07E0005200-7E	MADS	TFF
Soffic.01H0011230-1H	SWI/SNF-BAF60b	OTR
Soffic.03G0016710-3B	WRKY	TFF
Soffic.02G0032100-2A	GNAT	OTR
Soffic.04G0005170-4F	Orphans	Orphans
Soffic.03G0030080-3F	MYB	TFF
Soffic.01E0050190-1E	AP2-EREBP	TFF
Soffic.04G0014440-4C	FAR1	TFF
Soffic.01G0017290-1E	MYB	TFF
Soffic.10G0018780-10C	Top	TFF
Soffic.04F0016380-4F	Orphans	Orphans
Soffic.02G0037380-2C	bZIP	TFF
Soffic.01G0045490-1C	C2C2-YABBY	TFF
Soffic.03G0026150-3G	Orphans	Orphans
Soffic.01G0027320-1G	GeBP	TFF
Soffic.09G0008870-9D	MADS	TFF
Soffic.01F0024540-1F	MED26	OTR
Soffic.08G0008720-8D	C3H	TFF
Soffic.02G0023510-2G	AP2-EREBP	TFF
Soffic.09G0016290-9A	C2H2	TFF
Soffic.05F0004270-5F	NAC	TFF
Soffic.03H0032470-3H	MYB-related	TFF
Soffic.01G0047020-1A	GNAT	OTR
Soffic.01D0009360-1D	WRKY	TFF
Soffic.08G0015660-8E	Orphans	Orphans
Soffic.08G0017900-8D	SET	OTR
Soffic.01G0041620-1A	GRAS	TFF
Soffic.01G0041310-1C	Orphans	Orphans
Soffic.03G0025560-3H	WRKY	TFF
Soffic.03G0022230-3C	AP2-EREBP	TFF
Soffic.07G0014010-7D	MYB	TFF
Soffic.07F0014300-7F	CCAAT	TFF
Soffic.03G0002870-3B	zf-BED	TFF
Soffic.04G0015200-4E	C2H2	TFF
Soffic.01G0043190-1D	zf-BED	TFF
Soffic.01D0041300-1D	LIM	TFF
Soffic.10G0018570-10E	mTERF	OTR
Soffic.10G0017190-10H	FAR1	TFF
Soffic.07G0005910-7F	WRKY	TFF
Soffic.08G0013620-8F	FAR1	TFF
Soffic.07G0020310-7C	TRAF	OTR
Soffic.02G0032630-2C	GRAS	TFF
Soffic.07G0006240-7E	AP2-EREBP	TFF
Soffic.10G0015390-10G	NAC	TFF
Soffic.03F0003560-3F	Orphans	Orphans
Soffic.04G0005480-4C	TUB	TFF
Soffic.03H0005860-3H	MYB	TFF
Soffic.07G0000130-7D	Top	TFF
Soffic.03G0016980-3D	C2H2	TFF
Soffic.01G0041240-1A	C2H2	TFF
Soffic.04G0013310-4D	FAR1	TFF
Soffic.05G0021310-5C	AP2-EREBP	TFF
Soffic.02G0020340-2F	zf-HD	TFF
Soffic.06G0023120-6E	MED7	OTR
Soffic.04F0013000-4F	FAR1	TFF
Soffic.10G0011470-10H	NAC	TFF
Soffic.04G0027260-4C	MYB	TFF
Soffic.02G0015700-2E	Jumonji	OTR
Soffic.01G0029680-1G	bZIP	TFF
Soffic.03H0029170-3H	MYB	TFF
Soffic.09H0021660-9H	Orphans	Orphans
Soffic.07G0004610-7G	FAR1	TFF
Soffic.03G0002220-3E	Orphans	Orphans
Soffic.06G0010880-6E	MYB	TFF
Soffic.05G0005520-5D	NAC	TFF
Soffic.06H0019610-6H	GNAT	OTR
Soffic.01G0046550-1F	Orphans	Orphans
Soffic.04H0027010-4H	mTERF	OTR
Soffic.04E0010100-4E	PAS	TFF
Soffic.05G0017870-5C	MADS	TFF
Soffic.01G0046950-1F	bHLH	TFF
Soffic.01G0026770-1A	Tify	TFF
Soffic.07G0008800-7G	MYB	TFF
Soffic.03B0019680-3B	GRAS	TFF
Soffic.10G0008560-10E	TCP	TFF
Soffic.03G0040330-3E	Top	TFF
Soffic.07G0004740-7A	CCAAT	TFF
Soffic.08G0017490-8D	NAC	TFF
Soffic.03G0035160-3G	Tify	TFF
Soffic.01G0014060-1H	ABI3VP1	TFF
Soffic.03G0005150-3B	MYB-related	TFF
Soffic.07G0011590-7C	FAR1	TFF
Soffic.10G0021680-10A	AUX/IAA	OTR
Soffic.03F0010000-3F	C3H	TFF
Soffic.03G0032760-3H	bZIP	TFF
Soffic.08G0017160-8G	bHLH	TFF
Soffic.04G0035660-4G	C3H	TFF
Soffic.01F0044470-1F	HB	TFF
Soffic.04E0021700-4E	WRKY	TFF
Soffic.10G0008990-10C	TCP	TFF
Soffic.07B0012240-7B	Jumonji	OTR
Soffic.06G0020620-6E	AP2-EREBP	TFF
Soffic.04D0015770-4D	HSF	TFF
Soffic.09C0020050-9C	MYB	TFF
Soffic.02G0024900-2E	mTERF	OTR
Soffic.04C0006680-4C	MYB-related	TFF
Soffic.03G0025250-3G	CPP	TFF
Soffic.02G0029850-2F	MYB	TFF
Soffic.09G0015650-9B	MYB	TFF
Soffic.06G0007340-6A	zf-HD	TFF
Soffic.08G0000010-8F	PAS	TFF
Soffic.04G0033080-4F	zf-BED	TFF
Soffic.01G0031130-1H	C2H2	TFF
Soffic.01G0006090-1D	MYB	TFF
Soffic.01G0007980-1C	FAR1	TFF
Soffic.04G0008000-4A	bHLH	TFF
Soffic.04G0000490-4E	Orphans	Orphans
Soffic.07G0006800-7C	ABI3VP1	TFF
Soffic.01G0046870-1F	Orphans	Orphans
Soffic.06G0010290-6E	MADS	TFF
Soffic.08G0004440-8B	WRKY	TFF
Soffic.09G0020630-9C	AP2-EREBP	TFF
Soffic.01G0038830-1A	MYB-related	TFF
Soffic.01G0039750-1C	AP2-EREBP	TFF
Soffic.05G0000300-5F	PAS	TFF
Soffic.10G0022920-10A	Orphans	Orphans
Soffic.04G0019220-4E	NAC	TFF
Soffic.09G0013600-9D	NAC	TFF
Soffic.01E0044720-1E	AP2-EREBP	TFF
Soffic.05G0016890-5D	Orphans	Orphans
Soffic.09G0009720-9C	PHD	OTR
Soffic.07G0013740-7A	SET	OTR
Soffic.07G0001730-7A	zf-BED	TFF
Soffic.04G0028870-4A	AP2-EREBP	TFF
Soffic.05G0017020-5D	MADS	TFF
Soffic.04G0024810-4G	AP2-EREBP	TFF
Soffic.03C0031010-3C	bZIP	TFF
Soffic.06G0009420-6E	FHA	TFF
Soffic.08G0015300-8E	FAR1	TFF
Soffic.01G0024350-1B	bHLH	TFF
Soffic.04G0002690-4C	TAZ	TFF
Soffic.08G0002420-8B	bZIP	TFF
Soffic.09H0018220-9H	C3H	TFF
Soffic.08G0014490-8F	AUX/IAA	OTR
Soffic.04G0027370-4B	TCP	TFF
Soffic.01C0032410-1C	OFP	TFF
Soffic.01G0052260-1B	SWI/SNF-BAF60b	OTR
Soffic.04H0000470-4H	bHLH	TFF
Soffic.04G0003600-4D	Orphans	Orphans
Soffic.04G0014010-4E	C2H2	TFF
Soffic.03G0037950-3A	GRAS	TFF
Soffic.04G0016900-4D	HSF	TFF
Soffic.01C0045800-1C	MYB-related	TFF
Soffic.06G0021810-6B	Orphans	Orphans
Soffic.07G0005540-7D	TRAF	OTR
Soffic.02G0001300-2H	zf-C5HC2	TFF
Soffic.06G0015170-6B	C2C2-GATA	TFF
Soffic.03G0028590-3B	MYB	TFF
Soffic.03C0004130-3C	PHD	OTR
Soffic.02C0015480-2C	WRKY	TFF
Soffic.01G0042150-1G	FAR1	TFF
Soffic.07G0013090-7B	MYB-related	TFF
Soffic.02G0023320-2G	bHLH	TFF
Soffic.10G0006450-10C	LIM	TFF
Soffic.04H0020210-4H	Orphans	Orphans
Soffic.05G0003230-5D	bZIP	TFF
Soffic.09G0001000-9F	GRAS	TFF
Soffic.08G0014410-8A	Orphans	Orphans
Soffic.01G0044470-1G	MYB	TFF
Soffic.01D0023480-1D	E2F-DP	TFF
Soffic.08G0003260-8D	WRKY	TFF
Soffic.08G0009560-8E	ARF	TFF
Soffic.06D0014320-6D	C2H2	TFF
Soffic.09G0022590-9D	bHLH	TFF
Soffic.01F0006420-1F	PAS	TFF
Soffic.03D0001390-3D	Orphans	Orphans
Soffic.03G0003100-3D	Orphans	Orphans
Soffic.04H0001150-4H	CSD	TFF
Soffic.08G0013440-8B	CPP	TFF
Soffic.01G0039090-1E	mTERF	OTR
Soffic.01F0003400-1F	GRAS	TFF
Soffic.09G0001870-9B	FAR1	TFF
Soffic.01G0016630-1B	GRAS	TFF
Soffic.01G0022840-1B	TRAF	OTR
Soffic.02C0026310-2C	HMG	OTR
Soffic.02G0019990-2D	bHLH	TFF
Soffic.05G0020510-5H	GRAS	TFF
Soffic.02G0024250-2H	MYB	TFF
Soffic.01D0029830-1D	MYB-related	TFF
Soffic.01G0053730-1D	SWI/SNF-BAF60b	OTR
Soffic.01G0013010-1H	NOT2_3_5	OTR
Soffic.04C0004980-4C	SBP	TFF
Soffic.07G0010620-7D	mTERF	OTR
Soffic.05B0012220-5B	FHA	TFF
Soffic.06G0002400-6D	Orphans	Orphans
Soffic.06G0011110-6H	RWP-RK	TFF
Soffic.07G0005080-7F	SWI/SNF-SWI3	OTR
Soffic.03E0006580-3E	bZIP	TFF
Soffic.05G0001900-5D	AP2-EREBP	TFF
Soffic.01G0035050-1F	bZIP	TFF
Soffic.08G0008020-8B	MADS	TFF
Soffic.04G0028550-4A	GRF	TFF
Soffic.01G0027770-1H	zf-LSD1	TFF
Soffic.08G0014230-8G	WRKY	TFF
Soffic.10G0019780-10E	AP2-EREBP	TFF
Soffic.05C0020840-5C	AP2-EREBP	TFF
Soffic.02G0037810-2D	NAC	TFF
Soffic.06G0010670-6G	GNAT	OTR
Soffic.04G0002940-4C	ARF	TFF
Soffic.10G0014220-10A	bHLH	TFF
Soffic.05G0012100-5A	WRKY	TFF
Soffic.04G0001890-4C	bZIP	TFF
Soffic.01G0014770-1A	bZIP	TFF
Soffic.01G0055800-1A	MYB-related	TFF
Soffic.07F0005770-7F	RWP-RK	TFF
Soffic.06G0019110-6F	SET	OTR
Soffic.07G0003070-7C	zf-LSD1	TFF
Soffic.02G0040150-2C	bZIP	TFF
Soffic.03G0015510-3B	zf-BED	TFF
Soffic.07G0007680-7B	Orphans	Orphans
Soffic.09G0022590-9C	Sigma70-like	TFF
Soffic.08D0005070-8D	AP2-EREBP	TFF
Soffic.03G0033430-3D	C2H2	TFF
Soffic.07D0005260-7D	MBF1	OTR
Soffic.03G0004830-3E	bHLH	TFF
Soffic.07G0003350-7D	zf-BED	TFF
Soffic.03G0003100-3C	TRAF	OTR
Soffic.04G0023240-4D	NAC	TFF
Soffic.07G0008510-7D	WRKY	TFF
Soffic.05G0021290-5C	AP2-EREBP	TFF
Soffic.04D0012210-4D	GeBP	TFF
Soffic.01G0054590-1A	Trihelix	TFF
Soffic.01G0035370-1F	Orphans	Orphans
Soffic.01G0022230-1B	TRAF	OTR
Soffic.04G0028890-4H	C2H2	TFF
Soffic.01G0025510-1A	Orphans	Orphans
Soffic.01G0010470-1A	HSF	TFF
Soffic.06G0006000-6G	NAC	TFF
Soffic.01E0009300-1E	WRKY	TFF
Soffic.10G0012180-10F	Orphans	Orphans
Soffic.07G0001320-7B	Orphans	Orphans
Soffic.10G0006680-10E	ARF	TFF
Soffic.03G0030850-3H	bHLH	TFF
Soffic.02D0015390-2D	NAC	TFF
Soffic.07G0012950-7F	TCP	TFF
Soffic.01G0030150-1A	MED26	OTR
Soffic.06G0012040-6G	TAZ	TFF
Soffic.03G0008120-3G	bHLH	TFF
Soffic.06G0014130-6D	MYB	TFF
Soffic.08G0014310-8B	ARF	TFF
Soffic.10F0003680-10F	BSD	TFF
Soffic.08G0015280-8H	bHLH	TFF
Soffic.09G0011280-9C	AP2-EREBP	TFF
Soffic.04G0007880-4F	HB	TFF
Soffic.03G0002460-3G	bHLH	TFF
Soffic.03G0037890-3H	GRAS	TFF
Soffic.06G0011480-6C	Orphans	Orphans
Soffic.07G0014100-7A	SGT1	OTR
Soffic.06G0014750-6F	LIM	TFF
Soffic.03G0026760-3H	TRAF	OTR
Soffic.01G0023250-1D	Orphans	Orphans
Soffic.01F0005100-1F	zf-A20	TFF
Soffic.06G0019190-6A	MYB-related	TFF
Soffic.04G0022300-4F	PHD	OTR
Soffic.01G0047810-1A	AP2-EREBP	TFF
Soffic.08G0010590-8G	MYB	TFF
Soffic.01G0029960-1C	ARR-B	TFF
Soffic.10G0017670-10A	GNAT	OTR
Soffic.01G0011690-1B	SET	OTR
Soffic.02D0002760-2D	MADS	TFF
Soffic.02G0004030-2G	zf-BED	TFF
Soffic.10G0016940-10A	mTERF	OTR
Soffic.07G0006060-7A	WRKY	TFF
Soffic.03G0036890-3A	Tify	TFF
Soffic.10G0000080-10H	AP2-EREBP	TFF
Soffic.06G0012660-6F	SBP	TFF
Soffic.04G0013370-4C	WRKY	TFF
Soffic.08G0014760-8E	ABI3VP1	TFF
Soffic.03G0003450-3B	C2C2-Dof	TFF
Soffic.06G0005340-6G	FAR1	TFF
Soffic.02G0022170-2B	MYB-related	TFF
Soffic.09G0009190-9D	zf-BED	TFF
Soffic.04G0018430-4B	Alfin-like	TFF
Soffic.03G0001090-3G	bHLH	TFF
Soffic.01G0010880-1B	MYB	TFF
Soffic.08G0013360-8B	Orphans	Orphans
Soffic.01G0002020-1D	zf-BED	TFF
Soffic.02G0040400-2B	Orphans	Orphans
Soffic.09G0006810-9G	HMG	OTR
Soffic.04G0008860-4C	BES1	TFF
Soffic.01G0031880-1B	GRAS	TFF
Soffic.09G0005230-9C	ABI3VP1	TFF
Soffic.08G0006520-8H	Orphans	Orphans
Soffic.09G0005420-9E	FAR1	TFF
Soffic.03G0020880-3A	C3H	TFF
Soffic.06G0013210-6F	C1-4-t1	TFF
Soffic.01G0030780-1H	C2H2	TFF
Soffic.10D0025690-10D	bZIP	TFF
Soffic.09C0022280-9C	MYB-related	TFF
Soffic.08G0000070-8H	PAS	TFF
Soffic.05G0009130-5C	Orphans	Orphans
Soffic.04H0019850-4H	ABI3VP1	TFF
Soffic.07G0016680-7C	bHLH	TFF
Soffic.09C0022890-9C	MADS	TFF
Soffic.02G0033480-2C	C2H2	TFF
Soffic.04G0005170-4H	bZIP	TFF
Soffic.09G0010680-9C	SET	OTR
Soffic.10G0008920-10D	AP2-EREBP	TFF
Soffic.04G0000090-4F	AP2-EREBP	TFF
Soffic.04G0002910-4H	ARF	TFF
Soffic.03G0037380-3A	RWP-RK	TFF
Soffic.09G0001380-9B	C2H2	TFF
Soffic.04G0025330-4F	Orphans	Orphans
Soffic.06G0026870-6G	Rcd1-like	OTR
Soffic.01G0007040-1F	WRKY	TFF
Soffic.10G0018600-10D	AP2-EREBP	TFF
Soffic.05G0012350-5D	Orphans	Orphans
Soffic.02G0000160-2G	bHLH	TFF
Soffic.06B0002010-6B	TCP	TFF
Soffic.05G0017870-5D	NAC	TFF
Soffic.02G0030690-2A	GRAS	TFF
Soffic.03G0026500-3E	AP2-EREBP	TFF
Soffic.01G0010290-1B	HB	TFF
Soffic.05G0019920-5A	C2C2-Dof	TFF
Soffic.04G0021210-4G	Orphans	Orphans
Soffic.07G0018680-7G	AP2-EREBP	TFF
Soffic.01G0008730-1D	C2C2-Dof	TFF
Soffic.07G0020120-7E	C2C2-Dof	TFF
Soffic.10G0002900-10A	bZIP	TFF
Soffic.02G0037840-2H	bZIP	TFF
Soffic.03G0033190-3D	bZIP	TFF
Soffic.02B0008250-2B	C2H2	TFF
Soffic.05G0021120-5E	AP2-EREBP	TFF
Soffic.02G0025300-2H	Orphans	Orphans
Soffic.06E0011230-6E	NAC	TFF
Soffic.06G0021190-6D	AP2-EREBP	TFF
Soffic.02G0013450-2F	MYB-related	TFF
Soffic.05G0008370-5F	Orphans	Orphans
Soffic.09H0015030-9H	C2C2-Dof	TFF
Soffic.01G0025080-1A	AP2-EREBP	TFF
Soffic.02E0003790-2E	TRAF	OTR
Soffic.01G0022880-1G	ABI3VP1	TFF
Soffic.04G0014210-4B	MADS	TFF
Soffic.04G0026360-4D	GNAT	OTR
Soffic.08B0001390-8B	zf-HD	TFF
Soffic.01G0030980-1G	MYB	TFF
Soffic.09G0020300-9G	WRKY	TFF
Soffic.03G0008000-3E	bHLH	TFF
Soffic.03G0011480-3E	bHLH	TFF
Soffic.01G0006200-1G	zf-A20	TFF
Soffic.04F0026330-4F	bHLH	TFF
Soffic.02H0037780-2H	MYB	TFF
Soffic.03G0001700-3E	NOZZLE	TFF
Soffic.05G0010960-5B	C2H2	TFF
Soffic.03G0031460-3F	bHLH	TFF
Soffic.09G0022610-9F	bZIP	TFF
Soffic.02G0032820-2C	GRAS	TFF
Soffic.09D0006320-9D	HMG	OTR
Soffic.04H0022550-4H	LIM	TFF
Soffic.01G0038370-1C	Orphans	Orphans
Soffic.09G0002760-9G	MYB	TFF
Soffic.10C0010040-10C	C3H	TFF
Soffic.05G0012530-5A	GRAS	TFF
Soffic.01F0030070-1F	MYB	TFF
Soffic.05G0014160-5H	Orphans	Orphans
Soffic.02B0014220-2B	AP2-EREBP	TFF
Soffic.01G0000440-1B	WRKY	TFF
Soffic.01C0049980-1C	OFP	TFF
Soffic.07G0017980-7H	Yl1	TFF
Soffic.03G0009420-3D	NAC	TFF
Soffic.01G0049370-1D	HB	TFF
Soffic.02G0011670-2F	bHLH	TFF
Soffic.01G0041830-1A	Orphans	Orphans
Soffic.04G0018130-4G	Orphans	Orphans
Soffic.03G0036550-3F	TIG	TFF
Soffic.01H0027340-1H	MED26	OTR
Soffic.02G0018550-2E	bHLH	TFF
Soffic.02G0022470-2G	MADS	TFF
Soffic.03G0027040-3D	zf-A20	TFF
Soffic.08G0013480-8G	C2C2-Dof	TFF
Soffic.01G0007300-1G	WRKY	TFF
Soffic.09G0009160-9B	AP2-EREBP	TFF
Soffic.04G0003650-4G	Orphans	Orphans
Soffic.07G0004050-7E	AP2-EREBP	TFF
Soffic.09G0006130-9C	C2H2	TFF
Soffic.04G0022660-4F	C2H2	TFF
Soffic.02G0005080-2F	bZIP	TFF
Soffic.04G0020030-4G	mTERF	OTR
Soffic.10G0010490-10E	NAC	TFF
Soffic.06G0010250-6B	zf-HD	TFF
Soffic.04G0010740-4D	NAC	TFF
Soffic.03D0021470-3D	HMG	OTR
Soffic.02G0018300-2A	MYB	TFF
Soffic.01G0008200-1C	FAR1	TFF
Soffic.07H0001380-7H	NAC	TFF
Soffic.04E0003880-4E	Orphans	Orphans
Soffic.01G0005560-1D	ABI3VP1	TFF
Soffic.03G0013120-3A	C2C2-GATA	TFF
Soffic.03G0004710-3F	bZIP	TFF
Soffic.03G0023760-3B	MADS	TFF
Soffic.03G0036870-3F	MYB	TFF
Soffic.01H0021890-1H	Orphans	Orphans
Soffic.03H0036660-3H	AP2-EREBP	TFF
Soffic.03G0009610-3B	Top	TFF
Soffic.02G0017800-2B	bHLH	TFF
Soffic.02A0031930-2A	C3H	TFF
Soffic.04G0016550-4G	MYB-related	TFF
Soffic.08G0017180-8A	TCP	TFF
Soffic.03G0018980-3G	zf-LSD1	TFF
Soffic.02G0003660-2G	zf-A20	TFF
Soffic.06G0000980-6D	MYB-related	TFF
Soffic.03G0035900-3C	Orphans	Orphans
Soffic.05G0016170-5B	GRF	TFF
Soffic.07G0001910-7B	Orphans	Orphans
Soffic.02G0029640-2A	CCAAT	TFF
Soffic.02G0019690-2A	ARID	OTR
Soffic.04G0019380-4B	MYB	TFF
Soffic.04G0016490-4C	zf-A20	TFF
Soffic.02G0016490-2E	MYB	TFF
Soffic.10G0015980-10F	bZIP	TFF
Soffic.01G0025640-1H	C2C2-Dof	TFF
Soffic.04G0033640-4A	MYB	TFF
Soffic.01G0033900-1G	Orphans	Orphans
Soffic.01G0017120-1D	FAR1	TFF
Soffic.06G0018280-6H	WRKY	TFF
Soffic.10G0019070-10A	TRAF	OTR
Soffic.01D0026280-1D	Tify	TFF
Soffic.04G0004310-4C	ARF	TFF
Soffic.06G0006290-6C	zf-BED	TFF
Soffic.09B0006480-9B	C2H2	TFF
Soffic.04G0026330-4G	bHLH	TFF
Soffic.09G0021700-9C	NAC	TFF
Soffic.09H0012000-9H	AP2-EREBP	TFF
Soffic.10G0005750-10H	zf-MIZ	OTR
Soffic.10G0016650-10D	AUX/IAA	OTR
Soffic.08G0003920-8B	MYB	TFF
Soffic.03G0001960-3H	bHLH	TFF
Soffic.01H0020530-1H	Orphans	Orphans
Soffic.04G0003210-4B	PAS	TFF
Soffic.02G0018730-2F	Tify	TFF
Soffic.03G0031880-3D	MYB	TFF
Soffic.01G0025970-1A	zf-BED	TFF
Soffic.03G0031920-3C	OFP	TFF
Soffic.06G0008720-6F	Orphans	Orphans
Soffic.09G0019890-9C	Orphans	Orphans
Soffic.01F0003640-1F	C2H2	TFF
Soffic.05G0021000-5G	GRAS	TFF
Soffic.02G0030030-2F	ABI3VP1	TFF
Soffic.06G0008880-6G	MADS	TFF
Soffic.02G0030990-2C	NAC	TFF
Soffic.10G0014090-10C	MADS	TFF
Soffic.04G0000980-4A	zf-A20	TFF
Soffic.05G0020910-5F	PAS	TFF
Soffic.02G0023060-2A	zf-BED	TFF
Soffic.01G0036520-1G	bZIP	TFF
Soffic.04F0005390-4F	PLATZ	TFF
Soffic.09G0002610-9B	HB	TFF
Soffic.10G0010690-10B	zf-fF-X1	TFF
Soffic.10G0017610-10A	Top	TFF
Soffic.05F0001870-5F	C3H	TFF
Soffic.06F0008050-6F	AP2-EREBP	TFF
Soffic.04G0022280-4E	PHD	OTR
Soffic.04H0018780-4H	MADS	TFF
Soffic.04G0028330-4C	AP2-EREBP	TFF
Soffic.03G0024820-3C	Orphans	Orphans
Soffic.05G0009180-5A	WRKY	TFF
Soffic.06G0008290-6G	AP2-EREBP	TFF
Soffic.10G0020320-10D	MYB-related	TFF
Soffic.01G0047870-1A	TIG	TFF
Soffic.02C0018860-2C	CCAAT	TFF
Soffic.01G0005530-1G	WRKY	TFF
Soffic.01D0022980-1D	Orphans	Orphans
Soffic.01G0038880-1D	C3H	TFF
Soffic.05G0014280-5A	CCAAT	TFF
Soffic.08H0003010-8H	Orphans	Orphans
Soffic.03G0030770-3G	MYB	TFF
Soffic.06D0023660-6D	CCAAT	TFF
Soffic.01G0014790-1F	zf-BED	TFF
Soffic.01G0050700-1A	OFP	TFF
Soffic.10G0005830-10B	BBR/BPC	TFF
Soffic.02G0004090-2B	MADS	TFF
Soffic.02G0015780-2A	Orphans	Orphans
Soffic.01F0002900-1F	C2C2-GATA	TFF
Soffic.07F0007590-7F	Orphans	Orphans
Soffic.03G0011910-3H	Orphans	Orphans
Soffic.10G0012650-10C	TRAF	OTR
Soffic.02G0022780-2E	zf-A20	TFF
Soffic.02B0002500-2B	C2C2-Dof	TFF
Soffic.09G0017130-9B	Orphans	Orphans
Soffic.08G0006190-8G	FAR1	TFF
Soffic.05G0010540-5A	zf-BED	TFF
Soffic.02E0035310-2E	C3H	TFF
Soffic.08G0012540-8B	ABI3VP1	TFF
Soffic.07G0017410-7E	NAC	TFF
Soffic.03G0030510-3H	WRKY	TFF
Soffic.06G0017470-6A	C2H2	TFF
Soffic.09G0016370-9A	Orphans	Orphans
Soffic.09G0013820-9E	MYB-related	TFF
Soffic.10G0010960-10H	zf-fF-X1	TFF
Soffic.10A0022530-10A	SRS	TFF
Soffic.02G0023120-2A	MYB-related	TFF
Soffic.01G0009060-1G	PAS	TFF
Soffic.01G0024010-1B	Tify	TFF
Soffic.06G0002590-6C	ABI3VP1	TFF
Soffic.04F0002710-4F	Orphans	Orphans
Soffic.09G0024210-9F	Sigma70-like	TFF
Soffic.01G0048370-1B	HSF	TFF
Soffic.02G0013250-2B	GNAT	OTR
Soffic.03G0025470-3C	VOZ	TFF
Soffic.01G0035320-1F	PHD	OTR
Soffic.04G0028100-4C	mTERF	OTR
Soffic.05G0000370-5B	PAS	TFF
Soffic.04G0016940-4B	zf-BED	TFF
Soffic.01H0017400-1H	GNAT	OTR
Soffic.01F0003210-1F	NAC	TFF
Soffic.03D0033230-3D	Top	TFF
Soffic.01E0008460-1E	C2H2	TFF
Soffic.03G0002740-3F	C2H2	TFF
Soffic.02G0000330-2E	TRAF	OTR
Soffic.02G0017550-2H	AP2-EREBP	TFF
Soffic.01E0048990-1E	bHLH	TFF
Soffic.04G0023060-4G	MYB	TFF
Soffic.09G0013220-9B	FAR1	TFF
Soffic.04D0023440-4D	C2C2-GATA	TFF
Soffic.05G0006710-5D	Orphans	Orphans
Soffic.01G0046070-1F	Orphans	Orphans
Soffic.02F0001230-2F	zf-BED	TFF
Soffic.02G0017950-2H	AP2-EREBP	TFF
Soffic.10G0014270-10A	C2C2-GATA	TFF
Soffic.01E0048590-1E	Tify	TFF
Soffic.07G0002400-7G	TRAF	OTR
Soffic.06G0016400-6B	bHLH	TFF
Soffic.01G0035940-1D	Top	TFF
Soffic.06G0023910-6C	MYB	TFF
Soffic.02G0025900-2H	AP2-EREBP	TFF
Soffic.03G0035780-3F	mTERF	OTR
Soffic.09G0020490-9G	C2C2-GATA	TFF
Soffic.06G0007690-6A	Orphans	Orphans
Soffic.03H0034600-3H	Alfin-like	TFF
Soffic.08F0006710-8F	MADS	TFF
Soffic.02G0038670-2B	AP2-EREBP	TFF
Soffic.01G0008440-1F	GRAS	TFF
Soffic.04G0008800-4A	BES1	TFF
Soffic.01G0043710-1C	CCAAT	TFF
Soffic.03G0003280-3H	C3H	TFF
Soffic.08G0003300-8H	C2H2	TFF
Soffic.04G0008450-4F	BES1	TFF
Soffic.06G0008790-6A	DDT	OTR
Soffic.02D0007090-2D	FAR1	TFF
Soffic.08H0003020-8H	Orphans	Orphans
Soffic.01G0005470-1H	DDT	OTR
Soffic.10G0012030-10A	CPP	TFF
Soffic.01G0015060-1E	C3H	TFF
Soffic.09D0000010-9D	WRKY	TFF
Soffic.04G0028580-4A	Orphans	Orphans
Soffic.04D0004130-4D	AP2-EREBP	TFF
Soffic.01H0040740-1H	C2C2-YABBY	TFF
Soffic.08G0017820-8G	TRAF	OTR
Soffic.07G0017730-7E	bHLH	TFF
Soffic.01G0015050-1C	HB	TFF
Soffic.10G0006480-10C	Orphans	Orphans
Soffic.04G0007770-4G	bZIP	TFF
Soffic.05D0005130-5D	NAC	TFF
Soffic.10G0010300-10E	C2C2-CO-like	TFF
Soffic.05G0000700-5G	TRAF	OTR
Soffic.02G0024140-2B	AP2-EREBP	TFF
Soffic.07G0003380-7C	Sigma70-like	TFF
Soffic.02G0018490-2A	MYB	TFF
Soffic.05G0005080-5C	OFP	TFF
Soffic.07G0017840-7D	bZIP	TFF
Soffic.01G0011460-1B	TCP	TFF
Soffic.02G0004170-2D	zf-BED	TFF
Soffic.01G0011500-1D	zf-BED	TFF
Soffic.01G0005390-1B	FHA	TFF
Soffic.02G0032500-2G	GRAS	TFF
Soffic.06D0007410-6D	Alfin-like	TFF
Soffic.01D0025560-1D	AP2-EREBP	TFF
Soffic.10G0003270-10A	Orphans	Orphans
Soffic.03G0005360-3B	zf-fF-X1	TFF
Soffic.01G0003720-1A	C2C2-Dof	TFF
Soffic.10G0002910-10F	zf-MIZ	OTR
Soffic.03G0011490-3B	WRKY	TFF
Soffic.01G0009880-1A	PAS	TFF
Soffic.03B0019650-3B	GRAS	TFF
Soffic.05G0011990-5F	GRAS	TFF
Soffic.04G0012260-4A	MYB	TFF
Soffic.06G0021690-6G	Orphans	Orphans
Soffic.03G0023860-3C	ABI3VP1	TFF
Soffic.04G0023790-4G	TCP	TFF
Soffic.01G0048910-1B	GNAT	OTR
Soffic.02E0004380-2E	Tify	TFF
Soffic.04F0023060-4F	OFP	TFF
Soffic.05D0011360-5D	SAP	TFF
Soffic.09G0007700-9E	OFP	TFF
Soffic.07H0001010-7H	MADS	TFF
Soffic.07G0011770-7E	zf-BED	TFF
Soffic.01F0047560-1F	MADS	TFF
Soffic.08G0008820-8B	PHD	OTR
Soffic.02G0000660-2D	FHA	TFF
Soffic.01G0041940-1F	Orphans	Orphans
Soffic.02G0022120-2B	zf-BED	TFF
Soffic.01F0036510-1F	CCAAT	TFF
Soffic.10G0016750-10F	mTERF	OTR
Soffic.02G0020510-2C	Orphans	Orphans
Soffic.01G0029180-1C	bHLH	TFF
Soffic.02G0028460-2B	Orphans	Orphans
Soffic.06G0016530-6G	C2H2	TFF
Soffic.09G0011090-9D	PHD	OTR
Soffic.06G0014070-6G	MYB	TFF
Soffic.06B0000210-6B	MADS	TFF
Soffic.04E0019760-4E	NAC	TFF
Soffic.02G0007940-2E	MYB-related	TFF
Soffic.07G0005210-7A	Orphans	Orphans
Soffic.02D0017710-2D	bHLH	TFF
Soffic.08G0015070-8A	ABI3VP1	TFF
Soffic.04G0028070-4A	WRKY	TFF
Soffic.03G0022740-3B	bHLH	TFF
Soffic.07G0017550-7F	Orphans	Orphans
Soffic.09B0014760-9B	TUB	TFF
Soffic.09G0021980-9F	MYB-related	TFF
Soffic.08G0007080-8A	MYB	TFF
Soffic.05G0004680-5B	bZIP	TFF
Soffic.07B0011870-7B	RWP-RK	TFF
Soffic.09G0017690-9D	WRKY	TFF
Soffic.08G0009350-8D	ARF	TFF
Soffic.01G0004840-1C	TFIIS	TFF
Soffic.10D0007890-10D	Orphans	Orphans
Soffic.04D0006360-4D	GNAT	OTR
Soffic.06H0022680-6H	Rcd1-like	OTR
Soffic.02D0025540-2D	FAR1	TFF
Soffic.07G0014380-7C	zf-BED	TFF
Soffic.06G0018090-6F	PHD	OTR
Soffic.04C0013550-4C	bHLH	TFF
Soffic.09G0003080-9C	WRKY	TFF
Soffic.03G0020000-3E	GRAS	TFF
Soffic.10G0009940-10G	TRAF	OTR
Soffic.02G0027330-2H	GRAS	TFF
Soffic.05G0013400-5G	GNAT	OTR
Soffic.03D0040320-3D	Orphans	Orphans
Soffic.02G0030460-2A	FAR1	TFF
Soffic.05G0001300-5C	Orphans	Orphans
Soffic.02G0022060-2B	SBP	TFF
Soffic.10G0023410-10A	bHLH	TFF
Soffic.10G0008970-10D	MADS	TFF
Soffic.08G0006850-8H	Orphans	Orphans
Soffic.03G0021210-3D	C2C2-GATA	TFF
Soffic.05G0012020-5C	zf-BED	TFF
Soffic.04G0002210-4A	SWI/SNF-BAF60b	OTR
Soffic.04G0004970-4C	MYB-related	TFF
Soffic.07G0011600-7B	FAR1	TFF
Soffic.01G0012310-1E	bHLH	TFF
Soffic.01G0004160-1F	NAC	TFF
Soffic.03G0030310-3H	OFP	TFF
Soffic.09F0015590-9F	MYB	TFF
Soffic.03G0026650-3C	bHLH	TFF
Soffic.07G0003330-7A	NAC	TFF
Soffic.03G0028470-3F	Orphans	Orphans
Soffic.01G0034060-1D	Jumonji	OTR
Soffic.04G0021790-4F	C2C2-GATA	TFF
Soffic.06G0009820-6H	MYB-related	TFF
Soffic.07G0015600-7H	bHLH	TFF
Soffic.04G0001120-4B	CSD	TFF
Soffic.05H0003900-5H	MADS	TFF
Soffic.03G0032440-3G	GRAS	TFF
Soffic.08H0001260-8H	Orphans	Orphans
Soffic.08C0006840-8C	MADS	TFF
Soffic.01D0021030-1D	FAR1	TFF
Soffic.04G0019800-4F	Orphans	Orphans
Soffic.01H0037830-1H	CCAAT	TFF
Soffic.02G0028530-2E	Orphans	Orphans
Soffic.01G0021180-1C	C2C2-Dof	TFF
Soffic.01G0048970-1B	AP2-EREBP	TFF
Soffic.10G0000610-10E	HB	TFF
Soffic.08G0012750-8H	GRAS	TFF
Soffic.02G0039730-2B	bZIP	TFF
Soffic.03G0027750-3G	bZIP	TFF
Soffic.01F0027880-1F	C2H2	TFF
Soffic.06G0016730-6H	ABI3VP1	TFF
Soffic.04H0012930-4H	WRKY	TFF
Soffic.01D0003090-1D	Orphans	Orphans
Soffic.03G0024230-3F	ABI3VP1	TFF
Soffic.03G0021140-3G	GeBP	TFF
Soffic.10F0000960-10F	GRAS	TFF
Soffic.04G0030690-4G	Orphans	Orphans
Soffic.02G0032960-2E	FAR1	TFF
Soffic.06G0022750-6A	Tify	TFF
Soffic.02G0026380-2C	NAC	TFF
Soffic.03G0011460-3D	Orphans	Orphans
Soffic.05G0003980-5H	OFP	TFF
Soffic.06G0010910-6E	C2H2	TFF
Soffic.03G0005390-3D	Alfin-like	TFF
Soffic.10G0011200-10G	Orphans	Orphans
Soffic.03G0033070-3B	AP2-EREBP	TFF
Soffic.06G0019790-6F	bZIP	TFF
Soffic.05G0000260-5C	SAP	TFF
Soffic.03G0037150-3G	FAR1	TFF
Soffic.06G0024220-6B	TRAF	OTR
Soffic.09E0019770-9E	AP2-EREBP	TFF
Soffic.09G0014510-9C	bZIP	TFF
Soffic.04G0001060-4B	bHLH	TFF
Soffic.04G0019450-4A	bHLH	TFF
Soffic.10G0005690-10D	AUX/IAA	OTR
Soffic.02G0030390-2C	MYB	TFF
Soffic.05G0021110-5E	AP2-EREBP	TFF
Soffic.04G0000380-4A	bHLH	TFF
Soffic.04G0021340-4E	NAC	TFF
Soffic.06G0002620-6F	ABI3VP1	TFF
Soffic.09G0018250-9B	zf-BED	TFF
Soffic.09G0014910-9C	C2C2-Dof	TFF
Soffic.01G0031280-1E	MYB-related	TFF
Soffic.01G0045070-1G	bHLH	TFF
Soffic.06G0023610-6A	ARF	TFF
Soffic.04C0003860-4C	AP2-EREBP	TFF
Soffic.09G0007610-9B	OFP	TFF
Soffic.03G0036780-3G	Orphans	Orphans
Soffic.01G0012060-1D	FHA	TFF
Soffic.05G0000250-5E	PAS	TFF
Soffic.07G0008520-7D	AP2-EREBP	TFF
Soffic.02G0016660-2E	WRKY	TFF
Soffic.03G0008050-3A	bHLH	TFF
Soffic.09F0003800-9F	MYB	TFF
Soffic.02G0037580-2D	OFP	TFF
Soffic.09G0009980-9B	Orphans	Orphans
Soffic.03G0002070-3B	Orphans	Orphans
Soffic.01G0038860-1E	MED26	OTR
Soffic.08G0005790-8A	AP2-EREBP	TFF
Soffic.01G0012520-1E	HB	TFF
Soffic.09G0013560-9C	AP2-EREBP	TFF
Soffic.09G0015590-9G	GNAT	OTR
Soffic.03G0018530-3E	GNAT	OTR
Soffic.03D0034140-3D	MADS	TFF
Soffic.01G0032140-1D	GNAT	OTR
Soffic.04G0028760-4F	CCAAT	TFF
Soffic.08G0002830-8D	GRAS	TFF
Soffic.10H0003310-10H	NAC	TFF
Soffic.03G0023480-3H	MYB	TFF
Soffic.02G0030140-2G	TRAF	OTR
Soffic.04G0028250-4F	GeBP	TFF
Soffic.04G0020080-4E	ARF	TFF
Soffic.03G0007140-3A	MYB-related	TFF
Soffic.06G0023570-6C	Orphans	Orphans
Soffic.09G0014940-9H	C2H2	TFF
Soffic.01G0007190-1B	MYB-related	TFF
Soffic.06G0003010-6G	FAR1	TFF
Soffic.09G0013550-9E	TUB	TFF
Soffic.03E0017190-3E	PLATZ	TFF
Soffic.03G0031570-3C	CCAAT	TFF
Soffic.06G0018980-6A	MYB	TFF
Soffic.10G0017600-10F	Orphans	Orphans
Soffic.04G0025200-4G	C2H2	TFF
Soffic.01D0003760-1D	Orphans	Orphans
Soffic.03G0013000-3C	HB	TFF
Soffic.07C0002470-7C	TRAF	OTR
Soffic.02F0009230-2F	FAR1	TFF
Soffic.03G0012420-3G	AP2-EREBP	TFF
Soffic.10G0006800-10D	Orphans	Orphans
Soffic.03G0009440-3F	NAC	TFF
Soffic.03F0038040-3F	WRKY	TFF
Soffic.01G0029130-1A	bHLH	TFF
Soffic.07G0019830-7F	SWI/SNF-BAF60b	OTR
Soffic.07E0018310-7E	AP2-EREBP	TFF
Soffic.05G0013450-5C	PAS	TFF
Soffic.06G0016990-6B	FAR1	TFF
Soffic.08G0006480-8E	zf-BED	TFF
Soffic.08G0002390-8F	MYB	TFF
Soffic.02G0019210-2D	AP2-EREBP	TFF
Soffic.10G0019400-10D	Orphans	Orphans
Soffic.09G0021350-9H	SET	OTR
Soffic.04G0026960-4D	C2C2-Dof	TFF
Soffic.02H0022360-2H	bHLH	TFF
Soffic.03G0003330-3C	Orphans	Orphans
Soffic.02G0018350-2E	GeBP	TFF
Soffic.02G0020610-2A	bZIP	TFF
Soffic.01G0049570-1D	HSF	TFF
Soffic.06G0015090-6C	bHLH	TFF
Soffic.03G0011210-3A	MADS	TFF
Soffic.03G0034730-3G	TIG	TFF
Soffic.03G0014650-3D	Orphans	Orphans
Soffic.03G0031860-3E	CCAAT	TFF
Soffic.01G0024190-1D	TRAF	OTR
Soffic.08G0013430-8E	GRAS	TFF
Soffic.10G0000520-10G	MYB	TFF
Soffic.04G0018360-4E	FAR1	TFF
Soffic.06C0000850-6C	TUB	TFF
Soffic.01G0046090-1A	Orphans	Orphans
Soffic.05G0008400-5A	FAR1	TFF
Soffic.02D0038270-2D	Orphans	Orphans
Soffic.07G0003700-7F	bHLH	TFF
Soffic.09G0017220-9A	GNAT	OTR
Soffic.01G0017620-1G	Tify	TFF
Soffic.09G0015100-9B	C2H2	TFF
Soffic.02G0011270-2D	AP2-EREBP	TFF
Soffic.04G0005640-4G	PLATZ	TFF
Soffic.01G0028480-1G	Jumonji	OTR
Soffic.09G0010550-9A	PHD	OTR
Soffic.07G0020510-7C	C2C2-Dof	TFF
Soffic.01D0037890-1D	WRKY	TFF
Soffic.07E0010300-7E	mTERF	OTR
Soffic.08G0005510-8G	MYB-related	TFF
Soffic.10G0005780-10H	bHLH	TFF
Soffic.10G0015590-10G	FAR1	TFF
Soffic.01G0003480-1D	NAC	TFF
Soffic.09G0015220-9G	WRKY	TFF
Soffic.04G0032930-4G	Jumonji	OTR
Soffic.07G0012760-7A	FAR1	TFF
Soffic.02F0002400-2F	NAC	TFF
Soffic.07G0018270-7B	FAR1	TFF
Soffic.02G0019210-2C	Tify	TFF
Soffic.08H0008920-8H	NAC	TFF
Soffic.02G0037100-2A	FAR1	TFF
Soffic.02G0038230-2E	Orphans	Orphans
Soffic.07G0012250-7A	PHD	OTR
Soffic.09G0024570-9A	bHLH	TFF
Soffic.08G0009300-8G	MED26	OTR
Soffic.06G0001470-6E	SET	OTR
Soffic.07F0000980-7F	Orphans	Orphans
Soffic.05G0004640-5G	Orphans	Orphans
Soffic.07G0018130-7A	MADS	TFF
Soffic.03F0016130-3F	zf-A20	TFF
Soffic.03G0001600-3F	TCP	TFF
Soffic.06G0014960-6A	LIM	TFF
Soffic.07G0019620-7F	HSF	TFF
Soffic.03G0014180-3G	MYB-related	TFF
Soffic.03G0026440-3G	Top	TFF
Soffic.10H0023130-10H	SRS	TFF
Soffic.04E0027990-4E	GNAT	OTR
Soffic.10G0023800-10D	ARF	TFF
Soffic.01C0028760-1C	C3H	TFF
Soffic.07G0013080-7E	SET	OTR
Soffic.01G0034790-1C	PLATZ	TFF
Soffic.02G0031910-2A	mTERF	OTR
Soffic.08G0013990-8C	bHLH	TFF
Soffic.02G0014840-2F	WRKY	TFF
Soffic.04G0014530-4G	NAC	TFF
Soffic.10G0012930-10C	mTERF	OTR
Soffic.01G0000540-1A	Orphans	Orphans
Soffic.03G0003890-3F	C3H	TFF
Soffic.02G0028130-2C	Orphans	Orphans
Soffic.02G0005290-2F	SAP	TFF
Soffic.05G0020130-5B	MYB	TFF
Soffic.01G0038850-1D	PHD	OTR
Soffic.10G0020500-10G	MYB-related	TFF
Soffic.01G0028390-1D	C2C2-Dof	TFF
Soffic.05G0022160-5A	GRAS	TFF
Soffic.06F0008080-6F	bHLH	TFF
Soffic.05G0004790-5F	HB	TFF
Soffic.09G0006660-9D	MYB-related	TFF
Soffic.07C0006660-7C	TRAF	OTR
Soffic.02H0024730-2H	bZIP	TFF
Soffic.06G0018820-6A	C2H2	TFF
Soffic.04G0031920-4G	Orphans	Orphans
Soffic.03C0036340-3C	SET	OTR
Soffic.09G0013960-9D	MYB	TFF
Soffic.02B0025110-2B	bZIP	TFF
Soffic.02G0017550-2F	bHLH	TFF
Soffic.06G0019460-6E	Top	TFF
Soffic.05G0022380-5A	GRAS	TFF
Soffic.05G0020520-5H	GRAS	TFF
Soffic.02G0018630-2E	HSF	TFF
Soffic.02G0014870-2D	MYB-related	TFF
Soffic.10G0010620-10D	MYB	TFF
Soffic.07G0014900-7G	FAR1	TFF
Soffic.09G0021630-9H	WRKY	TFF
Soffic.07G0014840-7H	TCP	TFF
Soffic.01G0054460-1D	Not1	TFF
Soffic.04G0024650-4E	BSD	TFF
Soffic.03G0020990-3F	GRAS	TFF
Soffic.08G0011090-8B	mTERF	OTR
Soffic.03G0010940-3F	C2C2-Dof	TFF
Soffic.03G0020030-3C	OFP	TFF
Soffic.02G0024650-2C	AP2-EREBP	TFF
Soffic.03G0029340-3A	bZIP	TFF
Soffic.04G0023970-4A	CCAAT	TFF
Soffic.03G0000420-3H	OFP	TFF
Soffic.10G0007090-10G	Orphans	Orphans
Soffic.01G0017860-1D	Jumonji	OTR
Soffic.08G0001350-8C	C2H2	TFF
Soffic.06G0003960-6A	MYB	TFF
Soffic.02G0006000-2C	FAR1	TFF
Soffic.02G0002400-2G	Orphans	Orphans
Soffic.03G0034750-3E	SET	OTR
Soffic.04G0006000-4E	AP2-EREBP	TFF
Soffic.04E0003570-4E	TUB	TFF
Soffic.09F0015220-9F	OFP	TFF
Soffic.01G0038080-1D	bZIP	TFF
Soffic.02G0001370-2B	zf-C5HC2	TFF
Soffic.02G0026700-2H	Orphans	Orphans
Soffic.03G0031320-3D	CCAAT	TFF
Soffic.02G0030390-2D	ABI3VP1	TFF
Soffic.03G0000200-3F	MYB	TFF
Soffic.04G0022310-4B	NAC	TFF
Soffic.01G0017000-1A	ABI3VP1	TFF
Soffic.08D0004470-8D	OFP	TFF
Soffic.04H0022630-4H	C2C2-YABBY	TFF
Soffic.04C0027190-4C	C2C2-CO-like	TFF
Soffic.07F0016600-7F	bZIP	TFF
Soffic.01G0035640-1A	Orphans	Orphans
Soffic.06G0019590-6G	bHLH	TFF
Soffic.07G0013140-7F	zf-BED	TFF
Soffic.10G0014980-10D	BES1	TFF
Soffic.04G0023640-4H	AP2-EREBP	TFF
Soffic.07G0016480-7B	MYB	TFF
Soffic.01G0021410-1H	C2H2	TFF
Soffic.10H0018110-10H	C3H	TFF
Soffic.09G0016590-9H	WRKY	TFF
Soffic.01G0012060-1C	BSD	TFF
Soffic.03H0032730-3H	bZIP	TFF
Soffic.02G0028490-2C	GRAS	TFF
Soffic.10G0022550-10B	MYB-related	TFF
Soffic.04F0032680-4F	C2H2	TFF
Soffic.03G0026650-3D	CPP	TFF
Soffic.05G0008940-5C	zf-HD	TFF
Soffic.06G0010140-6H	Orphans	Orphans
Soffic.10H0020010-10H	SBP	TFF
Soffic.04C0020150-4C	Jumonji	OTR
Soffic.09C0002450-9C	Orphans	Orphans
Soffic.02G0008000-2G	C2H2	TFF
Soffic.10F0023170-10F	bZIP	TFF
Soffic.01G0004020-1H	C2H2	TFF
Soffic.06G0002390-6D	Orphans	Orphans
Soffic.02G0010200-2B	AP2-EREBP	TFF
Soffic.01G0049320-1C	AP2-EREBP	TFF
Soffic.01F0022080-1F	CCAAT	TFF
Soffic.09G0022240-9H	zf-HD	TFF
Soffic.05G0012500-5G	GRAS	TFF
Soffic.04E0005040-4E	MYB-related	TFF
Soffic.10G0001690-10G	NAC	TFF
Soffic.04G0030540-4G	CCAAT	TFF
Soffic.07D0006820-7D	GNAT	OTR
Soffic.07G0003810-7C	AP2-EREBP	TFF
Soffic.09G0008100-9A	NAC	TFF
Soffic.01G0046980-1H	Orphans	Orphans
Soffic.01G0015260-1B	NAC	TFF
Soffic.04H0021240-4H	SET	OTR
Soffic.10G0020560-10E	Orphans	Orphans
Soffic.08E0005100-8E	SAP	TFF
Soffic.01G0025110-1G	MYB	TFF
Soffic.04B0009080-4B	MADS	TFF
Soffic.10G0015490-10C	NAC	TFF
Soffic.03G0008210-3H	bHLH	TFF
Soffic.01G0007950-1D	HB	TFF
Soffic.05G0020310-5H	GRAS	TFF
Soffic.04G0014590-4B	bZIP	TFF
Soffic.08G0000200-8E	SAP	TFF
Soffic.07G0007860-7H	TRAF	OTR
Soffic.07G0016650-7C	bHLH	TFF
Soffic.01G0033440-1E	AP2-EREBP	TFF
Soffic.02H0034500-2H	MYB	TFF
Soffic.07E0018290-7E	AP2-EREBP	TFF
Soffic.01C0039190-1C	WRKY	TFF
Soffic.06G0011590-6G	Orphans	Orphans
Soffic.03G0026380-3A	NAC	TFF
Soffic.07G0017260-7G	MADS	TFF
Soffic.07E0010660-7E	WRKY	TFF
Soffic.02G0023520-2G	AP2-EREBP	TFF
Soffic.03G0021210-3C	C3H	TFF
Soffic.09G0014570-9D	NAC	TFF
Soffic.07G0004480-7H	CCAAT	TFF
Soffic.01G0008470-1C	HB	TFF
Soffic.07G0011140-7G	PAS	TFF
Soffic.01G0042330-1C	Orphans	Orphans
Soffic.01G0011340-1B	GeBP	TFF
Soffic.07G0003130-7G	zf-LSD1	TFF
Soffic.06G0002240-6H	Orphans	Orphans
Soffic.09G0022390-9D	OFP	TFF
Soffic.10G0017100-10B	GRAS	TFF
Soffic.07G0018900-7A	Orphans	Orphans
Soffic.04G0007540-4D	Orphans	Orphans
Soffic.05D0014720-5D	MYB	TFF
Soffic.07G0012070-7F	PHD	OTR
Soffic.04G0030350-4B	bHLH	TFF
Soffic.02G0004860-2D	Tify	TFF
Soffic.07G0010790-7G	Orphans	Orphans
Soffic.09H0022790-9H	Orphans	Orphans
Soffic.02G0032810-2D	C2H2	TFF
Soffic.02G0009700-2G	BES1	TFF
Soffic.10G0025270-10E	bZIP	TFF
Soffic.02F0000820-2F	zf-C5HC2	TFF
Soffic.09G0019200-9G	FAR1	TFF
Soffic.02G0011240-2H	SET	OTR
Soffic.10G0007090-10H	LIM	TFF
Soffic.03G0022410-3E	Top	TFF
Soffic.09G0007150-9H	FAR1	TFF
Soffic.04G0026660-4A	AP2-EREBP	TFF
Soffic.10C0003400-10C	MADS	TFF
Soffic.07G0006190-7H	SET	OTR
Soffic.02G0002590-2G	MYB	TFF
Soffic.01G0035300-1B	ABI3VP1	TFF
Soffic.01B0047690-1B	bHLH	TFF
Soffic.07G0013910-7E	bZIP	TFF
Soffic.08G0005620-8E	TCP	TFF
Soffic.06G0025740-6B	ABI3VP1	TFF
Soffic.03G0024230-3H	MADS	TFF
Soffic.01E0008340-1E	C2C2-Dof	TFF
Soffic.10G0006410-10A	Orphans	Orphans
Soffic.04G0017150-4H	FAR1	TFF
Soffic.10G0022570-10A	MADS	TFF
Soffic.03G0039080-3D	SRS	TFF
Soffic.02G0000350-2G	TRAF	OTR
Soffic.01G0044100-1H	Tify	TFF
Soffic.05G0021320-5C	AP2-EREBP	TFF
Soffic.03D0013820-3D	C2C2-GATA	TFF
Soffic.03G0020640-3H	zf-BED	TFF
Soffic.04G0032590-4B	zf-fF-X1	TFF
Soffic.03G0015410-3A	zf-BED	TFF
Soffic.02G0017700-2D	TCP	TFF
Soffic.02G0028500-2C	FAR1	TFF
Soffic.01G0043070-1B	zf-BED	TFF
Soffic.09G0013420-9H	bZIP	TFF
Soffic.08E0002500-8E	FHA	TFF
Soffic.01C0044390-1C	bZIP	TFF
Soffic.02G0008120-2E	Orphans	Orphans
Soffic.05G0008570-5H	AP2-EREBP	TFF
Soffic.08G0005970-8G	bHLH	TFF
Soffic.03G0016500-3G	zf-BED	TFF
Soffic.06G0024680-6G	SWI/SNF-BAF60b	OTR
Soffic.10G0013950-10E	NAC	TFF
Soffic.07G0003230-7F	Orphans	Orphans
Soffic.10G0019220-10D	WRKY	TFF
Soffic.01D0019570-1D	Trihelix	TFF
Soffic.03F0033940-3F	MYB	TFF
Soffic.01G0049910-1C	Orphans	Orphans
Soffic.05G0012870-5C	zf-BED	TFF
Soffic.04D0006440-4D	HB	TFF
Soffic.01G0037930-1B	C3H	TFF
Soffic.02G0021390-2A	AP2-EREBP	TFF
Soffic.02G0031850-2A	C3H	TFF
Soffic.10G0017830-10A	Orphans	Orphans
Soffic.01G0015050-1D	HB	TFF
Soffic.07G0016810-7A	MYB	TFF
Soffic.07G0014950-7C	NAC	TFF
Soffic.04G0030710-4C	FAR1	TFF
Soffic.10G0019920-10C	MADS	TFF
Soffic.07C0016670-7C	bHLH	TFF
Soffic.01G0028360-1B	AP2-EREBP	TFF
Soffic.02G0017810-2F	bHLH	TFF
Soffic.05G0008970-5H	GRAS	TFF
Soffic.01G0050120-1B	bHLH	TFF
Soffic.03G0016900-3G	bHLH	TFF
Soffic.08G0016420-8C	CCAAT	TFF
Soffic.08G0001300-8G	GRAS	TFF
Soffic.09H0014430-9H	MYB	TFF
Soffic.10G0019320-10B	MADS	TFF
Soffic.06G0015930-6H	Orphans	Orphans
Soffic.03H0037410-3H	C2H2	TFF
Soffic.01G0010080-1B	bHLH	TFF
Soffic.03G0026280-3H	CPP	TFF
Soffic.09G0021470-9E	Orphans	Orphans
Soffic.05G0018760-5G	bHLH	TFF
Soffic.02F0022200-2F	C3H	TFF
Soffic.08H0015410-8H	NAC	TFF
Soffic.10G0005780-10G	PHD	OTR
Soffic.04G0018930-4A	NAC	TFF
Soffic.10G0017770-10G	C3H	TFF
Soffic.01G0008280-1G	zf-BED	TFF
Soffic.04G0009100-4F	Orphans	Orphans
Soffic.01G0051160-1A	E2F-DP	TFF
Soffic.02G0019600-2B	AP2-EREBP	TFF
Soffic.05G0012560-5E	Orphans	Orphans
Soffic.07D0018670-7D	bHLH	TFF
Soffic.10G0019080-10B	SBP	TFF
Soffic.02G0024550-2A	Orphans	Orphans
Soffic.02G0006110-2A	AUX/IAA	OTR
Soffic.10H0020630-10H	MADS	TFF
Soffic.07G0021210-7A	bHLH	TFF
Soffic.01G0029330-1G	C3H	TFF
Soffic.03G0016190-3B	bHLH	TFF
Soffic.03G0002540-3G	C2H2	TFF
Soffic.08G0012160-8G	C2C2-Dof	TFF
Soffic.01G0027430-1H	NAC	TFF
Soffic.05G0020720-5G	AP2-EREBP	TFF
Soffic.01C0020500-1C	C2C2-YABBY	TFF
Soffic.04G0024400-4G	C2C2-GATA	TFF
Soffic.03G0019330-3D	GNAT	OTR
Soffic.03G0022970-3A	RWP-RK	TFF
Soffic.03G0030300-3E	SET	OTR
Soffic.01D0003910-1D	AP2-EREBP	TFF
Soffic.01G0047910-1H	NAC	TFF
Soffic.01H0041180-1H	Orphans	Orphans
Soffic.02G0030810-2D	C3H	TFF
Soffic.04G0015400-4H	AP2-EREBP	TFF
Soffic.05G0008580-5A	Orphans	Orphans
Soffic.01G0035010-1A	TIG	TFF
Soffic.06D0016230-6D	Orphans	Orphans
Soffic.04D0019830-4D	MADS	TFF
Soffic.03G0009720-3H	zf-BED	TFF
Soffic.04G0002360-4G	BES1	TFF
Soffic.01G0029810-1B	Orphans	Orphans
Soffic.06G0016770-6D	PLATZ	TFF
Soffic.02E0015650-2E	PHD	OTR
Soffic.01G0048120-1D	AP2-EREBP	TFF
Soffic.04G0015220-4F	E2F-DP	TFF
Soffic.06H0005890-6H	AUX/IAA	OTR
Soffic.02B0008370-2B	C2H2	TFF
Soffic.06G0021560-6D	TRAF	OTR
Soffic.01G0023290-1C	ARR-B	TFF
Soffic.09G0013210-9E	MYB	TFF
Soffic.03G0039260-3E	FAR1	TFF
Soffic.10F0022670-10F	MADS	TFF
Soffic.02G0017920-2A	NAC	TFF
Soffic.05H0007810-5H	WRKY	TFF
Soffic.02G0027460-2H	Orphans	Orphans
Soffic.03H0035830-3H	mTERF	OTR
Soffic.10G0002490-10D	HSF	TFF
Soffic.01G0015110-1B	AUX/IAA	OTR
Soffic.09G0012360-9G	C2C2-Dof	TFF
Soffic.10G0017840-10A	MADS	TFF
Soffic.03G0009430-3H	C3H	TFF
Soffic.05G0010490-5G	AP2-EREBP	TFF
Soffic.07G0020760-7D	bHLH	TFF
Soffic.08G0015990-8A	CPP	TFF
Soffic.01G0042190-1G	Tify	TFF
Soffic.07H0011780-7H	NAC	TFF
Soffic.02G0022780-2B	bHLH	TFF
Soffic.03G0002160-3E	BES1	TFF
Soffic.02G0019550-2D	bHLH	TFF
Soffic.04G0000520-4F	CSD	TFF
Soffic.05H0010780-5H	ABI3VP1	TFF
Soffic.03G0026130-3B	zf-A20	TFF
Soffic.04G0008200-4A	FAR1	TFF
Soffic.02G0028330-2B	C2C2-Dof	TFF
Soffic.10H0020640-10H	Orphans	Orphans
Soffic.01G0033190-1E	Orphans	Orphans
Soffic.09G0009960-9D	ARF	TFF
Soffic.02F0035690-2F	bZIP	TFF
Soffic.03G0009000-3D	zf-BED	TFF
Soffic.04G0018670-4H	mTERF	OTR
Soffic.07G0012220-7F	bHLH	TFF
Soffic.09G0021670-9C	DDT	OTR
Soffic.02G0027310-2D	Orphans	Orphans
Soffic.10G0014870-10A	Top	TFF
Soffic.02G0021600-2G	MYB-related	TFF
Soffic.03G0016440-3B	Orphans	Orphans
Soffic.08G0010530-8E	LIM	TFF
Soffic.07G0005890-7F	WRKY	TFF
Soffic.08G0007010-8F	zf-BED	TFF
Soffic.01G0004830-1D	bHLH	TFF
Soffic.04G0024680-4B	zf-HD	TFF
Soffic.02G0019020-2C	ARID	OTR
Soffic.10G0006400-10G	FAR1	TFF
Soffic.06G0000340-6A	C3H	TFF
Soffic.01G0004240-1C	GRAS	TFF
Soffic.02G0025970-2E	mTERF	OTR
Soffic.05G0001770-5A	GRAS	TFF
Soffic.01G0042210-1A	AP2-EREBP	TFF
Soffic.03G0015080-3E	Orphans	Orphans
Soffic.01G0045530-1B	C2H2	TFF
Soffic.04G0026070-4B	CCAAT	TFF
Soffic.09G0012330-9D	TRAF	OTR
Soffic.02G0015110-2A	bZIP	TFF
Soffic.04G0021300-4C	FAR1	TFF
Soffic.04G0014210-4E	FAR1	TFF
Soffic.05G0015710-5C	BSD	TFF
Soffic.01G0023050-1C	Orphans	Orphans
Soffic.06G0016390-6E	C2H2	TFF
Soffic.07G0009850-7E	bZIP	TFF
Soffic.05G0022210-5A	GRAS	TFF
Soffic.05E0011450-5E	MADS	TFF
Soffic.03G0005190-3B	bHLH	TFF
Soffic.06G0017790-6C	MYB-related	TFF
Soffic.02D0007970-2D	PHD	OTR
Soffic.02H0035520-2H	MED26	OTR
Soffic.03G0005500-3G	CCAAT	TFF
Soffic.01E0008330-1E	C2C2-Dof	TFF
Soffic.01G0003810-1G	Orphans	Orphans
Soffic.04G0006630-4F	AP2-EREBP	TFF
Soffic.06G0013980-6H	Orphans	Orphans
Soffic.03C0005910-3C	Alfin-like	TFF
Soffic.04G0012860-4A	Orphans	Orphans
Soffic.02G0018000-2F	Orphans	Orphans
Soffic.02G0011230-2H	SET	OTR
Soffic.09G0015150-9A	bZIP	TFF
Soffic.09G0021590-9F	NAC	TFF
Soffic.03G0036590-3H	TIG	TFF
Soffic.09G0004820-9B	C3H	TFF
Soffic.01G0015780-1E	GRF	TFF
Soffic.04G0001320-4D	PHD	OTR
Soffic.01E0002780-1E	GRAS	TFF
Soffic.06G0022920-6G	AP2-EREBP	TFF
Soffic.06G0014450-6C	AP2-EREBP	TFF
Soffic.07D0006400-7D	TRAF	OTR
Soffic.04G0030200-4F	bHLH	TFF
Soffic.04C0000040-4C	PLATZ	TFF
Soffic.01G0035760-1F	MYB	TFF
Soffic.03H0025940-3H	bZIP	TFF
Soffic.09H0012420-9H	AP2-EREBP	TFF
Soffic.02G0032340-2A	bHLH	TFF
Soffic.02G0021950-2A	bHLH	TFF
Soffic.03G0017830-3A	Top	TFF
Soffic.09G0009380-9E	GRAS	TFF
Soffic.10G0003310-10C	Orphans	Orphans
Soffic.10G0001060-10D	MYB	TFF
Soffic.01G0006370-1C	WRKY	TFF
Soffic.07G0006360-7F	AP2-EREBP	TFF
Soffic.03G0001840-3B	bHLH	TFF
Soffic.01G0030140-1C	MED26	OTR
Soffic.01G0047080-1H	TRAF	OTR
Soffic.06G0016450-6A	MYB	TFF
Soffic.08H0011810-8H	Orphans	Orphans
Soffic.02G0028110-2H	FHA	TFF
Soffic.09G0010050-9H	FHA	TFF
Soffic.01D0020550-1D	GeBP	TFF
Soffic.04B0028930-4B	AP2-EREBP	TFF
Soffic.04G0005660-4D	SBP	TFF
Soffic.08G0001450-8G	NAC	TFF
Soffic.04F0005630-4F	PLATZ	TFF
Soffic.06G0022860-6A	FAR1	TFF
Soffic.09F0007970-9F	Orphans	Orphans
Soffic.03G0030180-3G	WRKY	TFF
Soffic.10G0013860-10A	HB	TFF
Soffic.07G0000640-7G	AUX/IAA	OTR
Soffic.07G0001860-7C	TRAF	OTR
Soffic.04G0017080-4G	zf-A20	TFF
Soffic.01G0023830-1A	Orphans	Orphans
Soffic.04G0022170-4C	SET	OTR
Soffic.09G0015660-9D	Orphans	Orphans
Soffic.01E0024370-1E	Orphans	Orphans
Soffic.02H0010130-2H	MYB	TFF
Soffic.10G0014520-10C	NAC	TFF
Soffic.09G0019170-9E	AP2-EREBP	TFF
Soffic.01H0014040-1H	NAC	TFF
Soffic.02H0022720-2H	MADS	TFF
Soffic.07G0019130-7G	zf-A20	TFF
Soffic.07G0013130-7F	MYB	TFF
Soffic.06C0000090-6C	GeBP	TFF
Soffic.02G0020760-2C	bHLH	TFF
Soffic.08D0008620-8D	Jumonji	OTR
Soffic.01D0036270-1D	Orphans	Orphans
Soffic.01G0016360-1C	ABI3VP1	TFF
Soffic.05B0015560-5B	CCAAT	TFF
Soffic.04G0029300-4C	GeBP	TFF
Soffic.06G0007820-6D	Orphans	Orphans
Soffic.03H0012190-3H	HB	TFF
Soffic.10G0005680-10D	AP2-EREBP	TFF
Soffic.01G0020240-1E	MYB-related	TFF
Soffic.06G0010520-6B	Orphans	Orphans
Soffic.01H0036330-1H	PAS	TFF
Soffic.09G0007620-9E	WRKY	TFF
Soffic.02G0004520-2B	Tify	TFF
Soffic.07F0007020-7F	TRAF	OTR
Soffic.03G0037080-3F	ARF	TFF
Soffic.06G0006730-6G	Tify	TFF
Soffic.05G0006020-5E	WRKY	TFF
Soffic.01G0003600-1A	GRAS	TFF
Soffic.04G0010360-4F	MYB-related	TFF
Soffic.01G0046640-1H	Orphans	Orphans
Soffic.03G0032340-3D	MYB	TFF
Soffic.09G0019320-9D	MYB	TFF
Soffic.07F0006890-7F	MYB	TFF
Soffic.09H0013290-9H	FAR1	TFF
Soffic.06G0012110-6C	C1-4-t1	TFF
Soffic.02G0019700-2F	AP2-EREBP	TFF
Soffic.03G0023130-3H	MYB	TFF
Soffic.06G0009400-6F	zf-BED	TFF
Soffic.10G0013690-10G	AUX/IAA	OTR
Soffic.09G0020340-9A	MYB	TFF
Soffic.01E0023600-1E	Orphans	Orphans
Soffic.03G0005380-3D	zf-fF-X1	TFF
Soffic.05G0003990-5H	OFP	TFF
Soffic.09G0008990-9D	AP2-EREBP	TFF
Soffic.09G0017090-9H	Tify	TFF
Soffic.04G0022480-4F	PHD	OTR
Soffic.01G0028870-1D	FAR1	TFF
Soffic.10G0003570-10B	Top	TFF
Soffic.08G0000170-8G	FAR1	TFF
Soffic.04G0016220-4G	Orphans	Orphans
Soffic.06H0000060-6H	GeBP	TFF
Soffic.09G0013800-9H	PHD	OTR
Soffic.05G0007040-5G	ABI3VP1	TFF
Soffic.04G0018590-4D	C3H	TFF
Soffic.04E0005030-4E	Top	TFF
Soffic.01H0037230-1H	Orphans	Orphans
Soffic.05H0015050-5H	bHLH	TFF
Soffic.04G0030150-4C	AP2-EREBP	TFF
Soffic.05F0013580-5F	GRAS	TFF
Soffic.03G0034320-3D	AP2-EREBP	TFF
Soffic.07G0008890-7C	FAR1	TFF
Soffic.08G0003250-8B	AP2-EREBP	TFF
Soffic.04E0011080-4E	C2C2-Dof	TFF
Soffic.01H0010270-1H	GRAS	TFF
Soffic.10G0020510-10A	AP2-EREBP	TFF
Soffic.01H0020460-1H	Orphans	Orphans
Soffic.01G0020570-1G	MED26	OTR
Soffic.03G0010760-3C	C3H	TFF
Soffic.01G0046610-1C	Orphans	Orphans
Soffic.04G0033950-4A	TCP	TFF
Soffic.10G0013600-10C	Orphans	Orphans
Soffic.04G0034370-4G	Orphans	Orphans
Soffic.03G0009920-3G	C2C2-Dof	TFF
Soffic.03E0016750-3E	Orphans	Orphans
Soffic.09G0017820-9A	Orphans	Orphans
Soffic.06G0013470-6E	NAC	TFF
Soffic.02H0013010-2H	AP2-EREBP	TFF
Soffic.06G0016710-6D	C2H2	TFF
Soffic.04G0033550-4A	Orphans	Orphans
Soffic.06B0020000-6B	Orphans	Orphans
Soffic.04F0021820-4F	NAC	TFF
Soffic.03G0038050-3E	ARF	TFF
Soffic.08G0002020-8F	NAC	TFF
Soffic.10G0003640-10D	Top	TFF
Soffic.08G0014090-8B	GRAS	TFF
Soffic.01G0006750-1B	FAR1	TFF
Soffic.07G0003830-7H	GNAT	OTR
Soffic.02G0036690-2F	DDT	OTR
Soffic.01G0016820-1E	NOT2_3_5	OTR
Soffic.09G0020620-9H	NAC	TFF
Soffic.07G0001620-7G	zf-BED	TFF
Soffic.07G0014440-7B	CCAAT	TFF
Soffic.04G0017710-4H	Orphans	Orphans
Soffic.02G0007810-2G	BBR/BPC	TFF
Soffic.06G0020600-6F	AP2-EREBP	TFF
Soffic.06G0009320-6A	Alfin-like	TFF
Soffic.04G0009570-4D	MYB-related	TFF
Soffic.05F0013980-5F	Orphans	Orphans
Soffic.01A0030730-1A	MYB-related	TFF
Soffic.04G0003270-4E	NAC	TFF
Soffic.08G0015850-8F	Orphans	Orphans
Soffic.04G0028850-4F	Orphans	Orphans
Soffic.01B0003480-1B	mTERF	OTR
Soffic.04C0033610-4C	AP2-EREBP	TFF
Soffic.02G0014830-2F	WRKY	TFF
Soffic.04G0033870-4A	MYB-related	TFF
Soffic.01G0024180-1D	TRAF	OTR
Soffic.09F0013540-9F	bZIP	TFF
Soffic.10G0015820-10G	bHLH	TFF
Soffic.02G0036320-2C	MYB	TFF
Soffic.04H0014290-4H	HSF	TFF
Soffic.08G0013040-8F	C2H2	TFF
Soffic.06C0015550-6C	HMG	OTR
Soffic.05G0008760-5F	Orphans	Orphans
Soffic.03G0033990-3B	AP2-EREBP	TFF
Soffic.09F0003200-9F	Orphans	Orphans
Soffic.04G0026770-4D	SET	OTR
Soffic.06G0009080-6A	Orphans	Orphans
Soffic.02G0014480-2G	FHA	TFF
Soffic.07G0015700-7B	PLATZ	TFF
Soffic.07G0011190-7B	TRAF	OTR
Soffic.06D0015130-6D	HMG	OTR
Soffic.08G0002380-8F	MYB	TFF
Soffic.01G0014600-1A	HB	TFF
Soffic.01G0026680-1E	Orphans	Orphans
Soffic.04H0007410-4H	AP2-EREBP	TFF
Soffic.02G0034200-2B	Alfin-like	TFF
Soffic.05G0003610-5D	OFP	TFF
Soffic.01G0018330-1D	C2C2-Dof	TFF
Soffic.03F0001310-3F	CCAAT	TFF
Soffic.05G0020140-5B	AP2-EREBP	TFF
Soffic.09G0005000-9E	AUX/IAA	OTR
Soffic.02F0016430-2F	zf-BED	TFF
Soffic.06F0019820-6F	Orphans	Orphans
Soffic.08E0015420-8E	AUX/IAA	OTR
Soffic.10G0012660-10E	mTERF	OTR
Soffic.03G0003290-3F	Orphans	Orphans
Soffic.03G0023470-3A	Orphans	Orphans
Soffic.07H0004070-7H	MYB	TFF
Soffic.02G0037640-2D	bZIP	TFF
Soffic.02G0008410-2G	MYB-related	TFF
Soffic.02G0029160-2A	FHA	TFF
Soffic.05H0004230-5H	bZIP	TFF
Soffic.03F0032430-3F	GNAT	OTR
Soffic.08G0002840-8D	GRAS	TFF
Soffic.01F0019210-1F	Orphans	Orphans
Soffic.02G0031980-2F	GRAS	TFF
Soffic.04G0027370-4E	GRAS	TFF
Soffic.09G0021610-9D	WRKY	TFF
Soffic.01F0041200-1F	Orphans	Orphans
Soffic.07G0012970-7A	TCP	TFF
Soffic.03G0018540-3E	MADS	TFF
Soffic.10F0007180-10F	bHLH	TFF
Soffic.10G0003290-10C	Orphans	Orphans
Soffic.06G0015170-6E	MYB	TFF
Soffic.07G0018950-7B	MYB	TFF
Soffic.05F0001990-5F	NAC	TFF
Soffic.02F0015310-2F	GNAT	OTR
Soffic.01C0040610-1C	MYB	TFF
Soffic.03C0021970-3C	AP2-EREBP	TFF
Soffic.03G0026920-3F	CPP	TFF
Soffic.03G0035400-3G	bHLH	TFF
Soffic.01G0055470-1A	Not1	TFF
Soffic.04G0002160-4A	BES1	TFF
Soffic.01F0011270-1F	ABI3VP1	TFF
Soffic.09G0023060-9F	C3H	TFF
Soffic.01G0035900-1E	OFP	TFF
Soffic.05G0020600-5G	C2H2	TFF
Soffic.06G0006750-6E	Orphans	Orphans
Soffic.01E0017270-1E	Orphans	Orphans
Soffic.05D0003600-5D	OFP	TFF
Soffic.03G0018480-3C	bHLH	TFF
Soffic.01G0038760-1D	MYB	TFF
Soffic.04G0022140-4F	AP2-EREBP	TFF
Soffic.01G0012280-1E	bHLH	TFF
Soffic.04G0022850-4E	zf-BED	TFF
Soffic.04G0008420-4A	AUX/IAA	OTR
Soffic.02G0010580-2F	AUX/IAA	OTR
Soffic.09G0014930-9H	bZIP	TFF
Soffic.04D0021880-4D	MYB	TFF
Soffic.03G0037910-3H	bZIP	TFF
Soffic.03G0034690-3F	AP2-EREBP	TFF
Soffic.06G0016210-6E	AP2-EREBP	TFF
Soffic.04H0010680-4H	C3H	TFF
Soffic.01G0009160-1F	C3H	TFF
Soffic.04D0021290-4D	C2C2-CO-like	TFF
Soffic.09F0006590-9F	ABI3VP1	TFF
Soffic.07G0018870-7B	ARF	TFF
Soffic.01G0047510-1F	HB	TFF
Soffic.07G0003180-7B	C3H	TFF
Soffic.10G0003750-10E	TRAF	OTR
Soffic.02G0023620-2B	Orphans	Orphans
Soffic.09G0005570-9A	zf-BED	TFF
Soffic.06G0008760-6G	Orphans	Orphans
Soffic.04G0023740-4B	WRKY	TFF
Soffic.04G0024220-4G	C2C2-YABBY	TFF
Soffic.01G0003380-1G	C3H	TFF
Soffic.03H0021780-3H	E2F-DP	TFF
Soffic.01G0029140-1A	bHLH	TFF
Soffic.03G0027170-3G	AP2-EREBP	TFF
Soffic.01B0021440-1B	Orphans	Orphans
Soffic.03G0003210-3A	C2C2-Dof	TFF
Soffic.06G0016710-6C	MYB-related	TFF
Soffic.02G0022970-2C	NAC	TFF
Soffic.07G0013500-7H	zf-BED	TFF
Soffic.03G0016480-3G	AP2-EREBP	TFF
Soffic.01G0045640-1G	MYB-related	TFF
Soffic.09G0009810-9E	MYB-related	TFF
Soffic.02G0024210-2A	AP2-EREBP	TFF
Soffic.09D0001240-9D	MYB	TFF
Soffic.01G0016440-1C	NOT2_3_5	OTR
Soffic.07G0017800-7E	Orphans	Orphans
Soffic.04G0034050-4G	AUX/IAA	OTR
Soffic.09G0008450-9G	bHLH	TFF
Soffic.03G0024270-3D	ABI3VP1	TFF
Soffic.08G0004350-8D	bZIP	TFF
Soffic.03G0034740-3G	Orphans	Orphans
Soffic.10G0007910-10H	ARF	TFF
Soffic.05G0000480-5F	SAP	TFF
Soffic.09G0021990-9H	Orphans	Orphans
Soffic.07D0007320-7D	MADS	TFF
Soffic.08G0016040-8B	SET	OTR
Soffic.02G0024050-2F	AP2-EREBP	TFF
Soffic.06G0019630-6G	PLATZ	TFF
Soffic.07H0004580-7H	bZIP	TFF
Soffic.02G0030160-2D	MYB	TFF
Soffic.01G0026550-1G	Orphans	Orphans
Soffic.02G0003620-2F	Orphans	Orphans
Soffic.05G0010330-5A	FAR1	TFF
Soffic.07G0003710-7E	GNAT	OTR
Soffic.02G0017830-2C	MYB	TFF
Soffic.09G0003530-9H	bHLH	TFF
Soffic.01G0002690-1A	C2C2-GATA	TFF
Soffic.10E0001910-10E	BBR/BPC	TFF
Soffic.02G0032270-2D	bHLH	TFF
Soffic.01F0018440-1F	Orphans	Orphans
Soffic.01G0031030-1G	MYB	TFF
Soffic.09G0021000-9E	Orphans	Orphans
Soffic.02G0009320-2E	BES1	TFF
Soffic.03F0037770-3F	GRAS	TFF
Soffic.04G0033020-4A	NAC	TFF
Soffic.10G0020160-10B	zf-BED	TFF
Soffic.01G0021460-1G	Orphans	Orphans
Soffic.05G0008680-5D	AP2-EREBP	TFF
Soffic.08C0006830-8C	MADS	TFF
Soffic.02E0002610-2E	NAC	TFF
Soffic.10G0015070-10G	FAR1	TFF
Soffic.01E0013500-1E	zf-HD	TFF
Soffic.10G0000080-10F	ARF	TFF
Soffic.07G0015290-7G	SGT1	OTR
Soffic.04H0027390-4H	bHLH	TFF
Soffic.07G0013750-7C	SGT1	OTR
Soffic.06G0012480-6H	NAC	TFF
Soffic.01G0017260-1D	LIM	TFF
Soffic.03G0003500-3B	MYB-related	TFF
Soffic.04G0009690-4F	bHLH	TFF
Soffic.04G0019660-4A	FAR1	TFF
Soffic.03E0027490-3E	BSD	TFF
Soffic.10G0023550-10F	MYB	TFF
Soffic.01G0014680-1E	C3H	TFF
Soffic.03G0010090-3D	C3H	TFF
Soffic.08G0004440-8E	FAR1	TFF
Soffic.07D0007080-7D	Tify	TFF
Soffic.10G0001530-10G	BBR/BPC	TFF
Soffic.10G0011250-10B	zf-C5HC2	TFF
Soffic.02G0014270-2D	bZIP	TFF
Soffic.04G0028690-4D	ARF	TFF
Soffic.10E0011960-10E	TRAF	OTR
Soffic.03G0032290-3F	zf-BED	TFF
Soffic.05G0007780-5D	Top	TFF
Soffic.09G0010370-9H	AP2-EREBP	TFF
Soffic.03G0039930-3H	GNAT	OTR
Soffic.02G0030490-2G	mTERF	OTR
Soffic.04H0006500-4H	MYB	TFF
Soffic.10G0024030-10B	Orphans	Orphans
Soffic.10G0007320-10G	AP2-EREBP	TFF
Soffic.03G0012570-3C	WRKY	TFF
Soffic.04G0007070-4A	AP2-EREBP	TFF
Soffic.06G0008840-6E	Orphans	Orphans
Soffic.04G0027920-4E	GNAT	OTR
Soffic.02H0030780-2H	mTERF	OTR
Soffic.01G0039760-1B	C2C2-Dof	TFF
Soffic.04D0033790-4D	C2H2	TFF
Soffic.05G0018740-5C	NAC	TFF
Soffic.08G0002890-8A	GRAS	TFF
Soffic.09G0022160-9D	NAC	TFF
Soffic.04G0015670-4C	FAR1	TFF
Soffic.06G0003640-6G	Orphans	Orphans
Soffic.02G0037690-2A	bZIP	TFF
Soffic.03G0036850-3A	NAC	TFF
Soffic.01G0030720-1A	MYB-related	TFF
Soffic.10G0001770-10B	SET	OTR
Soffic.08G0004040-8H	CCAAT	TFF
Soffic.02G0006280-2G	TRAF	OTR
Soffic.08G0005730-8D	AP2-EREBP	TFF
Soffic.07G0011870-7D	BSD	TFF
Soffic.04G0010240-4B	Orphans	Orphans
Soffic.07G0005440-7G	CCAAT	TFF
Soffic.07G0019330-7A	ARF	TFF
Soffic.10G0001680-10H	MYB-related	TFF
Soffic.10G0008430-10E	mTERF	OTR
Soffic.09G0003730-9G	Top	TFF
Soffic.03G0035460-3E	MADS	TFF
Soffic.09G0009730-9F	AP2-EREBP	TFF
Soffic.07G0020680-7F	TRAF	OTR
Soffic.10G0019210-10A	FAR1	TFF
Soffic.10G0004270-10E	MADS	TFF
Soffic.06D0020220-6D	bHLH	TFF
Soffic.06G0014450-6D	GRAS	TFF
Soffic.03G0011380-3A	SBP	TFF
Soffic.01G0041090-1C	MYB	TFF
Soffic.01G0026340-1B	zf-BED	TFF
Soffic.01G0040180-1G	OFP	TFF
Soffic.07G0000790-7H	PHD	OTR
Soffic.01G0026810-1G	MED26	OTR
Soffic.01E0048350-1E	ABI3VP1	TFF
Soffic.10D0002320-10D	BBR/BPC	TFF
Soffic.07G0012670-7C	TCP	TFF
Soffic.04G0003450-4A	Orphans	Orphans
Soffic.03G0033200-3H	AP2-EREBP	TFF
Soffic.02G0017110-2G	MYB	TFF
Soffic.02G0019020-2D	C2H2	TFF
Soffic.04G0023630-4F	C2C2-Dof	TFF
Soffic.04G0032630-4B	CCAAT	TFF
Soffic.03G0020760-3A	CCAAT	TFF
Soffic.06G0009030-6D	FAR1	TFF
Soffic.06G0021730-6F	MYB-related	TFF
Soffic.04B0008790-4B	Orphans	Orphans
Soffic.04G0023580-4F	zf-HD	TFF
Soffic.04G0006040-4C	MYB	TFF
Soffic.02G0034000-2E	Tudor-knot	OTR
Soffic.09G0001660-9A	C2H2	TFF
Soffic.07G0010780-7G	Orphans	Orphans
Soffic.02H0016800-2H	TCP	TFF
Soffic.02G0028110-2F	FAR1	TFF
Soffic.05H0011490-5H	bHLH	TFF
Soffic.02H0019780-2H	AP2-EREBP	TFF
Soffic.04G0029980-4G	AP2-EREBP	TFF
Soffic.02F0002070-2F	AP2-EREBP	TFF
Soffic.03D0002620-3D	MADS	TFF
Soffic.09G0021400-9H	MYB-related	TFF
Soffic.04H0010100-4H	bZIP	TFF
Soffic.06G0007770-6B	ARF	TFF
Soffic.01G0033640-1D	PLATZ	TFF
Soffic.07G0017860-7G	PHD	OTR
Soffic.04G0017120-4A	ARF	TFF
Soffic.02G0029440-2G	CCAAT	TFF
Soffic.04G0000190-4G	MYB	TFF
Soffic.10G0009930-10G	TRAF	OTR
Soffic.05H0005180-5H	GRAS	TFF
Soffic.02G0027340-2H	GRAS	TFF
Soffic.02G0017390-2H	Orphans	Orphans
Soffic.08G0002280-8A	SET	OTR
Soffic.03G0006250-3E	AP2-EREBP	TFF
Soffic.01G0026900-1C	TIG	TFF
Soffic.02G0000340-2E	C2H2	TFF
Soffic.09G0014730-9G	Orphans	Orphans
Soffic.07G0006750-7A	GNAT	OTR
Soffic.04G0015990-4F	C2H2	TFF
Soffic.07G0006260-7A	MYB	TFF
Soffic.05G0004560-5A	MED26	OTR
Soffic.06G0023790-6B	Tify	TFF
Soffic.10G0008580-10B	MYB-related	TFF
Soffic.03G0002200-3H	MYB-related	TFF
Soffic.10G0015210-10F	MYB	TFF
Soffic.03G0010790-3B	C2C2-Dof	TFF
Soffic.07G0005650-7D	WRKY	TFF
Soffic.05G0018850-5G	GRAS	TFF
Soffic.09G0007790-9A	OFP	TFF
Soffic.09F0019800-9F	Orphans	Orphans
Soffic.04G0006010-4H	WRKY	TFF
Soffic.05G0005090-5D	NAC	TFF
Soffic.10G0012180-10G	PHD	OTR
Soffic.08G0017990-8G	WRKY	TFF
Soffic.07E0016470-7E	PAS	TFF
Soffic.06G0000830-6H	TRAF	OTR
Soffic.06E0005970-6E	TIG	TFF
Soffic.04G0016680-4B	C2H2	TFF
Soffic.01G0010740-1A	bHLH	TFF
Soffic.06G0024690-6G	MYB-related	TFF
Soffic.02G0033580-2G	DBP	TFF
Soffic.01G0010310-1E	zf-BED	TFF
Soffic.06H0016050-6H	AP2-EREBP	TFF
Soffic.04G0017790-4A	Orphans	Orphans
Soffic.02G0020060-2B	bHLH	TFF
Soffic.08H0016340-8H	C2C2-YABBY	TFF
Soffic.07G0022080-7D	C2H2	TFF
Soffic.01G0026500-1C	Tify	TFF
Soffic.05F0012480-5F	Orphans	Orphans
Soffic.10B0017450-10B	C3H	TFF
Soffic.02G0025830-2G	MADS	TFF
Soffic.01G0027260-1A	AP2-EREBP	TFF
Soffic.01G0021140-1A	OFP	TFF
Soffic.03H0002280-3H	Orphans	Orphans
Soffic.09G0008150-9B	bHLH	TFF
Soffic.04G0020500-4F	NAC	TFF
Soffic.02E0033670-2E	CAMTA	TFF
Soffic.02G0001970-2E	GNAT	OTR
Soffic.03G0005330-3A	zf-fF-X1	TFF
Soffic.03G0003270-3A	MYB	TFF
Soffic.05G0010380-5C	ABI3VP1	TFF
Soffic.02F0002630-2F	MYB	TFF
Soffic.03G0001880-3G	BES1	TFF
Soffic.09H0016130-9H	Orphans	Orphans
Soffic.04G0005300-4C	C2C2-CO-like	TFF
Soffic.07G0002560-7A	MYB-related	TFF
Soffic.06E0010270-6E	MYB	TFF
Soffic.01G0006340-1F	HB	TFF
Soffic.01G0013240-1D	Orphans	Orphans
Soffic.03G0036080-3A	C3H	TFF
Soffic.09D0012790-9D	mTERF	OTR
Soffic.03G0030140-3B	MYB	TFF
Soffic.01G0044080-1D	HSF	TFF
Soffic.06G0017060-6D	WRKY	TFF
Soffic.10H0022350-10H	C2C2-GATA	TFF
Soffic.05G0003200-5B	Orphans	Orphans
Soffic.04G0032120-4E	zf-fF-X1	TFF
Soffic.07G0013180-7E	bZIP	TFF
Soffic.07G0018910-7C	AP2-EREBP	TFF
Soffic.08G0011720-8B	C2H2	TFF
Soffic.02G0000520-2A	C2H2	TFF
Soffic.09G0001890-9D	Orphans	Orphans
Soffic.01G0005690-1F	FAR1	TFF
Soffic.01G0009660-1C	WRKY	TFF
Soffic.06G0008810-6A	Orphans	Orphans
Soffic.03G0032080-3G	SET	OTR
Soffic.10G0011560-10C	FHA	TFF
Soffic.01D0026430-1D	SAP	TFF
Soffic.02H0017240-2H	WRKY	TFF
Soffic.03G0030560-3F	NAC	TFF
Soffic.03F0017940-3F	WRKY	TFF
Soffic.07H0006470-7H	AP2-EREBP	TFF
Soffic.01G0036440-1G	MYB-related	TFF
Soffic.03H0022670-3H	AP2-EREBP	TFF
Soffic.03G0004900-3E	zf-fF-X1	TFF
Soffic.09B0001520-9B	C2H2	TFF
Soffic.04D0023910-4D	SET	OTR
Soffic.05G0019930-5E	C2C2-Dof	TFF
Soffic.03G0010440-3C	Top	TFF
Soffic.01G0017070-1C	zf-LSD1	TFF
Soffic.01G0030200-1B	FAR1	TFF
Soffic.02G0025610-2F	RWP-RK	TFF
Soffic.08G0004410-8A	MYB-related	TFF
Soffic.02G0023500-2E	MYB	TFF
Soffic.07H0011810-7H	MYB	TFF
Soffic.03G0030960-3F	C2C2-GATA	TFF
Soffic.03G0025660-3B	C2C2-Dof	TFF
Soffic.07G0019660-7F	zf-A20	TFF
Soffic.02G0019570-2B	HSF	TFF
Soffic.03G0002840-3A	C2H2	TFF
Soffic.06G0025270-6G	ARF	TFF
Soffic.02G0003290-2E	AP2-EREBP	TFF
Soffic.10G0009850-10C	E2F-DP	TFF
Soffic.03D0032950-3D	OFP	TFF
Soffic.01E0049050-1E	bHLH	TFF
Soffic.05C0014200-5C	GNAT	OTR
Soffic.04G0010560-4G	Orphans	Orphans
Soffic.02H0034030-2H	SAP	TFF
Soffic.02G0024570-2G	bZIP	TFF
Soffic.04G0028920-4G	mTERF	OTR
Soffic.06G0017180-6B	C2C2-Dof	TFF
Soffic.02G0037000-2A	Orphans	Orphans
Soffic.08G0003210-8D	WRKY	TFF
Soffic.04G0030280-4D	GRF	TFF
Soffic.01G0024530-1F	MED26	OTR
Soffic.01G0031390-1D	OFP	TFF
Soffic.07D0007430-7D	Orphans	Orphans
Soffic.07G0020600-7C	bZIP	TFF
Soffic.01G0014040-1C	CCAAT	TFF
Soffic.07G0018030-7A	bHLH	TFF
Soffic.01G0024930-1F	zf-LSD1	TFF
Soffic.04G0006460-4B	mTERF	OTR
Soffic.01G0005610-1A	FHA	TFF
Soffic.04G0023180-4A	AP2-EREBP	TFF
Soffic.05G0007020-5D	Orphans	Orphans
Soffic.08G0008650-8F	TRAF	OTR
Soffic.07B0004220-7B	bZIP	TFF
Soffic.01G0006710-1D	GNAT	OTR
Soffic.08G0002070-8G	MYB	TFF
Soffic.06G0018860-6A	PLATZ	TFF
Soffic.06G0019420-6E	PLATZ	TFF
Soffic.01D0019600-1D	TFIID	TFF
Soffic.01G0032820-1F	OFP	TFF
Soffic.03F0032850-3F	MYB	TFF
Soffic.06G0007500-6H	AP2-EREBP	TFF
Soffic.02H0036320-2H	TUB	TFF
Soffic.07B0012900-7B	bHLH	TFF
Soffic.09G0015840-9C	MYB	TFF
Soffic.02G0015660-2B	SET	OTR
Soffic.01G0019220-1H	Orphans	Orphans
Soffic.10G0008910-10E	G2-like	TFF
Soffic.01G0016090-1D	TFIID	TFF
Soffic.08G0004750-8D	TUB	TFF
Soffic.03G0003320-3G	Orphans	Orphans
Soffic.04A0020880-4A	GNAT	OTR
Soffic.06G0019000-6B	FAR1	TFF
Soffic.03G0003240-3E	MYB-related	TFF
Soffic.01G0045830-1D	GNAT	OTR
Soffic.02G0020980-2E	NAC	TFF
Soffic.01F0036440-1F	C2H2	TFF
Soffic.09F0015260-9F	NAC	TFF
Soffic.08G0004130-8F	bZIP	TFF
Soffic.06G0008180-6G	SET	OTR
Soffic.03G0035470-3B	MADS	TFF
Soffic.09G0022080-9B	Sigma70-like	TFF
Soffic.03G0003740-3C	WRKY	TFF
Soffic.01G0017580-1C	LIM	TFF
Soffic.01G0045310-1A	MYB-related	TFF
Soffic.05G0018490-5B	HSF	TFF
Soffic.01F0010480-1F	C2C2-YABBY	TFF
Soffic.02G0041130-2B	AP2-EREBP	TFF
Soffic.08G0012590-8H	MYB	TFF
Soffic.02F0024570-2F	Pseudo_ARR-B	OTR
Soffic.02G0017460-2E	Tify	TFF
Soffic.05G0003210-5G	DDT	OTR
Soffic.03G0025970-3H	Orphans	Orphans
Soffic.01G0031270-1C	GRAS	TFF
Soffic.05G0022710-5F	GRAS	TFF
Soffic.04H0021660-4H	ARF	TFF
Soffic.01G0024260-1E	FAR1	TFF
Soffic.06G0012540-6A	Orphans	Orphans
Soffic.06E0000350-6E	NAC	TFF
Soffic.05G0015920-5D	GRAS	TFF
Soffic.01G0012150-1E	FHA	TFF
Soffic.01G0033890-1B	Not1	TFF
Soffic.01G0046330-1B	AP2-EREBP	TFF
Soffic.02G0003120-2C	C2H2	TFF
Soffic.02G0024080-2G	Pseudo_ARR-B	OTR
Soffic.07G0002840-7C	Orphans	Orphans
Soffic.01G0010770-1E	HSF	TFF
Soffic.07G0002230-7D	Orphans	Orphans
Soffic.01G0012380-1C	Top	TFF
Soffic.04G0013010-4E	HSF	TFF
Soffic.06G0011890-6A	Orphans	Orphans
Soffic.05G0021490-5A	C2H2	TFF
Soffic.04H0027120-4H	AP2-EREBP	TFF
Soffic.10G0020520-10E	Orphans	Orphans
Soffic.02G0019320-2B	GeBP	TFF
Soffic.04G0027770-4E	WRKY	TFF
Soffic.02G0023130-2E	Pseudo_ARR-B	OTR
Soffic.01G0026760-1A	Tify	TFF
Soffic.04G0023550-4G	Orphans	Orphans
Soffic.10G0009820-10A	zf-BED	TFF
Soffic.02G0031360-2A	AP2-EREBP	TFF
Soffic.08G0006600-8F	Orphans	Orphans
Soffic.01G0028850-1B	C2H2	TFF
Soffic.01G0045370-1A	MYB-related	TFF
Soffic.02D0029390-2D	CCAAT	TFF
Soffic.09G0007310-9F	C2H2	TFF
Soffic.02G0024800-2C	HSF	TFF
Soffic.04G0015940-4E	bHLH	TFF
Soffic.06G0004180-6A	Orphans	Orphans
Soffic.04H0013760-4H	Orphans	Orphans
Soffic.05G0010780-5C	FAR1	TFF
Soffic.03C0006370-3C	CCAAT	TFF
Soffic.01G0051790-1A	C2C2-GATA	TFF
Soffic.07H0003390-7H	TRAF	OTR
Soffic.01H0029720-1H	bZIP	TFF
Soffic.07F0010380-7F	MYB-related	TFF
Soffic.09H0021670-9H	Orphans	Orphans
Soffic.02G0019200-2A	Orphans	Orphans
Soffic.08H0012480-8H	C2C2-Dof	TFF
Soffic.05G0021500-5A	C2H2	TFF
Soffic.04G0031350-4A	NAC	TFF
Soffic.03H0002150-3H	C2C2-Dof	TFF
Soffic.04G0008950-4D	C2H2	TFF
Soffic.03F0006660-3F	bZIP	TFF
Soffic.01G0009300-1C	C2H2	TFF
Soffic.05G0018050-5F	MADS	TFF
Soffic.03G0001940-3D	NOZZLE	TFF
Soffic.01G0021110-1E	FAR1	TFF
Soffic.04G0014000-4G	zf-BED	TFF
Soffic.01G0011570-1A	HB	TFF
Soffic.08G0009240-8G	FAR1	TFF
Soffic.10G0016590-10F	AP2-EREBP	TFF
Soffic.02G0005200-2C	TRAF	OTR
Soffic.08C0009960-8C	LIM	TFF
Soffic.03G0037190-3H	C2H2	TFF
Soffic.10G0019460-10H	Orphans	Orphans
Soffic.02C0004050-2C	MYB	TFF
Soffic.06G0007520-6B	zf-HD	TFF
Soffic.02G0017680-2B	zf-HD	TFF
Soffic.07G0018320-7C	bHLH	TFF
Soffic.04F0006380-4F	MYB-related	TFF
Soffic.05G0001880-5A	NAC	TFF
Soffic.04G0029000-4B	GeBP	TFF
Soffic.01G0008940-1D	FAR1	TFF
Soffic.04G0000240-4E	MYB	TFF
Soffic.10G0009740-10F	CCAAT	TFF
Soffic.06G0021700-6A	GNAT	OTR
Soffic.01G0037810-1F	bHLH	TFF
Soffic.01H0023290-1H	FAR1	TFF
Soffic.06G0023390-6B	AP2-EREBP	TFF
Soffic.05G0012120-5D	SBP	TFF
Soffic.08G0013050-8B	WRKY	TFF
Soffic.01C0039090-1C	bZIP	TFF
Soffic.01G0022550-1A	Orphans	Orphans
Soffic.09G0014330-9G	HB	TFF
Soffic.04G0025430-4D	C2C2-Dof	TFF
Soffic.03B0007320-3B	C2C2-Dof	TFF
Soffic.04H0025080-4H	ARID	OTR
Soffic.03G0025770-3G	NAC	TFF
Soffic.06G0001330-6B	Orphans	Orphans
Soffic.07G0009030-7F	zf-BED	TFF
Soffic.07G0003030-7G	TRAF	OTR
Soffic.08G0011490-8G	PAS	TFF
Soffic.03E0035130-3E	GRAS	TFF
Soffic.07G0014800-7A	CCAAT	TFF
Soffic.08G0005360-8G	MYB	TFF
Soffic.01H0044080-1H	Tify	TFF
Soffic.10G0020310-10E	MADS	TFF
Soffic.01G0031620-1H	GRAS	TFF
Soffic.10E0004440-10E	C2H2	TFF
Soffic.10G0020670-10G	TRAF	OTR
Soffic.02G0027740-2H	Orphans	Orphans
Soffic.01G0023770-1C	Orphans	Orphans
Soffic.06G0018920-6G	MYB-related	TFF
Soffic.02G0019510-2B	HSF	TFF
Soffic.09G0009890-9D	PHD	OTR
Soffic.03G0006180-3E	bHLH	TFF
Soffic.06G0014210-6H	SET	OTR
Soffic.01G0031360-1B	C2H2	TFF
Soffic.09C0017450-9C	MYB-related	TFF
Soffic.03G0021080-3B	AUX/IAA	OTR
Soffic.07G0013010-7D	PHD	OTR
Soffic.10G0019560-10C	bZIP	TFF
Soffic.02G0002840-2D	NAC	TFF
Soffic.05G0004550-5H	Orphans	Orphans
Soffic.02G0001990-2D	zf-BED	TFF
Soffic.02G0028850-2A	FAR1	TFF
Soffic.02G0002230-2C	BSD	TFF
Soffic.08G0014620-8F	Orphans	Orphans
Soffic.02G0023680-2D	zf-A20	TFF
Soffic.06C0017250-6C	PLATZ	TFF
Soffic.01G0029570-1D	MYB-related	TFF
Soffic.01G0004100-1B	C2H2	TFF
Soffic.07D0012090-7D	TRAF	OTR
Soffic.05G0006860-5B	NAC	TFF
Soffic.09E0018860-9E	Trihelix	TFF
Soffic.05C0007510-5C	zf-BED	TFF
Soffic.10G0014650-10G	MYB-related	TFF
Soffic.07G0006100-7D	ABI3VP1	TFF
Soffic.08G0010630-8F	Orphans	Orphans
Soffic.01G0021910-1D	ARF	TFF
Soffic.07G0004300-7G	Top	TFF
Soffic.10G0019360-10B	TRAF	OTR
Soffic.09G0004830-9A	AP2-EREBP	TFF
Soffic.10G0000940-10B	MYB	TFF
Soffic.06G0022690-6C	Orphans	Orphans
Soffic.03G0007750-3E	bHLH	TFF
Soffic.07G0014790-7D	AP2-EREBP	TFF
Soffic.06G0004340-6B	Orphans	Orphans
Soffic.01H0033220-1H	HSF	TFF
Soffic.10E0007470-10E	bZIP	TFF
Soffic.03C0023290-3C	ABI3VP1	TFF
Soffic.06G0019700-6D	GNAT	OTR
Soffic.02G0012170-2H	ARF	TFF
Soffic.02G0007780-2G	Orphans	Orphans
Soffic.04H0022110-4H	TCP	TFF
Soffic.08G0017270-8F	bZIP	TFF
Soffic.03G0000790-3E	AP2-EREBP	TFF
Soffic.01G0040760-1G	AP2-EREBP	TFF
Soffic.10C0007830-10C	GeBP	TFF
Soffic.01G0004990-1G	DDT	OTR
Soffic.08G0013290-8B	AUX/IAA	OTR
Soffic.09G0014360-9D	TUB	TFF
Soffic.01H0023050-1H	Tify	TFF
Soffic.01G0007060-1C	TRAF	OTR
Soffic.10G0005740-10A	AP2-EREBP	TFF
Soffic.02G0040080-2C	Orphans	Orphans
Soffic.01G0011320-1A	C2C2-GATA	TFF
Soffic.04G0007280-4G	bHLH	TFF
Soffic.06G0024060-6E	Top	TFF
Soffic.05G0002600-5E	GRAS	TFF
Soffic.03G0037000-3D	TCP	TFF
Soffic.04G0006530-4E	bZIP	TFF
Soffic.01H0042340-1H	NAC	TFF
Soffic.01G0017930-1A	Jumonji	OTR
Soffic.04E0004520-4E	ARF	TFF
Soffic.02G0013980-2C	C2H2	TFF
Soffic.01G0002000-1A	Orphans	Orphans
Soffic.03G0022720-3A	MYB	TFF
Soffic.01E0029150-1E	GRAS	TFF
Soffic.07G0011200-7A	SET	OTR
Soffic.07F0017990-7F	NAC	TFF
Soffic.03G0009220-3A	zf-BED	TFF
Soffic.01H0004830-1H	NAC	TFF
Soffic.01G0040960-1F	MYB-related	TFF
Soffic.07H0012670-7H	bZIP	TFF
Soffic.02G0004360-2E	Tify	TFF
Soffic.01G0036950-1A	Orphans	Orphans
Soffic.10G0025080-10C	NAC	TFF
Soffic.02G0033750-2G	DDT	OTR
Soffic.05G0021630-5E	AP2-EREBP	TFF
Soffic.07G0019080-7B	AP2-EREBP	TFF
Soffic.06G0021890-6C	zf-BED	TFF
Soffic.01G0041580-1E	C3H	TFF
Soffic.10G0007610-10A	AP2-EREBP	TFF
Soffic.02G0019780-2C	C2H2	TFF
Soffic.03G0008070-3G	Orphans	Orphans
Soffic.04G0016800-4E	MADS	TFF
Soffic.01G0020520-1H	Orphans	Orphans
Soffic.09G0014180-9C	MYB	TFF
Soffic.08D0005060-8D	AP2-EREBP	TFF
Soffic.05G0005180-5C	Pseudo_ARR-B	OTR
Soffic.01G0052600-1D	HB	TFF
Soffic.05G0000940-5A	Orphans	Orphans
Soffic.03G0031600-3C	C2H2	TFF
Soffic.03H0035450-3H	GRAS	TFF
Soffic.05G0006330-5H	ABI3VP1	TFF
Soffic.08G0013920-8B	zf-LSD1	TFF
Soffic.02C0000530-2C	bHLH	TFF
Soffic.04G0028000-4C	AP2-EREBP	TFF
Soffic.01D0037710-1D	EIL	TFF
Soffic.09G0000630-9A	C2H2	TFF
Soffic.07C0012730-7C	MYB	TFF
Soffic.07G0002280-7A	MYB	TFF
Soffic.01G0036300-1E	C2H2	TFF
Soffic.01G0032250-1A	NAC	TFF
Soffic.01G0008910-1H	TIG	TFF
Soffic.04G0002420-4D	zf-BED	TFF
Soffic.10G0019640-10E	Orphans	Orphans
Soffic.03G0019760-3G	HSF	TFF
Soffic.08G0004700-8G	C2C2-GATA	TFF
Soffic.02G0035880-2C	Orphans	Orphans
Soffic.10G0016380-10G	bZIP	TFF
Soffic.01G0005690-1H	NAC	TFF
Soffic.03G0033780-3E	OFP	TFF
Soffic.04D0029770-4D	GeBP	TFF
Soffic.04G0029840-4C	Orphans	Orphans
Soffic.01G0031830-1H	Orphans	Orphans
Soffic.09G0014470-9F	AUX/IAA	OTR
Soffic.01G0011590-1H	FAR1	TFF
Soffic.02G0027710-2D	SBP	TFF
Soffic.10C0002670-10C	TRAF	OTR
Soffic.04G0022150-4B	NAC	TFF
Soffic.04D0006080-4D	C2C2-CO-like	TFF
Soffic.08G0002300-8C	C3H	TFF
Soffic.08F0016190-8F	C2C2-YABBY	TFF
Soffic.08E0016470-8E	ARF	TFF
Soffic.01G0042710-1H	ABI3VP1	TFF
Soffic.07G0017990-7G	bHLH	TFF
Soffic.02G0015690-2C	Orphans	Orphans
Soffic.01H0009700-1H	MYB-related	TFF
Soffic.05G0001920-5A	NAC	TFF
Soffic.03G0024090-3B	OFP	TFF
Soffic.02G0009690-2A	MYB-related	TFF
Soffic.10G0025270-10D	NAC	TFF
Soffic.06E0014130-6E	MYB	TFF
Soffic.07G0013040-7H	AP2-EREBP	TFF
Soffic.03G0035310-3A	ARF	TFF
Soffic.06G0014240-6D	SBP	TFF
Soffic.09G0021270-9G	C2C2-GATA	TFF
Soffic.02H0030810-2H	GRAS	TFF
Soffic.09G0023880-9A	bHLH	TFF
Soffic.10G0021740-10A	SBP	TFF
Soffic.06G0018050-6G	ARF	TFF
Soffic.05G0001520-5A	FAR1	TFF
Soffic.03G0002780-3E	bHLH	TFF
Soffic.07G0018940-7F	AP2-EREBP	TFF
Soffic.04G0001460-4G	GeBP	TFF
Soffic.03B0022500-3B	zf-BED	TFF
Soffic.05G0008830-5B	zf-HD	TFF
Soffic.06G0012670-6F	SBP	TFF
Soffic.09G0014820-9E	Orphans	Orphans
Soffic.10G0000490-10E	MYB-related	TFF
Soffic.04F0033250-4F	MYB	TFF
Soffic.01G0031210-1D	MADS	TFF
Soffic.04G0022690-4A	AP2-EREBP	TFF
Soffic.03G0023630-3D	MYB	TFF
Soffic.05G0015750-5B	PAS	TFF
Soffic.01C0006750-1C	HB	TFF
Soffic.08G0018220-8E	SET	OTR
Soffic.08G0012510-8A	Orphans	Orphans
Soffic.01G0032350-1H	Jumonji	OTR
Soffic.07G0010870-7G	Orphans	Orphans
Soffic.01G0015400-1B	ABI3VP1	TFF
Soffic.06G0008020-6A	SWI/SNF-BAF60b	OTR
Soffic.04G0009020-4B	BES1	TFF
Soffic.01G0005510-1D	ABI3VP1	TFF
Soffic.01G0006940-1G	Orphans	Orphans
Soffic.01G0018670-1B	GeBP	TFF
Soffic.09G0006520-9A	C2H2	TFF
Soffic.03G0037230-3B	NAC	TFF
Soffic.01G0000260-1D	ABI3VP1	TFF
Soffic.05G0004160-5H	HB	TFF
Soffic.03B0026200-3B	BSD	TFF
Soffic.02G0034210-2G	EIL	TFF
Soffic.04G0027440-4B	mTERF	OTR
Soffic.06G0015550-6B	C2C2-GATA	TFF
Soffic.09G0003500-9A	GRAS	TFF
Soffic.10G0017080-10F	Top	TFF
Soffic.03G0006820-3D	ABI3VP1	TFF
Soffic.01G0044810-1B	bZIP	TFF
Soffic.06G0020150-6G	WRKY	TFF
Soffic.04G0011170-4B	ABI3VP1	TFF
Soffic.07G0007980-7H	FAR1	TFF
Soffic.05G0019750-5H	C2H2	TFF
Soffic.01G0050950-1B	NAC	TFF
Soffic.02G0028610-2D	MYB-related	TFF
Soffic.02G0022020-2B	bZIP	TFF
Soffic.07G0019850-7B	SWI/SNF-BAF60b	OTR
Soffic.08G0016430-8G	C2C2-GATA	TFF
Soffic.01H0006290-1H	zf-A20	TFF
Soffic.04G0013500-4A	Orphans	Orphans
Soffic.01G0047370-1G	zf-BED	TFF
Soffic.08G0012030-8C	Orphans	Orphans
Soffic.10G0019440-10B	bZIP	TFF
Soffic.03G0019730-3D	bHLH	TFF
Soffic.06G0015950-6B	SBP	TFF
Soffic.01G0034500-1G	LIM	TFF
Soffic.01H0041250-1H	TRAF	OTR
Soffic.03G0015190-3E	MYB	TFF
Soffic.01G0013340-1E	PAS	TFF
Soffic.02G0008560-2C	WRKY	TFF
Soffic.03G0028670-3A	bZIP	TFF
Soffic.01G0017600-1E	CPP	TFF
Soffic.09H0022810-9H	SET	OTR
Soffic.10G0025910-10C	HB	TFF
Soffic.04G0018970-4E	Orphans	Orphans
Soffic.05G0017890-5B	Orphans	Orphans
Soffic.02H0019810-2H	AP2-EREBP	TFF
Soffic.01G0030790-1G	bZIP	TFF
Soffic.01G0031270-1D	HB	TFF
Soffic.03G0006040-3H	zf-BED	TFF
Soffic.02G0022460-2G	SBP	TFF
Soffic.09G0001650-9F	C2H2	TFF
Soffic.03G0011610-3B	bHLH	TFF
Soffic.06G0007260-6D	AP2-EREBP	TFF
Soffic.07G0006010-7A	AP2-EREBP	TFF
Soffic.08H0001640-8H	NAC	TFF
Soffic.02G0031530-2E	GRAS	TFF
Soffic.06G0013750-6F	MYB	TFF
Soffic.01G0024250-1D	TRAF	OTR
Soffic.02G0020210-2B	MYB	TFF
Soffic.07G0008930-7G	MYB	TFF
Soffic.10G0009290-10B	TCP	TFF
Soffic.09G0010800-9D	FAR1	TFF
Soffic.04G0010090-4F	WRKY	TFF
Soffic.04G0023440-4A	bZIP	TFF
Soffic.03G0026620-3E	VOZ	TFF
Soffic.08E0016410-8E	ARF	TFF
Soffic.07G0019510-7B	bHLH	TFF
Soffic.10G0020750-10C	ARF	TFF
Soffic.02E0003580-2E	HB	TFF
Soffic.01G0044950-1B	TIG	TFF
Soffic.09G0002510-9H	Orphans	Orphans
Soffic.05G0005130-5A	NAC	TFF
Soffic.04G0025000-4F	bHLH	TFF
Soffic.04G0032920-4C	FAR1	TFF
Soffic.05G0004840-5D	FHA	TFF
Soffic.03G0019200-3C	MADS	TFF
Soffic.01G0009580-1G	TCP	TFF
Soffic.02G0032920-2E	Tify	TFF
Soffic.01H0024180-1H	MYB	TFF
Soffic.04G0017050-4F	FAR1	TFF
Soffic.08G0004260-8C	ABI3VP1	TFF
Soffic.04G0006810-4G	GRAS	TFF
Soffic.02G0019730-2A	Orphans	Orphans
Soffic.02G0023100-2C	NAC	TFF
Soffic.07G0018690-7H	C2C2-Dof	TFF
Soffic.09G0022730-9A	WRKY	TFF
Soffic.05G0019550-5G	Orphans	Orphans
Soffic.01G0022330-1C	MYB	TFF
Soffic.07G0006680-7C	RWP-RK	TFF
Soffic.10G0011150-10C	zf-C5HC2	TFF
Soffic.09G0007050-9F	Orphans	Orphans
Soffic.03G0028740-3G	WRKY	TFF
Soffic.04G0024620-4D	C2H2	TFF
Soffic.06G0023650-6G	AP2-EREBP	TFF
Soffic.04G0020580-4D	Orphans	Orphans
Soffic.01G0010140-1G	CCAAT	TFF
Soffic.10B0002660-10B	MADS	TFF
Soffic.04G0003370-4C	Orphans	Orphans
Soffic.04G0005230-4C	SBP	TFF
Soffic.10G0003070-10E	Top	TFF
Soffic.04H0011560-4H	MYB-related	TFF
Soffic.03C0005720-3C	MYB-related	TFF
Soffic.02G0037080-2E	NAC	TFF
Soffic.07G0009960-7B	Orphans	Orphans
Soffic.01G0015590-1B	C2H2	TFF
Soffic.06G0000790-6D	Orphans	Orphans
Soffic.03G0015940-3A	HSF	TFF
Soffic.04G0003050-4D	SBP	TFF
Soffic.03G0036860-3F	NAC	TFF
Soffic.06G0010770-6B	FAR1	TFF
Soffic.09G0022420-9A	MYB-related	TFF
Soffic.08G0013840-8G	ABI3VP1	TFF
Soffic.09G0021860-9H	SET	OTR
Soffic.03F0026320-3F	HSF	TFF
Soffic.01G0030060-1G	bZIP	TFF
Soffic.04H0005660-4H	TUB	TFF
Soffic.01G0032630-1F	AP2-EREBP	TFF
Soffic.01G0045270-1F	Top	TFF
Soffic.03C0034780-3C	AP2-EREBP	TFF
Soffic.07F0008680-7F	WRKY	TFF
Soffic.01G0026350-1F	FAR1	TFF
Soffic.10G0015530-10A	MYB-related	TFF
Soffic.07C0019430-7C	EIL	TFF
Soffic.03G0032830-3E	HB	TFF
Soffic.04G0004490-4A	ARF	TFF
Soffic.04G0030280-4C	MYB	TFF
Soffic.09G0006830-9D	bHLH	TFF
Soffic.06G0024240-6A	ARF	TFF
Soffic.01D0027170-1D	GRAS	TFF
Soffic.10G0007670-10A	MADS	TFF
Soffic.06G0020980-6A	Orphans	Orphans
Soffic.01G0024090-1D	Orphans	Orphans
Soffic.06G0006440-6C	C2H2	TFF
Soffic.01G0012550-1C	GRAS	TFF
Soffic.02H0003390-2H	HB	TFF
Soffic.02E0037160-2E	EIL	TFF
Soffic.09G0014490-9A	C3H	TFF
Soffic.06G0001540-6E	Orphans	Orphans
Soffic.01C0007600-1C	Rcd1-like	OTR
Soffic.06H0022000-6H	AP2-EREBP	TFF
Soffic.03G0032740-3D	C2H2	TFF
Soffic.06G0024620-6A	MYB	TFF
Soffic.04C0024930-4C	C3H	TFF
Soffic.09G0009330-9H	WRKY	TFF
Soffic.09G0015000-9B	MYB-related	TFF
Soffic.10G0015930-10A	C2H2	TFF
Soffic.07G0009940-7A	MBF1	OTR
Soffic.01G0025560-1A	TRAF	OTR
Soffic.01G0020210-1A	C2C2-YABBY	TFF
Soffic.09G0004460-9F	Top	TFF
Soffic.04B0027380-4B	TCP	TFF
Soffic.04E0024490-4E	C2C2-CO-like	TFF
Soffic.06G0006980-6E	AP2-EREBP	TFF
Soffic.09G0023170-9G	AUX/IAA	OTR
Soffic.01E0050280-1E	C2H2	TFF
Soffic.04D0029710-4D	AP2-EREBP	TFF
Soffic.09G0008240-9G	bHLH	TFF
Soffic.10G0010420-10B	AP2-EREBP	TFF
Soffic.08G0018480-8A	bZIP	TFF
Soffic.03G0037430-3F	RWP-RK	TFF
Soffic.01G0034960-1E	ABI3VP1	TFF
Soffic.01F0009580-1F	AP2-EREBP	TFF
Soffic.03G0027060-3F	MADS	TFF
Soffic.01G0048180-1B	HB	TFF
Soffic.07G0017930-7B	FHA	TFF
Soffic.03G0024790-3D	MYB	TFF
Soffic.01D0014190-1D	GNAT	OTR
Soffic.09G0003270-9B	bHLH	TFF
Soffic.01G0031240-1F	bHLH	TFF
Soffic.04G0026920-4D	CCAAT	TFF
Soffic.02G0025940-2A	MYB	TFF
Soffic.03C0024180-3C	WRKY	TFF
Soffic.04E0021140-4E	MYB	TFF
Soffic.04D0021770-4D	Orphans	Orphans
Soffic.09G0018840-9H	Orphans	Orphans
Soffic.02G0021420-2D	GNAT	OTR
Soffic.01G0008710-1G	Top	TFF
Soffic.08H0005200-8H	MYB	TFF
Soffic.02G0021840-2E	AP2-EREBP	TFF
Soffic.04F0028050-4F	bZIP	TFF
Soffic.07G0017530-7B	SBP	TFF
Soffic.02G0030890-2E	BES1	TFF
Soffic.10G0000560-10G	FAR1	TFF
Soffic.10F0023820-10F	C2H2	TFF
Soffic.03G0035520-3A	ARR-B	TFF
Soffic.10G0020050-10E	bZIP	TFF
Soffic.04G0023500-4D	Trihelix	TFF
Soffic.10E0010930-10E	bZIP	TFF
Soffic.06G0027130-6B	RWP-RK	TFF
Soffic.09G0018900-9G	Sigma70-like	TFF
Soffic.07C0004050-7C	CCAAT	TFF
Soffic.07F0017400-7F	AP2-EREBP	TFF
Soffic.04G0018320-4E	FAR1	TFF
Soffic.01G0003800-1B	NAC	TFF
Soffic.02G0016080-2G	bHLH	TFF
Soffic.03E0037650-3E	TCP	TFF
Soffic.03G0030250-3G	MYB-related	TFF
Soffic.07G0005670-7B	WRKY	TFF
Soffic.02G0036190-2C	Tudor-knot	OTR
Soffic.03G0002230-3A	MADS	TFF
Soffic.03H0034970-3H	Orphans	Orphans
Soffic.02C0003360-2C	HB	TFF
Soffic.04G0009590-4E	Orphans	Orphans
Soffic.04G0016730-4E	MADS	TFF
Soffic.07G0012750-7H	bHLH	TFF
Soffic.08E0015460-8E	AUX/IAA	OTR
Soffic.09G0008490-9F	MYB	TFF
Soffic.01G0006990-1B	Orphans	Orphans
Soffic.01G0049220-1E	C2C2-Dof	TFF
Soffic.03G0019710-3F	GNAT	OTR
Soffic.05G0005380-5B	TUB	TFF
Soffic.07G0009680-7A	Orphans	Orphans
Soffic.01F0038460-1F	CCAAT	TFF
Soffic.01G0010490-1G	C3H	TFF
Soffic.01G0032400-1H	TIG	TFF
Soffic.06G0010150-6B	WRKY	TFF
Soffic.03D0030380-3D	WRKY	TFF
Soffic.10F0023990-10F	HMG	OTR
Soffic.03G0024280-3E	Orphans	Orphans
Soffic.07G0015680-7C	C2H2	TFF
Soffic.09G0018460-9A	Orphans	Orphans
Soffic.06G0014550-6H	AP2-EREBP	TFF
Soffic.01G0043340-1F	Pseudo_ARR-B	OTR
Soffic.07G0007670-7C	MYB	TFF
Soffic.03G0011770-3F	MADS	TFF
Soffic.06G0020640-6A	zf-BED	TFF
Soffic.04G0026890-4D	CCAAT	TFF
Soffic.03G0031000-3H	CCAAT	TFF
Soffic.01E0009040-1E	WRKY	TFF
Soffic.04G0025010-4E	Orphans	Orphans
Soffic.06G0013540-6E	C1-4-t1	TFF
Soffic.06G0006340-6G	TIG	TFF
Soffic.10G0015940-10A	zf-A20	TFF
Soffic.09G0020420-9A	zf-BED	TFF
Soffic.02H0030390-2H	AP2-EREBP	TFF
Soffic.02E0028450-2E	CCAAT	TFF
Soffic.02G0013400-2C	NAC	TFF
Soffic.02G0017580-2G	MYB	TFF
Soffic.08G0005270-8A	bZIP	TFF
Soffic.06G0007620-6G	Orphans	Orphans
Soffic.06G0011050-6A	WRKY	TFF
Soffic.01G0038720-1D	MYB	TFF
Soffic.03G0038700-3H	WRKY	TFF
Soffic.01G0016570-1D	CCAAT	TFF
Soffic.03G0013570-3H	MADS	TFF
Soffic.02G0009820-2C	Orphans	Orphans
Soffic.02G0008070-2B	bHLH	TFF
Soffic.01E0050920-1E	NAC	TFF
Soffic.04G0027700-4H	PHD	OTR
Soffic.02F0033110-2F	Alfin-like	TFF
Soffic.03G0021370-3E	FAR1	TFF
Soffic.03C0028390-3C	SET	OTR
Soffic.04H0014560-4H	zf-BED	TFF
Soffic.09G0015860-9G	bZIP	TFF
Soffic.10G0011860-10D	Orphans	Orphans
Soffic.01G0006100-1G	TRAF	OTR
Soffic.08G0001760-8E	NAC	TFF
Soffic.03G0034650-3G	SBP	TFF
Soffic.06G0008210-6A	SET	OTR
Soffic.02G0027150-2D	mTERF	OTR
Soffic.04G0033710-4F	bZIP	TFF
Soffic.05G0003900-5C	TRAF	OTR
Soffic.06G0020850-6H	AUX/IAA	OTR
Soffic.02H0026020-2H	MADS	TFF
Soffic.05G0013310-5A	FAR1	TFF
Soffic.01G0008630-1A	TRAF	OTR
Soffic.03G0029310-3E	Orphans	Orphans
Soffic.03D0020760-3D	CCAAT	TFF
Soffic.10G0004980-10A	FAR1	TFF
Soffic.04G0002060-4A	bZIP	TFF
Soffic.08G0004480-8F	GRAS	TFF
Soffic.08E0007840-8E	bZIP	TFF
Soffic.06H0000550-6H	GeBP	TFF
Soffic.01G0049810-1B	BES1	TFF
Soffic.01G0031160-1D	ABI3VP1	TFF
Soffic.03G0033750-3B	Orphans	Orphans
Soffic.08G0014700-8F	CPP	TFF
Soffic.08F0001840-8F	FAR1	TFF
Soffic.07G0000840-7D	NAC	TFF
Soffic.01G0013010-1G	zf-LSD1	TFF
Soffic.09G0023380-9F	NAC	TFF
Soffic.06G0007170-6D	Orphans	Orphans
Soffic.07G0019120-7C	SBP	TFF
Soffic.02G0012380-2G	bZIP	TFF
Soffic.03G0005790-3C	Orphans	Orphans
Soffic.01G0003790-1G	mTERF	OTR
Soffic.01G0029530-1H	HB	TFF
Soffic.04G0022180-4E	C2H2	TFF
Soffic.06E0007160-6E	zf-BED	TFF
Soffic.02G0020590-2E	GNAT	OTR
Soffic.05G0009280-5A	Top	TFF
Soffic.02G0027300-2A	GRAS	TFF
Soffic.03H0021390-3H	C2C2-Dof	TFF
Soffic.03G0036600-3A	Orphans	Orphans
Soffic.02G0023640-2A	bHLH	TFF
Soffic.07G0007990-7F	Orphans	Orphans
Soffic.02G0030450-2F	zf-BED	TFF
Soffic.07G0007030-7C	Orphans	Orphans
Soffic.07G0003570-7B	FAR1	TFF
Soffic.08G0007390-8G	bZIP	TFF
Soffic.09G0016330-9B	WRKY	TFF
Soffic.10G0017670-10E	ARID	OTR
Soffic.10G0012970-10H	TRAF	OTR
Soffic.01G0019760-1A	TFIID	TFF
Soffic.06G0002800-6A	ABI3VP1	TFF
Soffic.02G0017660-2D	C2H2	TFF
Soffic.03G0034210-3B	GRAS	TFF
Soffic.07G0013990-7D	NAC	TFF
Soffic.03G0032760-3G	Alfin-like	TFF
Soffic.01G0000510-1E	AP2-EREBP	TFF
Soffic.08G0014810-8D	LIM	TFF
Soffic.02G0002210-2F	zf-BED	TFF
Soffic.02H0003870-2H	NAC	TFF
Soffic.05G0006370-5C	Orphans	Orphans
Soffic.08G0009370-8B	BES1	TFF
Soffic.04G0011460-4F	OFP	TFF
Soffic.09G0018210-9D	Orphans	Orphans
Soffic.06G0017720-6B	Trihelix	TFF
Soffic.01G0047830-1B	C2C2-Dof	TFF
Soffic.03G0021920-3E	E2F-DP	TFF
Soffic.04G0023430-4A	GRAS	TFF
Soffic.04G0015180-4A	AP2-EREBP	TFF
Soffic.02G0030670-2G	FAR1	TFF
Soffic.03G0017200-3H	Orphans	Orphans
Soffic.05G0017520-5B	MADS	TFF
Soffic.05G0021480-5A	C2H2	TFF
Soffic.10G0017730-10C	zf-A20	TFF
Soffic.02G0018250-2D	ARID	OTR
Soffic.06G0015580-6E	C2C2-GATA	TFF
Soffic.02G0002290-2A	SRS	TFF
Soffic.01G0030630-1F	MED26	OTR
Soffic.05H0019670-5H	MYB	TFF
Soffic.04G0005740-4E	CCAAT	TFF
Soffic.04H0003960-4H	PBF-2-like	TFF
Soffic.10G0018890-10D	Top	TFF
Soffic.01D0032440-1D	C2H2	TFF
Soffic.10G0011720-10B	FHA	TFF
Soffic.02G0007610-2D	AUX/IAA	OTR
Soffic.05G0008670-5E	Orphans	Orphans
Soffic.08G0006880-8G	FAR1	TFF
Soffic.04E0022790-4E	C3H	TFF
Soffic.01G0047410-1C	C2H2	TFF
Soffic.10C0020150-10C	MYB-related	TFF
Soffic.02F0012160-2F	MADS	TFF
Soffic.04G0020640-4D	mTERF	OTR
Soffic.05G0019860-5F	GRAS	TFF
Soffic.04F0005860-4F	MYB	TFF
Soffic.04G0027130-4G	C2C2-CO-like	TFF
Soffic.04G0011050-4D	HMG	OTR
Soffic.08G0016280-8H	Orphans	Orphans
Soffic.02G0023850-2H	HSF	TFF
Soffic.07G0014320-7B	MYB	TFF
Soffic.01G0023730-1F	bHLH	TFF
Soffic.08G0001490-8H	C2H2	TFF
Soffic.09D0018730-9D	Orphans	Orphans
Soffic.04G0000420-4D	bHLH	TFF
Soffic.05G0000040-5H	C2C2-Dof	TFF
Soffic.05G0020320-5G	AP2-EREBP	TFF
Soffic.10G0012850-10G	mTERF	OTR
Soffic.01D0040870-1D	GRAS	TFF
Soffic.05H0009660-5H	FHA	TFF
Soffic.05G0020240-5E	PAS	TFF
Soffic.05G0010290-5E	ABI3VP1	TFF
Soffic.02G0034100-2E	MYB	TFF
Soffic.07G0007850-7A	Orphans	Orphans
Soffic.04G0004430-4D	zf-BED	TFF
Soffic.08H0009630-8H	TRAF	OTR
Soffic.03G0034270-3B	ABI3VP1	TFF
Soffic.06G0009130-6D	C2H2	TFF
Soffic.09G0002580-9A	FAR1	TFF
Soffic.08G0004890-8B	zf-BED	TFF
Soffic.07F0006710-7F	Orphans	Orphans
Soffic.09G0017110-9A	WRKY	TFF
Soffic.01G0012830-1H	FAR1	TFF
Soffic.10G0005380-10G	MYB-related	TFF
Soffic.09B0021140-9B	zf-HD	TFF
Soffic.04F0021110-4F	TCP	TFF
Soffic.10G0007180-10H	bHLH	TFF
Soffic.04G0025440-4C	bHLH	TFF
Soffic.01G0008680-1C	Orphans	Orphans
Soffic.01F0005200-1F	TCP	TFF
Soffic.03G0000110-3B	DDT	OTR
Soffic.02G0037470-2A	AP2-EREBP	TFF
Soffic.02D0029380-2D	CCAAT	TFF
Soffic.07G0018930-7F	AP2-EREBP	TFF
Soffic.01G0008530-1C	AP2-EREBP	TFF
Soffic.04G0010320-4H	Orphans	Orphans
Soffic.01G0003990-1H	C2H2	TFF
Soffic.03G0011120-3A	bHLH	TFF
Soffic.01H0013840-1H	AUX/IAA	OTR
Soffic.08H0009980-8H	WRKY	TFF
Soffic.06G0017870-6C	GRF	TFF
Soffic.01G0011820-1H	HB	TFF
Soffic.10G0008170-10B	GRAS	TFF
Soffic.08G0001700-8G	NAC	TFF
Soffic.10G0019720-10B	TRAF	OTR
Soffic.02G0031110-2F	BES1	TFF
Soffic.02G0027220-2B	GRAS	TFF
Soffic.02B0010500-2B	MYB	TFF
Soffic.05G0017260-5C	ARF	TFF
Soffic.01G0014420-1B	C2C2-YABBY	TFF
Soffic.02G0017150-2A	AP2-EREBP	TFF
Soffic.01G0013580-1G	NAC	TFF
Soffic.01G0006930-1G	Orphans	Orphans
Soffic.09G0001240-9A	C2H2	TFF
Soffic.07G0007400-7F	MADS	TFF
Soffic.03G0040040-3C	bHLH	TFF
Soffic.04F0006390-4F	bZIP	TFF
Soffic.01F0004630-1F	HB	TFF
Soffic.02G0023300-2B	AP2-EREBP	TFF
Soffic.07G0013960-7B	AP2-EREBP	TFF
Soffic.02G0038140-2B	AP2-EREBP	TFF
Soffic.01G0010720-1B	MYB-related	TFF
Soffic.01G0007280-1E	PHD	OTR
Soffic.10G0006830-10B	bHLH	TFF
Soffic.01G0035030-1E	MADS	TFF
Soffic.01G0048550-1D	Orphans	Orphans
Soffic.01G0052480-1A	bZIP	TFF
Soffic.10C0014110-10C	WRKY	TFF
Soffic.09G0019410-9F	FAR1	TFF
Soffic.09G0008880-9B	OFP	TFF
Soffic.08G0014550-8D	TAZ	TFF
Soffic.06G0006550-6B	NAC	TFF
Soffic.03G0015820-3D	Orphans	Orphans
Soffic.07G0006220-7A	FAR1	TFF
Soffic.03E0029580-3E	bZIP	TFF
Soffic.10G0001870-10D	SET	OTR
Soffic.04G0032170-4B	FAR1	TFF
Soffic.07G0006710-7G	AP2-EREBP	TFF
Soffic.02C0004890-2C	Orphans	Orphans
Soffic.02G0009600-2E	AP2-EREBP	TFF
Soffic.07G0006970-7H	Orphans	Orphans
Soffic.09G0003430-9D	GRAS	TFF
Soffic.10G0026400-10E	ARID	OTR
Soffic.09G0010250-9G	AP2-EREBP	TFF
Soffic.07H0009750-7H	zf-BED	TFF
Soffic.04G0025360-4D	zf-HD	TFF
Soffic.09G0014460-9G	Orphans	Orphans
Soffic.06G0013650-6B	MYB	TFF
Soffic.02G0004450-2G	bHLH	TFF
Soffic.01G0044360-1D	NAC	TFF
Soffic.01D0019720-1D	SWI/SNF-BAF60b	OTR
Soffic.02G0027660-2A	mTERF	OTR
Soffic.07G0006570-7H	Orphans	Orphans
Soffic.07G0020220-7E	bHLH	TFF
Soffic.08G0010990-8F	MYB	TFF
Soffic.07G0010390-7G	MYB-related	TFF
Soffic.02G0032420-2A	C2H2	TFF
Soffic.09G0009880-9D	PHD	OTR
Soffic.06G0020910-6H	FAR1	TFF
Soffic.07D0017920-7D	bHLH	TFF
Soffic.01G0036290-1H	AP2-EREBP	TFF
Soffic.07G0018760-7C	ARF	TFF
Soffic.06H0000810-6H	Orphans	Orphans
Soffic.04G0010710-4G	C3H	TFF
Soffic.02G0001040-2F	Orphans	Orphans
Soffic.04F0008140-4F	bHLH	TFF
Soffic.08G0013280-8B	AUX/IAA	OTR
Soffic.06G0017490-6G	HSF	TFF
Soffic.01G0050010-1E	Jumonji	OTR
Soffic.08G0007330-8B	FAR1	TFF
Soffic.02G0014420-2A	MADS	TFF
Soffic.03G0033920-3C	C2H2	TFF
Soffic.01G0013660-1D	GRAS	TFF
Soffic.04H0025250-4H	GNAT	OTR
Soffic.06G0025810-6G	C2C2-Dof	TFF
Soffic.07G0017660-7C	SBP	TFF
Soffic.01G0032590-1H	SAP	TFF
Soffic.10E0006140-10E	MYB-related	TFF
Soffic.10G0017920-10G	ARID	OTR
Soffic.01G0052870-1B	Not1	TFF
Soffic.01G0040710-1H	zf-A20	TFF
Soffic.04G0023940-4E	ARID	OTR
Soffic.04H0025760-4H	BSD	TFF
Soffic.04D0019660-4D	EIL	TFF
Soffic.09D0017070-9D	CPP	TFF
Soffic.01G0033410-1A	C2H2	TFF
Soffic.05G0014550-5G	FAR1	TFF
Soffic.01G0032990-1H	GeBP	TFF
Soffic.02G0029830-2E	NAC	TFF
Soffic.07G0014780-7D	AP2-EREBP	TFF
Soffic.01A0039320-1A	bZIP	TFF
Soffic.04G0006390-4G	TUB	TFF
Soffic.03G0018090-3A	zf-LSD1	TFF
Soffic.07G0009070-7C	Orphans	Orphans
Soffic.02F0007060-2F	GNAT	OTR
Soffic.03C0021600-3C	GeBP	TFF
Soffic.09G0008900-9F	FAR1	TFF
Soffic.08G0009260-8C	MYB	TFF
Soffic.02F0033170-2F	GRAS	TFF
Soffic.03G0021310-3E	C3H	TFF
Soffic.01G0042420-1C	GRAS	TFF
Soffic.01G0046020-1G	FHA	TFF
Soffic.05G0020710-5H	C2H2	TFF
Soffic.07G0022180-7D	MYB	TFF
Soffic.08G0001520-8B	NAC	TFF
Soffic.08G0008830-8A	bZIP	TFF
Soffic.05G0020970-5G	GRAS	TFF
Soffic.07G0017070-7G	Orphans	Orphans
Soffic.03G0034010-3E	AP2-EREBP	TFF
Soffic.10G0013780-10E	Orphans	Orphans
Soffic.01E0044290-1E	GRAS	TFF
Soffic.07G0014280-7E	AP2-EREBP	TFF
Soffic.01H0028210-1H	Orphans	Orphans
Soffic.04G0019790-4E	MYB	TFF
Soffic.06G0018280-6G	OFP	TFF
Soffic.07G0010940-7E	SET	OTR
Soffic.01G0006960-1C	HSF	TFF
Soffic.06D0007100-6D	bHLH	TFF
Soffic.10G0004520-10B	Orphans	Orphans
Soffic.09G0015290-9A	C2C2-Dof	TFF
Soffic.09G0024140-9C	SET	OTR
Soffic.01G0033900-1H	Not1	TFF
Soffic.01G0004780-1F	GNAT	OTR
Soffic.03G0025530-3C	ARF	TFF
Soffic.05G0022150-5F	C2H2	TFF
Soffic.02H0033450-2H	TRAF	OTR
Soffic.08G0010400-8H	PHD	OTR
Soffic.04G0029240-4C	AP2-EREBP	TFF
Soffic.10G0014600-10B	HSF	TFF
Soffic.02B0009400-2B	AP2-EREBP	TFF
Soffic.04D0006250-4D	Orphans	Orphans
Soffic.02G0007990-2F	BBR/BPC	TFF
Soffic.01G0049140-1A	bHLH	TFF
Soffic.08G0018500-8A	SET	OTR
Soffic.08G0010640-8F	Orphans	Orphans
Soffic.09G0008700-9G	TRAF	OTR
Soffic.02E0021100-2E	NAC	TFF
Soffic.04C0030010-4C	AP2-EREBP	TFF
Soffic.04E0009310-4E	C3H	TFF
Soffic.03G0019850-3G	OFP	TFF
Soffic.06G0023950-6B	FAR1	TFF
Soffic.06G0012580-6C	NAC	TFF
Soffic.09G0001000-9G	GRAS	TFF
Soffic.01D0040380-1D	CCAAT	TFF
Soffic.04F0006270-4F	PLATZ	TFF
Soffic.04G0005880-4A	ARR-B	TFF
Soffic.07G0014040-7G	bHLH	TFF
Soffic.09G0013860-9B	NAC	TFF
Soffic.03G0024850-3B	C2C2-GATA	TFF
Soffic.02G0035890-2C	CAMTA	TFF
Soffic.05G0011170-5F	NAC	TFF
Soffic.10F0003730-10F	Orphans	Orphans
Soffic.02G0033860-2G	ABI3VP1	TFF
Soffic.02G0034900-2C	TRAF	OTR
Soffic.03G0033790-3E	OFP	TFF
Soffic.01E0007990-1E	TRAF	OTR
Soffic.07G0011370-7E	Orphans	Orphans
Soffic.01G0020870-1A	GNAT	OTR
Soffic.08G0014490-8G	AUX/IAA	OTR
Soffic.01G0017540-1A	C2H2	TFF
Soffic.04G0006940-4E	Top	TFF
Soffic.06G0011740-6E	MYB-related	TFF
Soffic.06G0021790-6E	bZIP	TFF
Soffic.04C0008250-4C	Orphans	Orphans
Soffic.10G0025060-10E	bZIP	TFF
Soffic.06G0012100-6A	GNAT	OTR
Soffic.10H0018220-10H	ARID	OTR
Soffic.03G0016730-3A	PLATZ	TFF
Soffic.04G0025650-4G	MYB-related	TFF
Soffic.07G0005740-7C	AP2-EREBP	TFF
Soffic.10G0005730-10A	bHLH	TFF
Soffic.01G0033750-1C	C2H2	TFF
Soffic.06G0000570-6B	NAC	TFF
Soffic.09G0009050-9C	Orphans	Orphans
Soffic.10G0010050-10F	Orphans	Orphans
Soffic.06G0010590-6D	Orphans	Orphans
Soffic.01E0023570-1E	Orphans	Orphans
Soffic.10G0006620-10B	FAR1	TFF
Soffic.01F0018510-1F	TRAF	OTR
Soffic.04G0022680-4A	AP2-EREBP	TFF
Soffic.06G0027180-6G	AP2-EREBP	TFF
Soffic.08B0011020-8B	MYB	TFF
Soffic.07G0001300-7G	NAC	TFF
Soffic.08G0014560-8E	bHLH	TFF
Soffic.01G0024910-1D	TRAF	OTR
Soffic.04G0011310-4D	WRKY	TFF
Soffic.01D0008860-1D	C2H2	TFF
Soffic.03G0009500-3E	Top	TFF
Soffic.02G0022390-2B	NAC	TFF
Soffic.01G0016670-1A	AUX/IAA	OTR
Soffic.02G0029850-2G	NAC	TFF
Soffic.03G0003200-3D	C2C2-Dof	TFF
Soffic.01G0048560-1E	Tify	TFF
Soffic.10G0019350-10E	WRKY	TFF
Soffic.07G0003280-7E	ABI3VP1	TFF
Soffic.01G0007300-1H	Orphans	Orphans
Soffic.07G0012490-7D	FAR1	TFF
Soffic.09G0017370-9G	HSF	TFF
Soffic.03G0017200-3F	C2H2	TFF
Soffic.08G0001500-8F	TRAF	OTR
Soffic.09H0018060-9H	TCP	TFF
Soffic.02G0014970-2B	WRKY	TFF
Soffic.05G0014160-5G	AP2-EREBP	TFF
Soffic.06G0019520-6A	WRKY	TFF
Soffic.09G0003190-9C	bHLH	TFF
Soffic.06D0018990-6D	TRAF	OTR
Soffic.02G0027100-2G	Orphans	Orphans
Soffic.01G0004350-1G	NAC	TFF
Soffic.08G0017160-8F	MYB	TFF
Soffic.08G0014550-8C	Orphans	Orphans
Soffic.06G0015130-6A	NAC	TFF
Soffic.06G0014420-6E	NAC	TFF
Soffic.07G0007000-7E	ABI3VP1	TFF
Soffic.02G0023970-2F	TCP	TFF
Soffic.10G0019650-10H	Top	TFF
Soffic.09G0015470-9B	bHLH	TFF
Soffic.09E0011920-9E	FAR1	TFF
Soffic.02G0025630-2D	bHLH	TFF
Soffic.07G0012160-7G	SWI/SNF-SWI3	OTR
Soffic.01G0040740-1D	C2C2-Dof	TFF
Soffic.10C0006650-10C	ARR-B	TFF
Soffic.04G0022010-4C	Pseudo_ARR-B	OTR
Soffic.09F0017920-9F	NAC	TFF
Soffic.06G0022560-6G	bHLH	TFF
Soffic.04G0020030-4H	mTERF	OTR
Soffic.01G0023930-1G	GNAT	OTR
Soffic.06G0009130-6C	MYB	TFF
Soffic.07G0003040-7G	TRAF	OTR
Soffic.09H0022270-9H	MYB-related	TFF
Soffic.01E0018100-1E	ABI3VP1	TFF
Soffic.03G0035840-3C	SBP	TFF
Soffic.01E0023850-1E	MYB	TFF
Soffic.05F0013110-5F	SBP	TFF
Soffic.06G0025460-6B	Orphans	Orphans
Soffic.03E0017510-3E	ABI3VP1	TFF
Soffic.01G0021200-1G	MYB-related	TFF
Soffic.01G0008680-1D	MYB-related	TFF
Soffic.04G0026230-4A	E2F-DP	TFF
Soffic.09G0014340-9G	bHLH	TFF
Soffic.09B0013310-9B	SBP	TFF
Soffic.02G0015010-2A	MYB-related	TFF
Soffic.04D0033870-4D	C2H2	TFF
Soffic.09G0012570-9G	bZIP	TFF
Soffic.09G0002820-9A	bZIP	TFF
Soffic.01H0013230-1H	Orphans	Orphans
Soffic.03G0005090-3B	MYB-related	TFF
Soffic.10G0016820-10F	AP2-EREBP	TFF
Soffic.09G0008750-9C	FHA	TFF
Soffic.04G0024840-4D	OFP	TFF
Soffic.02G0031390-2G	HRT	TFF
Soffic.08G0018130-8A	NAC	TFF
Soffic.02G0018760-2C	MYB	TFF
Soffic.04G0024230-4C	AP2-EREBP	TFF
Soffic.02G0024420-2C	bHLH	TFF
Soffic.01G0048430-1B	Orphans	Orphans
Soffic.01G0045840-1D	Orphans	Orphans
Soffic.04G0005620-4D	PHD	OTR
Soffic.07G0020020-7B	Pseudo_ARR-B	OTR
Soffic.04G0006210-4G	SBP	TFF
Soffic.06G0024860-6B	C3H	TFF
Soffic.06G0003280-6A	FAR1	TFF
Soffic.03G0009680-3D	C2C2-Dof	TFF
Soffic.05C0000370-5C	SAP	TFF
Soffic.10G0019650-10G	FAR1	TFF
Soffic.08G0005310-8F	MYB	TFF
Soffic.07G0005770-7H	Orphans	Orphans
Soffic.01G0043050-1D	bZIP	TFF
Soffic.04E0026720-4E	SWI/SNF-SWI3	OTR
Soffic.01G0033920-1B	bHLH	TFF
Soffic.09G0017190-9H	bZIP	TFF
Soffic.04G0015460-4B	zf-BED	TFF
Soffic.03F0030850-3F	WRKY	TFF
Soffic.06G0018830-6B	bHLH	TFF
Soffic.03G0003730-3C	WRKY	TFF
Soffic.06G0015440-6D	Orphans	Orphans
Soffic.10G0009160-10D	TCP	TFF
Soffic.04G0018750-4C	GRAS	TFF
Soffic.03G0011620-3E	MYB	TFF
Soffic.02G0020640-2E	bZIP	TFF
Soffic.07G0021120-7A	C2C2-Dof	TFF
Soffic.02G0010690-2E	bHLH	TFF
Soffic.05G0002670-5F	C2H2	TFF
Soffic.04G0012960-4G	C3H	TFF
Soffic.05G0012730-5A	PAS	TFF
Soffic.07C0005900-7C	GNAT	OTR
Soffic.08G0012760-8A	PAS	TFF
Soffic.02G0028470-2E	GRAS	TFF
Soffic.02G0003200-2A	HB	TFF
Soffic.01G0016320-1C	ABI3VP1	TFF
Soffic.08G0002710-8A	FHA	TFF
Soffic.02G0033370-2A	PHD	OTR
Soffic.02G0025600-2E	GRAS	TFF
Soffic.04G0027870-4D	Orphans	Orphans
Soffic.09G0012510-9G	FAR1	TFF
Soffic.05G0021380-5B	C2H2	TFF
Soffic.02G0028350-2F	Orphans	Orphans
Soffic.02G0004400-2D	MADS	TFF
Soffic.09G0014550-9B	TUB	TFF
Soffic.02G0032510-2B	bHLH	TFF
Soffic.04G0017650-4C	C2H2	TFF
Soffic.04H0026960-4H	bHLH	TFF
Soffic.01G0043460-1F	ABI3VP1	TFF
Soffic.01G0047360-1H	Orphans	Orphans
Soffic.04G0004950-4B	bZIP	TFF
Soffic.01G0009990-1G	GNAT	OTR
Soffic.02E0022920-2E	Orphans	Orphans
Soffic.07B0004070-7B	CCAAT	TFF
Soffic.09G0000940-9D	GRAS	TFF
Soffic.06G0008370-6F	GRAS	TFF
Soffic.01G0009590-1G	TCP	TFF
Soffic.02G0031480-2D	MADS	TFF
Soffic.01G0008500-1E	SWI/SNF-BAF60b	OTR
Soffic.07G0008740-7F	MYB-related	TFF
Soffic.03D0026270-3D	bZIP	TFF
Soffic.02G0021570-2G	zf-BED	TFF
Soffic.04G0026110-4B	BSD	TFF
Soffic.05G0019270-5G	FHA	TFF
Soffic.05G0008110-5A	Orphans	Orphans
Soffic.04G0020990-4D	FAR1	TFF
Soffic.08G0005390-8A	TUB	TFF
Soffic.06G0010960-6B	MYB-related	TFF
Soffic.08G0012820-8H	Orphans	Orphans
Soffic.02H0014020-2H	WRKY	TFF
Soffic.01G0053980-1A	ABI3VP1	TFF
Soffic.01C0021270-1C	Top	TFF
Soffic.04G0016750-4G	C2H2	TFF
Soffic.01G0032030-1C	Orphans	Orphans
Soffic.02H0003380-2H	HB	TFF
Soffic.10G0018910-10A	MYB-related	TFF
Soffic.07G0020140-7A	SWI/SNF-BAF60b	OTR
Soffic.04G0025410-4F	MYB	TFF
Soffic.06G0020590-6A	TRAF	OTR
Soffic.02H0017230-2H	WRKY	TFF
Soffic.07G0000380-7F	zf-BED	TFF
Soffic.10H0017800-10H	C2H2	TFF
Soffic.01G0037310-1A	TUB	TFF
Soffic.05G0007240-5F	ABI3VP1	TFF
Soffic.02G0040120-2B	FAR1	TFF
Soffic.08G0014500-8G	AUX/IAA	OTR
Soffic.02H0003160-2H	AP2-EREBP	TFF
Soffic.02G0027150-2C	GRAS	TFF
Soffic.01G0004300-1C	Orphans	Orphans
Soffic.02G0024560-2F	SRS	TFF
Soffic.02G0011790-2C	MYB	TFF
Soffic.01G0036880-1F	Orphans	Orphans
Soffic.07G0021040-7B	MYB	TFF
Soffic.05G0002990-5C	MYB	TFF
Soffic.09G0008090-9E	MADS	TFF
Soffic.03G0036680-3E	TAZ	TFF
Soffic.10E0022070-10E	ARF	TFF
Soffic.06G0015650-6G	C2C2-YABBY	TFF
Soffic.05G0009200-5E	Orphans	Orphans
Soffic.03G0028760-3C	AP2-EREBP	TFF
Soffic.04G0008620-4H	Orphans	Orphans
Soffic.10D0021980-10D	AP2-EREBP	TFF
Soffic.02G0033920-2A	Orphans	Orphans
Soffic.01E0017780-1E	AUX/IAA	OTR
Soffic.02G0008740-2H	MYB-related	TFF
Soffic.04A0002500-4A	bZIP	TFF
Soffic.10C0025210-10C	C2H2	TFF
Soffic.02G0026780-2C	Alfin-like	TFF
Soffic.01G0047750-1A	Orphans	Orphans
Soffic.06G0009360-6A	GRAS	TFF
Soffic.09G0012800-9C	FAR1	TFF
Soffic.07G0019120-7D	NAC	TFF
Soffic.06G0023430-6C	ARF	TFF
Soffic.04G0022980-4C	TCP	TFF
Soffic.03G0035950-3H	C3H	TFF
Soffic.06G0019740-6E	MADS	TFF
Soffic.02D0012850-2D	bZIP	TFF
Soffic.03H0003650-3H	MYB	TFF
Soffic.01D0037560-1D	NAC	TFF
Soffic.10G0010760-10H	AP2-EREBP	TFF
Soffic.05G0008720-5F	zf-HD	TFF
Soffic.03G0022600-3A	AP2-EREBP	TFF
Soffic.08G0014650-8A	Orphans	Orphans
Soffic.10G0005870-10H	SET	OTR
Soffic.10D0012290-10D	Orphans	Orphans
Soffic.09G0019440-9C	Orphans	Orphans
Soffic.01D0000100-1D	MADS	TFF
Soffic.06G0012040-6H	NAC	TFF
Soffic.03G0008680-3B	zf-BED	TFF
Soffic.02G0026040-2G	GRAS	TFF
Soffic.10G0018550-10B	Top	TFF
Soffic.03G0008120-3H	Orphans	Orphans
Soffic.04G0015440-4A	C2H2	TFF
Soffic.02G0025010-2D	RWP-RK	TFF
Soffic.04G0006650-4B	MYB	TFF
Soffic.01G0049720-1D	OFP	TFF
Soffic.01G0033490-1H	MYB-related	TFF
Soffic.04G0016840-4C	MADS	TFF
Soffic.01G0038640-1E	GeBP	TFF
Soffic.02H0013110-2H	Orphans	Orphans
Soffic.08G0013570-8E	Orphans	Orphans
Soffic.06G0007480-6F	Orphans	Orphans
Soffic.10E0005830-10E	Orphans	Orphans
Soffic.09G0020080-9B	ARF	TFF
Soffic.07G0018040-7A	Orphans	Orphans
Soffic.02G0009820-2D	FAR1	TFF
Soffic.01G0002920-1B	SBP	TFF
Soffic.01G0045000-1B	GNAT	OTR
Soffic.01G0014920-1A	bHLH	TFF
Soffic.07C0016450-7C	TCP	TFF
Soffic.02G0022100-2G	zf-BED	TFF
Soffic.04H0015840-4H	zf-A20	TFF
Soffic.09F0017320-9F	MYB-related	TFF
Soffic.04G0018080-4B	AP2-EREBP	TFF
Soffic.01G0000060-1C	bHLH	TFF
Soffic.07G0005700-7B	WRKY	TFF
Soffic.09F0022830-9F	MADS	TFF
Soffic.06G0008910-6F	NAC	TFF
Soffic.03G0009550-3A	C3H	TFF
Soffic.01H0045900-1H	AP2-EREBP	TFF
Soffic.02G0038350-2A	FAR1	TFF
Soffic.01G0044150-1D	ARR-B	TFF
Soffic.05G0010170-5D	C2C2-GATA	TFF
Soffic.04H0017410-4H	Coactivator_p15	OTR
Soffic.01G0015460-1G	WRKY	TFF
Soffic.10C0013350-10C	TRAF	OTR
Soffic.06H0018650-6H	FAR1	TFF
Soffic.04G0000280-4G	bHLH	TFF
Soffic.09G0015000-9E	FAR1	TFF
Soffic.05G0012260-5D	bHLH	TFF
Soffic.03G0006390-3C	Orphans	Orphans
Soffic.10C0025220-10C	C2H2	TFF
Soffic.09G0011400-9B	bZIP	TFF
Soffic.04G0017760-4H	ARF	TFF
Soffic.02G0033910-2A	Tify	TFF
Soffic.03D0004780-3D	MYB-related	TFF
Soffic.07G0012580-7G	RWP-RK	TFF
Soffic.10F0023210-10F	bZIP	TFF
Soffic.01G0051410-1D	bHLH	TFF
Soffic.04G0016740-4B	HSF	TFF
Soffic.01C0023060-1C	Top	TFF
Soffic.09F0011530-9F	MYB-related	TFF
Soffic.06G0007450-6H	FAR1	TFF
Soffic.07H0006800-7H	TRAF	OTR
Soffic.02G0021310-2G	bHLH	TFF
Soffic.03G0001280-3F	PHD	OTR
Soffic.02G0015440-2G	OFP	TFF
Soffic.03G0008110-3H	FAR1	TFF
Soffic.01G0024310-1D	C2H2	TFF
Soffic.06G0023820-6B	AUX/IAA	OTR
Soffic.08G0016530-8D	CCAAT	TFF
Soffic.01F0024000-1F	bHLH	TFF
Soffic.02G0033030-2C	Rcd1-like	OTR
Soffic.01G0029890-1D	Orphans	Orphans
Soffic.02F0035730-2F	WRKY	TFF
Soffic.08G0015780-8A	AUX/IAA	OTR
Soffic.03G0029170-3C	WRKY	TFF
Soffic.03G0009600-3G	NAC	TFF
Soffic.05F0014070-5F	GNAT	OTR
Soffic.10G0001630-10D	FAR1	TFF
Soffic.01G0003800-1E	AP2-EREBP	TFF
Soffic.07E0012670-7E	MYB	TFF
Soffic.03G0027180-3A	PHD	OTR
Soffic.10G0014860-10A	TRAF	OTR
Soffic.01E0047690-1E	OFP	TFF
Soffic.02G0015330-2C	Orphans	Orphans
Soffic.01G0034960-1B	Orphans	Orphans
Soffic.02G0018650-2H	PHD	OTR
Soffic.01H0008730-1H	zf-BED	TFF
Soffic.03G0007880-3C	TRAF	OTR
Soffic.02H0013120-2H	Orphans	Orphans
Soffic.03F0027810-3F	NAC	TFF
Soffic.07G0003230-7G	MYB	TFF
Soffic.02H0016100-2H	PHD	OTR
Soffic.10G0017200-10B	zf-A20	TFF
Soffic.08G0005320-8F	MYB	TFF
Soffic.01G0049070-1B	C2H2	TFF
Soffic.08G0013610-8G	MYB-related	TFF
Soffic.02G0019830-2G	bHLH	TFF
Soffic.01G0043670-1A	C2H2	TFF
Soffic.01B0022100-1B	OFP	TFF
Soffic.02G0006340-2C	bHLH	TFF
Soffic.05G0002830-5H	Orphans	Orphans
Soffic.07H0008510-7H	Orphans	Orphans
Soffic.03G0007050-3C	AP2-EREBP	TFF
Soffic.02G0039450-2C	bZIP	TFF
Soffic.08G0005540-8D	MYB	TFF
Soffic.01G0051260-1A	Jumonji	OTR
Soffic.09H0014050-9H	AP2-EREBP	TFF
Soffic.09G0022480-9F	Sigma70-like	TFF
Soffic.04G0034600-4G	C2H2	TFF
Soffic.07G0019910-7E	TRAF	OTR
Soffic.09G0019730-9H	Sigma70-like	TFF
Soffic.01G0034940-1A	Jumonji	OTR
Soffic.08G0006510-8G	NAC	TFF
Soffic.05G0008060-5A	zf-HD	TFF
Soffic.06B0005760-6B	zf-BED	TFF
Soffic.07G0000250-7A	Orphans	Orphans
Soffic.06G0019970-6A	PHD	OTR
Soffic.07F0017020-7F	PAS	TFF
Soffic.01G0025170-1F	AP2-EREBP	TFF
Soffic.06G0005970-6C	ABI3VP1	TFF
Soffic.01E0006290-1E	GNAT	OTR
Soffic.07E0014270-7E	SET	OTR
Soffic.01C0013740-1C	GNAT	OTR
Soffic.04B0027400-4B	AP2-EREBP	TFF
Soffic.08G0001730-8A	TRAF	OTR
Soffic.08G0012260-8G	MYB	TFF
Soffic.07G0011570-7E	FAR1	TFF
Soffic.08G0004760-8B	zf-BED	TFF
Soffic.06E0021960-6E	bHLH	TFF
Soffic.03B0000080-3B	NAC	TFF
Soffic.09F0017570-9F	Orphans	Orphans
Soffic.04F0032200-4F	AUX/IAA	OTR
Soffic.02G0034560-2A	CAMTA	TFF
Soffic.05G0016150-5C	C2C2-GATA	TFF
Soffic.02G0032520-2B	C2H2	TFF
Soffic.02G0023520-2F	Orphans	Orphans
Soffic.06G0021540-6F	Orphans	Orphans
Soffic.05G0005270-5E	FAR1	TFF
Soffic.03G0015020-3D	Orphans	Orphans
Soffic.01G0048580-1D	CCAAT	TFF
Soffic.09G0005070-9G	C2C2-GATA	TFF
Soffic.01G0036660-1B	bZIP	TFF
Soffic.07G0009560-7E	MYB-related	TFF
Soffic.03G0031350-3B	bZIP	TFF
Soffic.04G0024070-4H	OFP	TFF
Soffic.01G0007750-1C	bHLH	TFF
Soffic.04G0005730-4B	Orphans	Orphans
Soffic.01H0023250-1H	FAR1	TFF
Soffic.07G0001430-7B	bHLH	TFF
Soffic.05G0008120-5A	C2C2-GATA	TFF
Soffic.04G0012870-4A	Orphans	Orphans
Soffic.04G0018850-4B	Orphans	Orphans
Soffic.07G0010640-7G	CCAAT	TFF
Soffic.07G0006390-7A	TRAF	OTR
Soffic.05E0010380-5E	MYB	TFF
Soffic.06G0007880-6E	AP2-EREBP	TFF
Soffic.01G0033970-1B	MYB-related	TFF
Soffic.04B0003080-4B	Orphans	Orphans
Soffic.04G0010450-4E	GRAS	TFF
Soffic.01G0040230-1B	LIM	TFF
Soffic.02G0013360-2B	HRT	TFF
Soffic.01G0024920-1D	TRAF	OTR
Soffic.06G0015870-6E	ABI3VP1	TFF
Soffic.09G0007680-9D	AUX/IAA	OTR
Soffic.04B0014970-4B	AP2-EREBP	TFF
Soffic.05H0019830-5H	C2H2	TFF
Soffic.10G0006610-10B	MYB-related	TFF
Soffic.03H0005990-3H	AP2-EREBP	TFF
Soffic.06G0016930-6H	Orphans	Orphans
Soffic.07G0007270-7F	SWI/SNF-SWI3	OTR
Soffic.06D0009310-6D	zf-HD	TFF
Soffic.02G0014760-2E	AP2-EREBP	TFF
Soffic.08G0013370-8E	MYB	TFF
Soffic.07G0019570-7E	Orphans	Orphans
Soffic.01G0013810-1G	Orphans	Orphans
Soffic.01F0008600-1F	FAR1	TFF
Soffic.02G0031460-2E	bHLH	TFF
Soffic.07G0006370-7F	AP2-EREBP	TFF
Soffic.09E0019850-9E	MADS	TFF
Soffic.03G0011370-3G	MADS	TFF
Soffic.07G0008460-7G	Orphans	Orphans
Soffic.09G0007930-9D	bHLH	TFF
Soffic.02G0010460-2E	SET	OTR
Soffic.03H0005590-3H	MYB-related	TFF
Soffic.07H0008570-7H	Orphans	Orphans
Soffic.02G0039680-2B	MYB	TFF
Soffic.01F0018920-1F	GeBP	TFF
Soffic.03G0024500-3H	WRKY	TFF
Soffic.07F0015360-7F	PLATZ	TFF
Soffic.10G0008180-10A	G2-like	TFF
Soffic.03D0023200-3D	TUB	TFF
Soffic.04G0023400-4G	MYB	TFF
Soffic.02G0032260-2C	mTERF	OTR
Soffic.02G0004210-2C	Tify	TFF
Soffic.01F0007700-1F	FHA	TFF
Soffic.05G0016200-5F	Orphans	Orphans
Soffic.05G0005710-5C	MED26	OTR
Soffic.02G0032750-2C	bHLH	TFF
Soffic.03D0021530-3D	C3H	TFF
Soffic.07F0009900-7F	bZIP	TFF
Soffic.01G0036480-1E	WRKY	TFF
Soffic.06G0008540-6D	MYB	TFF
Soffic.09D0022100-9D	C2C2-GATA	TFF
Soffic.02G0027630-2E	FHA	TFF
Soffic.06E0000390-6E	Orphans	Orphans
Soffic.01G0003860-1G	C2C2-Dof	TFF
Soffic.10D0026340-10D	MBF1	OTR
Soffic.06F0004990-6F	MADS	TFF
Soffic.01B0017870-1B	SWI/SNF-BAF60b	OTR
Soffic.06G0002830-6G	TCP	TFF
Soffic.03G0013390-3A	SAP	TFF
Soffic.03G0023710-3E	bHLH	TFF
Soffic.04C0023410-4C	MYB	TFF
Soffic.05G0003780-5H	NAC	TFF
Soffic.06G0019030-6C	zf-BED	TFF
Soffic.01G0050950-1E	C2C2-Dof	TFF
Soffic.06H0006920-6H	bHLH	TFF
Soffic.10G0018870-10C	HB	TFF
Soffic.02G0015020-2A	MYB-related	TFF
Soffic.04F0024780-4F	C2C2-CO-like	TFF
Soffic.09G0010410-9C	GNAT	OTR
Soffic.01G0010820-1D	FAR1	TFF
Soffic.07G0002060-7G	MYB-related	TFF
Soffic.02E0037590-2E	bZIP	TFF
Soffic.06G0019200-6B	WRKY	TFF
Soffic.07G0020980-7B	bHLH	TFF
Soffic.01G0039930-1A	PHD	OTR
Soffic.04B0032320-4B	AUX/IAA	OTR
Soffic.09B0013970-9B	AP2-EREBP	TFF
Soffic.05G0004030-5D	bZIP	TFF
Soffic.04G0028560-4F	GNAT	OTR
Soffic.05G0002140-5G	zf-BED	TFF
Soffic.01E0026130-1E	C2H2	TFF
Soffic.06G0009540-6B	MYB	TFF
Soffic.08G0002940-8E	Orphans	Orphans
Soffic.01G0012720-1E	FAR1	TFF
Soffic.02G0010100-2B	Orphans	Orphans
Soffic.01E0005720-1E	bZIP	TFF
Soffic.01B0011830-1B	GNAT	OTR
Soffic.02F0011830-2F	Orphans	Orphans
Soffic.10G0012050-10H	CCAAT	TFF
Soffic.02G0035790-2B	Tudor-knot	OTR
Soffic.01G0039680-1A	SET	OTR
Soffic.03G0003890-3G	bZIP	TFF
Soffic.05G0009090-5A	Top	TFF
Soffic.02G0004360-2B	TCP	TFF
Soffic.01B0022530-1B	Orphans	Orphans
Soffic.03H0028150-3H	AP2-EREBP	TFF
Soffic.01F0013810-1F	SWI/SNF-BAF60b	OTR
Soffic.10G0021010-10G	ARF	TFF
Soffic.05G0003690-5B	Orphans	Orphans
Soffic.10G0005450-10B	bHLH	TFF
Soffic.01G0015160-1B	WRKY	TFF
Soffic.10G0015460-10A	AP2-EREBP	TFF
Soffic.07G0001490-7G	Orphans	Orphans
Soffic.02G0037300-2H	WRKY	TFF
Soffic.08G0012200-8E	Orphans	Orphans
Soffic.01G0015380-1B	C2C2-Dof	TFF
Soffic.06G0025630-6G	MYB	TFF
Soffic.03G0023620-3H	ABI3VP1	TFF
Soffic.04G0005220-4F	WRKY	TFF
Soffic.01G0031070-1C	C2H2	TFF
Soffic.03H0021640-3H	NAC	TFF
Soffic.01F0018370-1F	OFP	TFF
Soffic.05D0002420-5D	Orphans	Orphans
Soffic.07G0016440-7H	Orphans	Orphans
Soffic.04G0030570-4D	NOT2_3_5	OTR
Soffic.01G0007700-1G	Orphans	Orphans
Soffic.01G0012990-1D	C2C2-CO-like	TFF
Soffic.06G0021780-6B	SET	OTR
Soffic.01C0024630-1C	Orphans	Orphans
Soffic.07G0003900-7F	Sigma70-like	TFF
Soffic.01G0013500-1C	SET	OTR
Soffic.03G0033780-3B	FAR1	TFF
Soffic.03G0034680-3G	MADS	TFF
Soffic.03B0005750-3B	CCAAT	TFF
Soffic.02D0016220-2D	GNAT	OTR
Soffic.02G0032500-2H	MADS	TFF
Soffic.01G0047030-1B	AP2-EREBP	TFF
Soffic.04G0020830-4F	Orphans	Orphans
Soffic.01G0018030-1E	ABI3VP1	TFF
Soffic.02D0013200-2D	Orphans	Orphans
Soffic.06G0017680-6A	Orphans	Orphans
Soffic.07G0002030-7D	TRAF	OTR
Soffic.01G0008550-1A	AP2-EREBP	TFF
Soffic.03F0036580-3F	FAR1	TFF
Soffic.10G0009980-10D	E2F-DP	TFF
Soffic.07G0017900-7D	bHLH	TFF
Soffic.07G0008000-7H	MADS	TFF
Soffic.05G0022240-5B	GRAS	TFF
Soffic.03G0035760-3A	TAZ	TFF
Soffic.04F0005120-4F	TUB	TFF
Soffic.08E0004630-8E	GRAS	TFF
Soffic.09G0020700-9G	ARF	TFF
Soffic.06G0019670-6C	Orphans	Orphans
Soffic.06G0006770-6D	SET	OTR
Soffic.09G0008660-9F	NAC	TFF
Soffic.03G0022330-3E	MYB	TFF
Soffic.03C0021960-3C	BES1	TFF
Soffic.02G0020740-2F	bHLH	TFF
Soffic.06G0009150-6A	AP2-EREBP	TFF
Soffic.03H0035500-3H	ABI3VP1	TFF
Soffic.02G0007880-2A	WRKY	TFF
Soffic.01F0011260-1F	ABI3VP1	TFF
Soffic.01G0016340-1F	ARF	TFF
Soffic.07G0006720-7G	AP2-EREBP	TFF
Soffic.10G0005630-10H	MADS	TFF
Soffic.09G0015510-9A	C2H2	TFF
Soffic.02G0032230-2G	zf-BED	TFF
Soffic.05G0000160-5C	C2C2-Dof	TFF
Soffic.05H0008460-5H	zf-BED	TFF
Soffic.02G0026750-2C	Alfin-like	TFF
Soffic.06G0007060-6D	FAR1	TFF
Soffic.01F0018050-1F	E2F-DP	TFF
Soffic.05G0004510-5A	FAR1	TFF
Soffic.08G0008080-8D	RWP-RK	TFF
Soffic.09G0017710-9F	AUX/IAA	OTR
Soffic.04A0022570-4A	PHD	OTR
Soffic.01G0030840-1C	Orphans	Orphans
Soffic.02G0038530-2C	AP2-EREBP	TFF
Soffic.09G0020900-9F	GRAS	TFF
Soffic.03G0039630-3B	DDT	OTR
Soffic.06G0013060-6F	NAC	TFF
Soffic.07D0017910-7D	bHLH	TFF
Soffic.03G0016900-3H	bHLH	TFF
Soffic.01G0012590-1C	MYB-related	TFF
Soffic.05G0005450-5A	zf-BED	TFF
Soffic.05G0011930-5B	bHLH	TFF
Soffic.03G0033030-3A	TUB	TFF
Soffic.04G0032090-4D	Orphans	Orphans
Soffic.10G0012310-10G	PHD	OTR
Soffic.02G0030970-2E	C2H2	TFF
Soffic.01D0051590-1D	NAC	TFF
Soffic.07G0012960-7A	MADS	TFF
Soffic.02G0026250-2E	MYB	TFF
Soffic.01G0009940-1E	MYB-related	TFF
Soffic.04G0021120-4G	Orphans	Orphans
Soffic.04G0026760-4C	CCAAT	TFF
Soffic.03G0009440-3G	C3H	TFF
Soffic.02G0026760-2E	Orphans	Orphans
Soffic.01F0012450-1F	MYB	TFF
Soffic.01D0022750-1D	ARR-B	TFF
Soffic.02G0020690-2G	FAR1	TFF
Soffic.04G0029610-4D	bZIP	TFF
Soffic.01G0018430-1F	Orphans	Orphans
Soffic.09G0021690-9B	GRAS	TFF
Soffic.07E0006470-7E	TRAF	OTR
Soffic.02G0011860-2C	ABI3VP1	TFF
Soffic.05G0004030-5C	Orphans	Orphans
Soffic.10H0001370-10H	HB	TFF
Soffic.02G0013440-2B	Orphans	Orphans
Soffic.01F0009270-1F	HB	TFF
Soffic.06B0016910-6B	HMG	OTR
Soffic.04G0010880-4F	GeBP	TFF
Soffic.01G0033730-1A	C2H2	TFF
Soffic.01E0006310-1E	GNAT	OTR
Soffic.06F0013640-6F	NAC	TFF
Soffic.06G0001660-6D	Orphans	Orphans
Soffic.10F0004340-10F	Orphans	Orphans
Soffic.03F0020640-3F	OFP	TFF
Soffic.05D0010100-5D	Sigma70-like	TFF
Soffic.07G0016750-7A	bZIP	TFF
Soffic.06G0016100-6F	bHLH	TFF
Soffic.09G0005560-9A	bHLH	TFF
Soffic.05G0018100-5D	zf-BED	TFF
Soffic.01G0026740-1E	TRAF	OTR
Soffic.02G0017260-2F	Tify	TFF
Soffic.06G0013120-6F	MYB	TFF
Soffic.02G0031710-2A	C2H2	TFF
Soffic.01F0020150-1F	C2C2-Dof	TFF
Soffic.03F0018260-3F	MYB-related	TFF
Soffic.02F0001900-2F	C2H2	TFF
Soffic.02G0009550-2C	BBR/BPC	TFF
Soffic.07G0013390-7D	FAR1	TFF
Soffic.01G0011020-1F	AUX/IAA	OTR
Soffic.10G0000670-10A	HB	TFF
Soffic.02G0027470-2F	Orphans	Orphans
Soffic.07G0005230-7B	Orphans	Orphans
Soffic.04G0021060-4G	ABI3VP1	TFF
Soffic.01G0008140-1B	MADS	TFF
Soffic.01G0002300-1F	ABI3VP1	TFF
Soffic.03G0033940-3H	bHLH	TFF
Soffic.06H0000350-6H	C3H	TFF
Soffic.07G0006900-7B	HMG	OTR
Soffic.07G0000820-7F	NAC	TFF
Soffic.04D0034120-4D	TCP	TFF
Soffic.01H0005150-1H	GRAS	TFF
Soffic.01G0035510-1G	CCAAT	TFF
Soffic.06G0010210-6D	bHLH	TFF
Soffic.04D0030130-4D	Orphans	Orphans
Soffic.04G0008400-4C	HB	TFF
Soffic.05G0020310-5G	AP2-EREBP	TFF
Soffic.05C0002760-5C	NAC	TFF
Soffic.01G0015870-1B	GRAS	TFF
Soffic.03G0000930-3H	bZIP	TFF
Soffic.08G0007450-8C	zf-BED	TFF
Soffic.04G0010190-4G	MYB-related	TFF
Soffic.04G0030080-4C	NOT2_3_5	OTR
Soffic.01G0050960-1D	Orphans	Orphans
Soffic.10G0019930-10G	MYB-related	TFF
Soffic.01G0037220-1F	Orphans	Orphans
Soffic.03H0032930-3H	MYB-related	TFF
Soffic.03G0016250-3E	HSF	TFF
Soffic.01H0016770-1H	C2C2-YABBY	TFF
Soffic.04G0027820-4C	E2F-DP	TFF
Soffic.02E0003270-2E	AP2-EREBP	TFF
Soffic.04G0017010-4A	DDT	OTR
Soffic.03B0021260-3B	GeBP	TFF
Soffic.01G0033300-1F	Orphans	Orphans
Soffic.02G0017490-2D	PHD	OTR
Soffic.01A0037330-1A	TUB	TFF
Soffic.01G0013100-1E	FAR1	TFF
Soffic.09G0020880-9B	C3H	TFF
Soffic.03G0026470-3C	Orphans	Orphans
Soffic.01G0016120-1E	FAR1	TFF
Soffic.03G0025870-3A	bZIP	TFF
Soffic.10G0007900-10E	MADS	TFF
Soffic.03G0034560-3C	zf-BED	TFF
Soffic.01G0024290-1D	Orphans	Orphans
Soffic.05G0020610-5E	AP2-EREBP	TFF
Soffic.02G0016040-2E	MYB	TFF
Soffic.08G0007460-8E	Orphans	Orphans
Soffic.02G0035200-2G	C2C2-YABBY	TFF
Soffic.02G0033610-2D	zf-BED	TFF
Soffic.04G0025990-4B	SET	OTR
Soffic.01G0032170-1G	Orphans	Orphans
Soffic.10G0010740-10C	MYB	TFF
Soffic.10G0019260-10A	NAC	TFF
Soffic.02G0017380-2G	bHLH	TFF
Soffic.04G0000180-4H	bZIP	TFF
Soffic.06G0023390-6E	C3H	TFF
Soffic.03G0038980-3D	MYB-related	TFF
Soffic.09G0019200-9H	bHLH	TFF
Soffic.09G0010240-9B	AP2-EREBP	TFF
Soffic.04G0029990-4H	AUX/IAA	OTR
Soffic.01G0024880-1D	Orphans	Orphans
Soffic.09H0015140-9H	MYB-related	TFF
Soffic.01G0047200-1D	bHLH	TFF
Soffic.04G0016820-4F	bHLH	TFF
Soffic.07G0002200-7B	MYB-related	TFF
Soffic.02G0028230-2D	GRAS	TFF
Soffic.01G0011810-1H	HB	TFF
Soffic.02B0037060-2B	TRAF	OTR
Soffic.05G0007590-5D	WRKY	TFF
Soffic.02E0012670-2E	MYB-related	TFF
Soffic.03G0013490-3B	MADS	TFF
Soffic.05G0019990-5G	AP2-EREBP	TFF
Soffic.09G0016400-9G	CPP	TFF
Soffic.05G0003960-5A	OFP	TFF
Soffic.01G0027500-1B	MYB-related	TFF
Soffic.03G0039450-3A	PHD	OTR
Soffic.06F0001070-6F	E2F-DP	TFF
Soffic.09G0010360-9H	AP2-EREBP	TFF
Soffic.03G0007310-3C	bZIP	TFF
Soffic.01G0029470-1G	MYB-related	TFF
Soffic.04G0008220-4D	bHLH	TFF
Soffic.01G0027370-1H	MED26	OTR
Soffic.02G0024180-2H	SRS	TFF
Soffic.01H0041880-1H	Orphans	Orphans
Soffic.01G0006180-1D	bHLH	TFF
Soffic.04G0012140-4B	MYB	TFF
Soffic.10G0015120-10H	MYB-related	TFF
Soffic.03G0026410-3C	NAC	TFF
Soffic.09G0019660-9A	Orphans	Orphans
Soffic.01G0013260-1F	FAR1	TFF
Soffic.09D0020690-9D	C3H	TFF
Soffic.04G0017070-4A	Orphans	Orphans
Soffic.01G0045740-1B	GNAT	OTR
Soffic.06G0018840-6E	ABI3VP1	TFF
Soffic.03G0011170-3A	AUX/IAA	OTR
Soffic.06D0014720-6D	bHLH	TFF
Soffic.04D0033630-4D	NAC	TFF
Soffic.03G0016520-3B	Orphans	Orphans
Soffic.03E0005810-3E	MYB	TFF
Soffic.01H0046840-1H	Orphans	Orphans
Soffic.01G0001140-1D	HSF	TFF
Soffic.04G0027300-4G	Orphans	Orphans
Soffic.01E0023290-1E	MADS	TFF
Soffic.10G0001760-10B	AP2-EREBP	TFF
Soffic.09G0015080-9A	MYB-related	TFF
Soffic.09G0004790-9B	Top	TFF
Soffic.01H0000390-1H	WRKY	TFF
Soffic.10G0018050-10A	FAR1	TFF
Soffic.08G0007680-8B	MYB	TFF
Soffic.01G0031300-1G	PHD	OTR
Soffic.04E0013760-4E	AP2-EREBP	TFF
Soffic.04G0013010-4B	GeBP	TFF
Soffic.07H0014980-7H	bHLH	TFF
Soffic.01D0033460-1D	Tify	TFF
Soffic.04G0025560-4D	WRKY	TFF
Soffic.01D0008790-1D	MYB-related	TFF
Soffic.04G0025400-4B	GNAT	OTR
Soffic.02G0006340-2D	CPP	TFF
Soffic.05G0019790-5H	C2H2	TFF
Soffic.04G0027770-4B	NAC	TFF
Soffic.03G0002860-3E	Orphans	Orphans
Soffic.05C0012770-5C	WRKY	TFF
Soffic.01G0050990-1B	OFP	TFF
Soffic.09G0023250-9A	zf-HD	TFF
Soffic.08G0012550-8F	C2C2-GATA	TFF
Soffic.01G0032050-1A	HB	TFF
Soffic.04G0024090-4A	bHLH	TFF
Soffic.03G0029140-3F	AP2-EREBP	TFF
Soffic.07G0012660-7C	MADS	TFF
Soffic.07G0001330-7A	MYB-related	TFF
Soffic.01G0039710-1B	C2C2-Dof	TFF
Soffic.01G0015720-1C	bHLH	TFF
Soffic.05G0002180-5B	WRKY	TFF
Soffic.02G0028700-2C	Orphans	Orphans
Soffic.01G0041540-1G	Jumonji	OTR
Soffic.03C0033550-3C	NAC	TFF
Soffic.07G0006490-7B	TRAF	OTR
Soffic.02D0021010-2D	CCAAT	TFF
Soffic.06G0016930-6F	Orphans	Orphans
Soffic.04D0015520-4D	Orphans	Orphans
Soffic.05G0000330-5A	C2C2-Dof	TFF
Soffic.03G0020770-3A	CCAAT	TFF
Soffic.06G0002110-6D	Top	TFF
Soffic.07G0013710-7E	AP2-EREBP	TFF
Soffic.06G0008080-6H	FHA	TFF
Soffic.02G0007240-2D	bHLH	TFF
Soffic.02F0015360-2F	GNAT	OTR
Soffic.09G0014390-9E	bHLH	TFF
Soffic.03G0036540-3B	ARF	TFF
Soffic.08G0014070-8C	ABI3VP1	TFF
Soffic.04G0020830-4H	Orphans	Orphans
Soffic.09F0003690-9F	GRAS	TFF
Soffic.10F0012960-10F	HSF	TFF
Soffic.08G0003980-8C	bZIP	TFF
Soffic.04G0021420-4B	Orphans	Orphans
Soffic.02D0008040-2D	PHD	OTR
Soffic.07G0007800-7E	Orphans	Orphans
Soffic.02G0020070-2B	AP2-EREBP	TFF
Soffic.03G0022300-3D	MYB	TFF
Soffic.10E0005610-10E	DBP	TFF
Soffic.04G0017630-4A	zf-BED	TFF
Soffic.07G0007370-7A	MADS	TFF
Soffic.09G0013790-9B	NAC	TFF
Soffic.10G0002180-10H	FAR1	TFF
Soffic.01G0025140-1C	TRAF	OTR
Soffic.04G0009810-4E	FAR1	TFF
Soffic.01G0035080-1G	FAR1	TFF
Soffic.03G0017600-3C	C3H	TFF
Soffic.06G0020340-6C	GNAT	OTR
Soffic.03D0017610-3D	PHD	OTR
Soffic.07G0013180-7B	zf-A20	TFF
Soffic.04G0027010-4D	bHLH	TFF
Soffic.02G0034690-2B	FAR1	TFF
Soffic.04G0023450-4D	Orphans	Orphans
Soffic.08G0005910-8H	bHLH	TFF
Soffic.08G0016930-8C	C2C2-GATA	TFF
Soffic.05G0022180-5F	C2H2	TFF
Soffic.08G0016090-8F	Orphans	Orphans
Soffic.04G0017980-4A	EIL	TFF
Soffic.03G0035040-3C	Jumonji	OTR
Soffic.02G0026920-2B	SET	OTR
Soffic.04D0011500-4D	MYB	TFF
Soffic.04G0025020-4E	Orphans	Orphans
Soffic.01G0037730-1B	PHD	OTR
Soffic.05G0004400-5F	OFP	TFF
Soffic.06G0020430-6G	ABI3VP1	TFF
Soffic.04G0005970-4A	HB	TFF
Soffic.02G0023900-2B	bHLH	TFF
Soffic.09H0014920-9H	NAC	TFF
Soffic.03H0010310-3H	RWP-RK	TFF
Soffic.10G0017570-10G	C2H2	TFF
Soffic.05G0012760-5E	PAS	TFF
Soffic.03G0034660-3A	C2H2	TFF
Soffic.02G0006460-2C	AUX/IAA	OTR
Soffic.03G0018700-3C	zf-BED	TFF
Soffic.07G0003310-7B	bHLH	TFF
Soffic.02G0014900-2F	TRAF	OTR
Soffic.10G0005580-10G	bHLH	TFF
Soffic.02G0029050-2G	bHLH	TFF
Soffic.04F0022900-4F	C3H	TFF
Soffic.02G0032050-2B	AP2-EREBP	TFF
Soffic.03G0033570-3C	SWI/SNF-BAF60b	OTR
Soffic.01G0044680-1G	Orphans	Orphans
Soffic.09F0009740-9F	MYB	TFF
Soffic.09G0000920-9H	GRAS	TFF
Soffic.07G0015020-7A	AP2-EREBP	TFF
Soffic.02G0001950-2C	zf-BED	TFF
Soffic.06G0016750-6E	bHLH	TFF
Soffic.05G0007940-5A	Alfin-like	TFF
Soffic.06E0020470-6E	FAR1	TFF
Soffic.07G0004710-7E	SET	OTR
Soffic.07G0004340-7A	AP2-EREBP	TFF
Soffic.09C0018280-9C	TCP	TFF
Soffic.01G0003470-1B	mTERF	OTR
Soffic.03G0029620-3G	Orphans	Orphans
Soffic.03G0038010-3D	FAR1	TFF
Soffic.07G0018330-7F	TRAF	OTR
Soffic.01G0035240-1E	NAC	TFF
Soffic.04G0025930-4G	TUB	TFF
Soffic.04D0019490-4D	Orphans	Orphans
Soffic.03G0019290-3G	bHLH	TFF
Soffic.04G0006450-4C	zf-BED	TFF
Soffic.01G0044930-1G	MYB-related	TFF
Soffic.08G0011990-8D	Orphans	Orphans
Soffic.01G0021330-1H	TRAF	OTR
Soffic.06G0022650-6D	C3H	TFF
Soffic.08G0009510-8B	zf-BED	TFF
Soffic.03G0003260-3A	C3H	TFF
Soffic.10G0017970-10G	bZIP	TFF
Soffic.01E0047540-1E	AP2-EREBP	TFF
Soffic.02F0019620-2F	bZIP	TFF
Soffic.05G0017200-5A	WRKY	TFF
Soffic.06G0012870-6C	ARF	TFF
Soffic.06G0017180-6E	RWP-RK	TFF
Soffic.02G0013870-2C	zf-BED	TFF
Soffic.01G0036100-1D	TUB	TFF
Soffic.05G0002810-5D	DDT	OTR
Soffic.01G0025950-1G	zf-LSD1	TFF
Soffic.07G0006140-7B	ABI3VP1	TFF
Soffic.06G0007730-6A	Orphans	Orphans
Soffic.07G0012590-7G	RWP-RK	TFF
Soffic.07G0015370-7H	RB	OTR
Soffic.01G0049990-1B	Orphans	Orphans
Soffic.06G0024740-6G	C3H	TFF
Soffic.01G0001680-1E	C2H2	TFF
Soffic.02G0030290-2B	bHLH	TFF
Soffic.09G0007220-9A	Orphans	Orphans
Soffic.01G0007620-1G	AP2-EREBP	TFF
Soffic.01H0026300-1H	bHLH	TFF
Soffic.01G0037740-1B	MYB	TFF
Soffic.10G0014930-10G	HSF	TFF
Soffic.10G0020770-10A	MED26	OTR
Soffic.02G0021180-2H	WRKY	TFF
Soffic.05G0010900-5H	GRAS	TFF
Soffic.05G0004630-5H	AP2-EREBP	TFF
Soffic.04G0017710-4G	bZIP	TFF
Soffic.03G0035030-3C	Jumonji	OTR
Soffic.06G0024610-6A	ABI3VP1	TFF
Soffic.06G0006990-6B	AP2-EREBP	TFF
Soffic.04C0004860-4C	PLATZ	TFF
Soffic.08G0013850-8B	bZIP	TFF
Soffic.05H0005280-5H	NAC	TFF
Soffic.07E0020080-7E	CCAAT	TFF
Soffic.07D0014930-7D	bHLH	TFF
Soffic.01G0048190-1E	AP2-EREBP	TFF
Soffic.04G0025540-4G	C3H	TFF
Soffic.02D0019690-2D	AP2-EREBP	TFF
Soffic.09G0003550-9E	FAR1	TFF
Soffic.02G0019750-2D	Orphans	Orphans
Soffic.02G0008470-2F	Orphans	Orphans
Soffic.03G0034450-3A	AP2-EREBP	TFF
Soffic.02G0036350-2B	GeBP	TFF
Soffic.07G0020560-7D	NAC	TFF
Soffic.04G0024590-4H	TUB	TFF
Soffic.01G0051610-1E	ABI3VP1	TFF
Soffic.04F0019420-4F	FAR1	TFF
Soffic.05H0010630-5H	Orphans	Orphans
Soffic.03H0019930-3H	HSF	TFF
Soffic.06G0011070-6F	FAR1	TFF
Soffic.02G0030880-2B	Orphans	Orphans
Soffic.01E0047530-1E	zf-BED	TFF
Soffic.06D0012730-6D	TCP	TFF
Soffic.10G0021500-10C	ARF	TFF
Soffic.03H0019530-3H	MYB-related	TFF
Soffic.01G0012300-1G	FAR1	TFF
Soffic.01G0041400-1B	Top	TFF
Soffic.02G0008900-2A	AP2-EREBP	TFF
Soffic.03C0020000-3C	HSF	TFF
Soffic.04G0014940-4H	AP2-EREBP	TFF
Soffic.08G0015790-8A	AUX/IAA	OTR
Soffic.07G0016290-7G	HSF	TFF
Soffic.01G0005460-1H	bHLH	TFF
Soffic.09G0003560-9C	MYB-related	TFF
Soffic.01G0029880-1D	Orphans	Orphans
Soffic.10G0005220-10G	Orphans	Orphans
Soffic.06G0009450-6D	C2H2	TFF
Soffic.08G0009790-8C	SWI/SNF-BAF60b	OTR
Soffic.03G0011260-3A	WRKY	TFF
Soffic.01G0008720-1G	Top	TFF
Soffic.01G0035230-1E	SWI/SNF-SWI3	OTR
Soffic.10G0004210-10A	SET	OTR
Soffic.06G0022500-6B	bZIP	TFF
Soffic.09G0017760-9G	FAR1	TFF
Soffic.04G0015990-4G	MYB-related	TFF
Soffic.04G0013960-4C	Orphans	Orphans
Soffic.10G0016580-10G	DBP	TFF
Soffic.01F0002030-1F	FAR1	TFF
Soffic.10G0007650-10C	Orphans	Orphans
Soffic.07G0006020-7A	AP2-EREBP	TFF
Soffic.02G0000670-2D	bHLH	TFF
Soffic.09F0007710-9F	bHLH	TFF
Soffic.08G0014640-8C	WRKY	TFF
Soffic.01E0006280-1E	GNAT	OTR
Soffic.02G0028110-2G	FHA	TFF
Soffic.04F0032800-4F	bZIP	TFF
Soffic.04G0031160-4A	C2C2-GATA	TFF
Soffic.03G0037060-3A	ARF	TFF
Soffic.06B0005570-6B	AP2-EREBP	TFF
Soffic.06G0005750-6E	E2F-DP	TFF
Soffic.03G0027430-3A	Top	TFF
Soffic.10G0000830-10D	ABI3VP1	TFF
Soffic.07F0016880-7F	bZIP	TFF
Soffic.03G0003170-3A	MYB-related	TFF
Soffic.02G0030050-2B	GRAS	TFF
Soffic.09G0005460-9E	FAR1	TFF
Soffic.01E0041970-1E	WRKY	TFF
Soffic.05G0014460-5E	CCAAT	TFF
Soffic.01G0021310-1C	TRAF	OTR
Soffic.09G0021710-9A	Trihelix	TFF
Soffic.02G0035320-2D	MYB	TFF
Soffic.01G0048430-1E	GRAS	TFF
Soffic.03D0023740-3D	Orphans	Orphans
Soffic.03D0013790-3D	TUB	TFF
Soffic.10F0024860-10F	FAR1	TFF
Soffic.01G0013140-1D	PAS	TFF
Soffic.05G0009510-5A	AUX/IAA	OTR
Soffic.01D0021300-1D	Orphans	Orphans
Soffic.08G0014430-8E	Orphans	Orphans
Soffic.09E0012460-9E	Alfin-like	TFF
Soffic.10G0017370-10F	Top	TFF
Soffic.04G0022460-4A	AP2-EREBP	TFF
Soffic.02G0002980-2F	zf-BED	TFF
Soffic.01H0046830-1H	Orphans	Orphans
Soffic.09G0004510-9C	AP2-EREBP	TFF
Soffic.03H0035140-3H	mTERF	OTR
Soffic.10H0014180-10H	GRF	TFF
Soffic.05G0003100-5B	zf-BED	TFF
Soffic.10G0008290-10E	MADS	TFF
Soffic.04G0035830-4G	bZIP	TFF
Soffic.02G0031150-2A	C2C2-YABBY	TFF
Soffic.04G0009450-4A	Orphans	Orphans
Soffic.04G0026110-4E	AP2-EREBP	TFF
Soffic.01G0047320-1G	Trihelix	TFF
Soffic.10D0024810-10D	bZIP	TFF
Soffic.09G0010110-9A	AP2-EREBP	TFF
Soffic.02C0031000-2C	NAC	TFF
Soffic.03G0015480-3G	Orphans	Orphans
Soffic.01H0044050-1H	C2C2-GATA	TFF
Soffic.02G0020810-2E	C3H	TFF
Soffic.01G0020660-1B	Top	TFF
Soffic.09G0013540-9H	zf-BED	TFF
Soffic.07G0006380-7A	TRAF	OTR
Soffic.03G0005700-3G	AP2-EREBP	TFF
Soffic.08G0005680-8C	NAC	TFF
Soffic.03G0030410-3D	WRKY	TFF
Soffic.03G0001190-3G	C2H2	TFF
Soffic.01G0016840-1A	NAC	TFF
Soffic.09D0016370-9D	GNAT	OTR
Soffic.03G0029750-3D	MYB	TFF
Soffic.02G0032510-2E	MADS	TFF
Soffic.10G0024350-10G	Orphans	Orphans
Soffic.03G0016890-3B	PLATZ	TFF
Soffic.05G0020180-5F	C2C2-GATA	TFF
Soffic.03G0023560-3E	MYB	TFF
Soffic.01G0046710-1A	C2H2	TFF
Soffic.06G0013780-6H	NAC	TFF
Soffic.01F0019170-1F	TRAF	OTR
Soffic.07G0007810-7F	zf-BED	TFF
Soffic.09G0006400-9F	GNAT	OTR
Soffic.04G0016970-4A	DDT	OTR
Soffic.03G0023950-3C	MADS	TFF
Soffic.05H0013900-5H	Pseudo_ARR-B	OTR
Soffic.01G0052020-1E	SBP	TFF
Soffic.03G0035320-3A	NAC	TFF
Soffic.07G0004150-7E	AP2-EREBP	TFF
Soffic.07G0011920-7B	FAR1	TFF
Soffic.01F0036960-1F	GRAS	TFF
Soffic.04G0007670-4B	MYB-related	TFF
Soffic.03G0009900-3B	NAC	TFF
Soffic.04G0021980-4F	SET	OTR
Soffic.01G0033250-1B	MYB	TFF
Soffic.04G0012210-4A	GNAT	OTR
Soffic.04G0024120-4G	MYB	TFF
Soffic.10D0006110-10D	TRAF	OTR
Soffic.02C0003560-2C	MADS	TFF
Soffic.09G0015350-9F	C2H2	TFF
Soffic.07G0018310-7D	PAS	TFF
Soffic.02G0030490-2F	TRAF	OTR
Soffic.02G0021600-2H	GNAT	OTR
Soffic.02B0031450-2B	GRAS	TFF
Soffic.08G0012920-8A	MYB	TFF
Soffic.08H0015340-8H	AUX/IAA	OTR
Soffic.03G0003110-3A	Orphans	Orphans
Soffic.01G0034070-1D	zf-LSD1	TFF
Soffic.09D0007750-9D	GNAT	OTR
Soffic.08G0012520-8A	Orphans	Orphans
Soffic.04G0019060-4B	EIL	TFF
Soffic.03G0014880-3G	bHLH	TFF
Soffic.02G0016030-2E	MYB	TFF
Soffic.10E0003850-10E	TRAF	OTR
Soffic.03F0032050-3F	CCAAT	TFF
Soffic.02G0025210-2C	Pseudo_ARR-B	OTR
Soffic.01G0014840-1C	HB	TFF
Soffic.01F0024470-1F	NAC	TFF
Soffic.06G0021680-6H	MYB-related	TFF
Soffic.07G0018830-7A	TRAF	OTR
Soffic.04G0006960-4A	bZIP	TFF
Soffic.01G0004650-1B	bZIP	TFF
Soffic.02G0012710-2A	Orphans	Orphans
Soffic.06G0002230-6G	ABI3VP1	TFF
Soffic.01G0028130-1F	WRKY	TFF
Soffic.07G0009210-7C	Orphans	Orphans
Soffic.01G0012660-1G	Orphans	Orphans
Soffic.09G0018770-9B	bHLH	TFF
Soffic.01G0010990-1C	WRKY	TFF
Soffic.10G0011940-10H	FHA	TFF
Soffic.02G0028240-2D	FAR1	TFF
Soffic.02G0018290-2D	AP2-EREBP	TFF
Soffic.09G0010230-9B	AP2-EREBP	TFF
Soffic.07H0001120-7H	NAC	TFF
Soffic.09G0008790-9D	AP2-EREBP	TFF
Soffic.02G0003320-2E	TRAF	OTR
Soffic.01F0019110-1F	Orphans	Orphans
Soffic.07G0012530-7B	C2H2	TFF
Soffic.04G0007700-4E	HB	TFF
Soffic.03G0026700-3B	bHLH	TFF
Soffic.03G0020980-3G	C2C2-Dof	TFF
Soffic.06G0013980-6G	NAC	TFF
Soffic.03H0004200-3H	MYB-related	TFF
Soffic.02G0010070-2G	MYB	TFF
Soffic.10G0024650-10E	SRS	TFF
Soffic.01G0025360-1A	Orphans	Orphans
Soffic.03F0023900-3F	bHLH	TFF
Soffic.09G0017200-9C	GNAT	OTR
Soffic.01G0005520-1D	ABI3VP1	TFF
Soffic.03G0005900-3H	MYB	TFF
Soffic.04G0028740-4D	mTERF	OTR
Soffic.01G0032160-1F	Jumonji	OTR
Soffic.04G0017540-4C	FAR1	TFF
Soffic.09G0014640-9B	MYB	TFF
Soffic.03G0024620-3G	OFP	TFF
Soffic.02G0006600-2G	GNAT	OTR
Soffic.09G0016300-9C	Orphans	Orphans
Soffic.07B0006460-7B	TRAF	OTR
Soffic.02G0027000-2H	SBP	TFF
Soffic.05G0013040-5C	SBP	TFF
Soffic.03G0022060-3F	C2C2-Dof	TFF
Soffic.06G0019630-6F	GNAT	OTR
Soffic.08G0017320-8A	C2H2	TFF
Soffic.07G0013870-7D	MYB-related	TFF
Soffic.04B0032250-4B	Orphans	Orphans
Soffic.06G0021060-6B	NAC	TFF
Soffic.06E0000380-6E	Orphans	Orphans
Soffic.01G0030830-1C	MYB-related	TFF
Soffic.03G0009880-3F	Orphans	Orphans
Soffic.01G0011830-1C	HB	TFF
Soffic.01E0011130-1E	WRKY	TFF
Soffic.10C0020430-10C	zf-BED	TFF
Soffic.01E0008410-1E	SWI/SNF-BAF60b	OTR
Soffic.01G0045400-1H	Orphans	Orphans
Soffic.01G0042840-1B	AP2-EREBP	TFF
Soffic.01G0037800-1B	MYB	TFF
Soffic.06G0003610-6D	ARF	TFF
Soffic.10G0006120-10G	FAR1	TFF
Soffic.01G0015390-1B	ABI3VP1	TFF
Soffic.03F0026370-3F	WRKY	TFF
Soffic.09G0014660-9A	HB	TFF
Soffic.02H0030350-2H	AP2-EREBP	TFF
Soffic.04D0009230-4D	BES1	TFF
Soffic.03G0009430-3G	C3H	TFF
Soffic.02G0016670-2E	WRKY	TFF
Soffic.04D0031120-4D	AP2-EREBP	TFF
Soffic.03G0007330-3H	NAC	TFF
Soffic.08F0006760-8F	Orphans	Orphans
Soffic.01G0009380-1G	GeBP	TFF
Soffic.03G0033040-3A	TUB	TFF
Soffic.01G0020510-1H	Orphans	Orphans
Soffic.09G0015780-9G	MYB-related	TFF
Soffic.02G0029620-2B	MADS	TFF
Soffic.07G0009620-7H	bHLH	TFF
Soffic.04G0020230-4F	Pseudo_ARR-B	OTR
Soffic.02G0037790-2D	C3H	TFF
Soffic.01G0009160-1G	zf-HD	TFF
Soffic.06G0025990-6G	MYB-related	TFF
Soffic.02G0003970-2E	Rcd1-like	OTR
Soffic.03G0021490-3F	FAR1	TFF
Soffic.02G0005280-2G	PHD	OTR
Soffic.02G0005890-2G	Orphans	Orphans
Soffic.09G0003640-9B	Top	TFF
Soffic.07G0013020-7C	MYB	TFF
Soffic.03G0035570-3A	ABI3VP1	TFF
Soffic.01G0048940-1A	CCAAT	TFF
Soffic.04G0024790-4G	AP2-EREBP	TFF
Soffic.02E0017230-2E	ARID	OTR
Soffic.02F0034220-2F	CAMTA	TFF
Soffic.01G0041100-1G	bHLH	TFF
Soffic.10E0014570-10E	BES1	TFF
Soffic.03D0003070-3D	AP2-EREBP	TFF
Soffic.01E0020730-1E	Trihelix	TFF
Soffic.03F0020580-3F	WRKY	TFF
Soffic.04F0011730-4F	AP2-EREBP	TFF
Soffic.09G0016540-9B	WRKY	TFF
Soffic.03G0039810-3E	SRS	TFF
Soffic.09C0023330-9C	MYB-related	TFF
Soffic.04G0018060-4D	FAR1	TFF
Soffic.01G0040600-1F	C2C2-YABBY	TFF
Soffic.02E0022090-2E	Orphans	Orphans
Soffic.01G0052560-1D	HB	TFF
Soffic.03A0018930-3A	WRKY	TFF
Soffic.01G0043260-1E	bHLH	TFF
Soffic.10F0004330-10F	ARR-B	TFF
Soffic.03F0020630-3F	OFP	TFF
Soffic.01G0030390-1F	GeBP	TFF
Soffic.02F0011840-2F	Orphans	Orphans
Soffic.07G0010150-7A	mTERF	OTR
Soffic.01G0041640-1B	CCAAT	TFF
Soffic.04G0030260-4E	NAC	TFF
Soffic.04G0008680-4A	HSF	TFF
Soffic.02G0019520-2B	bHLH	TFF
Soffic.05G0004040-5D	GRAS	TFF
Soffic.01G0026230-1D	Tify	TFF
Soffic.02G0028860-2G	C2C2-YABBY	TFF
Soffic.01F0016470-1F	Orphans	Orphans
Soffic.01D0022860-1D	C2C2-GATA	TFF
Soffic.02G0011260-2C	CCAAT	TFF
Soffic.03G0037970-3G	PHD	OTR
Soffic.10G0020320-10E	CCAAT	TFF
Soffic.05G0011150-5A	Sigma70-like	TFF
Soffic.04F0009540-4F	C3H	TFF
Soffic.03G0021090-3E	WRKY	TFF
Soffic.06G0025640-6G	MYB	TFF
Soffic.01G0006140-1A	HSF	TFF
Soffic.03G0011890-3G	MYB	TFF
Soffic.10G0017760-10H	Orphans	Orphans
Soffic.03H0037460-3H	CCAAT	TFF
Soffic.02E0036760-2E	bZIP	TFF
Soffic.04B0026250-4B	Orphans	Orphans
Soffic.03C0034750-3C	NAC	TFF
Soffic.03G0025490-3B	ARF	TFF
Soffic.03G0027480-3D	C2H2	TFF
Soffic.03G0028290-3C	bZIP	TFF
Soffic.07G0018260-7B	TRAF	OTR
Soffic.06G0014640-6H	SBP	TFF
Soffic.06G0020950-6A	SET	OTR
Soffic.10G0023340-10A	bZIP	TFF
Soffic.01G0049560-1C	SET	OTR
Soffic.07G0003110-7D	NAC	TFF
Soffic.08G0015850-8G	C2H2	TFF
Soffic.04G0010330-4D	Orphans	Orphans
Soffic.02G0039300-2C	bZIP	TFF
Soffic.07H0003400-7H	Orphans	Orphans
Soffic.06G0003320-6A	FAR1	TFF
Soffic.08G0004660-8F	MED26	OTR
Soffic.01G0005050-1D	bZIP	TFF
Soffic.01C0024640-1C	TRAF	OTR
Soffic.01E0017860-1E	WRKY	TFF
Soffic.01G0014550-1F	GNAT	OTR
Soffic.03E0037530-3E	Orphans	Orphans
Soffic.05G0022170-5A	GRAS	TFF
Soffic.01G0035670-1B	AP2-EREBP	TFF
Soffic.08G0001520-8E	Orphans	Orphans
Soffic.01G0034820-1D	NAC	TFF
Soffic.04G0008010-4C	C2C2-GATA	TFF
Soffic.06G0008560-6G	AP2-EREBP	TFF
Soffic.07D0007770-7D	zf-BED	TFF
Soffic.09G0007570-9F	MYB-related	TFF
Soffic.08G0011300-8G	C3H	TFF
Soffic.08G0003400-8C	DDT	OTR
Soffic.06G0022310-6F	Orphans	Orphans
Soffic.02H0033500-2H	Tify	TFF
Soffic.05G0010470-5A	FAR1	TFF
Soffic.01F0009550-1F	Orphans	Orphans
Soffic.01A0022620-1A	Orphans	Orphans
Soffic.01G0022680-1D	MYB-related	TFF
Soffic.08G0001920-8E	FAR1	TFF
Soffic.08E0004640-8E	Orphans	Orphans
Soffic.07G0017190-7A	bZIP	TFF
Soffic.06G0008960-6G	NAC	TFF
Soffic.07G0002040-7D	TRAF	OTR
Soffic.09G0016150-9A	MYB	TFF
Soffic.02E0032950-2E	Orphans	Orphans
Soffic.05G0015170-5E	SGT1	OTR
Soffic.01H0009040-1H	FHA	TFF
Soffic.03H0021980-3H	E2F-DP	TFF
Soffic.02G0020530-2G	bHLH	TFF
Soffic.01G0018040-1E	ABI3VP1	TFF
Soffic.02F0034990-2F	CCAAT	TFF
Soffic.02G0024670-2E	Orphans	Orphans
Soffic.09G0000360-9G	Orphans	Orphans
Soffic.06G0016800-6G	bHLH	TFF
Soffic.02G0028830-2D	FHA	TFF
Soffic.04C0026950-4C	Orphans	Orphans
Soffic.02G0018290-2C	zf-HD	TFF
Soffic.02G0021890-2G	NAC	TFF
Soffic.06H0006890-6H	AP2-EREBP	TFF
Soffic.01G0008390-1A	FAR1	TFF
Soffic.07G0004490-7G	MYB-related	TFF
Soffic.01G0018360-1F	TFIID	TFF
Soffic.02G0023950-2A	MADS	TFF
Soffic.03G0024830-3G	ARF	TFF
Soffic.06F0018910-6F	TRAF	OTR
Soffic.10G0020780-10C	ARF	TFF
Soffic.10G0014870-10E	zf-BED	TFF
Soffic.06G0003400-6F	MYB	TFF
Soffic.07H0014400-7H	MYB	TFF
Soffic.06H0007020-6H	AP2-EREBP	TFF
Soffic.01G0050770-1D	MYB	TFF
Soffic.10C0016730-10C	DBP	TFF
Soffic.09G0003420-9H	WRKY	TFF
Soffic.03G0030470-3C	GRAS	TFF
Soffic.02G0028310-2A	SBP	TFF
Soffic.06F0013350-6F	TUB	TFF
Soffic.01G0043420-1G	Orphans	Orphans
Soffic.08G0005900-8E	MYB-related	TFF
Soffic.10G0022190-10D	MED26	OTR
Soffic.01G0054470-1D	Not1	TFF
Soffic.04G0020870-4D	Orphans	Orphans
Soffic.06F0015690-6F	AP2-EREBP	TFF
Soffic.03G0038720-3E	C2H2	TFF
Soffic.01G0036010-1A	MED26	OTR
Soffic.06C0009410-6C	GNAT	OTR
Soffic.04G0021040-4C	bHLH	TFF
Soffic.04G0023960-4A	SET	OTR
Soffic.06G0023020-6E	NAC	TFF
Soffic.10B0006730-10B	LIM	TFF
Soffic.07D0013740-7D	MYB	TFF
Soffic.01G0029460-1H	MADS	TFF
Soffic.09G0001680-9F	MYB	TFF
Soffic.04G0028620-4E	MYB	TFF
Soffic.07H0000480-7H	AUX/IAA	OTR
Soffic.10G0009370-10C	G2-like	TFF
Soffic.06G0007780-6D	FHA	TFF
Soffic.07G0007750-7G	HMG	OTR
Soffic.10G0023260-10F	bHLH	TFF
Soffic.04G0002600-4F	PHD	OTR
Soffic.06G0008530-6D	NAC	TFF
Soffic.08G0004280-8E	E2F-DP	TFF
Soffic.02H0016540-2H	Alfin-like	TFF
Soffic.07G0004230-7F	AP2-EREBP	TFF
Soffic.04G0002440-4H	PHD	OTR
Soffic.04B0002000-4B	NAC	TFF
Soffic.10G0020570-10E	Orphans	Orphans
Soffic.04B0017930-4B	Orphans	Orphans
Soffic.06G0012240-6H	MYB-related	TFF
Soffic.04C0026870-4C	bHLH	TFF
Soffic.08G0000480-8C	Orphans	Orphans
Soffic.01G0017550-1D	C2H2	TFF
Soffic.01G0035030-1B	Orphans	Orphans
Soffic.10G0013470-10F	HB	TFF
Soffic.02G0037050-2E	MYB-related	TFF
Soffic.01G0022960-1G	MADS	TFF
Soffic.01H0022470-1H	C2C2-Dof	TFF
Soffic.04G0017080-4F	Orphans	Orphans
Soffic.01G0010430-1E	Orphans	Orphans
Soffic.02H0030580-2H	BES1	TFF
Soffic.02G0020560-2D	bZIP	TFF
Soffic.04H0016480-4H	MADS	TFF
Soffic.06G0023930-6G	Orphans	Orphans
Soffic.01E0050090-1E	Top	TFF
Soffic.02G0032000-2A	Orphans	Orphans
Soffic.07G0017860-7H	PHD	OTR
Soffic.01G0028760-1E	bHLH	TFF
Soffic.01G0024890-1D	TRAF	OTR
Soffic.07G0019750-7D	TRAF	OTR
Soffic.01G0047120-1A	GRAS	TFF
Soffic.03G0023330-3A	Coactivator_p15	OTR
Soffic.03G0030360-3F	FAR1	TFF
Soffic.05G0012110-5D	SBP	TFF
Soffic.04B0005670-4B	Orphans	Orphans
Soffic.07D0019690-7D	Orphans	Orphans
Soffic.05G0007980-5D	AUX/IAA	OTR
Soffic.05G0005990-5B	NAC	TFF
Soffic.01G0034530-1A	PLATZ	TFF
Soffic.06G0007850-6B	FAR1	TFF
Soffic.08G0005530-8D	MYB	TFF
Soffic.02G0007730-2E	TRAF	OTR
Soffic.06H0021440-6H	MED7	OTR
Soffic.01D0007680-1D	FAR1	TFF
Soffic.09G0014560-9D	NAC	TFF
Soffic.08G0014030-8F	WRKY	TFF
Soffic.07G0002350-7H	Orphans	Orphans
Soffic.02G0019840-2G	AP2-EREBP	TFF
Soffic.03G0003310-3G	C2H2	TFF
Soffic.04G0011200-4G	Orphans	Orphans
Soffic.01G0019210-1H	Orphans	Orphans
Soffic.02G0028370-2A	Orphans	Orphans
Soffic.01G0011520-1A	zf-BED	TFF
Soffic.01G0001870-1G	NAC	TFF
Soffic.10G0015940-10D	FAR1	TFF
Soffic.02G0020990-2B	C2C2-Dof	TFF
Soffic.01G0022820-1A	zf-BED	TFF
Soffic.05G0018940-5C	E2F-DP	TFF
Soffic.10G0008520-10E	bHLH	TFF
Soffic.03G0003190-3H	TRAF	OTR
Soffic.01H0041890-1H	Orphans	Orphans
Soffic.04G0006580-4G	WRKY	TFF
Soffic.03G0029260-3C	EIL	TFF
Soffic.01G0039590-1D	Orphans	Orphans
Soffic.01G0045320-1A	ABI3VP1	TFF
Soffic.07G0007870-7H	TRAF	OTR
Soffic.01G0038200-1F	FAR1	TFF
Soffic.02H0023730-2H	AP2-EREBP	TFF
Soffic.03G0035120-3G	MYB-related	TFF
Soffic.04G0006630-4G	HB	TFF
Soffic.10G0001970-10B	TRAF	OTR
Soffic.01G0051000-1C	Orphans	Orphans
Soffic.02G0015190-2G	SET	OTR
Soffic.09C0022770-9C	WRKY	TFF
Soffic.06E0023910-6E	AUX/IAA	OTR
Soffic.02G0025140-2G	NAC	TFF
Soffic.07G0016370-7G	HSF	TFF
Soffic.10G0016470-10A	PLATZ	TFF
Soffic.07D0022230-7D	bZIP	TFF
Soffic.06G0017220-6C	bHLH	TFF
Soffic.07F0016920-7F	PAS	TFF
Soffic.03G0033530-3F	TUB	TFF
Soffic.10G0000540-10C	TRAF	OTR
Soffic.06G0014670-6C	SBP	TFF
Soffic.01G0039640-1C	MYB	TFF
Soffic.03G0000320-3D	GRAS	TFF
Soffic.10G0009550-10A	NAC	TFF
Soffic.06G0012480-6G	Orphans	Orphans
Soffic.06G0007970-6B	NAC	TFF
Soffic.04G0005010-4F	FAR1	TFF
Soffic.03G0025880-3F	SWI/SNF-BAF60b	OTR
Soffic.07G0003850-7E	FAR1	TFF
Soffic.07G0006480-7B	Orphans	Orphans
Soffic.10G0000240-10D	TRAF	OTR
Soffic.03G0004330-3D	TCP	TFF
Soffic.02G0040520-2C	AP2-EREBP	TFF
Soffic.07G0004500-7G	Sigma70-like	TFF
Soffic.01G0000780-1D	Sigma70-like	TFF
Soffic.02G0008630-2E	WRKY	TFF
Soffic.10G0016820-10G	bZIP	TFF
Soffic.04G0026670-4A	bHLH	TFF
Soffic.02G0002820-2F	Tify	TFF
Soffic.04C0026810-4C	BSD	TFF
Soffic.08G0014220-8D	Orphans	Orphans
Soffic.05G0020470-5D	C2H2	TFF
Soffic.08G0001090-8B	NAC	TFF
Soffic.04H0027110-4H	NAC	TFF
Soffic.09G0018980-9C	TRAF	OTR
Soffic.02G0005360-2H	FAR1	TFF
Soffic.03D0019990-3D	MYB-related	TFF
Soffic.01G0010400-1D	Orphans	Orphans
Soffic.01G0015210-1B	LIM	TFF
Soffic.07G0002090-7A	TRAF	OTR
Soffic.04G0008580-4C	AP2-EREBP	TFF
Soffic.03C0004670-3C	Orphans	Orphans
Soffic.01G0050450-1A	HSF	TFF
Soffic.09G0009250-9C	Orphans	Orphans
Soffic.03G0029090-3E	AP2-EREBP	TFF
Soffic.08G0017790-8G	ABI3VP1	TFF
Soffic.06G0012770-6E	RWP-RK	TFF
Soffic.03G0014190-3H	MYB	TFF
Soffic.05G0005680-5G	NAC	TFF
Soffic.08G0000720-8A	TFIID	TFF
Soffic.05G0002720-5B	NAC	TFF
Soffic.10G0002530-10C	GRAS	TFF
Soffic.03G0029500-3H	bZIP	TFF
Soffic.04G0019750-4E	NAC	TFF
Soffic.07G0013190-7B	zf-A20	TFF
Soffic.04G0027940-4A	GeBP	TFF
Soffic.06G0008820-6A	TRAF	OTR
Soffic.05G0017060-5D	MADS	TFF
Soffic.07D0017250-7D	bZIP	TFF
Soffic.07G0018920-7C	AP2-EREBP	TFF
Soffic.02E0004860-2E	NAC	TFF
Soffic.02G0000510-2A	TRAF	OTR
Soffic.01H0003300-1H	GRAS	TFF
Soffic.05E0005850-5E	NAC	TFF
Soffic.01G0052640-1B	Orphans	Orphans
Soffic.10G0018280-10A	AP2-EREBP	TFF
Soffic.05G0016270-5E	Orphans	Orphans
Soffic.07G0006550-7A	Orphans	Orphans
Soffic.04G0012310-4F	FAR1	TFF
Soffic.02G0024000-2D	SRS	TFF
Soffic.03F0008550-3F	Orphans	Orphans
Soffic.03G0002930-3F	NAC	TFF
Soffic.09H0018260-9H	C3H	TFF
Soffic.01G0000200-1A	GRAS	TFF
Soffic.02G0013550-2D	BSD	TFF
Soffic.02G0010300-2C	Orphans	Orphans
Soffic.05G0021550-5E	C2H2	TFF
Soffic.07G0012640-7G	TRAF	OTR
Soffic.03C0028010-3C	bZIP	TFF
Soffic.02G0004150-2E	MYB	TFF
Soffic.08G0012240-8D	PAS	TFF
Soffic.01F0009810-1F	TRAF	OTR
Soffic.07G0019050-7B	AP2-EREBP	TFF
Soffic.09F0016980-9F	WRKY	TFF
Soffic.10G0002190-10H	FAR1	TFF
Soffic.04D0023520-4D	Trihelix	TFF
Soffic.03G0012350-3B	AP2-EREBP	TFF
Soffic.02G0030920-2B	MYB	TFF
Soffic.04D0002590-4D	bZIP	TFF
Soffic.03G0027170-3H	bHLH	TFF
Soffic.01G0009500-1C	SWI/SNF-BAF60b	OTR
Soffic.03G0003430-3H	bZIP	TFF
Soffic.06G0001060-6H	E2F-DP	TFF
Soffic.08G0003220-8D	WRKY	TFF
Soffic.08G0011980-8D	TRAF	OTR
Soffic.06G0014030-6C	Orphans	Orphans
Soffic.04F0026800-4F	mTERF	OTR
Soffic.01G0003380-1H	mTERF	OTR
Soffic.02G0023650-2C	MADS	TFF
Soffic.07G0004430-7B	SET	OTR
Soffic.02H0030010-2H	C3H	TFF
Soffic.06G0015800-6F	SBP	TFF
Soffic.02H0018710-2H	SWI/SNF-BAF60b	OTR
Soffic.09G0012180-9F	SET	OTR
Soffic.10G0007330-10C	ARF	TFF
Soffic.02G0009340-2A	NAC	TFF
Soffic.07G0000420-7B	MADS	TFF
Soffic.01G0011800-1E	GRF	TFF
Soffic.03G0025900-3B	TCP	TFF
Soffic.08G0012410-8B	bHLH	TFF
Soffic.03G0033750-3E	MYB-related	TFF
Soffic.01G0015900-1A	C2C2-YABBY	TFF
Soffic.02G0010560-2A	NAC	TFF
Soffic.01H0035330-1H	NAC	TFF
Soffic.02G0015210-2A	SET	OTR
Soffic.09G0007510-9F	FAR1	TFF
Soffic.04E0004970-4E	MYB-related	TFF
Soffic.03H0035480-3H	ARR-B	TFF
Soffic.03G0039960-3D	PHD	OTR
Soffic.02G0020200-2F	AP2-EREBP	TFF
Soffic.01G0047770-1F	ABI3VP1	TFF
Soffic.10G0006680-10D	Orphans	Orphans
Soffic.05G0018910-5H	MYB	TFF
Soffic.07G0003240-7G	MYB	TFF
Soffic.03G0035030-3D	Orphans	Orphans
Soffic.10B0024540-10B	C2H2	TFF
Soffic.03F0013180-3F	AP2-EREBP	TFF
Soffic.04G0024640-4H	zf-HD	TFF
Soffic.01G0028700-1G	AP2-EREBP	TFF
Soffic.03G0033760-3C	Alfin-like	TFF
Soffic.07H0003590-7H	zf-LSD1	TFF
Soffic.05H0020530-5H	GRAS	TFF
Soffic.04G0024400-4F	GNAT	OTR
Soffic.01E0025240-1E	AP2-EREBP	TFF
Soffic.02G0022710-2C	SBP	TFF
Soffic.07G0006300-7E	PHD	OTR
Soffic.02G0020730-2H	C2C2-Dof	TFF
Soffic.04G0003510-4D	Orphans	Orphans
Soffic.06G0002040-6C	C2H2	TFF
Soffic.02G0015710-2D	Orphans	Orphans
Soffic.02G0031550-2D	BES1	TFF
Soffic.03G0018120-3C	PLATZ	TFF
Soffic.02G0002490-2H	NAC	TFF
Soffic.04G0027690-4E	GeBP	TFF
Soffic.07G0021040-7A	CCAAT	TFF
Soffic.03G0024910-3A	AUX/IAA	OTR
Soffic.02G0017640-2C	TCP	TFF
Soffic.03G0036390-3C	ARF	TFF
Soffic.08G0002660-8G	Orphans	Orphans
Soffic.06G0024310-6G	BSD	TFF
Soffic.09G0016840-9H	WRKY	TFF
Soffic.02F0018570-2F	AP2-EREBP	TFF
Soffic.07G0014990-7H	bHLH	TFF
Soffic.07G0018790-7A	bHLH	TFF
Soffic.03G0037790-3E	NAC	TFF
Soffic.05G0018400-5E	bHLH	TFF
Soffic.09G0008390-9F	OFP	TFF
Soffic.01G0030060-1C	NAC	TFF
Soffic.01E0021680-1E	MYB	TFF
Soffic.01H0028130-1H	MYB-related	TFF
Soffic.04G0031560-4D	SWI/SNF-SWI3	OTR
Soffic.07D0013880-7D	MYB-related	TFF
Soffic.09E0004330-9E	Alfin-like	TFF
Soffic.06G0010540-6B	DDT	OTR
Soffic.01G0015450-1B	ABI3VP1	TFF
Soffic.01G0006640-1A	Orphans	Orphans
Soffic.01G0020340-1G	MYB-related	TFF
Soffic.10H0019690-10H	GNAT	OTR
Soffic.03G0024510-3A	OFP	TFF
Soffic.10G0017970-10C	PLATZ	TFF
Soffic.10F0024610-10F	C2H2	TFF
Soffic.09G0003550-9A	bHLH	TFF
Soffic.02H0012790-2H	MYB-related	TFF
Soffic.06G0008980-6E	NAC	TFF
Soffic.03G0036240-3F	bHLH	TFF
Soffic.04G0018830-4D	Jumonji	OTR
Soffic.05G0007930-5E	WRKY	TFF
Soffic.03G0018060-3C	CCAAT	TFF
Soffic.09G0002540-9G	bZIP	TFF
Soffic.07G0000320-7E	Orphans	Orphans
Soffic.03G0013100-3G	MADS	TFF
Soffic.02G0016080-2C	OFP	TFF
Soffic.10G0014240-10D	Orphans	Orphans
Soffic.01C0029500-1C	bHLH	TFF
Soffic.09G0008830-9D	MADS	TFF
Soffic.04H0022240-4H	AP2-EREBP	TFF
Soffic.07G0011350-7H	Orphans	Orphans
Soffic.01G0011120-1C	Orphans	Orphans
Soffic.03G0038110-3H	TRAF	OTR
Soffic.03E0036750-3E	mTERF	OTR
Soffic.10G0010580-10D	CCAAT	TFF
Soffic.01G0017650-1E	Orphans	Orphans
Soffic.07F0006680-7F	TRAF	OTR
Soffic.01G0029510-1G	MYB-related	TFF
Soffic.03G0004420-3H	Alfin-like	TFF
Soffic.10G0010280-10C	WRKY	TFF
Soffic.03G0037340-3F	G2-like	TFF
Soffic.05G0011840-5H	RB	OTR
Soffic.01G0036820-1E	MYB	TFF
Soffic.03G0017850-3F	WRKY	TFF
Soffic.03G0033600-3F	AP2-EREBP	TFF
Soffic.06G0006650-6D	SET	OTR
Soffic.08H0006150-8H	SWI/SNF-BAF60b	OTR
Soffic.01G0053710-1D	Trihelix	TFF
Soffic.05G0006470-5C	NAC	TFF
Soffic.03E0040010-3E	FAR1	TFF
Soffic.09D0021200-9D	Orphans	Orphans
Soffic.04G0010380-4E	CPP	TFF
Soffic.06G0000510-6A	Orphans	Orphans
Soffic.02G0024170-2E	Orphans	Orphans
Soffic.02G0003200-2B	NAC	TFF
Soffic.02G0019070-2H	NAC	TFF
Soffic.04G0023330-4A	GRF	TFF
Soffic.01G0042910-1C	AP2-EREBP	TFF
Soffic.08G0002630-8D	C3H	TFF
Soffic.04G0026050-4G	C2C2-Dof	TFF
Soffic.09G0002770-9C	MYB	TFF
Soffic.07G0018800-7D	MADS	TFF
Soffic.09G0020850-9A	AP2-EREBP	TFF
Soffic.03G0012920-3F	WRKY	TFF
Soffic.07E0006970-7E	HMG	OTR
Soffic.03G0000310-3G	MYB	TFF
Soffic.03G0003080-3D	TRAF	OTR
Soffic.10H0023120-10H	SRS	TFF
Soffic.01G0009100-1A	C2H2	TFF
Soffic.09G0019460-9C	Orphans	Orphans
Soffic.02G0027570-2F	MYB	TFF
Soffic.01G0006080-1H	Rcd1-like	OTR
Soffic.09G0001360-9F	Orphans	Orphans
Soffic.09G0013670-9E	OFP	TFF
Soffic.04G0026110-4A	Orphans	Orphans
Soffic.10G0010410-10F	GRF	TFF
Soffic.01G0050210-1A	FAR1	TFF
Soffic.06H0007660-6H	Alfin-like	TFF
Soffic.05G0000640-5G	Orphans	Orphans
Soffic.08G0014860-8H	CPP	TFF
Soffic.10G0010800-10G	NAC	TFF
Soffic.01G0046210-1C	MYB-related	TFF
Soffic.10G0011190-10H	MYB	TFF
Soffic.02E0018930-2E	bHLH	TFF
Soffic.04F0021840-4F	Trihelix	TFF
Soffic.03G0033830-3B	mTERF	OTR
Soffic.06G0015430-6G	LIM	TFF
Soffic.06G0010960-6A	MYB	TFF
Soffic.06E0008920-6E	MADS	TFF
Soffic.04G0017190-4C	zf-BED	TFF
Soffic.06H0018710-6H	AP2-EREBP	TFF
Soffic.03G0025630-3B	Orphans	Orphans
Soffic.02G0021750-2E	NAC	TFF
Soffic.02G0004960-2A	zf-A20	TFF
Soffic.07G0018120-7A	SBP	TFF
Soffic.07G0006930-7G	PHD	OTR
Soffic.01G0015630-1A	FAR1	TFF
Soffic.01G0016090-1G	Orphans	Orphans
Soffic.02G0002130-2H	zf-BED	TFF
Soffic.03B0008400-3B	bHLH	TFF
Soffic.02G0028060-2C	SBP	TFF
Soffic.03G0034340-3D	MADS	TFF
Soffic.04G0003670-4E	Orphans	Orphans
Soffic.08G0004260-8G	GRAS	TFF
Soffic.06G0023660-6E	ARF	TFF
Soffic.07F0010900-7F	bHLH	TFF
Soffic.03G0022480-3G	Orphans	Orphans
Soffic.02G0018850-2G	bZIP	TFF
Soffic.01G0007570-1A	FAR1	TFF
Soffic.06G0015880-6F	C2H2	TFF
Soffic.03G0034520-3F	PHD	OTR
Soffic.06G0001770-6E	Orphans	Orphans
Soffic.10G0023910-10E	SBP	TFF
Soffic.10G0014710-10F	FAR1	TFF
Soffic.01G0047310-1C	zf-BED	TFF
Soffic.03G0004100-3G	bZIP	TFF
Soffic.05G0017290-5A	Top	TFF
Soffic.04E0024550-4E	SET	OTR
Soffic.07G0005760-7C	AP2-EREBP	TFF
Soffic.10H0020620-10H	CCAAT	TFF
Soffic.01G0044340-1C	bZIP	TFF
Soffic.09G0003660-9E	AP2-EREBP	TFF
Soffic.08F0005330-8F	MYB	TFF
Soffic.04G0001460-4C	C2C2-GATA	TFF
Soffic.05E0011170-5E	Sigma70-like	TFF
Soffic.02F0019780-2F	Orphans	Orphans
Soffic.10G0017740-10F	AP2-EREBP	TFF
Soffic.03G0034290-3H	MADS	TFF
Soffic.10G0017470-10G	GRAS	TFF
Soffic.04G0020960-4A	NAC	TFF
Soffic.07G0017590-7C	bHLH	TFF
Soffic.08G0001470-8B	TRAF	OTR
Soffic.10G0021140-10G	MYB	TFF
Soffic.07G0002500-7F	MYB-related	TFF
Soffic.04H0028710-4H	AP2-EREBP	TFF
Soffic.02G0013350-2G	MYB-related	TFF
Soffic.07B0017580-7B	MADS	TFF
Soffic.03G0003110-3E	NAC	TFF
Soffic.09G0016560-9E	BSD	TFF
Soffic.04G0031200-4F	zf-C5HC2	TFF
Soffic.03G0029780-3G	C2H2	TFF
Soffic.03G0032780-3B	MADS	TFF
Soffic.02G0012710-2E	MYB-related	TFF
Soffic.05E0004210-5E	OFP	TFF
Soffic.10D0008060-10D	AP2-EREBP	TFF
Soffic.06F0022540-6F	MYB	TFF
Soffic.03F0015220-3F	OFP	TFF
Soffic.07E0006510-7E	TRAF	OTR
Soffic.01D0006750-1D	GNAT	OTR
Soffic.01D0029870-1D	TRAF	OTR
Soffic.03G0008440-3E	MYB	TFF
Soffic.09G0020910-9A	Sigma70-like	TFF
Soffic.02G0029750-2E	Orphans	Orphans
Soffic.01G0049160-1A	bHLH	TFF
Soffic.10G0023970-10E	C3H	TFF
Soffic.03G0019090-3C	zf-BED	TFF
Soffic.10G0019330-10B	Orphans	Orphans
Soffic.03G0009350-3B	NAC	TFF
Soffic.09G0014890-9F	MYB-related	TFF
Soffic.06H0019010-6H	CSD	TFF
Soffic.07G0008070-7A	GNAT	OTR
Soffic.09D0018080-9D	HSF	TFF
Soffic.04G0019470-4C	MADS	TFF
Soffic.04G0005500-4F	zf-BED	TFF
Soffic.08G0009240-8D	NAC	TFF
Soffic.05G0011950-5C	FHA	TFF
Soffic.09G0013310-9G	NAC	TFF
Soffic.07G0011630-7F	AP2-EREBP	TFF
Soffic.05G0006830-5B	MYB-related	TFF
Soffic.04G0021130-4H	Pseudo_ARR-B	OTR
Soffic.04G0005900-4F	NAC	TFF
Soffic.04E0027700-4E	GeBP	TFF
Soffic.01G0031330-1B	C2H2	TFF
Soffic.01G0001630-1C	WRKY	TFF
Soffic.02G0026730-2B	NAC	TFF
Soffic.09G0012760-9C	SBP	TFF
Soffic.06G0018120-6E	MYB-related	TFF
Soffic.02G0038950-2B	bZIP	TFF
Soffic.09H0014730-9H	bZIP	TFF
Soffic.04G0002260-4E	SBP	TFF
Soffic.02G0020870-2A	NAC	TFF
Soffic.03G0035170-3D	WRKY	TFF
Soffic.01G0035890-1C	Orphans	Orphans
Soffic.01E0044470-1E	LIM	TFF
Soffic.09G0010170-9E	AP2-EREBP	TFF
Soffic.10G0015840-10H	NAC	TFF
Soffic.08G0011380-8G	Orphans	Orphans
Soffic.06C0017420-6C	MYB	TFF
Soffic.10G0019230-10D	Top	TFF
Soffic.07G0003220-7F	TRAF	OTR
Soffic.10G0010740-10G	bZIP	TFF
Soffic.03G0032910-3D	NAC	TFF
Soffic.10G0020790-10G	MYB	TFF
Soffic.10G0002960-10B	SWI/SNF-BAF60b	OTR
Soffic.01G0027100-1G	FAR1	TFF
Soffic.06G0010660-6C	bHLH	TFF
Soffic.08G0005330-8G	MYB	TFF
Soffic.03G0033890-3G	mTERF	OTR
Soffic.08G0005980-8E	NAC	TFF
Soffic.01G0009530-1A	WRKY	TFF
Soffic.01G0036130-1A	MYB-related	TFF
Soffic.08G0008240-8B	Orphans	Orphans
Soffic.04G0005290-4B	C2C2-CO-like	TFF
Soffic.07G0003670-7D	Sigma70-like	TFF
Soffic.07D0011430-7D	WRKY	TFF
Soffic.01C0029490-1C	bHLH	TFF
Soffic.05G0020760-5D	GRAS	TFF
Soffic.02C0001470-2C	WRKY	TFF
Soffic.02G0017960-2B	Orphans	Orphans
Soffic.02G0016670-2A	OFP	TFF
Soffic.01G0033390-1F	MYB-related	TFF
Soffic.03H0025520-3H	HSF	TFF
Soffic.03G0031550-3A	Orphans	Orphans
Soffic.10F0010650-10F	TRAF	OTR
Soffic.03G0003910-3D	AUX/IAA	OTR
Soffic.03F0002280-3F	BES1	TFF
Soffic.02G0017560-2B	bHLH	TFF
Soffic.06G0023550-6A	Orphans	Orphans
Soffic.09G0011340-9D	bZIP	TFF
Soffic.01G0006770-1G	bZIP	TFF
Soffic.07G0013150-7A	zf-BED	TFF
Soffic.09G0015290-9B	MYB	TFF
Soffic.07G0014030-7D	MYB	TFF
Soffic.04G0025900-4B	C2C2-CO-like	TFF
Soffic.01G0016030-1B	FHA	TFF
Soffic.03G0009710-3C	MYB	TFF
Soffic.04G0002090-4C	SWI/SNF-BAF60b	OTR
Soffic.01H0035960-1H	WRKY	TFF
Soffic.10G0007560-10C	MYB	TFF
Soffic.03G0006660-3D	MYB	TFF
Soffic.01G0032570-1B	zf-LSD1	TFF
Soffic.09G0007870-9B	AUX/IAA	OTR
Soffic.03G0035570-3E	NAC	TFF
Soffic.03G0016730-3B	mTERF	OTR
Soffic.01G0009010-1C	HB	TFF
Soffic.10G0006750-10B	Orphans	Orphans
Soffic.03G0005250-3A	bHLH	TFF
Soffic.09G0016020-9D	AP2-EREBP	TFF
Soffic.09H0021790-9H	CCAAT	TFF
Soffic.02G0031810-2D	mTERF	OTR
Soffic.07G0019740-7B	C2H2	TFF
Soffic.04G0031990-4B	GNAT	OTR
Soffic.02G0023530-2G	AP2-EREBP	TFF
Soffic.01G0033620-1C	WRKY	TFF
Soffic.06G0002980-6H	TCP	TFF
Soffic.03G0002470-3C	Orphans	Orphans
Soffic.08G0003140-8D	Orphans	Orphans
Soffic.02G0019040-2C	AP2-EREBP	TFF
Soffic.03G0026910-3C	Top	TFF
Soffic.04G0028000-4G	GRAS	TFF
Soffic.04H0013730-4H	MYB	TFF
Soffic.01G0042740-1G	bHLH	TFF
Soffic.06G0023600-6G	Tify	TFF
Soffic.03G0010600-3G	MYB	TFF
Soffic.04G0023160-4C	AP2-EREBP	TFF
Soffic.04G0025190-4G	C2H2	TFF
Soffic.01G0025580-1D	C2C2-Dof	TFF
Soffic.06G0018880-6C	bHLH	TFF
Soffic.04G0003000-4D	MYB-related	TFF
Soffic.07G0013010-7G	FAR1	TFF
Soffic.07G0019010-7F	mTERF	OTR
Soffic.01G0029710-1H	NAC	TFF
Soffic.02G0001990-2G	zf-BED	TFF
Soffic.08G0013950-8H	ABI3VP1	TFF
Soffic.04A0006080-4A	HB	TFF
Soffic.01G0027810-1E	Orphans	Orphans
Soffic.03G0018740-3A	TCP	TFF
Soffic.10G0009570-10F	FHA	TFF
Soffic.04E0016810-4E	MADS	TFF
Soffic.01F0004450-1F	AUX/IAA	OTR
Soffic.02G0027320-2H	GRAS	TFF
Soffic.09B0014460-9B	AP2-EREBP	TFF
Soffic.09G0016020-9C	C2H2	TFF
Soffic.02G0026400-2F	Alfin-like	TFF
Soffic.05F0004700-5F	Pseudo_ARR-B	OTR
Soffic.07G0018970-7G	EIL	TFF
Soffic.03G0017850-3H	OFP	TFF
Soffic.05G0012990-5F	WRKY	TFF
Soffic.07G0018710-7H	C2H2	TFF
Soffic.08G0014480-8D	ABI3VP1	TFF
Soffic.09F0015700-9F	HB	TFF
Soffic.09G0015920-9B	Orphans	Orphans
Soffic.06G0026830-6G	Rcd1-like	OTR
Soffic.07G0006220-7B	WRKY	TFF
Soffic.09G0002070-9B	zf-BED	TFF
Soffic.06E0014020-6E	NAC	TFF
Soffic.03G0025540-3G	NAC	TFF
Soffic.07G0014510-7A	bHLH	TFF
Soffic.05G0016210-5A	FAR1	TFF
Soffic.01G0004220-1D	C2H2	TFF
Soffic.04G0000570-4C	zf-BED	TFF
Soffic.02B0000260-2B	FHA	TFF
Soffic.01G0030090-1B	HB	TFF
Soffic.02G0018060-2A	NAC	TFF
Soffic.09G0012730-9G	NAC	TFF
Soffic.10F0012340-10F	NAC	TFF
Soffic.07G0016860-7E	SBP	TFF
Soffic.02G0029730-2G	ABI3VP1	TFF
Soffic.02G0030250-2A	MYB	TFF
Soffic.08G0005210-8B	Orphans	Orphans
Soffic.01G0013450-1G	WRKY	TFF
Soffic.06G0012710-6A	RWP-RK	TFF
Soffic.05H0003790-5H	NAC	TFF
Soffic.01G0037900-1F	Orphans	Orphans
Soffic.02G0026970-2A	SET	OTR
Soffic.02G0011760-2A	MYB	TFF
Soffic.01G0017010-1G	Orphans	Orphans
Soffic.07G0014590-7F	AP2-EREBP	TFF
Soffic.06G0016520-6G	C2H2	TFF
Soffic.01G0048110-1H	HB	TFF
Soffic.01H0008370-1H	Orphans	Orphans
Soffic.01G0007060-1G	C2H2	TFF
Soffic.10H0024350-10H	ARF	TFF
Soffic.03G0008070-3D	MYB	TFF
Soffic.01G0015530-1D	MYB-related	TFF
Soffic.03G0017710-3G	ABI3VP1	TFF
Soffic.03G0015100-3B	Jumonji	OTR
Soffic.01G0003420-1A	NAC	TFF
Soffic.08G0006230-8A	FAR1	TFF
Soffic.05G0006750-5A	ABI3VP1	TFF
Soffic.02G0039550-2C	FAR1	TFF
Soffic.06G0010070-6G	EIL	TFF
Soffic.01G0006400-1A	GNAT	OTR
Soffic.06G0015310-6F	SET	OTR
Soffic.01E0023420-1E	ARF	TFF
Soffic.03G0016320-3A	Orphans	Orphans
Soffic.04G0004650-4D	ARF	TFF
Soffic.01G0011310-1E	Orphans	Orphans
Soffic.01G0013670-1F	FAR1	TFF
Soffic.06G0014860-6C	GRAS	TFF
Soffic.03G0034490-3B	TAZ	TFF
Soffic.03G0020900-3G	C3H	TFF
Soffic.03G0021350-3H	MYB	TFF
Soffic.02G0030820-2H	WRKY	TFF
Soffic.04G0001720-4G	C2C2-GATA	TFF
Soffic.07G0002920-7B	Orphans	Orphans
Soffic.05G0021810-5A	AP2-EREBP	TFF
Soffic.03G0016610-3C	Orphans	Orphans
Soffic.09C0012390-9C	mTERF	OTR
Soffic.02G0028610-2G	CCAAT	TFF
Soffic.07G0014200-7B	SGT1	OTR
Soffic.02G0025590-2G	Alfin-like	TFF
Soffic.07G0000140-7H	MYB-related	TFF
Soffic.02G0026080-2A	bZIP	TFF
Soffic.03H0002680-3H	Orphans	Orphans
Soffic.10G0014300-10E	MYB-related	TFF
Soffic.05G0006240-5B	Orphans	Orphans
Soffic.01G0024030-1B	Tify	TFF
Soffic.07C0018130-7C	FHA	TFF
Soffic.04G0007470-4G	zf-BED	TFF
Soffic.04G0009370-4H	BES1	TFF
Soffic.03G0006820-3G	MYB	TFF
Soffic.03G0016570-3A	mTERF	OTR
Soffic.06G0002010-6F	Top	TFF
Soffic.10G0017580-10A	WRKY	TFF
Soffic.01H0008920-1H	C2C2-GATA	TFF
Soffic.07G0018080-7G	TRAF	OTR
Soffic.06G0026000-6A	SET	OTR
Soffic.09G0018750-9F	FAR1	TFF
Soffic.03G0017320-3H	mTERF	OTR
Soffic.07D0013310-7D	NAC	TFF
Soffic.03G0016850-3A	MYB-related	TFF
Soffic.03F0020500-3F	WRKY	TFF
Soffic.10E0016110-10E	FAR1	TFF
Soffic.02G0026610-2C	SET	OTR
Soffic.01H0007480-1H	C2H2	TFF
Soffic.08G0011490-8C	Orphans	Orphans
Soffic.06G0004840-6H	Orphans	Orphans
Soffic.06G0011750-6D	MYB-related	TFF
Soffic.07G0006660-7A	TRAF	OTR
Soffic.07G0007970-7B	zf-BED	TFF
Soffic.01C0048420-1C	ABI3VP1	TFF
Soffic.01G0013990-1C	C3H	TFF
Soffic.03G0036210-3C	Tify	TFF
Soffic.02G0033230-2G	SART-1	OTR
Soffic.06G0009140-6G	GRAS	TFF
Soffic.02G0032000-2E	C2H2	TFF
Soffic.10E0007890-10E	MED6	OTR
Soffic.02G0000320-2E	TRAF	OTR
Soffic.04G0032000-4C	zf-C5HC2	TFF
Soffic.01G0009770-1B	HB	TFF
Soffic.07G0002700-7G	bHLH	TFF
Soffic.09G0001240-9B	C2C2-Dof	TFF
Soffic.06F0024050-6F	zf-BED	TFF
Soffic.06G0023160-6A	TRAF	OTR
Soffic.08E0012350-8E	bZIP	TFF
Soffic.06G0024290-6G	MED7	OTR
Soffic.01G0036390-1B	NAC	TFF
Soffic.08G0003690-8E	MED26	OTR
Soffic.08G0008600-8F	ARF	TFF
Soffic.06G0011130-6F	Orphans	Orphans
Soffic.09G0009410-9D	Orphans	Orphans
Soffic.07G0006730-7F	RWP-RK	TFF
Soffic.01G0034530-1E	Orphans	Orphans
Soffic.08E0010400-8E	WRKY	TFF
Soffic.03G0029250-3A	MYB	TFF
Soffic.04G0024620-4G	WRKY	TFF
Soffic.02G0038720-2D	MYB-related	TFF
Soffic.03G0031650-3D	C2H2	TFF
Soffic.01G0045620-1G	bHLH	TFF
Soffic.05G0015290-5G	MYB	TFF
Soffic.08G0011500-8C	Orphans	Orphans
Soffic.06G0008650-6G	bHLH	TFF
Soffic.07F0013350-7F	MYB	TFF
Soffic.02G0028800-2A	GRAS	TFF
Soffic.06G0015520-6F	AP2-EREBP	TFF
Soffic.10G0009480-10D	G2-like	TFF
Soffic.01G0005570-1G	HB	TFF
Soffic.01G0009980-1D	MYB-related	TFF
Soffic.06G0021240-6B	Orphans	Orphans
Soffic.02G0023220-2B	NAC	TFF
Soffic.01G0005710-1H	bZIP	TFF
Soffic.04H0014540-4H	Orphans	Orphans
Soffic.07G0007300-7H	TUB	TFF
Soffic.02G0028060-2D	Orphans	Orphans
Soffic.01G0003280-1E	Orphans	Orphans
Soffic.04G0008100-4E	BES1	TFF
Soffic.03G0003320-3C	NAC	TFF
Soffic.04G0019410-4D	Orphans	Orphans
Soffic.03G0016910-3A	FAR1	TFF
Soffic.06H0014400-6H	AP2-EREBP	TFF
Soffic.01G0017980-1G	bHLH	TFF
Soffic.03G0004640-3B	MYB	TFF
Soffic.01G0045240-1G	NAC	TFF
Soffic.02C0024870-2C	zf-A20	TFF
Soffic.02G0024610-2A	bZIP	TFF
Soffic.03G0032570-3C	C2H2	TFF
Soffic.04G0023720-4B	SET	OTR
Soffic.02G0022050-2F	C3H	TFF
Soffic.01G0016730-1C	C2C2-YABBY	TFF
Soffic.04G0028460-4F	GeBP	TFF
Soffic.04G0002790-4B	ARF	TFF
Soffic.09H0015580-9H	BSD	TFF
Soffic.06G0008470-6F	DDT	OTR
Soffic.08G0001390-8F	GRAS	TFF
Soffic.03B0003090-3B	NAC	TFF
Soffic.01G0022210-1B	zf-BED	TFF
Soffic.07G0017030-7H	NAC	TFF
Soffic.01H0036760-1H	MYB	TFF
Soffic.02G0017450-2G	NAC	TFF
Soffic.02E0037130-2E	MYB-related	TFF
Soffic.05G0000990-5G	WRKY	TFF
Soffic.03G0003690-3F	Orphans	Orphans
Soffic.10E0005750-10E	AP2-EREBP	TFF
Soffic.08G0006890-8C	Orphans	Orphans
Soffic.08G0005490-8A	MED26	OTR
Soffic.01G0012680-1E	Top	TFF
Soffic.08E0015440-8E	AUX/IAA	OTR
Soffic.01H0023000-1H	Tify	TFF
Soffic.01G0038650-1D	PHD	OTR
Soffic.01G0031270-1G	PHD	OTR
Soffic.08G0010080-8B	Orphans	Orphans
Soffic.07H0011500-7H	RWP-RK	TFF
Soffic.10E0016170-10E	FAR1	TFF
Soffic.07F0020600-7F	CCAAT	TFF
Soffic.01G0039430-1A	AP2-EREBP	TFF
Soffic.04H0005630-4H	Orphans	Orphans
Soffic.03G0003080-3C	C2H2	TFF
Soffic.01G0030030-1G	bZIP	TFF
Soffic.01G0005850-1G	HSF	TFF
Soffic.03G0016590-3F	C2C2-GATA	TFF
Soffic.04G0024080-4E	GNAT	OTR
Soffic.01G0035860-1B	bZIP	TFF
Soffic.02G0038000-2H	bZIP	TFF
Soffic.02G0036520-2F	zf-BED	TFF
Soffic.01G0020460-1G	PLATZ	TFF
Soffic.01D0020040-1D	SET	OTR
Soffic.01G0012530-1E	HB	TFF
Soffic.04C0024560-4C	Orphans	Orphans
Soffic.04G0002680-4H	TAZ	TFF
Soffic.03G0029090-3A	MYB	TFF
Soffic.09H0007320-9H	bHLH	TFF
Soffic.06B0024410-6B	MED7	OTR
Soffic.01G0032890-1E	MED26	OTR
Soffic.01G0010940-1E	bHLH	TFF
Soffic.07G0014400-7F	bZIP	TFF
Soffic.02G0015820-2B	SET	OTR
Soffic.10G0010820-10D	C2C2-CO-like	TFF
Soffic.01G0007730-1B	C2H2	TFF
Soffic.06G0002630-6F	ABI3VP1	TFF
Soffic.02H0016430-2H	MYB	TFF
Soffic.03D0021720-3D	TUB	TFF
Soffic.07G0018910-7G	SBP	TFF
Soffic.01G0043890-1G	AP2-EREBP	TFF
Soffic.01G0011450-1F	C2H2	TFF
Soffic.04G0010300-4A	FAR1	TFF
Soffic.01F0005970-1F	C2H2	TFF
Soffic.01G0033050-1A	GNAT	OTR
Soffic.01G0050460-1C	C2H2	TFF
Soffic.03G0039140-3B	AP2-EREBP	TFF
Soffic.09G0022760-9A	Orphans	Orphans
Soffic.08G0018050-8H	TRAF	OTR
Soffic.10G0014660-10E	AP2-EREBP	TFF
Soffic.07G0006560-7C	TRAF	OTR
Soffic.05E0006460-5E	MYB	TFF
Soffic.04G0018620-4D	ARF	TFF
Soffic.09E0020300-9E	zf-HD	TFF
Soffic.01G0023640-1A	ARR-B	TFF
Soffic.08G0004230-8C	ABI3VP1	TFF
Soffic.03C0021340-3C	TUB	TFF
Soffic.02H0016720-2H	C2H2	TFF
Soffic.06G0002980-6F	FAR1	TFF
Soffic.04G0005760-4E	Alfin-like	TFF
Soffic.02G0022720-2G	AP2-EREBP	TFF
Soffic.04G0000030-4A	PLATZ	TFF
Soffic.03G0018120-3D	PLATZ	TFF
Soffic.05G0020100-5F	MADS	TFF
Soffic.03G0029740-3B	bHLH	TFF
Soffic.04G0007330-4H	bZIP	TFF
Soffic.07G0016510-7C	bZIP	TFF
Soffic.04G0002060-4B	zf-BED	TFF
Soffic.02G0013300-2D	SET	OTR
Soffic.01G0030800-1A	C2H2	TFF
Soffic.08G0006470-8G	Orphans	Orphans
Soffic.06G0011500-6F	zf-BED	TFF
Soffic.01G0031170-1F	MYB-related	TFF
Soffic.09G0020610-9D	ARF	TFF
Soffic.04G0024970-4E	MADS	TFF
Soffic.04B0020450-4B	Orphans	Orphans
Soffic.01G0011800-1A	GRF	TFF
Soffic.06G0015370-6F	WRKY	TFF
Soffic.09G0007430-9D	OFP	TFF
Soffic.02D0005480-2D	Orphans	Orphans
Soffic.04G0026030-4E	NAC	TFF
Soffic.01G0007610-1D	FAR1	TFF
Soffic.03D0022420-3D	BES1	TFF
Soffic.06G0013380-6D	NAC	TFF
Soffic.02G0026990-2F	GRAS	TFF
Soffic.01G0041870-1A	LIM	TFF
Soffic.02G0031560-2E	C2H2	TFF
Soffic.08G0015920-8C	FAR1	TFF
Soffic.02G0024570-2C	TCP	TFF
Soffic.10G0000100-10H	PBF-2-like	TFF
Soffic.09G0005710-9E	FAR1	TFF
Soffic.01F0003040-1F	SBP	TFF
Soffic.06G0022800-6F	FAR1	TFF
Soffic.05G0022110-5E	GRAS	TFF
Soffic.01G0008630-1B	Orphans	Orphans
Soffic.03H0011180-3H	MYB-related	TFF
Soffic.06E0008050-6E	SET	OTR
Soffic.06G0008210-6B	GRAS	TFF
Soffic.08G0005600-8C	MYB-related	TFF
Soffic.09G0007720-9D	GNAT	OTR
Soffic.01G0048170-1H	Top	TFF
Soffic.08H0001450-8H	TRAF	OTR
Soffic.01G0048900-1C	AP2-EREBP	TFF
Soffic.10G0015510-10E	FAR1	TFF
Soffic.05G0001840-5G	MYB	TFF
Soffic.08G0004310-8A	MED26	OTR
Soffic.02H0016440-2H	Tify	TFF
Soffic.03G0005030-3C	bZIP	TFF
Soffic.04F0031690-4F	C3H	TFF
Soffic.05G0000350-5G	SAP	TFF
Soffic.01G0042200-1G	Tify	TFF
Soffic.03F0018040-3F	CCAAT	TFF
Soffic.09H0013930-9H	MADS	TFF
Soffic.03G0028760-3G	WRKY	TFF
Soffic.03G0006930-3B	bHLH	TFF
Soffic.04G0028890-4C	MADS	TFF
Soffic.08G0013860-8G	ABI3VP1	TFF
Soffic.01G0010930-1E	FAR1	TFF
Soffic.08G0016490-8A	zf-LSD1	TFF
Soffic.06G0009650-6A	FHA	TFF
Soffic.03G0003250-3D	MYB-related	TFF
Soffic.03G0031430-3G	TUB	TFF
Soffic.05G0011180-5B	zf-BED	TFF
Soffic.06G0007410-6B	GRAS	TFF
Soffic.07G0009940-7B	bZIP	TFF
Soffic.05G0020510-5D	C2H2	TFF
Soffic.08G0007600-8B	Orphans	Orphans
Soffic.03G0003100-3H	Orphans	Orphans
Soffic.07C0015860-7C	bZIP	TFF
Soffic.08G0017130-8H	NAC	TFF
Soffic.09D0001070-9D	C2H2	TFF
Soffic.01D0022040-1D	Orphans	Orphans
Soffic.02F0024420-2F	AUX/IAA	OTR
Soffic.06G0019170-6D	SET	OTR
Soffic.01H0037990-1H	SART-1	OTR
Soffic.05G0003700-5F	Orphans	Orphans
Soffic.03G0008610-3F	bHLH	TFF
Soffic.06G0018330-6H	WRKY	TFF
Soffic.06G0020980-6B	ABI3VP1	TFF
Soffic.04G0024750-4D	AP2-EREBP	TFF
Soffic.09H0011200-9H	GNAT	OTR
Soffic.01G0031680-1E	bHLH	TFF
Soffic.02G0029670-2A	GRAS	TFF
Soffic.06G0002220-6F	Orphans	Orphans
Soffic.02G0018610-2B	Tify	TFF
Soffic.07C0007440-7C	AP2-EREBP	TFF
Soffic.04G0026890-4G	Jumonji	OTR
Soffic.07G0016790-7B	AP2-EREBP	TFF
Soffic.03G0038530-3E	TRAF	OTR
Soffic.03G0035520-3B	Orphans	Orphans
Soffic.06G0003470-6A	bZIP	TFF
Soffic.09B0008620-9B	TUB	TFF
Soffic.02G0017580-2D	MYB	TFF
Soffic.10F0005610-10F	Orphans	Orphans
Soffic.06G0008590-6E	GRAS	TFF
Soffic.03G0002230-3B	bZIP	TFF
Soffic.10E0007310-10E	AP2-EREBP	TFF
Soffic.07G0015200-7H	FAR1	TFF
Soffic.02H0012780-2H	MYB-related	TFF
Soffic.07G0007060-7C	FAR1	TFF
Soffic.01G0021250-1G	AP2-EREBP	TFF
Soffic.01G0024830-1E	Orphans	Orphans
Soffic.02G0009630-2G	CCAAT	TFF
Soffic.01G0044480-1B	TRAF	OTR
Soffic.03G0040660-3H	zf-BED	TFF
Soffic.04H0031370-4H	bZIP	TFF
Soffic.01G0016970-1G	MADS	TFF
Soffic.08G0016410-8F	TFIID	TFF
Soffic.07G0011320-7A	bHLH	TFF
Soffic.01G0048360-1A	ABI3VP1	TFF
Soffic.10G0016910-10A	MYB	TFF
Soffic.10G0017000-10G	Orphans	Orphans
Soffic.08G0012660-8H	mTERF	OTR
Soffic.09G0020090-9A	Orphans	Orphans
Soffic.03G0032420-3G	GRAS	TFF
Soffic.05G0008880-5C	Alfin-like	TFF
Soffic.10G0020940-10D	MYB	TFF
Soffic.07G0017930-7A	AP2-EREBP	TFF
Soffic.10G0013850-10F	C2C2-GATA	TFF
Soffic.01F0020650-1F	Tify	TFF
Soffic.01G0028060-1G	Orphans	Orphans
Soffic.03G0028090-3G	TRAF	OTR
Soffic.03G0031500-3B	MYB-related	TFF
Soffic.10G0000540-10G	ABI3VP1	TFF
Soffic.05G0010220-5H	NAC	TFF
Soffic.01G0020900-1A	GNAT	OTR
Soffic.02G0019610-2D	bZIP	TFF
Soffic.03G0033230-3B	NAC	TFF
Soffic.01G0006500-1E	mTERF	OTR
Soffic.06G0019570-6E	MYB	TFF
Soffic.03G0019670-3A	C3H	TFF
Soffic.08G0012970-8B	Orphans	Orphans
Soffic.04G0030050-4G	GeBP	TFF
Soffic.01G0017640-1G	SAP	TFF
Soffic.02G0014040-2D	FAR1	TFF
Soffic.02F0029800-2F	bHLH	TFF
Soffic.03G0009200-3H	NAC	TFF
Soffic.02G0007310-2E	BBR/BPC	TFF
Soffic.04G0011050-4G	zf-A20	TFF
Soffic.08G0001230-8C	NAC	TFF
Soffic.01H0003390-1H	Orphans	Orphans
Soffic.07G0006740-7F	TRAF	OTR
Soffic.03G0017150-3G	Orphans	Orphans
Soffic.02G0030670-2D	NAC	TFF
Soffic.03G0030320-3C	CCAAT	TFF
Soffic.08G0002590-8D	NAC	TFF
Soffic.04G0021850-4E	AP2-EREBP	TFF
Soffic.04G0020710-4A	MYB	TFF
Soffic.01G0038050-1F	zf-BED	TFF
Soffic.10G0019180-10G	GNAT	OTR
Soffic.02G0020340-2C	HSF	TFF
Soffic.01G0045230-1G	TRAF	OTR
Soffic.09G0010060-9B	C2C2-GATA	TFF
Soffic.05G0001760-5E	NAC	TFF
Soffic.06G0011510-6E	FAR1	TFF
Soffic.07G0015300-7A	SET	OTR
Soffic.06C0015670-6C	C2H2	TFF
Soffic.03G0000360-3H	Top	TFF
Soffic.01G0037140-1F	Sigma70-like	TFF
Soffic.06G0016410-6C	GRAS	TFF
Soffic.10C0024880-10C	bHLH	TFF
Soffic.09G0021430-9B	WRKY	TFF
Soffic.01C0018550-1C	C2C2-Dof	TFF
Soffic.01G0034480-1C	GRAS	TFF
Soffic.01D0024160-1D	Orphans	Orphans
Soffic.01E0036280-1E	C2H2	TFF
Soffic.01F0037620-1F	LIM	TFF
Soffic.06G0020800-6F	AP2-EREBP	TFF
Soffic.03G0031900-3B	FAR1	TFF
Soffic.01G0016080-1G	Orphans	Orphans
Soffic.02G0000900-2F	FAR1	TFF
Soffic.03H0014360-3H	C2H2	TFF
Soffic.07G0019990-7F	Pseudo_ARR-B	OTR
Soffic.08G0006290-8D	zf-MIZ	OTR
Soffic.03G0031310-3H	C2H2	TFF
Soffic.03G0036870-3D	Orphans	Orphans
Soffic.02G0021570-2C	bHLH	TFF
Soffic.01G0033870-1H	bHLH	TFF
Soffic.07G0007290-7E	WRKY	TFF
Soffic.09G0018720-9A	BSD	TFF
Soffic.02G0016260-2E	TCP	TFF
Soffic.01G0029200-1C	bHLH	TFF
Soffic.05D0006580-5D	Alfin-like	TFF
Soffic.03B0028740-3B	MYB	TFF
Soffic.02D0035400-2D	GeBP	TFF
Soffic.09G0002300-9A	FAR1	TFF
Soffic.02G0036810-2A	DDT	OTR
Soffic.03G0027980-3D	Top	TFF
Soffic.01G0025540-1A	TRAF	OTR
Soffic.02G0034550-2C	zf-BED	TFF
Soffic.01G0003790-1D	C2C2-Dof	TFF
Soffic.08G0005160-8B	MADS	TFF
Soffic.06G0001130-6G	GNAT	OTR
Soffic.01G0012540-1E	HB	TFF
Soffic.07G0009560-7A	BSD	TFF
Soffic.05G0011210-5C	AP2-EREBP	TFF
Soffic.05G0005130-5B	HB	TFF
Soffic.10G0005500-10G	LIM	TFF
Soffic.01H0045820-1H	GNAT	OTR
Soffic.10H0017910-10H	FAR1	TFF
Soffic.07G0018200-7D	bZIP	TFF
Soffic.01G0009990-1C	MADS	TFF
Soffic.07H0006520-7H	WRKY	TFF
Soffic.06G0019140-6F	Orphans	Orphans
Soffic.08G0002430-8E	MYB	TFF
Soffic.04B0019410-4B	MADS	TFF
Soffic.05G0008830-5A	WRKY	TFF
Soffic.01G0014090-1B	C2C2-Dof	TFF
Soffic.01G0024040-1B	Tify	TFF
Soffic.10E0013340-10E	CPP	TFF
Soffic.02F0012900-2F	Orphans	Orphans
Soffic.07G0020370-7F	Orphans	Orphans
Soffic.01F0012210-1F	GRAS	TFF
Soffic.06G0015300-6E	NAC	TFF
Soffic.03G0019740-3G	WRKY	TFF
Soffic.10G0019660-10E	Orphans	Orphans
Soffic.09G0017370-9C	NOT2_3_5	OTR
Soffic.06G0005520-6G	bHLH	TFF
Soffic.08E0010820-8E	PHD	OTR
Soffic.09G0024240-9F	MYB-related	TFF
Soffic.03G0002290-3G	Orphans	Orphans
Soffic.10G0005900-10H	AP2-EREBP	TFF
Soffic.01G0029610-1B	Orphans	Orphans
Soffic.07G0017820-7D	bZIP	TFF
Soffic.03G0021590-3H	AUX/IAA	OTR
Soffic.10G0026190-10G	ABI3VP1	TFF
Soffic.08G0012510-8B	ABI3VP1	TFF
Soffic.03G0038440-3A	WRKY	TFF
Soffic.04G0025890-4F	Orphans	Orphans
Soffic.01G0004350-1C	C2C2-Dof	TFF
Soffic.07G0019570-7A	mTERF	OTR
Soffic.06G0008160-6B	GRAS	TFF
Soffic.04G0028410-4G	TRAF	OTR
Soffic.07G0014350-7F	bHLH	TFF
Soffic.08G0015170-8B	TFIID	TFF
Soffic.04G0004290-4F	PLATZ	TFF
Soffic.09G0007410-9F	WRKY	TFF
Soffic.01G0042760-1C	LIM	TFF
Soffic.01G0034190-1A	MYB	TFF
Soffic.05G0020080-5D	ABI3VP1	TFF
Soffic.07G0019400-7F	EIL	TFF
Soffic.05G0006170-5A	NAC	TFF
Soffic.10G0007430-10B	AP2-EREBP	TFF
Soffic.07G0010600-7B	CCAAT	TFF
Soffic.04G0013190-4G	C2H2	TFF
Soffic.04G0011230-4B	GRAS	TFF
Soffic.10G0021090-10A	Orphans	Orphans
Soffic.10G0002430-10C	AP2-EREBP	TFF
Soffic.10G0023250-10E	C2C2-GATA	TFF
Soffic.02G0033620-2G	FAR1	TFF
Soffic.01G0040320-1D	C2H2	TFF
Soffic.05G0018180-5D	zf-BED	TFF
Soffic.03G0031490-3B	NAC	TFF
Soffic.08G0004920-8A	OFP	TFF
Soffic.09B0001410-9B	MYB	TFF
Soffic.01G0048600-1A	Tify	TFF
Soffic.10G0018740-10A	Orphans	Orphans
Soffic.06E0011380-6E	C2H2	TFF
Soffic.06G0021050-6G	bHLH	TFF
Soffic.06B0026860-6B	TUB	TFF
Soffic.08G0011390-8G	Orphans	Orphans
Soffic.07G0011590-7F	AP2-EREBP	TFF
Soffic.10H0020840-10H	bZIP	TFF
Soffic.02G0013450-2D	Orphans	Orphans
Soffic.09G0011650-9D	AP2-EREBP	TFF
Soffic.02G0032250-2A	GRAS	TFF
Soffic.09G0022120-9G	Sigma70-like	TFF
Soffic.05G0005880-5F	FHA	TFF
Soffic.02G0001070-2G	Orphans	Orphans
Soffic.03H0006240-3H	CCAAT	TFF
Soffic.01G0000270-1F	NAC	TFF
Soffic.01G0025610-1H	ABI3VP1	TFF
Soffic.08G0011690-8E	zf-BED	TFF
Soffic.02G0022890-2H	AP2-EREBP	TFF
Soffic.02G0018200-2C	zf-BED	TFF
Soffic.02G0011990-2H	FAR1	TFF
Soffic.03G0037330-3H	G2-like	TFF
Soffic.01G0010900-1D	Orphans	Orphans
Soffic.04G0029240-4G	MYB	TFF
Soffic.08G0003950-8G	OFP	TFF
Soffic.09G0014050-9F	ARF	TFF
Soffic.01G0012210-1G	WRKY	TFF
Soffic.07G0007450-7H	GNAT	OTR
Soffic.01G0014760-1B	zf-BED	TFF
Soffic.05G0005050-5F	FAR1	TFF
Soffic.02G0032010-2F	Orphans	Orphans
Soffic.01G0012720-1A	zf-HD	TFF
Soffic.08D0012340-8D	MYB	TFF
Soffic.07G0015660-7A	C2H2	TFF
Soffic.10G0023060-10C	AUX/IAA	OTR
Soffic.10G0024710-10E	Orphans	Orphans
Soffic.02G0026580-2H	CAMTA	TFF
Soffic.03G0029670-3D	CCAAT	TFF
Soffic.10G0008670-10C	AP2-EREBP	TFF
Soffic.04G0027460-4B	mTERF	OTR
Soffic.03G0036700-3F	TCP	TFF
Soffic.02G0002240-2G	RWP-RK	TFF
Soffic.01G0013070-1D	MYB	TFF
Soffic.03F0022900-3F	BES1	TFF
Soffic.08G0017750-8C	bZIP	TFF
Soffic.09H0022480-9H	WRKY	TFF
Soffic.04G0016490-4H	MADS	TFF
Soffic.07G0001540-7B	Orphans	Orphans
Soffic.01G0010460-1B	Top	TFF
Soffic.10G0000150-10B	NAC	TFF
Soffic.07F0013400-7F	zf-HD	TFF
Soffic.02G0002320-2E	SET	OTR
Soffic.05G0005500-5B	MED26	OTR
Soffic.01H0035770-1H	bZIP	TFF
Soffic.01G0000170-1G	Tify	TFF
Soffic.10G0021760-10A	SBP	TFF
Soffic.03G0027010-3D	NAC	TFF
Soffic.03G0003790-3B	WRKY	TFF
Soffic.02G0027070-2A	Orphans	Orphans
Soffic.05C0002410-5C	FAR1	TFF
Soffic.06G0006880-6H	Orphans	Orphans
Soffic.02G0014740-2B	Orphans	Orphans
Soffic.02G0019220-2F	C2H2	TFF
Soffic.08G0016900-8A	ARF	TFF
Soffic.02G0013640-2G	AP2-EREBP	TFF
Soffic.02G0031440-2B	Orphans	Orphans
Soffic.10G0005400-10C	SET	OTR
Soffic.04G0006480-4G	GNAT	OTR
Soffic.02G0019640-2F	HSF	TFF
Soffic.01D0048850-1D	bHLH	TFF
Soffic.02G0020490-2B	zf-HD	TFF
Soffic.06G0009160-6D	WRKY	TFF
Soffic.06B0000610-6B	Orphans	Orphans
Soffic.10G0010020-10A	MYB-related	TFF
Soffic.08G0006310-8C	MYB	TFF
Soffic.01E0050000-1E	GNAT	OTR
Soffic.01G0008550-1E	GNAT	OTR
Soffic.08G0001810-8F	FAR1	TFF
Soffic.07G0020920-7F	C2H2	TFF
Soffic.06G0001900-6G	C2H2	TFF
Soffic.01G0038270-1A	OFP	TFF
Soffic.01C0046570-1C	Orphans	Orphans
Soffic.02G0022280-2H	zf-BED	TFF
Soffic.03G0005640-3H	bHLH	TFF
Soffic.02G0034840-2H	GeBP	TFF
Soffic.01D0007720-1D	NAC	TFF
Soffic.01G0041520-1F	WRKY	TFF
Soffic.04G0024290-4B	AP2-EREBP	TFF
Soffic.09G0014460-9C	AP2-EREBP	TFF
Soffic.07G0007610-7G	GNAT	OTR
Soffic.07E0000210-7E	AUX/IAA	OTR
Soffic.02G0005910-2C	HSF	TFF
Soffic.05G0005460-5C	GRAS	TFF
Soffic.03G0017820-3A	Top	TFF
Soffic.10G0023610-10F	FAR1	TFF
Soffic.02H0039060-2H	Orphans	Orphans
Soffic.09G0009920-9G	FHA	TFF
Soffic.01F0010810-1F	CPP	TFF
Soffic.01H0013260-1H	Orphans	Orphans
Soffic.05G0020850-5C	AP2-EREBP	TFF
Soffic.03G0024630-3H	WRKY	TFF
Soffic.06G0018890-6D	TRAF	OTR
Soffic.10G0025310-10G	NAC	TFF
Soffic.04G0026750-4A	mTERF	OTR
Soffic.02G0036020-2A	NAC	TFF
Soffic.01G0037110-1C	Orphans	Orphans
Soffic.10G0025670-10E	ARF	TFF
Soffic.02G0016930-2H	NAC	TFF
Soffic.02F0000840-2F	zf-C5HC2	TFF
Soffic.08G0005720-8C	Orphans	Orphans
Soffic.02G0014070-2H	WRKY	TFF
Soffic.05G0005450-5E	Rcd1-like	OTR
Soffic.03G0028780-3A	SET	OTR
Soffic.01C0013880-1C	GNAT	OTR
Soffic.07G0015730-7H	SBP	TFF
Soffic.03G0031290-3H	C2H2	TFF
Soffic.03H0040870-3H	NAC	TFF
Soffic.01G0047280-1C	Orphans	Orphans
Soffic.04H0019690-4H	TAZ	TFF
Soffic.08G0002150-8B	bZIP	TFF
Soffic.02G0023540-2G	AP2-EREBP	TFF
Soffic.02G0013590-2G	SET	OTR
Soffic.10G0024080-10A	HMG	OTR
Soffic.07G0008640-7A	WRKY	TFF
Soffic.03G0017250-3H	Orphans	Orphans
Soffic.04G0011860-4A	Tudor-knot	OTR
Soffic.09G0002730-9H	C3H	TFF
Soffic.03G0006450-3D	MADS	TFF
Soffic.03F0007320-3F	MYB-related	TFF
Soffic.02G0012700-2F	bZIP	TFF
Soffic.09G0018480-9D	TUB	TFF
Soffic.01G0004580-1C	AP2-EREBP	TFF
Soffic.06G0002220-6H	ARID	OTR
Soffic.03G0021320-3A	NAC	TFF
Soffic.04G0018700-4D	AP2-EREBP	TFF
Soffic.02G0022950-2A	bZIP	TFF
Soffic.01G0016790-1A	LIM	TFF
Soffic.01G0000830-1D	C2C2-CO-like	TFF
Soffic.10G0011440-10G	CCAAT	TFF
Soffic.04G0004370-4F	MYB-related	TFF
Soffic.02H0003900-2H	NAC	TFF
Soffic.01G0015690-1D	bHLH	TFF
Soffic.03G0004940-3G	MYB-related	TFF
Soffic.10G0003430-10G	WRKY	TFF
Soffic.07G0001010-7G	PHD	OTR
Soffic.04F0030310-4F	Orphans	Orphans
Soffic.01G0045130-1H	HB	TFF
Soffic.03G0036900-3G	SRS	TFF
Soffic.05G0018210-5B	bHLH	TFF
Soffic.08G0003130-8D	Orphans	Orphans
Soffic.01G0033230-1C	GRAS	TFF
Soffic.04G0022560-4A	PHD	OTR
Soffic.07G0011790-7G	SET	OTR
Soffic.07G0010270-7D	GeBP	TFF
Soffic.04G0031350-4B	zf-C5HC2	TFF
Soffic.04G0022940-4B	TCP	TFF
Soffic.06G0021370-6G	TRAF	OTR
Soffic.09G0008280-9A	bHLH	TFF
Soffic.03G0026530-3H	zf-BED	TFF
Soffic.03G0021970-3A	Orphans	Orphans
Soffic.07G0008320-7H	SET	OTR
Soffic.05G0018650-5G	zf-BED	TFF
Soffic.10G0007650-10H	AP2-EREBP	TFF
Soffic.09G0021870-9D	C3H	TFF
Soffic.01G0013100-1A	GeBP	TFF
Soffic.03G0025300-3A	HB	TFF
Soffic.09G0011360-9G	bZIP	TFF
Soffic.03G0008220-3C	MYB	TFF
Soffic.06G0002610-6C	ABI3VP1	TFF
Soffic.02G0025580-2G	AP2-EREBP	TFF
Soffic.01G0033870-1F	WRKY	TFF
Soffic.02G0031360-2B	Orphans	Orphans
Soffic.09G0015110-9D	bHLH	TFF
Soffic.02D0023840-2D	AUX/IAA	OTR
Soffic.06G0002320-6A	bHLH	TFF
Soffic.04H0026100-4H	C2C2-CO-like	TFF
Soffic.02G0016040-2A	zf-BED	TFF
Soffic.04H0023120-4H	Trihelix	TFF
Soffic.02G0033830-2G	ABI3VP1	TFF
Soffic.04G0022540-4B	ARF	TFF
Soffic.03H0035820-3H	mTERF	OTR
Soffic.08G0016980-8E	CCAAT	TFF
Soffic.01G0006530-1C	bZIP	TFF
Soffic.04G0021140-4H	MYB	TFF
Soffic.07B0020650-7B	TRAF	OTR
Soffic.06G0023390-6A	MED7	OTR
Soffic.07D0009050-7D	WRKY	TFF
Soffic.06G0013710-6E	MYB-related	TFF
Soffic.07G0002110-7D	Top	TFF
Soffic.06G0012660-6C	MYB	TFF
Soffic.03G0013940-3G	MYB	TFF
Soffic.06G0010990-6G	WRKY	TFF
Soffic.01G0004350-1D	AP2-EREBP	TFF
Soffic.08F0009260-8F	PHD	OTR
Soffic.05G0019440-5B	Orphans	Orphans
Soffic.08G0016440-8C	Orphans	Orphans
Soffic.07G0009630-7G	bHLH	TFF
Soffic.06D0013200-6D	LIM	TFF
Soffic.06H0000500-6H	Orphans	Orphans
Soffic.02G0005670-2A	Orphans	Orphans
Soffic.08G0001700-8C	FAR1	TFF
Soffic.05G0010220-5F	ABI3VP1	TFF
Soffic.06G0002080-6A	Orphans	Orphans
Soffic.07G0007250-7B	WRKY	TFF
Soffic.10G0010550-10A	Orphans	Orphans
Soffic.10G0014100-10C	WRKY	TFF
Soffic.01H0007490-1H	GNAT	OTR
Soffic.10G0018630-10F	bZIP	TFF
Soffic.01G0019300-1H	bHLH	TFF
Soffic.03G0036720-3B	CCAAT	TFF
Soffic.09H0014740-9H	TUB	TFF
Soffic.07G0012020-7D	ABI3VP1	TFF
Soffic.01G0031340-1B	C2H2	TFF
Soffic.01G0053960-1C	Not1	TFF
Soffic.02G0031480-2G	Orphans	Orphans
Soffic.02G0025300-2D	MYB-related	TFF
Soffic.02G0008910-2F	FAR1	TFF
Soffic.01H0012030-1H	GRF	TFF
Soffic.03F0036490-3F	MADS	TFF
Soffic.09G0022080-9A	WRKY	TFF
Soffic.09G0011480-9B	SET	OTR
Soffic.01G0017990-1G	TIG	TFF
Soffic.03G0009020-3E	Orphans	Orphans
Soffic.02G0037230-2C	MED26	OTR
Soffic.10G0016770-10E	MYB	TFF
Soffic.10G0024550-10B	C2H2	TFF
Soffic.04G0024310-4B	AP2-EREBP	TFF
Soffic.01G0033810-1F	bZIP	TFF
Soffic.04G0020990-4G	TAZ	TFF
Soffic.01G0010600-1A	FAR1	TFF
Soffic.02G0034950-2D	MYB	TFF
Soffic.01G0024850-1G	FAR1	TFF
Soffic.04D0027320-4D	NAC	TFF
Soffic.04G0029890-4B	zf-BED	TFF
Soffic.02G0009650-2E	MYB	TFF
Soffic.07H0006880-7H	zf-LSD1	TFF
Soffic.01E0024530-1E	ARR-B	TFF
Soffic.07G0017770-7B	NAC	TFF
Soffic.10G0017890-10B	MADS	TFF
Soffic.03G0004210-3E	MYB	TFF
Soffic.10G0005150-10E	Orphans	Orphans
Soffic.06G0017340-6B	Orphans	Orphans
Soffic.02G0015660-2A	Orphans	Orphans
Soffic.03G0029640-3H	NAC	TFF
Soffic.03G0021910-3A	MYB	TFF
Soffic.01H0045980-1H	C2H2	TFF
Soffic.07G0007030-7G	FAR1	TFF
Soffic.06G0006900-6B	SET	OTR
Soffic.02G0040030-2B	zf-BED	TFF
Soffic.10G0013000-10B	mTERF	OTR
Soffic.09C0015560-9C	bHLH	TFF
Soffic.01H0007500-1H	GNAT	OTR
Soffic.01G0032120-1C	ABI3VP1	TFF
Soffic.09C0010210-9C	NAC	TFF
Soffic.10G0012580-10D	C3H	TFF
Soffic.01G0015220-1A	GNAT	OTR
Soffic.01G0047230-1A	bHLH	TFF
Soffic.07G0006940-7G	Orphans	Orphans
Soffic.07F0001070-7F	MYB	TFF
Soffic.09G0016210-9D	OFP	TFF
Soffic.03G0016630-3F	MYB	TFF
Soffic.08G0010090-8B	TRAF	OTR
Soffic.09G0003050-9H	MYB	TFF
Soffic.02G0026800-2B	GRF	TFF
Soffic.04H0010880-4H	HMG	OTR
Soffic.07G0012650-7A	Tify	TFF
Soffic.01E0005690-1E	bZIP	TFF
Soffic.04E0027830-4E	GeBP	TFF
Soffic.03G0003930-3F	bZIP	TFF
Soffic.03G0005060-3G	Orphans	Orphans
Soffic.04H0017250-4H	C2H2	TFF
Soffic.04G0018950-4F	mTERF	OTR
Soffic.04G0005240-4G	MYB	TFF
Soffic.03G0002860-3A	RWP-RK	TFF
Soffic.07G0007520-7E	MADS	TFF
Soffic.03G0000830-3B	OFP	TFF
Soffic.10G0017280-10B	ARR-B	TFF
Soffic.08G0001380-8F	GRAS	TFF
Soffic.09G0018330-9B	AP2-EREBP	TFF
Soffic.01B0052650-1B	Orphans	Orphans
Soffic.09G0015320-9E	AP2-EREBP	TFF
Soffic.09G0013470-9C	Alfin-like	TFF
Soffic.03G0003530-3F	C2H2	TFF
Soffic.04G0019310-4G	Alfin-like	TFF
Soffic.04G0027950-4G	MED26	OTR
Soffic.01G0024570-1G	WRKY	TFF
Soffic.05G0017550-5H	MADS	TFF
Soffic.01G0054610-1A	SWI/SNF-BAF60b	OTR
Soffic.02H0030140-2H	TRAF	OTR
Soffic.01G0051250-1D	Orphans	Orphans
Soffic.09G0017310-9D	TCP	TFF
Soffic.03H0012730-3H	zf-HD	TFF
Soffic.10G0016160-10B	Orphans	Orphans
Soffic.01G0051760-1D	RWP-RK	TFF
Soffic.02H0025700-2H	Orphans	Orphans
Soffic.08G0006880-8C	zf-HD	TFF
Soffic.02H0017260-2H	WRKY	TFF
Soffic.01G0044890-1H	SET	OTR
Soffic.07G0013710-7A	AP2-EREBP	TFF
Soffic.07G0009690-7B	Orphans	Orphans
Soffic.01G0003050-1E	NAC	TFF
Soffic.05G0005390-5A	Orphans	Orphans
Soffic.02G0031600-2B	TRAF	OTR
Soffic.02G0013400-2G	bZIP	TFF
Soffic.01H0037220-1H	Orphans	Orphans
Soffic.04G0001300-4E	FAR1	TFF
Soffic.09G0016830-9H	WRKY	TFF
Soffic.09G0005810-9C	AUX/IAA	OTR
Soffic.01G0013680-1A	GNAT	OTR
Soffic.01B0000700-1B	AP2-EREBP	TFF
Soffic.03G0024780-3G	VOZ	TFF
Soffic.07G0013060-7F	MYB	TFF
Soffic.03G0012650-3C	bHLH	TFF
Soffic.09G0007330-9G	Orphans	Orphans
Soffic.01C0030430-1C	zf-LSD1	TFF
Soffic.03G0011970-3D	WRKY	TFF
Soffic.06G0001840-6F	Orphans	Orphans
Soffic.01E0021940-1E	TUB	TFF
Soffic.04H0026930-4H	TCP	TFF
Soffic.06G0013480-6G	MYB	TFF
Soffic.04G0034930-4G	zf-fF-X1	TFF
Soffic.01G0024240-1E	TFIIS	TFF
Soffic.06G0008810-6B	WRKY	TFF
Soffic.03G0026100-3H	C2C2-Dof	TFF
Soffic.02G0017820-2D	bHLH	TFF
Soffic.01D0021390-1D	FHA	TFF
Soffic.10G0018540-10E	MYB	TFF
Soffic.10G0025370-10G	C2H2	TFF
Soffic.01B0022180-1B	Orphans	Orphans
Soffic.01D0003330-1D	mTERF	OTR
Soffic.09G0020410-9E	NAC	TFF
Soffic.03G0023530-3B	MYB	TFF
Soffic.06G0009700-6F	EIL	TFF
Soffic.08G0011210-8G	C2C2-Dof	TFF
Soffic.01G0024320-1G	C2H2	TFF
Soffic.02G0004530-2B	Tify	TFF
Soffic.02G0038410-2H	Orphans	Orphans
Soffic.06G0006880-6F	Orphans	Orphans
Soffic.02G0019220-2H	AP2-EREBP	TFF
Soffic.05G0002340-5E	zf-BED	TFF
Soffic.02G0011510-2A	AP2-EREBP	TFF
Soffic.05G0002710-5A	NAC	TFF
Soffic.02H0014130-2H	WRKY	TFF
Soffic.04G0003890-4G	PAS	TFF
Soffic.04G0006460-4A	MYB	TFF
Soffic.09G0021700-9F	C3H	TFF
Soffic.05G0000660-5D	Orphans	Orphans
Soffic.09G0009000-9D	MYB	TFF
Soffic.04H0028150-4H	AP2-EREBP	TFF
Soffic.07E0011300-7E	TRAF	OTR
Soffic.03B0003970-3B	Orphans	Orphans
Soffic.01G0017450-1C	AUX/IAA	OTR
Soffic.02G0018420-2C	WRKY	TFF
Soffic.03G0003250-3C	C3H	TFF
Soffic.01G0026800-1A	Tify	TFF
Soffic.05G0002790-5F	MYB-related	TFF
Soffic.10G0009130-10D	bHLH	TFF
Soffic.05G0017700-5C	bHLH	TFF
Soffic.07G0004710-7A	SET	OTR
Soffic.04D0020890-4D	Orphans	Orphans
Soffic.10E0009650-10E	AP2-EREBP	TFF
Soffic.07G0014820-7H	AP2-EREBP	TFF
Soffic.07G0003350-7H	Orphans	Orphans
Soffic.03G0016800-3B	CCAAT	TFF
Soffic.01E0003820-1E	Alfin-like	TFF
Soffic.09H0006820-9H	WRKY	TFF
Soffic.04G0030030-4E	bHLH	TFF
Soffic.10G0020690-10D	TRAF	OTR
Soffic.10G0006840-10G	GRF	TFF
Soffic.03G0008540-3A	NAC	TFF
Soffic.02G0039340-2A	FHA	TFF
Soffic.03G0022550-3D	DDT	OTR
Soffic.08G0014500-8D	ABI3VP1	TFF
Soffic.04G0024260-4C	AP2-EREBP	TFF
Soffic.09G0000770-9C	C2H2	TFF
Soffic.04G0021480-4F	MYB	TFF
Soffic.09G0022850-9A	MADS	TFF
Soffic.03G0000440-3H	MYB	TFF
Soffic.02G0026580-2F	NAC	TFF
Soffic.09G0011950-9A	SET	OTR
Soffic.02G0001960-2A	MADS	TFF
Soffic.06G0001930-6A	Top	TFF
Soffic.01G0015190-1G	Orphans	Orphans
Soffic.06G0010390-6G	MYB	TFF
Soffic.05A0004600-5A	Pseudo_ARR-B	OTR
Soffic.05G0002430-5A	C2H2	TFF
Soffic.04G0007570-4D	Top	TFF
Soffic.05G0016130-5E	FHA	TFF
Soffic.04G0029120-4C	bZIP	TFF
Soffic.10G0004450-10D	OFP	TFF
Soffic.01G0027870-1B	MED26	OTR
Soffic.05E0009220-5E	WRKY	TFF
Soffic.08G0016930-8G	NAC	TFF
Soffic.01H0037210-1H	Orphans	Orphans
Soffic.04G0035260-4G	GRAS	TFF
Soffic.01E0008370-1E	SWI/SNF-BAF60b	OTR
Soffic.01G0013380-1C	GRAS	TFF
Soffic.01G0029040-1E	GRAS	TFF
Soffic.01G0043710-1F	CCAAT	TFF
Soffic.05G0019690-5A	C2C2-Dof	TFF
Soffic.02G0025020-2G	Orphans	Orphans
Soffic.02G0005340-2H	FAR1	TFF
Soffic.05G0012810-5H	BSD	TFF
Soffic.02G0019210-2H	AP2-EREBP	TFF
Soffic.02G0025490-2D	SET	OTR
Soffic.04G0022810-4G	SET	OTR
Soffic.03E0019360-3E	WRKY	TFF
Soffic.09G0022210-9H	C2C2-GATA	TFF
Soffic.02G0002120-2C	Orphans	Orphans
Soffic.01G0006440-1G	TCP	TFF
Soffic.10F0005830-10F	GeBP	TFF
Soffic.04G0021450-4H	Orphans	Orphans
Soffic.06G0006220-6A	TIG	TFF
Soffic.04G0017990-4B	ARF	TFF
Soffic.10G0008830-10C	NAC	TFF
Soffic.04G0025930-4C	ARID	OTR
Soffic.01D0048880-1D	bHLH	TFF
Soffic.03G0025500-3A	WRKY	TFF
Soffic.02G0018410-2C	WRKY	TFF
Soffic.10G0025470-10C	MYB-related	TFF
Soffic.01G0038590-1A	MYB-related	TFF
Soffic.01G0011490-1H	C3H	TFF
Soffic.08F0005940-8F	MYB	TFF
Soffic.03G0007030-3E	AP2-EREBP	TFF
Soffic.04G0022340-4B	MYB	TFF
Soffic.06G0016250-6G	AP2-EREBP	TFF
Soffic.01G0029280-1G	MYB-related	TFF
Soffic.08G0015100-8F	WRKY	TFF
Soffic.01G0002780-1G	C2C2-GATA	TFF
Soffic.04G0014200-4D	WRKY	TFF
Soffic.06G0021710-6H	C3H	TFF
Soffic.09H0021750-9H	MADS	TFF
Soffic.07B0003620-7B	FAR1	TFF
Soffic.01G0040520-1C	PHD	OTR
Soffic.02G0002060-2C	GNAT	OTR
Soffic.02G0037630-2H	C2C2-Dof	TFF
Soffic.07G0011170-7G	MYB-related	TFF
Soffic.01G0053500-1A	bZIP	TFF
Soffic.01G0046350-1D	OFP	TFF
Soffic.10G0010910-10C	C2C2-CO-like	TFF
Soffic.08H0011830-8H	bZIP	TFF
Soffic.02G0004480-2D	Orphans	Orphans
Soffic.06G0019450-6H	FAR1	TFF
Soffic.09H0019410-9H	Orphans	Orphans
Soffic.03G0025900-3A	Orphans	Orphans
Soffic.03G0008480-3G	MYB	TFF
Soffic.10G0003770-10G	MADS	TFF
Soffic.02G0039640-2C	FAR1	TFF
Soffic.09H0006810-9H	HMG	OTR
Soffic.01C0047390-1C	OFP	TFF
Soffic.10B0023910-10B	bZIP	TFF
Soffic.10G0000590-10E	ABI3VP1	TFF
Soffic.10G0010310-10B	TRAF	OTR
Soffic.02G0027870-2A	Orphans	Orphans
Soffic.08G0007150-8B	ARF	TFF
Soffic.02G0015350-2E	zf-BED	TFF
Soffic.01G0012060-1H	HB	TFF
Soffic.06F0012950-6F	FAR1	TFF
Soffic.09G0014970-9F	TUB	TFF
Soffic.10H0014460-10H	bHLH	TFF
Soffic.03G0028830-3B	bZIP	TFF
Soffic.06G0009100-6A	FAR1	TFF
Soffic.03G0021520-3A	GeBP	TFF
Soffic.03H0011710-3H	WRKY	TFF
Soffic.09G0008580-9H	NAC	TFF
Soffic.03F0017600-3F	Orphans	Orphans
Soffic.04E0020700-4E	TCP	TFF
Soffic.01G0013550-1D	GeBP	TFF
Soffic.02G0036980-2A	TUB	TFF
Soffic.08D0003290-8D	WRKY	TFF
Soffic.10G0006120-10B	MYB-related	TFF
Soffic.05G0013760-5B	PAS	TFF
Soffic.06G0018680-6F	FAR1	TFF
Soffic.03G0024020-3H	MYB	TFF
Soffic.02D0033330-2D	CCAAT	TFF
Soffic.07G0000300-7F	Orphans	Orphans
Soffic.05G0022280-5C	C2H2	TFF
Soffic.01G0008410-1H	WRKY	TFF
Soffic.05B0002900-5B	zf-HD	TFF
Soffic.03G0002570-3G	Orphans	Orphans
Soffic.01G0016230-1B	C2C2-Dof	TFF
Soffic.01G0049080-1H	Trihelix	TFF
Soffic.02G0002880-2E	FAR1	TFF
Soffic.02G0020990-2A	AP2-EREBP	TFF
Soffic.03G0038560-3A	bHLH	TFF
Soffic.04E0002180-4E	bZIP	TFF
Soffic.09G0015090-9B	bZIP	TFF
Soffic.02G0031940-2A	GRAS	TFF
Soffic.09G0016030-9F	C2H2	TFF
Soffic.02G0032280-2A	Orphans	Orphans
Soffic.07G0012660-7G	TRAF	OTR
Soffic.09G0012790-9E	NAC	TFF
Soffic.03G0012100-3D	SBP	TFF
Soffic.03G0034820-3A	TAZ	TFF
Soffic.04G0029790-4C	GRF	TFF
Soffic.06G0015580-6A	Trihelix	TFF
Soffic.06G0000890-6A	MYB-related	TFF
Soffic.06G0005770-6F	bHLH	TFF
Soffic.05G0011990-5C	C3H	TFF
Soffic.06G0016090-6G	SET	OTR
Soffic.01A0030710-1A	MYB-related	TFF
Soffic.02G0007830-2G	BBR/BPC	TFF
Soffic.03G0039690-3C	PHD	OTR
Soffic.03G0005050-3A	AP2-EREBP	TFF
Soffic.07G0005520-7D	FAR1	TFF
Soffic.09G0022240-9C	Orphans	Orphans
Soffic.06H0013110-6H	TCP	TFF
Soffic.07G0019880-7A	bHLH	TFF
Soffic.05G0003710-5B	Orphans	Orphans
Soffic.01G0001270-1C	Sigma70-like	TFF
Soffic.01G0029180-1F	PLATZ	TFF
Soffic.09G0018990-9G	Sigma70-like	TFF
Soffic.01G0023180-1G	FAR1	TFF
Soffic.02G0029290-2C	MADS	TFF
Soffic.04E0007560-4E	Orphans	Orphans
Soffic.02G0005240-2A	PHD	OTR
Soffic.02C0021010-2C	zf-HD	TFF
Soffic.02B0008330-2B	FAR1	TFF
Soffic.08G0005540-8G	FAR1	TFF
Soffic.06G0010140-6C	Orphans	Orphans
Soffic.09G0002630-9E	WRKY	TFF
Soffic.06G0017560-6A	C2C2-Dof	TFF
Soffic.07G0011290-7A	WRKY	TFF
Soffic.01D0050170-1D	AP2-EREBP	TFF
Soffic.04G0021880-4E	AP2-EREBP	TFF
Soffic.01G0035910-1C	MYB	TFF
Soffic.09H0008490-9H	AUX/IAA	OTR
Soffic.05G0020240-5A	PAS	TFF
Soffic.08G0012290-8B	MYB-related	TFF
Soffic.01B0046400-1B	Pseudo_ARR-B	OTR
Soffic.05G0013920-5E	RB	OTR
Soffic.01H0005930-1H	GNAT	OTR
Soffic.08G0014300-8D	MYB-related	TFF
Soffic.04G0007690-4H	Top	TFF
Soffic.04G0018820-4F	Orphans	Orphans
Soffic.03H0021450-3H	TUB	TFF
Soffic.02B0003830-2B	HB	TFF
Soffic.06G0021800-6C	FAR1	TFF
Soffic.10G0013700-10E	bHLH	TFF
Soffic.01G0038690-1C	C3H	TFF
Soffic.02G0025440-2A	Orphans	Orphans
Soffic.01G0035510-1C	SAP	TFF
Soffic.05G0013520-5E	ARF	TFF
Soffic.10G0016720-10E	MYB	TFF
Soffic.09E0015980-9E	MYB-related	TFF
Soffic.03G0017180-3G	Orphans	Orphans
Soffic.10G0022650-10D	Orphans	Orphans
Soffic.09G0014910-9F	AP2-EREBP	TFF
Soffic.01G0019130-1H	ARF	TFF
Soffic.06G0008540-6G	GRAS	TFF
Soffic.03G0031320-3F	zf-BED	TFF
Soffic.07G0008190-7G	MADS	TFF
Soffic.02B0011840-2B	SET	OTR
Soffic.04G0028090-4C	zf-BED	TFF
Soffic.06G0012180-6A	Trihelix	TFF
Soffic.02G0023000-2F	SBP	TFF
Soffic.01F0021280-1F	Orphans	Orphans
Soffic.01G0013810-1D	SET	OTR
Soffic.05G0004370-5E	GRAS	TFF
Soffic.01G0012460-1E	HB	TFF
Soffic.03G0016810-3H	C2H2	TFF
Soffic.04F0010340-4F	MYB	TFF
Soffic.01G0053130-1A	Orphans	Orphans
Soffic.10G0023180-10A	bZIP	TFF
Soffic.10G0014040-10D	Orphans	Orphans
Soffic.10F0016700-10F	MYB	TFF
Soffic.02G0037010-2H	AP2-EREBP	TFF
Soffic.03G0025270-3B	OFP	TFF
Soffic.03G0026650-3F	ARF	TFF
Soffic.03G0032330-3F	Orphans	Orphans
Soffic.07G0018240-7B	Orphans	Orphans
Soffic.02H0004610-2H	Orphans	Orphans
Soffic.01G0044100-1C	MYB-related	TFF
Soffic.01G0013330-1A	FAR1	TFF
Soffic.02F0009950-2F	CCAAT	TFF
Soffic.01H0036920-1H	C3H	TFF
Soffic.02G0003840-2D	HB	TFF
Soffic.06G0001820-6D	Top	TFF
Soffic.02G0020970-2F	C2C2-Dof	TFF
Soffic.04D0006410-4D	HB	TFF
Soffic.02G0003230-2C	AP2-EREBP	TFF
Soffic.10G0022110-10G	AP2-EREBP	TFF
Soffic.02G0014550-2F	Orphans	Orphans
Soffic.02G0022930-2D	Orphans	Orphans
Soffic.01G0039960-1A	Orphans	Orphans
Soffic.01G0043740-1D	AP2-EREBP	TFF
Soffic.10G0004880-10F	bHLH	TFF
Soffic.01G0001710-1E	Orphans	Orphans
Soffic.08G0000950-8C	GRAS	TFF
Soffic.08E0006560-8E	bHLH	TFF
Soffic.06G0013610-6H	MYB	TFF
Soffic.07G0003200-7E	Orphans	Orphans
Soffic.07G0006430-7C	Orphans	Orphans
Soffic.05G0018810-5E	GRAS	TFF
Soffic.02G0000570-2B	TRAF	OTR
Soffic.05G0004520-5E	MED26	OTR
Soffic.06G0016030-6B	C2H2	TFF
Soffic.01C0026960-1C	TIG	TFF
Soffic.08G0001630-8F	NAC	TFF
Soffic.05G0010050-5A	ABI3VP1	TFF
Soffic.01H0009790-1H	PAS	TFF
Soffic.05G0019450-5G	NAC	TFF
Soffic.01G0013700-1F	Trihelix	TFF
Soffic.09G0002180-9D	PLATZ	TFF
Soffic.07G0001160-7G	MADS	TFF
Soffic.04G0005520-4E	HB	TFF
Soffic.03G0022980-3C	zf-BED	TFF
Soffic.01E0051720-1E	SWI/SNF-BAF60b	OTR
Soffic.03G0032700-3A	MYB-related	TFF
Soffic.01G0003830-1G	mTERF	OTR
Soffic.07G0019620-7D	bHLH	TFF
Soffic.09G0009510-9G	MADS	TFF
Soffic.01G0053490-1A	FHA	TFF
Soffic.02G0018360-2F	TCP	TFF
Soffic.10G0018000-10A	MYB-related	TFF
Soffic.09G0015920-9E	NOT2_3_5	OTR
Soffic.05E0001640-5E	GRAS	TFF
Soffic.09G0018930-9B	MYB	TFF
Soffic.02H0034750-2H	MYB	TFF
Soffic.03G0022820-3D	AP2-EREBP	TFF
Soffic.06G0014970-6B	C2C2-YABBY	TFF
Soffic.02G0019520-2A	MYB	TFF
Soffic.06G0015530-6C	RWP-RK	TFF
Soffic.03F0017180-3F	C3H	TFF
Soffic.06H0011210-6H	C2C2-CO-like	TFF
Soffic.01H0030630-1H	GRAS	TFF
Soffic.01G0044450-1B	Orphans	Orphans
Soffic.04G0014230-4E	zf-A20	TFF
Soffic.03G0013870-3B	Orphans	Orphans
Soffic.10G0020100-10A	ARF	TFF
Soffic.02G0036680-2C	SART-1	OTR
Soffic.03G0030290-3C	C2H2	TFF
Soffic.06G0004430-6E	Orphans	Orphans
Soffic.03G0018840-3G	GNAT	OTR
Soffic.03G0028890-3G	OFP	TFF
Soffic.07G0001490-7D	Orphans	Orphans
Soffic.01G0032000-1A	MADS	TFF
Soffic.07G0011110-7G	MBF1	OTR
Soffic.07G0011470-7B	AP2-EREBP	TFF
Soffic.08G0008740-8D	C3H	TFF
Soffic.05G0022230-5A	GRAS	TFF
Soffic.05G0011610-5F	bHLH	TFF
Soffic.06G0015010-6A	MYB	TFF
Soffic.02G0028750-2C	MYB-related	TFF
Soffic.05G0016820-5A	FAR1	TFF
Soffic.05G0022170-5B	GRAS	TFF
Soffic.02C0034290-2C	CCAAT	TFF
Soffic.10G0016190-10E	FAR1	TFF
Soffic.09G0021930-9A	AP2-EREBP	TFF
Soffic.02E0003480-2E	HB	TFF
Soffic.02G0018470-2C	WRKY	TFF
Soffic.01G0038140-1E	SAP	TFF
Soffic.05G0020340-5H	GRAS	TFF
Soffic.03G0011790-3E	HB	TFF
Soffic.03G0021740-3E	NAC	TFF
Soffic.01G0008600-1C	TRAF	OTR
Soffic.01G0032850-1E	NAC	TFF
Soffic.05G0005660-5B	AP2-EREBP	TFF
Soffic.08G0015760-8D	NAC	TFF
Soffic.01G0028410-1B	SOH1	OTR
Soffic.01G0024110-1A	Orphans	Orphans
Soffic.03G0001270-3B	zf-BED	TFF
Soffic.04G0031430-4D	Orphans	Orphans
Soffic.01G0012220-1G	TFIID	TFF
Soffic.02D0025910-2D	C3H	TFF
Soffic.03G0012930-3C	zf-HD	TFF
Soffic.03G0011290-3D	C2C2-Dof	TFF
Soffic.02G0017130-2G	MYB	TFF
Soffic.10G0009850-10H	Orphans	Orphans
Soffic.10G0011960-10H	MYB-related	TFF
Soffic.07G0006990-7E	ABI3VP1	TFF
Soffic.03G0031510-3H	MYB	TFF
Soffic.04G0025500-4E	Orphans	Orphans
Soffic.02G0036930-2D	AP2-EREBP	TFF
Soffic.08G0013590-8F	ABI3VP1	TFF
Soffic.04F0014760-4F	zf-A20	TFF
Soffic.01E0043680-1E	Orphans	Orphans
Soffic.05B0000480-5B	C2C2-Dof	TFF
Soffic.01B0036960-1B	bZIP	TFF
Soffic.07E0000990-7E	TUB	TFF
Soffic.03H0036750-3H	TCP	TFF
Soffic.03E0032430-3E	WRKY	TFF
Soffic.04D0034030-4D	MYB	TFF
Soffic.10G0023110-10C	MYB-related	TFF
Soffic.01C0049230-1C	CCAAT	TFF
Soffic.01G0026170-1C	C2H2	TFF
Soffic.10G0000120-10A	zf-MIZ	OTR
Soffic.08G0004200-8B	FAR1	TFF
Soffic.08G0012370-8B	bHLH	TFF
Soffic.09G0003970-9H	Top	TFF
Soffic.02D0027790-2D	Orphans	Orphans
Soffic.07G0019830-7D	TRAF	OTR
Soffic.03F0009650-3F	C3H	TFF
Soffic.03G0032470-3G	NAC	TFF
Soffic.04D0032270-4D	C2C2-GATA	TFF
Soffic.02G0026550-2F	MADS	TFF
Soffic.06G0017150-6A	SWI/SNF-SWI3	OTR
Soffic.02C0022830-2C	C3H	TFF
Soffic.07G0003160-7H	Yl1	TFF
Soffic.01G0020300-1A	SET	OTR
Soffic.06G0019670-6G	Top	TFF
Soffic.05G0012280-5A	SBP	TFF
Soffic.02G0012070-2D	MYB	TFF
Soffic.01G0027990-1E	SAP	TFF
Soffic.03G0011880-3D	MADS	TFF
Soffic.04H0028180-4H	bZIP	TFF
Soffic.07G0020910-7F	C2C2-Dof	TFF
Soffic.02G0030270-2F	GRAS	TFF
Soffic.03H0032960-3H	OFP	TFF
Soffic.03G0017440-3G	PLATZ	TFF
Soffic.03G0040490-3H	C2C2-GATA	TFF
Soffic.01G0010070-1G	C3H	TFF
Soffic.08H0007170-8H	zf-BED	TFF
Soffic.10G0000340-10G	MYB-related	TFF
Soffic.09G0004610-9B	AP2-EREBP	TFF
Soffic.02G0012350-2C	bZIP	TFF
Soffic.05G0020000-5G	AP2-EREBP	TFF
Soffic.07G0002290-7E	Top	TFF
Soffic.09D0006340-9D	WRKY	TFF
Soffic.03G0021170-3G	zf-BED	TFF
Soffic.01G0034710-1A	Orphans	Orphans
Soffic.03G0030920-3C	FAR1	TFF
Soffic.01G0029750-1A	zf-C5HC2	TFF
Soffic.01F0014620-1F	GeBP	TFF
Soffic.01G0054920-1D	Orphans	Orphans
Soffic.07G0009900-7C	GRAS	TFF
Soffic.07F0001550-7F	Orphans	Orphans
Soffic.01G0043970-1G	C2H2	TFF
Soffic.04G0013220-4A	zf-BED	TFF
Soffic.06G0015530-6D	AP2-EREBP	TFF
Soffic.02G0028410-2A	Orphans	Orphans
Soffic.09G0019530-9C	Orphans	Orphans
Soffic.07D0015670-7D	SET	OTR
Soffic.09G0013840-9E	NAC	TFF
Soffic.03G0031690-3D	C2H2	TFF
Soffic.01G0014080-1E	TCP	TFF
Soffic.06G0017300-6D	GRF	TFF
Soffic.04G0001450-4B	AP2-EREBP	TFF
Soffic.10H0009000-10H	MADS	TFF
Soffic.04G0022530-4E	C2C2-Dof	TFF
Soffic.02G0022680-2C	bZIP	TFF
Soffic.03G0033120-3A	AP2-EREBP	TFF
Soffic.02G0009380-2G	AP2-EREBP	TFF
Soffic.05H0007240-5H	Alfin-like	TFF
Soffic.07C0006780-7C	TRAF	OTR
Soffic.01H0044410-1H	CCAAT	TFF
Soffic.05G0015250-5G	BSD	TFF
Soffic.02G0017230-2F	MYB	TFF
Soffic.02G0038300-2A	Orphans	Orphans
Soffic.02G0012710-2B	bZIP	TFF
Soffic.03F0014470-3F	MYB	TFF
Soffic.01G0052940-1D	NAC	TFF
Soffic.07G0010030-7H	MYB-related	TFF
Soffic.09G0022050-9A	WRKY	TFF
Soffic.07G0006190-7D	WRKY	TFF
Soffic.03G0019310-3C	zf-LSD1	TFF
Soffic.09G0016960-9B	Orphans	Orphans
Soffic.06G0013220-6D	MYB	TFF
Soffic.05G0020460-5H	GRAS	TFF
Soffic.08G0012920-8B	LIM	TFF
Soffic.03G0019620-3A	C3H	TFF
Soffic.02H0018680-2H	C2H2	TFF
Soffic.03G0035660-3H	TAZ	TFF
Soffic.03F0024260-3F	WRKY	TFF
Soffic.07G0012930-7A	MYB-related	TFF
Soffic.09C0014700-9C	MYB-related	TFF
Soffic.01G0013720-1B	TRAF	OTR
Soffic.06E0002130-6E	ABI3VP1	TFF
Soffic.03G0010480-3E	MYB	TFF
Soffic.01G0024290-1G	C2H2	TFF
Soffic.08G0003940-8B	MYB	TFF
Soffic.08G0017660-8H	HB	TFF
Soffic.08G0001350-8F	Orphans	Orphans
Soffic.02G0025810-2G	AP2-EREBP	TFF
Soffic.03E0032190-3E	CCAAT	TFF
Soffic.01G0051280-1D	MYB-related	TFF
Soffic.07G0003890-7A	MYB	TFF
Soffic.02G0008130-2B	BBR/BPC	TFF
Soffic.04G0033240-4A	C2H2	TFF
Soffic.02C0031280-2C	TRAF	OTR
Soffic.01G0025620-1H	ABI3VP1	TFF
Soffic.06G0018930-6H	TIG	TFF
Soffic.03G0036820-3D	MADS	TFF
Soffic.05G0011560-5B	Orphans	Orphans
Soffic.01G0027190-1D	GRAS	TFF
Soffic.05G0017980-5H	FHA	TFF
Soffic.05G0000550-5G	Orphans	Orphans
Soffic.06G0006080-6F	Orphans	Orphans
Soffic.10G0015310-10E	FAR1	TFF
Soffic.10G0007260-10A	MADS	TFF
Soffic.03G0033800-3D	PHD	OTR
Soffic.07D0008780-7D	MYB-related	TFF
Soffic.07G0014380-7H	MYB	TFF
Soffic.09G0008580-9F	AUX/IAA	OTR
Soffic.07G0018410-7C	Orphans	Orphans
Soffic.08F0011400-8F	LIM	TFF
Soffic.02A0038860-2A	zf-HD	TFF
Soffic.07G0007860-7D	Orphans	Orphans
Soffic.08G0003540-8B	C2H2	TFF
Soffic.03G0029880-3A	WRKY	TFF
Soffic.02G0033310-2E	Orphans	Orphans
Soffic.01G0007950-1H	MYB-related	TFF
Soffic.04E0020230-4E	Orphans	Orphans
Soffic.08G0015680-8H	GRAS	TFF
Soffic.04G0007320-4C	Top	TFF
Soffic.01G0002800-1B	C2C2-GATA	TFF
Soffic.07G0000970-7B	MYB-related	TFF
Soffic.06G0016730-6C	Orphans	Orphans
Soffic.10H0018480-10H	PLATZ	TFF
Soffic.04G0025960-4G	bHLH	TFF
Soffic.10G0007930-10H	AP2-EREBP	TFF
Soffic.01G0046980-1D	AP2-EREBP	TFF
Soffic.05G0006120-5A	MYB-related	TFF
Soffic.10G0001320-10H	ABI3VP1	TFF
Soffic.02G0016860-2B	Jumonji	OTR
Soffic.03G0040760-3E	GNAT	OTR
Soffic.10G0005400-10B	zf-MIZ	OTR
Soffic.09G0006850-9B	bHLH	TFF
Soffic.02G0023000-2H	FAR1	TFF
Soffic.04G0031380-4B	NAC	TFF
Soffic.06G0016230-6E	AP2-EREBP	TFF
Soffic.06G0015820-6A	WRKY	TFF
Soffic.01H0010700-1H	GNAT	OTR
Soffic.08E0005760-8E	MYB	TFF
Soffic.03F0038010-3F	FAR1	TFF
Soffic.02G0004140-2D	HB	TFF
Soffic.02G0024410-2G	MYB	TFF
Soffic.02G0027890-2H	MYB-related	TFF
Soffic.05G0018680-5G	zf-BED	TFF
Soffic.07G0007890-7B	Orphans	Orphans
Soffic.01G0015340-1D	bHLH	TFF
Soffic.05G0020120-5E	C2H2	TFF
Soffic.07E0018340-7E	AP2-EREBP	TFF
Soffic.01G0035850-1D	Orphans	Orphans
Soffic.04F0027010-4F	AP2-EREBP	TFF
Soffic.10G0004900-10A	DBP	TFF
Soffic.06G0002050-6A	ARID	OTR
Soffic.02G0025600-2A	Pseudo_ARR-B	OTR
Soffic.07C0016590-7C	bHLH	TFF
Soffic.03G0019460-3F	Top	TFF
Soffic.07G0016650-7F	bHLH	TFF
Soffic.03G0018290-3B	GNAT	OTR
Soffic.01C0040630-1C	MYB-related	TFF
Soffic.03G0026840-3A	Orphans	Orphans
Soffic.04C0025620-4C	bHLH	TFF
Soffic.10G0018590-10G	Orphans	Orphans
Soffic.09G0014770-9G	Orphans	Orphans
Soffic.01G0019130-1F	TRAF	OTR
Soffic.08G0004570-8A	bZIP	TFF
Soffic.03G0017020-3A	AP2-EREBP	TFF
Soffic.10G0008670-10B	MED6	OTR
Soffic.02G0004270-2G	HSF	TFF
Soffic.09H0015210-9H	bZIP	TFF
Soffic.01F0019230-1F	Orphans	Orphans
Soffic.07G0006160-7B	AP2-EREBP	TFF
Soffic.03G0001350-3E	bHLH	TFF
Soffic.03G0000150-3F	AUX/IAA	OTR
Soffic.05G0014350-5D	PAS	TFF
Soffic.05G0000260-5H	C2C2-Dof	TFF
Soffic.04G0001010-4A	bZIP	TFF
Soffic.02F0015330-2F	GNAT	OTR
Soffic.04G0031020-4B	bHLH	TFF
Soffic.03G0034100-3C	C2H2	TFF
Soffic.01G0039630-1G	GNAT	OTR
Soffic.10G0018950-10F	TRAF	OTR
Soffic.09G0021630-9D	AP2-EREBP	TFF
Soffic.09F0003770-9F	bHLH	TFF
Soffic.05G0019940-5A	C2C2-Dof	TFF
Soffic.03G0010640-3A	C2C2-Dof	TFF
Soffic.04G0009100-4C	MYB-related	TFF
Soffic.02H0035650-2H	FAR1	TFF
Soffic.07G0020140-7E	C2H2	TFF
Soffic.02E0033070-2E	Tify	TFF
Soffic.01G0042700-1A	FAR1	TFF
Soffic.03G0033770-3F	C2H2	TFF
Soffic.08G0011990-8G	Orphans	Orphans
Soffic.10G0001910-10G	Orphans	Orphans
Soffic.03G0039910-3H	PHD	OTR
Soffic.09G0003300-9B	MYB	TFF
Soffic.06G0011450-6F	Orphans	Orphans
Soffic.03G0015950-3G	Jumonji	OTR
Soffic.08G0009040-8C	FAR1	TFF
Soffic.05G0006040-5B	FHA	TFF
Soffic.09G0024030-9F	SET	OTR
Soffic.10G0015520-10E	C2C2-GATA	TFF
Soffic.04G0003560-4H	MED26	OTR
Soffic.04G0029670-4G	MADS	TFF
Soffic.09G0000400-9E	zf-BED	TFF
Soffic.05G0005540-5C	TUB	TFF
Soffic.06F0012020-6F	Orphans	Orphans
Soffic.02G0007850-2E	Orphans	Orphans
Soffic.04G0017640-4B	C2H2	TFF
Soffic.03G0002830-3E	C2H2	TFF
Soffic.01G0025270-1C	Orphans	Orphans
Soffic.01G0011050-1B	Orphans	Orphans
Soffic.08D0010680-8D	PHD	OTR
Soffic.01F0008650-1F	GNAT	OTR
Soffic.04G0033880-4D	Orphans	Orphans
Soffic.09G0001790-9A	MYB-related	TFF
Soffic.09E0006400-9E	OFP	TFF
Soffic.07E0007810-7E	Orphans	Orphans
Soffic.07G0012980-7C	FAR1	TFF
Soffic.08G0011590-8G	MYB	TFF
Soffic.02F0024410-2F	Orphans	Orphans
Soffic.06G0010940-6E	WRKY	TFF
Soffic.04D0019020-4D	GNAT	OTR
Soffic.06G0020990-6E	NAC	TFF
Soffic.01C0042220-1C	C2C2-Dof	TFF
Soffic.04G0025530-4D	CCAAT	TFF
Soffic.01H0003400-1H	C2C2-Dof	TFF
Soffic.01G0013160-1D	MYB-related	TFF
Soffic.06G0019740-6A	NAC	TFF
Soffic.02C0019930-2C	C2H2	TFF
Soffic.10G0025830-10E	C2H2	TFF
Soffic.03G0015870-3G	MYB	TFF
Soffic.08G0006540-8H	NAC	TFF
Soffic.04B0025940-4B	C2C2-CO-like	TFF
Soffic.09G0005820-9D	Orphans	Orphans
Soffic.06G0024840-6E	FAR1	TFF
Soffic.08D0005230-8D	C2H2	TFF
Soffic.06G0018760-6D	Orphans	Orphans
Soffic.09G0020380-9F	AP2-EREBP	TFF
Soffic.03G0017140-3B	ABI3VP1	TFF
Soffic.06G0015900-6E	SET	OTR
Soffic.03G0035510-3B	TIG	TFF
Soffic.05G0003070-5C	AP2-EREBP	TFF
Soffic.01G0033800-1B	MYB-related	TFF
Soffic.06G0011060-6D	Orphans	Orphans
Soffic.01G0031010-1G	MYB	TFF
Soffic.09G0013030-9B	mTERF	OTR
Soffic.02G0029460-2F	bHLH	TFF
Soffic.06G0013610-6F	FAR1	TFF
Soffic.04G0032200-4C	MYB-related	TFF
Soffic.06G0015090-6H	bHLH	TFF
Soffic.05G0012000-5B	FAR1	TFF
Soffic.08G0010000-8A	Orphans	Orphans
Soffic.02G0016840-2A	SET	OTR
Soffic.10C0016510-10C	MBF1	OTR
Soffic.07G0022680-7D	PHD	OTR
Soffic.02F0033670-2F	AP2-EREBP	TFF
Soffic.03D0004040-3D	BES1	TFF
Soffic.08G0007960-8B	TRAF	OTR
Soffic.02F0011110-2F	AP2-EREBP	TFF
Soffic.01G0038640-1A	C3H	TFF
Soffic.01H0029680-1H	OFP	TFF
Soffic.04G0010140-4A	Orphans	Orphans
Soffic.02G0017810-2C	MYB	TFF
Soffic.09G0018450-9D	ARF	TFF
Soffic.02E0017110-2E	CCAAT	TFF
Soffic.03G0022300-3G	Orphans	Orphans
Soffic.06G0020720-6D	AP2-EREBP	TFF
Soffic.02H0000390-2H	bHLH	TFF
Soffic.01G0026700-1G	MADS	TFF
Soffic.01G0041560-1G	Top	TFF
Soffic.05G0009060-5C	PHD	OTR
Soffic.10F0010680-10F	TRAF	OTR
Soffic.06G0016850-6G	bHLH	TFF
Soffic.07G0013360-7A	zf-HD	TFF
Soffic.01G0044940-1D	MYB-related	TFF
Soffic.09G0017250-9D	BSD	TFF
Soffic.07H0012170-7H	FAR1	TFF
Soffic.06G0010530-6E	GNAT	OTR
Soffic.01C0042630-1C	LIM	TFF
Soffic.07G0020130-7E	bHLH	TFF
Soffic.03E0017410-3E	AP2-EREBP	TFF
Soffic.10G0009520-10F	bZIP	TFF
Soffic.03G0036540-3A	SBP	TFF
Soffic.01G0046450-1G	MADS	TFF
Soffic.04G0005570-4B	C2C2-CO-like	TFF
Soffic.07G0015160-7B	SET	OTR
Soffic.10G0021880-10A	TAZ	TFF
Soffic.01E0038800-1E	HSF	TFF
Soffic.02G0033280-2E	C2H2	TFF
Soffic.01H0008080-1H	Orphans	Orphans
Soffic.07G0006130-7A	PHD	OTR
Soffic.10G0004320-10H	Top	TFF
Soffic.08H0013500-8H	AP2-EREBP	TFF
Soffic.03F0015390-3F	bZIP	TFF
Soffic.01G0007830-1C	GeBP	TFF
Soffic.08G0003100-8B	MED26	OTR
Soffic.04D0028500-4D	Orphans	Orphans
Soffic.08G0010260-8C	PHD	OTR
Soffic.08G0006680-8H	NAC	TFF
Soffic.04G0011030-4B	Orphans	Orphans
Soffic.10G0011240-10A	mTERF	OTR
Soffic.01G0005310-1G	FHA	TFF
Soffic.08G0006530-8H	Orphans	Orphans
Soffic.03G0009400-3E	C3H	TFF
Soffic.08D0005240-8D	C2H2	TFF
Soffic.08H0012220-8H	Orphans	Orphans
Soffic.07G0002970-7B	MYB-related	TFF
Soffic.02G0011870-2H	bZIP	TFF
Soffic.10G0017380-10A	Top	TFF
Soffic.02G0037590-2H	NAC	TFF
Soffic.06G0018850-6C	ABI3VP1	TFF
Soffic.04G0001770-4G	C2C2-GATA	TFF
Soffic.01G0003900-1F	TAZ	TFF
Soffic.06G0003060-6D	MYB	TFF
Soffic.02G0002660-2F	MYB	TFF
Soffic.01G0024410-1D	Orphans	Orphans
Soffic.05G0016300-5B	MYB	TFF
Soffic.01G0003500-1F	mTERF	OTR
Soffic.02H0007350-2H	FAR1	TFF
Soffic.02G0015340-2G	GNAT	OTR
Soffic.01H0008320-1H	AUX/IAA	OTR
Soffic.02G0009430-2A	NAC	TFF
Soffic.04E0019690-4E	zf-BED	TFF
Soffic.07G0003310-7A	ABI3VP1	TFF
Soffic.01G0033120-1G	CCAAT	TFF
Soffic.06G0017060-6F	AP2-EREBP	TFF
Soffic.01G0039120-1F	bZIP	TFF
Soffic.01G0027130-1A	TIG	TFF
Soffic.01G0013240-1F	MYB-related	TFF
Soffic.09C0024370-9C	Sigma70-like	TFF
Soffic.03G0023020-3G	MYB	TFF
Soffic.02G0015430-2C	GRAS	TFF
Soffic.01H0040150-1H	AP2-EREBP	TFF
Soffic.04G0003710-4F	ARF	TFF
Soffic.07G0010100-7A	MBF1	OTR
Soffic.02D0018010-2D	MYB	TFF
Soffic.02G0007230-2G	Orphans	Orphans
Soffic.07E0012780-7E	zf-A20	TFF
Soffic.04D0029460-4D	GeBP	TFF
Soffic.04G0018000-4E	Orphans	Orphans
Soffic.06E0014630-6E	TCP	TFF
Soffic.09G0017730-9G	AP2-EREBP	TFF
Soffic.05G0022290-5C	C2H2	TFF
Soffic.02E0023050-2E	SRS	TFF
Soffic.03G0005380-3H	MADS	TFF
Soffic.06G0011280-6E	FAR1	TFF
Soffic.04G0003060-4A	SBP	TFF
Soffic.01D0009800-1D	MADS	TFF
Soffic.01G0046220-1D	TIG	TFF
Soffic.10F0006900-10F	AP2-EREBP	TFF
Soffic.04F0026510-4F	bHLH	TFF
Soffic.05G0013970-5B	BSD	TFF
Soffic.02G0025140-2C	SRS	TFF
Soffic.04G0025850-4F	CCAAT	TFF
Soffic.01E0009110-1E	WRKY	TFF
Soffic.10G0005920-10A	ARF	TFF
Soffic.02G0034400-2C	CCAAT	TFF
Soffic.01G0000040-1D	Orphans	Orphans
Soffic.01G0015330-1D	bHLH	TFF
Soffic.04G0012140-4A	Orphans	Orphans
Soffic.07G0011000-7B	SET	OTR
Soffic.05G0003590-5D	OFP	TFF
Soffic.03H0019960-3H	OFP	TFF
Soffic.06D0018130-6D	AP2-EREBP	TFF
Soffic.10G0002220-10E	HSF	TFF
Soffic.09G0021990-9C	WRKY	TFF
Soffic.03G0030170-3B	GRAS	TFF
Soffic.07G0007920-7B	MYB	TFF
Soffic.02G0038980-2B	WRKY	TFF
Soffic.09G0003010-9A	MYB	TFF
Soffic.01H0008850-1H	GRF	TFF
Soffic.03G0037940-3H	FAR1	TFF
Soffic.01G0023190-1G	NAC	TFF
Soffic.07G0014310-7A	ARID	OTR
Soffic.03G0015390-3G	Orphans	Orphans
Soffic.06G0021090-6G	NAC	TFF
Soffic.01E0042180-1E	bZIP	TFF
Soffic.03F0033250-3F	bZIP	TFF
Soffic.04E0005400-4E	TUB	TFF
Soffic.03H0009910-3H	Top	TFF
Soffic.01G0022220-1B	TRAF	OTR
Soffic.08G0011350-8G	TRAF	OTR
Soffic.03G0000740-3D	OFP	TFF
Soffic.06G0015990-6A	AP2-EREBP	TFF
Soffic.02G0016000-2G	Orphans	Orphans
Soffic.05G0006700-5E	MYB-related	TFF
Soffic.02B0004140-2B	Orphans	Orphans
Soffic.08G0010090-8E	MADS	TFF
Soffic.09G0021640-9D	Orphans	Orphans
Soffic.04G0025400-4A	C2C2-Dof	TFF
Soffic.03C0037810-3C	NAC	TFF
Soffic.01G0017100-1E	CCAAT	TFF
Soffic.02D0001760-2D	MYB	TFF
Soffic.06G0022990-6E	TRAF	OTR
Soffic.06G0021150-6F	AP2-EREBP	TFF
Soffic.01G0012690-1B	HSF	TFF
Soffic.01G0037300-1F	LIM	TFF
Soffic.01G0039640-1G	Orphans	Orphans
Soffic.04C0023370-4C	MYB	TFF
Soffic.03G0026310-3D	Orphans	Orphans
Soffic.03C0019990-3C	WRKY	TFF
Soffic.03G0035050-3E	PHD	OTR
Soffic.10B0000210-10B	Orphans	Orphans
Soffic.01G0005860-1A	MYB	TFF
Soffic.08G0015740-8G	TCP	TFF
Soffic.02G0031360-2E	Orphans	Orphans
Soffic.01G0042000-1G	AP2-EREBP	TFF
Soffic.04G0028740-4G	NAC	TFF
Soffic.02G0006600-2D	FAR1	TFF
Soffic.01G0005920-1G	GNAT	OTR
Soffic.02G0017240-2F	MYB	TFF
Soffic.03D0028580-3D	AP2-EREBP	TFF
Soffic.01G0041500-1E	MYB-related	TFF
Soffic.08G0008960-8F	SWI/SNF-BAF60b	OTR
Soffic.03G0002560-3H	PAS	TFF
Soffic.01G0026250-1E	Orphans	Orphans
Soffic.07G0006500-7A	TRAF	OTR
Soffic.04F0011760-4F	WRKY	TFF
Soffic.03G0017190-3G	zf-BED	TFF
Soffic.06G0003250-6B	bHLH	TFF
Soffic.04D0005340-4D	MYB-related	TFF
Soffic.01G0015600-1G	zf-BED	TFF
Soffic.06E0007450-6E	Orphans	Orphans
Soffic.09G0005670-9H	Alfin-like	TFF
Soffic.03G0021750-3G	MYB	TFF
Soffic.03H0007100-3H	MYB-related	TFF
Soffic.01G0027650-1G	Orphans	Orphans
Soffic.02D0032150-2D	GRAS	TFF
Soffic.02G0001190-2A	MYB	TFF
Soffic.01G0051790-1E	RWP-RK	TFF
Soffic.09G0013830-9E	MYB-related	TFF
Soffic.02G0028620-2G	CCAAT	TFF
Soffic.08E0008940-8E	Jumonji	OTR
Soffic.07D0013320-7D	NAC	TFF
Soffic.02G0018290-2G	CCAAT	TFF
Soffic.09G0007010-9B	Orphans	Orphans
Soffic.02G0019200-2E	zf-HD	TFF
Soffic.03G0005730-3E	MED26	OTR
Soffic.08H0006180-8H	FAR1	TFF
Soffic.09H0011000-9H	GRAS	TFF
Soffic.04G0009540-4C	Orphans	Orphans
Soffic.06G0024040-6B	SBP	TFF
Soffic.02G0026390-2F	AP2-EREBP	TFF
Soffic.03G0028190-3F	Orphans	Orphans
Soffic.01G0015300-1E	FAR1	TFF
Soffic.05G0014940-5A	GRF	TFF
Soffic.04G0028320-4C	NAC	TFF
Soffic.01G0011570-1E	C2C2-GATA	TFF
Soffic.04G0005200-4A	MYB-related	TFF
Soffic.01G0018650-1F	Orphans	Orphans
Soffic.03G0024240-3D	ABI3VP1	TFF
Soffic.05G0021350-5A	MYB	TFF
Soffic.10G0010120-10E	MYB	TFF
Soffic.04F0026850-4F	mTERF	OTR
Soffic.03G0031930-3C	OFP	TFF
Soffic.06G0000270-6F	GNAT	OTR
Soffic.05G0005580-5A	NAC	TFF
Soffic.04C0028550-4C	SWI/SNF-SWI3	OTR
Soffic.06G0010440-6A	MADS	TFF
Soffic.07G0006180-7C	Tify	TFF
Soffic.04G0020260-4F	MYB	TFF
Soffic.06G0002840-6C	FAR1	TFF
Soffic.01G0025700-1F	GRAS	TFF
Soffic.10G0004890-10F	AP2-EREBP	TFF
Soffic.02G0034990-2C	Tify	TFF
Soffic.04G0000240-4A	MYB	TFF
Soffic.01G0015550-1A	TFIID	TFF
Soffic.08G0003930-8B	MYB	TFF
Soffic.01G0010710-1A	WRKY	TFF
Soffic.01G0051920-1D	MYB-related	TFF
Soffic.10G0015620-10F	Orphans	Orphans
Soffic.01F0034580-1F	MADS	TFF
Soffic.06G0015140-6E	MYB	TFF
Soffic.01G0055440-1A	Not1	TFF
Soffic.04G0028080-4C	mTERF	OTR
Soffic.05G0003560-5B	GRAS	TFF
Soffic.10F0006490-10F	MED6	OTR
Soffic.01G0003750-1D	mTERF	OTR
Soffic.03C0022890-3C	bHLH	TFF
Soffic.07G0007260-7C	Orphans	Orphans
Soffic.03H0038830-3H	SRS	TFF
Soffic.09G0007390-9E	OFP	TFF
Soffic.02G0026240-2C	Orphans	Orphans
Soffic.02G0016290-2C	mTERF	OTR
Soffic.10G0005500-10F	MYB	TFF
Soffic.06G0002160-6F	ARID	OTR
Soffic.09G0003070-9A	Orphans	Orphans
Soffic.10G0018650-10E	zf-BED	TFF
Soffic.04E0027040-4E	bHLH	TFF
Soffic.09G0021610-9F	ARF	TFF
Soffic.03G0032460-3F	HB	TFF
Soffic.06E0004120-6E	SET	OTR
Soffic.03G0004410-3F	MYB	TFF
Soffic.03G0018240-3G	MYB-related	TFF
Soffic.02G0009140-2D	CCAAT	TFF
Soffic.04G0018060-4G	Jumonji	OTR
Soffic.01G0035200-1G	FAR1	TFF
Soffic.03E0027750-3E	NAC	TFF
Soffic.08H0010010-8H	SWI/SNF-BAF60b	OTR
Soffic.07D0015040-7D	bZIP	TFF
Soffic.08G0002150-8E	SET	OTR
Soffic.02G0031980-2D	GNAT	OTR
Soffic.03G0018320-3E	Top	TFF
Soffic.09G0005030-9H	Top	TFF
Soffic.05G0003940-5A	OFP	TFF
Soffic.04G0030250-4G	GeBP	TFF
Soffic.03G0016390-3F	zf-BED	TFF
Soffic.07G0002300-7H	TRAF	OTR
Soffic.06G0009690-6A	Orphans	Orphans
Soffic.06G0013360-6E	FAR1	TFF
Soffic.07G0012400-7D	AP2-EREBP	TFF
Soffic.06G0015080-6F	C2C2-GATA	TFF
Soffic.03G0025480-3A	OFP	TFF
Soffic.01G0046690-1A	OFP	TFF
Soffic.06G0004580-6D	Orphans	Orphans
Soffic.01G0009490-1G	GRAS	TFF
Soffic.08G0000770-8E	Orphans	Orphans
Soffic.03G0037970-3C	TRAF	OTR
Soffic.07G0004870-7G	AP2-EREBP	TFF
Soffic.09H0015160-9H	NAC	TFF
Soffic.02G0017140-2G	Tify	TFF
Soffic.02G0027190-2G	C2C2-Dof	TFF
Soffic.02G0026210-2H	GRAS	TFF
Soffic.03G0021380-3F	FAR1	TFF
Soffic.06G0014760-6B	MYB	TFF
Soffic.04G0019960-4H	Orphans	Orphans
Soffic.03G0026920-3D	zf-BED	TFF
Soffic.03G0032050-3D	Orphans	Orphans
Soffic.05G0014560-5B	ARF	TFF
Soffic.07G0018860-7A	Orphans	Orphans
Soffic.01C0009970-1C	MADS	TFF
Soffic.02G0027500-2B	mTERF	OTR
Soffic.01H0021940-1H	Orphans	Orphans
Soffic.02E0003490-2E	HB	TFF
Soffic.05G0019350-5D	NAC	TFF
Soffic.06C0007340-6C	SWI/SNF-BAF60b	OTR
Soffic.03G0017720-3G	OFP	TFF
Soffic.10G0019240-10A	TRAF	OTR
Soffic.10G0002790-10A	MYB	TFF
Soffic.05G0004780-5D	NAC	TFF
Soffic.03G0040110-3C	C2C2-GATA	TFF
Soffic.03G0016240-3C	bZIP	TFF
Soffic.07G0003800-7E	Sigma70-like	TFF
Soffic.02G0016060-2E	Tify	TFF
Soffic.08G0004010-8H	E2F-DP	TFF
Soffic.04G0020380-4G	FAR1	TFF
Soffic.07G0002910-7B	Orphans	Orphans
Soffic.02C0001200-2C	CCAAT	TFF
Soffic.05G0007660-5C	ABI3VP1	TFF
Soffic.09G0003580-9A	MYB	TFF
Soffic.09G0021690-9A	TUB	TFF
Soffic.06G0020600-6C	bZIP	TFF
Soffic.10G0011140-10E	CCAAT	TFF
Soffic.09D0006330-9D	WRKY	TFF
Soffic.03G0006900-3C	MYB	TFF
Soffic.10G0023840-10F	C2H2	TFF
Soffic.06G0000410-6B	C3H	TFF
Soffic.02G0021650-2F	zf-A20	TFF
Soffic.10G0022620-10B	GRAS	TFF
Soffic.07D0010000-7D	bZIP	TFF
Soffic.03G0034940-3C	GRAS	TFF
Soffic.03G0005000-3B	AP2-EREBP	TFF
Soffic.03G0009430-3C	ARF	TFF
Soffic.03H0022170-3H	CCAAT	TFF
Soffic.08G0015970-8D	GRAS	TFF
Soffic.10G0012410-10G	C3H	TFF
Soffic.08G0013580-8F	ABI3VP1	TFF
Soffic.07G0006330-7G	WRKY	TFF
Soffic.01G0006130-1B	TRAF	OTR
Soffic.01G0022530-1G	FAR1	TFF
Soffic.06G0016040-6B	C2H2	TFF
Soffic.09G0007770-9C	TUB	TFF
Soffic.06G0015940-6C	Orphans	Orphans
Soffic.05G0012210-5F	C3H	TFF
Soffic.04G0003570-4G	PHD	OTR
Soffic.02G0041070-2B	AP2-EREBP	TFF
Soffic.05B0004790-5B	MADS	TFF
Soffic.04G0032240-4E	TCP	TFF
Soffic.01G0008870-1B	Orphans	Orphans
Soffic.02G0036690-2D	Orphans	Orphans
Soffic.01G0039930-1B	GRAS	TFF
Soffic.02G0015400-2E	zf-BED	TFF
Soffic.01F0005290-1F	Rcd1-like	OTR
Soffic.10G0023670-10G	TAZ	TFF
Soffic.07G0010010-7D	Orphans	Orphans
Soffic.01G0003840-1G	Orphans	Orphans
Soffic.10G0001760-10G	HSF	TFF
Soffic.01G0003900-1H	DDT	OTR
Soffic.07G0007230-7G	CCAAT	TFF
Soffic.08G0010880-8B	C2C2-Dof	TFF
Soffic.03G0011890-3D	MADS	TFF
Soffic.04G0022860-4F	AP2-EREBP	TFF
Soffic.01E0011870-1E	C2C2-GATA	TFF
Soffic.07G0008440-7G	Orphans	Orphans
Soffic.01G0024360-1F	NAC	TFF
Soffic.08G0005100-8G	TCP	TFF
Soffic.09G0015890-9E	GRAS	TFF
Soffic.01G0021920-1G	GRAS	TFF
Soffic.04G0009850-4F	HMG	OTR
Soffic.06G0010500-6C	zf-BED	TFF
Soffic.06B0024200-6B	Orphans	Orphans
Soffic.01G0038560-1G	MYB-related	TFF
Soffic.02G0014830-2D	MYB-related	TFF
Soffic.01G0036870-1E	GRAS	TFF
Soffic.03G0003290-3C	MYB	TFF
Soffic.08G0008090-8G	C3H	TFF
Soffic.02G0023470-2H	bHLH	TFF
Soffic.07G0012400-7C	MYB	TFF
Soffic.02G0025650-2B	Orphans	Orphans
Soffic.01H0011220-1H	Orphans	Orphans
Soffic.09G0000440-9C	Orphans	Orphans
Soffic.01F0010990-1F	AUX/IAA	OTR
Soffic.09G0014500-9E	Orphans	Orphans
Soffic.02G0022140-2E	bZIP	TFF
Soffic.01G0000410-1E	Orphans	Orphans
Soffic.04D0026160-4D	ARID	OTR
Soffic.01G0021520-1G	MYB-related	TFF
Soffic.10G0011040-10D	zf-C5HC2	TFF
Soffic.05G0004040-5G	OFP	TFF
Soffic.07G0000370-7E	MYB	TFF
Soffic.03G0016170-3G	MADS	TFF
Soffic.06G0007010-6H	SET	OTR
Soffic.01G0022020-1E	Top	TFF
Soffic.01G0038960-1G	Orphans	Orphans
Soffic.09G0006450-9F	ABI3VP1	TFF
Soffic.01G0032260-1C	HB	TFF
Soffic.01G0035530-1H	MYB-related	TFF
Soffic.07G0004160-7G	MYB-related	TFF
Soffic.07G0020070-7A	C2H2	TFF
Soffic.08B0010110-8B	TRAF	OTR
Soffic.08G0002870-8C	Orphans	Orphans
Soffic.01G0036150-1D	Orphans	Orphans
Soffic.04G0025640-4A	MADS	TFF
Soffic.04G0015690-4A	zf-A20	TFF
Soffic.02G0028170-2C	Orphans	Orphans
Soffic.01G0033640-1H	zf-BED	TFF
Soffic.07H0002550-7H	FAR1	TFF
Soffic.06G0001990-6D	Orphans	Orphans
Soffic.05G0015970-5G	Orphans	Orphans
Soffic.10G0010160-10D	AP2-EREBP	TFF
Soffic.01G0040170-1B	Orphans	Orphans
Soffic.10H0023170-10H	Orphans	Orphans
Soffic.01G0028550-1F	zf-BED	TFF
Soffic.01G0034660-1C	Tify	TFF
Soffic.03G0040910-3E	AP2-EREBP	TFF
Soffic.05C0020400-5C	Orphans	Orphans
Soffic.07G0021230-7A	bZIP	TFF
Soffic.03C0023800-3C	MYB	TFF
Soffic.03G0014520-3D	MYB	TFF
Soffic.10G0005190-10E	MYB-related	TFF
Soffic.08H0015430-8H	zf-LSD1	TFF
Soffic.01G0005290-1G	FHA	TFF
Soffic.07G0016460-7H	TRAF	OTR
Soffic.06G0015300-6B	Trihelix	TFF
Soffic.05G0006420-5C	zf-BED	TFF
Soffic.07F0013160-7F	MYB-related	TFF
Soffic.01G0009950-1D	MYB-related	TFF
Soffic.08G0016820-8B	bZIP	TFF
Soffic.04G0022690-4E	AP2-EREBP	TFF
Soffic.02G0020960-2G	WRKY	TFF
Soffic.10G0007860-10A	bHLH	TFF
Soffic.02G0022690-2C	EIL	TFF
Soffic.05F0015080-5F	CCAAT	TFF
Soffic.01G0017550-1G	Orphans	Orphans
Soffic.06G0008680-6G	ARF	TFF
Soffic.09G0006790-9D	bHLH	TFF
Soffic.01G0036200-1H	PHD	OTR
Soffic.02G0032860-2G	SAP	TFF
Soffic.01C0047810-1C	GRAS	TFF
Soffic.09G0013320-9G	MYB	TFF
Soffic.03G0027600-3B	AP2-EREBP	TFF
Soffic.09G0003090-9H	Orphans	Orphans
Soffic.05G0012050-5A	Orphans	Orphans
Soffic.02G0017830-2F	WRKY	TFF
Soffic.05G0008090-5D	AUX/IAA	OTR
Soffic.03G0023340-3B	FAR1	TFF
Soffic.03G0034400-3A	AP2-EREBP	TFF
Soffic.02G0006600-2C	SAP	TFF
Soffic.02B0012820-2B	C2H2	TFF
Soffic.07G0018230-7B	Orphans	Orphans
Soffic.04F0014320-4F	AP2-EREBP	TFF
Soffic.04G0011730-4C	GeBP	TFF
Soffic.07G0004020-7G	MYB-related	TFF
Soffic.06G0006930-6C	Orphans	Orphans
Soffic.04G0035110-4G	Jumonji	OTR
Soffic.09G0002810-9B	MYB	TFF
Soffic.09H0015950-9H	TUB	TFF
Soffic.01G0032090-1E	WRKY	TFF
Soffic.01G0052680-1C	NAC	TFF
Soffic.09G0021030-9H	WRKY	TFF
Soffic.01E0027920-1E	Tify	TFF
Soffic.01G0045050-1E	PHD	OTR
Soffic.04H0027620-4H	AP2-EREBP	TFF
Soffic.04G0018590-4F	TAZ	TFF
Soffic.03G0032920-3D	MYB-related	TFF
Soffic.08G0015540-8F	SET	OTR
Soffic.01G0032900-1H	Orphans	Orphans
Soffic.04G0020600-4A	SET	OTR
Soffic.01D0017320-1D	ABI3VP1	TFF
Soffic.01G0007920-1A	FAR1	TFF
Soffic.09G0024680-9A	zf-C5HC2	TFF
Soffic.01G0047800-1G	SWI/SNF-BAF60b	OTR
Soffic.01G0037910-1B	Orphans	Orphans
Soffic.08G0002960-8E	SET	OTR
Soffic.07G0018170-7A	MADS	TFF
Soffic.01F0026230-1F	Orphans	Orphans
Soffic.05G0019710-5B	PAS	TFF
Soffic.10G0006560-10D	MYB-related	TFF
Soffic.09G0011080-9F	Orphans	Orphans
Soffic.10H0014650-10H	Orphans	Orphans
Soffic.02G0008810-2A	BBR/BPC	TFF
Soffic.04G0010390-4B	NAC	TFF
Soffic.10G0005290-10A	zf-BED	TFF
Soffic.01F0003700-1F	AP2-EREBP	TFF
Soffic.03G0006260-3F	MYB	TFF
Soffic.03G0028840-3B	AP2-EREBP	TFF
Soffic.01D0029820-1D	MYB-related	TFF
Soffic.01G0017340-1B	FAR1	TFF
Soffic.07G0018050-7G	TRAF	OTR
Soffic.01G0013600-1B	MYB-related	TFF
Soffic.04G0018220-4H	bHLH	TFF
Soffic.10H0020670-10H	Orphans	Orphans
Soffic.03G0015170-3F	zf-BED	TFF
Soffic.02C0004740-2C	C2C2-YABBY	TFF
Soffic.04G0023440-4E	zf-HD	TFF
Soffic.06G0021230-6E	FAR1	TFF
Soffic.03G0032000-3G	zf-HD	TFF
Soffic.02G0023330-2G	bHLH	TFF
Soffic.01G0021190-1H	OFP	TFF
Soffic.10H0018490-10H	PLATZ	TFF
Soffic.03G0025720-3D	HB	TFF
Soffic.07G0004460-7B	CCAAT	TFF
Soffic.05G0013300-5F	Orphans	Orphans
Soffic.01G0006460-1D	GRF	TFF
Soffic.10G0022060-10F	TAZ	TFF
Soffic.03G0025000-3H	AUX/IAA	OTR
Soffic.04G0017740-4H	C3H	TFF
Soffic.08G0012860-8C	mTERF	OTR
Soffic.06G0024570-6G	C3H	TFF
Soffic.05G0012830-5C	Orphans	Orphans
Soffic.05G0016690-5C	Orphans	Orphans
Soffic.06E0008910-6E	AP2-EREBP	TFF
Soffic.06G0025690-6A	TUB	TFF
Soffic.05G0010810-5H	Orphans	Orphans
Soffic.04G0005730-4A	TUB	TFF
Soffic.04G0002890-4D	TAZ	TFF
Soffic.05G0005960-5G	GRAS	TFF
Soffic.01E0044420-1E	Sigma70-like	TFF
Soffic.03G0002960-3F	C2H2	TFF
Soffic.02G0019730-2E	C2C2-Dof	TFF
Soffic.03G0034910-3F	C2H2	TFF
Soffic.07G0006390-7B	TRAF	OTR
Soffic.06G0016740-6D	bHLH	TFF
Soffic.02G0015190-2D	bHLH	TFF
Soffic.07G0010040-7F	Orphans	Orphans
Soffic.10D0013880-10D	AUX/IAA	OTR
Soffic.02G0003800-2E	Orphans	Orphans
Soffic.02G0039070-2C	NAC	TFF
Soffic.01G0047320-1C	AP2-EREBP	TFF
Soffic.07G0005280-7D	Orphans	Orphans
Soffic.03G0023130-3C	Orphans	Orphans
Soffic.10G0023920-10E	MYB-related	TFF
Soffic.01G0046640-1C	Orphans	Orphans
Soffic.05G0000210-5G	C2C2-Dof	TFF
Soffic.09G0006250-9B	AUX/IAA	OTR
Soffic.09G0005670-9F	Top	TFF
Soffic.02H0008420-2H	AP2-EREBP	TFF
Soffic.02G0018860-2A	zf-HD	TFF
Soffic.03G0001340-3G	Orphans	Orphans
Soffic.10G0005050-10A	AP2-EREBP	TFF
Soffic.04C0006920-4C	bZIP	TFF
Soffic.05F0020470-5F	MYB	TFF
Soffic.02G0005330-2H	FAR1	TFF
Soffic.01G0039460-1E	Orphans	Orphans
Soffic.03G0032830-3A	C2C2-Dof	TFF
Soffic.02G0013600-2A	zf-BED	TFF
Soffic.03G0036690-3A	Top	TFF
Soffic.08G0010260-8D	WRKY	TFF
Soffic.09G0013910-9G	Orphans	Orphans
Soffic.02G0020500-2E	zf-A20	TFF
Soffic.02F0004870-2F	FAR1	TFF
Soffic.04E0010310-4E	MYB	TFF
Soffic.01G0025960-1E	OFP	TFF
Soffic.03G0028720-3H	bHLH	TFF
Soffic.02G0021650-2H	bZIP	TFF
Soffic.10H0002710-10H	MYB-related	TFF
Soffic.04G0000290-4C	zf-BED	TFF
Soffic.10G0020170-10G	MADS	TFF
Soffic.02G0034940-2A	MYB	TFF
Soffic.03G0013980-3E	MYB	TFF
Soffic.01G0025550-1C	NAC	TFF
Soffic.04G0016310-4E	Orphans	Orphans
Soffic.03E0033540-3E	C2H2	TFF
Soffic.07G0010350-7C	CCAAT	TFF
Soffic.01G0010680-1B	GNAT	OTR
Soffic.04G0027930-4B	MYB	TFF
Soffic.02G0008180-2G	TRAF	OTR
Soffic.07G0010180-7E	PAS	TFF
Soffic.02G0023360-2D	bZIP	TFF
Soffic.02F0001390-2F	MADS	TFF
Soffic.10H0003650-10H	MADS	TFF
Soffic.09G0022870-9F	CCAAT	TFF
Soffic.10G0022680-10A	MADS	TFF
Soffic.08G0014120-8F	Orphans	Orphans
Soffic.01G0019830-1G	bHLH	TFF
Soffic.07G0015480-7A	AP2-EREBP	TFF
Soffic.09G0019510-9F	Orphans	Orphans
Soffic.07D0019710-7D	Orphans	Orphans
Soffic.03G0017880-3H	OFP	TFF
Soffic.01G0052580-1A	bHLH	TFF
Soffic.10G0019770-10H	zf-C5HC2	TFF
Soffic.06G0013530-6A	C1-4-t1	TFF
Soffic.01D0029350-1D	MED26	OTR
Soffic.01G0048450-1D	GNAT	OTR
Soffic.07G0006600-7D	Yl1	TFF
Soffic.01G0010930-1B	PAS	TFF
Soffic.10H0016950-10H	Orphans	Orphans
Soffic.08G0013250-8A	Orphans	Orphans
Soffic.04D0029340-4D	MADS	TFF
Soffic.04G0009990-4A	HMG	OTR
Soffic.03G0016470-3B	Orphans	Orphans
Soffic.02G0019550-2F	HSF	TFF
Soffic.08H0009480-8H	MYB	TFF
Soffic.08G0013760-8A	GRAS	TFF
Soffic.06G0018970-6D	TRAF	OTR
Soffic.02E0013830-2E	WRKY	TFF
Soffic.04G0006350-4C	AP2-EREBP	TFF
Soffic.01G0034960-1A	zf-LSD1	TFF
Soffic.07G0000310-7E	AUX/IAA	OTR
Soffic.09G0019590-9A	Orphans	Orphans
Soffic.03H0032710-3H	C2H2	TFF
Soffic.02H0023250-2H	bZIP	TFF
Soffic.10G0015120-10B	HB	TFF
Soffic.03G0029840-3D	AP2-EREBP	TFF
Soffic.02B0017810-2B	WRKY	TFF
Soffic.07G0018720-7F	ARF	TFF
Soffic.02G0022990-2A	SBP	TFF
Soffic.02G0006360-2C	bZIP	TFF
Soffic.07G0003410-7B	GNAT	OTR
Soffic.03H0017800-3H	ABI3VP1	TFF
Soffic.04G0013560-4G	zf-A20	TFF
Soffic.08G0015780-8B	NAC	TFF
Soffic.03G0028000-3D	Orphans	Orphans
Soffic.03G0004410-3H	zf-fF-X1	TFF
Soffic.04G0029200-4A	MYB	TFF
Soffic.03G0036610-3F	AP2-EREBP	TFF
Soffic.05G0017670-5D	E2F-DP	TFF
Soffic.02G0018610-2E	bZIP	TFF
Soffic.01G0042050-1D	zf-BED	TFF
Soffic.07E0007210-7E	Tify	TFF
Soffic.08H0011840-8H	bZIP	TFF
Soffic.10G0011770-10G	Orphans	Orphans
Soffic.08G0001990-8H	SET	OTR
Soffic.03G0003000-3G	WRKY	TFF
Soffic.08G0005560-8D	MYB	TFF
Soffic.01G0051240-1A	Top	TFF
Soffic.07G0008140-7B	Orphans	Orphans
