SoffiXsponR570.01Ag001600	AP2-EREBP	TFF
SoffiXsponR570.01Ag002000	Sigma70-like	TFF
SoffiXsponR570.01Ag005800	WRKY	TFF
SoffiXsponR570.01Ag006800	HSF	TFF
SoffiXsponR570.01Ag009000	CCAAT	TFF
SoffiXsponR570.01Ag016300	FAR1	TFF
SoffiXsponR570.01Ag019400	mTERF	OTR
SoffiXsponR570.01Ag019600	C2H2	TFF
SoffiXsponR570.01Ag019900	mTERF	OTR
SoffiXsponR570.01Ag020000	C2H2	TFF
SoffiXsponR570.01Ag024300	C2C2-GATA	TFF
SoffiXsponR570.01Ag026900	SBP	TFF
SoffiXsponR570.01Ag028300	GRAS	TFF
SoffiXsponR570.01Ag029400	C3H	TFF
SoffiXsponR570.01Ag032600	mTERF	OTR
SoffiXsponR570.01Ag032800	mTERF	OTR
SoffiXsponR570.01Ag032900	mTERF	OTR
SoffiXsponR570.01Ag033000	mTERF	OTR
SoffiXsponR570.01Ag033200	mTERF	OTR
SoffiXsponR570.01Ag033600	GRAS	TFF
SoffiXsponR570.01Ag034100	mTERF	OTR
SoffiXsponR570.01Ag034200	mTERF	OTR
SoffiXsponR570.01Ag034300	mTERF	OTR
SoffiXsponR570.01Ag034700	C2C2-Dof	TFF
SoffiXsponR570.01Ag035700	C2H2	TFF
SoffiXsponR570.01Ag035800	C2H2	TFF
SoffiXsponR570.01Ag036000	C2H2	TFF
SoffiXsponR570.01Ag037300	AP2-EREBP	TFF
SoffiXsponR570.01Ag037500	Alfin-like	TFF
SoffiXsponR570.01Ag040300	TFIIS	TFF
SoffiXsponR570.01Ag040400	AP2-EREBP	TFF
SoffiXsponR570.01Ag040800	NAC	TFF
SoffiXsponR570.01Ag042300	bHLH	TFF
SoffiXsponR570.01Ag044600	bZIP	TFF
SoffiXsponR570.01Ag051500	bHLH	TFF
SoffiXsponR570.01Ag051600	DDT	OTR
SoffiXsponR570.01Ag053400	FHA	TFF
SoffiXsponR570.01Ag055500	WRKY	TFF
SoffiXsponR570.01Ag055900	MYB	TFF
SoffiXsponR570.01Ag056000	AUX/IAA	OTR
SoffiXsponR570.01Ag057600	bHLH	TFF
SoffiXsponR570.01Ag058100	bZIP	TFF
SoffiXsponR570.01Ag058700	HSF	TFF
SoffiXsponR570.01Ag060400	GNAT	OTR
SoffiXsponR570.01Ag060600	GNAT	OTR
SoffiXsponR570.01Ag060700	GNAT	OTR
SoffiXsponR570.01Ag061100	GNAT	OTR
SoffiXsponR570.01Ag062900	TRAF	OTR
SoffiXsponR570.01Ag064000	C2C2-GATA	TFF
SoffiXsponR570.01Ag067600	TCP	TFF
SoffiXsponR570.01Ag067900	mTERF	OTR
SoffiXsponR570.01Ag068600	Rcd1-like	OTR
SoffiXsponR570.01Ag070100	bHLH	TFF
SoffiXsponR570.01Ag070900	GeBP	TFF
SoffiXsponR570.01Ag072400	FAR1	TFF
SoffiXsponR570.01Ag072900	NAC	TFF
SoffiXsponR570.01Ag077200	HB	TFF
SoffiXsponR570.01Ag077300	MYB	TFF
SoffiXsponR570.01Ag077700	AP2-EREBP	TFF
SoffiXsponR570.01Ag077900	bZIP	TFF
SoffiXsponR570.01Ag078500	TRAF	OTR
SoffiXsponR570.01Ag079800	MYB-related	TFF
SoffiXsponR570.01Ag080800	C2C2-Dof	TFF
SoffiXsponR570.01Ag081200	MYB-related	TFF
SoffiXsponR570.01Ag081300	SWI/SNF-BAF60b	OTR
SoffiXsponR570.01Ag081500	C2H2	TFF
SoffiXsponR570.01Ag081600	GNAT	OTR
SoffiXsponR570.01Ag083800	SWI/SNF-BAF60b	OTR
SoffiXsponR570.01Ag085500	WRKY	TFF
SoffiXsponR570.01Ag086600	WRKY	TFF
SoffiXsponR570.01Ag090000	MADS	TFF
SoffiXsponR570.01Ag090100	MADS	TFF
SoffiXsponR570.01Ag090800	PAS	TFF
SoffiXsponR570.01Ag091800	MYB-related	TFF
SoffiXsponR570.01Ag094700	PHD	OTR
SoffiXsponR570.01Ag097200	HSF	TFF
SoffiXsponR570.01Ag098700	AUX/IAA	OTR
SoffiXsponR570.01Ag099800	WRKY	TFF
SoffiXsponR570.01Ag099900	bHLH	TFF
SoffiXsponR570.01Ag104500	C2C2-GATA	TFF
SoffiXsponR570.01Ag106100	HB	TFF
SoffiXsponR570.01Ag107600	FHA	TFF
SoffiXsponR570.01Ag108400	BSD	TFF
SoffiXsponR570.01Ag108800	GRF	TFF
SoffiXsponR570.01Ag109400	bHLH	TFF
SoffiXsponR570.01Ag110500	HB	TFF
SoffiXsponR570.01Ag110700	HB	TFF
SoffiXsponR570.01Ag112200	Top	TFF
SoffiXsponR570.01Ag112400	bHLH	TFF
SoffiXsponR570.01Ag114200	GRAS	TFF
SoffiXsponR570.01Ag114600	MYB-related	TFF
SoffiXsponR570.01Ag114800	CCAAT	TFF
SoffiXsponR570.01Ag115600	MYB	TFF
SoffiXsponR570.01Ag116100	PAS	TFF
SoffiXsponR570.01Ag116400	MYB-related	TFF
SoffiXsponR570.01Ag117200	zf-HD	TFF
SoffiXsponR570.01Ag118700	PHD	OTR
SoffiXsponR570.01Ag122800	C2C2-CO-like	TFF
SoffiXsponR570.01Ag124700	GeBP	TFF
SoffiXsponR570.01Ag125800	GRAS	TFF
SoffiXsponR570.01Ag126200	TCP	TFF
SoffiXsponR570.01Ag126700	SET	OTR
SoffiXsponR570.01Ag130900	GNAT	OTR
SoffiXsponR570.01Ag131900	C3H	TFF
SoffiXsponR570.01Ag132900	CCAAT	TFF
SoffiXsponR570.01Ag136800	C3H	TFF
SoffiXsponR570.01Ag139900	C2C2-GATA	TFF
SoffiXsponR570.01Ag141600	HB	TFF
SoffiXsponR570.01Ag141700	HB	TFF
SoffiXsponR570.01Ag141900	C2C2-GATA	TFF
SoffiXsponR570.01Ag143300	bZIP	TFF
SoffiXsponR570.01Ag143800	GRF	TFF
SoffiXsponR570.01Ag144700	HB	TFF
SoffiXsponR570.01Ag145200	bHLH	TFF
SoffiXsponR570.01Ag145400	bHLH	TFF
SoffiXsponR570.01Ag145500	bHLH	TFF
SoffiXsponR570.01Ag147800	MYB-related	TFF
SoffiXsponR570.01Ag147900	MYB-related	TFF
SoffiXsponR570.01Ag154200	WRKY	TFF
SoffiXsponR570.01Ag154300	TFIID	TFF
SoffiXsponR570.01Ag155200	FAR1	TFF
SoffiXsponR570.01Ag156500	NOT2_3_5	OTR
SoffiXsponR570.01Ag159800	C2C2-YABBY	TFF
SoffiXsponR570.01Ag161400	CCAAT	TFF
SoffiXsponR570.01Ag163900	MYB-related	TFF
SoffiXsponR570.01Ag166300	zf-LSD1	TFF
SoffiXsponR570.01Ag166500	MYB	TFF
SoffiXsponR570.01Ag166600	bHLH	TFF
SoffiXsponR570.01Ag168300	CPP	TFF
SoffiXsponR570.01Ag170100	AUX/IAA	OTR
SoffiXsponR570.01Ag170200	AUX/IAA	OTR
SoffiXsponR570.01Ag170800	WRKY	TFF
SoffiXsponR570.01Ag172000	LIM	TFF
SoffiXsponR570.01Ag173100	NAC	TFF
SoffiXsponR570.01Ag173500	MYB-related	TFF
SoffiXsponR570.01Ag173700	ABI3VP1	TFF
SoffiXsponR570.01Ag173900	ABI3VP1	TFF
SoffiXsponR570.01Ag174000	ABI3VP1	TFF
SoffiXsponR570.01Ag174200	ABI3VP1	TFF
SoffiXsponR570.01Ag174300	ABI3VP1	TFF
SoffiXsponR570.01Ag174600	ABI3VP1	TFF
SoffiXsponR570.01Ag174700	ABI3VP1	TFF
SoffiXsponR570.01Ag174800	ABI3VP1	TFF
SoffiXsponR570.01Ag174900	ABI3VP1	TFF
SoffiXsponR570.01Ag175000	C2C2-Dof	TFF
SoffiXsponR570.01Ag175400	bHLH	TFF
SoffiXsponR570.01Ag175800	ABI3VP1	TFF
SoffiXsponR570.01Ag175900	ABI3VP1	TFF
SoffiXsponR570.01Ag177400	C2H2	TFF
SoffiXsponR570.01Ag178200	AP2-EREBP	TFF
SoffiXsponR570.01Ag180200	C2H2	TFF
SoffiXsponR570.01Ag182100	GRAS	TFF
SoffiXsponR570.01Ag182400	Jumonji	OTR
SoffiXsponR570.01Ag183300	FAR1	TFF
SoffiXsponR570.01Ag184200	FHA	TFF
SoffiXsponR570.01Ag184600	mTERF	OTR
SoffiXsponR570.01Ag187100	C2C2-Dof	TFF
SoffiXsponR570.01Ag187700	MADS	TFF
SoffiXsponR570.01Ag187800	MADS	TFF
SoffiXsponR570.01Ag188000	MADS	TFF
SoffiXsponR570.01Ag188400	GRAS	TFF
SoffiXsponR570.01Ag189700	MYB	TFF
SoffiXsponR570.01Ag195800	MYB-related	TFF
SoffiXsponR570.01Ag200400	Trihelix	TFF
SoffiXsponR570.01Ag200700	TFIID	TFF
SoffiXsponR570.01Ag202400	SWI/SNF-BAF60b	OTR
SoffiXsponR570.01Ag205400	C2C2-YABBY	TFF
SoffiXsponR570.01Ag206500	SET	OTR
SoffiXsponR570.01Ag210900	GNAT	OTR
SoffiXsponR570.01Ag211100	MYB	TFF
SoffiXsponR570.01Ag211700	GeBP	TFF
SoffiXsponR570.01Ag216900	FHA	TFF
SoffiXsponR570.01Ag220500	ARF	TFF
SoffiXsponR570.01Ag222000	ARF	TFF
SoffiXsponR570.01Ag223500	MYB	TFF
SoffiXsponR570.01Ag224200	bHLH	TFF
SoffiXsponR570.01Ag231100	ARR-B	TFF
SoffiXsponR570.01Ag231600	SAP	TFF
SoffiXsponR570.01Ag232600	C2C2-GATA	TFF
SoffiXsponR570.01Ag237100	AP2-EREBP	TFF
SoffiXsponR570.01Ag237900	MYB-related	TFF
SoffiXsponR570.01Ag239600	E2F-DP	TFF
SoffiXsponR570.01Ag242800	TFIID	TFF
SoffiXsponR570.01Ag243000	OFP	TFF
SoffiXsponR570.01Ag243700	TRAF	OTR
SoffiXsponR570.01Ag243800	TRAF	OTR
SoffiXsponR570.01Ag243900	TRAF	OTR
SoffiXsponR570.01Ag244800	C2H2	TFF
SoffiXsponR570.01Ag244900	HSF	TFF
SoffiXsponR570.01Ag247500	TRAF	OTR
SoffiXsponR570.01Ag247700	TRAF	OTR
SoffiXsponR570.01Ag247900	TRAF	OTR
SoffiXsponR570.01Ag249100	GNAT	OTR
SoffiXsponR570.01Ag251900	SET	OTR
SoffiXsponR570.01Ag253100	C2C2-Dof	TFF
SoffiXsponR570.01Ag258000	Tify	TFF
SoffiXsponR570.01Ag258100	Tify	TFF
SoffiXsponR570.01Ag258200	Tify	TFF
SoffiXsponR570.01Ag258300	Tify	TFF
SoffiXsponR570.01Ag258400	Tify	TFF
SoffiXsponR570.01Ag258500	Tify	TFF
SoffiXsponR570.01Ag258600	Tify	TFF
SoffiXsponR570.01Ag258700	SAP	TFF
SoffiXsponR570.01Ag262700	bHLH	TFF
SoffiXsponR570.01Ag263500	TIG	TFF
SoffiXsponR570.01Ag263900	AP2-EREBP	TFF
SoffiXsponR570.01Ag264900	GRAS	TFF
SoffiXsponR570.01Ag281200	bHLH	TFF
SoffiXsponR570.01Ag281400	bHLH	TFF
SoffiXsponR570.01Ag285100	WRKY	TFF
SoffiXsponR570.01Ag287000	zf-C5HC2	TFF
SoffiXsponR570.01Ag288300	MYB-related	TFF
SoffiXsponR570.01Ag289800	bHLH	TFF
SoffiXsponR570.01Ag290300	PLATZ	TFF
SoffiXsponR570.01Ag291900	MED26	OTR
SoffiXsponR570.01Ag292200	MED26	OTR
SoffiXsponR570.01Ag292800	NAC	TFF
SoffiXsponR570.01Ag292900	NAC	TFF
SoffiXsponR570.01Ag295400	zf-LSD1	TFF
SoffiXsponR570.01Ag296200	SOH1	OTR
SoffiXsponR570.01Ag297000	MYB-related	TFF
SoffiXsponR570.01Ag297400	zf-LSD1	TFF
SoffiXsponR570.01Ag298200	SOH1	OTR
SoffiXsponR570.01Ag299000	MYB-related	TFF
SoffiXsponR570.01Ag299700	AP2-EREBP	TFF
SoffiXsponR570.01Ag300900	MYB-related	TFF
SoffiXsponR570.01Ag301300	AP2-EREBP	TFF
SoffiXsponR570.01Ag302500	C2C2-GATA	TFF
SoffiXsponR570.01Ag302600	Not1	TFF
SoffiXsponR570.01Ag302700	bHLH	TFF
SoffiXsponR570.01Ag302900	bHLH	TFF
SoffiXsponR570.01Ag304500	C2H2	TFF
SoffiXsponR570.01Ag306900	GRAS	TFF
SoffiXsponR570.01Ag315800	ABI3VP1	TFF
SoffiXsponR570.01Ag315900	ABI3VP1	TFF
SoffiXsponR570.01Ag316500	MADS	TFF
SoffiXsponR570.01Ag317100	HB	TFF
SoffiXsponR570.01Ag318300	OFP	TFF
SoffiXsponR570.01Ag318600	SWI/SNF-SWI3	OTR
SoffiXsponR570.01Ag318700	NAC	TFF
SoffiXsponR570.01Ag318800	bZIP	TFF
SoffiXsponR570.01Ag322800	AP2-EREBP	TFF
SoffiXsponR570.01Ag327700	OFP	TFF
SoffiXsponR570.01Ag328200	GNAT	OTR
SoffiXsponR570.01Ag330400	GRAS	TFF
SoffiXsponR570.01Ag332400	C2H2	TFF
SoffiXsponR570.01Ag332500	C2H2	TFF
SoffiXsponR570.01Ag332700	C2H2	TFF
SoffiXsponR570.01Ag335000	WRKY	TFF
SoffiXsponR570.01Ag336200	C2H2	TFF
SoffiXsponR570.01Ag336300	MYB-related	TFF
SoffiXsponR570.01Ag340700	CCAAT	TFF
SoffiXsponR570.01Ag341900	CCAAT	TFF
SoffiXsponR570.01Ag342600	MYB	TFF
SoffiXsponR570.01Ag343000	GRAS	TFF
SoffiXsponR570.01Ag345400	Tify	TFF
SoffiXsponR570.01Ag347400	PLATZ	TFF
SoffiXsponR570.01Ag347900	Top	TFF
SoffiXsponR570.01Ag352000	bHLH	TFF
SoffiXsponR570.01Ag353000	Jumonji	OTR
SoffiXsponR570.01Ag353200	zf-LSD1	TFF
SoffiXsponR570.01Ag353900	TIG	TFF
SoffiXsponR570.01Ag355300	bHLH	TFF
SoffiXsponR570.01Ag357100	SAP	TFF
SoffiXsponR570.01Ag358400	MYB	TFF
SoffiXsponR570.01Ag360900	MYB	TFF
SoffiXsponR570.01Ag361700	GeBP	TFF
SoffiXsponR570.01Ag363200	HSF	TFF
SoffiXsponR570.01Ag363800	MED26	OTR
SoffiXsponR570.01Ag365600	MYB-related	TFF
SoffiXsponR570.01Ag366000	mTERF	OTR
SoffiXsponR570.01Ag372100	Top	TFF
SoffiXsponR570.01Ag373900	TUB	TFF
SoffiXsponR570.01Ag376000	Jumonji	OTR
SoffiXsponR570.01Ag381900	OFP	TFF
SoffiXsponR570.01Ag382400	bZIP	TFF
SoffiXsponR570.01Ag383000	WRKY	TFF
SoffiXsponR570.01Ag386300	MYB-related	TFF
SoffiXsponR570.01Ag386800	C3H	TFF
SoffiXsponR570.01Ag387600	NAC	TFF
SoffiXsponR570.01Ag387800	NAC	TFF
SoffiXsponR570.01Ag388900	MYB-related	TFF
SoffiXsponR570.01Ag389500	EIL	TFF
SoffiXsponR570.01Ag390700	bZIP	TFF
SoffiXsponR570.01Ag391800	WRKY	TFF
SoffiXsponR570.01Ag393600	bZIP	TFF
SoffiXsponR570.01Ag394700	MYB	TFF
SoffiXsponR570.01Ag396100	AP2-EREBP	TFF
SoffiXsponR570.01Ag397700	PAS	TFF
SoffiXsponR570.01Ag398600	SET	OTR
SoffiXsponR570.01Ag399600	bZIP	TFF
SoffiXsponR570.01Ag401300	PHD	OTR
SoffiXsponR570.01Ag401400	MYB	TFF
SoffiXsponR570.01Ag401700	MYB	TFF
SoffiXsponR570.01Ag401800	MYB	TFF
SoffiXsponR570.01Ag402100	MYB	TFF
SoffiXsponR570.01Ag402700	PHD	OTR
SoffiXsponR570.01Ag403200	C3H	TFF
SoffiXsponR570.01Ag408200	MYB	TFF
SoffiXsponR570.01Ag411000	PHD	OTR
SoffiXsponR570.01Ag414400	Pseudo_ARR-B	OTR
SoffiXsponR570.01Ag418800	C2H2	TFF
SoffiXsponR570.01Ag419600	CCAAT	TFF
SoffiXsponR570.01Ag422200	C2C2-Dof	TFF
SoffiXsponR570.01Ag422400	SART-1	OTR
SoffiXsponR570.01Ag423600	GRAS	TFF
SoffiXsponR570.01Ag425000	Sigma70-like	TFF
SoffiXsponR570.01Ag427400	LIM	TFF
SoffiXsponR570.01Ag428300	LIM	TFF
SoffiXsponR570.01Ag431100	GRAS	TFF
SoffiXsponR570.01Ag431200	AP2-EREBP	TFF
SoffiXsponR570.01Ag432500	bHLH	TFF
SoffiXsponR570.01Ag436200	FAR1	TFF
SoffiXsponR570.01Ag436700	Top	TFF
SoffiXsponR570.01Ag438400	CCAAT	TFF
SoffiXsponR570.01Ag444000	MYB-related	TFF
SoffiXsponR570.01Ag444500	bZIP	TFF
SoffiXsponR570.01Ag445900	C2H2	TFF
SoffiXsponR570.01Ag450000	bHLH	TFF
SoffiXsponR570.01Ag451200	bHLH	TFF
SoffiXsponR570.01Ag451400	AP2-EREBP	TFF
SoffiXsponR570.01Ag453700	HSF	TFF
SoffiXsponR570.01Ag454000	ARR-B	TFF
SoffiXsponR570.01Ag454000	MYB-related	TFF
SoffiXsponR570.01Ag455600	NAC	TFF
SoffiXsponR570.01Ag458700	MADS	TFF
SoffiXsponR570.01Ag458800	C2C2-YABBY	TFF
SoffiXsponR570.01Ag461700	ABI3VP1	TFF
SoffiXsponR570.01Ag466200	TRAF	OTR
SoffiXsponR570.01Ag466500	GNAT	OTR
SoffiXsponR570.01Ag466900	bHLH	TFF
SoffiXsponR570.01Ag471100	OFP	TFF
SoffiXsponR570.01Ag471300	C2H2	TFF
SoffiXsponR570.01Ag474200	GNAT	OTR
SoffiXsponR570.01Ag475100	GRAS	TFF
SoffiXsponR570.01Ag476400	AP2-EREBP	TFF
SoffiXsponR570.01Ag477200	TIG	TFF
SoffiXsponR570.01Ag478600	bHLH	TFF
SoffiXsponR570.01Ag481100	MADS	TFF
SoffiXsponR570.01Ag482000	ABI3VP1	TFF
SoffiXsponR570.01Ag483300	AP2-EREBP	TFF
SoffiXsponR570.01Ag483400	AP2-EREBP	TFF
SoffiXsponR570.01Ag483500	AP2-EREBP	TFF
SoffiXsponR570.01Ag483600	AP2-EREBP	TFF
SoffiXsponR570.01Ag484700	Tify	TFF
SoffiXsponR570.01Ag484800	Tify	TFF
SoffiXsponR570.01Ag485000	Tify	TFF
SoffiXsponR570.01Ag487200	GNAT	OTR
SoffiXsponR570.01Ag487700	AP2-EREBP	TFF
SoffiXsponR570.01Ag488800	CCAAT	TFF
SoffiXsponR570.01Ag489500	AP2-EREBP	TFF
SoffiXsponR570.01Ag491200	bHLH	TFF
SoffiXsponR570.01Ag491400	bHLH	TFF
SoffiXsponR570.01Ag492600	C2C2-Dof	TFF
SoffiXsponR570.01Ag496800	HB	TFF
SoffiXsponR570.01Ag498900	HSF	TFF
SoffiXsponR570.01Ag500800	OFP	TFF
SoffiXsponR570.01Ag504400	E2F-DP	TFF
SoffiXsponR570.01Ag505100	GNAT	OTR
SoffiXsponR570.01Ag505200	Jumonji	OTR
SoffiXsponR570.01Ag505900	AP2-EREBP	TFF
SoffiXsponR570.01Ag507200	C2H2	TFF
SoffiXsponR570.01Ag509800	C2C2-GATA	TFF
SoffiXsponR570.01Ag513200	MYB	TFF
SoffiXsponR570.01Ag516300	BES1	TFF
SoffiXsponR570.01Ag518500	MYB-related	TFF
SoffiXsponR570.01Ag519900	bHLH	TFF
SoffiXsponR570.01Ag521500	NAC	TFF
SoffiXsponR570.01Ag525000	bHLH	TFF
SoffiXsponR570.01Ag525200	MYB-related	TFF
SoffiXsponR570.01Ag528300	bZIP	TFF
SoffiXsponR570.01Ag528800	NAC	TFF
SoffiXsponR570.01Ag529400	OFP	TFF
SoffiXsponR570.01Ag531400	HB	TFF
SoffiXsponR570.01Ag531800	HB	TFF
SoffiXsponR570.01Ag531900	Top	TFF
SoffiXsponR570.01Ag532700	MADS	TFF
SoffiXsponR570.01Ag533500	bHLH	TFF
SoffiXsponR570.01Ag534200	ABI3VP1	TFF
SoffiXsponR570.01Ag535500	NAC	TFF
SoffiXsponR570.01Ag542800	Trihelix	TFF
SoffiXsponR570.01Ag543300	SWI/SNF-BAF60b	OTR
SoffiXsponR570.01Ag546200	MYB-related	TFF
SoffiXsponR570.01Ag549300	GRAS	TFF
SoffiXsponR570.01Ag551200	Not1	TFF
SoffiXsponR570.01Bg001800	AP2-EREBP	TFF
SoffiXsponR570.01Bg002600	Sigma70-like	TFF
SoffiXsponR570.01Bg005900	MYB-related	TFF
SoffiXsponR570.01Bg006300	WRKY	TFF
SoffiXsponR570.01Bg007000	HSF	TFF
SoffiXsponR570.01Bg009300	CCAAT	TFF
SoffiXsponR570.01Bg017000	FAR1	TFF
SoffiXsponR570.01Bg019900	mTERF	OTR
SoffiXsponR570.01Bg020200	mTERF	OTR
SoffiXsponR570.01Bg020300	C2H2	TFF
SoffiXsponR570.01Bg024100	C2C2-GATA	TFF
SoffiXsponR570.01Bg027100	SBP	TFF
SoffiXsponR570.01Bg028200	GRAS	TFF
SoffiXsponR570.01Bg029700	C3H	TFF
SoffiXsponR570.01Bg032800	mTERF	OTR
SoffiXsponR570.01Bg033000	mTERF	OTR
SoffiXsponR570.01Bg033400	GRAS	TFF
SoffiXsponR570.01Bg034000	mTERF	OTR
SoffiXsponR570.01Bg034100	mTERF	OTR
SoffiXsponR570.01Bg034200	mTERF	OTR
SoffiXsponR570.01Bg034400	C2C2-Dof	TFF
SoffiXsponR570.01Bg035000	C2H2	TFF
SoffiXsponR570.01Bg035100	C2H2	TFF
SoffiXsponR570.01Bg035300	C2H2	TFF
SoffiXsponR570.01Bg036600	AP2-EREBP	TFF
SoffiXsponR570.01Bg036800	Alfin-like	TFF
SoffiXsponR570.01Bg039000	TFIIS	TFF
SoffiXsponR570.01Bg039100	AP2-EREBP	TFF
SoffiXsponR570.01Bg039500	NAC	TFF
SoffiXsponR570.01Bg040600	bHLH	TFF
SoffiXsponR570.01Bg042700	mTERF	OTR
SoffiXsponR570.01Bg043000	bZIP	TFF
SoffiXsponR570.01Bg048200	DDT	OTR
SoffiXsponR570.01Bg049600	bHLH	TFF
SoffiXsponR570.01Bg049700	DDT	OTR
SoffiXsponR570.01Bg051000	FHA	TFF
SoffiXsponR570.01Bg052500	WRKY	TFF
SoffiXsponR570.01Bg053000	MYB	TFF
SoffiXsponR570.01Bg053100	AUX/IAA	OTR
SoffiXsponR570.01Bg053400	bHLH	TFF
SoffiXsponR570.01Bg053800	bZIP	TFF
SoffiXsponR570.01Bg054800	HSF	TFF
SoffiXsponR570.01Bg056500	GNAT	OTR
SoffiXsponR570.01Bg056600	GNAT	OTR
SoffiXsponR570.01Bg056900	GNAT	OTR
SoffiXsponR570.01Bg058300	TRAF	OTR
SoffiXsponR570.01Bg059000	FAR1	TFF
SoffiXsponR570.01Bg059300	C2C2-GATA	TFF
SoffiXsponR570.01Bg063300	TCP	TFF
SoffiXsponR570.01Bg063600	mTERF	OTR
SoffiXsponR570.01Bg064200	Rcd1-like	OTR
SoffiXsponR570.01Bg065400	bHLH	TFF
SoffiXsponR570.01Bg066200	GeBP	TFF
SoffiXsponR570.01Bg067200	GNAT	OTR
SoffiXsponR570.01Bg067400	FAR1	TFF
SoffiXsponR570.01Bg067900	NAC	TFF
SoffiXsponR570.01Bg071500	HB	TFF
SoffiXsponR570.01Bg071700	MYB	TFF
SoffiXsponR570.01Bg072000	AP2-EREBP	TFF
SoffiXsponR570.01Bg072700	TRAF	OTR
SoffiXsponR570.01Bg074200	MYB-related	TFF
SoffiXsponR570.01Bg075100	C2C2-Dof	TFF
SoffiXsponR570.01Bg075400	MYB-related	TFF
SoffiXsponR570.01Bg075600	SWI/SNF-BAF60b	OTR
SoffiXsponR570.01Bg075800	C2H2	TFF
SoffiXsponR570.01Bg075900	GNAT	OTR
SoffiXsponR570.01Bg077700	SWI/SNF-BAF60b	OTR
SoffiXsponR570.01Bg079100	WRKY	TFF
SoffiXsponR570.01Bg080100	WRKY	TFF
SoffiXsponR570.01Bg083000	MADS	TFF
SoffiXsponR570.01Bg083200	MADS	TFF
SoffiXsponR570.01Bg084000	PAS	TFF
SoffiXsponR570.01Bg084800	MYB-related	TFF
SoffiXsponR570.01Bg087500	PHD	OTR
SoffiXsponR570.01Bg089800	HSF	TFF
SoffiXsponR570.01Bg091000	AUX/IAA	OTR
SoffiXsponR570.01Bg091900	WRKY	TFF
SoffiXsponR570.01Bg092000	bHLH	TFF
SoffiXsponR570.01Bg096000	C2C2-GATA	TFF
SoffiXsponR570.01Bg097800	HB	TFF
SoffiXsponR570.01Bg098800	FHA	TFF
SoffiXsponR570.01Bg099500	BSD	TFF
SoffiXsponR570.01Bg099800	GRF	TFF
SoffiXsponR570.01Bg100300	bHLH	TFF
SoffiXsponR570.01Bg101500	HB	TFF
SoffiXsponR570.01Bg101700	HB	TFF
SoffiXsponR570.01Bg102700	Top	TFF
SoffiXsponR570.01Bg102800	bHLH	TFF
SoffiXsponR570.01Bg104400	GRAS	TFF
SoffiXsponR570.01Bg104900	MYB-related	TFF
SoffiXsponR570.01Bg105100	CCAAT	TFF
SoffiXsponR570.01Bg105800	MYB	TFF
SoffiXsponR570.01Bg106200	PAS	TFF
SoffiXsponR570.01Bg107500	zf-HD	TFF
SoffiXsponR570.01Bg108700	PHD	OTR
SoffiXsponR570.01Bg112700	C2C2-CO-like	TFF
SoffiXsponR570.01Bg114100	GeBP	TFF
SoffiXsponR570.01Bg115300	GRAS	TFF
SoffiXsponR570.01Bg115700	TCP	TFF
SoffiXsponR570.01Bg115800	TCP	TFF
SoffiXsponR570.01Bg116300	SET	OTR
SoffiXsponR570.01Bg120200	GNAT	OTR
SoffiXsponR570.01Bg121000	C3H	TFF
SoffiXsponR570.01Bg121400	C2H2	TFF
SoffiXsponR570.01Bg121600	CCAAT	TFF
SoffiXsponR570.01Bg125600	C3H	TFF
SoffiXsponR570.01Bg128100	C2C2-GATA	TFF
SoffiXsponR570.01Bg129900	HB	TFF
SoffiXsponR570.01Bg130000	HB	TFF
SoffiXsponR570.01Bg130100	C2C2-GATA	TFF
SoffiXsponR570.01Bg131500	bZIP	TFF
SoffiXsponR570.01Bg132000	GRF	TFF
SoffiXsponR570.01Bg132700	HB	TFF
SoffiXsponR570.01Bg133200	bHLH	TFF
SoffiXsponR570.01Bg133300	bHLH	TFF
SoffiXsponR570.01Bg133400	bHLH	TFF
SoffiXsponR570.01Bg136000	MYB-related	TFF
SoffiXsponR570.01Bg137500	GNAT	OTR
SoffiXsponR570.01Bg137600	GNAT	OTR
SoffiXsponR570.01Bg140300	WRKY	TFF
SoffiXsponR570.01Bg140400	TFIID	TFF
SoffiXsponR570.01Bg141100	MYB-related	TFF
SoffiXsponR570.01Bg141600	FAR1	TFF
SoffiXsponR570.01Bg142700	NOT2_3_5	OTR
SoffiXsponR570.01Bg144200	C2C2-YABBY	TFF
SoffiXsponR570.01Bg145700	CCAAT	TFF
SoffiXsponR570.01Bg148200	MYB-related	TFF
SoffiXsponR570.01Bg149700	TRAF	OTR
SoffiXsponR570.01Bg150100	zf-LSD1	TFF
SoffiXsponR570.01Bg150400	MYB	TFF
SoffiXsponR570.01Bg150700	bHLH	TFF
SoffiXsponR570.01Bg151500	CPP	TFF
SoffiXsponR570.01Bg153400	AUX/IAA	OTR
SoffiXsponR570.01Bg153500	AUX/IAA	OTR
SoffiXsponR570.01Bg154100	WRKY	TFF
SoffiXsponR570.01Bg155000	LIM	TFF
SoffiXsponR570.01Bg155900	NAC	TFF
SoffiXsponR570.01Bg156100	MYB-related	TFF
SoffiXsponR570.01Bg156300	ABI3VP1	TFF
SoffiXsponR570.01Bg156600	ABI3VP1	TFF
SoffiXsponR570.01Bg156700	ABI3VP1	TFF
SoffiXsponR570.01Bg156800	ABI3VP1	TFF
SoffiXsponR570.01Bg157000	ABI3VP1	TFF
SoffiXsponR570.01Bg157100	ABI3VP1	TFF
SoffiXsponR570.01Bg157200	ABI3VP1	TFF
SoffiXsponR570.01Bg157300	ABI3VP1	TFF
SoffiXsponR570.01Bg157500	ABI3VP1	TFF
SoffiXsponR570.01Bg157600	ABI3VP1	TFF
SoffiXsponR570.01Bg157800	ABI3VP1	TFF
SoffiXsponR570.01Bg157900	ABI3VP1	TFF
SoffiXsponR570.01Bg158100	ABI3VP1	TFF
SoffiXsponR570.01Bg158200	C2C2-Dof	TFF
SoffiXsponR570.01Bg158700	bHLH	TFF
SoffiXsponR570.01Bg159000	ABI3VP1	TFF
SoffiXsponR570.01Bg160500	C2H2	TFF
SoffiXsponR570.01Bg160600	C2H2	TFF
SoffiXsponR570.01Bg161200	AP2-EREBP	TFF
SoffiXsponR570.01Bg163100	C2H2	TFF
SoffiXsponR570.01Bg165000	GRAS	TFF
SoffiXsponR570.01Bg165300	Jumonji	OTR
SoffiXsponR570.01Bg166300	FHA	TFF
SoffiXsponR570.01Bg166900	mTERF	OTR
SoffiXsponR570.01Bg169200	C2C2-Dof	TFF
SoffiXsponR570.01Bg169900	MADS	TFF
SoffiXsponR570.01Bg170100	MADS	TFF
SoffiXsponR570.01Bg170400	GRAS	TFF
SoffiXsponR570.01Bg171500	MYB	TFF
SoffiXsponR570.01Bg177200	MYB-related	TFF
SoffiXsponR570.01Bg181700	Trihelix	TFF
SoffiXsponR570.01Bg181900	TFIID	TFF
SoffiXsponR570.01Bg183600	SWI/SNF-BAF60b	OTR
SoffiXsponR570.01Bg185900	C2C2-YABBY	TFF
SoffiXsponR570.01Bg187000	SET	OTR
SoffiXsponR570.01Bg190800	GNAT	OTR
SoffiXsponR570.01Bg191000	MYB	TFF
SoffiXsponR570.01Bg191800	GeBP	TFF
SoffiXsponR570.01Bg193000	C2C2-Dof	TFF
SoffiXsponR570.01Bg193900	Top	TFF
SoffiXsponR570.01Bg199600	FHA	TFF
SoffiXsponR570.01Bg203100	ARF	TFF
SoffiXsponR570.01Bg204900	MYB	TFF
SoffiXsponR570.01Bg212000	Top	TFF
SoffiXsponR570.01Bg214200	SAP	TFF
SoffiXsponR570.01Bg215000	C2C2-GATA	TFF
SoffiXsponR570.01Bg218200	ARID	OTR
SoffiXsponR570.01Bg219100	AP2-EREBP	TFF
SoffiXsponR570.01Bg219900	MYB-related	TFF
SoffiXsponR570.01Bg220000	MYB-related	TFF
SoffiXsponR570.01Bg222500	E2F-DP	TFF
SoffiXsponR570.01Bg225800	TFIID	TFF
SoffiXsponR570.01Bg226000	OFP	TFF
SoffiXsponR570.01Bg226800	TRAF	OTR
SoffiXsponR570.01Bg227300	TRAF	OTR
SoffiXsponR570.01Bg227800	C2H2	TFF
SoffiXsponR570.01Bg228000	HSF	TFF
SoffiXsponR570.01Bg231900	TRAF	OTR
SoffiXsponR570.01Bg232100	TRAF	OTR
SoffiXsponR570.01Bg232300	TRAF	OTR
SoffiXsponR570.01Bg233500	GNAT	OTR
SoffiXsponR570.01Bg236900	SET	OTR
SoffiXsponR570.01Bg238200	C2C2-Dof	TFF
SoffiXsponR570.01Bg242400	Tify	TFF
SoffiXsponR570.01Bg242500	Tify	TFF
SoffiXsponR570.01Bg242800	Tify	TFF
SoffiXsponR570.01Bg242900	Tify	TFF
SoffiXsponR570.01Bg243000	Tify	TFF
SoffiXsponR570.01Bg243100	SAP	TFF
SoffiXsponR570.01Bg246400	bHLH	TFF
SoffiXsponR570.01Bg247000	TIG	TFF
SoffiXsponR570.01Bg247400	AP2-EREBP	TFF
SoffiXsponR570.01Bg248100	GRAS	TFF
SoffiXsponR570.01Bg264900	bHLH	TFF
SoffiXsponR570.01Bg265200	bHLH	TFF
SoffiXsponR570.01Bg266000	zf-BED	TFF
SoffiXsponR570.01Bg269000	WRKY	TFF
SoffiXsponR570.01Bg270800	zf-C5HC2	TFF
SoffiXsponR570.01Bg272100	MYB-related	TFF
SoffiXsponR570.01Bg273700	bHLH	TFF
SoffiXsponR570.01Bg274100	PLATZ	TFF
SoffiXsponR570.01Bg275400	MED26	OTR
SoffiXsponR570.01Bg275700	MED26	OTR
SoffiXsponR570.01Bg276500	NAC	TFF
SoffiXsponR570.01Bg276900	MYB-related	TFF
SoffiXsponR570.01Bg277500	AP2-EREBP	TFF
SoffiXsponR570.01Bg278500	MYB-related	TFF
SoffiXsponR570.01Bg279000	AP2-EREBP	TFF
SoffiXsponR570.01Bg280400	C2C2-GATA	TFF
SoffiXsponR570.01Bg280500	Not1	TFF
SoffiXsponR570.01Bg280900	bHLH	TFF
SoffiXsponR570.01Bg282800	C2H2	TFF
SoffiXsponR570.01Bg286100	GRAS	TFF
SoffiXsponR570.01Bg295500	ABI3VP1	TFF
SoffiXsponR570.01Bg296200	MADS	TFF
SoffiXsponR570.01Bg296700	HB	TFF
SoffiXsponR570.01Bg297800	OFP	TFF
SoffiXsponR570.01Bg298000	SWI/SNF-SWI3	OTR
SoffiXsponR570.01Bg298100	NAC	TFF
SoffiXsponR570.01Bg298200	bZIP	TFF
SoffiXsponR570.01Bg301200	GRAS	TFF
SoffiXsponR570.01Bg302900	C2H2	TFF
SoffiXsponR570.01Bg303000	C2H2	TFF
SoffiXsponR570.01Bg303200	C2H2	TFF
SoffiXsponR570.01Bg305600	WRKY	TFF
SoffiXsponR570.01Bg307000	C2H2	TFF
SoffiXsponR570.01Bg307100	MYB-related	TFF
SoffiXsponR570.01Bg310800	CCAAT	TFF
SoffiXsponR570.01Bg316000	bHLH	TFF
SoffiXsponR570.01Bg316600	Jumonji	OTR
SoffiXsponR570.01Bg316900	zf-LSD1	TFF
SoffiXsponR570.01Bg317600	TIG	TFF
SoffiXsponR570.01Bg320200	CCAAT	TFF
SoffiXsponR570.01Bg321500	GRAS	TFF
SoffiXsponR570.01Bg323900	Tify	TFF
SoffiXsponR570.01Bg326100	PLATZ	TFF
SoffiXsponR570.01Bg329300	Top	TFF
SoffiXsponR570.01Bg330900	TUB	TFF
SoffiXsponR570.01Bg333200	Jumonji	OTR
SoffiXsponR570.01Bg338600	OFP	TFF
SoffiXsponR570.01Bg339100	bZIP	TFF
SoffiXsponR570.01Bg339700	WRKY	TFF
SoffiXsponR570.01Bg343300	MYB-related	TFF
SoffiXsponR570.01Bg343900	C3H	TFF
SoffiXsponR570.01Bg344000	FAR1	TFF
SoffiXsponR570.01Bg345100	NAC	TFF
SoffiXsponR570.01Bg345400	NAC	TFF
SoffiXsponR570.01Bg346400	MYB-related	TFF
SoffiXsponR570.01Bg347100	EIL	TFF
SoffiXsponR570.01Bg347800	bZIP	TFF
SoffiXsponR570.01Bg348400	WRKY	TFF
SoffiXsponR570.01Bg349100	WRKY	TFF
SoffiXsponR570.01Bg350800	bZIP	TFF
SoffiXsponR570.01Bg352200	MYB	TFF
SoffiXsponR570.01Bg353400	AP2-EREBP	TFF
SoffiXsponR570.01Bg355200	PAS	TFF
SoffiXsponR570.01Bg356200	SET	OTR
SoffiXsponR570.01Bg358800	PHD	OTR
SoffiXsponR570.01Bg358900	MYB	TFF
SoffiXsponR570.01Bg359200	MYB	TFF
SoffiXsponR570.01Bg359500	MYB	TFF
SoffiXsponR570.01Bg360200	PHD	OTR
SoffiXsponR570.01Bg360700	C3H	TFF
SoffiXsponR570.01Bg365600	MYB	TFF
SoffiXsponR570.01Bg368000	PHD	OTR
SoffiXsponR570.01Bg371400	Pseudo_ARR-B	OTR
SoffiXsponR570.01Bg375300	C2H2	TFF
SoffiXsponR570.01Bg375900	CCAAT	TFF
SoffiXsponR570.01Bg378700	C2C2-Dof	TFF
SoffiXsponR570.01Bg378900	SART-1	OTR
SoffiXsponR570.01Bg380100	GRAS	TFF
SoffiXsponR570.01Bg381400	Sigma70-like	TFF
SoffiXsponR570.01Bg383200	LIM	TFF
SoffiXsponR570.01Bg384300	LIM	TFF
SoffiXsponR570.01Bg386700	GRAS	TFF
SoffiXsponR570.01Bg386800	AP2-EREBP	TFF
SoffiXsponR570.01Bg388200	bHLH	TFF
SoffiXsponR570.01Bg391600	FAR1	TFF
SoffiXsponR570.01Bg392200	Top	TFF
SoffiXsponR570.01Bg393800	CCAAT	TFF
SoffiXsponR570.01Bg399900	MYB-related	TFF
SoffiXsponR570.01Bg400400	bZIP	TFF
SoffiXsponR570.01Bg401800	C2H2	TFF
SoffiXsponR570.01Bg406500	bHLH	TFF
SoffiXsponR570.01Bg407600	bHLH	TFF
SoffiXsponR570.01Bg407800	AP2-EREBP	TFF
SoffiXsponR570.01Bg410200	HSF	TFF
SoffiXsponR570.01Bg410500	ARR-B	TFF
SoffiXsponR570.01Bg410500	MYB-related	TFF
SoffiXsponR570.01Bg412400	NAC	TFF
SoffiXsponR570.01Bg415200	MADS	TFF
SoffiXsponR570.01Bg415300	C2C2-YABBY	TFF
SoffiXsponR570.01Bg418200	MYB-related	TFF
SoffiXsponR570.01Bg418300	ABI3VP1	TFF
SoffiXsponR570.01Bg423200	TRAF	OTR
SoffiXsponR570.01Bg423700	GNAT	OTR
SoffiXsponR570.01Bg424100	bHLH	TFF
SoffiXsponR570.01Bg428600	OFP	TFF
SoffiXsponR570.01Bg428800	C2H2	TFF
SoffiXsponR570.01Bg431700	GNAT	OTR
SoffiXsponR570.01Bg432800	GRAS	TFF
SoffiXsponR570.01Bg434500	AP2-EREBP	TFF
SoffiXsponR570.01Bg436000	ABI3VP1	TFF
SoffiXsponR570.01Bg437600	AP2-EREBP	TFF
SoffiXsponR570.01Bg437700	AP2-EREBP	TFF
SoffiXsponR570.01Bg437800	AP2-EREBP	TFF
SoffiXsponR570.01Bg439200	Tify	TFF
SoffiXsponR570.01Bg439300	Tify	TFF
SoffiXsponR570.01Bg439400	Tify	TFF
SoffiXsponR570.01Bg441600	GNAT	OTR
SoffiXsponR570.01Bg442100	AP2-EREBP	TFF
SoffiXsponR570.01Bg442700	CCAAT	TFF
SoffiXsponR570.01Bg443400	AP2-EREBP	TFF
SoffiXsponR570.01Bg444700	bHLH	TFF
SoffiXsponR570.01Bg444900	bHLH	TFF
SoffiXsponR570.01Bg446000	C2C2-Dof	TFF
SoffiXsponR570.01Bg447100	SET	OTR
SoffiXsponR570.01Bg449800	HB	TFF
SoffiXsponR570.01Bg452000	HSF	TFF
SoffiXsponR570.01Bg453900	OFP	TFF
SoffiXsponR570.01Bg457200	E2F-DP	TFF
SoffiXsponR570.01Bg457800	Top	TFF
SoffiXsponR570.01Bg457900	GNAT	OTR
SoffiXsponR570.01Bg458000	Jumonji	OTR
SoffiXsponR570.01Bg458700	AP2-EREBP	TFF
SoffiXsponR570.01Bg459700	C2H2	TFF
SoffiXsponR570.01Bg462200	C2C2-GATA	TFF
SoffiXsponR570.01Bg464800	MYB	TFF
SoffiXsponR570.01Bg468700	MYB-related	TFF
SoffiXsponR570.01Bg471600	NAC	TFF
SoffiXsponR570.01Bg474900	bHLH	TFF
SoffiXsponR570.01Bg475200	MYB-related	TFF
SoffiXsponR570.01Bg478100	FHA	TFF
SoffiXsponR570.01Bg478200	bZIP	TFF
SoffiXsponR570.01Bg478400	NAC	TFF
SoffiXsponR570.01Bg479100	OFP	TFF
SoffiXsponR570.01Bg481200	HB	TFF
SoffiXsponR570.01Bg481500	HB	TFF
SoffiXsponR570.01Bg481600	Top	TFF
SoffiXsponR570.01Bg482000	MADS	TFF
SoffiXsponR570.01Bg482700	bHLH	TFF
SoffiXsponR570.01Bg483700	ABI3VP1	TFF
SoffiXsponR570.01Bg484700	NAC	TFF
SoffiXsponR570.01Bg492100	Trihelix	TFF
SoffiXsponR570.01Bg492500	SWI/SNF-BAF60b	OTR
SoffiXsponR570.01Bg498900	GRAS	TFF
SoffiXsponR570.01Bg500300	Not1	TFF
SoffiXsponR570.01Cg002500	AP2-EREBP	TFF
SoffiXsponR570.01Cg003100	Sigma70-like	TFF
SoffiXsponR570.01Cg006300	MYB-related	TFF
SoffiXsponR570.01Cg006600	WRKY	TFF
SoffiXsponR570.01Cg007400	HSF	TFF
SoffiXsponR570.01Cg009700	CCAAT	TFF
SoffiXsponR570.01Cg012600	C2C2-GATA	TFF
SoffiXsponR570.01Cg015400	SBP	TFF
SoffiXsponR570.01Cg016700	GRAS	TFF
SoffiXsponR570.01Cg017100	AP2-EREBP	TFF
SoffiXsponR570.01Cg017300	Alfin-like	TFF
SoffiXsponR570.01Cg020000	TFIIS	TFF
SoffiXsponR570.01Cg020100	AP2-EREBP	TFF
SoffiXsponR570.01Cg020600	NAC	TFF
SoffiXsponR570.01Cg022000	bHLH	TFF
SoffiXsponR570.01Cg024800	mTERF	OTR
SoffiXsponR570.01Cg025100	bZIP	TFF
SoffiXsponR570.01Cg027500	WRKY	TFF
SoffiXsponR570.01Cg027900	AUX/IAA	OTR
SoffiXsponR570.01Cg028300	bHLH	TFF
SoffiXsponR570.01Cg028900	bZIP	TFF
SoffiXsponR570.01Cg029700	HSF	TFF
SoffiXsponR570.01Cg031600	GNAT	OTR
SoffiXsponR570.01Cg032000	GNAT	OTR
SoffiXsponR570.01Cg032100	GNAT	OTR
SoffiXsponR570.01Cg034100	TRAF	OTR
SoffiXsponR570.01Cg034700	zf-A20	TFF
SoffiXsponR570.01Cg035100	C2C2-GATA	TFF
SoffiXsponR570.01Cg036200	TCP	TFF
SoffiXsponR570.01Cg036500	mTERF	OTR
SoffiXsponR570.01Cg037000	Rcd1-like	OTR
SoffiXsponR570.01Cg038200	bHLH	TFF
SoffiXsponR570.01Cg039000	GeBP	TFF
SoffiXsponR570.01Cg040300	FAR1	TFF
SoffiXsponR570.01Cg040800	NAC	TFF
SoffiXsponR570.01Cg045000	HB	TFF
SoffiXsponR570.01Cg045100	MYB	TFF
SoffiXsponR570.01Cg045400	AP2-EREBP	TFF
SoffiXsponR570.01Cg045600	bZIP	TFF
SoffiXsponR570.01Cg045800	TRAF	OTR
SoffiXsponR570.01Cg046400	bHLH	TFF
SoffiXsponR570.01Cg050300	C2C2-GATA	TFF
SoffiXsponR570.01Cg052300	HB	TFF
SoffiXsponR570.01Cg053200	FHA	TFF
SoffiXsponR570.01Cg053800	BSD	TFF
SoffiXsponR570.01Cg054300	GRF	TFF
SoffiXsponR570.01Cg055000	bHLH	TFF
SoffiXsponR570.01Cg056200	HB	TFF
SoffiXsponR570.01Cg056400	HB	TFF
SoffiXsponR570.01Cg057800	Top	TFF
SoffiXsponR570.01Cg057900	bHLH	TFF
SoffiXsponR570.01Cg059100	GRAS	TFF
SoffiXsponR570.01Cg059500	MYB-related	TFF
SoffiXsponR570.01Cg060300	MYB	TFF
SoffiXsponR570.01Cg061000	PAS	TFF
SoffiXsponR570.01Cg061800	zf-HD	TFF
SoffiXsponR570.01Cg063100	PHD	OTR
SoffiXsponR570.01Cg064000	FAR1	TFF
SoffiXsponR570.01Cg069000	GeBP	TFF
SoffiXsponR570.01Cg070100	GRAS	TFF
SoffiXsponR570.01Cg070400	TCP	TFF
SoffiXsponR570.01Cg070800	TCP	TFF
SoffiXsponR570.01Cg071300	SET	OTR
SoffiXsponR570.01Cg075800	GNAT	OTR
SoffiXsponR570.01Cg076700	C3H	TFF
SoffiXsponR570.01Cg077100	C2H2	TFF
SoffiXsponR570.01Cg077500	MADS	TFF
SoffiXsponR570.01Cg079100	ARF	TFF
SoffiXsponR570.01Cg080700	MYB	TFF
SoffiXsponR570.01Cg088500	AP2-EREBP	TFF
SoffiXsponR570.01Cg089100	MYB-related	TFF
SoffiXsponR570.01Cg089300	MYB-related	TFF
SoffiXsponR570.01Cg090800	E2F-DP	TFF
SoffiXsponR570.01Cg094900	TRAF	OTR
SoffiXsponR570.01Cg095400	C2H2	TFF
SoffiXsponR570.01Cg095500	HSF	TFF
SoffiXsponR570.01Cg097500	TRAF	OTR
SoffiXsponR570.01Cg097600	TRAF	OTR
SoffiXsponR570.01Cg097700	TRAF	OTR
SoffiXsponR570.01Cg098100	TRAF	OTR
SoffiXsponR570.01Cg098200	TRAF	OTR
SoffiXsponR570.01Cg098900	zf-BED	TFF
SoffiXsponR570.01Cg099400	GNAT	OTR
SoffiXsponR570.01Cg101500	SET	OTR
SoffiXsponR570.01Cg102500	C2C2-Dof	TFF
SoffiXsponR570.01Cg107000	Tify	TFF
SoffiXsponR570.01Cg107100	Tify	TFF
SoffiXsponR570.01Cg107200	Tify	TFF
SoffiXsponR570.01Cg107300	Tify	TFF
SoffiXsponR570.01Cg107400	Tify	TFF
SoffiXsponR570.01Cg107500	Tify	TFF
SoffiXsponR570.01Cg107600	Tify	TFF
SoffiXsponR570.01Cg107700	SAP	TFF
SoffiXsponR570.01Cg111000	bHLH	TFF
SoffiXsponR570.01Cg111600	TIG	TFF
SoffiXsponR570.01Cg112100	AP2-EREBP	TFF
SoffiXsponR570.01Cg113000	GRAS	TFF
SoffiXsponR570.01Cg132000	bHLH	TFF
SoffiXsponR570.01Cg132300	bHLH	TFF
SoffiXsponR570.01Cg135900	WRKY	TFF
SoffiXsponR570.01Cg137600	zf-C5HC2	TFF
SoffiXsponR570.01Cg138900	MYB-related	TFF
SoffiXsponR570.01Cg140200	bHLH	TFF
SoffiXsponR570.01Cg140600	PLATZ	TFF
SoffiXsponR570.01Cg141900	MED26	OTR
SoffiXsponR570.01Cg142200	MED26	OTR
SoffiXsponR570.01Cg142800	NAC	TFF
SoffiXsponR570.01Cg145300	SOH1	OTR
SoffiXsponR570.01Cg146200	MYB-related	TFF
SoffiXsponR570.01Cg147000	AP2-EREBP	TFF
SoffiXsponR570.01Cg148200	MYB-related	TFF
SoffiXsponR570.01Cg148700	AP2-EREBP	TFF
SoffiXsponR570.01Cg150000	C2C2-GATA	TFF
SoffiXsponR570.01Cg150100	Not1	TFF
SoffiXsponR570.01Cg150300	bHLH	TFF
SoffiXsponR570.01Cg152000	C2H2	TFF
SoffiXsponR570.01Cg155000	GRAS	TFF
SoffiXsponR570.01Cg164900	ABI3VP1	TFF
SoffiXsponR570.01Cg165600	MADS	TFF
SoffiXsponR570.01Cg166000	HB	TFF
SoffiXsponR570.01Cg167100	OFP	TFF
SoffiXsponR570.01Cg167400	SWI/SNF-SWI3	OTR
SoffiXsponR570.01Cg167500	NAC	TFF
SoffiXsponR570.01Cg167600	bZIP	TFF
SoffiXsponR570.01Cg171500	AP2-EREBP	TFF
SoffiXsponR570.01Cg176400	OFP	TFF
SoffiXsponR570.01Cg177000	GNAT	OTR
SoffiXsponR570.01Cg178700	GRAS	TFF
SoffiXsponR570.01Cg180300	C2H2	TFF
SoffiXsponR570.01Cg180400	C2H2	TFF
SoffiXsponR570.01Cg180600	C2H2	TFF
SoffiXsponR570.01Cg182900	WRKY	TFF
SoffiXsponR570.01Cg184000	C2H2	TFF
SoffiXsponR570.01Cg184100	MYB-related	TFF
SoffiXsponR570.01Cg188900	CCAAT	TFF
SoffiXsponR570.01Cg189400	MYB	TFF
SoffiXsponR570.01Cg189900	GRAS	TFF
SoffiXsponR570.01Cg192300	Tify	TFF
SoffiXsponR570.01Cg194300	PLATZ	TFF
SoffiXsponR570.01Cg199000	bHLH	TFF
SoffiXsponR570.01Cg199600	Jumonji	OTR
SoffiXsponR570.01Cg199900	zf-LSD1	TFF
SoffiXsponR570.01Cg200600	TIG	TFF
SoffiXsponR570.01Cg202000	bHLH	TFF
SoffiXsponR570.01Cg203700	SAP	TFF
SoffiXsponR570.01Cg204800	bHLH	TFF
SoffiXsponR570.01Cg205100	MYB	TFF
SoffiXsponR570.01Cg208100	MYB	TFF
SoffiXsponR570.01Cg209000	GeBP	TFF
SoffiXsponR570.01Cg210600	HSF	TFF
SoffiXsponR570.01Cg211300	MED26	OTR
SoffiXsponR570.01Cg213600	MYB-related	TFF
SoffiXsponR570.01Cg213900	mTERF	OTR
SoffiXsponR570.01Cg219700	Top	TFF
SoffiXsponR570.01Cg221700	TUB	TFF
SoffiXsponR570.01Cg223700	Jumonji	OTR
SoffiXsponR570.01Cg229400	OFP	TFF
SoffiXsponR570.01Cg230200	bZIP	TFF
SoffiXsponR570.01Cg230800	WRKY	TFF
SoffiXsponR570.01Cg233200	FAR1	TFF
SoffiXsponR570.01Cg234200	MYB-related	TFF
SoffiXsponR570.01Cg234600	C3H	TFF
SoffiXsponR570.01Cg235500	NAC	TFF
SoffiXsponR570.01Cg235700	NAC	TFF
SoffiXsponR570.01Cg237000	MYB-related	TFF
SoffiXsponR570.01Cg237700	EIL	TFF
SoffiXsponR570.01Cg238400	bZIP	TFF
SoffiXsponR570.01Cg239200	WRKY	TFF
SoffiXsponR570.01Cg241100	bZIP	TFF
SoffiXsponR570.01Cg241800	MYB	TFF
SoffiXsponR570.01Cg243200	AP2-EREBP	TFF
SoffiXsponR570.01Cg245000	PAS	TFF
SoffiXsponR570.01Cg246100	SET	OTR
SoffiXsponR570.01Cg247100	bZIP	TFF
SoffiXsponR570.01Cg248500	PHD	OTR
SoffiXsponR570.01Cg248600	MYB	TFF
SoffiXsponR570.01Cg248900	MYB	TFF
SoffiXsponR570.01Cg249800	PHD	OTR
SoffiXsponR570.01Cg250400	C3H	TFF
SoffiXsponR570.01Cg254900	MYB	TFF
SoffiXsponR570.01Cg258000	PHD	OTR
SoffiXsponR570.01Cg262200	Pseudo_ARR-B	OTR
SoffiXsponR570.01Cg266500	C2H2	TFF
SoffiXsponR570.01Cg267100	CCAAT	TFF
SoffiXsponR570.01Cg269500	C2C2-Dof	TFF
SoffiXsponR570.01Cg269700	SART-1	OTR
SoffiXsponR570.01Cg269900	SART-1	OTR
SoffiXsponR570.01Cg271400	GRAS	TFF
SoffiXsponR570.01Cg272700	Sigma70-like	TFF
SoffiXsponR570.01Cg274500	LIM	TFF
SoffiXsponR570.01Cg275300	LIM	TFF
SoffiXsponR570.01Cg277900	GRAS	TFF
SoffiXsponR570.01Cg278000	AP2-EREBP	TFF
SoffiXsponR570.01Cg279900	bHLH	TFF
SoffiXsponR570.01Cg283000	FAR1	TFF
SoffiXsponR570.01Cg283500	Top	TFF
SoffiXsponR570.01Cg285300	CCAAT	TFF
SoffiXsponR570.01Cg290900	MYB-related	TFF
SoffiXsponR570.01Cg291800	bZIP	TFF
SoffiXsponR570.01Cg293700	C2H2	TFF
SoffiXsponR570.01Cg297900	bHLH	TFF
SoffiXsponR570.01Cg299100	bHLH	TFF
SoffiXsponR570.01Cg299300	AP2-EREBP	TFF
SoffiXsponR570.01Cg302000	HSF	TFF
SoffiXsponR570.01Cg302400	ARR-B	TFF
SoffiXsponR570.01Cg302400	MYB-related	TFF
SoffiXsponR570.01Cg304000	NAC	TFF
SoffiXsponR570.01Cg306200	MADS	TFF
SoffiXsponR570.01Cg306300	C2C2-YABBY	TFF
SoffiXsponR570.01Cg309500	MYB-related	TFF
SoffiXsponR570.01Cg309600	ABI3VP1	TFF
SoffiXsponR570.01Cg314200	TRAF	OTR
SoffiXsponR570.01Cg314400	GNAT	OTR
SoffiXsponR570.01Cg314900	bHLH	TFF
SoffiXsponR570.01Cg319800	OFP	TFF
SoffiXsponR570.01Cg320000	C2H2	TFF
SoffiXsponR570.01Cg322700	GNAT	OTR
SoffiXsponR570.01Cg323800	GRAS	TFF
SoffiXsponR570.01Cg325200	AP2-EREBP	TFF
SoffiXsponR570.01Cg325900	TIG	TFF
SoffiXsponR570.01Cg327300	bHLH	TFF
SoffiXsponR570.01Cg329000	MADS	TFF
SoffiXsponR570.01Cg330000	ABI3VP1	TFF
SoffiXsponR570.01Cg331400	AP2-EREBP	TFF
SoffiXsponR570.01Cg331500	AP2-EREBP	TFF
SoffiXsponR570.01Cg331600	AP2-EREBP	TFF
SoffiXsponR570.01Cg332900	Tify	TFF
SoffiXsponR570.01Cg333000	Tify	TFF
SoffiXsponR570.01Cg333100	Tify	TFF
SoffiXsponR570.01Cg336100	AP2-EREBP	TFF
SoffiXsponR570.01Cg336900	CCAAT	TFF
SoffiXsponR570.01Cg337500	AP2-EREBP	TFF
SoffiXsponR570.01Cg338800	bHLH	TFF
SoffiXsponR570.01Cg339000	bHLH	TFF
SoffiXsponR570.01Cg340100	C2C2-Dof	TFF
SoffiXsponR570.01Cg341900	SET	OTR
SoffiXsponR570.01Cg344700	HB	TFF
SoffiXsponR570.01Cg348000	HSF	TFF
SoffiXsponR570.01Cg349800	OFP	TFF
SoffiXsponR570.01Cg354000	E2F-DP	TFF
SoffiXsponR570.01Cg354500	Top	TFF
SoffiXsponR570.01Cg354600	GNAT	OTR
SoffiXsponR570.01Cg354700	Jumonji	OTR
SoffiXsponR570.01Cg355400	AP2-EREBP	TFF
SoffiXsponR570.01Cg356300	C2H2	TFF
SoffiXsponR570.01Cg358700	C2C2-GATA	TFF
SoffiXsponR570.01Cg361400	MYB	TFF
SoffiXsponR570.01Cg365500	MYB-related	TFF
SoffiXsponR570.01Cg366500	bHLH	TFF
SoffiXsponR570.01Cg368400	NAC	TFF
SoffiXsponR570.01Cg370600	RWP-RK	TFF
SoffiXsponR570.01Cg372200	MYB-related	TFF
SoffiXsponR570.01Cg374900	FHA	TFF
SoffiXsponR570.01Cg375100	NAC	TFF
SoffiXsponR570.01Cg375600	OFP	TFF
SoffiXsponR570.01Cg377700	HB	TFF
SoffiXsponR570.01Cg378000	HB	TFF
SoffiXsponR570.01Cg378100	Top	TFF
SoffiXsponR570.01Cg378500	MADS	TFF
SoffiXsponR570.01Cg379300	bHLH	TFF
SoffiXsponR570.01Cg380000	ABI3VP1	TFF
SoffiXsponR570.01Cg381200	NAC	TFF
SoffiXsponR570.01Cg387300	Trihelix	TFF
SoffiXsponR570.01Cg387700	SWI/SNF-BAF60b	OTR
SoffiXsponR570.01Cg393600	GRAS	TFF
SoffiXsponR570.01Cg394600	Not1	TFF
SoffiXsponR570.01Dg000100	C3H	TFF
SoffiXsponR570.01Dg003100	mTERF	OTR
SoffiXsponR570.01Dg003200	mTERF	OTR
SoffiXsponR570.01Dg003300	mTERF	OTR
SoffiXsponR570.01Dg003400	mTERF	OTR
SoffiXsponR570.01Dg003600	mTERF	OTR
SoffiXsponR570.01Dg004100	GRAS	TFF
SoffiXsponR570.01Dg004300	FAR1	TFF
SoffiXsponR570.01Dg004800	mTERF	OTR
SoffiXsponR570.01Dg004900	mTERF	OTR
SoffiXsponR570.01Dg005000	mTERF	OTR
SoffiXsponR570.01Dg005300	C2C2-Dof	TFF
SoffiXsponR570.01Dg005800	C2H2	TFF
SoffiXsponR570.01Dg006000	C2H2	TFF
SoffiXsponR570.01Dg007200	AP2-EREBP	TFF
SoffiXsponR570.01Dg007400	Alfin-like	TFF
SoffiXsponR570.01Dg010100	TFIIS	TFF
SoffiXsponR570.01Dg010200	AP2-EREBP	TFF
SoffiXsponR570.01Dg010600	NAC	TFF
SoffiXsponR570.01Dg011900	bHLH	TFF
SoffiXsponR570.01Dg014300	bZIP	TFF
SoffiXsponR570.01Dg015700	NAC	TFF
SoffiXsponR570.01Dg019100	PHD	OTR
SoffiXsponR570.01Dg021600	HSF	TFF
SoffiXsponR570.01Dg023000	AUX/IAA	OTR
SoffiXsponR570.01Dg024000	WRKY	TFF
SoffiXsponR570.01Dg024200	bHLH	TFF
SoffiXsponR570.01Dg028500	C2C2-GATA	TFF
SoffiXsponR570.01Dg030500	HB	TFF
SoffiXsponR570.01Dg031400	HB	TFF
SoffiXsponR570.01Dg032000	bHLH	TFF
SoffiXsponR570.01Dg032300	bHLH	TFF
SoffiXsponR570.01Dg034700	MYB-related	TFF
SoffiXsponR570.01Dg034800	MYB-related	TFF
SoffiXsponR570.01Dg034900	MYB-related	TFF
SoffiXsponR570.01Dg036800	GNAT	OTR
SoffiXsponR570.01Dg039600	WRKY	TFF
SoffiXsponR570.01Dg039700	TFIID	TFF
SoffiXsponR570.01Dg040600	FAR1	TFF
SoffiXsponR570.01Dg041900	NOT2_3_5	OTR
SoffiXsponR570.01Dg043600	C2C2-YABBY	TFF
SoffiXsponR570.01Dg046000	MYB-related	TFF
SoffiXsponR570.01Dg047500	zf-LSD1	TFF
SoffiXsponR570.01Dg047800	MYB	TFF
SoffiXsponR570.01Dg048000	bHLH	TFF
SoffiXsponR570.01Dg048700	CPP	TFF
SoffiXsponR570.01Dg050500	AUX/IAA	OTR
SoffiXsponR570.01Dg050600	AUX/IAA	OTR
SoffiXsponR570.01Dg051200	WRKY	TFF
SoffiXsponR570.01Dg052300	LIM	TFF
SoffiXsponR570.01Dg053400	NAC	TFF
SoffiXsponR570.01Dg055300	MYB-related	TFF
SoffiXsponR570.01Dg055500	ABI3VP1	TFF
SoffiXsponR570.01Dg055700	ABI3VP1	TFF
SoffiXsponR570.01Dg055900	ABI3VP1	TFF
SoffiXsponR570.01Dg056000	ABI3VP1	TFF
SoffiXsponR570.01Dg056100	ABI3VP1	TFF
SoffiXsponR570.01Dg056200	ABI3VP1	TFF
SoffiXsponR570.01Dg056300	ABI3VP1	TFF
SoffiXsponR570.01Dg056400	ABI3VP1	TFF
SoffiXsponR570.01Dg056600	ABI3VP1	TFF
SoffiXsponR570.01Dg056700	ABI3VP1	TFF
SoffiXsponR570.01Dg056800	ABI3VP1	TFF
SoffiXsponR570.01Dg057000	ABI3VP1	TFF
SoffiXsponR570.01Dg057100	ABI3VP1	TFF
SoffiXsponR570.01Dg057200	ABI3VP1	TFF
SoffiXsponR570.01Dg057300	ABI3VP1	TFF
SoffiXsponR570.01Dg057500	ABI3VP1	TFF
SoffiXsponR570.01Dg057600	C2C2-Dof	TFF
SoffiXsponR570.01Dg058000	bHLH	TFF
SoffiXsponR570.01Dg058300	ABI3VP1	TFF
SoffiXsponR570.01Dg058400	ABI3VP1	TFF
SoffiXsponR570.01Dg060000	C2H2	TFF
SoffiXsponR570.01Dg060600	AP2-EREBP	TFF
SoffiXsponR570.01Dg062600	C2H2	TFF
SoffiXsponR570.01Dg064500	GRAS	TFF
SoffiXsponR570.01Dg064600	GRAS	TFF
SoffiXsponR570.01Dg064900	Jumonji	OTR
SoffiXsponR570.01Dg065900	FHA	TFF
SoffiXsponR570.01Dg066400	mTERF	OTR
SoffiXsponR570.01Dg068400	C2C2-Dof	TFF
SoffiXsponR570.01Dg069400	MADS	TFF
SoffiXsponR570.01Dg069900	GRAS	TFF
SoffiXsponR570.01Dg071400	MYB	TFF
SoffiXsponR570.01Dg077500	MYB-related	TFF
SoffiXsponR570.01Dg082900	MYB	TFF
SoffiXsponR570.01Dg084800	ARF	TFF
SoffiXsponR570.01Dg085500	GeBP	TFF
SoffiXsponR570.01Dg086900	C2C2-Dof	TFF
SoffiXsponR570.01Dg087900	Top	TFF
SoffiXsponR570.01Dg093500	FHA	TFF
SoffiXsponR570.01Dg094700	Top	TFF
SoffiXsponR570.01Dg096300	ARR-B	TFF
SoffiXsponR570.01Dg096700	SAP	TFF
SoffiXsponR570.01Dg097600	C2C2-GATA	TFF
SoffiXsponR570.01Dg100500	ARID	OTR
SoffiXsponR570.01Dg101700	AP2-EREBP	TFF
SoffiXsponR570.01Dg102300	MYB-related	TFF
SoffiXsponR570.01Dg102400	MYB-related	TFF
SoffiXsponR570.01Dg104200	E2F-DP	TFF
SoffiXsponR570.01Dg107400	TFIID	TFF
SoffiXsponR570.01Dg107600	OFP	TFF
SoffiXsponR570.01Dg109400	C2H2	TFF
SoffiXsponR570.01Dg109500	HSF	TFF
SoffiXsponR570.01Dg111400	TRAF	OTR
SoffiXsponR570.01Dg111500	TRAF	OTR
SoffiXsponR570.01Dg111800	TRAF	OTR
SoffiXsponR570.01Dg111900	TRAF	OTR
SoffiXsponR570.01Dg112800	GNAT	OTR
SoffiXsponR570.01Dg115300	SET	OTR
SoffiXsponR570.01Dg116000	FAR1	TFF
SoffiXsponR570.01Dg116600	C2C2-Dof	TFF
SoffiXsponR570.01Dg121700	Tify	TFF
SoffiXsponR570.01Dg121800	Tify	TFF
SoffiXsponR570.01Dg121900	Tify	TFF
SoffiXsponR570.01Dg122100	Tify	TFF
SoffiXsponR570.01Dg122200	Tify	TFF
SoffiXsponR570.01Dg122300	Tify	TFF
SoffiXsponR570.01Dg122400	Tify	TFF
SoffiXsponR570.01Dg122700	SAP	TFF
SoffiXsponR570.01Dg125800	bHLH	TFF
SoffiXsponR570.01Dg126600	TIG	TFF
SoffiXsponR570.01Dg127500	GRAS	TFF
SoffiXsponR570.01Dg141900	bHLH	TFF
SoffiXsponR570.01Dg142000	bHLH	TFF
SoffiXsponR570.01Dg145700	WRKY	TFF
SoffiXsponR570.01Dg147300	zf-C5HC2	TFF
SoffiXsponR570.01Dg149200	MYB-related	TFF
SoffiXsponR570.01Dg150600	bHLH	TFF
SoffiXsponR570.01Dg151200	PLATZ	TFF
SoffiXsponR570.01Dg152800	MED26	OTR
SoffiXsponR570.01Dg153000	MED26	OTR
SoffiXsponR570.01Dg153600	NAC	TFF
SoffiXsponR570.01Dg153900	NAC	TFF
SoffiXsponR570.01Dg156500	zf-LSD1	TFF
SoffiXsponR570.01Dg157300	SOH1	OTR
SoffiXsponR570.01Dg158100	MYB-related	TFF
SoffiXsponR570.01Dg158700	AP2-EREBP	TFF
SoffiXsponR570.01Dg159600	MYB-related	TFF
SoffiXsponR570.01Dg160100	AP2-EREBP	TFF
SoffiXsponR570.01Dg161700	C2C2-GATA	TFF
SoffiXsponR570.01Dg161800	Not1	TFF
SoffiXsponR570.01Dg161900	bHLH	TFF
SoffiXsponR570.01Dg163500	C2H2	TFF
SoffiXsponR570.01Dg167800	GRAS	TFF
SoffiXsponR570.01Dg177200	ABI3VP1	TFF
SoffiXsponR570.01Dg177700	MADS	TFF
SoffiXsponR570.01Dg178200	HB	TFF
SoffiXsponR570.01Dg179500	OFP	TFF
SoffiXsponR570.01Dg179800	SWI/SNF-SWI3	OTR
SoffiXsponR570.01Dg179900	NAC	TFF
SoffiXsponR570.01Dg180000	bZIP	TFF
SoffiXsponR570.01Dg183300	AP2-EREBP	TFF
SoffiXsponR570.01Dg188400	GNAT	OTR
SoffiXsponR570.01Dg190300	GRAS	TFF
SoffiXsponR570.01Dg191900	C2H2	TFF
SoffiXsponR570.01Dg192000	C2H2	TFF
SoffiXsponR570.01Dg192200	C2H2	TFF
SoffiXsponR570.01Dg194400	WRKY	TFF
SoffiXsponR570.01Dg195500	C2H2	TFF
SoffiXsponR570.01Dg195700	MYB-related	TFF
SoffiXsponR570.01Dg199600	CCAAT	TFF
SoffiXsponR570.01Dg201100	CCAAT	TFF
SoffiXsponR570.01Dg203000	Tify	TFF
SoffiXsponR570.01Dg204800	PLATZ	TFF
SoffiXsponR570.01Dg204900	PLATZ	TFF
SoffiXsponR570.01Dg209700	bHLH	TFF
SoffiXsponR570.01Dg210300	Jumonji	OTR
SoffiXsponR570.01Dg210500	zf-LSD1	TFF
SoffiXsponR570.01Dg211400	TIG	TFF
SoffiXsponR570.01Dg214100	SAP	TFF
SoffiXsponR570.01Dg215500	MYB	TFF
SoffiXsponR570.01Dg218400	MYB	TFF
SoffiXsponR570.01Dg219000	GeBP	TFF
SoffiXsponR570.01Dg220800	HSF	TFF
SoffiXsponR570.01Dg221000	MADS	TFF
SoffiXsponR570.01Dg221600	MED26	OTR
SoffiXsponR570.01Dg223400	MYB-related	TFF
SoffiXsponR570.01Dg223600	mTERF	OTR
SoffiXsponR570.01Dg229300	Top	TFF
SoffiXsponR570.01Dg231000	TUB	TFF
SoffiXsponR570.01Dg232900	Jumonji	OTR
SoffiXsponR570.01Dg238300	OFP	TFF
SoffiXsponR570.01Dg238800	bZIP	TFF
SoffiXsponR570.01Dg239400	WRKY	TFF
SoffiXsponR570.01Dg242200	MYB-related	TFF
SoffiXsponR570.01Dg242900	C3H	TFF
SoffiXsponR570.01Dg243900	NAC	TFF
SoffiXsponR570.01Dg244800	MYB-related	TFF
SoffiXsponR570.01Dg245300	EIL	TFF
SoffiXsponR570.01Dg246000	bZIP	TFF
SoffiXsponR570.01Dg246700	WRKY	TFF
SoffiXsponR570.01Dg248300	bZIP	TFF
SoffiXsponR570.01Dg249200	MYB	TFF
SoffiXsponR570.01Dg249400	MYB	TFF
SoffiXsponR570.01Dg250800	AP2-EREBP	TFF
SoffiXsponR570.01Dg252500	PAS	TFF
SoffiXsponR570.01Dg253500	SET	OTR
SoffiXsponR570.01Dg254400	bZIP	TFF
SoffiXsponR570.01Dg255900	PHD	OTR
SoffiXsponR570.01Dg256000	MYB	TFF
SoffiXsponR570.01Dg256200	MYB	TFF
SoffiXsponR570.01Dg256400	MYB	TFF
SoffiXsponR570.01Dg257000	PHD	OTR
SoffiXsponR570.01Dg257500	C3H	TFF
SoffiXsponR570.01Dg262500	MYB	TFF
SoffiXsponR570.01Dg265400	PHD	OTR
SoffiXsponR570.01Dg269000	Pseudo_ARR-B	OTR
SoffiXsponR570.01Dg273300	C2H2	TFF
SoffiXsponR570.01Dg273900	CCAAT	TFF
SoffiXsponR570.01Dg276400	C2C2-Dof	TFF
SoffiXsponR570.01Dg276600	SART-1	OTR
SoffiXsponR570.01Dg277700	GRAS	TFF
SoffiXsponR570.01Dg279000	Sigma70-like	TFF
SoffiXsponR570.01Dg281000	LIM	TFF
SoffiXsponR570.01Dg282100	LIM	TFF
SoffiXsponR570.01Dg284700	GRAS	TFF
SoffiXsponR570.01Dg284800	AP2-EREBP	TFF
SoffiXsponR570.01Dg286100	bHLH	TFF
SoffiXsponR570.01Dg289400	FAR1	TFF
SoffiXsponR570.01Dg289900	Top	TFF
SoffiXsponR570.01Dg291600	CCAAT	TFF
SoffiXsponR570.01Dg296900	MYB-related	TFF
SoffiXsponR570.01Dg297400	bZIP	TFF
SoffiXsponR570.01Dg298800	C2H2	TFF
SoffiXsponR570.01Dg302100	bHLH	TFF
SoffiXsponR570.01Dg303500	bHLH	TFF
SoffiXsponR570.01Dg303700	AP2-EREBP	TFF
SoffiXsponR570.01Dg306500	HSF	TFF
SoffiXsponR570.01Dg306800	ARR-B	TFF
SoffiXsponR570.01Dg306800	MYB-related	TFF
SoffiXsponR570.01Dg308400	NAC	TFF
SoffiXsponR570.01Dg311400	MADS	TFF
SoffiXsponR570.01Dg311500	C2C2-YABBY	TFF
SoffiXsponR570.01Dg314300	MYB-related	TFF
SoffiXsponR570.01Dg314400	ABI3VP1	TFF
SoffiXsponR570.01Dg318700	TRAF	OTR
SoffiXsponR570.01Dg319000	GNAT	OTR
SoffiXsponR570.01Dg319400	bHLH	TFF
SoffiXsponR570.01Dg323500	OFP	TFF
SoffiXsponR570.01Dg323600	C2H2	TFF
SoffiXsponR570.01Dg326000	GNAT	OTR
SoffiXsponR570.01Dg326700	GRAS	TFF
SoffiXsponR570.01Dg328100	AP2-EREBP	TFF
SoffiXsponR570.01Dg328800	TIG	TFF
SoffiXsponR570.01Dg330400	bHLH	TFF
SoffiXsponR570.01Dg331900	MADS	TFF
SoffiXsponR570.01Dg332800	ABI3VP1	TFF
SoffiXsponR570.01Dg333700	AP2-EREBP	TFF
SoffiXsponR570.01Dg333800	AP2-EREBP	TFF
SoffiXsponR570.01Dg333900	AP2-EREBP	TFF
SoffiXsponR570.01Dg334000	AP2-EREBP	TFF
SoffiXsponR570.01Dg334800	FAR1	TFF
SoffiXsponR570.01Dg335100	Tify	TFF
SoffiXsponR570.01Dg335200	Tify	TFF
SoffiXsponR570.01Dg335300	Tify	TFF
SoffiXsponR570.01Dg337300	GNAT	OTR
SoffiXsponR570.01Dg337700	AP2-EREBP	TFF
SoffiXsponR570.01Dg338400	CCAAT	TFF
SoffiXsponR570.01Dg339000	AP2-EREBP	TFF
SoffiXsponR570.01Dg340400	bHLH	TFF
SoffiXsponR570.01Dg340600	bHLH	TFF
SoffiXsponR570.01Dg342100	C2C2-Dof	TFF
SoffiXsponR570.01Dg343300	SET	OTR
SoffiXsponR570.01Dg346200	HB	TFF
SoffiXsponR570.01Dg348100	HSF	TFF
SoffiXsponR570.01Dg349900	OFP	TFF
SoffiXsponR570.01Dg353800	E2F-DP	TFF
SoffiXsponR570.01Dg354400	Top	TFF
SoffiXsponR570.01Dg354600	GNAT	OTR
SoffiXsponR570.01Dg354800	Jumonji	OTR
SoffiXsponR570.01Dg355200	AP2-EREBP	TFF
SoffiXsponR570.01Dg356200	C2H2	TFF
SoffiXsponR570.01Dg358700	C2C2-GATA	TFF
SoffiXsponR570.01Dg361100	MYB	TFF
SoffiXsponR570.01Dg365400	MYB-related	TFF
SoffiXsponR570.01Dg366400	bHLH	TFF
SoffiXsponR570.01Dg368300	NAC	TFF
SoffiXsponR570.01Dg369900	RWP-RK	TFF
SoffiXsponR570.01Dg371800	bHLH	TFF
SoffiXsponR570.01Dg372000	MYB-related	TFF
SoffiXsponR570.01Dg374900	FHA	TFF
SoffiXsponR570.01Dg375000	bZIP	TFF
SoffiXsponR570.01Dg375200	NAC	TFF
SoffiXsponR570.01Dg375900	OFP	TFF
SoffiXsponR570.01Dg377800	HB	TFF
SoffiXsponR570.01Dg378100	HB	TFF
SoffiXsponR570.01Dg378200	Top	TFF
SoffiXsponR570.01Dg378800	MADS	TFF
SoffiXsponR570.01Dg379500	bHLH	TFF
SoffiXsponR570.01Dg380300	ABI3VP1	TFF
SoffiXsponR570.01Dg381400	NAC	TFF
SoffiXsponR570.01Dg383300	AP2-EREBP	TFF
SoffiXsponR570.01Dg387100	Trihelix	TFF
SoffiXsponR570.01Dg387800	SWI/SNF-BAF60b	OTR
SoffiXsponR570.01Dg394200	GRAS	TFF
SoffiXsponR570.01Dg396000	Not1	TFF
SoffiXsponR570.01Eg001400	AP2-EREBP	TFF
SoffiXsponR570.01Eg002100	Sigma70-like	TFF
SoffiXsponR570.01Eg005400	MYB-related	TFF
SoffiXsponR570.01Eg005800	WRKY	TFF
SoffiXsponR570.01Eg006600	HSF	TFF
SoffiXsponR570.01Eg008800	CCAAT	TFF
SoffiXsponR570.01Eg020200	mTERF	OTR
SoffiXsponR570.01Eg020400	C2H2	TFF
SoffiXsponR570.01Eg020800	mTERF	OTR
SoffiXsponR570.01Eg020900	C2H2	TFF
SoffiXsponR570.01Eg024600	C2C2-GATA	TFF
SoffiXsponR570.01Eg027700	SBP	TFF
SoffiXsponR570.01Eg030100	C3H	TFF
SoffiXsponR570.01Eg033300	mTERF	OTR
SoffiXsponR570.01Eg033500	mTERF	OTR
SoffiXsponR570.01Eg033600	mTERF	OTR
SoffiXsponR570.01Eg034200	GRAS	TFF
SoffiXsponR570.01Eg034700	mTERF	OTR
SoffiXsponR570.01Eg034800	mTERF	OTR
SoffiXsponR570.01Eg034900	mTERF	OTR
SoffiXsponR570.01Eg035400	C2C2-Dof	TFF
SoffiXsponR570.01Eg036300	C2H2	TFF
SoffiXsponR570.01Eg036400	C2H2	TFF
SoffiXsponR570.01Eg036600	C2H2	TFF
SoffiXsponR570.01Eg037800	AP2-EREBP	TFF
SoffiXsponR570.01Eg038000	Alfin-like	TFF
SoffiXsponR570.01Eg040400	TFIIS	TFF
SoffiXsponR570.01Eg040500	AP2-EREBP	TFF
SoffiXsponR570.01Eg041000	NAC	TFF
SoffiXsponR570.01Eg042400	bHLH	TFF
SoffiXsponR570.01Eg044700	mTERF	OTR
SoffiXsponR570.01Eg044900	bZIP	TFF
SoffiXsponR570.01Eg051000	DDT	OTR
SoffiXsponR570.01Eg052400	bHLH	TFF
SoffiXsponR570.01Eg052500	DDT	OTR
SoffiXsponR570.01Eg054400	FHA	TFF
SoffiXsponR570.01Eg056400	WRKY	TFF
SoffiXsponR570.01Eg056900	MYB	TFF
SoffiXsponR570.01Eg057000	AUX/IAA	OTR
SoffiXsponR570.01Eg058700	bHLH	TFF
SoffiXsponR570.01Eg059300	bZIP	TFF
SoffiXsponR570.01Eg060200	HSF	TFF
SoffiXsponR570.01Eg062200	GNAT	OTR
SoffiXsponR570.01Eg062400	GNAT	OTR
SoffiXsponR570.01Eg062900	GNAT	OTR
SoffiXsponR570.01Eg064400	TRAF	OTR
SoffiXsponR570.01Eg065600	C2C2-GATA	TFF
SoffiXsponR570.01Eg069100	TCP	TFF
SoffiXsponR570.01Eg069500	mTERF	OTR
SoffiXsponR570.01Eg070000	zf-BED	TFF
SoffiXsponR570.01Eg070200	Rcd1-like	OTR
SoffiXsponR570.01Eg071800	bHLH	TFF
SoffiXsponR570.01Eg072700	GeBP	TFF
SoffiXsponR570.01Eg074400	FAR1	TFF
SoffiXsponR570.01Eg074900	NAC	TFF
SoffiXsponR570.01Eg078900	HB	TFF
SoffiXsponR570.01Eg079100	MYB	TFF
SoffiXsponR570.01Eg079500	AP2-EREBP	TFF
SoffiXsponR570.01Eg079700	bZIP	TFF
SoffiXsponR570.01Eg080400	TRAF	OTR
SoffiXsponR570.01Eg081900	MYB-related	TFF
SoffiXsponR570.01Eg083000	C2C2-Dof	TFF
SoffiXsponR570.01Eg083200	MYB-related	TFF
SoffiXsponR570.01Eg083300	SWI/SNF-BAF60b	OTR
SoffiXsponR570.01Eg083500	bHLH	TFF
SoffiXsponR570.01Eg083700	C2H2	TFF
SoffiXsponR570.01Eg083800	GNAT	OTR
SoffiXsponR570.01Eg085500	SWI/SNF-BAF60b	OTR
SoffiXsponR570.01Eg087100	WRKY	TFF
SoffiXsponR570.01Eg088000	WRKY	TFF
SoffiXsponR570.01Eg090900	MADS	TFF
SoffiXsponR570.01Eg091000	MADS	TFF
SoffiXsponR570.01Eg091800	PAS	TFF
SoffiXsponR570.01Eg092700	MYB-related	TFF
SoffiXsponR570.01Eg095600	PHD	OTR
SoffiXsponR570.01Eg097000	Top	TFF
SoffiXsponR570.01Eg097800	HSF	TFF
SoffiXsponR570.01Eg099000	AUX/IAA	OTR
SoffiXsponR570.01Eg100000	WRKY	TFF
SoffiXsponR570.01Eg100100	bHLH	TFF
SoffiXsponR570.01Eg104400	C2C2-GATA	TFF
SoffiXsponR570.01Eg106100	HB	TFF
SoffiXsponR570.01Eg107500	FHA	TFF
SoffiXsponR570.01Eg108300	BSD	TFF
SoffiXsponR570.01Eg108800	GRF	TFF
SoffiXsponR570.01Eg109500	bHLH	TFF
SoffiXsponR570.01Eg110500	HB	TFF
SoffiXsponR570.01Eg110700	HB	TFF
SoffiXsponR570.01Eg111700	Top	TFF
SoffiXsponR570.01Eg111900	bHLH	TFF
SoffiXsponR570.01Eg113900	GRAS	TFF
SoffiXsponR570.01Eg114300	MYB-related	TFF
SoffiXsponR570.01Eg114900	CCAAT	TFF
SoffiXsponR570.01Eg115700	MYB	TFF
SoffiXsponR570.01Eg116300	PAS	TFF
SoffiXsponR570.01Eg116500	MYB-related	TFF
SoffiXsponR570.01Eg117400	zf-HD	TFF
SoffiXsponR570.01Eg118600	PHD	OTR
SoffiXsponR570.01Eg122600	C2C2-CO-like	TFF
SoffiXsponR570.01Eg124200	GeBP	TFF
SoffiXsponR570.01Eg125300	GRAS	TFF
SoffiXsponR570.01Eg125600	TCP	TFF
SoffiXsponR570.01Eg125700	TCP	TFF
SoffiXsponR570.01Eg126300	SET	OTR
SoffiXsponR570.01Eg130600	GNAT	OTR
SoffiXsponR570.01Eg131600	C3H	TFF
SoffiXsponR570.01Eg132600	CCAAT	TFF
SoffiXsponR570.01Eg136500	C3H	TFF
SoffiXsponR570.01Eg139300	C2C2-GATA	TFF
SoffiXsponR570.01Eg141200	HB	TFF
SoffiXsponR570.01Eg141300	HB	TFF
SoffiXsponR570.01Eg141400	C2C2-GATA	TFF
SoffiXsponR570.01Eg141800	WRKY	TFF
SoffiXsponR570.01Eg143400	bZIP	TFF
SoffiXsponR570.01Eg143800	GRF	TFF
SoffiXsponR570.01Eg144500	HB	TFF
SoffiXsponR570.01Eg145100	bHLH	TFF
SoffiXsponR570.01Eg145400	bHLH	TFF
SoffiXsponR570.01Eg145500	bHLH	TFF
SoffiXsponR570.01Eg147300	MYB-related	TFF
SoffiXsponR570.01Eg147400	MYB-related	TFF
SoffiXsponR570.01Eg148800	GNAT	OTR
SoffiXsponR570.01Eg152200	WRKY	TFF
SoffiXsponR570.01Eg152300	WRKY	TFF
SoffiXsponR570.01Eg152400	TFIID	TFF
SoffiXsponR570.01Eg153300	FAR1	TFF
SoffiXsponR570.01Eg154700	NOT2_3_5	OTR
SoffiXsponR570.01Eg156200	C2C2-YABBY	TFF
SoffiXsponR570.01Eg157900	CCAAT	TFF
SoffiXsponR570.01Eg160300	MYB-related	TFF
SoffiXsponR570.01Eg161500	TRAF	OTR
SoffiXsponR570.01Eg162100	zf-LSD1	TFF
SoffiXsponR570.01Eg162200	MYB	TFF
SoffiXsponR570.01Eg162400	bHLH	TFF
SoffiXsponR570.01Eg163200	CPP	TFF
SoffiXsponR570.01Eg164900	AUX/IAA	OTR
SoffiXsponR570.01Eg165200	AUX/IAA	OTR
SoffiXsponR570.01Eg165800	WRKY	TFF
SoffiXsponR570.01Eg166800	LIM	TFF
SoffiXsponR570.01Eg167700	NAC	TFF
SoffiXsponR570.01Eg168000	MYB-related	TFF
SoffiXsponR570.01Eg168200	ABI3VP1	TFF
SoffiXsponR570.01Eg168400	ABI3VP1	TFF
SoffiXsponR570.01Eg168500	ABI3VP1	TFF
SoffiXsponR570.01Eg168600	ABI3VP1	TFF
SoffiXsponR570.01Eg168700	ABI3VP1	TFF
SoffiXsponR570.01Eg168800	ABI3VP1	TFF
SoffiXsponR570.01Eg168900	ABI3VP1	TFF
SoffiXsponR570.01Eg169000	ABI3VP1	TFF
SoffiXsponR570.01Eg169100	ABI3VP1	TFF
SoffiXsponR570.01Eg169300	ABI3VP1	TFF
SoffiXsponR570.01Eg169500	ABI3VP1	TFF
SoffiXsponR570.01Eg169600	ABI3VP1	TFF
SoffiXsponR570.01Eg169700	ABI3VP1	TFF
SoffiXsponR570.01Eg169800	ABI3VP1	TFF
SoffiXsponR570.01Eg169900	C2C2-Dof	TFF
SoffiXsponR570.01Eg170400	bHLH	TFF
SoffiXsponR570.01Eg172100	C2H2	TFF
SoffiXsponR570.01Eg172800	AP2-EREBP	TFF
SoffiXsponR570.01Eg175000	C2H2	TFF
SoffiXsponR570.01Eg177300	GRAS	TFF
SoffiXsponR570.01Eg177600	GRAS	TFF
SoffiXsponR570.01Eg177900	Jumonji	OTR
SoffiXsponR570.01Eg179000	FHA	TFF
SoffiXsponR570.01Eg179500	mTERF	OTR
SoffiXsponR570.01Eg182300	C2C2-Dof	TFF
SoffiXsponR570.01Eg183500	MADS	TFF
SoffiXsponR570.01Eg183700	MADS	TFF
SoffiXsponR570.01Eg184100	GRAS	TFF
SoffiXsponR570.01Eg185500	MYB	TFF
SoffiXsponR570.01Eg190900	MYB-related	TFF
SoffiXsponR570.01Eg195600	Trihelix	TFF
SoffiXsponR570.01Eg196000	TFIID	TFF
SoffiXsponR570.01Eg197800	SWI/SNF-BAF60b	OTR
SoffiXsponR570.01Eg200600	C2C2-YABBY	TFF
SoffiXsponR570.01Eg205600	GNAT	OTR
SoffiXsponR570.01Eg205800	MYB	TFF
SoffiXsponR570.01Eg206400	GeBP	TFF
SoffiXsponR570.01Eg207800	C2C2-Dof	TFF
SoffiXsponR570.01Eg209000	Top	TFF
SoffiXsponR570.01Eg214100	AP2-EREBP	TFF
SoffiXsponR570.01Eg215000	MYB-related	TFF
SoffiXsponR570.01Eg215500	AP2-EREBP	TFF
SoffiXsponR570.01Eg216800	C2C2-GATA	TFF
SoffiXsponR570.01Eg216900	Not1	TFF
SoffiXsponR570.01Eg217000	bHLH	TFF
SoffiXsponR570.01Eg221400	GRAS	TFF
SoffiXsponR570.01Eg230200	ABI3VP1	TFF
SoffiXsponR570.01Eg230800	MADS	TFF
SoffiXsponR570.01Eg231600	HB	TFF
SoffiXsponR570.01Eg233200	OFP	TFF
SoffiXsponR570.01Eg233400	SWI/SNF-SWI3	OTR
SoffiXsponR570.01Eg233500	NAC	TFF
SoffiXsponR570.01Eg233600	bZIP	TFF
SoffiXsponR570.01Eg236800	AP2-EREBP	TFF
SoffiXsponR570.01Eg241500	GNAT	OTR
SoffiXsponR570.01Eg243500	GRAS	TFF
SoffiXsponR570.01Eg245000	C2H2	TFF
SoffiXsponR570.01Eg245100	C2H2	TFF
SoffiXsponR570.01Eg245300	C2H2	TFF
SoffiXsponR570.01Eg247700	WRKY	TFF
SoffiXsponR570.01Eg249000	C2H2	TFF
SoffiXsponR570.01Eg249100	MYB-related	TFF
SoffiXsponR570.01Eg253700	CCAAT	TFF
SoffiXsponR570.01Eg255300	CCAAT	TFF
SoffiXsponR570.01Eg256300	GRAS	TFF
SoffiXsponR570.01Eg258400	Tify	TFF
SoffiXsponR570.01Eg260400	PLATZ	TFF
SoffiXsponR570.01Eg260500	PLATZ	TFF
SoffiXsponR570.01Eg265200	bHLH	TFF
SoffiXsponR570.01Eg265900	Jumonji	OTR
SoffiXsponR570.01Eg266200	zf-LSD1	TFF
SoffiXsponR570.01Eg266900	TIG	TFF
SoffiXsponR570.01Eg270200	SAP	TFF
SoffiXsponR570.01Eg271100	bHLH	TFF
SoffiXsponR570.01Eg271500	MYB	TFF
SoffiXsponR570.01Eg274300	MYB	TFF
SoffiXsponR570.01Eg275200	GeBP	TFF
SoffiXsponR570.01Eg277000	HSF	TFF
SoffiXsponR570.01Eg277200	MADS	TFF
SoffiXsponR570.01Eg277900	MED26	OTR
SoffiXsponR570.01Eg280300	MYB-related	TFF
SoffiXsponR570.01Eg280500	mTERF	OTR
SoffiXsponR570.01Eg286300	Top	TFF
SoffiXsponR570.01Eg287800	TUB	TFF
SoffiXsponR570.01Eg289900	Jumonji	OTR
SoffiXsponR570.01Eg295200	OFP	TFF
SoffiXsponR570.01Eg295800	bZIP	TFF
SoffiXsponR570.01Eg296400	WRKY	TFF
SoffiXsponR570.01Eg299600	MYB-related	TFF
SoffiXsponR570.01Eg300100	C3H	TFF
SoffiXsponR570.01Eg301200	NAC	TFF
SoffiXsponR570.01Eg301400	NAC	TFF
SoffiXsponR570.01Eg302400	MYB-related	TFF
SoffiXsponR570.01Eg303100	EIL	TFF
SoffiXsponR570.01Eg303800	bZIP	TFF
SoffiXsponR570.01Eg304500	WRKY	TFF
SoffiXsponR570.01Eg306100	bZIP	TFF
SoffiXsponR570.01Eg307000	MYB	TFF
SoffiXsponR570.01Eg307200	MYB	TFF
SoffiXsponR570.01Eg308200	AP2-EREBP	TFF
SoffiXsponR570.01Eg309900	PAS	TFF
SoffiXsponR570.01Eg311100	SET	OTR
SoffiXsponR570.01Eg312000	bZIP	TFF
SoffiXsponR570.01Eg313600	PHD	OTR
SoffiXsponR570.01Eg313700	MYB	TFF
SoffiXsponR570.01Eg313900	MYB	TFF
SoffiXsponR570.01Eg314400	PHD	OTR
SoffiXsponR570.01Eg315000	C3H	TFF
SoffiXsponR570.01Eg319500	MYB	TFF
SoffiXsponR570.01Eg321900	PHD	OTR
SoffiXsponR570.01Eg327000	C2H2	TFF
SoffiXsponR570.01Eg327800	CCAAT	TFF
SoffiXsponR570.01Eg330500	C2C2-Dof	TFF
SoffiXsponR570.01Eg331900	GRAS	TFF
SoffiXsponR570.01Eg333200	Sigma70-like	TFF
SoffiXsponR570.01Eg335000	LIM	TFF
SoffiXsponR570.01Eg336200	LIM	TFF
SoffiXsponR570.01Eg338700	GRAS	TFF
SoffiXsponR570.01Eg340200	bHLH	TFF
SoffiXsponR570.01Eg343400	FAR1	TFF
SoffiXsponR570.01Eg344100	Top	TFF
SoffiXsponR570.01Eg346000	CCAAT	TFF
SoffiXsponR570.01Eg351300	MYB-related	TFF
SoffiXsponR570.01Eg352000	bZIP	TFF
SoffiXsponR570.01Eg353900	C2H2	TFF
SoffiXsponR570.01Eg357900	bHLH	TFF
SoffiXsponR570.01Eg359100	bHLH	TFF
SoffiXsponR570.01Eg359300	AP2-EREBP	TFF
SoffiXsponR570.01Eg361500	HSF	TFF
SoffiXsponR570.01Eg361800	ARR-B	TFF
SoffiXsponR570.01Eg361800	MYB-related	TFF
SoffiXsponR570.01Eg363500	NAC	TFF
SoffiXsponR570.01Eg366200	MADS	TFF
SoffiXsponR570.01Eg366300	C2C2-YABBY	TFF
SoffiXsponR570.01Eg368900	MYB-related	TFF
SoffiXsponR570.01Eg369000	ABI3VP1	TFF
SoffiXsponR570.01Eg373300	TRAF	OTR
SoffiXsponR570.01Eg373500	GNAT	OTR
SoffiXsponR570.01Eg374000	bHLH	TFF
SoffiXsponR570.01Eg378700	OFP	TFF
SoffiXsponR570.01Eg378800	C2H2	TFF
SoffiXsponR570.01Eg381600	GNAT	OTR
SoffiXsponR570.01Eg382300	GRAS	TFF
SoffiXsponR570.01Eg383600	AP2-EREBP	TFF
SoffiXsponR570.01Eg384300	TIG	TFF
SoffiXsponR570.01Eg385900	bHLH	TFF
SoffiXsponR570.01Eg387600	MADS	TFF
SoffiXsponR570.01Eg388700	ABI3VP1	TFF
SoffiXsponR570.01Eg389600	AP2-EREBP	TFF
SoffiXsponR570.01Eg389700	AP2-EREBP	TFF
SoffiXsponR570.01Eg389800	AP2-EREBP	TFF
SoffiXsponR570.01Eg390600	FAR1	TFF
SoffiXsponR570.01Eg390900	Tify	TFF
SoffiXsponR570.01Eg391000	Tify	TFF
SoffiXsponR570.01Eg391100	Tify	TFF
SoffiXsponR570.01Eg393200	GNAT	OTR
SoffiXsponR570.01Eg393400	AP2-EREBP	TFF
SoffiXsponR570.01Eg394400	CCAAT	TFF
SoffiXsponR570.01Eg395100	AP2-EREBP	TFF
SoffiXsponR570.01Eg396300	bHLH	TFF
SoffiXsponR570.01Eg396500	bHLH	TFF
SoffiXsponR570.01Eg398000	C2C2-Dof	TFF
SoffiXsponR570.01Eg399200	SET	OTR
SoffiXsponR570.01Eg402000	HB	TFF
SoffiXsponR570.01Eg404200	HSF	TFF
SoffiXsponR570.01Eg405900	OFP	TFF
SoffiXsponR570.01Eg409900	E2F-DP	TFF
SoffiXsponR570.01Eg410500	Top	TFF
SoffiXsponR570.01Eg410600	GNAT	OTR
SoffiXsponR570.01Eg410700	Jumonji	OTR
SoffiXsponR570.01Eg411200	AP2-EREBP	TFF
SoffiXsponR570.01Eg412100	C2H2	TFF
SoffiXsponR570.01Eg413400	C2C2-GATA	TFF
SoffiXsponR570.01Eg415300	C2C2-GATA	TFF
SoffiXsponR570.01Eg418000	MYB	TFF
SoffiXsponR570.01Eg422200	MYB-related	TFF
SoffiXsponR570.01Eg423200	bHLH	TFF
SoffiXsponR570.01Eg425000	NAC	TFF
SoffiXsponR570.01Eg426600	RWP-RK	TFF
SoffiXsponR570.01Eg428100	bHLH	TFF
SoffiXsponR570.01Eg428300	MYB-related	TFF
SoffiXsponR570.01Eg430600	FHA	TFF
SoffiXsponR570.01Eg430700	bZIP	TFF
SoffiXsponR570.01Eg430900	NAC	TFF
SoffiXsponR570.01Eg431600	OFP	TFF
SoffiXsponR570.01Eg433900	HB	TFF
SoffiXsponR570.01Eg434200	HB	TFF
SoffiXsponR570.01Eg434300	Top	TFF
SoffiXsponR570.01Eg434800	MADS	TFF
SoffiXsponR570.01Eg435600	bHLH	TFF
SoffiXsponR570.01Eg436300	ABI3VP1	TFF
SoffiXsponR570.01Eg437400	NAC	TFF
SoffiXsponR570.01Eg439500	AP2-EREBP	TFF
SoffiXsponR570.01Eg443500	Trihelix	TFF
SoffiXsponR570.01Eg443900	SWI/SNF-BAF60b	OTR
SoffiXsponR570.01Eg450700	GRAS	TFF
SoffiXsponR570.01Eg452100	Not1	TFF
SoffiXsponR570.01Fg001200	Trihelix	TFF
SoffiXsponR570.01Fg001300	TFIID	TFF
SoffiXsponR570.01Fg003000	SWI/SNF-BAF60b	OTR
SoffiXsponR570.01Fg005400	C2C2-YABBY	TFF
SoffiXsponR570.01Fg006600	SET	OTR
SoffiXsponR570.01Fg010000	GNAT	OTR
SoffiXsponR570.01Fg010200	MYB	TFF
SoffiXsponR570.01Fg010600	GeBP	TFF
SoffiXsponR570.01Fg011800	C2C2-Dof	TFF
SoffiXsponR570.01Fg013000	Top	TFF
SoffiXsponR570.01Fg018300	FHA	TFF
SoffiXsponR570.01Fg022600	ARF	TFF
SoffiXsponR570.01Fg023900	MYB	TFF
SoffiXsponR570.01Fg029300	Top	TFF
SoffiXsponR570.01Fg030900	ARR-B	TFF
SoffiXsponR570.01Fg031400	SAP	TFF
SoffiXsponR570.01Fg032300	C2C2-GATA	TFF
SoffiXsponR570.01Fg035000	ARID	OTR
SoffiXsponR570.01Fg036000	AP2-EREBP	TFF
SoffiXsponR570.01Fg036700	MYB-related	TFF
SoffiXsponR570.01Fg036900	MYB-related	TFF
SoffiXsponR570.01Fg037000	MYB-related	TFF
SoffiXsponR570.01Fg037100	MYB-related	TFF
SoffiXsponR570.01Fg040200	E2F-DP	TFF
SoffiXsponR570.01Fg044000	TFIID	TFF
SoffiXsponR570.01Fg044200	OFP	TFF
SoffiXsponR570.01Fg045800	C2H2	TFF
SoffiXsponR570.01Fg045900	HSF	TFF
SoffiXsponR570.01Fg046300	HSF	TFF
SoffiXsponR570.01Fg046700	HSF	TFF
SoffiXsponR570.01Fg050300	TRAF	OTR
SoffiXsponR570.01Fg051700	GNAT	OTR
SoffiXsponR570.01Fg054400	SET	OTR
SoffiXsponR570.01Fg055600	C2C2-Dof	TFF
SoffiXsponR570.01Fg060400	Tify	TFF
SoffiXsponR570.01Fg060700	Tify	TFF
SoffiXsponR570.01Fg060800	Tify	TFF
SoffiXsponR570.01Fg060900	Tify	TFF
SoffiXsponR570.01Fg061000	Tify	TFF
SoffiXsponR570.01Fg061100	Tify	TFF
SoffiXsponR570.01Fg061200	Tify	TFF
SoffiXsponR570.01Fg061300	C3H	TFF
SoffiXsponR570.01Fg061300	SAP	TFF
SoffiXsponR570.01Fg063900	TIG	TFF
SoffiXsponR570.01Fg064100	TIG	TFF
SoffiXsponR570.01Fg064400	AP2-EREBP	TFF
SoffiXsponR570.01Fg065200	GRAS	TFF
SoffiXsponR570.01Fg081500	bHLH	TFF
SoffiXsponR570.01Fg081600	bHLH	TFF
SoffiXsponR570.01Fg085400	WRKY	TFF
SoffiXsponR570.01Fg086900	zf-C5HC2	TFF
SoffiXsponR570.01Fg088200	MYB-related	TFF
SoffiXsponR570.01Fg089700	bHLH	TFF
SoffiXsponR570.01Fg090200	PLATZ	TFF
SoffiXsponR570.01Fg091800	MED26	OTR
SoffiXsponR570.01Fg092100	MED26	OTR
SoffiXsponR570.01Fg092700	NAC	TFF
SoffiXsponR570.01Fg092800	NAC	TFF
SoffiXsponR570.01Fg096300	zf-LSD1	TFF
SoffiXsponR570.01Fg097300	SOH1	OTR
SoffiXsponR570.01Fg098100	MYB-related	TFF
SoffiXsponR570.01Fg098700	AP2-EREBP	TFF
SoffiXsponR570.01Fg099600	MYB-related	TFF
SoffiXsponR570.01Fg100600	AP2-EREBP	TFF
SoffiXsponR570.01Fg102100	C2C2-GATA	TFF
SoffiXsponR570.01Fg102300	bHLH	TFF
SoffiXsponR570.01Fg103900	C2H2	TFF
SoffiXsponR570.01Fg106300	GRAS	TFF
SoffiXsponR570.01Fg115600	ABI3VP1	TFF
SoffiXsponR570.01Fg116100	MADS	TFF
SoffiXsponR570.01Fg116600	HB	TFF
SoffiXsponR570.01Fg117900	OFP	TFF
SoffiXsponR570.01Fg118300	SWI/SNF-SWI3	OTR
SoffiXsponR570.01Fg118400	NAC	TFF
SoffiXsponR570.01Fg118700	bZIP	TFF
SoffiXsponR570.01Fg124000	AP2-EREBP	TFF
SoffiXsponR570.01Fg128000	OFP	TFF
SoffiXsponR570.01Fg128500	GNAT	OTR
SoffiXsponR570.01Fg130400	GRAS	TFF
SoffiXsponR570.01Fg130800	bZIP	TFF
SoffiXsponR570.01Fg132300	C2H2	TFF
SoffiXsponR570.01Fg132400	C2H2	TFF
SoffiXsponR570.01Fg132500	C2H2	TFF
SoffiXsponR570.01Fg134900	WRKY	TFF
SoffiXsponR570.01Fg136000	C2H2	TFF
SoffiXsponR570.01Fg136100	MYB-related	TFF
SoffiXsponR570.01Fg139300	CCAAT	TFF
SoffiXsponR570.01Fg140600	CCAAT	TFF
SoffiXsponR570.01Fg141300	MYB	TFF
SoffiXsponR570.01Fg141700	GRAS	TFF
SoffiXsponR570.01Fg144100	Tify	TFF
SoffiXsponR570.01Fg146100	PLATZ	TFF
SoffiXsponR570.01Fg150600	bHLH	TFF
SoffiXsponR570.01Fg151300	Jumonji	OTR
SoffiXsponR570.01Fg151600	zf-LSD1	TFF
SoffiXsponR570.01Fg152300	TIG	TFF
SoffiXsponR570.01Fg155300	SAP	TFF
SoffiXsponR570.01Fg156600	MYB	TFF
SoffiXsponR570.01Fg159400	MYB	TFF
SoffiXsponR570.01Fg160100	GeBP	TFF
SoffiXsponR570.01Fg161500	HSF	TFF
SoffiXsponR570.01Fg162100	MED26	OTR
SoffiXsponR570.01Fg164200	MYB-related	TFF
SoffiXsponR570.01Fg170100	Top	TFF
SoffiXsponR570.01Fg171800	TUB	TFF
SoffiXsponR570.01Fg174200	Jumonji	OTR
SoffiXsponR570.01Fg179400	OFP	TFF
SoffiXsponR570.01Fg179900	bZIP	TFF
SoffiXsponR570.01Fg180500	WRKY	TFF
SoffiXsponR570.01Fg183200	MYB-related	TFF
SoffiXsponR570.01Fg183600	C3H	TFF
SoffiXsponR570.01Fg184400	NAC	TFF
SoffiXsponR570.01Fg184700	NAC	TFF
SoffiXsponR570.01Fg185700	MYB-related	TFF
SoffiXsponR570.01Fg186300	EIL	TFF
SoffiXsponR570.01Fg187100	bZIP	TFF
SoffiXsponR570.01Fg187800	WRKY	TFF
SoffiXsponR570.01Fg189900	bZIP	TFF
SoffiXsponR570.01Fg191300	MYB	TFF
SoffiXsponR570.01Fg192400	AP2-EREBP	TFF
SoffiXsponR570.01Fg194000	PAS	TFF
SoffiXsponR570.01Fg194900	SET	OTR
SoffiXsponR570.01Fg195900	bZIP	TFF
SoffiXsponR570.01Fg197400	PHD	OTR
SoffiXsponR570.01Fg197600	MYB	TFF
SoffiXsponR570.01Fg197900	MYB	TFF
SoffiXsponR570.01Fg198500	PHD	OTR
SoffiXsponR570.01Fg199000	C3H	TFF
SoffiXsponR570.01Fg203600	MYB	TFF
SoffiXsponR570.01Fg206200	PHD	OTR
SoffiXsponR570.01Fg209900	Pseudo_ARR-B	OTR
SoffiXsponR570.01Fg214500	C2H2	TFF
SoffiXsponR570.01Fg215100	CCAAT	TFF
SoffiXsponR570.01Fg217500	C2C2-Dof	TFF
SoffiXsponR570.01Fg217700	SART-1	OTR
SoffiXsponR570.01Fg218900	GRAS	TFF
SoffiXsponR570.01Fg220000	Sigma70-like	TFF
SoffiXsponR570.01Fg221800	LIM	TFF
SoffiXsponR570.01Fg223200	LIM	TFF
SoffiXsponR570.01Fg225800	GRAS	TFF
SoffiXsponR570.01Fg225900	AP2-EREBP	TFF
SoffiXsponR570.01Fg228300	Top	TFF
SoffiXsponR570.01Fg228800	FAR1	TFF
SoffiXsponR570.01Fg232300	bHLH	TFF
SoffiXsponR570.01Fg233300	CCAAT	TFF
SoffiXsponR570.01Fg238600	MYB-related	TFF
SoffiXsponR570.01Fg239200	bZIP	TFF
SoffiXsponR570.01Fg240600	C2H2	TFF
SoffiXsponR570.01Fg245100	bHLH	TFF
SoffiXsponR570.01Fg246300	bHLH	TFF
SoffiXsponR570.01Fg246500	AP2-EREBP	TFF
SoffiXsponR570.01Fg248700	HSF	TFF
SoffiXsponR570.01Fg249000	ARR-B	TFF
SoffiXsponR570.01Fg249000	MYB-related	TFF
SoffiXsponR570.01Fg250500	NAC	TFF
SoffiXsponR570.01Fg252600	bHLH	TFF
SoffiXsponR570.01Fg253500	MADS	TFF
SoffiXsponR570.01Fg253600	C2C2-YABBY	TFF
SoffiXsponR570.01Fg256400	MYB-related	TFF
SoffiXsponR570.01Fg256500	ABI3VP1	TFF
SoffiXsponR570.01Fg260600	TRAF	OTR
SoffiXsponR570.01Fg261000	GNAT	OTR
SoffiXsponR570.01Fg261400	bHLH	TFF
SoffiXsponR570.01Fg265900	OFP	TFF
SoffiXsponR570.01Fg266000	C2H2	TFF
SoffiXsponR570.01Fg268500	GNAT	OTR
SoffiXsponR570.01Fg269300	GRAS	TFF
SoffiXsponR570.01Fg270900	TIG	TFF
SoffiXsponR570.01Fg272500	bHLH	TFF
SoffiXsponR570.01Fg274400	MADS	TFF
SoffiXsponR570.01Fg275400	ABI3VP1	TFF
SoffiXsponR570.01Fg277000	AP2-EREBP	TFF
SoffiXsponR570.01Fg277100	AP2-EREBP	TFF
SoffiXsponR570.01Fg277200	AP2-EREBP	TFF
SoffiXsponR570.01Fg277300	AP2-EREBP	TFF
SoffiXsponR570.01Fg278000	FAR1	TFF
SoffiXsponR570.01Fg278300	Tify	TFF
SoffiXsponR570.01Fg278500	Tify	TFF
SoffiXsponR570.01Fg278600	Tify	TFF
SoffiXsponR570.01Fg280800	GNAT	OTR
SoffiXsponR570.01Fg281200	AP2-EREBP	TFF
SoffiXsponR570.01Fg281900	CCAAT	TFF
SoffiXsponR570.01Fg282500	AP2-EREBP	TFF
SoffiXsponR570.01Fg283900	bHLH	TFF
SoffiXsponR570.01Fg284100	bHLH	TFF
SoffiXsponR570.01Fg285400	C2C2-Dof	TFF
SoffiXsponR570.01Fg286600	SET	OTR
SoffiXsponR570.01Fg289400	HB	TFF
SoffiXsponR570.01Fg291500	HSF	TFF
SoffiXsponR570.01Fg293400	OFP	TFF
SoffiXsponR570.01Fg297200	E2F-DP	TFF
SoffiXsponR570.01Fg298000	Top	TFF
SoffiXsponR570.01Fg298100	GNAT	OTR
SoffiXsponR570.01Fg298200	Jumonji	OTR
SoffiXsponR570.01Fg298800	AP2-EREBP	TFF
SoffiXsponR570.01Fg299900	C2H2	TFF
SoffiXsponR570.01Fg302200	C2C2-GATA	TFF
SoffiXsponR570.01Fg304700	MYB-related	TFF
SoffiXsponR570.01Fg304700	MYB	TFF
SoffiXsponR570.01Fg309000	MYB-related	TFF
SoffiXsponR570.01Fg310500	bHLH	TFF
SoffiXsponR570.01Fg312200	NAC	TFF
SoffiXsponR570.01Fg314100	RWP-RK	TFF
SoffiXsponR570.01Fg314400	MYB-related	TFF
SoffiXsponR570.01Fg315700	bHLH	TFF
SoffiXsponR570.01Fg315900	MYB-related	TFF
SoffiXsponR570.01Fg319200	FHA	TFF
SoffiXsponR570.01Fg319300	bZIP	TFF
SoffiXsponR570.01Fg319500	NAC	TFF
SoffiXsponR570.01Fg319700	FAR1	TFF
SoffiXsponR570.01Fg320300	OFP	TFF
SoffiXsponR570.01Fg322300	HB	TFF
SoffiXsponR570.01Fg322600	HB	TFF
SoffiXsponR570.01Fg322700	Top	TFF
SoffiXsponR570.01Fg323200	MADS	TFF
SoffiXsponR570.01Fg324000	bHLH	TFF
SoffiXsponR570.01Fg324900	ABI3VP1	TFF
SoffiXsponR570.01Fg325900	NAC	TFF
SoffiXsponR570.01Fg331200	Trihelix	TFF
SoffiXsponR570.01Fg331600	SWI/SNF-BAF60b	OTR
SoffiXsponR570.01Fg338000	GRAS	TFF
SoffiXsponR570.01Fg339500	Not1	TFF
SoffiXsponR570.02Ag000400	Top	TFF
SoffiXsponR570.02Ag000500	OFP	TFF
SoffiXsponR570.02Ag001600	WRKY	TFF
SoffiXsponR570.02Ag001800	RWP-RK	TFF
SoffiXsponR570.02Ag002300	C2H2	TFF
SoffiXsponR570.02Ag002700	NAC	TFF
SoffiXsponR570.02Ag003200	G2-like	TFF
SoffiXsponR570.02Ag004600	RWP-RK	TFF
SoffiXsponR570.02Ag005300	ARF	TFF
SoffiXsponR570.02Ag005700	bHLH	TFF
SoffiXsponR570.02Ag006500	ABI3VP1	TFF
SoffiXsponR570.02Ag009200	AUX/IAA	OTR
SoffiXsponR570.02Ag010000	MYB	TFF
SoffiXsponR570.02Ag012400	OFP	TFF
SoffiXsponR570.02Ag014400	AP2-EREBP	TFF
SoffiXsponR570.02Ag019500	PHD	OTR
SoffiXsponR570.02Ag020600	bHLH	TFF
SoffiXsponR570.02Ag023200	TCP	TFF
SoffiXsponR570.02Ag023800	NOZZLE	TFF
SoffiXsponR570.02Ag024400	bZIP	TFF
SoffiXsponR570.02Ag029000	BES1	TFF
SoffiXsponR570.02Ag030200	MADS	TFF
SoffiXsponR570.02Ag031500	AP2-EREBP	TFF
SoffiXsponR570.02Ag035200	bHLH	TFF
SoffiXsponR570.02Ag036100	C2H2	TFF
SoffiXsponR570.02Ag036500	TRAF	OTR
SoffiXsponR570.02Ag037100	MYB-related	TFF
SoffiXsponR570.02Ag037600	C2C2-Dof	TFF
SoffiXsponR570.02Ag038400	MYB-related	TFF
SoffiXsponR570.02Ag038500	C3H	TFF
SoffiXsponR570.02Ag038600	MYB	TFF
SoffiXsponR570.02Ag039000	NAC	TFF
SoffiXsponR570.02Ag039600	AUX/IAA	OTR
SoffiXsponR570.02Ag040600	MYB-related	TFF
SoffiXsponR570.02Ag041400	PAS	TFF
SoffiXsponR570.02Ag041500	WRKY	TFF
SoffiXsponR570.02Ag041600	WRKY	TFF
SoffiXsponR570.02Ag042700	HMG	OTR
SoffiXsponR570.02Ag044100	PHD	OTR
SoffiXsponR570.02Ag044500	CCAAT	TFF
SoffiXsponR570.02Ag044900	WRKY	TFF
SoffiXsponR570.02Ag046000	OFP	TFF
SoffiXsponR570.02Ag049100	AUX/IAA	OTR
SoffiXsponR570.02Ag049900	zf-BED	TFF
SoffiXsponR570.02Ag050300	Top	TFF
SoffiXsponR570.02Ag050400	BES1	TFF
SoffiXsponR570.02Ag053300	C3H	TFF
SoffiXsponR570.02Ag053700	bZIP	TFF
SoffiXsponR570.02Ag054800	bZIP	TFF
SoffiXsponR570.02Ag057700	MYB	TFF
SoffiXsponR570.02Ag057800	MYB	TFF
SoffiXsponR570.02Ag061300	AP2-EREBP	TFF
SoffiXsponR570.02Ag062200	MYB-related	TFF
SoffiXsponR570.02Ag062700	bHLH	TFF
SoffiXsponR570.02Ag063500	zf-fF-X1	TFF
SoffiXsponR570.02Ag063600	Alfin-like	TFF
SoffiXsponR570.02Ag065800	MYB-related	TFF
SoffiXsponR570.02Ag068200	CCAAT	TFF
SoffiXsponR570.02Ag068300	CCAAT	TFF
SoffiXsponR570.02Ag072800	MED26	OTR
SoffiXsponR570.02Ag072900	Top	TFF
SoffiXsponR570.02Ag073400	MADS	TFF
SoffiXsponR570.02Ag075700	MYB	TFF
SoffiXsponR570.02Ag075800	MYB-related	TFF
SoffiXsponR570.02Ag076100	bHLH	TFF
SoffiXsponR570.02Ag076900	ABI3VP1	TFF
SoffiXsponR570.02Ag076900	AP2-EREBP	TFF
SoffiXsponR570.02Ag077000	AP2-EREBP	TFF
SoffiXsponR570.02Ag083500	AP2-EREBP	TFF
SoffiXsponR570.02Ag084700	C2H2	TFF
SoffiXsponR570.02Ag085400	MYB	TFF
SoffiXsponR570.02Ag086000	MYB-related	TFF
SoffiXsponR570.02Ag094900	bHLH	TFF
SoffiXsponR570.02Ag095000	zf-BED	TFF
SoffiXsponR570.02Ag097200	bHLH	TFF
SoffiXsponR570.02Ag097400	bHLH	TFF
SoffiXsponR570.02Ag097500	bHLH	TFF
SoffiXsponR570.02Ag098200	C2H2	TFF
SoffiXsponR570.02Ag100800	NAC	TFF
SoffiXsponR570.02Ag101000	NAC	TFF
SoffiXsponR570.02Ag101700	MYB	TFF
SoffiXsponR570.02Ag105400	mTERF	OTR
SoffiXsponR570.02Ag106300	NAC	TFF
SoffiXsponR570.02Ag107900	C3H	TFF
SoffiXsponR570.02Ag109800	Top	TFF
SoffiXsponR570.02Ag110200	Jumonji	OTR
SoffiXsponR570.02Ag111400	C3H	TFF
SoffiXsponR570.02Ag111900	C3H	TFF
SoffiXsponR570.02Ag112100	C3H	TFF
SoffiXsponR570.02Ag114100	NAC	TFF
SoffiXsponR570.02Ag115400	C2C2-Dof	TFF
SoffiXsponR570.02Ag120200	BSD	TFF
SoffiXsponR570.02Ag122200	MYB	TFF
SoffiXsponR570.02Ag122300	MYB	TFF
SoffiXsponR570.02Ag122400	MYB	TFF
SoffiXsponR570.02Ag124700	C2C2-Dof	TFF
SoffiXsponR570.02Ag125600	MYB-related	TFF
SoffiXsponR570.02Ag126700	FAR1	TFF
SoffiXsponR570.02Ag129700	MYB-related	TFF
SoffiXsponR570.02Ag129700	MYB	TFF
SoffiXsponR570.02Ag130000	bHLH	TFF
SoffiXsponR570.02Ag130300	AUX/IAA	OTR
SoffiXsponR570.02Ag130500	MADS	TFF
SoffiXsponR570.02Ag130600	MADS	TFF
SoffiXsponR570.02Ag131400	WRKY	TFF
SoffiXsponR570.02Ag133000	SBP	TFF
SoffiXsponR570.02Ag133200	bHLH	TFF
SoffiXsponR570.02Ag134500	MYB	TFF
SoffiXsponR570.02Ag135900	HB	TFF
SoffiXsponR570.02Ag137000	MYB	TFF
SoffiXsponR570.02Ag139800	AP2-EREBP	TFF
SoffiXsponR570.02Ag140500	PLATZ	TFF
SoffiXsponR570.02Ag143100	Top	TFF
SoffiXsponR570.02Ag148800	MADS	TFF
SoffiXsponR570.02Ag149200	C2C2-GATA	TFF
SoffiXsponR570.02Ag152400	SAP	TFF
SoffiXsponR570.02Ag157200	MYB	TFF
SoffiXsponR570.02Ag169700	bZIP	TFF
SoffiXsponR570.02Ag170500	MYB	TFF
SoffiXsponR570.02Ag171300	Jumonji	OTR
SoffiXsponR570.02Ag174800	PHD	OTR
SoffiXsponR570.02Ag174800	zf-BED	TFF
SoffiXsponR570.02Ag178500	bHLH	TFF
SoffiXsponR570.02Ag180400	HSF	TFF
SoffiXsponR570.02Ag180500	C3H	TFF
SoffiXsponR570.02Ag180800	C2H2	TFF
SoffiXsponR570.02Ag181500	bHLH	TFF
SoffiXsponR570.02Ag182000	MYB-related	TFF
SoffiXsponR570.02Ag185000	WRKY	TFF
SoffiXsponR570.02Ag185300	mTERF	OTR
SoffiXsponR570.02Ag185900	CCAAT	TFF
SoffiXsponR570.02Ag186100	WRKY	TFF
SoffiXsponR570.02Ag186900	PLATZ	TFF
SoffiXsponR570.02Ag187800	MYB-related	TFF
SoffiXsponR570.02Ag188800	ABI3VP1	TFF
SoffiXsponR570.02Ag189600	OFP	TFF
SoffiXsponR570.02Ag195300	MYB-related	TFF
SoffiXsponR570.02Ag198400	Top	TFF
SoffiXsponR570.02Ag198500	Top	TFF
SoffiXsponR570.02Ag200100	GNAT	OTR
SoffiXsponR570.02Ag200400	MADS	TFF
SoffiXsponR570.02Ag201900	zf-LSD1	TFF
SoffiXsponR570.02Ag203900	C3H	TFF
SoffiXsponR570.02Ag204900	bHLH	TFF
SoffiXsponR570.02Ag206600	MYB-related	TFF
SoffiXsponR570.02Ag209300	WRKY	TFF
SoffiXsponR570.02Ag209600	HSF	TFF
SoffiXsponR570.02Ag209800	OFP	TFF
SoffiXsponR570.02Ag210100	WRKY	TFF
SoffiXsponR570.02Ag215500	MYB-related	TFF
SoffiXsponR570.02Ag215500	MYB	TFF
SoffiXsponR570.02Ag220100	C3H	TFF
SoffiXsponR570.02Ag220600	GRAS	TFF
SoffiXsponR570.02Ag224600	PHD	OTR
SoffiXsponR570.02Ag225200	WRKY	TFF
SoffiXsponR570.02Ag226200	WRKY	TFF
SoffiXsponR570.02Ag226600	AP2-EREBP	TFF
SoffiXsponR570.02Ag227100	bZIP	TFF
SoffiXsponR570.02Ag229300	C2C2-GATA	TFF
SoffiXsponR570.02Ag229400	MYB-related	TFF
SoffiXsponR570.02Ag230900	WRKY	TFF
SoffiXsponR570.02Ag231300	HMG	OTR
SoffiXsponR570.02Ag232600	C3H	TFF
SoffiXsponR570.02Ag233700	ARF	TFF
SoffiXsponR570.02Ag233800	NAC	TFF
SoffiXsponR570.02Ag234100	DDT	OTR
SoffiXsponR570.02Ag235400	C2C2-Dof	TFF
SoffiXsponR570.02Ag236100	TUB	TFF
SoffiXsponR570.02Ag236900	AUX/IAA	OTR
SoffiXsponR570.02Ag237000	NAC	TFF
SoffiXsponR570.02Ag237100	NAC	TFF
SoffiXsponR570.02Ag238200	E2F-DP	TFF
SoffiXsponR570.02Ag239100	GeBP	TFF
SoffiXsponR570.02Ag242100	MYB	TFF
SoffiXsponR570.02Ag242900	Top	TFF
SoffiXsponR570.02Ag247100	AP2-EREBP	TFF
SoffiXsponR570.02Ag251100	MYB	TFF
SoffiXsponR570.02Ag252100	zf-BED	TFF
SoffiXsponR570.02Ag254500	MYB	TFF
SoffiXsponR570.02Ag256800	bHLH	TFF
SoffiXsponR570.02Ag256900	Coactivator_p15	OTR
SoffiXsponR570.02Ag257900	MYB-related	TFF
SoffiXsponR570.02Ag258700	MYB-related	TFF
SoffiXsponR570.02Ag258700	MYB	TFF
SoffiXsponR570.02Ag260200	ABI3VP1	TFF
SoffiXsponR570.02Ag260800	WRKY	TFF
SoffiXsponR570.02Ag264900	MYB-related	TFF
SoffiXsponR570.02Ag264900	MYB	TFF
SoffiXsponR570.02Ag266000	ABI3VP1	TFF
SoffiXsponR570.02Ag266200	ABI3VP1	TFF
SoffiXsponR570.02Ag267200	MADS	TFF
SoffiXsponR570.02Ag269500	WRKY	TFF
SoffiXsponR570.02Ag270400	OFP	TFF
SoffiXsponR570.02Ag271100	WRKY	TFF
SoffiXsponR570.02Ag277600	C2C2-GATA	TFF
SoffiXsponR570.02Ag277700	SWI/SNF-BAF60b	OTR
SoffiXsponR570.02Ag279500	HB	TFF
SoffiXsponR570.02Ag281100	HSF	TFF
SoffiXsponR570.02Ag281300	OFP	TFF
SoffiXsponR570.02Ag281500	WRKY	TFF
SoffiXsponR570.02Ag282700	AP2-EREBP	TFF
SoffiXsponR570.02Ag283000	VOZ	TFF
SoffiXsponR570.02Ag283400	ARF	TFF
SoffiXsponR570.02Ag284600	TCP	TFF
SoffiXsponR570.02Ag285000	bZIP	TFF
SoffiXsponR570.02Ag286400	C2C2-Dof	TFF
SoffiXsponR570.02Ag287400	TUB	TFF
SoffiXsponR570.02Ag288800	CPP	TFF
SoffiXsponR570.02Ag290100	TCP	TFF
SoffiXsponR570.02Ag292100	NAC	TFF
SoffiXsponR570.02Ag292400	zf-A20	TFF
SoffiXsponR570.02Ag292700	BSD	TFF
SoffiXsponR570.02Ag293600	TRAF	OTR
SoffiXsponR570.02Ag295100	NAC	TFF
SoffiXsponR570.02Ag296200	SET	OTR
SoffiXsponR570.02Ag297700	bHLH	TFF
SoffiXsponR570.02Ag301000	Top	TFF
SoffiXsponR570.02Ag309500	AP2-EREBP	TFF
SoffiXsponR570.02Ag309600	AP2-EREBP	TFF
SoffiXsponR570.02Ag311800	SAP	TFF
SoffiXsponR570.02Ag312400	bZIP	TFF
SoffiXsponR570.02Ag315700	bZIP	TFF
SoffiXsponR570.02Ag317200	SET	OTR
SoffiXsponR570.02Ag317400	MYB	TFF
SoffiXsponR570.02Ag318400	bZIP	TFF
SoffiXsponR570.02Ag318600	AP2-EREBP	TFF
SoffiXsponR570.02Ag319600	NAC	TFF
SoffiXsponR570.02Ag321000	NAC	TFF
SoffiXsponR570.02Ag323700	WRKY	TFF
SoffiXsponR570.02Ag323800	WRKY	TFF
SoffiXsponR570.02Ag323900	WRKY	TFF
SoffiXsponR570.02Ag324000	WRKY	TFF
SoffiXsponR570.02Ag325000	OFP	TFF
SoffiXsponR570.02Ag327200	WRKY	TFF
SoffiXsponR570.02Ag330400	bHLH	TFF
SoffiXsponR570.02Ag332200	CCAAT	TFF
SoffiXsponR570.02Ag335300	C2H2	TFF
SoffiXsponR570.02Ag335500	C2H2	TFF
SoffiXsponR570.02Ag335900	CCAAT	TFF
SoffiXsponR570.02Ag337500	MYB	TFF
SoffiXsponR570.02Ag338100	GRAS	TFF
SoffiXsponR570.02Ag338600	WRKY	TFF
SoffiXsponR570.02Ag339400	MYB-related	TFF
SoffiXsponR570.02Ag341900	HB	TFF
SoffiXsponR570.02Ag343500	MYB-related	TFF
SoffiXsponR570.02Ag343500	MYB	TFF
SoffiXsponR570.02Ag345900	MYB	TFF
SoffiXsponR570.02Ag349200	CCAAT	TFF
SoffiXsponR570.02Ag349600	C2H2	TFF
SoffiXsponR570.02Ag349900	bZIP	TFF
SoffiXsponR570.02Ag351600	NAC	TFF
SoffiXsponR570.02Ag351700	MYB-related	TFF
SoffiXsponR570.02Ag352000	OFP	TFF
SoffiXsponR570.02Ag352100	OFP	TFF
SoffiXsponR570.02Ag353600	C2C2-Dof	TFF
SoffiXsponR570.02Ag354500	TUB	TFF
SoffiXsponR570.02Ag354800	bZIP	TFF
SoffiXsponR570.02Ag355300	AP2-EREBP	TFF
SoffiXsponR570.02Ag356800	C2H2	TFF
SoffiXsponR570.02Ag358600	MYB	TFF
SoffiXsponR570.02Ag361400	PHD	OTR
SoffiXsponR570.02Ag362400	SET	OTR
SoffiXsponR570.02Ag364200	GRAS	TFF
SoffiXsponR570.02Ag365100	MADS	TFF
SoffiXsponR570.02Ag365400	PHD	OTR
SoffiXsponR570.02Ag365700	NAC	TFF
SoffiXsponR570.02Ag365900	SWI/SNF-BAF60b	OTR
SoffiXsponR570.02Ag366900	AP2-EREBP	TFF
SoffiXsponR570.02Ag367200	MADS	TFF
SoffiXsponR570.02Ag367500	AP2-EREBP	TFF
SoffiXsponR570.02Ag368100	Alfin-like	TFF
SoffiXsponR570.02Ag368300	NAC	TFF
SoffiXsponR570.02Ag371400	TAZ	TFF
SoffiXsponR570.02Ag375400	mTERF	OTR
SoffiXsponR570.02Ag376300	AP2-EREBP	TFF
SoffiXsponR570.02Ag376900	bHLH	TFF
SoffiXsponR570.02Ag378900	ARR-B	TFF
SoffiXsponR570.02Ag378900	MYB-related	TFF
SoffiXsponR570.02Ag379200	ABI3VP1	TFF
SoffiXsponR570.02Ag380500	Jumonji	OTR
SoffiXsponR570.02Ag381000	TAZ	TFF
SoffiXsponR570.02Ag381500	mTERF	OTR
SoffiXsponR570.02Ag383700	ABI3VP1	TFF
SoffiXsponR570.02Ag386200	bHLH	TFF
SoffiXsponR570.02Ag387300	C3H	TFF
SoffiXsponR570.02Ag391500	SBP	TFF
SoffiXsponR570.02Ag391600	MADS	TFF
SoffiXsponR570.02Ag392300	CAMTA	TFF
SoffiXsponR570.02Ag393600	TCP	TFF
SoffiXsponR570.02Ag395400	NAC	TFF
SoffiXsponR570.02Ag395500	MYB	TFF
SoffiXsponR570.02Ag396000	Tify	TFF
SoffiXsponR570.02Ag397100	SET	OTR
SoffiXsponR570.02Ag397600	ARF	TFF
SoffiXsponR570.02Ag397900	bHLH	TFF
SoffiXsponR570.02Ag400800	TRAF	OTR
SoffiXsponR570.02Ag403200	C2H2	TFF
SoffiXsponR570.02Ag403300	CCAAT	TFF
SoffiXsponR570.02Ag403400	CCAAT	TFF
SoffiXsponR570.02Ag403500	CCAAT	TFF
SoffiXsponR570.02Ag409300	zf-BED	TFF
SoffiXsponR570.02Ag409700	NAC	TFF
SoffiXsponR570.02Ag410300	GRAS	TFF
SoffiXsponR570.02Ag411100	TRAF	OTR
SoffiXsponR570.02Ag416200	bHLH	TFF
SoffiXsponR570.02Ag417200	SRS	TFF
SoffiXsponR570.02Ag422200	Top	TFF
SoffiXsponR570.02Ag426000	PHD	OTR
SoffiXsponR570.02Ag429800	MYB-related	TFF
SoffiXsponR570.02Ag430200	WRKY	TFF
SoffiXsponR570.02Ag430300	Top	TFF
SoffiXsponR570.02Ag432700	C2C2-GATA	TFF
SoffiXsponR570.02Ag433100	MYB	TFF
SoffiXsponR570.02Bg000400	TUB	TFF
SoffiXsponR570.02Bg001000	C2H2	TFF
SoffiXsponR570.02Bg001600	RWP-RK	TFF
SoffiXsponR570.02Bg001900	WRKY	TFF
SoffiXsponR570.02Bg002500	NAC	TFF
SoffiXsponR570.02Bg003000	G2-like	TFF
SoffiXsponR570.02Bg003800	RWP-RK	TFF
SoffiXsponR570.02Bg004100	ARF	TFF
SoffiXsponR570.02Bg004500	bHLH	TFF
SoffiXsponR570.02Bg005500	ABI3VP1	TFF
SoffiXsponR570.02Bg007800	AUX/IAA	OTR
SoffiXsponR570.02Bg008800	MYB	TFF
SoffiXsponR570.02Bg011700	OFP	TFF
SoffiXsponR570.02Bg013500	AP2-EREBP	TFF
SoffiXsponR570.02Bg017500	PHD	OTR
SoffiXsponR570.02Bg018900	bHLH	TFF
SoffiXsponR570.02Bg021700	TCP	TFF
SoffiXsponR570.02Bg022400	NOZZLE	TFF
SoffiXsponR570.02Bg023000	bZIP	TFF
SoffiXsponR570.02Bg027500	BES1	TFF
SoffiXsponR570.02Bg028500	MADS	TFF
SoffiXsponR570.02Bg029800	AP2-EREBP	TFF
SoffiXsponR570.02Bg033000	bHLH	TFF
SoffiXsponR570.02Bg033900	C2H2	TFF
SoffiXsponR570.02Bg034100	C2H2	TFF
SoffiXsponR570.02Bg034400	TRAF	OTR
SoffiXsponR570.02Bg035100	MYB-related	TFF
SoffiXsponR570.02Bg035800	C2C2-Dof	TFF
SoffiXsponR570.02Bg036400	MYB-related	TFF
SoffiXsponR570.02Bg036600	MYB	TFF
SoffiXsponR570.02Bg037200	NAC	TFF
SoffiXsponR570.02Bg037800	AUX/IAA	OTR
SoffiXsponR570.02Bg038700	MYB-related	TFF
SoffiXsponR570.02Bg039700	PAS	TFF
SoffiXsponR570.02Bg039800	WRKY	TFF
SoffiXsponR570.02Bg039900	WRKY	TFF
SoffiXsponR570.02Bg040800	HMG	OTR
SoffiXsponR570.02Bg042700	PHD	OTR
SoffiXsponR570.02Bg043100	CCAAT	TFF
SoffiXsponR570.02Bg043600	WRKY	TFF
SoffiXsponR570.02Bg044400	OFP	TFF
SoffiXsponR570.02Bg047700	AUX/IAA	OTR
SoffiXsponR570.02Bg048500	zf-BED	TFF
SoffiXsponR570.02Bg048800	Top	TFF
SoffiXsponR570.02Bg048900	BES1	TFF
SoffiXsponR570.02Bg051800	bZIP	TFF
SoffiXsponR570.02Bg053000	bZIP	TFF
SoffiXsponR570.02Bg055200	MYB	TFF
SoffiXsponR570.02Bg055300	MYB	TFF
SoffiXsponR570.02Bg058900	AP2-EREBP	TFF
SoffiXsponR570.02Bg059900	MYB-related	TFF
SoffiXsponR570.02Bg060800	bHLH	TFF
SoffiXsponR570.02Bg061600	zf-fF-X1	TFF
SoffiXsponR570.02Bg061700	Alfin-like	TFF
SoffiXsponR570.02Bg063500	MYB-related	TFF
SoffiXsponR570.02Bg065300	CCAAT	TFF
SoffiXsponR570.02Bg065500	CCAAT	TFF
SoffiXsponR570.02Bg070200	MED26	OTR
SoffiXsponR570.02Bg070700	MADS	TFF
SoffiXsponR570.02Bg074000	MYB	TFF
SoffiXsponR570.02Bg074100	MYB-related	TFF
SoffiXsponR570.02Bg074500	bHLH	TFF
SoffiXsponR570.02Bg075400	ABI3VP1	TFF
SoffiXsponR570.02Bg075400	AP2-EREBP	TFF
SoffiXsponR570.02Bg075500	AP2-EREBP	TFF
SoffiXsponR570.02Bg078500	bZIP	TFF
SoffiXsponR570.02Bg082800	AP2-EREBP	TFF
SoffiXsponR570.02Bg084600	MYB	TFF
SoffiXsponR570.02Bg085200	MYB-related	TFF
SoffiXsponR570.02Bg085400	MYB-related	TFF
SoffiXsponR570.02Bg088300	AP2-EREBP	TFF
SoffiXsponR570.02Bg089400	C2H2	TFF
SoffiXsponR570.02Bg090000	MYB	TFF
SoffiXsponR570.02Bg090500	MYB-related	TFF
SoffiXsponR570.02Bg090800	MYB-related	TFF
SoffiXsponR570.02Bg100900	bHLH	TFF
SoffiXsponR570.02Bg101000	zf-BED	TFF
SoffiXsponR570.02Bg103300	bHLH	TFF
SoffiXsponR570.02Bg103500	bHLH	TFF
SoffiXsponR570.02Bg106200	NAC	TFF
SoffiXsponR570.02Bg106400	NAC	TFF
SoffiXsponR570.02Bg107300	MYB	TFF
SoffiXsponR570.02Bg110300	BSD	TFF
SoffiXsponR570.02Bg112500	MYB	TFF
SoffiXsponR570.02Bg112600	MYB	TFF
SoffiXsponR570.02Bg112700	MYB	TFF
SoffiXsponR570.02Bg114100	WRKY	TFF
SoffiXsponR570.02Bg115200	SBP	TFF
SoffiXsponR570.02Bg115400	bHLH	TFF
SoffiXsponR570.02Bg117000	MYB	TFF
SoffiXsponR570.02Bg118700	HB	TFF
SoffiXsponR570.02Bg119800	MYB	TFF
SoffiXsponR570.02Bg122800	AP2-EREBP	TFF
SoffiXsponR570.02Bg125700	Top	TFF
SoffiXsponR570.02Bg131300	MADS	TFF
SoffiXsponR570.02Bg131600	C2C2-GATA	TFF
SoffiXsponR570.02Bg134500	SAP	TFF
SoffiXsponR570.02Bg139300	MYB	TFF
SoffiXsponR570.02Bg145500	PHD	OTR
SoffiXsponR570.02Bg145500	zf-BED	TFF
SoffiXsponR570.02Bg149700	bHLH	TFF
SoffiXsponR570.02Bg150800	MYB-related	TFF
SoffiXsponR570.02Bg153600	WRKY	TFF
SoffiXsponR570.02Bg154000	mTERF	OTR
SoffiXsponR570.02Bg154600	CCAAT	TFF
SoffiXsponR570.02Bg154800	WRKY	TFF
SoffiXsponR570.02Bg155700	PLATZ	TFF
SoffiXsponR570.02Bg156400	MYB-related	TFF
SoffiXsponR570.02Bg156900	ABI3VP1	TFF
SoffiXsponR570.02Bg157600	OFP	TFF
SoffiXsponR570.02Bg162700	MYB-related	TFF
SoffiXsponR570.02Bg165200	Top	TFF
SoffiXsponR570.02Bg165300	Top	TFF
SoffiXsponR570.02Bg166600	GNAT	OTR
SoffiXsponR570.02Bg166800	MADS	TFF
SoffiXsponR570.02Bg168200	zf-LSD1	TFF
SoffiXsponR570.02Bg170000	C3H	TFF
SoffiXsponR570.02Bg171200	bHLH	TFF
SoffiXsponR570.02Bg172800	MYB-related	TFF
SoffiXsponR570.02Bg175400	WRKY	TFF
SoffiXsponR570.02Bg175600	HSF	TFF
SoffiXsponR570.02Bg175800	OFP	TFF
SoffiXsponR570.02Bg176100	WRKY	TFF
SoffiXsponR570.02Bg181800	MYB	TFF
SoffiXsponR570.02Bg186200	C3H	TFF
SoffiXsponR570.02Bg186700	GRAS	TFF
SoffiXsponR570.02Bg191200	PHD	OTR
SoffiXsponR570.02Bg191800	WRKY	TFF
SoffiXsponR570.02Bg192300	AP2-EREBP	TFF
SoffiXsponR570.02Bg192800	bZIP	TFF
SoffiXsponR570.02Bg195100	C2C2-GATA	TFF
SoffiXsponR570.02Bg195200	MYB-related	TFF
SoffiXsponR570.02Bg197000	WRKY	TFF
SoffiXsponR570.02Bg197400	HMG	OTR
SoffiXsponR570.02Bg198800	C3H	TFF
SoffiXsponR570.02Bg200100	ARF	TFF
SoffiXsponR570.02Bg200200	NAC	TFF
SoffiXsponR570.02Bg200500	DDT	OTR
SoffiXsponR570.02Bg201600	C2C2-Dof	TFF
SoffiXsponR570.02Bg202300	TUB	TFF
SoffiXsponR570.02Bg203000	AUX/IAA	OTR
SoffiXsponR570.02Bg203100	NAC	TFF
SoffiXsponR570.02Bg203200	NAC	TFF
SoffiXsponR570.02Bg204300	E2F-DP	TFF
SoffiXsponR570.02Bg205100	GeBP	TFF
SoffiXsponR570.02Bg208000	MYB	TFF
SoffiXsponR570.02Bg208700	Top	TFF
SoffiXsponR570.02Bg212100	AP2-EREBP	TFF
SoffiXsponR570.02Bg214300	MYB	TFF
SoffiXsponR570.02Bg215400	zf-BED	TFF
SoffiXsponR570.02Bg217100	MYB	TFF
SoffiXsponR570.02Bg219300	bHLH	TFF
SoffiXsponR570.02Bg219400	Coactivator_p15	OTR
SoffiXsponR570.02Bg220300	bHLH	TFF
SoffiXsponR570.02Bg220400	MYB-related	TFF
SoffiXsponR570.02Bg221200	MYB	TFF
SoffiXsponR570.02Bg222700	ABI3VP1	TFF
SoffiXsponR570.02Bg223300	WRKY	TFF
SoffiXsponR570.02Bg227400	MYB-related	TFF
SoffiXsponR570.02Bg227400	MYB	TFF
SoffiXsponR570.02Bg228400	ABI3VP1	TFF
SoffiXsponR570.02Bg228600	ABI3VP1	TFF
SoffiXsponR570.02Bg229700	MADS	TFF
SoffiXsponR570.02Bg232200	WRKY	TFF
SoffiXsponR570.02Bg233200	OFP	TFF
SoffiXsponR570.02Bg233500	HSF	TFF
SoffiXsponR570.02Bg233900	WRKY	TFF
SoffiXsponR570.02Bg237900	AUX/IAA	OTR
SoffiXsponR570.02Bg239900	C2C2-GATA	TFF
SoffiXsponR570.02Bg240000	SWI/SNF-BAF60b	OTR
SoffiXsponR570.02Bg241700	HB	TFF
SoffiXsponR570.02Bg243200	HSF	TFF
SoffiXsponR570.02Bg243600	OFP	TFF
SoffiXsponR570.02Bg243800	WRKY	TFF
SoffiXsponR570.02Bg245000	AP2-EREBP	TFF
SoffiXsponR570.02Bg245400	VOZ	TFF
SoffiXsponR570.02Bg245900	ARF	TFF
SoffiXsponR570.02Bg246900	TCP	TFF
SoffiXsponR570.02Bg247300	bZIP	TFF
SoffiXsponR570.02Bg248700	C2C2-Dof	TFF
SoffiXsponR570.02Bg251000	CPP	TFF
SoffiXsponR570.02Bg252700	FAR1	TFF
SoffiXsponR570.02Bg253000	TCP	TFF
SoffiXsponR570.02Bg255500	zf-A20	TFF
SoffiXsponR570.02Bg256000	BSD	TFF
SoffiXsponR570.02Bg256800	TRAF	OTR
SoffiXsponR570.02Bg258700	NAC	TFF
SoffiXsponR570.02Bg260000	SET	OTR
SoffiXsponR570.02Bg261900	bHLH	TFF
SoffiXsponR570.02Bg265200	Top	TFF
SoffiXsponR570.02Bg273400	AP2-EREBP	TFF
SoffiXsponR570.02Bg273600	AP2-EREBP	TFF
SoffiXsponR570.02Bg275600	SAP	TFF
SoffiXsponR570.02Bg276200	bZIP	TFF
SoffiXsponR570.02Bg279200	bZIP	TFF
SoffiXsponR570.02Bg280700	SET	OTR
SoffiXsponR570.02Bg280900	MYB	TFF
SoffiXsponR570.02Bg282000	bZIP	TFF
SoffiXsponR570.02Bg282100	AP2-EREBP	TFF
SoffiXsponR570.02Bg284500	NAC	TFF
SoffiXsponR570.02Bg287200	WRKY	TFF
SoffiXsponR570.02Bg287300	WRKY	TFF
SoffiXsponR570.02Bg287400	WRKY	TFF
SoffiXsponR570.02Bg287500	WRKY	TFF
SoffiXsponR570.02Bg288800	OFP	TFF
SoffiXsponR570.02Bg291100	WRKY	TFF
SoffiXsponR570.02Bg294400	bHLH	TFF
SoffiXsponR570.02Bg296400	CCAAT	TFF
SoffiXsponR570.02Bg299500	C2H2	TFF
SoffiXsponR570.02Bg299800	C2H2	TFF
SoffiXsponR570.02Bg300200	CCAAT	TFF
SoffiXsponR570.02Bg300700	C2H2	TFF
SoffiXsponR570.02Bg300800	CCAAT	TFF
SoffiXsponR570.02Bg302200	MYB	TFF
SoffiXsponR570.02Bg302600	GRAS	TFF
SoffiXsponR570.02Bg303000	WRKY	TFF
SoffiXsponR570.02Bg303800	MYB-related	TFF
SoffiXsponR570.02Bg306400	HB	TFF
SoffiXsponR570.02Bg307500	MYB	TFF
SoffiXsponR570.02Bg309800	MYB	TFF
SoffiXsponR570.02Bg309900	MYB	TFF
SoffiXsponR570.02Bg313100	CCAAT	TFF
SoffiXsponR570.02Bg313400	C2H2	TFF
SoffiXsponR570.02Bg313600	bZIP	TFF
SoffiXsponR570.02Bg313800	bZIP	TFF
SoffiXsponR570.02Bg315900	NAC	TFF
SoffiXsponR570.02Bg316000	MYB-related	TFF
SoffiXsponR570.02Bg316300	OFP	TFF
SoffiXsponR570.02Bg316400	OFP	TFF
SoffiXsponR570.02Bg318400	TUB	TFF
SoffiXsponR570.02Bg318700	bZIP	TFF
SoffiXsponR570.02Bg319200	AP2-EREBP	TFF
SoffiXsponR570.02Bg320700	C2H2	TFF
SoffiXsponR570.02Bg322800	MYB	TFF
SoffiXsponR570.02Bg325300	PHD	OTR
SoffiXsponR570.02Bg326300	SET	OTR
SoffiXsponR570.02Bg327500	NAC	TFF
SoffiXsponR570.02Bg328000	GRAS	TFF
SoffiXsponR570.02Bg328900	MADS	TFF
SoffiXsponR570.02Bg329300	PHD	OTR
SoffiXsponR570.02Bg329600	NAC	TFF
SoffiXsponR570.02Bg329800	SWI/SNF-BAF60b	OTR
SoffiXsponR570.02Bg330700	MADS	TFF
SoffiXsponR570.02Bg331000	AP2-EREBP	TFF
SoffiXsponR570.02Bg331500	Alfin-like	TFF
SoffiXsponR570.02Bg331700	NAC	TFF
SoffiXsponR570.02Bg335200	TAZ	TFF
SoffiXsponR570.02Bg339500	mTERF	OTR
SoffiXsponR570.02Bg340300	AP2-EREBP	TFF
SoffiXsponR570.02Bg341100	bHLH	TFF
SoffiXsponR570.02Bg342700	GRAS	TFF
SoffiXsponR570.02Bg343200	ARR-B	TFF
SoffiXsponR570.02Bg343200	MYB-related	TFF
SoffiXsponR570.02Bg343600	ABI3VP1	TFF
SoffiXsponR570.02Bg344700	Jumonji	OTR
SoffiXsponR570.02Bg345200	TAZ	TFF
SoffiXsponR570.02Bg345700	mTERF	OTR
SoffiXsponR570.02Bg348000	ABI3VP1	TFF
SoffiXsponR570.02Bg350600	bHLH	TFF
SoffiXsponR570.02Bg351900	C3H	TFF
SoffiXsponR570.02Bg356900	SBP	TFF
SoffiXsponR570.02Bg357000	MADS	TFF
SoffiXsponR570.02Bg357800	TIG	TFF
SoffiXsponR570.02Bg358800	Top	TFF
SoffiXsponR570.02Bg358900	TCP	TFF
SoffiXsponR570.02Bg360700	NAC	TFF
SoffiXsponR570.02Bg361300	Tify	TFF
SoffiXsponR570.02Bg361400	Tify	TFF
SoffiXsponR570.02Bg362500	SET	OTR
SoffiXsponR570.02Bg363000	ARF	TFF
SoffiXsponR570.02Bg363300	bHLH	TFF
SoffiXsponR570.02Bg365800	TRAF	OTR
SoffiXsponR570.02Bg368000	C2H2	TFF
SoffiXsponR570.02Bg368100	CCAAT	TFF
SoffiXsponR570.02Bg368200	CCAAT	TFF
SoffiXsponR570.02Bg368300	CCAAT	TFF
SoffiXsponR570.02Bg374900	NAC	TFF
SoffiXsponR570.02Bg375600	GRAS	TFF
SoffiXsponR570.02Bg376400	TRAF	OTR
SoffiXsponR570.02Bg381400	bHLH	TFF
SoffiXsponR570.02Bg382100	SRS	TFF
SoffiXsponR570.02Bg384200	FAR1	TFF
SoffiXsponR570.02Bg388100	Top	TFF
SoffiXsponR570.02Bg392500	PHD	OTR
SoffiXsponR570.02Bg392700	GNAT	OTR
SoffiXsponR570.02Bg394400	AP2-EREBP	TFF
SoffiXsponR570.02Bg396200	MYB-related	TFF
SoffiXsponR570.02Bg396600	WRKY	TFF
SoffiXsponR570.02Bg396700	Top	TFF
SoffiXsponR570.02Cg000500	WRKY	TFF
SoffiXsponR570.02Cg000800	RWP-RK	TFF
SoffiXsponR570.02Cg001300	C2H2	TFF
SoffiXsponR570.02Cg001600	NAC	TFF
SoffiXsponR570.02Cg002600	G2-like	TFF
SoffiXsponR570.02Cg004300	RWP-RK	TFF
SoffiXsponR570.02Cg004800	ARF	TFF
SoffiXsponR570.02Cg005200	bHLH	TFF
SoffiXsponR570.02Cg006300	ABI3VP1	TFF
SoffiXsponR570.02Cg009000	AUX/IAA	OTR
SoffiXsponR570.02Cg009800	MYB	TFF
SoffiXsponR570.02Cg012000	OFP	TFF
SoffiXsponR570.02Cg014000	AP2-EREBP	TFF
SoffiXsponR570.02Cg018300	SET	OTR
SoffiXsponR570.02Cg019700	bHLH	TFF
SoffiXsponR570.02Cg022200	TCP	TFF
SoffiXsponR570.02Cg023700	bZIP	TFF
SoffiXsponR570.02Cg028600	BES1	TFF
SoffiXsponR570.02Cg029500	MADS	TFF
SoffiXsponR570.02Cg031000	AP2-EREBP	TFF
SoffiXsponR570.02Cg035100	bHLH	TFF
SoffiXsponR570.02Cg036100	C2H2	TFF
SoffiXsponR570.02Cg036400	TRAF	OTR
SoffiXsponR570.02Cg037400	MYB-related	TFF
SoffiXsponR570.02Cg037900	C2C2-Dof	TFF
SoffiXsponR570.02Cg038500	MYB-related	TFF
SoffiXsponR570.02Cg038700	C3H	TFF
SoffiXsponR570.02Cg038800	MYB	TFF
SoffiXsponR570.02Cg039300	NAC	TFF
SoffiXsponR570.02Cg039800	AUX/IAA	OTR
SoffiXsponR570.02Cg040700	MYB-related	TFF
SoffiXsponR570.02Cg041900	PAS	TFF
SoffiXsponR570.02Cg042000	WRKY	TFF
SoffiXsponR570.02Cg042100	WRKY	TFF
SoffiXsponR570.02Cg042700	MADS	TFF
SoffiXsponR570.02Cg043200	HMG	OTR
SoffiXsponR570.02Cg044600	PHD	OTR
SoffiXsponR570.02Cg045000	CCAAT	TFF
SoffiXsponR570.02Cg045300	WRKY	TFF
SoffiXsponR570.02Cg046200	OFP	TFF
SoffiXsponR570.02Cg049200	AUX/IAA	OTR
SoffiXsponR570.02Cg050200	Top	TFF
SoffiXsponR570.02Cg050500	BES1	TFF
SoffiXsponR570.02Cg052500	C3H	TFF
SoffiXsponR570.02Cg052900	bZIP	TFF
SoffiXsponR570.02Cg056200	MYB-related	TFF
SoffiXsponR570.02Cg056200	MYB	TFF
SoffiXsponR570.02Cg056300	MYB	TFF
SoffiXsponR570.02Cg060000	AP2-EREBP	TFF
SoffiXsponR570.02Cg060700	MYB-related	TFF
SoffiXsponR570.02Cg061500	bHLH	TFF
SoffiXsponR570.02Cg062400	zf-fF-X1	TFF
SoffiXsponR570.02Cg062500	Alfin-like	TFF
SoffiXsponR570.02Cg063900	MYB-related	TFF
SoffiXsponR570.02Cg066900	CCAAT	TFF
SoffiXsponR570.02Cg071700	MED26	OTR
SoffiXsponR570.02Cg072000	MADS	TFF
SoffiXsponR570.02Cg075100	MYB	TFF
SoffiXsponR570.02Cg075500	bHLH	TFF
SoffiXsponR570.02Cg076300	ABI3VP1	TFF
SoffiXsponR570.02Cg076300	AP2-EREBP	TFF
SoffiXsponR570.02Cg076400	AP2-EREBP	TFF
SoffiXsponR570.02Cg079200	bZIP	TFF
SoffiXsponR570.02Cg083400	AP2-EREBP	TFF
SoffiXsponR570.02Cg084700	C2H2	TFF
SoffiXsponR570.02Cg085400	MYB	TFF
SoffiXsponR570.02Cg086600	Top	TFF
SoffiXsponR570.02Cg095100	zf-BED	TFF
SoffiXsponR570.02Cg097200	bHLH	TFF
SoffiXsponR570.02Cg097400	bHLH	TFF
SoffiXsponR570.02Cg100300	NAC	TFF
SoffiXsponR570.02Cg100500	NAC	TFF
SoffiXsponR570.02Cg101200	MYB	TFF
SoffiXsponR570.02Cg104700	mTERF	OTR
SoffiXsponR570.02Cg105200	NAC	TFF
SoffiXsponR570.02Cg107200	C3H	TFF
SoffiXsponR570.02Cg109000	Top	TFF
SoffiXsponR570.02Cg110700	C3H	TFF
SoffiXsponR570.02Cg111200	C3H	TFF
SoffiXsponR570.02Cg111400	C3H	TFF
SoffiXsponR570.02Cg113400	NAC	TFF
SoffiXsponR570.02Cg114700	C2C2-Dof	TFF
SoffiXsponR570.02Cg119100	BSD	TFF
SoffiXsponR570.02Cg120700	MYB	TFF
SoffiXsponR570.02Cg120800	MYB	TFF
SoffiXsponR570.02Cg120900	MYB	TFF
SoffiXsponR570.02Cg122800	C2C2-Dof	TFF
SoffiXsponR570.02Cg123500	MYB-related	TFF
SoffiXsponR570.02Cg124300	FAR1	TFF
SoffiXsponR570.02Cg127200	MYB	TFF
SoffiXsponR570.02Cg127400	bHLH	TFF
SoffiXsponR570.02Cg127700	AUX/IAA	OTR
SoffiXsponR570.02Cg128100	WRKY	TFF
SoffiXsponR570.02Cg129300	SBP	TFF
SoffiXsponR570.02Cg129500	bHLH	TFF
SoffiXsponR570.02Cg131000	MYB	TFF
SoffiXsponR570.02Cg133000	HB	TFF
SoffiXsponR570.02Cg133900	MYB	TFF
SoffiXsponR570.02Cg137200	AP2-EREBP	TFF
SoffiXsponR570.02Cg139700	Top	TFF
SoffiXsponR570.02Cg143500	AP2-EREBP	TFF
SoffiXsponR570.02Cg145500	MADS	TFF
SoffiXsponR570.02Cg146000	C2C2-GATA	TFF
SoffiXsponR570.02Cg148700	SAP	TFF
SoffiXsponR570.02Cg163700	bZIP	TFF
SoffiXsponR570.02Cg165400	Jumonji	OTR
SoffiXsponR570.02Cg168900	PHD	OTR
SoffiXsponR570.02Cg168900	zf-BED	TFF
SoffiXsponR570.02Cg172500	bHLH	TFF
SoffiXsponR570.02Cg174000	HSF	TFF
SoffiXsponR570.02Cg174100	C3H	TFF
SoffiXsponR570.02Cg174200	C2H2	TFF
SoffiXsponR570.02Cg174900	bHLH	TFF
SoffiXsponR570.02Cg175400	MYB-related	TFF
SoffiXsponR570.02Cg178400	WRKY	TFF
SoffiXsponR570.02Cg178600	mTERF	OTR
SoffiXsponR570.02Cg179100	CCAAT	TFF
SoffiXsponR570.02Cg179300	WRKY	TFF
SoffiXsponR570.02Cg180000	PLATZ	TFF
SoffiXsponR570.02Cg180900	MYB-related	TFF
SoffiXsponR570.02Cg182200	ABI3VP1	TFF
SoffiXsponR570.02Cg183100	OFP	TFF
SoffiXsponR570.02Cg188000	MYB-related	TFF
SoffiXsponR570.02Cg191000	Top	TFF
SoffiXsponR570.02Cg191100	Top	TFF
SoffiXsponR570.02Cg192900	GNAT	OTR
SoffiXsponR570.02Cg193000	MADS	TFF
SoffiXsponR570.02Cg194400	zf-LSD1	TFF
SoffiXsponR570.02Cg196000	C3H	TFF
SoffiXsponR570.02Cg197000	bHLH	TFF
SoffiXsponR570.02Cg198600	MYB-related	TFF
SoffiXsponR570.02Cg201500	WRKY	TFF
SoffiXsponR570.02Cg201900	HSF	TFF
SoffiXsponR570.02Cg202100	OFP	TFF
SoffiXsponR570.02Cg202600	WRKY	TFF
SoffiXsponR570.02Cg208200	MYB	TFF
SoffiXsponR570.02Cg212500	C3H	TFF
SoffiXsponR570.02Cg213100	GRAS	TFF
SoffiXsponR570.02Cg217100	PHD	OTR
SoffiXsponR570.02Cg217800	WRKY	TFF
SoffiXsponR570.02Cg218500	AP2-EREBP	TFF
SoffiXsponR570.02Cg219000	bZIP	TFF
SoffiXsponR570.02Cg219700	AP2-EREBP	TFF
SoffiXsponR570.02Cg220100	bZIP	TFF
SoffiXsponR570.02Cg222200	C2C2-GATA	TFF
SoffiXsponR570.02Cg222300	MYB-related	TFF
SoffiXsponR570.02Cg223900	WRKY	TFF
SoffiXsponR570.02Cg224300	HMG	OTR
SoffiXsponR570.02Cg225700	C3H	TFF
SoffiXsponR570.02Cg226800	ARF	TFF
SoffiXsponR570.02Cg226900	NAC	TFF
SoffiXsponR570.02Cg227200	DDT	OTR
SoffiXsponR570.02Cg228200	FAR1	TFF
SoffiXsponR570.02Cg228300	C2C2-Dof	TFF
SoffiXsponR570.02Cg229000	TUB	TFF
SoffiXsponR570.02Cg229900	AUX/IAA	OTR
SoffiXsponR570.02Cg230000	NAC	TFF
SoffiXsponR570.02Cg230100	NAC	TFF
SoffiXsponR570.02Cg231300	E2F-DP	TFF
SoffiXsponR570.02Cg231500	E2F-DP	TFF
SoffiXsponR570.02Cg232200	GeBP	TFF
SoffiXsponR570.02Cg235100	MYB	TFF
SoffiXsponR570.02Cg236000	Top	TFF
SoffiXsponR570.02Cg239900	AP2-EREBP	TFF
SoffiXsponR570.02Cg242000	MYB	TFF
SoffiXsponR570.02Cg243200	zf-BED	TFF
SoffiXsponR570.02Cg245100	MYB	TFF
SoffiXsponR570.02Cg247000	bHLH	TFF
SoffiXsponR570.02Cg247100	Coactivator_p15	OTR
SoffiXsponR570.02Cg248100	MYB-related	TFF
SoffiXsponR570.02Cg249200	MYB	TFF
SoffiXsponR570.02Cg250300	ABI3VP1	TFF
SoffiXsponR570.02Cg251000	WRKY	TFF
SoffiXsponR570.02Cg255500	MYB	TFF
SoffiXsponR570.02Cg256500	ABI3VP1	TFF
SoffiXsponR570.02Cg257700	MADS	TFF
SoffiXsponR570.02Cg260400	WRKY	TFF
SoffiXsponR570.02Cg261300	OFP	TFF
SoffiXsponR570.02Cg261800	HSF	TFF
SoffiXsponR570.02Cg262100	WRKY	TFF
SoffiXsponR570.02Cg267400	AUX/IAA	OTR
SoffiXsponR570.02Cg269400	C2C2-GATA	TFF
SoffiXsponR570.02Cg269500	SWI/SNF-BAF60b	OTR
SoffiXsponR570.02Cg271000	HB	TFF
SoffiXsponR570.02Cg272200	HSF	TFF
SoffiXsponR570.02Cg272400	OFP	TFF
SoffiXsponR570.02Cg272600	WRKY	TFF
SoffiXsponR570.02Cg273700	AP2-EREBP	TFF
SoffiXsponR570.02Cg274100	VOZ	TFF
SoffiXsponR570.02Cg274600	ARF	TFF
SoffiXsponR570.02Cg276500	bZIP	TFF
SoffiXsponR570.02Cg277900	C2C2-Dof	TFF
SoffiXsponR570.02Cg279900	CPP	TFF
SoffiXsponR570.02Cg281100	TCP	TFF
SoffiXsponR570.02Cg283100	NAC	TFF
SoffiXsponR570.02Cg283400	zf-A20	TFF
SoffiXsponR570.02Cg283800	BSD	TFF
SoffiXsponR570.02Cg284700	TRAF	OTR
SoffiXsponR570.02Cg286400	NAC	TFF
SoffiXsponR570.02Cg287700	SET	OTR
SoffiXsponR570.02Cg292800	Top	TFF
SoffiXsponR570.02Cg300500	AP2-EREBP	TFF
SoffiXsponR570.02Cg300600	AP2-EREBP	TFF
SoffiXsponR570.02Cg303200	bZIP	TFF
SoffiXsponR570.02Cg306100	bZIP	TFF
SoffiXsponR570.02Cg307500	SET	OTR
SoffiXsponR570.02Cg307700	MYB	TFF
SoffiXsponR570.02Cg308700	bZIP	TFF
SoffiXsponR570.02Cg308800	AP2-EREBP	TFF
SoffiXsponR570.02Cg309100	AP2-EREBP	TFF
SoffiXsponR570.02Cg311200	NAC	TFF
SoffiXsponR570.02Cg314100	WRKY	TFF
SoffiXsponR570.02Cg314200	WRKY	TFF
SoffiXsponR570.02Cg314400	WRKY	TFF
SoffiXsponR570.02Cg314500	WRKY	TFF
SoffiXsponR570.02Cg315800	OFP	TFF
SoffiXsponR570.02Cg316600	FAR1	TFF
SoffiXsponR570.02Cg318000	WRKY	TFF
SoffiXsponR570.02Cg318400	zf-BED	TFF
SoffiXsponR570.02Cg321600	bHLH	TFF
SoffiXsponR570.02Cg323700	CCAAT	TFF
SoffiXsponR570.02Cg326700	C2H2	TFF
SoffiXsponR570.02Cg326900	C2H2	TFF
SoffiXsponR570.02Cg327300	CCAAT	TFF
SoffiXsponR570.02Cg328700	MYB	TFF
SoffiXsponR570.02Cg329100	GRAS	TFF
SoffiXsponR570.02Cg329500	WRKY	TFF
SoffiXsponR570.02Cg330200	MYB-related	TFF
SoffiXsponR570.02Cg332200	HB	TFF
SoffiXsponR570.02Cg333300	MYB-related	TFF
SoffiXsponR570.02Cg333300	MYB	TFF
SoffiXsponR570.02Cg335800	MYB	TFF
SoffiXsponR570.02Cg339700	CCAAT	TFF
SoffiXsponR570.02Cg340000	C2H2	TFF
SoffiXsponR570.02Cg340200	bZIP	TFF
SoffiXsponR570.02Cg340400	bZIP	TFF
SoffiXsponR570.02Cg342400	NAC	TFF
SoffiXsponR570.02Cg342800	OFP	TFF
SoffiXsponR570.02Cg342900	OFP	TFF
SoffiXsponR570.02Cg344000	C2C2-Dof	TFF
SoffiXsponR570.02Cg345200	TUB	TFF
SoffiXsponR570.02Cg345500	bZIP	TFF
SoffiXsponR570.02Cg346000	AP2-EREBP	TFF
SoffiXsponR570.02Cg347500	C2H2	TFF
SoffiXsponR570.02Cg349900	MYB	TFF
SoffiXsponR570.02Cg352500	PHD	OTR
SoffiXsponR570.02Cg353600	SET	OTR
SoffiXsponR570.02Cg355200	GRAS	TFF
SoffiXsponR570.02Cg356400	MADS	TFF
SoffiXsponR570.02Cg356700	PHD	OTR
SoffiXsponR570.02Cg357000	NAC	TFF
SoffiXsponR570.02Cg357300	SWI/SNF-BAF60b	OTR
SoffiXsponR570.02Cg358100	AP2-EREBP	TFF
SoffiXsponR570.02Cg358300	MADS	TFF
SoffiXsponR570.02Cg359200	Alfin-like	TFF
SoffiXsponR570.02Cg359400	NAC	TFF
SoffiXsponR570.02Cg361000	C2H2	TFF
SoffiXsponR570.02Cg362900	TAZ	TFF
SoffiXsponR570.02Cg366800	mTERF	OTR
SoffiXsponR570.02Cg367600	AP2-EREBP	TFF
SoffiXsponR570.02Cg368400	bHLH	TFF
SoffiXsponR570.02Cg369800	GRAS	TFF
SoffiXsponR570.02Cg370300	ARR-B	TFF
SoffiXsponR570.02Cg370300	MYB-related	TFF
SoffiXsponR570.02Cg370600	ABI3VP1	TFF
SoffiXsponR570.02Cg371800	Jumonji	OTR
SoffiXsponR570.02Cg372300	TAZ	TFF
SoffiXsponR570.02Cg373000	mTERF	OTR
SoffiXsponR570.02Cg375400	ABI3VP1	TFF
SoffiXsponR570.02Cg377800	bHLH	TFF
SoffiXsponR570.02Cg378800	C3H	TFF
SoffiXsponR570.02Cg384300	SBP	TFF
SoffiXsponR570.02Cg384400	MADS	TFF
SoffiXsponR570.02Cg384800	TIG	TFF
SoffiXsponR570.02Cg386000	TCP	TFF
SoffiXsponR570.02Cg387900	NAC	TFF
SoffiXsponR570.02Cg388000	MYB	TFF
SoffiXsponR570.02Cg388400	Tify	TFF
SoffiXsponR570.02Cg388500	Tify	TFF
SoffiXsponR570.02Cg389500	SET	OTR
SoffiXsponR570.02Cg390100	ARF	TFF
SoffiXsponR570.02Cg390400	bHLH	TFF
SoffiXsponR570.02Cg393300	TRAF	OTR
SoffiXsponR570.02Cg396000	C2H2	TFF
SoffiXsponR570.02Cg396200	CCAAT	TFF
SoffiXsponR570.02Cg396300	CCAAT	TFF
SoffiXsponR570.02Cg396400	CCAAT	TFF
SoffiXsponR570.02Cg403400	NAC	TFF
SoffiXsponR570.02Cg404200	GRAS	TFF
SoffiXsponR570.02Cg405500	TRAF	OTR
SoffiXsponR570.02Cg411100	bHLH	TFF
SoffiXsponR570.02Cg411700	SRS	TFF
SoffiXsponR570.02Cg413900	FAR1	TFF
SoffiXsponR570.02Cg417000	Top	TFF
SoffiXsponR570.02Cg421600	PHD	OTR
SoffiXsponR570.02Cg423800	AP2-EREBP	TFF
SoffiXsponR570.02Cg425500	MYB-related	TFF
SoffiXsponR570.02Cg425800	WRKY	TFF
SoffiXsponR570.02Cg426000	Top	TFF
SoffiXsponR570.02Cg427600	C2C2-GATA	TFF
SoffiXsponR570.02Cg428200	MYB	TFF
SoffiXsponR570.02Dg000900	WRKY	TFF
SoffiXsponR570.02Dg001100	RWP-RK	TFF
SoffiXsponR570.02Dg001600	C2H2	TFF
SoffiXsponR570.02Dg001900	NAC	TFF
SoffiXsponR570.02Dg002600	G2-like	TFF
SoffiXsponR570.02Dg003800	zf-BED	TFF
SoffiXsponR570.02Dg004000	RWP-RK	TFF
SoffiXsponR570.02Dg004300	ARF	TFF
SoffiXsponR570.02Dg005900	ABI3VP1	TFF
SoffiXsponR570.02Dg008200	AUX/IAA	OTR
SoffiXsponR570.02Dg009800	MYB	TFF
SoffiXsponR570.02Dg012200	OFP	TFF
SoffiXsponR570.02Dg014400	AP2-EREBP	TFF
SoffiXsponR570.02Dg017800	SET	OTR
SoffiXsponR570.02Dg018900	bHLH	TFF
SoffiXsponR570.02Dg021800	TCP	TFF
SoffiXsponR570.02Dg023000	bZIP	TFF
SoffiXsponR570.02Dg027300	BES1	TFF
SoffiXsponR570.02Dg027700	MADS	TFF
SoffiXsponR570.02Dg028900	AP2-EREBP	TFF
SoffiXsponR570.02Dg030900	MYB-related	TFF
SoffiXsponR570.02Dg032500	bHLH	TFF
SoffiXsponR570.02Dg033300	C2H2	TFF
SoffiXsponR570.02Dg033500	TRAF	OTR
SoffiXsponR570.02Dg034400	MYB-related	TFF
SoffiXsponR570.02Dg034900	C2C2-Dof	TFF
SoffiXsponR570.02Dg035600	MYB-related	TFF
SoffiXsponR570.02Dg035700	C3H	TFF
SoffiXsponR570.02Dg035800	MYB	TFF
SoffiXsponR570.02Dg036300	NAC	TFF
SoffiXsponR570.02Dg037000	AUX/IAA	OTR
SoffiXsponR570.02Dg037700	MYB-related	TFF
SoffiXsponR570.02Dg038600	PAS	TFF
SoffiXsponR570.02Dg038700	WRKY	TFF
SoffiXsponR570.02Dg038800	WRKY	TFF
SoffiXsponR570.02Dg039300	MADS	TFF
SoffiXsponR570.02Dg039700	HMG	OTR
SoffiXsponR570.02Dg041200	PHD	OTR
SoffiXsponR570.02Dg041600	CCAAT	TFF
SoffiXsponR570.02Dg042300	WRKY	TFF
SoffiXsponR570.02Dg043200	OFP	TFF
SoffiXsponR570.02Dg046300	AUX/IAA	OTR
SoffiXsponR570.02Dg047500	Top	TFF
SoffiXsponR570.02Dg047600	BES1	TFF
SoffiXsponR570.02Dg049800	C3H	TFF
SoffiXsponR570.02Dg050200	bZIP	TFF
SoffiXsponR570.02Dg054800	MYB	TFF
SoffiXsponR570.02Dg054900	MYB	TFF
SoffiXsponR570.02Dg058700	AP2-EREBP	TFF
SoffiXsponR570.02Dg059600	MYB-related	TFF
SoffiXsponR570.02Dg060200	bHLH	TFF
SoffiXsponR570.02Dg061200	zf-fF-X1	TFF
SoffiXsponR570.02Dg061300	Alfin-like	TFF
SoffiXsponR570.02Dg063200	MYB-related	TFF
SoffiXsponR570.02Dg065100	CCAAT	TFF
SoffiXsponR570.02Dg065200	CCAAT	TFF
SoffiXsponR570.02Dg069500	MED26	OTR
SoffiXsponR570.02Dg069800	Top	TFF
SoffiXsponR570.02Dg070500	Top	TFF
SoffiXsponR570.02Dg070700	MADS	TFF
SoffiXsponR570.02Dg073800	MYB	TFF
SoffiXsponR570.02Dg074300	bHLH	TFF
SoffiXsponR570.02Dg075100	AP2-EREBP	TFF
SoffiXsponR570.02Dg075200	AP2-EREBP	TFF
SoffiXsponR570.02Dg077900	bZIP	TFF
SoffiXsponR570.02Dg082200	AP2-EREBP	TFF
SoffiXsponR570.02Dg083300	C2H2	TFF
SoffiXsponR570.02Dg084000	MYB	TFF
SoffiXsponR570.02Dg084600	MYB-related	TFF
SoffiXsponR570.02Dg084800	MYB-related	TFF
SoffiXsponR570.02Dg085200	MYB-related	TFF
SoffiXsponR570.02Dg094900	bHLH	TFF
SoffiXsponR570.02Dg095000	zf-BED	TFF
SoffiXsponR570.02Dg095300	zf-BED	TFF
SoffiXsponR570.02Dg097300	bHLH	TFF
SoffiXsponR570.02Dg097500	bHLH	TFF
SoffiXsponR570.02Dg100500	NAC	TFF
SoffiXsponR570.02Dg100700	NAC	TFF
SoffiXsponR570.02Dg101300	MYB	TFF
SoffiXsponR570.02Dg105600	NAC	TFF
SoffiXsponR570.02Dg107500	C3H	TFF
SoffiXsponR570.02Dg109300	Top	TFF
SoffiXsponR570.02Dg110600	C3H	TFF
SoffiXsponR570.02Dg111000	C3H	TFF
SoffiXsponR570.02Dg111200	C3H	TFF
SoffiXsponR570.02Dg113400	NAC	TFF
SoffiXsponR570.02Dg114900	C2C2-Dof	TFF
SoffiXsponR570.02Dg119800	BSD	TFF
SoffiXsponR570.02Dg121900	MYB	TFF
SoffiXsponR570.02Dg122000	MYB	TFF
SoffiXsponR570.02Dg122100	MYB	TFF
SoffiXsponR570.02Dg122600	zf-BED	TFF
SoffiXsponR570.02Dg123700	C2C2-Dof	TFF
SoffiXsponR570.02Dg124800	MYB-related	TFF
SoffiXsponR570.02Dg128600	MYB	TFF
SoffiXsponR570.02Dg128800	bHLH	TFF
SoffiXsponR570.02Dg129100	AUX/IAA	OTR
SoffiXsponR570.02Dg129800	WRKY	TFF
SoffiXsponR570.02Dg131200	SBP	TFF
SoffiXsponR570.02Dg131400	bHLH	TFF
SoffiXsponR570.02Dg133000	MYB	TFF
SoffiXsponR570.02Dg134500	HB	TFF
SoffiXsponR570.02Dg135100	MYB	TFF
SoffiXsponR570.02Dg136400	FAR1	TFF
SoffiXsponR570.02Dg138500	AP2-EREBP	TFF
SoffiXsponR570.02Dg141400	Top	TFF
SoffiXsponR570.02Dg147700	MADS	TFF
SoffiXsponR570.02Dg148100	C2C2-GATA	TFF
SoffiXsponR570.02Dg150500	SAP	TFF
SoffiXsponR570.02Dg155900	MYB	TFF
SoffiXsponR570.02Dg165800	bZIP	TFF
SoffiXsponR570.02Dg166500	MYB	TFF
SoffiXsponR570.02Dg167400	Jumonji	OTR
SoffiXsponR570.02Dg171300	zf-BED	TFF
SoffiXsponR570.02Dg173800	TRAF	OTR
SoffiXsponR570.02Dg175700	bHLH	TFF
SoffiXsponR570.02Dg177500	HSF	TFF
SoffiXsponR570.02Dg177600	C3H	TFF
SoffiXsponR570.02Dg177700	C2H2	TFF
SoffiXsponR570.02Dg178400	bHLH	TFF
SoffiXsponR570.02Dg179000	MYB-related	TFF
SoffiXsponR570.02Dg182200	WRKY	TFF
SoffiXsponR570.02Dg182500	mTERF	OTR
SoffiXsponR570.02Dg183100	CCAAT	TFF
SoffiXsponR570.02Dg183300	WRKY	TFF
SoffiXsponR570.02Dg185200	MYB-related	TFF
SoffiXsponR570.02Dg186300	ABI3VP1	TFF
SoffiXsponR570.02Dg187000	OFP	TFF
SoffiXsponR570.02Dg191400	MYB-related	TFF
SoffiXsponR570.02Dg194100	Top	TFF
SoffiXsponR570.02Dg194200	Top	TFF
SoffiXsponR570.02Dg196000	GNAT	OTR
SoffiXsponR570.02Dg196100	MADS	TFF
SoffiXsponR570.02Dg197800	zf-LSD1	TFF
SoffiXsponR570.02Dg199500	C3H	TFF
SoffiXsponR570.02Dg200700	bHLH	TFF
SoffiXsponR570.02Dg202300	MYB-related	TFF
SoffiXsponR570.02Dg205400	WRKY	TFF
SoffiXsponR570.02Dg205600	HSF	TFF
SoffiXsponR570.02Dg205800	OFP	TFF
SoffiXsponR570.02Dg206100	WRKY	TFF
SoffiXsponR570.02Dg211200	MYB	TFF
SoffiXsponR570.02Dg215700	C3H	TFF
SoffiXsponR570.02Dg216200	GRAS	TFF
SoffiXsponR570.02Dg220000	PHD	OTR
SoffiXsponR570.02Dg220500	WRKY	TFF
SoffiXsponR570.02Dg221000	AP2-EREBP	TFF
SoffiXsponR570.02Dg221500	bZIP	TFF
SoffiXsponR570.02Dg222100	bZIP	TFF
SoffiXsponR570.02Dg224000	C2C2-GATA	TFF
SoffiXsponR570.02Dg224100	MYB-related	TFF
SoffiXsponR570.02Dg225500	WRKY	TFF
SoffiXsponR570.02Dg226100	HMG	OTR
SoffiXsponR570.02Dg227900	MYB	TFF
SoffiXsponR570.02Dg231100	E2F-DP	TFF
SoffiXsponR570.02Dg232300	NAC	TFF
SoffiXsponR570.02Dg232400	NAC	TFF
SoffiXsponR570.02Dg232500	AUX/IAA	OTR
SoffiXsponR570.02Dg233200	TUB	TFF
SoffiXsponR570.02Dg233800	C2C2-Dof	TFF
SoffiXsponR570.02Dg234900	DDT	OTR
SoffiXsponR570.02Dg235200	NAC	TFF
SoffiXsponR570.02Dg235700	ARF	TFF
SoffiXsponR570.02Dg236600	Top	TFF
SoffiXsponR570.02Dg239900	AP2-EREBP	TFF
SoffiXsponR570.02Dg242300	MYB	TFF
SoffiXsponR570.02Dg243300	zf-BED	TFF
SoffiXsponR570.02Dg245000	MYB	TFF
SoffiXsponR570.02Dg247100	bHLH	TFF
SoffiXsponR570.02Dg247200	Coactivator_p15	OTR
SoffiXsponR570.02Dg248400	MYB-related	TFF
SoffiXsponR570.02Dg249100	MYB	TFF
SoffiXsponR570.02Dg250700	ABI3VP1	TFF
SoffiXsponR570.02Dg251300	WRKY	TFF
SoffiXsponR570.02Dg255500	MYB	TFF
SoffiXsponR570.02Dg256500	ABI3VP1	TFF
SoffiXsponR570.02Dg256700	ABI3VP1	TFF
SoffiXsponR570.02Dg257800	MADS	TFF
SoffiXsponR570.02Dg260500	WRKY	TFF
SoffiXsponR570.02Dg261400	OFP	TFF
SoffiXsponR570.02Dg261700	HSF	TFF
SoffiXsponR570.02Dg262300	WRKY	TFF
SoffiXsponR570.02Dg266700	AUX/IAA	OTR
SoffiXsponR570.02Dg269100	C2C2-GATA	TFF
SoffiXsponR570.02Dg269200	SWI/SNF-BAF60b	OTR
SoffiXsponR570.02Dg270700	HB	TFF
SoffiXsponR570.02Dg272000	HSF	TFF
SoffiXsponR570.02Dg272200	OFP	TFF
SoffiXsponR570.02Dg272400	WRKY	TFF
SoffiXsponR570.02Dg273700	AP2-EREBP	TFF
SoffiXsponR570.02Dg274100	VOZ	TFF
SoffiXsponR570.02Dg274700	ARF	TFF
SoffiXsponR570.02Dg275800	TCP	TFF
SoffiXsponR570.02Dg276100	bZIP	TFF
SoffiXsponR570.02Dg277600	C2C2-Dof	TFF
SoffiXsponR570.02Dg279500	CPP	TFF
SoffiXsponR570.02Dg280700	TCP	TFF
SoffiXsponR570.02Dg282900	NAC	TFF
SoffiXsponR570.02Dg283000	NAC	TFF
SoffiXsponR570.02Dg283500	zf-A20	TFF
SoffiXsponR570.02Dg283900	BSD	TFF
SoffiXsponR570.02Dg284800	TRAF	OTR
SoffiXsponR570.02Dg286200	NAC	TFF
SoffiXsponR570.02Dg287500	SET	OTR
SoffiXsponR570.02Dg289100	bHLH	TFF
SoffiXsponR570.02Dg292300	Top	TFF
SoffiXsponR570.02Dg300000	AP2-EREBP	TFF
SoffiXsponR570.02Dg300100	AP2-EREBP	TFF
SoffiXsponR570.02Dg302400	SAP	TFF
SoffiXsponR570.02Dg303000	bZIP	TFF
SoffiXsponR570.02Dg306400	bZIP	TFF
SoffiXsponR570.02Dg307900	SET	OTR
SoffiXsponR570.02Dg308100	MYB	TFF
SoffiXsponR570.02Dg309000	bZIP	TFF
SoffiXsponR570.02Dg309100	AP2-EREBP	TFF
SoffiXsponR570.02Dg311300	NAC	TFF
SoffiXsponR570.02Dg314200	WRKY	TFF
SoffiXsponR570.02Dg314300	WRKY	TFF
SoffiXsponR570.02Dg314400	WRKY	TFF
SoffiXsponR570.02Dg314500	WRKY	TFF
SoffiXsponR570.02Dg315700	OFP	TFF
SoffiXsponR570.02Dg317900	WRKY	TFF
SoffiXsponR570.02Dg321300	bHLH	TFF
SoffiXsponR570.02Dg323300	CCAAT	TFF
SoffiXsponR570.02Dg325700	C2H2	TFF
SoffiXsponR570.02Dg326000	C2H2	TFF
SoffiXsponR570.02Dg326400	CCAAT	TFF
SoffiXsponR570.02Dg327800	MYB	TFF
SoffiXsponR570.02Dg328100	GRAS	TFF
SoffiXsponR570.02Dg328500	WRKY	TFF
SoffiXsponR570.02Dg329600	MYB-related	TFF
SoffiXsponR570.02Dg332000	HB	TFF
SoffiXsponR570.02Dg333100	MYB	TFF
SoffiXsponR570.02Dg335500	MYB	TFF
SoffiXsponR570.02Dg338400	CCAAT	TFF
SoffiXsponR570.02Dg338700	C2H2	TFF
SoffiXsponR570.02Dg338900	bZIP	TFF
SoffiXsponR570.02Dg339100	bZIP	TFF
SoffiXsponR570.02Dg341100	NAC	TFF
SoffiXsponR570.02Dg341200	MYB-related	TFF
SoffiXsponR570.02Dg341500	OFP	TFF
SoffiXsponR570.02Dg341600	OFP	TFF
SoffiXsponR570.02Dg342800	C2C2-Dof	TFF
SoffiXsponR570.02Dg343600	TUB	TFF
SoffiXsponR570.02Dg343800	bZIP	TFF
SoffiXsponR570.02Dg344300	AP2-EREBP	TFF
SoffiXsponR570.02Dg345900	C2H2	TFF
SoffiXsponR570.02Dg348000	MYB	TFF
SoffiXsponR570.02Dg350200	PHD	OTR
SoffiXsponR570.02Dg351200	SET	OTR
SoffiXsponR570.02Dg352400	GRAS	TFF
SoffiXsponR570.02Dg353700	MADS	TFF
SoffiXsponR570.02Dg354100	PHD	OTR
SoffiXsponR570.02Dg354400	NAC	TFF
SoffiXsponR570.02Dg354600	SWI/SNF-BAF60b	OTR
SoffiXsponR570.02Dg355600	AP2-EREBP	TFF
SoffiXsponR570.02Dg355800	MADS	TFF
SoffiXsponR570.02Dg356600	Alfin-like	TFF
SoffiXsponR570.02Dg356800	NAC	TFF
SoffiXsponR570.02Dg359400	TAZ	TFF
SoffiXsponR570.02Dg363900	mTERF	OTR
SoffiXsponR570.02Dg364800	AP2-EREBP	TFF
SoffiXsponR570.02Dg365500	bHLH	TFF
SoffiXsponR570.02Dg366900	GRAS	TFF
SoffiXsponR570.02Dg367400	ARR-B	TFF
SoffiXsponR570.02Dg367400	MYB-related	TFF
SoffiXsponR570.02Dg367700	ABI3VP1	TFF
SoffiXsponR570.02Dg368600	Jumonji	OTR
SoffiXsponR570.02Dg369000	TAZ	TFF
SoffiXsponR570.02Dg369000	TRAF	OTR
SoffiXsponR570.02Dg369600	mTERF	OTR
SoffiXsponR570.02Dg371900	ABI3VP1	TFF
SoffiXsponR570.02Dg374200	bHLH	TFF
SoffiXsponR570.02Dg375400	C3H	TFF
SoffiXsponR570.02Dg379300	SBP	TFF
SoffiXsponR570.02Dg379400	MADS	TFF
SoffiXsponR570.02Dg379900	TIG	TFF
SoffiXsponR570.02Dg381100	TCP	TFF
SoffiXsponR570.02Dg382500	NAC	TFF
SoffiXsponR570.02Dg382800	Tify	TFF
SoffiXsponR570.02Dg382900	Tify	TFF
SoffiXsponR570.02Dg384100	SET	OTR
SoffiXsponR570.02Dg384600	ARF	TFF
SoffiXsponR570.02Dg384900	bHLH	TFF
SoffiXsponR570.02Dg387800	TRAF	OTR
SoffiXsponR570.02Dg391100	C2H2	TFF
SoffiXsponR570.02Dg391200	CCAAT	TFF
SoffiXsponR570.02Dg391300	CCAAT	TFF
SoffiXsponR570.02Dg391400	CCAAT	TFF
SoffiXsponR570.02Dg397500	NAC	TFF
SoffiXsponR570.02Dg398300	GRAS	TFF
SoffiXsponR570.02Dg399100	TRAF	OTR
SoffiXsponR570.02Dg403900	bHLH	TFF
SoffiXsponR570.02Dg404700	SRS	TFF
SoffiXsponR570.02Dg406900	FAR1	TFF
SoffiXsponR570.02Dg409900	Top	TFF
SoffiXsponR570.02Dg414800	PHD	OTR
SoffiXsponR570.02Dg417600	AP2-EREBP	TFF
SoffiXsponR570.02Dg419200	MYB-related	TFF
SoffiXsponR570.02Dg419500	WRKY	TFF
SoffiXsponR570.02Dg419600	Top	TFF
SoffiXsponR570.02Dg421100	Top	TFF
SoffiXsponR570.02Dg421200	SET	OTR
SoffiXsponR570.02Dg421500	C2C2-GATA	TFF
SoffiXsponR570.02Dg422100	MYB	TFF
SoffiXsponR570.02Eg000300	NAC	TFF
SoffiXsponR570.02Eg000900	G2-like	TFF
SoffiXsponR570.02Eg001900	RWP-RK	TFF
SoffiXsponR570.02Eg002500	ARF	TFF
SoffiXsponR570.02Eg002900	bHLH	TFF
SoffiXsponR570.02Eg003900	ABI3VP1	TFF
SoffiXsponR570.02Eg006000	AUX/IAA	OTR
SoffiXsponR570.02Eg006800	MYB	TFF
SoffiXsponR570.02Eg009100	OFP	TFF
SoffiXsponR570.02Eg011100	AP2-EREBP	TFF
SoffiXsponR570.02Eg015200	SET	OTR
SoffiXsponR570.02Eg016200	bHLH	TFF
SoffiXsponR570.02Eg019000	TCP	TFF
SoffiXsponR570.02Eg019600	NOZZLE	TFF
SoffiXsponR570.02Eg020100	bZIP	TFF
SoffiXsponR570.02Eg025200	BES1	TFF
SoffiXsponR570.02Eg026100	MADS	TFF
SoffiXsponR570.02Eg027500	AP2-EREBP	TFF
SoffiXsponR570.02Eg028800	FAR1	TFF
SoffiXsponR570.02Eg031400	bHLH	TFF
SoffiXsponR570.02Eg032200	C2H2	TFF
SoffiXsponR570.02Eg032400	TRAF	OTR
SoffiXsponR570.02Eg033000	MYB-related	TFF
SoffiXsponR570.02Eg033500	C2C2-Dof	TFF
SoffiXsponR570.02Eg034100	MYB-related	TFF
SoffiXsponR570.02Eg034200	C3H	TFF
SoffiXsponR570.02Eg034400	MYB	TFF
SoffiXsponR570.02Eg034800	NAC	TFF
SoffiXsponR570.02Eg035300	AUX/IAA	OTR
SoffiXsponR570.02Eg036300	MYB-related	TFF
SoffiXsponR570.02Eg037400	PAS	TFF
SoffiXsponR570.02Eg037500	WRKY	TFF
SoffiXsponR570.02Eg037600	WRKY	TFF
SoffiXsponR570.02Eg038600	HMG	OTR
SoffiXsponR570.02Eg040000	PHD	OTR
SoffiXsponR570.02Eg040400	CCAAT	TFF
SoffiXsponR570.02Eg040800	WRKY	TFF
SoffiXsponR570.02Eg042300	MYB-related	TFF
SoffiXsponR570.02Eg044400	CCAAT	TFF
SoffiXsponR570.02Eg049300	MED26	OTR
SoffiXsponR570.02Eg049600	MADS	TFF
SoffiXsponR570.02Eg052900	MYB	TFF
SoffiXsponR570.02Eg053200	bHLH	TFF
SoffiXsponR570.02Eg053900	ABI3VP1	TFF
SoffiXsponR570.02Eg053900	AP2-EREBP	TFF
SoffiXsponR570.02Eg054200	AP2-EREBP	TFF
SoffiXsponR570.02Eg063500	bHLH	TFF
SoffiXsponR570.02Eg063600	zf-BED	TFF
SoffiXsponR570.02Eg065700	bHLH	TFF
SoffiXsponR570.02Eg065800	bHLH	TFF
SoffiXsponR570.02Eg065900	bHLH	TFF
SoffiXsponR570.02Eg069200	NAC	TFF
SoffiXsponR570.02Eg070000	MYB	TFF
SoffiXsponR570.02Eg074500	NAC	TFF
SoffiXsponR570.02Eg076500	C3H	TFF
SoffiXsponR570.02Eg078300	Top	TFF
SoffiXsponR570.02Eg079500	C3H	TFF
SoffiXsponR570.02Eg080000	C3H	TFF
SoffiXsponR570.02Eg080200	C3H	TFF
SoffiXsponR570.02Eg082100	NAC	TFF
SoffiXsponR570.02Eg083400	C2C2-Dof	TFF
SoffiXsponR570.02Eg088400	BSD	TFF
SoffiXsponR570.02Eg090500	MYB	TFF
SoffiXsponR570.02Eg090600	MYB	TFF
SoffiXsponR570.02Eg090700	MYB	TFF
SoffiXsponR570.02Eg092400	C2C2-Dof	TFF
SoffiXsponR570.02Eg093100	MYB-related	TFF
SoffiXsponR570.02Eg097100	MYB	TFF
SoffiXsponR570.02Eg097400	bHLH	TFF
SoffiXsponR570.02Eg097600	AUX/IAA	OTR
SoffiXsponR570.02Eg097900	MADS	TFF
SoffiXsponR570.02Eg098100	MADS	TFF
SoffiXsponR570.02Eg098200	MADS	TFF
SoffiXsponR570.02Eg099100	WRKY	TFF
SoffiXsponR570.02Eg100400	SBP	TFF
SoffiXsponR570.02Eg100600	bHLH	TFF
SoffiXsponR570.02Eg101900	MYB	TFF
SoffiXsponR570.02Eg103500	HB	TFF
SoffiXsponR570.02Eg104400	MYB	TFF
SoffiXsponR570.02Eg108200	AP2-EREBP	TFF
SoffiXsponR570.02Eg111000	Top	TFF
SoffiXsponR570.02Eg116900	MADS	TFF
SoffiXsponR570.02Eg117300	C2C2-GATA	TFF
SoffiXsponR570.02Eg123900	MYB	TFF
SoffiXsponR570.02Eg134200	bZIP	TFF
SoffiXsponR570.02Eg134900	MYB	TFF
SoffiXsponR570.02Eg135600	Jumonji	OTR
SoffiXsponR570.02Eg139300	PHD	OTR
SoffiXsponR570.02Eg139300	zf-BED	TFF
SoffiXsponR570.02Eg143100	bHLH	TFF
SoffiXsponR570.02Eg145800	HSF	TFF
SoffiXsponR570.02Eg145900	C3H	TFF
SoffiXsponR570.02Eg146000	C2H2	TFF
SoffiXsponR570.02Eg146800	bHLH	TFF
SoffiXsponR570.02Eg147500	MYB-related	TFF
SoffiXsponR570.02Eg151000	WRKY	TFF
SoffiXsponR570.02Eg151300	mTERF	OTR
SoffiXsponR570.02Eg152200	CCAAT	TFF
SoffiXsponR570.02Eg152300	CCAAT	TFF
SoffiXsponR570.02Eg152800	WRKY	TFF
SoffiXsponR570.02Eg154300	MYB-related	TFF
SoffiXsponR570.02Eg156600	OFP	TFF
SoffiXsponR570.02Eg161600	MYB-related	TFF
SoffiXsponR570.02Eg164300	Top	TFF
SoffiXsponR570.02Eg164400	Top	TFF
SoffiXsponR570.02Eg166800	GNAT	OTR
SoffiXsponR570.02Eg166900	MADS	TFF
SoffiXsponR570.02Eg168700	zf-LSD1	TFF
SoffiXsponR570.02Eg171800	bHLH	TFF
SoffiXsponR570.02Eg173400	MYB-related	TFF
SoffiXsponR570.02Eg176400	WRKY	TFF
SoffiXsponR570.02Eg176600	HSF	TFF
SoffiXsponR570.02Eg176800	OFP	TFF
SoffiXsponR570.02Eg177100	WRKY	TFF
SoffiXsponR570.02Eg182400	MYB	TFF
SoffiXsponR570.02Eg187300	C3H	TFF
SoffiXsponR570.02Eg187800	GRAS	TFF
SoffiXsponR570.02Eg191600	PHD	OTR
SoffiXsponR570.02Eg192300	WRKY	TFF
SoffiXsponR570.02Eg192900	AP2-EREBP	TFF
SoffiXsponR570.02Eg193400	bZIP	TFF
SoffiXsponR570.02Eg196900	C2C2-GATA	TFF
SoffiXsponR570.02Eg197000	MYB-related	TFF
SoffiXsponR570.02Eg198300	FAR1	TFF
SoffiXsponR570.02Eg198500	WRKY	TFF
SoffiXsponR570.02Eg198900	HMG	OTR
SoffiXsponR570.02Eg200200	C3H	TFF
SoffiXsponR570.02Eg201200	ARF	TFF
SoffiXsponR570.02Eg201400	NAC	TFF
SoffiXsponR570.02Eg201700	DDT	OTR
SoffiXsponR570.02Eg203200	TUB	TFF
SoffiXsponR570.02Eg204000	AUX/IAA	OTR
SoffiXsponR570.02Eg204100	NAC	TFF
SoffiXsponR570.02Eg204200	NAC	TFF
SoffiXsponR570.02Eg205600	E2F-DP	TFF
SoffiXsponR570.02Eg206400	GeBP	TFF
SoffiXsponR570.02Eg209300	MYB	TFF
SoffiXsponR570.02Eg210000	Top	TFF
SoffiXsponR570.02Eg213700	AP2-EREBP	TFF
SoffiXsponR570.02Eg215700	MYB	TFF
SoffiXsponR570.02Eg216800	zf-BED	TFF
SoffiXsponR570.02Eg219000	MYB	TFF
SoffiXsponR570.02Eg220900	bHLH	TFF
SoffiXsponR570.02Eg221100	Coactivator_p15	OTR
SoffiXsponR570.02Eg222200	MYB-related	TFF
SoffiXsponR570.02Eg222900	MYB	TFF
SoffiXsponR570.02Eg224500	ABI3VP1	TFF
SoffiXsponR570.02Eg225400	PAS	TFF
SoffiXsponR570.02Eg225500	WRKY	TFF
SoffiXsponR570.02Eg229400	MYB	TFF
SoffiXsponR570.02Eg230400	ABI3VP1	TFF
SoffiXsponR570.02Eg230600	ABI3VP1	TFF
SoffiXsponR570.02Eg231500	MADS	TFF
SoffiXsponR570.02Eg234200	WRKY	TFF
SoffiXsponR570.02Eg235200	OFP	TFF
SoffiXsponR570.02Eg235500	HSF	TFF
SoffiXsponR570.02Eg236000	WRKY	TFF
SoffiXsponR570.02Eg240100	AUX/IAA	OTR
SoffiXsponR570.02Eg242100	C2C2-GATA	TFF
SoffiXsponR570.02Eg242200	SWI/SNF-BAF60b	OTR
SoffiXsponR570.02Eg243900	HB	TFF
SoffiXsponR570.02Eg245100	HSF	TFF
SoffiXsponR570.02Eg245300	OFP	TFF
SoffiXsponR570.02Eg245500	WRKY	TFF
SoffiXsponR570.02Eg246800	AP2-EREBP	TFF
SoffiXsponR570.02Eg247200	VOZ	TFF
SoffiXsponR570.02Eg247800	ARF	TFF
SoffiXsponR570.02Eg248900	TCP	TFF
SoffiXsponR570.02Eg249200	bZIP	TFF
SoffiXsponR570.02Eg251000	C2C2-Dof	TFF
SoffiXsponR570.02Eg252900	CPP	TFF
SoffiXsponR570.02Eg254000	TCP	TFF
SoffiXsponR570.02Eg256300	NAC	TFF
SoffiXsponR570.02Eg256400	NAC	TFF
SoffiXsponR570.02Eg256700	zf-A20	TFF
SoffiXsponR570.02Eg257200	BSD	TFF
SoffiXsponR570.02Eg258000	TRAF	OTR
SoffiXsponR570.02Eg259200	NAC	TFF
SoffiXsponR570.02Eg260300	SET	OTR
SoffiXsponR570.02Eg261800	bHLH	TFF
SoffiXsponR570.02Eg265200	Top	TFF
SoffiXsponR570.02Eg273500	AP2-EREBP	TFF
SoffiXsponR570.02Eg273600	AP2-EREBP	TFF
SoffiXsponR570.02Eg275700	SAP	TFF
SoffiXsponR570.02Eg276300	bZIP	TFF
SoffiXsponR570.02Eg279200	bZIP	TFF
SoffiXsponR570.02Eg280500	SET	OTR
SoffiXsponR570.02Eg280700	MYB	TFF
SoffiXsponR570.02Eg281700	bZIP	TFF
SoffiXsponR570.02Eg281800	AP2-EREBP	TFF
SoffiXsponR570.02Eg284400	NAC	TFF
SoffiXsponR570.02Eg287300	WRKY	TFF
SoffiXsponR570.02Eg287500	WRKY	TFF
SoffiXsponR570.02Eg287600	WRKY	TFF
SoffiXsponR570.02Eg287700	WRKY	TFF
SoffiXsponR570.02Eg289000	OFP	TFF
SoffiXsponR570.02Eg291200	WRKY	TFF
SoffiXsponR570.02Eg294800	bHLH	TFF
SoffiXsponR570.02Eg296800	CCAAT	TFF
SoffiXsponR570.02Eg299600	C2H2	TFF
SoffiXsponR570.02Eg299800	C2H2	TFF
SoffiXsponR570.02Eg300200	CCAAT	TFF
SoffiXsponR570.02Eg301500	MYB	TFF
SoffiXsponR570.02Eg301900	GRAS	TFF
SoffiXsponR570.02Eg302400	WRKY	TFF
SoffiXsponR570.02Eg303100	MYB-related	TFF
SoffiXsponR570.02Eg305400	HB	TFF
SoffiXsponR570.02Eg306900	MYB	TFF
SoffiXsponR570.02Eg309500	MYB	TFF
SoffiXsponR570.02Eg312900	CCAAT	TFF
SoffiXsponR570.02Eg313200	C2H2	TFF
SoffiXsponR570.02Eg313400	bZIP	TFF
SoffiXsponR570.02Eg313600	bZIP	TFF
SoffiXsponR570.02Eg315500	NAC	TFF
SoffiXsponR570.02Eg315600	MYB-related	TFF
SoffiXsponR570.02Eg315900	OFP	TFF
SoffiXsponR570.02Eg316000	OFP	TFF
SoffiXsponR570.02Eg317500	C2C2-Dof	TFF
SoffiXsponR570.02Eg318400	TUB	TFF
SoffiXsponR570.02Eg318700	bZIP	TFF
SoffiXsponR570.02Eg319200	AP2-EREBP	TFF
SoffiXsponR570.02Eg320600	C2H2	TFF
SoffiXsponR570.02Eg322500	MYB	TFF
SoffiXsponR570.02Eg325000	PHD	OTR
SoffiXsponR570.02Eg325900	SET	OTR
SoffiXsponR570.02Eg326900	NAC	TFF
SoffiXsponR570.02Eg327500	GRAS	TFF
SoffiXsponR570.02Eg328500	MADS	TFF
SoffiXsponR570.02Eg328800	PHD	OTR
SoffiXsponR570.02Eg329300	NAC	TFF
SoffiXsponR570.02Eg329600	SWI/SNF-BAF60b	OTR
SoffiXsponR570.02Eg330600	AP2-EREBP	TFF
SoffiXsponR570.02Eg330800	MADS	TFF
SoffiXsponR570.02Eg331500	Alfin-like	TFF
SoffiXsponR570.02Eg331500	PHD	OTR
SoffiXsponR570.02Eg331700	NAC	TFF
SoffiXsponR570.02Eg334700	TAZ	TFF
SoffiXsponR570.02Eg338300	mTERF	OTR
SoffiXsponR570.02Eg339100	AP2-EREBP	TFF
SoffiXsponR570.02Eg339900	bHLH	TFF
SoffiXsponR570.02Eg341100	GRAS	TFF
SoffiXsponR570.02Eg341600	ARR-B	TFF
SoffiXsponR570.02Eg341600	MYB-related	TFF
SoffiXsponR570.02Eg341900	ABI3VP1	TFF
SoffiXsponR570.02Eg342900	Jumonji	OTR
SoffiXsponR570.02Eg343000	TAZ	TFF
SoffiXsponR570.02Eg343500	mTERF	OTR
SoffiXsponR570.02Eg345800	ABI3VP1	TFF
SoffiXsponR570.02Eg348400	bHLH	TFF
SoffiXsponR570.02Eg349600	C3H	TFF
SoffiXsponR570.02Eg354500	SBP	TFF
SoffiXsponR570.02Eg354600	MADS	TFF
SoffiXsponR570.02Eg355500	TIG	TFF
SoffiXsponR570.02Eg356700	TCP	TFF
SoffiXsponR570.02Eg358400	NAC	TFF
SoffiXsponR570.02Eg358800	Tify	TFF
SoffiXsponR570.02Eg358900	Tify	TFF
SoffiXsponR570.02Eg359900	SET	OTR
SoffiXsponR570.02Eg360400	ARF	TFF
SoffiXsponR570.02Eg360800	CCAAT	TFF
SoffiXsponR570.02Eg360900	CCAAT	TFF
SoffiXsponR570.02Eg361000	CCAAT	TFF
SoffiXsponR570.02Eg361100	C2H2	TFF
SoffiXsponR570.02Eg364100	TRAF	OTR
SoffiXsponR570.02Eg372600	NAC	TFF
SoffiXsponR570.02Eg373200	GRAS	TFF
SoffiXsponR570.02Eg373900	TRAF	OTR
SoffiXsponR570.02Eg379700	bHLH	TFF
SoffiXsponR570.02Eg380700	SRS	TFF
SoffiXsponR570.02Eg385000	Top	TFF
SoffiXsponR570.02Eg388300	PHD	OTR
SoffiXsponR570.02Eg389100	GNAT	OTR
SoffiXsponR570.02Eg391500	AP2-EREBP	TFF
SoffiXsponR570.02Eg393200	MYB-related	TFF
SoffiXsponR570.02Eg393700	WRKY	TFF
SoffiXsponR570.02Eg393800	Top	TFF
SoffiXsponR570.02Eg395400	SET	OTR
SoffiXsponR570.02Eg395700	C2C2-GATA	TFF
SoffiXsponR570.02Eg396300	MYB	TFF
SoffiXsponR570.02Fg001000	WRKY	TFF
SoffiXsponR570.02Fg001200	RWP-RK	TFF
SoffiXsponR570.02Fg001600	C2H2	TFF
SoffiXsponR570.02Fg001900	NAC	TFF
SoffiXsponR570.02Fg002500	G2-like	TFF
SoffiXsponR570.02Fg004400	RWP-RK	TFF
SoffiXsponR570.02Fg004700	ARF	TFF
SoffiXsponR570.02Fg005200	bHLH	TFF
SoffiXsponR570.02Fg006200	ABI3VP1	TFF
SoffiXsponR570.02Fg008600	AUX/IAA	OTR
SoffiXsponR570.02Fg009400	MYB	TFF
SoffiXsponR570.02Fg011900	OFP	TFF
SoffiXsponR570.02Fg017600	PHD	OTR
SoffiXsponR570.02Fg018500	bHLH	TFF
SoffiXsponR570.02Fg020500	TCP	TFF
SoffiXsponR570.02Fg021300	NOZZLE	TFF
SoffiXsponR570.02Fg021900	bZIP	TFF
SoffiXsponR570.02Fg027200	BES1	TFF
SoffiXsponR570.02Fg028400	MADS	TFF
SoffiXsponR570.02Fg029800	AP2-EREBP	TFF
SoffiXsponR570.02Fg033200	bHLH	TFF
SoffiXsponR570.02Fg034200	C2H2	TFF
SoffiXsponR570.02Fg034400	TRAF	OTR
SoffiXsponR570.02Fg035000	MYB-related	TFF
SoffiXsponR570.02Fg035500	C2C2-Dof	TFF
SoffiXsponR570.02Fg036200	MYB-related	TFF
SoffiXsponR570.02Fg036300	C3H	TFF
SoffiXsponR570.02Fg036500	MYB	TFF
SoffiXsponR570.02Fg036900	NAC	TFF
SoffiXsponR570.02Fg037300	AUX/IAA	OTR
SoffiXsponR570.02Fg038200	MYB-related	TFF
SoffiXsponR570.02Fg039600	PAS	TFF
SoffiXsponR570.02Fg039700	WRKY	TFF
SoffiXsponR570.02Fg039800	WRKY	TFF
SoffiXsponR570.02Fg040700	HMG	OTR
SoffiXsponR570.02Fg042500	PHD	OTR
SoffiXsponR570.02Fg042900	CCAAT	TFF
SoffiXsponR570.02Fg043300	WRKY	TFF
SoffiXsponR570.02Fg044100	OFP	TFF
SoffiXsponR570.02Fg047100	AUX/IAA	OTR
SoffiXsponR570.02Fg048100	Top	TFF
SoffiXsponR570.02Fg048200	BES1	TFF
SoffiXsponR570.02Fg050800	C3H	TFF
SoffiXsponR570.02Fg051200	bZIP	TFF
SoffiXsponR570.02Fg052000	bZIP	TFF
SoffiXsponR570.02Fg053100	bZIP	TFF
SoffiXsponR570.02Fg055800	MYB	TFF
SoffiXsponR570.02Fg055900	MYB	TFF
SoffiXsponR570.02Fg056100	MYB	TFF
SoffiXsponR570.02Fg060100	AP2-EREBP	TFF
SoffiXsponR570.02Fg061300	MYB-related	TFF
SoffiXsponR570.02Fg061900	bHLH	TFF
SoffiXsponR570.02Fg062600	zf-fF-X1	TFF
SoffiXsponR570.02Fg062700	Alfin-like	TFF
SoffiXsponR570.02Fg064300	MYB-related	TFF
SoffiXsponR570.02Fg066800	CCAAT	TFF
SoffiXsponR570.02Fg067100	CCAAT	TFF
SoffiXsponR570.02Fg072500	MED26	OTR
SoffiXsponR570.02Fg072600	Top	TFF
SoffiXsponR570.02Fg072900	MADS	TFF
SoffiXsponR570.02Fg077300	MYB	TFF
SoffiXsponR570.02Fg077400	MYB-related	TFF
SoffiXsponR570.02Fg077800	bHLH	TFF
SoffiXsponR570.02Fg078700	ABI3VP1	TFF
SoffiXsponR570.02Fg078700	AP2-EREBP	TFF
SoffiXsponR570.02Fg078900	AP2-EREBP	TFF
SoffiXsponR570.02Fg081600	bZIP	TFF
SoffiXsponR570.02Fg086200	AP2-EREBP	TFF
SoffiXsponR570.02Fg087400	C2H2	TFF
SoffiXsponR570.02Fg088000	MYB	TFF
SoffiXsponR570.02Fg088500	MYB-related	TFF
SoffiXsponR570.02Fg095900	bHLH	TFF
SoffiXsponR570.02Fg096000	zf-BED	TFF
SoffiXsponR570.02Fg098300	bHLH	TFF
SoffiXsponR570.02Fg098400	bHLH	TFF
SoffiXsponR570.02Fg098500	bHLH	TFF
SoffiXsponR570.02Fg101200	NAC	TFF
SoffiXsponR570.02Fg102400	MYB	TFF
SoffiXsponR570.02Fg106900	NAC	TFF
SoffiXsponR570.02Fg107700	NAC	TFF
SoffiXsponR570.02Fg109200	C3H	TFF
SoffiXsponR570.02Fg111000	Top	TFF
SoffiXsponR570.02Fg112500	C3H	TFF
SoffiXsponR570.02Fg112700	C3H	TFF
SoffiXsponR570.02Fg117600	BSD	TFF
SoffiXsponR570.02Fg119600	MYB	TFF
SoffiXsponR570.02Fg121400	C2C2-Dof	TFF
SoffiXsponR570.02Fg122200	MYB-related	TFF
SoffiXsponR570.02Fg124600	MED26	OTR
SoffiXsponR570.02Fg126200	MYB	TFF
SoffiXsponR570.02Fg126500	bHLH	TFF
SoffiXsponR570.02Fg126800	AUX/IAA	OTR
SoffiXsponR570.02Fg127200	MADS	TFF
SoffiXsponR570.02Fg127800	WRKY	TFF
SoffiXsponR570.02Fg128900	SBP	TFF
SoffiXsponR570.02Fg129100	bHLH	TFF
SoffiXsponR570.02Fg131000	MYB	TFF
SoffiXsponR570.02Fg133100	HB	TFF
SoffiXsponR570.02Fg134000	MYB	TFF
SoffiXsponR570.02Fg136900	AP2-EREBP	TFF
SoffiXsponR570.02Fg139500	Top	TFF
SoffiXsponR570.02Fg150800	bZIP	TFF
SoffiXsponR570.02Fg151500	MYB	TFF
SoffiXsponR570.02Fg152200	Jumonji	OTR
SoffiXsponR570.02Fg155800	PHD	OTR
SoffiXsponR570.02Fg155800	zf-BED	TFF
SoffiXsponR570.02Fg159400	bHLH	TFF
SoffiXsponR570.02Fg161300	HSF	TFF
SoffiXsponR570.02Fg161400	C3H	TFF
SoffiXsponR570.02Fg161500	C2H2	TFF
SoffiXsponR570.02Fg162100	bHLH	TFF
SoffiXsponR570.02Fg162800	MYB-related	TFF
SoffiXsponR570.02Fg165500	WRKY	TFF
SoffiXsponR570.02Fg165700	mTERF	OTR
SoffiXsponR570.02Fg166200	CCAAT	TFF
SoffiXsponR570.02Fg166400	WRKY	TFF
SoffiXsponR570.02Fg168000	MYB-related	TFF
SoffiXsponR570.02Fg169600	ABI3VP1	TFF
SoffiXsponR570.02Fg170500	OFP	TFF
SoffiXsponR570.02Fg175400	MYB-related	TFF
SoffiXsponR570.02Fg178400	Top	TFF
SoffiXsponR570.02Fg178600	Top	TFF
SoffiXsponR570.02Fg180300	GNAT	OTR
SoffiXsponR570.02Fg180400	MADS	TFF
SoffiXsponR570.02Fg181900	zf-LSD1	TFF
SoffiXsponR570.02Fg183700	C3H	TFF
SoffiXsponR570.02Fg184700	bHLH	TFF
SoffiXsponR570.02Fg186300	MYB-related	TFF
SoffiXsponR570.02Fg189600	WRKY	TFF
SoffiXsponR570.02Fg190000	HSF	TFF
SoffiXsponR570.02Fg190200	OFP	TFF
SoffiXsponR570.02Fg190500	WRKY	TFF
SoffiXsponR570.02Fg196300	MYB	TFF
SoffiXsponR570.02Fg201000	C3H	TFF
SoffiXsponR570.02Fg201600	GRAS	TFF
SoffiXsponR570.02Fg205800	PHD	OTR
SoffiXsponR570.02Fg206400	WRKY	TFF
SoffiXsponR570.02Fg206800	AP2-EREBP	TFF
SoffiXsponR570.02Fg207400	bZIP	TFF
SoffiXsponR570.02Fg209600	C2C2-GATA	TFF
SoffiXsponR570.02Fg209700	MYB-related	TFF
SoffiXsponR570.02Fg211200	WRKY	TFF
SoffiXsponR570.02Fg211600	HMG	OTR
SoffiXsponR570.02Fg212900	C3H	TFF
SoffiXsponR570.02Fg214500	ARF	TFF
SoffiXsponR570.02Fg214700	NAC	TFF
SoffiXsponR570.02Fg215000	DDT	OTR
SoffiXsponR570.02Fg216300	C2C2-Dof	TFF
SoffiXsponR570.02Fg217000	TUB	TFF
SoffiXsponR570.02Fg217800	AUX/IAA	OTR
SoffiXsponR570.02Fg217900	NAC	TFF
SoffiXsponR570.02Fg218000	NAC	TFF
SoffiXsponR570.02Fg219400	E2F-DP	TFF
SoffiXsponR570.02Fg220200	GeBP	TFF
SoffiXsponR570.02Fg223100	MYB	TFF
SoffiXsponR570.02Fg223800	Top	TFF
SoffiXsponR570.02Fg227500	ABI3VP1	TFF
SoffiXsponR570.02Fg227500	AP2-EREBP	TFF
SoffiXsponR570.02Fg229600	MYB	TFF
SoffiXsponR570.02Fg230800	zf-BED	TFF
SoffiXsponR570.02Fg232700	MYB	TFF
SoffiXsponR570.02Fg235200	bHLH	TFF
SoffiXsponR570.02Fg235300	Coactivator_p15	OTR
SoffiXsponR570.02Fg236500	MYB-related	TFF
SoffiXsponR570.02Fg237300	MYB	TFF
SoffiXsponR570.02Fg238700	ABI3VP1	TFF
SoffiXsponR570.02Fg239300	WRKY	TFF
SoffiXsponR570.02Fg242100	MYB	TFF
SoffiXsponR570.02Fg243200	ABI3VP1	TFF
SoffiXsponR570.02Fg243600	ABI3VP1	TFF
SoffiXsponR570.02Fg244600	MADS	TFF
SoffiXsponR570.02Fg247200	WRKY	TFF
SoffiXsponR570.02Fg248200	OFP	TFF
SoffiXsponR570.02Fg248400	HSF	TFF
SoffiXsponR570.02Fg248800	WRKY	TFF
SoffiXsponR570.02Fg251200	C2C2-GATA	TFF
SoffiXsponR570.02Fg251300	SWI/SNF-BAF60b	OTR
SoffiXsponR570.02Fg253100	HB	TFF
SoffiXsponR570.02Fg254400	HSF	TFF
SoffiXsponR570.02Fg254600	OFP	TFF
SoffiXsponR570.02Fg254900	WRKY	TFF
SoffiXsponR570.02Fg256100	AP2-EREBP	TFF
SoffiXsponR570.02Fg256500	VOZ	TFF
SoffiXsponR570.02Fg256900	ARF	TFF
SoffiXsponR570.02Fg257900	ARF	TFF
SoffiXsponR570.02Fg258900	TCP	TFF
SoffiXsponR570.02Fg259300	bZIP	TFF
SoffiXsponR570.02Fg260800	C2C2-Dof	TFF
SoffiXsponR570.02Fg261600	TUB	TFF
SoffiXsponR570.02Fg262800	CPP	TFF
SoffiXsponR570.02Fg263900	TCP	TFF
SoffiXsponR570.02Fg265800	NAC	TFF
SoffiXsponR570.02Fg266100	zf-A20	TFF
SoffiXsponR570.02Fg266600	BSD	TFF
SoffiXsponR570.02Fg267400	TRAF	OTR
SoffiXsponR570.02Fg268800	NAC	TFF
SoffiXsponR570.02Fg270000	SET	OTR
SoffiXsponR570.02Fg271400	bHLH	TFF
SoffiXsponR570.02Fg274700	Top	TFF
SoffiXsponR570.02Fg283000	AP2-EREBP	TFF
SoffiXsponR570.02Fg285000	SAP	TFF
SoffiXsponR570.02Fg285600	bZIP	TFF
SoffiXsponR570.02Fg288900	bZIP	TFF
SoffiXsponR570.02Fg290400	SET	OTR
SoffiXsponR570.02Fg290600	MYB	TFF
SoffiXsponR570.02Fg291500	bZIP	TFF
SoffiXsponR570.02Fg291600	AP2-EREBP	TFF
SoffiXsponR570.02Fg294400	NAC	TFF
SoffiXsponR570.02Fg297200	WRKY	TFF
SoffiXsponR570.02Fg297300	WRKY	TFF
SoffiXsponR570.02Fg297400	WRKY	TFF
SoffiXsponR570.02Fg297500	WRKY	TFF
SoffiXsponR570.02Fg298100	EIL	TFF
SoffiXsponR570.02Fg298600	OFP	TFF
SoffiXsponR570.02Fg300900	WRKY	TFF
SoffiXsponR570.02Fg304500	bHLH	TFF
SoffiXsponR570.02Fg306400	CCAAT	TFF
SoffiXsponR570.02Fg309100	CCAAT	TFF
SoffiXsponR570.02Fg309400	C2H2	TFF
SoffiXsponR570.02Fg309600	bZIP	TFF
SoffiXsponR570.02Fg309700	bZIP	TFF
SoffiXsponR570.02Fg309900	bZIP	TFF
SoffiXsponR570.02Fg311700	NAC	TFF
SoffiXsponR570.02Fg311800	MYB-related	TFF
SoffiXsponR570.02Fg312100	OFP	TFF
SoffiXsponR570.02Fg312200	OFP	TFF
SoffiXsponR570.02Fg313300	C2C2-Dof	TFF
SoffiXsponR570.02Fg314100	TUB	TFF
SoffiXsponR570.02Fg314400	bZIP	TFF
SoffiXsponR570.02Fg314900	AP2-EREBP	TFF
SoffiXsponR570.02Fg316300	C2H2	TFF
SoffiXsponR570.02Fg318600	MYB	TFF
SoffiXsponR570.02Fg321100	PHD	OTR
SoffiXsponR570.02Fg322200	SET	OTR
SoffiXsponR570.02Fg323600	GRAS	TFF
SoffiXsponR570.02Fg324600	MADS	TFF
SoffiXsponR570.02Fg324900	PHD	OTR
SoffiXsponR570.02Fg325300	NAC	TFF
SoffiXsponR570.02Fg325500	SWI/SNF-BAF60b	OTR
SoffiXsponR570.02Fg326300	AP2-EREBP	TFF
SoffiXsponR570.02Fg326500	MADS	TFF
SoffiXsponR570.02Fg326800	AP2-EREBP	TFF
SoffiXsponR570.02Fg327300	Alfin-like	TFF
SoffiXsponR570.02Fg327500	NAC	TFF
SoffiXsponR570.02Fg330900	TAZ	TFF
SoffiXsponR570.02Fg330900	TRAF	OTR
SoffiXsponR570.02Fg333800	zf-BED	TFF
SoffiXsponR570.02Fg335100	mTERF	OTR
SoffiXsponR570.02Fg335900	AP2-EREBP	TFF
SoffiXsponR570.02Fg336400	bHLH	TFF
SoffiXsponR570.02Fg338100	GRAS	TFF
SoffiXsponR570.02Fg338600	ARR-B	TFF
SoffiXsponR570.02Fg338600	MYB-related	TFF
SoffiXsponR570.02Fg338900	ABI3VP1	TFF
SoffiXsponR570.02Fg340000	Jumonji	OTR
SoffiXsponR570.02Fg340500	TAZ	TFF
SoffiXsponR570.02Fg341000	mTERF	OTR
SoffiXsponR570.02Fg344000	ABI3VP1	TFF
SoffiXsponR570.02Fg346400	bHLH	TFF
SoffiXsponR570.02Fg347600	C3H	TFF
SoffiXsponR570.02Fg353100	SBP	TFF
SoffiXsponR570.02Fg353200	MADS	TFF
SoffiXsponR570.02Fg353700	TIG	TFF
SoffiXsponR570.02Fg354600	Top	TFF
SoffiXsponR570.02Fg354700	TCP	TFF
SoffiXsponR570.02Fg355900	NAC	TFF
SoffiXsponR570.02Fg356600	Tify	TFF
SoffiXsponR570.02Fg357800	SET	OTR
SoffiXsponR570.02Fg358200	ARF	TFF
SoffiXsponR570.02Fg358500	bHLH	TFF
SoffiXsponR570.02Fg361300	TRAF	OTR
SoffiXsponR570.02Fg363600	C2H2	TFF
SoffiXsponR570.02Fg363700	C2H2	TFF
SoffiXsponR570.02Fg363800	C2H2	TFF
SoffiXsponR570.02Fg363900	CCAAT	TFF
SoffiXsponR570.02Fg364000	CCAAT	TFF
SoffiXsponR570.02Gg003100	bHLH	TFF
SoffiXsponR570.02Gg003200	zf-BED	TFF
SoffiXsponR570.02Gg005400	bHLH	TFF
SoffiXsponR570.02Gg005600	bHLH	TFF
SoffiXsponR570.02Gg005700	bHLH	TFF
SoffiXsponR570.02Gg008700	NAC	TFF
SoffiXsponR570.02Gg009500	MYB	TFF
SoffiXsponR570.02Gg013900	NAC	TFF
SoffiXsponR570.02Gg015500	GeBP	TFF
SoffiXsponR570.02Gg016300	C3H	TFF
SoffiXsponR570.02Gg018100	Top	TFF
SoffiXsponR570.02Gg019900	C3H	TFF
SoffiXsponR570.02Gg020100	C3H	TFF
SoffiXsponR570.02Gg021800	NAC	TFF
SoffiXsponR570.02Gg023200	C2C2-Dof	TFF
SoffiXsponR570.02Gg027900	BSD	TFF
SoffiXsponR570.02Gg029800	MYB	TFF
SoffiXsponR570.02Gg029900	MYB	TFF
SoffiXsponR570.02Gg030000	MYB	TFF
SoffiXsponR570.02Gg033300	SBP	TFF
SoffiXsponR570.02Gg033500	bHLH	TFF
SoffiXsponR570.02Gg035300	MYB	TFF
SoffiXsponR570.02Gg037100	HB	TFF
SoffiXsponR570.02Gg038100	MYB	TFF
SoffiXsponR570.02Gg041100	AP2-EREBP	TFF
SoffiXsponR570.02Gg044100	Top	TFF
SoffiXsponR570.02Gg049400	MADS	TFF
SoffiXsponR570.02Gg049800	C2C2-GATA	TFF
SoffiXsponR570.02Gg052400	SAP	TFF
SoffiXsponR570.02Gg057400	MYB	TFF
SoffiXsponR570.02Gg068500	bZIP	TFF
SoffiXsponR570.02Gg069100	MYB	TFF
SoffiXsponR570.02Gg070200	Jumonji	OTR
SoffiXsponR570.02Gg073500	PHD	OTR
SoffiXsponR570.02Gg073500	zf-BED	TFF
SoffiXsponR570.02Gg077300	bHLH	TFF
SoffiXsponR570.02Gg079200	HSF	TFF
SoffiXsponR570.02Gg079300	C3H	TFF
SoffiXsponR570.02Gg079400	C2H2	TFF
SoffiXsponR570.02Gg080200	bHLH	TFF
SoffiXsponR570.02Gg080800	MYB-related	TFF
SoffiXsponR570.02Gg083900	WRKY	TFF
SoffiXsponR570.02Gg084200	mTERF	OTR
SoffiXsponR570.02Gg084700	CCAAT	TFF
SoffiXsponR570.02Gg084900	WRKY	TFF
SoffiXsponR570.02Gg085600	PLATZ	TFF
SoffiXsponR570.02Gg086500	MYB-related	TFF
SoffiXsponR570.02Gg087900	ABI3VP1	TFF
SoffiXsponR570.02Gg088500	OFP	TFF
SoffiXsponR570.02Gg093100	MYB-related	TFF
SoffiXsponR570.02Gg096300	Top	TFF
SoffiXsponR570.02Gg098800	GNAT	OTR
SoffiXsponR570.02Gg098900	MADS	TFF
SoffiXsponR570.02Gg100500	zf-LSD1	TFF
SoffiXsponR570.02Gg102400	MADS	TFF
SoffiXsponR570.02Gg102700	C3H	TFF
SoffiXsponR570.02Gg103800	bHLH	TFF
SoffiXsponR570.02Gg105400	MYB-related	TFF
SoffiXsponR570.02Gg108600	WRKY	TFF
SoffiXsponR570.02Gg108900	HSF	TFF
SoffiXsponR570.02Gg109100	OFP	TFF
SoffiXsponR570.02Gg109400	WRKY	TFF
SoffiXsponR570.02Gg109700	WRKY	TFF
SoffiXsponR570.02Gg114000	MYB	TFF
SoffiXsponR570.02Gg118300	C3H	TFF
SoffiXsponR570.02Gg118900	GRAS	TFF
SoffiXsponR570.02Gg122100	bZIP	TFF
SoffiXsponR570.02Gg124200	C2C2-GATA	TFF
SoffiXsponR570.02Gg124300	MYB-related	TFF
SoffiXsponR570.02Gg125700	WRKY	TFF
SoffiXsponR570.02Gg126100	HMG	OTR
SoffiXsponR570.02Gg127500	C3H	TFF
SoffiXsponR570.02Gg128700	ARF	TFF
SoffiXsponR570.02Gg128800	NAC	TFF
SoffiXsponR570.02Gg129200	DDT	OTR
SoffiXsponR570.02Gg130300	C2C2-Dof	TFF
SoffiXsponR570.02Gg131000	TUB	TFF
SoffiXsponR570.02Gg131700	AUX/IAA	OTR
SoffiXsponR570.02Gg131800	NAC	TFF
SoffiXsponR570.02Gg131900	NAC	TFF
SoffiXsponR570.02Gg133400	E2F-DP	TFF
SoffiXsponR570.02Gg134300	GeBP	TFF
SoffiXsponR570.02Gg136900	MYB	TFF
SoffiXsponR570.02Gg137700	Top	TFF
SoffiXsponR570.02Gg143800	AP2-EREBP	TFF
SoffiXsponR570.02Gg145500	MYB	TFF
SoffiXsponR570.02Gg146600	zf-BED	TFF
SoffiXsponR570.02Gg148700	MYB	TFF
SoffiXsponR570.02Gg150700	bHLH	TFF
SoffiXsponR570.02Gg150800	Coactivator_p15	OTR
SoffiXsponR570.02Gg151700	MYB-related	TFF
SoffiXsponR570.02Gg152400	MYB	TFF
SoffiXsponR570.02Gg153900	ABI3VP1	TFF
SoffiXsponR570.02Gg154400	WRKY	TFF
SoffiXsponR570.02Gg158700	MYB	TFF
SoffiXsponR570.02Gg159700	ABI3VP1	TFF
SoffiXsponR570.02Gg159900	ABI3VP1	TFF
SoffiXsponR570.02Gg161000	MADS	TFF
SoffiXsponR570.02Gg163600	WRKY	TFF
SoffiXsponR570.02Gg164600	OFP	TFF
SoffiXsponR570.02Gg165600	HSF	TFF
SoffiXsponR570.02Gg166300	WRKY	TFF
SoffiXsponR570.02Gg170200	AUX/IAA	OTR
SoffiXsponR570.02Gg172100	C2C2-GATA	TFF
SoffiXsponR570.02Gg172200	SWI/SNF-BAF60b	OTR
SoffiXsponR570.02Gg174100	HB	TFF
SoffiXsponR570.02Gg175700	HSF	TFF
SoffiXsponR570.02Gg176100	OFP	TFF
SoffiXsponR570.02Gg176300	WRKY	TFF
SoffiXsponR570.02Gg177700	AP2-EREBP	TFF
SoffiXsponR570.02Gg178100	VOZ	TFF
SoffiXsponR570.02Gg178500	ARF	TFF
SoffiXsponR570.02Gg179500	TCP	TFF
SoffiXsponR570.02Gg179900	bZIP	TFF
SoffiXsponR570.02Gg181500	C2C2-Dof	TFF
SoffiXsponR570.02Gg182200	TUB	TFF
SoffiXsponR570.02Gg183500	CPP	TFF
SoffiXsponR570.02Gg184500	TCP	TFF
SoffiXsponR570.02Gg186700	zf-A20	TFF
SoffiXsponR570.02Gg187200	BSD	TFF
SoffiXsponR570.02Gg188000	TRAF	OTR
SoffiXsponR570.02Gg189700	NAC	TFF
SoffiXsponR570.02Gg192500	bHLH	TFF
SoffiXsponR570.02Gg196100	Top	TFF
SoffiXsponR570.02Gg204000	AP2-EREBP	TFF
SoffiXsponR570.02Gg204100	AP2-EREBP	TFF
SoffiXsponR570.02Gg206000	SAP	TFF
SoffiXsponR570.02Gg206700	bZIP	TFF
SoffiXsponR570.02Gg210300	bZIP	TFF
SoffiXsponR570.02Gg212100	SET	OTR
SoffiXsponR570.02Gg212300	MYB	TFF
SoffiXsponR570.02Gg213500	bZIP	TFF
SoffiXsponR570.02Gg213600	AP2-EREBP	TFF
SoffiXsponR570.02Gg215800	NAC	TFF
SoffiXsponR570.02Gg218400	WRKY	TFF
SoffiXsponR570.02Gg218500	WRKY	TFF
SoffiXsponR570.02Gg218600	WRKY	TFF
SoffiXsponR570.02Gg218700	WRKY	TFF
SoffiXsponR570.02Gg219900	OFP	TFF
SoffiXsponR570.02Gg222200	WRKY	TFF
SoffiXsponR570.02Gg225400	bHLH	TFF
SoffiXsponR570.02Gg227400	CCAAT	TFF
SoffiXsponR570.02Gg230600	C2H2	TFF
SoffiXsponR570.02Gg230800	C2H2	TFF
SoffiXsponR570.02Gg231200	CCAAT	TFF
SoffiXsponR570.02Gg232600	MYB	TFF
SoffiXsponR570.02Gg233000	GRAS	TFF
SoffiXsponR570.02Gg233400	WRKY	TFF
SoffiXsponR570.02Gg234100	MYB-related	TFF
SoffiXsponR570.02Gg236500	HB	TFF
SoffiXsponR570.02Gg237700	MYB	TFF
SoffiXsponR570.02Gg240100	MYB	TFF
SoffiXsponR570.02Gg243300	CCAAT	TFF
SoffiXsponR570.02Gg243700	C2H2	TFF
SoffiXsponR570.02Gg243800	C2H2	TFF
SoffiXsponR570.02Gg243900	bZIP	TFF
SoffiXsponR570.02Gg244100	bZIP	TFF
SoffiXsponR570.02Gg245700	NAC	TFF
SoffiXsponR570.02Gg245800	MYB-related	TFF
SoffiXsponR570.02Gg246100	OFP	TFF
SoffiXsponR570.02Gg246200	OFP	TFF
SoffiXsponR570.02Gg247200	C2C2-Dof	TFF
SoffiXsponR570.02Gg248300	TUB	TFF
SoffiXsponR570.02Gg248600	bZIP	TFF
SoffiXsponR570.02Gg249100	AP2-EREBP	TFF
SoffiXsponR570.02Gg250700	C2H2	TFF
SoffiXsponR570.02Gg253000	MYB	TFF
SoffiXsponR570.02Gg255300	PHD	OTR
SoffiXsponR570.02Gg256400	SET	OTR
SoffiXsponR570.02Gg257700	GRAS	TFF
SoffiXsponR570.02Gg258700	MADS	TFF
SoffiXsponR570.02Gg259400	NAC	TFF
SoffiXsponR570.02Gg259600	SWI/SNF-BAF60b	OTR
SoffiXsponR570.02Gg260300	AP2-EREBP	TFF
SoffiXsponR570.02Gg260600	MADS	TFF
SoffiXsponR570.02Gg260900	AP2-EREBP	TFF
SoffiXsponR570.02Gg261700	Alfin-like	TFF
SoffiXsponR570.02Gg261900	NAC	TFF
SoffiXsponR570.02Gg264300	TAZ	TFF
SoffiXsponR570.02Gg264300	TRAF	OTR
SoffiXsponR570.02Gg268900	mTERF	OTR
SoffiXsponR570.02Gg269700	AP2-EREBP	TFF
SoffiXsponR570.02Gg270400	bHLH	TFF
SoffiXsponR570.02Gg271700	GRAS	TFF
SoffiXsponR570.02Gg272200	ARR-B	TFF
SoffiXsponR570.02Gg272200	MYB-related	TFF
SoffiXsponR570.02Gg272400	ABI3VP1	TFF
SoffiXsponR570.02Gg273500	Jumonji	OTR
SoffiXsponR570.02Gg274100	TAZ	TFF
SoffiXsponR570.02Gg274100	TRAF	OTR
SoffiXsponR570.02Gg274700	mTERF	OTR
SoffiXsponR570.02Gg276800	ABI3VP1	TFF
SoffiXsponR570.02Gg279000	bHLH	TFF
SoffiXsponR570.02Gg280100	C3H	TFF
SoffiXsponR570.02Gg285900	SBP	TFF
SoffiXsponR570.02Gg286100	MADS	TFF
SoffiXsponR570.02Gg286500	TIG	TFF
SoffiXsponR570.02Gg287700	Top	TFF
SoffiXsponR570.02Gg287800	TCP	TFF
SoffiXsponR570.02Gg289100	NAC	TFF
SoffiXsponR570.02Gg289300	MYB	TFF
SoffiXsponR570.02Gg289700	Tify	TFF
SoffiXsponR570.02Gg289800	Tify	TFF
SoffiXsponR570.02Gg291300	ARF	TFF
SoffiXsponR570.02Gg291600	bHLH	TFF
SoffiXsponR570.02Gg296100	C2H2	TFF
SoffiXsponR570.02Gg296200	CCAAT	TFF
SoffiXsponR570.02Gg296300	CCAAT	TFF
SoffiXsponR570.02Gg296400	CCAAT	TFF
SoffiXsponR570.02Gg302500	NAC	TFF
SoffiXsponR570.02Gg303000	GRAS	TFF
SoffiXsponR570.02Gg303800	TRAF	OTR
SoffiXsponR570.02Gg308900	bHLH	TFF
SoffiXsponR570.02Gg309600	SRS	TFF
SoffiXsponR570.02Gg314900	Top	TFF
SoffiXsponR570.02Gg317900	PHD	OTR
SoffiXsponR570.02Gg321000	MYB-related	TFF
SoffiXsponR570.02Gg321500	WRKY	TFF
SoffiXsponR570.02Gg321600	Top	TFF
SoffiXsponR570.02Gg323300	Top	TFF
SoffiXsponR570.02Gg323400	SET	OTR
SoffiXsponR570.02Gg323700	C2C2-GATA	TFF
SoffiXsponR570.02Gg324200	MYB	TFF
SoffiXsponR570.03Ag001100	bZIP	TFF
SoffiXsponR570.03Ag003400	MADS	TFF
SoffiXsponR570.03Ag003500	MADS	TFF
SoffiXsponR570.03Ag006200	Jumonji	OTR
SoffiXsponR570.03Ag010500	MYB	TFF
SoffiXsponR570.03Ag011500	bHLH	TFF
SoffiXsponR570.03Ag018800	bHLH	TFF
SoffiXsponR570.03Ag019400	CSD	TFF
SoffiXsponR570.03Ag021700	PHD	OTR
SoffiXsponR570.03Ag022500	GeBP	TFF
SoffiXsponR570.03Ag027400	bZIP	TFF
SoffiXsponR570.03Ag028300	BES1	TFF
SoffiXsponR570.03Ag031600	bZIP	TFF
SoffiXsponR570.03Ag032200	PHD	OTR
SoffiXsponR570.03Ag034500	RWP-RK	TFF
SoffiXsponR570.03Ag035400	TAZ	TFF
SoffiXsponR570.03Ag036600	MYB-related	TFF
SoffiXsponR570.03Ag037000	SBP	TFF
SoffiXsponR570.03Ag037900	ARF	TFF
SoffiXsponR570.03Ag039400	PAS	TFF
SoffiXsponR570.03Ag044500	AP2-EREBP	TFF
SoffiXsponR570.03Ag045000	PBF-2-like	TFF
SoffiXsponR570.03Ag048900	MADS	TFF
SoffiXsponR570.03Ag049300	ARF	TFF
SoffiXsponR570.03Ag054100	MADS	TFF
SoffiXsponR570.03Ag054500	bZIP	TFF
SoffiXsponR570.03Ag055600	SBP	TFF
SoffiXsponR570.03Ag055700	MYB-related	TFF
SoffiXsponR570.03Ag056500	PLATZ	TFF
SoffiXsponR570.03Ag060700	SBP	TFF
SoffiXsponR570.03Ag062600	TUB	TFF
SoffiXsponR570.03Ag063300	GNAT	OTR
SoffiXsponR570.03Ag063800	WRKY	TFF
SoffiXsponR570.03Ag064600	ARR-B	TFF
SoffiXsponR570.03Ag065100	HB	TFF
SoffiXsponR570.03Ag066000	PLATZ	TFF
SoffiXsponR570.03Ag066300	PLATZ	TFF
SoffiXsponR570.03Ag068000	mTERF	OTR
SoffiXsponR570.03Ag069700	MYB	TFF
SoffiXsponR570.03Ag071700	AP2-EREBP	TFF
SoffiXsponR570.03Ag073600	bZIP	TFF
SoffiXsponR570.03Ag074500	PHD	OTR
SoffiXsponR570.03Ag076100	bZIP	TFF
SoffiXsponR570.03Ag076200	MYB-related	TFF
SoffiXsponR570.03Ag076600	C3H	TFF
SoffiXsponR570.03Ag077300	bZIP	TFF
SoffiXsponR570.03Ag077700	zf-A20	TFF
SoffiXsponR570.03Ag079000	GRAS	TFF
SoffiXsponR570.03Ag083400	AP2-EREBP	TFF
SoffiXsponR570.03Ag084200	bZIP	TFF
SoffiXsponR570.03Ag084300	bZIP	TFF
SoffiXsponR570.03Ag087500	Top	TFF
SoffiXsponR570.03Ag093900	C2C2-GATA	TFF
SoffiXsponR570.03Ag094400	bHLH	TFF
SoffiXsponR570.03Ag097400	AP2-EREBP	TFF
SoffiXsponR570.03Ag097700	bHLH	TFF
SoffiXsponR570.03Ag098200	HSF	TFF
SoffiXsponR570.03Ag100700	MYB-related	TFF
SoffiXsponR570.03Ag102300	bZIP	TFF
SoffiXsponR570.03Ag105300	NAC	TFF
SoffiXsponR570.03Ag106500	C3H	TFF
SoffiXsponR570.03Ag107500	bHLH	TFF
SoffiXsponR570.03Ag107800	HMG	OTR
SoffiXsponR570.03Ag110900	WRKY	TFF
SoffiXsponR570.03Ag114600	MYB-related	TFF
SoffiXsponR570.03Ag114800	MYB	TFF
SoffiXsponR570.03Ag115500	CPP	TFF
SoffiXsponR570.03Ag119300	Tudor-knot	OTR
SoffiXsponR570.03Ag119600	GeBP	TFF
SoffiXsponR570.03Ag121400	bHLH	TFF
SoffiXsponR570.03Ag127400	WRKY	TFF
SoffiXsponR570.03Ag128400	bHLH	TFF
SoffiXsponR570.03Ag128700	zf-BED	TFF
SoffiXsponR570.03Ag129900	ARID	OTR
SoffiXsponR570.03Ag134600	HSF	TFF
SoffiXsponR570.03Ag142500	WRKY	TFF
SoffiXsponR570.03Ag142700	SET	OTR
SoffiXsponR570.03Ag144100	Trihelix	TFF
SoffiXsponR570.03Ag144700	C2C2-GATA	TFF
SoffiXsponR570.03Ag147800	C2H2	TFF
SoffiXsponR570.03Ag148300	HSF	TFF
SoffiXsponR570.03Ag149900	zf-A20	TFF
SoffiXsponR570.03Ag153600	MADS	TFF
SoffiXsponR570.03Ag153800	E2F-DP	TFF
SoffiXsponR570.03Ag156900	AP2-EREBP	TFF
SoffiXsponR570.03Ag159100	MYB-related	TFF
SoffiXsponR570.03Ag159700	C2H2	TFF
SoffiXsponR570.03Ag160900	Coactivator_p15	OTR
SoffiXsponR570.03Ag161200	SET	OTR
SoffiXsponR570.03Ag161800	NAC	TFF
SoffiXsponR570.03Ag162800	DDT	OTR
SoffiXsponR570.03Ag163800	C3H	TFF
SoffiXsponR570.03Ag164000	ARF	TFF
SoffiXsponR570.03Ag164800	AP2-EREBP	TFF
SoffiXsponR570.03Ag166800	Alfin-like	TFF
SoffiXsponR570.03Ag167800	bHLH	TFF
SoffiXsponR570.03Ag171900	C2H2	TFF
SoffiXsponR570.03Ag172500	EIL	TFF
SoffiXsponR570.03Ag174300	mTERF	OTR
SoffiXsponR570.03Ag175200	NAC	TFF
SoffiXsponR570.03Ag175300	MYB	TFF
SoffiXsponR570.03Ag175400	MADS	TFF
SoffiXsponR570.03Ag183900	AP2-EREBP	TFF
SoffiXsponR570.03Ag185000	NAC	TFF
SoffiXsponR570.03Ag186800	TRAF	OTR
SoffiXsponR570.03Ag187700	ABI3VP1	TFF
SoffiXsponR570.03Ag189500	mTERF	OTR
SoffiXsponR570.03Ag190300	bHLH	TFF
SoffiXsponR570.03Ag194200	C3H	TFF
SoffiXsponR570.03Ag195500	FAR1	TFF
SoffiXsponR570.03Ag195600	FAR1	TFF
SoffiXsponR570.03Ag197600	C2C2-CO-like	TFF
SoffiXsponR570.03Ag198300	SET	OTR
SoffiXsponR570.03Ag200900	AP2-EREBP	TFF
SoffiXsponR570.03Ag204500	Pseudo_ARR-B	OTR
SoffiXsponR570.03Ag204800	MYB	TFF
SoffiXsponR570.03Ag205900	SET	OTR
SoffiXsponR570.03Ag207100	NAC	TFF
SoffiXsponR570.03Ag207500	MYB	TFF
SoffiXsponR570.03Ag209600	ARF	TFF
SoffiXsponR570.03Ag214600	TCP	TFF
SoffiXsponR570.03Ag216600	AP2-EREBP	TFF
SoffiXsponR570.03Ag219700	LIM	TFF
SoffiXsponR570.03Ag219800	MYB	TFF
SoffiXsponR570.03Ag219900	MYB	TFF
SoffiXsponR570.03Ag220800	C2C2-YABBY	TFF
SoffiXsponR570.03Ag221100	NAC	TFF
SoffiXsponR570.03Ag221200	C2H2	TFF
SoffiXsponR570.03Ag221700	AP2-EREBP	TFF
SoffiXsponR570.03Ag222200	AP2-EREBP	TFF
SoffiXsponR570.03Ag224800	bHLH	TFF
SoffiXsponR570.03Ag225000	MYB-related	TFF
SoffiXsponR570.03Ag225700	GRF	TFF
SoffiXsponR570.03Ag226000	WRKY	TFF
SoffiXsponR570.03Ag226100	Top	TFF
SoffiXsponR570.03Ag226900	MYB-related	TFF
SoffiXsponR570.03Ag227000	zf-C5HC2	TFF
SoffiXsponR570.03Ag228100	MYB-related	TFF
SoffiXsponR570.03Ag228100	MYB	TFF
SoffiXsponR570.03Ag228700	GNAT	OTR
SoffiXsponR570.03Ag229600	PLATZ	TFF
SoffiXsponR570.03Ag229800	bHLH	TFF
SoffiXsponR570.03Ag233100	MYB-related	TFF
SoffiXsponR570.03Ag234400	ABI3VP1	TFF
SoffiXsponR570.03Ag234800	MADS	TFF
SoffiXsponR570.03Ag235000	GRAS	TFF
SoffiXsponR570.03Ag235700	MYB-related	TFF
SoffiXsponR570.03Ag236100	OFP	TFF
SoffiXsponR570.03Ag236400	GRF	TFF
SoffiXsponR570.03Ag237300	AP2-EREBP	TFF
SoffiXsponR570.03Ag238200	C2C2-Dof	TFF
SoffiXsponR570.03Ag239500	C2H2	TFF
SoffiXsponR570.03Ag240100	HMG	OTR
SoffiXsponR570.03Ag244500	GRAS	TFF
SoffiXsponR570.03Ag244600	GRAS	TFF
SoffiXsponR570.03Ag245500	PLATZ	TFF
SoffiXsponR570.03Ag246700	C2H2	TFF
SoffiXsponR570.03Ag246900	C2H2	TFF
SoffiXsponR570.03Ag248300	AP2-EREBP	TFF
SoffiXsponR570.03Ag248400	AP2-EREBP	TFF
SoffiXsponR570.03Ag250000	AP2-EREBP	TFF
SoffiXsponR570.03Ag250100	AP2-EREBP	TFF
SoffiXsponR570.03Ag250300	AP2-EREBP	TFF
SoffiXsponR570.03Ag252000	WRKY	TFF
SoffiXsponR570.03Ag255100	TUB	TFF
SoffiXsponR570.03Ag255300	bHLH	TFF
SoffiXsponR570.03Ag255500	MYB-related	TFF
SoffiXsponR570.03Ag255800	zf-HD	TFF
SoffiXsponR570.03Ag256300	C2C2-Dof	TFF
SoffiXsponR570.03Ag257000	SET	OTR
SoffiXsponR570.03Ag257100	CCAAT	TFF
SoffiXsponR570.03Ag258200	bHLH	TFF
SoffiXsponR570.03Ag261000	ARID	OTR
SoffiXsponR570.03Ag263200	GNAT	OTR
SoffiXsponR570.03Ag267200	C2C2-CO-like	TFF
SoffiXsponR570.03Ag268000	SET	OTR
SoffiXsponR570.03Ag269100	CCAAT	TFF
SoffiXsponR570.03Ag269200	CCAAT	TFF
SoffiXsponR570.03Ag269500	C2C2-Dof	TFF
SoffiXsponR570.03Ag269600	BSD	TFF
SoffiXsponR570.03Ag270000	bHLH	TFF
SoffiXsponR570.03Ag270600	bZIP	TFF
SoffiXsponR570.03Ag272900	MADS	TFF
SoffiXsponR570.03Ag273000	NAC	TFF
SoffiXsponR570.03Ag273600	C2C2-CO-like	TFF
SoffiXsponR570.03Ag274200	MYB	TFF
SoffiXsponR570.03Ag275000	SET	OTR
SoffiXsponR570.03Ag279900	E2F-DP	TFF
SoffiXsponR570.03Ag285300	NAC	TFF
SoffiXsponR570.03Ag286200	TCP	TFF
SoffiXsponR570.03Ag286400	AP2-EREBP	TFF
SoffiXsponR570.03Ag286500	bHLH	TFF
SoffiXsponR570.03Ag287800	mTERF	OTR
SoffiXsponR570.03Ag287900	mTERF	OTR
SoffiXsponR570.03Ag288300	mTERF	OTR
SoffiXsponR570.03Ag288400	mTERF	OTR
SoffiXsponR570.03Ag288600	mTERF	OTR
SoffiXsponR570.03Ag288700	mTERF	OTR
SoffiXsponR570.03Ag288800	mTERF	OTR
SoffiXsponR570.03Ag291000	AP2-EREBP	TFF
SoffiXsponR570.03Ag292300	MYB	TFF
SoffiXsponR570.03Ag292800	SWI/SNF-SWI3	OTR
SoffiXsponR570.03Ag295200	bHLH	TFF
SoffiXsponR570.03Ag297100	MADS	TFF
SoffiXsponR570.03Ag299200	AP2-EREBP	TFF
SoffiXsponR570.03Ag300100	bZIP	TFF
SoffiXsponR570.03Ag301100	AP2-EREBP	TFF
SoffiXsponR570.03Ag301700	GeBP	TFF
SoffiXsponR570.03Ag301800	GeBP	TFF
SoffiXsponR570.03Ag302600	WRKY	TFF
SoffiXsponR570.03Ag303000	Top	TFF
SoffiXsponR570.03Ag303200	GeBP	TFF
SoffiXsponR570.03Ag304000	GNAT	OTR
SoffiXsponR570.03Ag304300	GNAT	OTR
SoffiXsponR570.03Ag307000	CCAAT	TFF
SoffiXsponR570.03Ag307200	MYB-related	TFF
SoffiXsponR570.03Ag307500	GRF	TFF
SoffiXsponR570.03Ag309900	AP2-EREBP	TFF
SoffiXsponR570.03Ag310800	NOT2_3_5	OTR
SoffiXsponR570.03Ag311400	AP2-EREBP	TFF
SoffiXsponR570.03Ag311900	mTERF	OTR
SoffiXsponR570.03Ag312900	MYB	TFF
SoffiXsponR570.03Ag319400	bHLH	TFF
SoffiXsponR570.03Ag320100	ARR-B	TFF
SoffiXsponR570.03Ag320100	MYB-related	TFF
SoffiXsponR570.03Ag320500	AP2-EREBP	TFF
SoffiXsponR570.03Ag322000	DBP	TFF
SoffiXsponR570.03Ag325400	AUX/IAA	OTR
SoffiXsponR570.03Ag325600	bHLH	TFF
SoffiXsponR570.03Ag326600	C2C2-GATA	TFF
SoffiXsponR570.03Ag328300	zf-C5HC2	TFF
SoffiXsponR570.03Ag328400	NAC	TFF
SoffiXsponR570.03Ag330700	FAR1	TFF
SoffiXsponR570.03Ag332000	MYB-related	TFF
SoffiXsponR570.03Ag335000	AUX/IAA	OTR
SoffiXsponR570.03Ag340900	C2H2	TFF
SoffiXsponR570.03Ag342100	NAC	TFF
SoffiXsponR570.03Ag343400	C2H2	TFF
SoffiXsponR570.03Ag346000	zf-fF-X1	TFF
SoffiXsponR570.03Ag346400	TCP	TFF
SoffiXsponR570.03Ag346700	Jumonji	OTR
SoffiXsponR570.03Ag348800	C3H	TFF
SoffiXsponR570.03Ag351300	bZIP	TFF
SoffiXsponR570.03Bg001000	bZIP	TFF
SoffiXsponR570.03Bg003600	MADS	TFF
SoffiXsponR570.03Bg003700	MADS	TFF
SoffiXsponR570.03Bg007500	Jumonji	OTR
SoffiXsponR570.03Bg011400	zf-BED	TFF
SoffiXsponR570.03Bg011800	MYB	TFF
SoffiXsponR570.03Bg013000	bHLH	TFF
SoffiXsponR570.03Bg019400	bHLH	TFF
SoffiXsponR570.03Bg020000	CSD	TFF
SoffiXsponR570.03Bg022600	PHD	OTR
SoffiXsponR570.03Bg023300	GeBP	TFF
SoffiXsponR570.03Bg029600	bZIP	TFF
SoffiXsponR570.03Bg030500	BES1	TFF
SoffiXsponR570.03Bg031000	SWI/SNF-BAF60b	OTR
SoffiXsponR570.03Bg034000	bZIP	TFF
SoffiXsponR570.03Bg034700	PHD	OTR
SoffiXsponR570.03Bg037100	RWP-RK	TFF
SoffiXsponR570.03Bg037900	TAZ	TFF
SoffiXsponR570.03Bg038000	TAZ	TFF
SoffiXsponR570.03Bg039700	MYB-related	TFF
SoffiXsponR570.03Bg040100	SBP	TFF
SoffiXsponR570.03Bg040700	ARF	TFF
SoffiXsponR570.03Bg045800	AP2-EREBP	TFF
SoffiXsponR570.03Bg046300	PBF-2-like	TFF
SoffiXsponR570.03Bg051000	MADS	TFF
SoffiXsponR570.03Bg051400	ARF	TFF
SoffiXsponR570.03Bg055500	MADS	TFF
SoffiXsponR570.03Bg056900	PLATZ	TFF
SoffiXsponR570.03Bg057800	MYB-related	TFF
SoffiXsponR570.03Bg058000	SBP	TFF
SoffiXsponR570.03Bg058800	bZIP	TFF
SoffiXsponR570.03Bg060600	SBP	TFF
SoffiXsponR570.03Bg061700	C2C2-CO-like	TFF
SoffiXsponR570.03Bg062900	TUB	TFF
SoffiXsponR570.03Bg063600	GNAT	OTR
SoffiXsponR570.03Bg063900	WRKY	TFF
SoffiXsponR570.03Bg064600	ARR-B	TFF
SoffiXsponR570.03Bg065100	HB	TFF
SoffiXsponR570.03Bg066000	PLATZ	TFF
SoffiXsponR570.03Bg067300	mTERF	OTR
SoffiXsponR570.03Bg068700	MYB	TFF
SoffiXsponR570.03Bg070800	AP2-EREBP	TFF
SoffiXsponR570.03Bg072500	bZIP	TFF
SoffiXsponR570.03Bg073400	PHD	OTR
SoffiXsponR570.03Bg074600	bZIP	TFF
SoffiXsponR570.03Bg074700	MYB-related	TFF
SoffiXsponR570.03Bg075100	C3H	TFF
SoffiXsponR570.03Bg075700	bZIP	TFF
SoffiXsponR570.03Bg076200	zf-A20	TFF
SoffiXsponR570.03Bg077300	GRAS	TFF
SoffiXsponR570.03Bg079500	AP2-EREBP	TFF
SoffiXsponR570.03Bg079700	bHLH	TFF
SoffiXsponR570.03Bg080200	HSF	TFF
SoffiXsponR570.03Bg080300	HSF	TFF
SoffiXsponR570.03Bg083500	MYB-related	TFF
SoffiXsponR570.03Bg085200	bZIP	TFF
SoffiXsponR570.03Bg088300	NAC	TFF
SoffiXsponR570.03Bg089100	C3H	TFF
SoffiXsponR570.03Bg090200	bHLH	TFF
SoffiXsponR570.03Bg090500	HMG	OTR
SoffiXsponR570.03Bg092700	WRKY	TFF
SoffiXsponR570.03Bg096800	MYB	TFF
SoffiXsponR570.03Bg097000	MYB	TFF
SoffiXsponR570.03Bg097600	CPP	TFF
SoffiXsponR570.03Bg101200	Tudor-knot	OTR
SoffiXsponR570.03Bg101500	GeBP	TFF
SoffiXsponR570.03Bg110100	WRKY	TFF
SoffiXsponR570.03Bg111100	bHLH	TFF
SoffiXsponR570.03Bg112900	ARID	OTR
SoffiXsponR570.03Bg112900	HMG	OTR
SoffiXsponR570.03Bg117200	HSF	TFF
SoffiXsponR570.03Bg125900	AP2-EREBP	TFF
SoffiXsponR570.03Bg126500	AP2-EREBP	TFF
SoffiXsponR570.03Bg127000	C2H2	TFF
SoffiXsponR570.03Bg129400	C2H2	TFF
SoffiXsponR570.03Bg129900	HSF	TFF
SoffiXsponR570.03Bg131300	zf-A20	TFF
SoffiXsponR570.03Bg134600	MADS	TFF
SoffiXsponR570.03Bg134900	E2F-DP	TFF
SoffiXsponR570.03Bg137800	bHLH	TFF
SoffiXsponR570.03Bg139300	MYB-related	TFF
SoffiXsponR570.03Bg140000	C2H2	TFF
SoffiXsponR570.03Bg141000	Coactivator_p15	OTR
SoffiXsponR570.03Bg141200	SET	OTR
SoffiXsponR570.03Bg141900	NAC	TFF
SoffiXsponR570.03Bg142900	DDT	OTR
SoffiXsponR570.03Bg143700	C3H	TFF
SoffiXsponR570.03Bg143900	ARF	TFF
SoffiXsponR570.03Bg144700	AP2-EREBP	TFF
SoffiXsponR570.03Bg146800	Alfin-like	TFF
SoffiXsponR570.03Bg147800	bHLH	TFF
SoffiXsponR570.03Bg151900	C2H2	TFF
SoffiXsponR570.03Bg154500	C2H2	TFF
SoffiXsponR570.03Bg155200	EIL	TFF
SoffiXsponR570.03Bg156600	mTERF	OTR
SoffiXsponR570.03Bg157500	NAC	TFF
SoffiXsponR570.03Bg157600	MYB	TFF
SoffiXsponR570.03Bg157700	MADS	TFF
SoffiXsponR570.03Bg165300	AP2-EREBP	TFF
SoffiXsponR570.03Bg166100	NAC	TFF
SoffiXsponR570.03Bg167800	TRAF	OTR
SoffiXsponR570.03Bg168900	ABI3VP1	TFF
SoffiXsponR570.03Bg170800	mTERF	OTR
SoffiXsponR570.03Bg171800	bHLH	TFF
SoffiXsponR570.03Bg173800	FAR1	TFF
SoffiXsponR570.03Bg174000	FAR1	TFF
SoffiXsponR570.03Bg175900	C2C2-CO-like	TFF
SoffiXsponR570.03Bg176800	SET	OTR
SoffiXsponR570.03Bg179200	AP2-EREBP	TFF
SoffiXsponR570.03Bg182100	SET	OTR
SoffiXsponR570.03Bg183600	NAC	TFF
SoffiXsponR570.03Bg184200	MYB	TFF
SoffiXsponR570.03Bg188900	AP2-EREBP	TFF
SoffiXsponR570.03Bg191100	LIM	TFF
SoffiXsponR570.03Bg191200	MYB	TFF
SoffiXsponR570.03Bg191400	MYB	TFF
SoffiXsponR570.03Bg192200	C2C2-YABBY	TFF
SoffiXsponR570.03Bg192500	NAC	TFF
SoffiXsponR570.03Bg193800	C2C2-GATA	TFF
SoffiXsponR570.03Bg194400	Trihelix	TFF
SoffiXsponR570.03Bg195700	SET	OTR
SoffiXsponR570.03Bg195900	WRKY	TFF
SoffiXsponR570.03Bg197400	AP2-EREBP	TFF
SoffiXsponR570.03Bg197600	AP2-EREBP	TFF
SoffiXsponR570.03Bg197700	AP2-EREBP	TFF
SoffiXsponR570.03Bg198500	PHD	OTR
SoffiXsponR570.03Bg199400	AP2-EREBP	TFF
SoffiXsponR570.03Bg199500	AP2-EREBP	TFF
SoffiXsponR570.03Bg199600	AP2-EREBP	TFF
SoffiXsponR570.03Bg200500	FAR1	TFF
SoffiXsponR570.03Bg201300	C2H2	TFF
SoffiXsponR570.03Bg201400	C2H2	TFF
SoffiXsponR570.03Bg202400	PLATZ	TFF
SoffiXsponR570.03Bg203300	GRAS	TFF
SoffiXsponR570.03Bg203500	GRAS	TFF
SoffiXsponR570.03Bg208300	HMG	OTR
SoffiXsponR570.03Bg208900	C2H2	TFF
SoffiXsponR570.03Bg209900	C2C2-Dof	TFF
SoffiXsponR570.03Bg210900	AP2-EREBP	TFF
SoffiXsponR570.03Bg211000	AP2-EREBP	TFF
SoffiXsponR570.03Bg211200	C3H	TFF
SoffiXsponR570.03Bg211600	GRF	TFF
SoffiXsponR570.03Bg211900	OFP	TFF
SoffiXsponR570.03Bg212300	MYB-related	TFF
SoffiXsponR570.03Bg213000	GRAS	TFF
SoffiXsponR570.03Bg213100	MADS	TFF
SoffiXsponR570.03Bg213500	ABI3VP1	TFF
SoffiXsponR570.03Bg214700	MYB-related	TFF
SoffiXsponR570.03Bg217800	bHLH	TFF
SoffiXsponR570.03Bg218000	PLATZ	TFF
SoffiXsponR570.03Bg218900	GNAT	OTR
SoffiXsponR570.03Bg219600	MYB	TFF
SoffiXsponR570.03Bg220300	zf-C5HC2	TFF
SoffiXsponR570.03Bg220400	MYB-related	TFF
SoffiXsponR570.03Bg221700	WRKY	TFF
SoffiXsponR570.03Bg223100	bHLH	TFF
SoffiXsponR570.03Bg223300	MYB-related	TFF
SoffiXsponR570.03Bg224000	GRF	TFF
SoffiXsponR570.03Bg226300	TUB	TFF
SoffiXsponR570.03Bg226500	bHLH	TFF
SoffiXsponR570.03Bg226700	MYB-related	TFF
SoffiXsponR570.03Bg227000	zf-HD	TFF
SoffiXsponR570.03Bg227600	C2C2-Dof	TFF
SoffiXsponR570.03Bg228300	SET	OTR
SoffiXsponR570.03Bg228400	CCAAT	TFF
SoffiXsponR570.03Bg234400	GNAT	OTR
SoffiXsponR570.03Bg238100	C2C2-CO-like	TFF
SoffiXsponR570.03Bg238700	SET	OTR
SoffiXsponR570.03Bg239700	CCAAT	TFF
SoffiXsponR570.03Bg239800	CCAAT	TFF
SoffiXsponR570.03Bg240100	C2C2-Dof	TFF
SoffiXsponR570.03Bg240200	BSD	TFF
SoffiXsponR570.03Bg240600	bHLH	TFF
SoffiXsponR570.03Bg241300	bZIP	TFF
SoffiXsponR570.03Bg244000	MADS	TFF
SoffiXsponR570.03Bg244100	NAC	TFF
SoffiXsponR570.03Bg244500	C2C2-CO-like	TFF
SoffiXsponR570.03Bg245400	MYB	TFF
SoffiXsponR570.03Bg246400	SET	OTR
SoffiXsponR570.03Bg250800	E2F-DP	TFF
SoffiXsponR570.03Bg255800	NAC	TFF
SoffiXsponR570.03Bg256400	TCP	TFF
SoffiXsponR570.03Bg256600	AP2-EREBP	TFF
SoffiXsponR570.03Bg256700	bHLH	TFF
SoffiXsponR570.03Bg258100	mTERF	OTR
SoffiXsponR570.03Bg258200	mTERF	OTR
SoffiXsponR570.03Bg258500	mTERF	OTR
SoffiXsponR570.03Bg258600	mTERF	OTR
SoffiXsponR570.03Bg258700	mTERF	OTR
SoffiXsponR570.03Bg258800	mTERF	OTR
SoffiXsponR570.03Bg258900	mTERF	OTR
SoffiXsponR570.03Bg261000	AP2-EREBP	TFF
SoffiXsponR570.03Bg262300	MYB	TFF
SoffiXsponR570.03Bg262800	SWI/SNF-SWI3	OTR
SoffiXsponR570.03Bg265300	bHLH	TFF
SoffiXsponR570.03Bg266900	MADS	TFF
SoffiXsponR570.03Bg268900	AP2-EREBP	TFF
SoffiXsponR570.03Bg269600	bZIP	TFF
SoffiXsponR570.03Bg270600	AP2-EREBP	TFF
SoffiXsponR570.03Bg271200	GeBP	TFF
SoffiXsponR570.03Bg272000	WRKY	TFF
SoffiXsponR570.03Bg272400	Top	TFF
SoffiXsponR570.03Bg272500	GeBP	TFF
SoffiXsponR570.03Bg273500	GNAT	OTR
SoffiXsponR570.03Bg275900	CCAAT	TFF
SoffiXsponR570.03Bg276100	MYB-related	TFF
SoffiXsponR570.03Bg276500	GRF	TFF
SoffiXsponR570.03Bg278900	AP2-EREBP	TFF
SoffiXsponR570.03Bg279800	NOT2_3_5	OTR
SoffiXsponR570.03Bg280600	AP2-EREBP	TFF
SoffiXsponR570.03Bg281100	mTERF	OTR
SoffiXsponR570.03Bg282100	MYB	TFF
SoffiXsponR570.03Bg288800	bHLH	TFF
SoffiXsponR570.03Bg289400	ARR-B	TFF
SoffiXsponR570.03Bg289800	AP2-EREBP	TFF
SoffiXsponR570.03Bg291400	DBP	TFF
SoffiXsponR570.03Bg294700	AUX/IAA	OTR
SoffiXsponR570.03Bg294900	bHLH	TFF
SoffiXsponR570.03Bg295800	C2C2-GATA	TFF
SoffiXsponR570.03Bg297200	zf-C5HC2	TFF
SoffiXsponR570.03Bg297300	NAC	TFF
SoffiXsponR570.03Bg300700	MYB-related	TFF
SoffiXsponR570.03Bg304000	AUX/IAA	OTR
SoffiXsponR570.03Bg307900	C2H2	TFF
SoffiXsponR570.03Bg309100	NAC	TFF
SoffiXsponR570.03Bg310300	C2H2	TFF
SoffiXsponR570.03Bg313000	zf-fF-X1	TFF
SoffiXsponR570.03Bg313300	zf-fF-X1	TFF
SoffiXsponR570.03Bg313600	TCP	TFF
SoffiXsponR570.03Bg313800	Jumonji	OTR
SoffiXsponR570.03Bg316100	C3H	TFF
SoffiXsponR570.03Bg317800	bZIP	TFF
SoffiXsponR570.03Cg001000	bZIP	TFF
SoffiXsponR570.03Cg003900	MADS	TFF
SoffiXsponR570.03Cg004100	MADS	TFF
SoffiXsponR570.03Cg007500	Jumonji	OTR
SoffiXsponR570.03Cg007900	zf-BED	TFF
SoffiXsponR570.03Cg011900	MYB	TFF
SoffiXsponR570.03Cg012800	bHLH	TFF
SoffiXsponR570.03Cg019500	bHLH	TFF
SoffiXsponR570.03Cg020000	CSD	TFF
SoffiXsponR570.03Cg022700	PHD	OTR
SoffiXsponR570.03Cg023400	GeBP	TFF
SoffiXsponR570.03Cg029000	bZIP	TFF
SoffiXsponR570.03Cg030000	BES1	TFF
SoffiXsponR570.03Cg030500	SWI/SNF-BAF60b	OTR
SoffiXsponR570.03Cg033600	bZIP	TFF
SoffiXsponR570.03Cg034100	PHD	OTR
SoffiXsponR570.03Cg036200	RWP-RK	TFF
SoffiXsponR570.03Cg037000	TAZ	TFF
SoffiXsponR570.03Cg038300	MYB-related	TFF
SoffiXsponR570.03Cg038800	SBP	TFF
SoffiXsponR570.03Cg039700	ARF	TFF
SoffiXsponR570.03Cg042300	PHD	OTR
SoffiXsponR570.03Cg043900	HB	TFF
SoffiXsponR570.03Cg044800	PAS	TFF
SoffiXsponR570.03Cg050300	AP2-EREBP	TFF
SoffiXsponR570.03Cg051000	PBF-2-like	TFF
SoffiXsponR570.03Cg054900	MADS	TFF
SoffiXsponR570.03Cg055200	ARF	TFF
SoffiXsponR570.03Cg060100	MADS	TFF
SoffiXsponR570.03Cg061600	PLATZ	TFF
SoffiXsponR570.03Cg062800	MYB-related	TFF
SoffiXsponR570.03Cg062900	SBP	TFF
SoffiXsponR570.03Cg064100	bZIP	TFF
SoffiXsponR570.03Cg067000	HB	TFF
SoffiXsponR570.03Cg067700	PLATZ	TFF
SoffiXsponR570.03Cg069800	mTERF	OTR
SoffiXsponR570.03Cg071300	MYB	TFF
SoffiXsponR570.03Cg072800	zf-A20	TFF
SoffiXsponR570.03Cg077300	AP2-EREBP	TFF
SoffiXsponR570.03Cg080400	Top	TFF
SoffiXsponR570.03Cg086300	C2C2-GATA	TFF
SoffiXsponR570.03Cg086600	bHLH	TFF
SoffiXsponR570.03Cg089100	C2C2-GATA	TFF
SoffiXsponR570.03Cg089500	bHLH	TFF
SoffiXsponR570.03Cg091800	HB	TFF
SoffiXsponR570.03Cg092900	AUX/IAA	OTR
SoffiXsponR570.03Cg094500	AP2-EREBP	TFF
SoffiXsponR570.03Cg094700	bHLH	TFF
SoffiXsponR570.03Cg095500	HSF	TFF
SoffiXsponR570.03Cg098800	MYB-related	TFF
SoffiXsponR570.03Cg100700	bZIP	TFF
SoffiXsponR570.03Cg104000	NAC	TFF
SoffiXsponR570.03Cg105000	C3H	TFF
SoffiXsponR570.03Cg105900	bHLH	TFF
SoffiXsponR570.03Cg106200	HMG	OTR
SoffiXsponR570.03Cg108400	WRKY	TFF
SoffiXsponR570.03Cg112100	MYB-related	TFF
SoffiXsponR570.03Cg112100	MYB	TFF
SoffiXsponR570.03Cg112300	MYB	TFF
SoffiXsponR570.03Cg112800	CPP	TFF
SoffiXsponR570.03Cg116400	Tudor-knot	OTR
SoffiXsponR570.03Cg116700	GeBP	TFF
SoffiXsponR570.03Cg123200	WRKY	TFF
SoffiXsponR570.03Cg124200	bHLH	TFF
SoffiXsponR570.03Cg126100	ARID	OTR
SoffiXsponR570.03Cg131200	HSF	TFF
SoffiXsponR570.03Cg139100	AP2-EREBP	TFF
SoffiXsponR570.03Cg139900	AP2-EREBP	TFF
SoffiXsponR570.03Cg140300	C2H2	TFF
SoffiXsponR570.03Cg142100	C2H2	TFF
SoffiXsponR570.03Cg142700	HSF	TFF
SoffiXsponR570.03Cg144200	zf-A20	TFF
SoffiXsponR570.03Cg148000	MADS	TFF
SoffiXsponR570.03Cg148200	E2F-DP	TFF
SoffiXsponR570.03Cg152000	AP2-EREBP	TFF
SoffiXsponR570.03Cg153500	MYB-related	TFF
SoffiXsponR570.03Cg154200	C2H2	TFF
SoffiXsponR570.03Cg155200	Coactivator_p15	OTR
SoffiXsponR570.03Cg155400	SET	OTR
SoffiXsponR570.03Cg156000	NAC	TFF
SoffiXsponR570.03Cg157300	DDT	OTR
SoffiXsponR570.03Cg157700	C3H	TFF
SoffiXsponR570.03Cg157900	ARF	TFF
SoffiXsponR570.03Cg158900	AP2-EREBP	TFF
SoffiXsponR570.03Cg161200	Alfin-like	TFF
SoffiXsponR570.03Cg162200	bHLH	TFF
SoffiXsponR570.03Cg165900	C2H2	TFF
SoffiXsponR570.03Cg166600	EIL	TFF
SoffiXsponR570.03Cg168200	mTERF	OTR
SoffiXsponR570.03Cg169100	NAC	TFF
SoffiXsponR570.03Cg169200	MYB	TFF
SoffiXsponR570.03Cg169300	MADS	TFF
SoffiXsponR570.03Cg177000	AP2-EREBP	TFF
SoffiXsponR570.03Cg177900	NAC	TFF
SoffiXsponR570.03Cg179500	TRAF	OTR
SoffiXsponR570.03Cg180100	ABI3VP1	TFF
SoffiXsponR570.03Cg182000	mTERF	OTR
SoffiXsponR570.03Cg182900	bHLH	TFF
SoffiXsponR570.03Cg185000	FAR1	TFF
SoffiXsponR570.03Cg186700	C2C2-CO-like	TFF
SoffiXsponR570.03Cg187600	SET	OTR
SoffiXsponR570.03Cg190400	AP2-EREBP	TFF
SoffiXsponR570.03Cg193600	Pseudo_ARR-B	OTR
SoffiXsponR570.03Cg193800	MYB	TFF
SoffiXsponR570.03Cg194700	SET	OTR
SoffiXsponR570.03Cg195900	NAC	TFF
SoffiXsponR570.03Cg196400	MYB	TFF
SoffiXsponR570.03Cg197800	ARF	TFF
SoffiXsponR570.03Cg202100	TCP	TFF
SoffiXsponR570.03Cg204400	AP2-EREBP	TFF
SoffiXsponR570.03Cg206500	LIM	TFF
SoffiXsponR570.03Cg206600	MYB	TFF
SoffiXsponR570.03Cg206700	MYB	TFF
SoffiXsponR570.03Cg207700	C2C2-YABBY	TFF
SoffiXsponR570.03Cg208100	NAC	TFF
SoffiXsponR570.03Cg209500	C2C2-GATA	TFF
SoffiXsponR570.03Cg210300	Trihelix	TFF
SoffiXsponR570.03Cg211600	SET	OTR
SoffiXsponR570.03Cg211800	WRKY	TFF
SoffiXsponR570.03Cg213400	AP2-EREBP	TFF
SoffiXsponR570.03Cg213500	AP2-EREBP	TFF
SoffiXsponR570.03Cg213600	AP2-EREBP	TFF
SoffiXsponR570.03Cg215400	AP2-EREBP	TFF
SoffiXsponR570.03Cg215500	AP2-EREBP	TFF
SoffiXsponR570.03Cg215600	AP2-EREBP	TFF
SoffiXsponR570.03Cg217300	C2H2	TFF
SoffiXsponR570.03Cg217400	C2H2	TFF
SoffiXsponR570.03Cg218000	PLATZ	TFF
SoffiXsponR570.03Cg219200	GRAS	TFF
SoffiXsponR570.03Cg219300	GRAS	TFF
SoffiXsponR570.03Cg224800	C2H2	TFF
SoffiXsponR570.03Cg225700	C2C2-Dof	TFF
SoffiXsponR570.03Cg226800	AP2-EREBP	TFF
SoffiXsponR570.03Cg227100	AP2-EREBP	TFF
SoffiXsponR570.03Cg227300	C3H	TFF
SoffiXsponR570.03Cg227700	GRF	TFF
SoffiXsponR570.03Cg228000	OFP	TFF
SoffiXsponR570.03Cg228400	MYB-related	TFF
SoffiXsponR570.03Cg229000	GRAS	TFF
SoffiXsponR570.03Cg229100	MADS	TFF
SoffiXsponR570.03Cg229500	ABI3VP1	TFF
SoffiXsponR570.03Cg230900	MYB-related	TFF
SoffiXsponR570.03Cg234400	PLATZ	TFF
SoffiXsponR570.03Cg235300	GNAT	OTR
SoffiXsponR570.03Cg235800	MYB-related	TFF
SoffiXsponR570.03Cg235800	MYB	TFF
SoffiXsponR570.03Cg238100	GRF	TFF
SoffiXsponR570.03Cg238400	MYB-related	TFF
SoffiXsponR570.03Cg238600	CCAAT	TFF
SoffiXsponR570.03Cg241200	GNAT	OTR
SoffiXsponR570.03Cg242000	GeBP	TFF
SoffiXsponR570.03Cg242100	Top	TFF
SoffiXsponR570.03Cg242500	WRKY	TFF
SoffiXsponR570.03Cg243300	GeBP	TFF
SoffiXsponR570.03Cg243400	GeBP	TFF
SoffiXsponR570.03Cg244100	AP2-EREBP	TFF
SoffiXsponR570.03Cg245200	bZIP	TFF
SoffiXsponR570.03Cg245800	AP2-EREBP	TFF
SoffiXsponR570.03Cg248100	MADS	TFF
SoffiXsponR570.03Cg249400	bHLH	TFF
SoffiXsponR570.03Cg252100	SWI/SNF-SWI3	OTR
SoffiXsponR570.03Cg252600	MYB	TFF
SoffiXsponR570.03Cg253800	AP2-EREBP	TFF
SoffiXsponR570.03Cg255800	mTERF	OTR
SoffiXsponR570.03Cg255900	mTERF	OTR
SoffiXsponR570.03Cg256000	mTERF	OTR
SoffiXsponR570.03Cg256100	mTERF	OTR
SoffiXsponR570.03Cg256200	mTERF	OTR
SoffiXsponR570.03Cg256300	mTERF	OTR
SoffiXsponR570.03Cg256600	mTERF	OTR
SoffiXsponR570.03Cg258200	bHLH	TFF
SoffiXsponR570.03Cg258300	AP2-EREBP	TFF
SoffiXsponR570.03Cg258500	TCP	TFF
SoffiXsponR570.03Cg259200	NAC	TFF
SoffiXsponR570.03Cg259500	RWP-RK	TFF
SoffiXsponR570.03Cg264300	E2F-DP	TFF
SoffiXsponR570.03Cg268600	SET	OTR
SoffiXsponR570.03Cg270000	MYB	TFF
SoffiXsponR570.03Cg270600	C2C2-CO-like	TFF
SoffiXsponR570.03Cg271000	MADS	TFF
SoffiXsponR570.03Cg273600	bZIP	TFF
SoffiXsponR570.03Cg274300	bHLH	TFF
SoffiXsponR570.03Cg274600	BSD	TFF
SoffiXsponR570.03Cg274700	C2C2-Dof	TFF
SoffiXsponR570.03Cg275000	CCAAT	TFF
SoffiXsponR570.03Cg275100	CCAAT	TFF
SoffiXsponR570.03Cg276200	SET	OTR
SoffiXsponR570.03Cg277000	C2C2-CO-like	TFF
SoffiXsponR570.03Cg281000	GNAT	OTR
SoffiXsponR570.03Cg282800	ARID	OTR
SoffiXsponR570.03Cg286800	CCAAT	TFF
SoffiXsponR570.03Cg286900	SET	OTR
SoffiXsponR570.03Cg287900	C2C2-Dof	TFF
SoffiXsponR570.03Cg288500	zf-HD	TFF
SoffiXsponR570.03Cg289000	bHLH	TFF
SoffiXsponR570.03Cg289200	TUB	TFF
SoffiXsponR570.03Cg291400	GRF	TFF
SoffiXsponR570.03Cg292100	MYB-related	TFF
SoffiXsponR570.03Cg292400	bHLH	TFF
SoffiXsponR570.03Cg293800	WRKY	TFF
SoffiXsponR570.03Cg295100	MYB-related	TFF
SoffiXsponR570.03Cg295200	zf-C5HC2	TFF
SoffiXsponR570.03Cg296000	AP2-EREBP	TFF
SoffiXsponR570.03Cg297500	NOT2_3_5	OTR
SoffiXsponR570.03Cg298100	AP2-EREBP	TFF
SoffiXsponR570.03Cg298500	mTERF	OTR
SoffiXsponR570.03Cg299400	MYB	TFF
SoffiXsponR570.03Cg305700	bHLH	TFF
SoffiXsponR570.03Cg306400	ARR-B	TFF
SoffiXsponR570.03Cg306400	MYB-related	TFF
SoffiXsponR570.03Cg306800	AP2-EREBP	TFF
SoffiXsponR570.03Cg308800	DBP	TFF
SoffiXsponR570.03Cg312400	bHLH	TFF
SoffiXsponR570.03Cg313600	C2C2-GATA	TFF
SoffiXsponR570.03Cg314900	zf-C5HC2	TFF
SoffiXsponR570.03Cg315000	NAC	TFF
SoffiXsponR570.03Cg318600	MYB-related	TFF
SoffiXsponR570.03Cg322100	AUX/IAA	OTR
SoffiXsponR570.03Cg326000	C2H2	TFF
SoffiXsponR570.03Cg327200	NAC	TFF
SoffiXsponR570.03Cg328400	C2H2	TFF
SoffiXsponR570.03Cg330400	MYB	TFF
SoffiXsponR570.03Cg331000	zf-fF-X1	TFF
SoffiXsponR570.03Cg331400	TCP	TFF
SoffiXsponR570.03Cg331700	Jumonji	OTR
SoffiXsponR570.03Cg333700	C3H	TFF
SoffiXsponR570.03Cg335800	bZIP	TFF
SoffiXsponR570.03Dg001000	bZIP	TFF
SoffiXsponR570.03Dg003700	MADS	TFF
SoffiXsponR570.03Dg007100	Jumonji	OTR
SoffiXsponR570.03Dg011100	MYB	TFF
SoffiXsponR570.03Dg012800	bHLH	TFF
SoffiXsponR570.03Dg020000	bHLH	TFF
SoffiXsponR570.03Dg020600	CSD	TFF
SoffiXsponR570.03Dg022200	FAR1	TFF
SoffiXsponR570.03Dg023000	PHD	OTR
SoffiXsponR570.03Dg023800	GeBP	TFF
SoffiXsponR570.03Dg029300	bZIP	TFF
SoffiXsponR570.03Dg030300	BES1	TFF
SoffiXsponR570.03Dg030800	SWI/SNF-BAF60b	OTR
SoffiXsponR570.03Dg032900	bZIP	TFF
SoffiXsponR570.03Dg033600	PHD	OTR
SoffiXsponR570.03Dg035900	RWP-RK	TFF
SoffiXsponR570.03Dg036600	TAZ	TFF
SoffiXsponR570.03Dg036700	TAZ	TFF
SoffiXsponR570.03Dg037900	MYB-related	TFF
SoffiXsponR570.03Dg038300	SBP	TFF
SoffiXsponR570.03Dg038900	ARF	TFF
SoffiXsponR570.03Dg038900	AUX/IAA	OTR
SoffiXsponR570.03Dg041000	PHD	OTR
SoffiXsponR570.03Dg042400	HB	TFF
SoffiXsponR570.03Dg043400	PAS	TFF
SoffiXsponR570.03Dg048800	AP2-EREBP	TFF
SoffiXsponR570.03Dg049300	PBF-2-like	TFF
SoffiXsponR570.03Dg053100	MADS	TFF
SoffiXsponR570.03Dg053400	ARF	TFF
SoffiXsponR570.03Dg058800	MADS	TFF
SoffiXsponR570.03Dg060000	PLATZ	TFF
SoffiXsponR570.03Dg061000	MYB-related	TFF
SoffiXsponR570.03Dg061100	SBP	TFF
SoffiXsponR570.03Dg062100	bZIP	TFF
SoffiXsponR570.03Dg065600	SBP	TFF
SoffiXsponR570.03Dg066400	C2C2-CO-like	TFF
SoffiXsponR570.03Dg067900	TUB	TFF
SoffiXsponR570.03Dg068600	GNAT	OTR
SoffiXsponR570.03Dg069000	WRKY	TFF
SoffiXsponR570.03Dg069800	ARR-B	TFF
SoffiXsponR570.03Dg070300	HB	TFF
SoffiXsponR570.03Dg071000	PLATZ	TFF
SoffiXsponR570.03Dg072300	mTERF	OTR
SoffiXsponR570.03Dg073800	MYB	TFF
SoffiXsponR570.03Dg075600	AP2-EREBP	TFF
SoffiXsponR570.03Dg077300	bZIP	TFF
SoffiXsponR570.03Dg078200	PHD	OTR
SoffiXsponR570.03Dg079600	bZIP	TFF
SoffiXsponR570.03Dg079700	MYB-related	TFF
SoffiXsponR570.03Dg080100	C3H	TFF
SoffiXsponR570.03Dg080700	bZIP	TFF
SoffiXsponR570.03Dg081000	zf-A20	TFF
SoffiXsponR570.03Dg082200	GRAS	TFF
SoffiXsponR570.03Dg086200	AP2-EREBP	TFF
SoffiXsponR570.03Dg087100	bZIP	TFF
SoffiXsponR570.03Dg091600	Top	TFF
SoffiXsponR570.03Dg097300	C2C2-GATA	TFF
SoffiXsponR570.03Dg097900	bHLH	TFF
SoffiXsponR570.03Dg099900	HB	TFF
SoffiXsponR570.03Dg101100	AUX/IAA	OTR
SoffiXsponR570.03Dg102100	AP2-EREBP	TFF
SoffiXsponR570.03Dg102300	bHLH	TFF
SoffiXsponR570.03Dg102900	HSF	TFF
SoffiXsponR570.03Dg106600	MYB-related	TFF
SoffiXsponR570.03Dg108300	bZIP	TFF
SoffiXsponR570.03Dg111100	NAC	TFF
SoffiXsponR570.03Dg112000	C3H	TFF
SoffiXsponR570.03Dg113100	bHLH	TFF
SoffiXsponR570.03Dg113400	HMG	OTR
SoffiXsponR570.03Dg116200	WRKY	TFF
SoffiXsponR570.03Dg120300	MYB	TFF
SoffiXsponR570.03Dg120500	MYB	TFF
SoffiXsponR570.03Dg121100	CPP	TFF
SoffiXsponR570.03Dg125300	Tudor-knot	OTR
SoffiXsponR570.03Dg125700	GeBP	TFF
SoffiXsponR570.03Dg134400	WRKY	TFF
SoffiXsponR570.03Dg135300	bHLH	TFF
SoffiXsponR570.03Dg137100	ARID	OTR
SoffiXsponR570.03Dg137100	HMG	OTR
SoffiXsponR570.03Dg141800	HSF	TFF
SoffiXsponR570.03Dg150200	AP2-EREBP	TFF
SoffiXsponR570.03Dg150600	AP2-EREBP	TFF
SoffiXsponR570.03Dg150900	C2H2	TFF
SoffiXsponR570.03Dg152400	C2H2	TFF
SoffiXsponR570.03Dg152800	HSF	TFF
SoffiXsponR570.03Dg154100	zf-A20	TFF
SoffiXsponR570.03Dg157300	MADS	TFF
SoffiXsponR570.03Dg157400	E2F-DP	TFF
SoffiXsponR570.03Dg161800	MADS	TFF
SoffiXsponR570.03Dg162100	E2F-DP	TFF
SoffiXsponR570.03Dg165000	AP2-EREBP	TFF
SoffiXsponR570.03Dg165200	bHLH	TFF
SoffiXsponR570.03Dg166400	MYB-related	TFF
SoffiXsponR570.03Dg167000	C2H2	TFF
SoffiXsponR570.03Dg168000	Coactivator_p15	OTR
SoffiXsponR570.03Dg168700	SET	OTR
SoffiXsponR570.03Dg169300	NAC	TFF
SoffiXsponR570.03Dg170200	DDT	OTR
SoffiXsponR570.03Dg170900	C3H	TFF
SoffiXsponR570.03Dg171100	ARF	TFF
SoffiXsponR570.03Dg172000	AP2-EREBP	TFF
SoffiXsponR570.03Dg174500	Alfin-like	TFF
SoffiXsponR570.03Dg175500	bHLH	TFF
SoffiXsponR570.03Dg179100	C2H2	TFF
SoffiXsponR570.03Dg180000	EIL	TFF
SoffiXsponR570.03Dg181900	mTERF	OTR
SoffiXsponR570.03Dg182800	NAC	TFF
SoffiXsponR570.03Dg182900	MYB	TFF
SoffiXsponR570.03Dg183000	MADS	TFF
SoffiXsponR570.03Dg192300	AP2-EREBP	TFF
SoffiXsponR570.03Dg193300	NAC	TFF
SoffiXsponR570.03Dg195000	TAZ	TFF
SoffiXsponR570.03Dg195800	ABI3VP1	TFF
SoffiXsponR570.03Dg197700	mTERF	OTR
SoffiXsponR570.03Dg198600	bHLH	TFF
SoffiXsponR570.03Dg198800	bHLH	TFF
SoffiXsponR570.03Dg201300	FAR1	TFF
SoffiXsponR570.03Dg201400	FAR1	TFF
SoffiXsponR570.03Dg203900	SET	OTR
SoffiXsponR570.03Dg206400	AP2-EREBP	TFF
SoffiXsponR570.03Dg208800	Pseudo_ARR-B	OTR
SoffiXsponR570.03Dg209000	MYB	TFF
SoffiXsponR570.03Dg210200	SET	OTR
SoffiXsponR570.03Dg211800	NAC	TFF
SoffiXsponR570.03Dg212200	MYB	TFF
SoffiXsponR570.03Dg214100	ARF	TFF
SoffiXsponR570.03Dg218700	TCP	TFF
SoffiXsponR570.03Dg220800	AP2-EREBP	TFF
SoffiXsponR570.03Dg223100	LIM	TFF
SoffiXsponR570.03Dg223200	MYB	TFF
SoffiXsponR570.03Dg223300	MYB	TFF
SoffiXsponR570.03Dg224200	C2C2-YABBY	TFF
SoffiXsponR570.03Dg224500	NAC	TFF
SoffiXsponR570.03Dg226000	C2C2-GATA	TFF
SoffiXsponR570.03Dg226700	Trihelix	TFF
SoffiXsponR570.03Dg228400	SET	OTR
SoffiXsponR570.03Dg228600	WRKY	TFF
SoffiXsponR570.03Dg230000	AP2-EREBP	TFF
SoffiXsponR570.03Dg230200	AP2-EREBP	TFF
SoffiXsponR570.03Dg231400	AP2-EREBP	TFF
SoffiXsponR570.03Dg231500	AP2-EREBP	TFF
SoffiXsponR570.03Dg231600	AP2-EREBP	TFF
SoffiXsponR570.03Dg232900	C2H2	TFF
SoffiXsponR570.03Dg233000	C2H2	TFF
SoffiXsponR570.03Dg233800	PLATZ	TFF
SoffiXsponR570.03Dg234700	GRAS	TFF
SoffiXsponR570.03Dg234800	GRAS	TFF
SoffiXsponR570.03Dg239500	HMG	OTR
SoffiXsponR570.03Dg240000	C2H2	TFF
SoffiXsponR570.03Dg241100	C2C2-Dof	TFF
SoffiXsponR570.03Dg242000	AP2-EREBP	TFF
SoffiXsponR570.03Dg242100	AP2-EREBP	TFF
SoffiXsponR570.03Dg242300	C3H	TFF
SoffiXsponR570.03Dg242700	GRF	TFF
SoffiXsponR570.03Dg243200	OFP	TFF
SoffiXsponR570.03Dg243600	MYB-related	TFF
SoffiXsponR570.03Dg244200	GRAS	TFF
SoffiXsponR570.03Dg244300	MADS	TFF
SoffiXsponR570.03Dg244800	ABI3VP1	TFF
SoffiXsponR570.03Dg245800	FAR1	TFF
SoffiXsponR570.03Dg246100	MYB-related	TFF
SoffiXsponR570.03Dg249400	bHLH	TFF
SoffiXsponR570.03Dg249700	PLATZ	TFF
SoffiXsponR570.03Dg250600	GNAT	OTR
SoffiXsponR570.03Dg251200	MYB	TFF
SoffiXsponR570.03Dg252100	zf-C5HC2	TFF
SoffiXsponR570.03Dg252200	MYB-related	TFF
SoffiXsponR570.03Dg253400	WRKY	TFF
SoffiXsponR570.03Dg254600	bHLH	TFF
SoffiXsponR570.03Dg254800	MYB-related	TFF
SoffiXsponR570.03Dg255500	GRF	TFF
SoffiXsponR570.03Dg257900	TUB	TFF
SoffiXsponR570.03Dg258100	bHLH	TFF
SoffiXsponR570.03Dg258300	MYB-related	TFF
SoffiXsponR570.03Dg258700	zf-HD	TFF
SoffiXsponR570.03Dg259200	C2C2-Dof	TFF
SoffiXsponR570.03Dg259700	SET	OTR
SoffiXsponR570.03Dg259800	CCAAT	TFF
SoffiXsponR570.03Dg264100	ARID	OTR
SoffiXsponR570.03Dg269900	C2C2-CO-like	TFF
SoffiXsponR570.03Dg270500	SET	OTR
SoffiXsponR570.03Dg271400	CCAAT	TFF
SoffiXsponR570.03Dg271500	CCAAT	TFF
SoffiXsponR570.03Dg271900	C2C2-Dof	TFF
SoffiXsponR570.03Dg272000	BSD	TFF
SoffiXsponR570.03Dg272400	bHLH	TFF
SoffiXsponR570.03Dg273000	bZIP	TFF
SoffiXsponR570.03Dg275300	MADS	TFF
SoffiXsponR570.03Dg275500	NAC	TFF
SoffiXsponR570.03Dg275900	C2C2-CO-like	TFF
SoffiXsponR570.03Dg276500	MYB	TFF
SoffiXsponR570.03Dg277300	SET	OTR
SoffiXsponR570.03Dg281800	E2F-DP	TFF
SoffiXsponR570.03Dg286700	NAC	TFF
SoffiXsponR570.03Dg287400	TCP	TFF
SoffiXsponR570.03Dg287600	AP2-EREBP	TFF
SoffiXsponR570.03Dg287700	bHLH	TFF
SoffiXsponR570.03Dg289200	mTERF	OTR
SoffiXsponR570.03Dg289300	mTERF	OTR
SoffiXsponR570.03Dg289600	mTERF	OTR
SoffiXsponR570.03Dg289700	mTERF	OTR
SoffiXsponR570.03Dg289800	mTERF	OTR
SoffiXsponR570.03Dg291900	NAC	TFF
SoffiXsponR570.03Dg292000	AP2-EREBP	TFF
SoffiXsponR570.03Dg293200	MYB	TFF
SoffiXsponR570.03Dg293900	SWI/SNF-SWI3	OTR
SoffiXsponR570.03Dg296000	bHLH	TFF
SoffiXsponR570.03Dg297200	MADS	TFF
SoffiXsponR570.03Dg299600	AP2-EREBP	TFF
SoffiXsponR570.03Dg300300	bZIP	TFF
SoffiXsponR570.03Dg301400	AP2-EREBP	TFF
SoffiXsponR570.03Dg302100	GeBP	TFF
SoffiXsponR570.03Dg302200	GeBP	TFF
SoffiXsponR570.03Dg303000	WRKY	TFF
SoffiXsponR570.03Dg303400	Top	TFF
SoffiXsponR570.03Dg303500	GeBP	TFF
SoffiXsponR570.03Dg304300	GNAT	OTR
SoffiXsponR570.03Dg306900	CCAAT	TFF
SoffiXsponR570.03Dg307100	MYB-related	TFF
SoffiXsponR570.03Dg307400	GRF	TFF
SoffiXsponR570.03Dg309900	AP2-EREBP	TFF
SoffiXsponR570.03Dg310700	NOT2_3_5	OTR
SoffiXsponR570.03Dg311600	AP2-EREBP	TFF
SoffiXsponR570.03Dg312000	mTERF	OTR
SoffiXsponR570.03Dg312900	MYB	TFF
SoffiXsponR570.03Dg319800	bHLH	TFF
SoffiXsponR570.03Dg320600	ARR-B	TFF
SoffiXsponR570.03Dg320600	MYB-related	TFF
SoffiXsponR570.03Dg321000	AP2-EREBP	TFF
SoffiXsponR570.03Dg322800	DBP	TFF
SoffiXsponR570.03Dg326200	AUX/IAA	OTR
SoffiXsponR570.03Dg326400	bHLH	TFF
SoffiXsponR570.03Dg327300	C2C2-GATA	TFF
SoffiXsponR570.03Dg328400	zf-C5HC2	TFF
SoffiXsponR570.03Dg328600	NAC	TFF
SoffiXsponR570.03Dg332500	MYB-related	TFF
SoffiXsponR570.03Dg336200	AUX/IAA	OTR
SoffiXsponR570.03Dg339600	C2H2	TFF
SoffiXsponR570.03Dg340900	NAC	TFF
SoffiXsponR570.03Dg348700	C2H2	TFF
SoffiXsponR570.03Dg350600	E2F-DP	TFF
SoffiXsponR570.03Dg351400	zf-fF-X1	TFF
SoffiXsponR570.03Dg351900	TCP	TFF
SoffiXsponR570.03Dg352100	Jumonji	OTR
SoffiXsponR570.03Dg354700	C3H	TFF
SoffiXsponR570.03Dg356700	bZIP	TFF
SoffiXsponR570.03Eg001300	bZIP	TFF
SoffiXsponR570.03Eg004100	MADS	TFF
SoffiXsponR570.03Eg007200	Jumonji	OTR
SoffiXsponR570.03Eg012100	MYB	TFF
SoffiXsponR570.03Eg013600	bHLH	TFF
SoffiXsponR570.03Eg014100	bHLH	TFF
SoffiXsponR570.03Eg020300	bHLH	TFF
SoffiXsponR570.03Eg020900	CSD	TFF
SoffiXsponR570.03Eg023600	PHD	OTR
SoffiXsponR570.03Eg024500	GeBP	TFF
SoffiXsponR570.03Eg030400	bZIP	TFF
SoffiXsponR570.03Eg031200	BES1	TFF
SoffiXsponR570.03Eg031600	SWI/SNF-BAF60b	OTR
SoffiXsponR570.03Eg034300	bZIP	TFF
SoffiXsponR570.03Eg035100	PHD	OTR
SoffiXsponR570.03Eg037300	RWP-RK	TFF
SoffiXsponR570.03Eg038000	TAZ	TFF
SoffiXsponR570.03Eg038100	TAZ	TFF
SoffiXsponR570.03Eg040000	MYB-related	TFF
SoffiXsponR570.03Eg040500	SBP	TFF
SoffiXsponR570.03Eg041300	ARF	TFF
SoffiXsponR570.03Eg041300	AUX/IAA	OTR
SoffiXsponR570.03Eg043400	PHD	OTR
SoffiXsponR570.03Eg046100	PAS	TFF
SoffiXsponR570.03Eg051500	AP2-EREBP	TFF
SoffiXsponR570.03Eg052000	PBF-2-like	TFF
SoffiXsponR570.03Eg055800	MADS	TFF
SoffiXsponR570.03Eg056100	ARF	TFF
SoffiXsponR570.03Eg060000	MADS	TFF
SoffiXsponR570.03Eg061500	PLATZ	TFF
SoffiXsponR570.03Eg062400	MYB-related	TFF
SoffiXsponR570.03Eg062700	bZIP	TFF
SoffiXsponR570.03Eg064500	SBP	TFF
SoffiXsponR570.03Eg065600	C2C2-CO-like	TFF
SoffiXsponR570.03Eg066800	bZIP	TFF
SoffiXsponR570.03Eg067400	zf-A20	TFF
SoffiXsponR570.03Eg068500	GRAS	TFF
SoffiXsponR570.03Eg072400	AP2-EREBP	TFF
SoffiXsponR570.03Eg073500	bZIP	TFF
SoffiXsponR570.03Eg077500	Top	TFF
SoffiXsponR570.03Eg081800	AUX/IAA	OTR
SoffiXsponR570.03Eg083100	AP2-EREBP	TFF
SoffiXsponR570.03Eg083300	bHLH	TFF
SoffiXsponR570.03Eg083900	HSF	TFF
SoffiXsponR570.03Eg087700	MYB-related	TFF
SoffiXsponR570.03Eg089800	bZIP	TFF
SoffiXsponR570.03Eg093100	NAC	TFF
SoffiXsponR570.03Eg096400	WRKY	TFF
SoffiXsponR570.03Eg097300	bHLH	TFF
SoffiXsponR570.03Eg098800	ARID	OTR
SoffiXsponR570.03Eg098800	HMG	OTR
SoffiXsponR570.03Eg103500	HSF	TFF
SoffiXsponR570.03Eg111700	AP2-EREBP	TFF
SoffiXsponR570.03Eg112600	AP2-EREBP	TFF
SoffiXsponR570.03Eg113000	C2H2	TFF
SoffiXsponR570.03Eg115000	C2H2	TFF
SoffiXsponR570.03Eg115500	HSF	TFF
SoffiXsponR570.03Eg117200	zf-A20	TFF
SoffiXsponR570.03Eg120600	MADS	TFF
SoffiXsponR570.03Eg120900	E2F-DP	TFF
SoffiXsponR570.03Eg126300	MYB-related	TFF
SoffiXsponR570.03Eg127000	C2H2	TFF
SoffiXsponR570.03Eg128000	Coactivator_p15	OTR
SoffiXsponR570.03Eg128300	SET	OTR
SoffiXsponR570.03Eg128900	NAC	TFF
SoffiXsponR570.03Eg130000	DDT	OTR
SoffiXsponR570.03Eg130900	C3H	TFF
SoffiXsponR570.03Eg131100	ARF	TFF
SoffiXsponR570.03Eg132200	AP2-EREBP	TFF
SoffiXsponR570.03Eg134600	Alfin-like	TFF
SoffiXsponR570.03Eg135600	bHLH	TFF
SoffiXsponR570.03Eg139500	C2H2	TFF
SoffiXsponR570.03Eg140100	EIL	TFF
SoffiXsponR570.03Eg141700	mTERF	OTR
SoffiXsponR570.03Eg142400	NAC	TFF
SoffiXsponR570.03Eg142700	MYB	TFF
SoffiXsponR570.03Eg142800	MADS	TFF
SoffiXsponR570.03Eg150500	AP2-EREBP	TFF
SoffiXsponR570.03Eg151100	NAC	TFF
SoffiXsponR570.03Eg152900	TAZ	TFF
SoffiXsponR570.03Eg153900	ABI3VP1	TFF
SoffiXsponR570.03Eg155900	mTERF	OTR
SoffiXsponR570.03Eg156600	bHLH	TFF
SoffiXsponR570.03Eg159100	FAR1	TFF
SoffiXsponR570.03Eg159200	FAR1	TFF
SoffiXsponR570.03Eg161500	C2C2-CO-like	TFF
SoffiXsponR570.03Eg162300	SET	OTR
SoffiXsponR570.03Eg164600	AP2-EREBP	TFF
SoffiXsponR570.03Eg167500	Pseudo_ARR-B	OTR
SoffiXsponR570.03Eg167800	MYB	TFF
SoffiXsponR570.03Eg169400	SET	OTR
SoffiXsponR570.03Eg170100	MYB	TFF
SoffiXsponR570.03Eg171900	ARF	TFF
SoffiXsponR570.03Eg173500	TCP	TFF
SoffiXsponR570.03Eg175800	AP2-EREBP	TFF
SoffiXsponR570.03Eg178500	LIM	TFF
SoffiXsponR570.03Eg178600	MYB	TFF
SoffiXsponR570.03Eg178700	MYB	TFF
SoffiXsponR570.03Eg179600	C2C2-YABBY	TFF
SoffiXsponR570.03Eg180000	NAC	TFF
SoffiXsponR570.03Eg181300	C2C2-GATA	TFF
SoffiXsponR570.03Eg181900	Trihelix	TFF
SoffiXsponR570.03Eg183200	SET	OTR
SoffiXsponR570.03Eg183400	WRKY	TFF
SoffiXsponR570.03Eg185000	AP2-EREBP	TFF
SoffiXsponR570.03Eg185100	AP2-EREBP	TFF
SoffiXsponR570.03Eg185200	AP2-EREBP	TFF
SoffiXsponR570.03Eg185900	PHD	OTR
SoffiXsponR570.03Eg186800	AP2-EREBP	TFF
SoffiXsponR570.03Eg186900	AP2-EREBP	TFF
SoffiXsponR570.03Eg187100	AP2-EREBP	TFF
SoffiXsponR570.03Eg188100	C2H2	TFF
SoffiXsponR570.03Eg188200	C2H2	TFF
SoffiXsponR570.03Eg189200	PLATZ	TFF
SoffiXsponR570.03Eg190200	GRAS	TFF
SoffiXsponR570.03Eg190300	GRAS	TFF
SoffiXsponR570.03Eg195100	HMG	OTR
SoffiXsponR570.03Eg195500	C2H2	TFF
SoffiXsponR570.03Eg196700	C2C2-Dof	TFF
SoffiXsponR570.03Eg198700	DBP	TFF
SoffiXsponR570.03Eg200300	AP2-EREBP	TFF
SoffiXsponR570.03Eg200700	ARR-B	TFF
SoffiXsponR570.03Eg200700	MYB-related	TFF
SoffiXsponR570.03Eg201500	bHLH	TFF
SoffiXsponR570.03Eg208400	MYB	TFF
SoffiXsponR570.03Eg209400	mTERF	OTR
SoffiXsponR570.03Eg209700	AP2-EREBP	TFF
SoffiXsponR570.03Eg210200	NOT2_3_5	OTR
SoffiXsponR570.03Eg211500	AP2-EREBP	TFF
SoffiXsponR570.03Eg213500	GRF	TFF
SoffiXsponR570.03Eg213800	MYB-related	TFF
SoffiXsponR570.03Eg214000	CCAAT	TFF
SoffiXsponR570.03Eg216100	GNAT	OTR
SoffiXsponR570.03Eg216300	GNAT	OTR
SoffiXsponR570.03Eg217000	GeBP	TFF
SoffiXsponR570.03Eg217100	Top	TFF
SoffiXsponR570.03Eg218000	GeBP	TFF
SoffiXsponR570.03Eg218700	AP2-EREBP	TFF
SoffiXsponR570.03Eg219700	bZIP	TFF
SoffiXsponR570.03Eg220400	AP2-EREBP	TFF
SoffiXsponR570.03Eg222600	MADS	TFF
SoffiXsponR570.03Eg224000	mTERF	OTR
SoffiXsponR570.03Eg224200	bHLH	TFF
SoffiXsponR570.03Eg226600	SWI/SNF-SWI3	OTR
SoffiXsponR570.03Eg227100	MYB	TFF
SoffiXsponR570.03Eg228400	AP2-EREBP	TFF
SoffiXsponR570.03Eg230100	mTERF	OTR
SoffiXsponR570.03Eg230200	mTERF	OTR
SoffiXsponR570.03Eg230300	mTERF	OTR
SoffiXsponR570.03Eg230400	mTERF	OTR
SoffiXsponR570.03Eg230800	mTERF	OTR
SoffiXsponR570.03Eg232000	bHLH	TFF
SoffiXsponR570.03Eg232100	AP2-EREBP	TFF
SoffiXsponR570.03Eg232300	TCP	TFF
SoffiXsponR570.03Eg233200	NAC	TFF
SoffiXsponR570.03Eg238200	E2F-DP	TFF
SoffiXsponR570.03Eg243300	SET	OTR
SoffiXsponR570.03Eg244200	MYB	TFF
SoffiXsponR570.03Eg244800	C2C2-CO-like	TFF
SoffiXsponR570.03Eg245300	MADS	TFF
SoffiXsponR570.03Eg248000	bZIP	TFF
SoffiXsponR570.03Eg249000	bHLH	TFF
SoffiXsponR570.03Eg249400	BSD	TFF
SoffiXsponR570.03Eg249500	C2C2-Dof	TFF
SoffiXsponR570.03Eg249800	CCAAT	TFF
SoffiXsponR570.03Eg249900	CCAAT	TFF
SoffiXsponR570.03Eg251300	SET	OTR
SoffiXsponR570.03Eg252000	C2C2-CO-like	TFF
SoffiXsponR570.03Eg256300	GNAT	OTR
SoffiXsponR570.03Eg258300	ARID	OTR
SoffiXsponR570.03Eg261100	bHLH	TFF
SoffiXsponR570.03Eg262400	CCAAT	TFF
SoffiXsponR570.03Eg262500	SET	OTR
SoffiXsponR570.03Eg263200	C2C2-Dof	TFF
SoffiXsponR570.03Eg263800	zf-HD	TFF
SoffiXsponR570.03Eg264100	MYB-related	TFF
SoffiXsponR570.03Eg264300	bHLH	TFF
SoffiXsponR570.03Eg264500	TUB	TFF
SoffiXsponR570.03Eg266600	GRF	TFF
SoffiXsponR570.03Eg267300	MYB-related	TFF
SoffiXsponR570.03Eg267500	bHLH	TFF
SoffiXsponR570.03Eg268900	WRKY	TFF
SoffiXsponR570.03Eg270000	MYB-related	TFF
SoffiXsponR570.03Eg270100	zf-C5HC2	TFF
SoffiXsponR570.03Eg270800	MYB	TFF
SoffiXsponR570.03Eg271900	PLATZ	TFF
SoffiXsponR570.03Eg272100	bHLH	TFF
SoffiXsponR570.03Eg275200	MYB-related	TFF
SoffiXsponR570.03Eg276400	ABI3VP1	TFF
SoffiXsponR570.03Eg276800	MADS	TFF
SoffiXsponR570.03Eg276900	GRAS	TFF
SoffiXsponR570.03Eg277600	MYB-related	TFF
SoffiXsponR570.03Eg278000	OFP	TFF
SoffiXsponR570.03Eg278400	GRF	TFF
SoffiXsponR570.03Eg278800	C3H	TFF
SoffiXsponR570.03Eg279000	AP2-EREBP	TFF
SoffiXsponR570.03Eg279200	AP2-EREBP	TFF
SoffiXsponR570.03Eg282000	bHLH	TFF
SoffiXsponR570.03Eg283000	C2C2-GATA	TFF
SoffiXsponR570.03Eg284900	NAC	TFF
SoffiXsponR570.03Eg285000	zf-C5HC2	TFF
SoffiXsponR570.03Eg291300	AUX/IAA	OTR
SoffiXsponR570.03Eg297000	C2H2	TFF
SoffiXsponR570.03Eg298200	NAC	TFF
SoffiXsponR570.03Eg299400	C2H2	TFF
SoffiXsponR570.03Eg301900	zf-fF-X1	TFF
SoffiXsponR570.03Eg302100	zf-fF-X1	TFF
SoffiXsponR570.03Eg302500	TCP	TFF
SoffiXsponR570.03Eg302900	Jumonji	OTR
SoffiXsponR570.03Eg303300	NAC	TFF
SoffiXsponR570.03Eg305500	C3H	TFF
SoffiXsponR570.03Eg307300	bZIP	TFF
SoffiXsponR570.03Fg001000	bZIP	TFF
SoffiXsponR570.03Fg003400	MADS	TFF
SoffiXsponR570.03Fg003500	MADS	TFF
SoffiXsponR570.03Fg006600	Jumonji	OTR
SoffiXsponR570.03Fg011700	MYB	TFF
SoffiXsponR570.03Fg012600	bHLH	TFF
SoffiXsponR570.03Fg019500	bHLH	TFF
SoffiXsponR570.03Fg020100	CSD	TFF
SoffiXsponR570.03Fg020600	NAC	TFF
SoffiXsponR570.03Fg022700	PHD	OTR
SoffiXsponR570.03Fg023500	GeBP	TFF
SoffiXsponR570.03Fg030800	bZIP	TFF
SoffiXsponR570.03Fg031600	BES1	TFF
SoffiXsponR570.03Fg032400	SWI/SNF-BAF60b	OTR
SoffiXsponR570.03Fg035400	bZIP	TFF
SoffiXsponR570.03Fg036200	PHD	OTR
SoffiXsponR570.03Fg039300	RWP-RK	TFF
SoffiXsponR570.03Fg040200	TAZ	TFF
SoffiXsponR570.03Fg040300	TAZ	TFF
SoffiXsponR570.03Fg040400	TAZ	TFF
SoffiXsponR570.03Fg041800	MYB-related	TFF
SoffiXsponR570.03Fg042200	SBP	TFF
SoffiXsponR570.03Fg042700	ARF	TFF
SoffiXsponR570.03Fg045600	PHD	OTR
SoffiXsponR570.03Fg047900	PAS	TFF
SoffiXsponR570.03Fg048000	PAS	TFF
SoffiXsponR570.03Fg053400	AP2-EREBP	TFF
SoffiXsponR570.03Fg053900	PBF-2-like	TFF
SoffiXsponR570.03Fg058100	MADS	TFF
SoffiXsponR570.03Fg058500	ARF	TFF
SoffiXsponR570.03Fg062300	MADS	TFF
SoffiXsponR570.03Fg063600	PLATZ	TFF
SoffiXsponR570.03Fg064500	MYB-related	TFF
SoffiXsponR570.03Fg064700	SBP	TFF
SoffiXsponR570.03Fg065500	bZIP	TFF
SoffiXsponR570.03Fg067400	SBP	TFF
SoffiXsponR570.03Fg068400	C2C2-CO-like	TFF
SoffiXsponR570.03Fg070200	TUB	TFF
SoffiXsponR570.03Fg070900	GNAT	OTR
SoffiXsponR570.03Fg071200	WRKY	TFF
SoffiXsponR570.03Fg071900	ARR-B	TFF
SoffiXsponR570.03Fg072500	HB	TFF
SoffiXsponR570.03Fg073300	PLATZ	TFF
SoffiXsponR570.03Fg076400	mTERF	OTR
SoffiXsponR570.03Fg077800	MYB	TFF
SoffiXsponR570.03Fg079600	AP2-EREBP	TFF
SoffiXsponR570.03Fg081200	bZIP	TFF
SoffiXsponR570.03Fg082400	PHD	OTR
SoffiXsponR570.03Fg083700	bZIP	TFF
SoffiXsponR570.03Fg083800	MYB-related	TFF
SoffiXsponR570.03Fg084300	C3H	TFF
SoffiXsponR570.03Fg085300	bZIP	TFF
SoffiXsponR570.03Fg085700	zf-A20	TFF
SoffiXsponR570.03Fg087000	GRAS	TFF
SoffiXsponR570.03Fg091200	AP2-EREBP	TFF
SoffiXsponR570.03Fg092100	bZIP	TFF
SoffiXsponR570.03Fg094800	Top	TFF
SoffiXsponR570.03Fg100400	C2C2-GATA	TFF
SoffiXsponR570.03Fg100800	bHLH	TFF
SoffiXsponR570.03Fg103400	HB	TFF
SoffiXsponR570.03Fg104900	AUX/IAA	OTR
SoffiXsponR570.03Fg106100	AP2-EREBP	TFF
SoffiXsponR570.03Fg106300	bHLH	TFF
SoffiXsponR570.03Fg106900	bHLH	TFF
SoffiXsponR570.03Fg107300	bHLH	TFF
SoffiXsponR570.03Fg107600	HSF	TFF
SoffiXsponR570.03Fg108700	BES1	TFF
SoffiXsponR570.03Fg111000	MYB-related	TFF
SoffiXsponR570.03Fg112700	bZIP	TFF
SoffiXsponR570.03Fg116600	NAC	TFF
SoffiXsponR570.03Fg117700	C3H	TFF
SoffiXsponR570.03Fg118800	bHLH	TFF
SoffiXsponR570.03Fg119100	HMG	OTR
SoffiXsponR570.03Fg122200	WRKY	TFF
SoffiXsponR570.03Fg126300	MYB	TFF
SoffiXsponR570.03Fg126600	MYB	TFF
SoffiXsponR570.03Fg127500	CPP	TFF
SoffiXsponR570.03Fg131900	Tudor-knot	OTR
SoffiXsponR570.03Fg132200	GeBP	TFF
SoffiXsponR570.03Fg133900	bHLH	TFF
SoffiXsponR570.03Fg140700	WRKY	TFF
SoffiXsponR570.03Fg142100	bHLH	TFF
SoffiXsponR570.03Fg143900	ARID	OTR
SoffiXsponR570.03Fg143900	HMG	OTR
SoffiXsponR570.03Fg149200	HSF	TFF
SoffiXsponR570.03Gg000300	AUX/IAA	OTR
SoffiXsponR570.03Gg001700	HB	TFF
SoffiXsponR570.03Gg004600	MYB-related	TFF
SoffiXsponR570.03Gg006600	bZIP	TFF
SoffiXsponR570.03Gg007500	C3H	TFF
SoffiXsponR570.03Gg011800	WRKY	TFF
SoffiXsponR570.03Gg012500	NAC	TFF
SoffiXsponR570.03Gg016100	MYB	TFF
SoffiXsponR570.03Gg016300	MYB-related	TFF
SoffiXsponR570.03Gg016700	CPP	TFF
SoffiXsponR570.03Gg020900	Tudor-knot	OTR
SoffiXsponR570.03Gg021200	GeBP	TFF
SoffiXsponR570.03Gg028800	HSF	TFF
SoffiXsponR570.03Gg033400	C2H2	TFF
SoffiXsponR570.03Gg033800	AP2-EREBP	TFF
SoffiXsponR570.03Gg034400	AP2-EREBP	TFF
SoffiXsponR570.03Gg041500	MYB-related	TFF
SoffiXsponR570.03Gg042200	C2H2	TFF
SoffiXsponR570.03Gg043200	Coactivator_p15	OTR
SoffiXsponR570.03Gg043500	SET	OTR
SoffiXsponR570.03Gg044100	NAC	TFF
SoffiXsponR570.03Gg045100	DDT	OTR
SoffiXsponR570.03Gg046000	C3H	TFF
SoffiXsponR570.03Gg046200	ARF	TFF
SoffiXsponR570.03Gg047100	AP2-EREBP	TFF
SoffiXsponR570.03Gg049300	Alfin-like	TFF
SoffiXsponR570.03Gg050200	bHLH	TFF
SoffiXsponR570.03Gg054000	C2H2	TFF
SoffiXsponR570.03Gg054800	EIL	TFF
SoffiXsponR570.03Gg058900	DBP	TFF
SoffiXsponR570.03Gg060700	AP2-EREBP	TFF
SoffiXsponR570.03Gg061200	MYB-related	TFF
SoffiXsponR570.03Gg061900	bHLH	TFF
SoffiXsponR570.03Gg069000	MYB	TFF
SoffiXsponR570.03Gg070100	mTERF	OTR
SoffiXsponR570.03Gg070500	AP2-EREBP	TFF
SoffiXsponR570.03Gg071100	NOT2_3_5	OTR
SoffiXsponR570.03Gg072000	AP2-EREBP	TFF
SoffiXsponR570.03Gg074200	GRF	TFF
SoffiXsponR570.03Gg074600	MYB-related	TFF
SoffiXsponR570.03Gg074700	CCAAT	TFF
SoffiXsponR570.03Gg076900	GNAT	OTR
SoffiXsponR570.03Gg077700	GeBP	TFF
SoffiXsponR570.03Gg077800	Top	TFF
SoffiXsponR570.03Gg078200	WRKY	TFF
SoffiXsponR570.03Gg079000	GeBP	TFF
SoffiXsponR570.03Gg079100	GeBP	TFF
SoffiXsponR570.03Gg079700	AP2-EREBP	TFF
SoffiXsponR570.03Gg080900	bZIP	TFF
SoffiXsponR570.03Gg081400	AP2-EREBP	TFF
SoffiXsponR570.03Gg083500	MADS	TFF
SoffiXsponR570.03Gg084800	bHLH	TFF
SoffiXsponR570.03Gg086900	SWI/SNF-SWI3	OTR
SoffiXsponR570.03Gg087400	MYB	TFF
SoffiXsponR570.03Gg088600	AP2-EREBP	TFF
SoffiXsponR570.03Gg091000	mTERF	OTR
SoffiXsponR570.03Gg091100	mTERF	OTR
SoffiXsponR570.03Gg091200	mTERF	OTR
SoffiXsponR570.03Gg091300	mTERF	OTR
SoffiXsponR570.03Gg091500	mTERF	OTR
SoffiXsponR570.03Gg091600	mTERF	OTR
SoffiXsponR570.03Gg091800	mTERF	OTR
SoffiXsponR570.03Gg091900	mTERF	OTR
SoffiXsponR570.03Gg093300	bHLH	TFF
SoffiXsponR570.03Gg093400	AP2-EREBP	TFF
SoffiXsponR570.03Gg093600	TCP	TFF
SoffiXsponR570.03Gg094400	NAC	TFF
SoffiXsponR570.03Gg099300	E2F-DP	TFF
SoffiXsponR570.03Gg103200	SET	OTR
SoffiXsponR570.03Gg104000	MYB	TFF
SoffiXsponR570.03Gg104800	C2C2-CO-like	TFF
SoffiXsponR570.03Gg105300	MADS	TFF
SoffiXsponR570.03Gg108400	bZIP	TFF
SoffiXsponR570.03Gg109200	bHLH	TFF
SoffiXsponR570.03Gg109700	BSD	TFF
SoffiXsponR570.03Gg109800	C2C2-Dof	TFF
SoffiXsponR570.03Gg110000	CCAAT	TFF
SoffiXsponR570.03Gg110100	CCAAT	TFF
SoffiXsponR570.03Gg111100	SET	OTR
SoffiXsponR570.03Gg111700	C2C2-CO-like	TFF
SoffiXsponR570.03Gg115500	GNAT	OTR
SoffiXsponR570.03Gg117500	ARID	OTR
SoffiXsponR570.03Gg120600	bHLH	TFF
SoffiXsponR570.03Gg121900	CCAAT	TFF
SoffiXsponR570.03Gg122000	SET	OTR
SoffiXsponR570.03Gg122700	C2C2-Dof	TFF
SoffiXsponR570.03Gg123300	zf-HD	TFF
SoffiXsponR570.03Gg123600	MYB-related	TFF
SoffiXsponR570.03Gg123900	bHLH	TFF
SoffiXsponR570.03Gg124100	TUB	TFF
SoffiXsponR570.03Gg126300	GRF	TFF
SoffiXsponR570.03Gg127000	MYB-related	TFF
SoffiXsponR570.03Gg127200	bHLH	TFF
SoffiXsponR570.03Gg128500	WRKY	TFF
SoffiXsponR570.03Gg129800	MYB-related	TFF
SoffiXsponR570.03Gg130600	MYB-related	TFF
SoffiXsponR570.03Gg130600	MYB	TFF
SoffiXsponR570.03Gg131200	GNAT	OTR
SoffiXsponR570.03Gg132100	PLATZ	TFF
SoffiXsponR570.03Gg132600	HMG	OTR
SoffiXsponR570.03Gg134800	bHLH	TFF
SoffiXsponR570.03Gg135900	C2C2-GATA	TFF
SoffiXsponR570.03Gg137100	zf-C5HC2	TFF
SoffiXsponR570.03Gg137200	NAC	TFF
SoffiXsponR570.03Gg140900	MYB-related	TFF
SoffiXsponR570.03Gg143800	AUX/IAA	OTR
SoffiXsponR570.03Gg148000	C2H2	TFF
SoffiXsponR570.03Gg149000	NAC	TFF
SoffiXsponR570.03Gg150300	C2H2	TFF
SoffiXsponR570.03Gg153100	zf-fF-X1	TFF
SoffiXsponR570.03Gg153400	TCP	TFF
SoffiXsponR570.03Gg153600	Jumonji	OTR
SoffiXsponR570.03Gg155700	C3H	TFF
SoffiXsponR570.04Ag000300	NAC	TFF
SoffiXsponR570.04Ag000700	TRAF	OTR
SoffiXsponR570.04Ag003100	NAC	TFF
SoffiXsponR570.04Ag004000	GRAS	TFF
SoffiXsponR570.04Ag004400	MYB-related	TFF
SoffiXsponR570.04Ag005800	ABI3VP1	TFF
SoffiXsponR570.04Ag005900	ABI3VP1	TFF
SoffiXsponR570.04Ag006300	HB	TFF
SoffiXsponR570.04Ag008200	MYB	TFF
SoffiXsponR570.04Ag008600	ABI3VP1	TFF
SoffiXsponR570.04Ag008800	MYB	TFF
SoffiXsponR570.04Ag017500	GRF	TFF
SoffiXsponR570.04Ag026900	AP2-EREBP	TFF
SoffiXsponR570.04Ag027100	SET	OTR
SoffiXsponR570.04Ag027900	GRAS	TFF
SoffiXsponR570.04Ag029000	MYB-related	TFF
SoffiXsponR570.04Ag029400	TRAF	OTR
SoffiXsponR570.04Ag031900	BBR/BPC	TFF
SoffiXsponR570.04Ag032900	NAC	TFF
SoffiXsponR570.04Ag044200	Top	TFF
SoffiXsponR570.04Ag045100	TRAF	OTR
SoffiXsponR570.04Ag045800	PBF-2-like	TFF
SoffiXsponR570.04Ag045900	WRKY	TFF
SoffiXsponR570.04Ag052200	mTERF	OTR
SoffiXsponR570.04Ag057900	WRKY	TFF
SoffiXsponR570.04Ag058500	TRAF	OTR
SoffiXsponR570.04Ag059600	AP2-EREBP	TFF
SoffiXsponR570.04Ag062400	MADS	TFF
SoffiXsponR570.04Ag063600	zf-MIZ	OTR
SoffiXsponR570.04Ag064100	bHLH	TFF
SoffiXsponR570.04Ag064800	SET	OTR
SoffiXsponR570.04Ag065000	C2H2	TFF
SoffiXsponR570.04Ag065100	AP2-EREBP	TFF
SoffiXsponR570.04Ag065200	AUX/IAA	OTR
SoffiXsponR570.04Ag068000	BBR/BPC	TFF
SoffiXsponR570.04Ag069800	MYB-related	TFF
SoffiXsponR570.04Ag070500	BSD	TFF
SoffiXsponR570.04Ag074100	DBP	TFF
SoffiXsponR570.04Ag075100	MYB-related	TFF
SoffiXsponR570.04Ag075600	AP2-EREBP	TFF
SoffiXsponR570.04Ag076100	LIM	TFF
SoffiXsponR570.04Ag076200	ARR-B	TFF
SoffiXsponR570.04Ag077000	bHLH	TFF
SoffiXsponR570.04Ag079800	PHD	OTR
SoffiXsponR570.04Ag082700	zf-HD	TFF
SoffiXsponR570.04Ag084500	bHLH	TFF
SoffiXsponR570.04Ag084600	AP2-EREBP	TFF
SoffiXsponR570.04Ag086200	ARF	TFF
SoffiXsponR570.04Ag087100	GRF	TFF
SoffiXsponR570.04Ag087300	MYB-related	TFF
SoffiXsponR570.04Ag087300	MYB	TFF
SoffiXsponR570.04Ag090400	GeBP	TFF
SoffiXsponR570.04Ag090900	AP2-EREBP	TFF
SoffiXsponR570.04Ag092400	bZIP	TFF
SoffiXsponR570.04Ag094300	bZIP	TFF
SoffiXsponR570.04Ag096600	MED6	OTR
SoffiXsponR570.04Ag096800	MADS	TFF
SoffiXsponR570.04Ag100500	AP2-EREBP	TFF
SoffiXsponR570.04Ag101100	MADS	TFF
SoffiXsponR570.04Ag101900	NAC	TFF
SoffiXsponR570.04Ag102400	mTERF	OTR
SoffiXsponR570.04Ag103000	bHLH	TFF
SoffiXsponR570.04Ag103300	TCP	TFF
SoffiXsponR570.04Ag104200	RWP-RK	TFF
SoffiXsponR570.04Ag107100	G2-like	TFF
SoffiXsponR570.04Ag108600	LIM	TFF
SoffiXsponR570.04Ag112000	E2F-DP	TFF
SoffiXsponR570.04Ag114800	TRAF	OTR
SoffiXsponR570.04Ag115400	zf-fF-X1	TFF
SoffiXsponR570.04Ag118400	MYB	TFF
SoffiXsponR570.04Ag119700	C2C2-CO-like	TFF
SoffiXsponR570.04Ag120900	bZIP	TFF
SoffiXsponR570.04Ag121600	NAC	TFF
SoffiXsponR570.04Ag121700	MYB-related	TFF
SoffiXsponR570.04Ag121800	NAC	TFF
SoffiXsponR570.04Ag122100	zf-C5HC2	TFF
SoffiXsponR570.04Ag126300	C2C2-CO-like	TFF
SoffiXsponR570.04Ag126700	bZIP	TFF
SoffiXsponR570.04Ag127100	FHA	TFF
SoffiXsponR570.04Ag127700	PHD	OTR
SoffiXsponR570.04Ag136900	PHD	OTR
SoffiXsponR570.04Ag137600	TRAF	OTR
SoffiXsponR570.04Ag138100	C3H	TFF
SoffiXsponR570.04Ag142800	mTERF	OTR
SoffiXsponR570.04Ag149100	AUX/IAA	OTR
SoffiXsponR570.04Ag149400	CPP	TFF
SoffiXsponR570.04Ag150300	MADS	TFF
SoffiXsponR570.04Ag150400	MADS	TFF
SoffiXsponR570.04Ag150500	WRKY	TFF
SoffiXsponR570.04Ag150600	WRKY	TFF
SoffiXsponR570.04Ag153000	bHLH	TFF
SoffiXsponR570.04Ag154500	NAC	TFF
SoffiXsponR570.04Ag157900	MYB-related	TFF
SoffiXsponR570.04Ag159400	MADS	TFF
SoffiXsponR570.04Ag161000	BES1	TFF
SoffiXsponR570.04Ag161700	HSF	TFF
SoffiXsponR570.04Ag162600	AP2-EREBP	TFF
SoffiXsponR570.04Ag165800	NAC	TFF
SoffiXsponR570.04Ag166700	HB	TFF
SoffiXsponR570.04Ag170000	bHLH	TFF
SoffiXsponR570.04Ag170500	C2C2-GATA	TFF
SoffiXsponR570.04Ag176000	MBF1	OTR
SoffiXsponR570.04Ag176100	TRAF	OTR
SoffiXsponR570.04Ag176200	Top	TFF
SoffiXsponR570.04Ag178000	AUX/IAA	OTR
SoffiXsponR570.04Ag178100	DBP	TFF
SoffiXsponR570.04Ag178500	FAR1	TFF
SoffiXsponR570.04Ag180400	bZIP	TFF
SoffiXsponR570.04Ag182300	AP2-EREBP	TFF
SoffiXsponR570.04Ag183000	MYB	TFF
SoffiXsponR570.04Ag186200	GRAS	TFF
SoffiXsponR570.04Ag187300	C2H2	TFF
SoffiXsponR570.04Ag187500	zf-A20	TFF
SoffiXsponR570.04Ag188100	bHLH	TFF
SoffiXsponR570.04Ag189000	bZIP	TFF
SoffiXsponR570.04Ag191200	C3H	TFF
SoffiXsponR570.04Ag192000	ARID	OTR
SoffiXsponR570.04Ag192300	bZIP	TFF
SoffiXsponR570.04Ag194000	PLATZ	TFF
SoffiXsponR570.04Ag195900	ABI3VP1	TFF
SoffiXsponR570.04Ag196700	bZIP	TFF
SoffiXsponR570.04Ag198700	MYB	TFF
SoffiXsponR570.04Ag199100	mTERF	OTR
SoffiXsponR570.04Ag199900	AP2-EREBP	TFF
SoffiXsponR570.04Ag200200	zf-BED	TFF
SoffiXsponR570.04Ag203200	Top	TFF
SoffiXsponR570.04Ag204500	HB	TFF
SoffiXsponR570.04Ag205900	WRKY	TFF
SoffiXsponR570.04Ag206100	WRKY	TFF
SoffiXsponR570.04Ag206300	Top	TFF
SoffiXsponR570.04Ag206900	NAC	TFF
SoffiXsponR570.04Ag207100	GNAT	OTR
SoffiXsponR570.04Ag209500	FAR1	TFF
SoffiXsponR570.04Ag213600	AP2-EREBP	TFF
SoffiXsponR570.04Ag214200	SBP	TFF
SoffiXsponR570.04Ag217300	bZIP	TFF
SoffiXsponR570.04Ag217900	CCAAT	TFF
SoffiXsponR570.04Ag218000	MADS	TFF
SoffiXsponR570.04Ag218900	TRAF	OTR
SoffiXsponR570.04Ag219000	TRAF	OTR
SoffiXsponR570.04Ag219300	TRAF	OTR
SoffiXsponR570.04Ag220800	MYB-related	TFF
SoffiXsponR570.04Ag221200	MYB-related	TFF
SoffiXsponR570.04Ag222500	TRAF	OTR
SoffiXsponR570.04Ag225000	TRAF	OTR
SoffiXsponR570.04Ag225200	NAC	TFF
SoffiXsponR570.04Ag226700	ARF	TFF
SoffiXsponR570.04Ag227900	MYB	TFF
SoffiXsponR570.04Ag238000	AP2-EREBP	TFF
SoffiXsponR570.04Ag238600	MED26	OTR
SoffiXsponR570.04Ag241000	PAS	TFF
SoffiXsponR570.04Ag242000	MED26	OTR
SoffiXsponR570.04Ag246900	C2C2-GATA	TFF
SoffiXsponR570.04Ag252900	ARF	TFF
SoffiXsponR570.04Ag252900	AUX/IAA	OTR
SoffiXsponR570.04Ag253800	SBP	TFF
SoffiXsponR570.04Ag254300	SBP	TFF
SoffiXsponR570.04Ag254400	MYB-related	TFF
SoffiXsponR570.04Ag254800	C3H	TFF
SoffiXsponR570.04Ag255300	TAZ	TFF
SoffiXsponR570.04Ag262300	SRS	TFF
SoffiXsponR570.04Ag262400	MADS	TFF
SoffiXsponR570.04Ag266600	bZIP	TFF
SoffiXsponR570.04Ag266700	bZIP	TFF
SoffiXsponR570.04Ag268000	bZIP	TFF
SoffiXsponR570.04Ag268800	bHLH	TFF
SoffiXsponR570.04Ag272600	NAC	TFF
SoffiXsponR570.04Ag274700	HMG	OTR
SoffiXsponR570.04Ag279200	zf-C5HC2	TFF
SoffiXsponR570.04Ag279500	C2H2	TFF
SoffiXsponR570.04Ag279800	PHD	OTR
SoffiXsponR570.04Bg000200	NAC	TFF
SoffiXsponR570.04Bg000500	TRAF	OTR
SoffiXsponR570.04Bg002800	NAC	TFF
SoffiXsponR570.04Bg003600	GRAS	TFF
SoffiXsponR570.04Bg004100	MYB-related	TFF
SoffiXsponR570.04Bg005900	ABI3VP1	TFF
SoffiXsponR570.04Bg006000	ABI3VP1	TFF
SoffiXsponR570.04Bg006400	HB	TFF
SoffiXsponR570.04Bg007900	MYB	TFF
SoffiXsponR570.04Bg008200	ABI3VP1	TFF
SoffiXsponR570.04Bg008500	ABI3VP1	TFF
SoffiXsponR570.04Bg014500	GRF	TFF
SoffiXsponR570.04Bg018500	AP2-EREBP	TFF
SoffiXsponR570.04Bg019300	GRAS	TFF
SoffiXsponR570.04Bg020600	TRAF	OTR
SoffiXsponR570.04Bg023200	BBR/BPC	TFF
SoffiXsponR570.04Bg024600	NAC	TFF
SoffiXsponR570.04Bg035900	Top	TFF
SoffiXsponR570.04Bg036700	TRAF	OTR
SoffiXsponR570.04Bg037300	AP2-EREBP	TFF
SoffiXsponR570.04Bg037400	PBF-2-like	TFF
SoffiXsponR570.04Bg037500	WRKY	TFF
SoffiXsponR570.04Bg044000	mTERF	OTR
SoffiXsponR570.04Bg049200	WRKY	TFF
SoffiXsponR570.04Bg050700	AP2-EREBP	TFF
SoffiXsponR570.04Bg053000	MADS	TFF
SoffiXsponR570.04Bg054000	zf-MIZ	OTR
SoffiXsponR570.04Bg054200	bHLH	TFF
SoffiXsponR570.04Bg054900	SET	OTR
SoffiXsponR570.04Bg055000	C2H2	TFF
SoffiXsponR570.04Bg055100	AP2-EREBP	TFF
SoffiXsponR570.04Bg055200	AUX/IAA	OTR
SoffiXsponR570.04Bg057800	BBR/BPC	TFF
SoffiXsponR570.04Bg058900	MYB-related	TFF
SoffiXsponR570.04Bg059400	BSD	TFF
SoffiXsponR570.04Bg063200	DBP	TFF
SoffiXsponR570.04Bg064000	MYB-related	TFF
SoffiXsponR570.04Bg064400	AP2-EREBP	TFF
SoffiXsponR570.04Bg064900	LIM	TFF
SoffiXsponR570.04Bg065000	ARR-B	TFF
SoffiXsponR570.04Bg065800	bHLH	TFF
SoffiXsponR570.04Bg068700	PHD	OTR
SoffiXsponR570.04Bg072700	bHLH	TFF
SoffiXsponR570.04Bg072800	AP2-EREBP	TFF
SoffiXsponR570.04Bg074300	ARF	TFF
SoffiXsponR570.04Bg074500	AP2-EREBP	TFF
SoffiXsponR570.04Bg078400	GRF	TFF
SoffiXsponR570.04Bg078600	MYB	TFF
SoffiXsponR570.04Bg081000	GeBP	TFF
SoffiXsponR570.04Bg081500	AP2-EREBP	TFF
SoffiXsponR570.04Bg085400	bZIP	TFF
SoffiXsponR570.04Bg087500	MED6	OTR
SoffiXsponR570.04Bg087800	MADS	TFF
SoffiXsponR570.04Bg091600	AP2-EREBP	TFF
SoffiXsponR570.04Bg092200	MADS	TFF
SoffiXsponR570.04Bg092800	NAC	TFF
SoffiXsponR570.04Bg093300	mTERF	OTR
SoffiXsponR570.04Bg093900	bHLH	TFF
SoffiXsponR570.04Bg094200	TCP	TFF
SoffiXsponR570.04Bg095100	RWP-RK	TFF
SoffiXsponR570.04Bg097900	G2-like	TFF
SoffiXsponR570.04Bg098900	LIM	TFF
SoffiXsponR570.04Bg102400	E2F-DP	TFF
SoffiXsponR570.04Bg105900	TRAF	OTR
SoffiXsponR570.04Bg106500	zf-fF-X1	TFF
SoffiXsponR570.04Bg109300	MYB	TFF
SoffiXsponR570.04Bg111000	C2C2-CO-like	TFF
SoffiXsponR570.04Bg112300	bZIP	TFF
SoffiXsponR570.04Bg112800	MYB-related	TFF
SoffiXsponR570.04Bg112900	NAC	TFF
SoffiXsponR570.04Bg113000	MYB-related	TFF
SoffiXsponR570.04Bg113100	MYB-related	TFF
SoffiXsponR570.04Bg113300	NAC	TFF
SoffiXsponR570.04Bg113700	zf-C5HC2	TFF
SoffiXsponR570.04Bg117300	C2C2-CO-like	TFF
SoffiXsponR570.04Bg117600	bZIP	TFF
SoffiXsponR570.04Bg125400	zf-C5HC2	TFF
SoffiXsponR570.04Bg127000	TRAF	OTR
SoffiXsponR570.04Bg127500	C3H	TFF
SoffiXsponR570.04Bg132000	mTERF	OTR
SoffiXsponR570.04Bg139000	AUX/IAA	OTR
SoffiXsponR570.04Bg139400	CPP	TFF
SoffiXsponR570.04Bg140500	MADS	TFF
SoffiXsponR570.04Bg140600	MADS	TFF
SoffiXsponR570.04Bg140700	WRKY	TFF
SoffiXsponR570.04Bg142900	bHLH	TFF
SoffiXsponR570.04Bg144500	NAC	TFF
SoffiXsponR570.04Bg149000	MYB-related	TFF
SoffiXsponR570.04Bg150900	MADS	TFF
SoffiXsponR570.04Bg152600	BES1	TFF
SoffiXsponR570.04Bg154000	AP2-EREBP	TFF
SoffiXsponR570.04Bg157300	NAC	TFF
SoffiXsponR570.04Bg158100	HB	TFF
SoffiXsponR570.04Bg159000	HSF	TFF
SoffiXsponR570.04Bg161300	bHLH	TFF
SoffiXsponR570.04Bg161700	C2C2-GATA	TFF
SoffiXsponR570.04Bg167000	MBF1	OTR
SoffiXsponR570.04Bg167200	Top	TFF
SoffiXsponR570.04Bg169000	AUX/IAA	OTR
SoffiXsponR570.04Bg169100	DBP	TFF
SoffiXsponR570.04Bg169500	FAR1	TFF
SoffiXsponR570.04Bg171100	bZIP	TFF
SoffiXsponR570.04Bg173400	MYB-related	TFF
SoffiXsponR570.04Bg173800	MYB-related	TFF
SoffiXsponR570.04Bg175200	TRAF	OTR
SoffiXsponR570.04Bg175400	TRAF	OTR
SoffiXsponR570.04Bg175500	TRAF	OTR
SoffiXsponR570.04Bg175600	TRAF	OTR
SoffiXsponR570.04Bg175700	TRAF	OTR
SoffiXsponR570.04Bg175800	TRAF	OTR
SoffiXsponR570.04Bg176400	MADS	TFF
SoffiXsponR570.04Bg176500	CCAAT	TFF
SoffiXsponR570.04Bg177100	PLATZ	TFF
SoffiXsponR570.04Bg178000	MYB-related	TFF
SoffiXsponR570.04Bg179400	bZIP	TFF
SoffiXsponR570.04Bg180600	PHD	OTR
SoffiXsponR570.04Bg182400	SBP	TFF
SoffiXsponR570.04Bg183000	AP2-EREBP	TFF
SoffiXsponR570.04Bg184700	Top	TFF
SoffiXsponR570.04Bg184800	Top	TFF
SoffiXsponR570.04Bg187800	GNAT	OTR
SoffiXsponR570.04Bg188500	Top	TFF
SoffiXsponR570.04Bg188800	WRKY	TFF
SoffiXsponR570.04Bg188900	WRKY	TFF
SoffiXsponR570.04Bg190200	HB	TFF
SoffiXsponR570.04Bg191400	Top	TFF
SoffiXsponR570.04Bg194700	zf-BED	TFF
SoffiXsponR570.04Bg194800	AP2-EREBP	TFF
SoffiXsponR570.04Bg195600	mTERF	OTR
SoffiXsponR570.04Bg196000	MYB	TFF
SoffiXsponR570.04Bg197900	bZIP	TFF
SoffiXsponR570.04Bg198300	ABI3VP1	TFF
SoffiXsponR570.04Bg199800	PLATZ	TFF
SoffiXsponR570.04Bg201100	bZIP	TFF
SoffiXsponR570.04Bg201300	ARID	OTR
SoffiXsponR570.04Bg202400	C3H	TFF
SoffiXsponR570.04Bg203700	bZIP	TFF
SoffiXsponR570.04Bg204600	bHLH	TFF
SoffiXsponR570.04Bg205100	zf-A20	TFF
SoffiXsponR570.04Bg206100	GRAS	TFF
SoffiXsponR570.04Bg209200	MYB	TFF
SoffiXsponR570.04Bg210100	AP2-EREBP	TFF
SoffiXsponR570.04Bg211600	TRAF	OTR
SoffiXsponR570.04Bg213200	TRAF	OTR
SoffiXsponR570.04Bg213400	NAC	TFF
SoffiXsponR570.04Bg215200	ARF	TFF
SoffiXsponR570.04Bg216200	FAR1	TFF
SoffiXsponR570.04Bg216900	MYB	TFF
SoffiXsponR570.04Bg223400	ARF	TFF
SoffiXsponR570.04Bg227800	AP2-EREBP	TFF
SoffiXsponR570.04Bg228400	MED26	OTR
SoffiXsponR570.04Bg231100	PAS	TFF
SoffiXsponR570.04Bg237300	C2C2-GATA	TFF
SoffiXsponR570.04Bg242100	ARF	TFF
SoffiXsponR570.04Bg243200	SBP	TFF
SoffiXsponR570.04Bg243300	MYB-related	TFF
SoffiXsponR570.04Bg243700	C3H	TFF
SoffiXsponR570.04Bg244100	TAZ	TFF
SoffiXsponR570.04Bg250900	SRS	TFF
SoffiXsponR570.04Bg251000	MADS	TFF
SoffiXsponR570.04Bg255600	bZIP	TFF
SoffiXsponR570.04Bg255700	bZIP	TFF
SoffiXsponR570.04Bg257800	bZIP	TFF
SoffiXsponR570.04Bg258700	bHLH	TFF
SoffiXsponR570.04Bg263400	NAC	TFF
SoffiXsponR570.04Bg263900	C2H2	TFF
SoffiXsponR570.04Bg265300	HMG	OTR
SoffiXsponR570.04Bg265800	MYB-related	TFF
SoffiXsponR570.04Bg269800	zf-C5HC2	TFF
SoffiXsponR570.04Bg270100	C2H2	TFF
SoffiXsponR570.04Bg270400	PHD	OTR
SoffiXsponR570.04Cg002700	NAC	TFF
SoffiXsponR570.04Cg003800	GRAS	TFF
SoffiXsponR570.04Cg004200	MYB-related	TFF
SoffiXsponR570.04Cg005700	ABI3VP1	TFF
SoffiXsponR570.04Cg005800	ABI3VP1	TFF
SoffiXsponR570.04Cg006100	HB	TFF
SoffiXsponR570.04Cg007900	MYB	TFF
SoffiXsponR570.04Cg008200	ABI3VP1	TFF
SoffiXsponR570.04Cg008600	ABI3VP1	TFF
SoffiXsponR570.04Cg014700	GRF	TFF
SoffiXsponR570.04Cg018000	AP2-EREBP	TFF
SoffiXsponR570.04Cg018100	SET	OTR
SoffiXsponR570.04Cg019100	GRAS	TFF
SoffiXsponR570.04Cg021100	TRAF	OTR
SoffiXsponR570.04Cg024400	BBR/BPC	TFF
SoffiXsponR570.04Cg025900	NAC	TFF
SoffiXsponR570.04Cg031700	MADS	TFF
SoffiXsponR570.04Cg036500	Top	TFF
SoffiXsponR570.04Cg037500	TRAF	OTR
SoffiXsponR570.04Cg038100	PBF-2-like	TFF
SoffiXsponR570.04Cg038200	WRKY	TFF
SoffiXsponR570.04Cg050700	WRKY	TFF
SoffiXsponR570.04Cg051800	TRAF	OTR
SoffiXsponR570.04Cg053200	AP2-EREBP	TFF
SoffiXsponR570.04Cg055500	MADS	TFF
SoffiXsponR570.04Cg056400	zf-MIZ	OTR
SoffiXsponR570.04Cg056900	bHLH	TFF
SoffiXsponR570.04Cg057500	SET	OTR
SoffiXsponR570.04Cg057600	C2H2	TFF
SoffiXsponR570.04Cg057800	AP2-EREBP	TFF
SoffiXsponR570.04Cg057900	AUX/IAA	OTR
SoffiXsponR570.04Cg061200	BBR/BPC	TFF
SoffiXsponR570.04Cg062700	MYB-related	TFF
SoffiXsponR570.04Cg063400	BSD	TFF
SoffiXsponR570.04Cg064300	TRAF	OTR
SoffiXsponR570.04Cg067000	DBP	TFF
SoffiXsponR570.04Cg068100	MYB-related	TFF
SoffiXsponR570.04Cg068500	AP2-EREBP	TFF
SoffiXsponR570.04Cg068900	LIM	TFF
SoffiXsponR570.04Cg069000	ARR-B	TFF
SoffiXsponR570.04Cg069800	bHLH	TFF
SoffiXsponR570.04Cg072900	PHD	OTR
SoffiXsponR570.04Cg076900	bHLH	TFF
SoffiXsponR570.04Cg077000	AP2-EREBP	TFF
SoffiXsponR570.04Cg078900	ARF	TFF
SoffiXsponR570.04Cg079100	AP2-EREBP	TFF
SoffiXsponR570.04Cg083400	GRF	TFF
SoffiXsponR570.04Cg083700	MYB	TFF
SoffiXsponR570.04Cg083900	MYB	TFF
SoffiXsponR570.04Cg086400	GeBP	TFF
SoffiXsponR570.04Cg086900	AP2-EREBP	TFF
SoffiXsponR570.04Cg089700	bZIP	TFF
SoffiXsponR570.04Cg091500	MED6	OTR
SoffiXsponR570.04Cg091600	MADS	TFF
SoffiXsponR570.04Cg095700	AP2-EREBP	TFF
SoffiXsponR570.04Cg096100	MADS	TFF
SoffiXsponR570.04Cg096700	NAC	TFF
SoffiXsponR570.04Cg097300	mTERF	OTR
SoffiXsponR570.04Cg098000	bHLH	TFF
SoffiXsponR570.04Cg098300	TCP	TFF
SoffiXsponR570.04Cg099600	RWP-RK	TFF
SoffiXsponR570.04Cg102900	G2-like	TFF
SoffiXsponR570.04Cg108200	E2F-DP	TFF
SoffiXsponR570.04Cg111100	zf-fF-X1	TFF
SoffiXsponR570.04Cg113500	MYB	TFF
SoffiXsponR570.04Cg115200	C2C2-CO-like	TFF
SoffiXsponR570.04Cg116300	bZIP	TFF
SoffiXsponR570.04Cg117000	MYB-related	TFF
SoffiXsponR570.04Cg117100	MYB-related	TFF
SoffiXsponR570.04Cg117300	NAC	TFF
SoffiXsponR570.04Cg117700	zf-C5HC2	TFF
SoffiXsponR570.04Cg121600	C2C2-CO-like	TFF
SoffiXsponR570.04Cg122200	FHA	TFF
SoffiXsponR570.04Cg122900	PHD	OTR
SoffiXsponR570.04Cg132500	PHD	OTR
SoffiXsponR570.04Cg132700	TRAF	OTR
SoffiXsponR570.04Cg133200	C3H	TFF
SoffiXsponR570.04Cg138200	mTERF	OTR
SoffiXsponR570.04Cg144000	AUX/IAA	OTR
SoffiXsponR570.04Cg144500	CPP	TFF
SoffiXsponR570.04Cg145400	MADS	TFF
SoffiXsponR570.04Cg145500	MADS	TFF
SoffiXsponR570.04Cg145700	WRKY	TFF
SoffiXsponR570.04Cg147500	bHLH	TFF
SoffiXsponR570.04Cg149500	NAC	TFF
SoffiXsponR570.04Cg152600	MYB-related	TFF
SoffiXsponR570.04Cg154200	MADS	TFF
SoffiXsponR570.04Cg155900	BES1	TFF
SoffiXsponR570.04Cg156900	AP2-EREBP	TFF
SoffiXsponR570.04Cg158900	HSF	TFF
SoffiXsponR570.04Cg159200	HSF	TFF
SoffiXsponR570.04Cg160200	NAC	TFF
SoffiXsponR570.04Cg161200	HB	TFF
SoffiXsponR570.04Cg162200	HSF	TFF
SoffiXsponR570.04Cg164500	bHLH	TFF
SoffiXsponR570.04Cg164900	C2C2-GATA	TFF
SoffiXsponR570.04Cg171100	MBF1	OTR
SoffiXsponR570.04Cg171200	Top	TFF
SoffiXsponR570.04Cg172700	AUX/IAA	OTR
SoffiXsponR570.04Cg172800	DBP	TFF
SoffiXsponR570.04Cg173400	FAR1	TFF
SoffiXsponR570.04Cg177000	AP2-EREBP	TFF
SoffiXsponR570.04Cg177900	MYB	TFF
SoffiXsponR570.04Cg181200	GRAS	TFF
SoffiXsponR570.04Cg182500	zf-A20	TFF
SoffiXsponR570.04Cg183000	bHLH	TFF
SoffiXsponR570.04Cg183600	ARR-B	TFF
SoffiXsponR570.04Cg183800	bZIP	TFF
SoffiXsponR570.04Cg185200	C3H	TFF
SoffiXsponR570.04Cg186100	ARID	OTR
SoffiXsponR570.04Cg186300	bZIP	TFF
SoffiXsponR570.04Cg187400	PLATZ	TFF
SoffiXsponR570.04Cg189600	bZIP	TFF
SoffiXsponR570.04Cg191700	MYB	TFF
SoffiXsponR570.04Cg191800	MYB	TFF
SoffiXsponR570.04Cg192200	mTERF	OTR
SoffiXsponR570.04Cg192800	AP2-EREBP	TFF
SoffiXsponR570.04Cg195800	Top	TFF
SoffiXsponR570.04Cg197100	HB	TFF
SoffiXsponR570.04Cg198500	WRKY	TFF
SoffiXsponR570.04Cg198700	Top	TFF
SoffiXsponR570.04Cg199400	NAC	TFF
SoffiXsponR570.04Cg199600	GNAT	OTR
SoffiXsponR570.04Cg204500	AP2-EREBP	TFF
SoffiXsponR570.04Cg205100	SBP	TFF
SoffiXsponR570.04Cg207000	PHD	OTR
SoffiXsponR570.04Cg207900	bZIP	TFF
SoffiXsponR570.04Cg209200	MYB-related	TFF
SoffiXsponR570.04Cg210100	PLATZ	TFF
SoffiXsponR570.04Cg210700	CCAAT	TFF
SoffiXsponR570.04Cg210800	MADS	TFF
SoffiXsponR570.04Cg211400	TRAF	OTR
SoffiXsponR570.04Cg211500	TRAF	OTR
SoffiXsponR570.04Cg211600	TRAF	OTR
SoffiXsponR570.04Cg211700	TRAF	OTR
SoffiXsponR570.04Cg211800	TRAF	OTR
SoffiXsponR570.04Cg211900	TRAF	OTR
SoffiXsponR570.04Cg212200	TRAF	OTR
SoffiXsponR570.04Cg212300	TRAF	OTR
SoffiXsponR570.04Cg212400	TRAF	OTR
SoffiXsponR570.04Cg214000	MYB-related	TFF
SoffiXsponR570.04Cg214400	MYB-related	TFF
SoffiXsponR570.04Cg215600	TRAF	OTR
SoffiXsponR570.04Cg216200	TRAF	OTR
SoffiXsponR570.04Cg218600	TRAF	OTR
SoffiXsponR570.04Cg218900	NAC	TFF
SoffiXsponR570.04Cg220400	ARF	TFF
SoffiXsponR570.04Cg221100	MYB	TFF
SoffiXsponR570.04Cg222900	PLATZ	TFF
SoffiXsponR570.04Cg225900	C3H	TFF
SoffiXsponR570.04Cg227000	ARF	TFF
SoffiXsponR570.04Cg231900	AP2-EREBP	TFF
SoffiXsponR570.04Cg232600	MED26	OTR
SoffiXsponR570.04Cg235100	PAS	TFF
SoffiXsponR570.04Cg241000	C2C2-GATA	TFF
SoffiXsponR570.04Cg245300	ARF	TFF
SoffiXsponR570.04Cg246100	SBP	TFF
SoffiXsponR570.04Cg246200	MYB-related	TFF
SoffiXsponR570.04Cg246500	C3H	TFF
SoffiXsponR570.04Cg246600	GRAS	TFF
SoffiXsponR570.04Cg247100	TAZ	TFF
SoffiXsponR570.04Cg253900	SRS	TFF
SoffiXsponR570.04Cg254000	MADS	TFF
SoffiXsponR570.04Cg259500	bZIP	TFF
SoffiXsponR570.04Cg259700	bZIP	TFF
SoffiXsponR570.04Cg262000	bZIP	TFF
SoffiXsponR570.04Cg263000	bHLH	TFF
SoffiXsponR570.04Cg266200	ARF	TFF
SoffiXsponR570.04Cg268700	NAC	TFF
SoffiXsponR570.04Cg270400	HMG	OTR
SoffiXsponR570.04Cg271200	MYB-related	TFF
SoffiXsponR570.04Cg275300	zf-C5HC2	TFF
SoffiXsponR570.04Cg275500	C2H2	TFF
SoffiXsponR570.04Cg275800	PHD	OTR
SoffiXsponR570.04Cg277100	TRAF	OTR
SoffiXsponR570.04Cg277300	TRAF	OTR
SoffiXsponR570.04Cg277400	TRAF	OTR
SoffiXsponR570.04Cg279300	TRAF	OTR
SoffiXsponR570.04Cg279500	NAC	TFF
SoffiXsponR570.04Dg000300	NAC	TFF
SoffiXsponR570.04Dg000700	TRAF	OTR
SoffiXsponR570.04Dg003100	NAC	TFF
SoffiXsponR570.04Dg004100	GRAS	TFF
SoffiXsponR570.04Dg004900	MYB-related	TFF
SoffiXsponR570.04Dg006600	ABI3VP1	TFF
SoffiXsponR570.04Dg007000	HB	TFF
SoffiXsponR570.04Dg008500	MYB	TFF
SoffiXsponR570.04Dg008900	ABI3VP1	TFF
SoffiXsponR570.04Dg016600	GRF	TFF
SoffiXsponR570.04Dg021500	AP2-EREBP	TFF
SoffiXsponR570.04Dg021600	SET	OTR
SoffiXsponR570.04Dg022400	GRAS	TFF
SoffiXsponR570.04Dg023400	MYB-related	TFF
SoffiXsponR570.04Dg024100	TRAF	OTR
SoffiXsponR570.04Dg026600	BBR/BPC	TFF
SoffiXsponR570.04Dg027900	NAC	TFF
SoffiXsponR570.04Dg034200	MADS	TFF
SoffiXsponR570.04Dg041600	Top	TFF
SoffiXsponR570.04Dg042400	TRAF	OTR
SoffiXsponR570.04Dg042500	TRAF	OTR
SoffiXsponR570.04Dg043000	PBF-2-like	TFF
SoffiXsponR570.04Dg043100	WRKY	TFF
SoffiXsponR570.04Dg050600	mTERF	OTR
SoffiXsponR570.04Dg052500	mTERF	OTR
SoffiXsponR570.04Dg057100	WRKY	TFF
SoffiXsponR570.04Dg057800	CCAAT	TFF
SoffiXsponR570.04Dg058900	zf-MIZ	OTR
SoffiXsponR570.04Dg059800	bHLH	TFF
SoffiXsponR570.04Dg060600	SET	OTR
SoffiXsponR570.04Dg060700	C2H2	TFF
SoffiXsponR570.04Dg060800	AP2-EREBP	TFF
SoffiXsponR570.04Dg060900	AUX/IAA	OTR
SoffiXsponR570.04Dg063500	BBR/BPC	TFF
SoffiXsponR570.04Dg065800	BSD	TFF
SoffiXsponR570.04Dg069000	DBP	TFF
SoffiXsponR570.04Dg069800	MYB-related	TFF
SoffiXsponR570.04Dg070300	AP2-EREBP	TFF
SoffiXsponR570.04Dg070900	LIM	TFF
SoffiXsponR570.04Dg071000	ARR-B	TFF
SoffiXsponR570.04Dg071700	bHLH	TFF
SoffiXsponR570.04Dg074700	PHD	OTR
SoffiXsponR570.04Dg080100	bHLH	TFF
SoffiXsponR570.04Dg080300	AP2-EREBP	TFF
SoffiXsponR570.04Dg081800	ARF	TFF
SoffiXsponR570.04Dg082000	AP2-EREBP	TFF
SoffiXsponR570.04Dg086400	GRF	TFF
SoffiXsponR570.04Dg086600	MYB-related	TFF
SoffiXsponR570.04Dg086600	MYB	TFF
SoffiXsponR570.04Dg088900	GeBP	TFF
SoffiXsponR570.04Dg089400	AP2-EREBP	TFF
SoffiXsponR570.04Dg092600	bZIP	TFF
SoffiXsponR570.04Dg094500	MED6	OTR
SoffiXsponR570.04Dg094600	MADS	TFF
SoffiXsponR570.04Dg097000	MADS	TFF
SoffiXsponR570.04Dg097800	NAC	TFF
SoffiXsponR570.04Dg098500	mTERF	OTR
SoffiXsponR570.04Dg099100	bHLH	TFF
SoffiXsponR570.04Dg099400	TCP	TFF
SoffiXsponR570.04Dg100300	RWP-RK	TFF
SoffiXsponR570.04Dg102800	G2-like	TFF
SoffiXsponR570.04Dg104100	LIM	TFF
SoffiXsponR570.04Dg107100	E2F-DP	TFF
SoffiXsponR570.04Dg109800	TRAF	OTR
SoffiXsponR570.04Dg110400	zf-fF-X1	TFF
SoffiXsponR570.04Dg112800	MYB	TFF
SoffiXsponR570.04Dg114600	C2C2-CO-like	TFF
SoffiXsponR570.04Dg115500	bZIP	TFF
SoffiXsponR570.04Dg116200	NAC	TFF
SoffiXsponR570.04Dg116500	zf-C5HC2	TFF
SoffiXsponR570.04Dg119700	C2C2-CO-like	TFF
SoffiXsponR570.04Dg127600	zf-C5HC2	TFF
SoffiXsponR570.04Dg128400	PHD	OTR
SoffiXsponR570.04Dg129500	TRAF	OTR
SoffiXsponR570.04Dg130000	C3H	TFF
SoffiXsponR570.04Dg130200	FAR1	TFF
SoffiXsponR570.04Dg134500	mTERF	OTR
SoffiXsponR570.04Dg136900	MADS	TFF
SoffiXsponR570.04Dg137000	MADS	TFF
SoffiXsponR570.04Dg137800	CPP	TFF
SoffiXsponR570.04Dg138400	AUX/IAA	OTR
SoffiXsponR570.04Dg142600	MBF1	OTR
SoffiXsponR570.04Dg142700	TRAF	OTR
SoffiXsponR570.04Dg142800	Top	TFF
SoffiXsponR570.04Dg144500	AUX/IAA	OTR
SoffiXsponR570.04Dg144600	DBP	TFF
SoffiXsponR570.04Dg145100	FAR1	TFF
SoffiXsponR570.04Dg145800	C2H2	TFF
SoffiXsponR570.04Dg146000	zf-A20	TFF
SoffiXsponR570.04Dg146500	bHLH	TFF
SoffiXsponR570.04Dg147400	bZIP	TFF
SoffiXsponR570.04Dg149000	C3H	TFF
SoffiXsponR570.04Dg149800	ARID	OTR
SoffiXsponR570.04Dg150000	bZIP	TFF
SoffiXsponR570.04Dg151500	PLATZ	TFF
SoffiXsponR570.04Dg153700	ABI3VP1	TFF
SoffiXsponR570.04Dg154300	bZIP	TFF
SoffiXsponR570.04Dg156600	MYB	TFF
SoffiXsponR570.04Dg157000	mTERF	OTR
SoffiXsponR570.04Dg157800	AP2-EREBP	TFF
SoffiXsponR570.04Dg158000	zf-BED	TFF
SoffiXsponR570.04Dg160800	Top	TFF
SoffiXsponR570.04Dg161900	AP2-EREBP	TFF
SoffiXsponR570.04Dg162600	MED26	OTR
SoffiXsponR570.04Dg164700	PAS	TFF
SoffiXsponR570.04Dg170400	C2C2-GATA	TFF
SoffiXsponR570.04Dg175100	ARF	TFF
SoffiXsponR570.04Dg175700	SBP	TFF
SoffiXsponR570.04Dg175800	MYB-related	TFF
SoffiXsponR570.04Dg176200	C3H	TFF
SoffiXsponR570.04Dg176300	GRAS	TFF
SoffiXsponR570.04Dg176900	TAZ	TFF
SoffiXsponR570.04Dg183300	SRS	TFF
SoffiXsponR570.04Dg183400	MADS	TFF
SoffiXsponR570.04Dg188500	bZIP	TFF
SoffiXsponR570.04Dg188600	bZIP	TFF
SoffiXsponR570.04Dg190000	bZIP	TFF
SoffiXsponR570.04Dg190900	bHLH	TFF
SoffiXsponR570.04Dg196200	NAC	TFF
SoffiXsponR570.04Dg198300	HMG	OTR
SoffiXsponR570.04Dg199300	MYB-related	TFF
SoffiXsponR570.04Dg203100	zf-C5HC2	TFF
SoffiXsponR570.04Dg203200	C2H2	TFF
SoffiXsponR570.04Dg203600	PHD	OTR
SoffiXsponR570.04Eg001000	G2-like	TFF
SoffiXsponR570.04Eg002000	LIM	TFF
SoffiXsponR570.04Eg005000	E2F-DP	TFF
SoffiXsponR570.04Eg007300	TRAF	OTR
SoffiXsponR570.04Eg007900	zf-fF-X1	TFF
SoffiXsponR570.04Eg010500	MYB	TFF
SoffiXsponR570.04Eg012100	C2C2-CO-like	TFF
SoffiXsponR570.04Eg013100	bZIP	TFF
SoffiXsponR570.04Eg013900	NAC	TFF
SoffiXsponR570.04Eg014000	NAC	TFF
SoffiXsponR570.04Eg014300	zf-C5HC2	TFF
SoffiXsponR570.04Eg015300	bZIP	TFF
SoffiXsponR570.04Eg016100	FHA	TFF
SoffiXsponR570.04Eg017100	PHD	OTR
SoffiXsponR570.04Eg026000	PHD	OTR
SoffiXsponR570.04Eg027100	TRAF	OTR
SoffiXsponR570.04Eg027600	C3H	TFF
SoffiXsponR570.04Eg038400	AUX/IAA	OTR
SoffiXsponR570.04Eg038700	CPP	TFF
SoffiXsponR570.04Eg039400	MADS	TFF
SoffiXsponR570.04Eg039500	MADS	TFF
SoffiXsponR570.04Eg039700	WRKY	TFF
SoffiXsponR570.04Eg039800	WRKY	TFF
SoffiXsponR570.04Eg042100	bHLH	TFF
SoffiXsponR570.04Eg044800	MYB-related	TFF
SoffiXsponR570.04Eg046200	MADS	TFF
SoffiXsponR570.04Eg047500	BES1	TFF
SoffiXsponR570.04Eg048000	HSF	TFF
SoffiXsponR570.04Eg048400	AP2-EREBP	TFF
SoffiXsponR570.04Eg051600	NAC	TFF
SoffiXsponR570.04Eg052300	HB	TFF
SoffiXsponR570.04Eg055400	bHLH	TFF
SoffiXsponR570.04Eg055800	C2C2-GATA	TFF
SoffiXsponR570.04Eg061300	MBF1	OTR
SoffiXsponR570.04Eg061500	MBF1	OTR
SoffiXsponR570.04Eg061600	Top	TFF
SoffiXsponR570.04Eg063600	AUX/IAA	OTR
SoffiXsponR570.04Eg063700	DBP	TFF
SoffiXsponR570.04Eg064200	FAR1	TFF
SoffiXsponR570.04Eg066900	AP2-EREBP	TFF
SoffiXsponR570.04Eg067800	MYB	TFF
SoffiXsponR570.04Eg068500	GRAS	TFF
SoffiXsponR570.04Eg069500	C2H2	TFF
SoffiXsponR570.04Eg069700	zf-A20	TFF
SoffiXsponR570.04Eg070200	bHLH	TFF
SoffiXsponR570.04Eg071000	ARR-B	TFF
SoffiXsponR570.04Eg071600	PLATZ	TFF
SoffiXsponR570.04Eg073200	ABI3VP1	TFF
SoffiXsponR570.04Eg074100	bZIP	TFF
SoffiXsponR570.04Eg076100	MYB	TFF
SoffiXsponR570.04Eg076500	mTERF	OTR
SoffiXsponR570.04Eg077000	AP2-EREBP	TFF
SoffiXsponR570.04Eg078000	AP2-EREBP	TFF
SoffiXsponR570.04Eg078200	zf-BED	TFF
SoffiXsponR570.04Eg081600	Top	TFF
SoffiXsponR570.04Eg082700	HB	TFF
SoffiXsponR570.04Eg083900	WRKY	TFF
SoffiXsponR570.04Eg084100	WRKY	TFF
SoffiXsponR570.04Eg084300	Top	TFF
SoffiXsponR570.04Eg085000	GNAT	OTR
SoffiXsponR570.04Eg088200	Top	TFF
SoffiXsponR570.04Eg089900	AP2-EREBP	TFF
SoffiXsponR570.04Eg090600	SBP	TFF
SoffiXsponR570.04Eg091500	FAR1	TFF
SoffiXsponR570.04Eg093400	bZIP	TFF
SoffiXsponR570.04Eg095200	MYB-related	TFF
SoffiXsponR570.04Eg096000	PLATZ	TFF
SoffiXsponR570.04Eg096400	CCAAT	TFF
SoffiXsponR570.04Eg096500	MADS	TFF
SoffiXsponR570.04Eg097100	TRAF	OTR
SoffiXsponR570.04Eg097300	TRAF	OTR
SoffiXsponR570.04Eg097600	TRAF	OTR
SoffiXsponR570.04Eg099100	MYB-related	TFF
SoffiXsponR570.04Eg099500	MYB-related	TFF
SoffiXsponR570.04Eg101200	TRAF	OTR
SoffiXsponR570.04Eg101300	TRAF	OTR
SoffiXsponR570.04Eg101600	TRAF	OTR
SoffiXsponR570.04Eg104100	TRAF	OTR
SoffiXsponR570.04Eg104300	NAC	TFF
SoffiXsponR570.04Eg105700	ARF	TFF
SoffiXsponR570.04Eg107000	MYB	TFF
SoffiXsponR570.04Eg113300	ARF	TFF
SoffiXsponR570.04Eg117900	AP2-EREBP	TFF
SoffiXsponR570.04Eg118400	MED26	OTR
SoffiXsponR570.04Eg120700	PAS	TFF
SoffiXsponR570.04Eg126500	C2C2-GATA	TFF
SoffiXsponR570.04Eg131200	ARF	TFF
SoffiXsponR570.04Eg131700	AUX/IAA	OTR
SoffiXsponR570.04Eg133000	SBP	TFF
SoffiXsponR570.04Eg133500	SBP	TFF
SoffiXsponR570.04Eg133700	MYB-related	TFF
SoffiXsponR570.04Eg134200	C3H	TFF
SoffiXsponR570.04Eg134400	C3H	TFF
SoffiXsponR570.04Eg135100	TAZ	TFF
SoffiXsponR570.04Eg142100	SRS	TFF
SoffiXsponR570.04Eg142200	MADS	TFF
SoffiXsponR570.04Eg147100	bZIP	TFF
SoffiXsponR570.04Eg147200	bZIP	TFF
SoffiXsponR570.04Eg148500	bZIP	TFF
SoffiXsponR570.04Eg149200	bHLH	TFF
SoffiXsponR570.04Eg154500	NAC	TFF
SoffiXsponR570.04Eg156200	HMG	OTR
SoffiXsponR570.04Eg157500	MYB-related	TFF
SoffiXsponR570.04Eg161100	PHD	OTR
SoffiXsponR570.04Eg161100	zf-C5HC2	TFF
SoffiXsponR570.04Eg161200	C2H2	TFF
SoffiXsponR570.04Eg161500	PHD	OTR
SoffiXsponR570.04Fg000600	AP2-EREBP	TFF
SoffiXsponR570.04Fg001100	MADS	TFF
SoffiXsponR570.04Fg002100	mTERF	OTR
SoffiXsponR570.04Fg002700	bHLH	TFF
SoffiXsponR570.04Fg003100	TCP	TFF
SoffiXsponR570.04Fg003900	RWP-RK	TFF
SoffiXsponR570.04Fg006700	E2F-DP	TFF
SoffiXsponR570.04Fg009400	zf-fF-X1	TFF
SoffiXsponR570.04Fg011600	MYB	TFF
SoffiXsponR570.04Fg013300	C2C2-CO-like	TFF
SoffiXsponR570.04Fg014200	bZIP	TFF
SoffiXsponR570.04Fg014800	NAC	TFF
SoffiXsponR570.04Fg015200	zf-C5HC2	TFF
SoffiXsponR570.04Fg019000	C2C2-CO-like	TFF
SoffiXsponR570.04Fg019600	bZIP	TFF
SoffiXsponR570.04Fg020200	FHA	TFF
SoffiXsponR570.04Fg020300	MYB-related	TFF
SoffiXsponR570.04Fg021400	PHD	OTR
SoffiXsponR570.04Fg029300	PHD	OTR
SoffiXsponR570.04Fg030400	TRAF	OTR
SoffiXsponR570.04Fg030900	C3H	TFF
SoffiXsponR570.04Fg036400	mTERF	OTR
SoffiXsponR570.04Fg041400	AUX/IAA	OTR
SoffiXsponR570.04Fg041700	CPP	TFF
SoffiXsponR570.04Fg042500	MADS	TFF
SoffiXsponR570.04Fg042600	MADS	TFF
SoffiXsponR570.04Fg042700	WRKY	TFF
SoffiXsponR570.04Fg045300	bHLH	TFF
SoffiXsponR570.04Fg047100	NAC	TFF
SoffiXsponR570.04Fg050700	MYB-related	TFF
SoffiXsponR570.04Fg052100	MADS	TFF
SoffiXsponR570.04Fg052800	MADS	TFF
SoffiXsponR570.04Fg054000	BES1	TFF
SoffiXsponR570.04Fg054500	HSF	TFF
SoffiXsponR570.04Fg055100	AP2-EREBP	TFF
SoffiXsponR570.04Fg057100	HSF	TFF
SoffiXsponR570.04Fg058200	NAC	TFF
SoffiXsponR570.04Fg058800	HB	TFF
SoffiXsponR570.04Fg062800	bHLH	TFF
SoffiXsponR570.04Fg063200	C2C2-GATA	TFF
SoffiXsponR570.04Fg068400	MBF1	OTR
SoffiXsponR570.04Fg068600	TRAF	OTR
SoffiXsponR570.04Fg068700	Top	TFF
SoffiXsponR570.04Fg070400	AUX/IAA	OTR
SoffiXsponR570.04Fg070500	DBP	TFF
SoffiXsponR570.04Fg071000	FAR1	TFF
SoffiXsponR570.04Fg072800	bZIP	TFF
SoffiXsponR570.04Fg074900	AP2-EREBP	TFF
SoffiXsponR570.04Fg075800	MYB	TFF
SoffiXsponR570.04Fg078900	GRAS	TFF
SoffiXsponR570.04Fg080500	zf-A20	TFF
SoffiXsponR570.04Fg081000	bHLH	TFF
SoffiXsponR570.04Fg081500	bZIP	TFF
SoffiXsponR570.04Fg082900	C3H	TFF
SoffiXsponR570.04Fg083800	ARID	OTR
SoffiXsponR570.04Fg083900	bZIP	TFF
SoffiXsponR570.04Fg085400	PLATZ	TFF
SoffiXsponR570.04Fg087600	ABI3VP1	TFF
SoffiXsponR570.04Fg088500	FAR1	TFF
SoffiXsponR570.04Fg090300	MYB	TFF
SoffiXsponR570.04Fg090700	mTERF	OTR
SoffiXsponR570.04Fg091500	AP2-EREBP	TFF
SoffiXsponR570.04Fg092500	HB	TFF
SoffiXsponR570.04Fg093800	WRKY	TFF
SoffiXsponR570.04Fg094000	WRKY	TFF
SoffiXsponR570.04Fg094200	Top	TFF
SoffiXsponR570.04Fg094800	NAC	TFF
SoffiXsponR570.04Fg095000	GNAT	OTR
SoffiXsponR570.04Fg098800	Top	TFF
SoffiXsponR570.04Fg101200	MYB-related	TFF
SoffiXsponR570.04Fg103200	TRAF	OTR
SoffiXsponR570.04Fg103400	TRAF	OTR
SoffiXsponR570.04Fg105200	TRAF	OTR
SoffiXsponR570.04Fg105400	NAC	TFF
SoffiXsponR570.04Fg107400	MYB	TFF
SoffiXsponR570.04Fg114300	ARF	TFF
SoffiXsponR570.04Fg118800	AP2-EREBP	TFF
SoffiXsponR570.04Fg119400	MED26	OTR
SoffiXsponR570.04Fg122100	PAS	TFF
SoffiXsponR570.04Fg123100	MED26	OTR
SoffiXsponR570.04Fg128200	C2C2-GATA	TFF
SoffiXsponR570.04Fg133300	ARF	TFF
SoffiXsponR570.04Fg134400	SBP	TFF
SoffiXsponR570.04Fg134600	MYB-related	TFF
SoffiXsponR570.04Fg134900	C3H	TFF
SoffiXsponR570.04Fg135500	TAZ	TFF
SoffiXsponR570.04Fg136900	C2H2	TFF
SoffiXsponR570.04Fg142600	SRS	TFF
SoffiXsponR570.04Fg142700	MADS	TFF
SoffiXsponR570.04Fg146800	bZIP	TFF
SoffiXsponR570.04Fg147000	bZIP	TFF
SoffiXsponR570.04Fg148500	bZIP	TFF
SoffiXsponR570.04Fg149400	bHLH	TFF
SoffiXsponR570.04Fg153900	NAC	TFF
SoffiXsponR570.04Fg155700	HMG	OTR
SoffiXsponR570.04Fg156400	MYB-related	TFF
SoffiXsponR570.04Fg160400	zf-C5HC2	TFF
SoffiXsponR570.04Fg160700	PHD	OTR
SoffiXsponR570.04Gg000200	NAC	TFF
SoffiXsponR570.04Gg000500	TRAF	OTR
SoffiXsponR570.04Gg002800	NAC	TFF
SoffiXsponR570.04Gg003700	GRAS	TFF
SoffiXsponR570.04Gg004400	MYB-related	TFF
SoffiXsponR570.04Gg006100	ABI3VP1	TFF
SoffiXsponR570.04Gg008100	MYB	TFF
SoffiXsponR570.04Gg008400	ABI3VP1	TFF
SoffiXsponR570.04Gg014300	GRF	TFF
SoffiXsponR570.04Gg018300	AP2-EREBP	TFF
SoffiXsponR570.04Gg018400	SET	OTR
SoffiXsponR570.04Gg019200	GRAS	TFF
SoffiXsponR570.04Gg020200	MYB-related	TFF
SoffiXsponR570.04Gg021100	TRAF	OTR
SoffiXsponR570.04Gg023500	BBR/BPC	TFF
SoffiXsponR570.04Gg024800	NAC	TFF
SoffiXsponR570.04Gg038200	Top	TFF
SoffiXsponR570.04Gg039000	TRAF	OTR
SoffiXsponR570.04Gg039600	PBF-2-like	TFF
SoffiXsponR570.04Gg039700	WRKY	TFF
SoffiXsponR570.04Gg046100	mTERF	OTR
SoffiXsponR570.04Gg047500	mTERF	OTR
SoffiXsponR570.04Gg051900	WRKY	TFF
SoffiXsponR570.04Gg052200	TRAF	OTR
SoffiXsponR570.04Gg053500	AP2-EREBP	TFF
SoffiXsponR570.04Gg055800	MADS	TFF
SoffiXsponR570.04Gg056800	zf-MIZ	OTR
SoffiXsponR570.04Gg057200	bHLH	TFF
SoffiXsponR570.04Gg057800	SET	OTR
SoffiXsponR570.04Gg057900	C2H2	TFF
SoffiXsponR570.04Gg058000	AP2-EREBP	TFF
SoffiXsponR570.04Gg058100	AUX/IAA	OTR
SoffiXsponR570.04Gg061000	BBR/BPC	TFF
SoffiXsponR570.04Gg063100	ARF	TFF
SoffiXsponR570.04Gg063300	AP2-EREBP	TFF
SoffiXsponR570.04Gg067700	GRF	TFF
SoffiXsponR570.04Gg067900	MYB	TFF
SoffiXsponR570.04Gg070500	GeBP	TFF
SoffiXsponR570.04Gg071000	AP2-EREBP	TFF
SoffiXsponR570.04Gg072200	bZIP	TFF
SoffiXsponR570.04Gg074300	bZIP	TFF
SoffiXsponR570.04Gg075000	MYB-related	TFF
SoffiXsponR570.04Gg076800	MED6	OTR
SoffiXsponR570.04Gg076900	MADS	TFF
SoffiXsponR570.04Gg080400	AP2-EREBP	TFF
SoffiXsponR570.04Gg080800	MADS	TFF
SoffiXsponR570.04Gg081400	NAC	TFF
SoffiXsponR570.04Gg081900	mTERF	OTR
SoffiXsponR570.04Gg082500	bHLH	TFF
SoffiXsponR570.04Gg082900	TCP	TFF
SoffiXsponR570.04Gg083800	RWP-RK	TFF
SoffiXsponR570.04Gg086300	G2-like	TFF
SoffiXsponR570.04Gg087500	LIM	TFF
SoffiXsponR570.04Gg090500	E2F-DP	TFF
SoffiXsponR570.04Gg092700	TRAF	OTR
SoffiXsponR570.04Gg093400	zf-fF-X1	TFF
SoffiXsponR570.04Gg095600	MYB	TFF
SoffiXsponR570.04Gg096800	C2C2-CO-like	TFF
SoffiXsponR570.04Gg097700	bZIP	TFF
SoffiXsponR570.04Gg098700	NAC	TFF
SoffiXsponR570.04Gg099000	zf-C5HC2	TFF
SoffiXsponR570.04Gg102600	C2C2-CO-like	TFF
SoffiXsponR570.04Gg102900	bZIP	TFF
SoffiXsponR570.04Gg103300	FHA	TFF
SoffiXsponR570.04Gg103400	MYB-related	TFF
SoffiXsponR570.04Gg104400	MYB-related	TFF
SoffiXsponR570.04Gg105200	PLATZ	TFF
SoffiXsponR570.04Gg105800	CCAAT	TFF
SoffiXsponR570.04Gg105900	MADS	TFF
SoffiXsponR570.04Gg106100	CCAAT	TFF
SoffiXsponR570.04Gg106200	MADS	TFF
SoffiXsponR570.04Gg107000	TRAF	OTR
SoffiXsponR570.04Gg107100	TRAF	OTR
SoffiXsponR570.04Gg107700	TRAF	OTR
SoffiXsponR570.04Gg109300	MYB-related	TFF
SoffiXsponR570.04Gg109800	MYB-related	TFF
SoffiXsponR570.04Gg111100	TRAF	OTR
SoffiXsponR570.04Gg114100	TRAF	OTR
SoffiXsponR570.04Gg114300	NAC	TFF
SoffiXsponR570.04Gg115700	ARF	TFF
SoffiXsponR570.04Gg117600	MYB	TFF
SoffiXsponR570.04Gg119600	PLATZ	TFF
SoffiXsponR570.05Ag001600	TRAF	OTR
SoffiXsponR570.05Ag001800	C2H2	TFF
SoffiXsponR570.05Ag009100	zf-C5HC2	TFF
SoffiXsponR570.05Ag010000	WRKY	TFF
SoffiXsponR570.05Ag012000	MADS	TFF
SoffiXsponR570.05Ag013600	GNAT	OTR
SoffiXsponR570.05Ag030400	bZIP	TFF
SoffiXsponR570.05Ag031700	AP2-EREBP	TFF
SoffiXsponR570.05Ag033500	HB	TFF
SoffiXsponR570.05Ag036600	MADS	TFF
SoffiXsponR570.05Ag037500	mTERF	OTR
SoffiXsponR570.05Ag038100	NAC	TFF
SoffiXsponR570.05Ag038500	MYB	TFF
SoffiXsponR570.05Ag039400	FAR1	TFF
SoffiXsponR570.05Ag040100	bHLH	TFF
SoffiXsponR570.05Ag043000	Rcd1-like	OTR
SoffiXsponR570.05Ag045100	TCP	TFF
SoffiXsponR570.05Ag046800	Tify	TFF
SoffiXsponR570.05Ag046900	Tify	TFF
SoffiXsponR570.05Ag049600	CCAAT	TFF
SoffiXsponR570.05Ag050300	C2C2-YABBY	TFF
SoffiXsponR570.05Ag053400	Tify	TFF
SoffiXsponR570.05Ag056300	TRAF	OTR
SoffiXsponR570.05Ag057000	zf-A20	TFF
SoffiXsponR570.05Ag057100	zf-A20	TFF
SoffiXsponR570.05Ag059400	PHD	OTR
SoffiXsponR570.05Ag060900	CPP	TFF
SoffiXsponR570.05Ag062700	HSF	TFF
SoffiXsponR570.05Ag063800	FAR1	TFF
SoffiXsponR570.05Ag064300	zf-BED	TFF
SoffiXsponR570.05Ag065300	bHLH	TFF
SoffiXsponR570.05Ag065500	bZIP	TFF
SoffiXsponR570.05Ag067500	SAP	TFF
SoffiXsponR570.05Ag070300	PHD	OTR
SoffiXsponR570.05Ag073600	FHA	TFF
SoffiXsponR570.05Ag075600	DDT	OTR
SoffiXsponR570.05Ag076400	AP2-EREBP	TFF
SoffiXsponR570.05Ag079100	AP2-EREBP	TFF
SoffiXsponR570.05Ag083800	bZIP	TFF
SoffiXsponR570.05Ag084300	FHA	TFF
SoffiXsponR570.05Ag084400	bHLH	TFF
SoffiXsponR570.05Ag087100	SET	OTR
SoffiXsponR570.05Ag088100	NAC	TFF
SoffiXsponR570.05Ag088500	MADS	TFF
SoffiXsponR570.05Ag088600	MADS	TFF
SoffiXsponR570.05Ag088900	AP2-EREBP	TFF
SoffiXsponR570.05Ag091400	Alfin-like	TFF
SoffiXsponR570.05Ag091700	AP2-EREBP	TFF
SoffiXsponR570.05Ag101300	TRAF	OTR
SoffiXsponR570.05Ag114200	BBR/BPC	TFF
SoffiXsponR570.05Ag114300	BBR/BPC	TFF
SoffiXsponR570.05Ag115000	AP2-EREBP	TFF
SoffiXsponR570.05Ag116900	C2H2	TFF
SoffiXsponR570.05Ag119000	TRAF	OTR
SoffiXsponR570.05Ag119300	SET	OTR
SoffiXsponR570.05Ag120400	MYB-related	TFF
SoffiXsponR570.05Ag126200	WRKY	TFF
SoffiXsponR570.05Ag131800	CCAAT	TFF
SoffiXsponR570.05Ag132700	BES1	TFF
SoffiXsponR570.05Ag135700	AP2-EREBP	TFF
SoffiXsponR570.05Ag135800	AP2-EREBP	TFF
SoffiXsponR570.05Ag136100	MYB	TFF
SoffiXsponR570.05Ag137800	MYB	TFF
SoffiXsponR570.05Ag138200	ABI3VP1	TFF
SoffiXsponR570.05Ag141000	SET	OTR
SoffiXsponR570.05Ag145900	bZIP	TFF
SoffiXsponR570.05Ag146500	C2H2	TFF
SoffiXsponR570.05Ag152800	MYB-related	TFF
SoffiXsponR570.05Ag152900	MYB-related	TFF
SoffiXsponR570.05Ag153600	bZIP	TFF
SoffiXsponR570.05Ag155000	C2H2	TFF
SoffiXsponR570.05Ag155100	SET	OTR
SoffiXsponR570.05Ag156200	AP2-EREBP	TFF
SoffiXsponR570.05Ag163400	Jumonji	OTR
SoffiXsponR570.05Ag166100	MYB	TFF
SoffiXsponR570.05Ag166200	MYB	TFF
SoffiXsponR570.05Ag166300	Tify	TFF
SoffiXsponR570.05Ag168100	C2H2	TFF
SoffiXsponR570.05Ag168700	TCP	TFF
SoffiXsponR570.05Ag168800	bHLH	TFF
SoffiXsponR570.05Ag169300	SET	OTR
SoffiXsponR570.05Ag170200	NAC	TFF
SoffiXsponR570.05Ag170800	MYB	TFF
SoffiXsponR570.05Ag171100	zf-HD	TFF
SoffiXsponR570.05Ag171200	zf-HD	TFF
SoffiXsponR570.05Ag172400	bHLH	TFF
SoffiXsponR570.05Ag172500	bHLH	TFF
SoffiXsponR570.05Ag172600	WRKY	TFF
SoffiXsponR570.05Ag172700	WRKY	TFF
SoffiXsponR570.05Ag176100	AP2-EREBP	TFF
SoffiXsponR570.05Ag179200	MYB	TFF
SoffiXsponR570.05Ag179800	CCAAT	TFF
SoffiXsponR570.05Ag181000	ARID	OTR
SoffiXsponR570.05Ag181200	AP2-EREBP	TFF
SoffiXsponR570.05Ag183000	Tify	TFF
SoffiXsponR570.05Ag188800	PHD	OTR
SoffiXsponR570.05Ag189100	C2H2	TFF
SoffiXsponR570.05Ag189900	GeBP	TFF
SoffiXsponR570.05Ag191800	mTERF	OTR
SoffiXsponR570.05Ag192000	NAC	TFF
SoffiXsponR570.05Ag192100	HSF	TFF
SoffiXsponR570.05Ag192200	bHLH	TFF
SoffiXsponR570.05Ag193100	bZIP	TFF
SoffiXsponR570.05Ag193300	HSF	TFF
SoffiXsponR570.05Ag193700	AP2-EREBP	TFF
SoffiXsponR570.05Ag193800	AP2-EREBP	TFF
SoffiXsponR570.05Ag197700	bHLH	TFF
SoffiXsponR570.05Ag198700	zf-HD	TFF
SoffiXsponR570.05Ag200100	bHLH	TFF
SoffiXsponR570.05Ag202500	bZIP	TFF
SoffiXsponR570.05Ag203400	bHLH	TFF
SoffiXsponR570.05Ag203700	C2C2-Dof	TFF
SoffiXsponR570.05Ag208400	CCAAT	TFF
SoffiXsponR570.05Ag209200	WRKY	TFF
SoffiXsponR570.05Ag211900	C2H2	TFF
SoffiXsponR570.05Ag212300	zf-A20	TFF
SoffiXsponR570.05Ag213000	bHLH	TFF
SoffiXsponR570.05Ag213700	bZIP	TFF
SoffiXsponR570.05Ag213800	EIL	TFF
SoffiXsponR570.05Ag214300	SBP	TFF
SoffiXsponR570.05Ag214800	MYB-related	TFF
SoffiXsponR570.05Ag215500	C3H	TFF
SoffiXsponR570.05Ag217700	NAC	TFF
SoffiXsponR570.05Ag219800	bHLH	TFF
SoffiXsponR570.05Ag222900	bHLH	TFF
SoffiXsponR570.05Ag223000	SBP	TFF
SoffiXsponR570.05Ag223100	MADS	TFF
SoffiXsponR570.05Ag224600	NAC	TFF
SoffiXsponR570.05Ag225300	bHLH	TFF
SoffiXsponR570.05Ag225500	AP2-EREBP	TFF
SoffiXsponR570.05Ag230300	bZIP	TFF
SoffiXsponR570.05Ag233000	bHLH	TFF
SoffiXsponR570.05Ag233100	bHLH	TFF
SoffiXsponR570.05Ag233600	bZIP	TFF
SoffiXsponR570.05Ag234700	TCP	TFF
SoffiXsponR570.05Ag235200	AP2-EREBP	TFF
SoffiXsponR570.05Ag235300	AP2-EREBP	TFF
SoffiXsponR570.05Ag235400	AP2-EREBP	TFF
SoffiXsponR570.05Ag235500	AP2-EREBP	TFF
SoffiXsponR570.05Ag235600	AP2-EREBP	TFF
SoffiXsponR570.05Ag235700	AP2-EREBP	TFF
SoffiXsponR570.05Ag235900	AP2-EREBP	TFF
SoffiXsponR570.05Ag237400	HSF	TFF
SoffiXsponR570.05Ag237800	zf-A20	TFF
SoffiXsponR570.05Ag239800	AUX/IAA	OTR
SoffiXsponR570.05Ag240900	SRS	TFF
SoffiXsponR570.05Ag241400	SRS	TFF
SoffiXsponR570.05Ag241500	Pseudo_ARR-B	OTR
SoffiXsponR570.05Ag241900	MYB	TFF
SoffiXsponR570.05Ag244700	MYB	TFF
SoffiXsponR570.05Ag246300	bZIP	TFF
SoffiXsponR570.05Ag253700	RWP-RK	TFF
SoffiXsponR570.05Ag255300	HMG	OTR
SoffiXsponR570.05Ag255900	NAC	TFF
SoffiXsponR570.05Ag256000	NAC	TFF
SoffiXsponR570.05Ag257600	C2H2	TFF
SoffiXsponR570.05Ag258100	SET	OTR
SoffiXsponR570.05Ag259900	NAC	TFF
SoffiXsponR570.05Ag260600	mTERF	OTR
SoffiXsponR570.05Ag263300	GRF	TFF
SoffiXsponR570.05Ag264400	SET	OTR
SoffiXsponR570.05Ag267500	GRAS	TFF
SoffiXsponR570.05Ag270500	mTERF	OTR
SoffiXsponR570.05Ag271400	CAMTA	TFF
SoffiXsponR570.05Ag273500	MYB	TFF
SoffiXsponR570.05Ag273700	PHD	OTR
SoffiXsponR570.05Ag274500	FAR1	TFF
SoffiXsponR570.05Ag277800	SBP	TFF
SoffiXsponR570.05Ag277900	SBP	TFF
SoffiXsponR570.05Ag279300	C2C2-Dof	TFF
SoffiXsponR570.05Ag282000	GRAS	TFF
SoffiXsponR570.05Ag282100	GRAS	TFF
SoffiXsponR570.05Ag285600	MYB-related	TFF
SoffiXsponR570.05Ag288300	FHA	TFF
SoffiXsponR570.05Ag293100	bHLH	TFF
SoffiXsponR570.05Ag293700	CCAAT	TFF
SoffiXsponR570.05Ag293900	CCAAT	TFF
SoffiXsponR570.05Ag294300	GRAS	TFF
SoffiXsponR570.05Ag296800	bHLH	TFF
SoffiXsponR570.05Ag301300	bHLH	TFF
SoffiXsponR570.05Ag302900	MYB	TFF
SoffiXsponR570.05Ag305000	ABI3VP1	TFF
SoffiXsponR570.05Ag305300	FAR1	TFF
SoffiXsponR570.05Ag307100	NAC	TFF
SoffiXsponR570.05Ag307400	NAC	TFF
SoffiXsponR570.05Ag308000	GRAS	TFF
SoffiXsponR570.05Ag308800	C3H	TFF
SoffiXsponR570.05Ag311300	C2C2-YABBY	TFF
SoffiXsponR570.05Ag313900	AP2-EREBP	TFF
SoffiXsponR570.05Ag316100	MADS	TFF
SoffiXsponR570.05Ag316800	BES1	TFF
SoffiXsponR570.05Ag317600	C2H2	TFF
SoffiXsponR570.05Ag318800	mTERF	OTR
SoffiXsponR570.05Ag319100	C3H	TFF
SoffiXsponR570.05Ag319200	GRAS	TFF
SoffiXsponR570.05Ag319300	WRKY	TFF
SoffiXsponR570.05Ag320600	GNAT	OTR
SoffiXsponR570.05Ag321900	HRT	TFF
SoffiXsponR570.05Ag322300	GRAS	TFF
SoffiXsponR570.05Ag323300	bHLH	TFF
SoffiXsponR570.05Ag323400	C2H2	TFF
SoffiXsponR570.05Ag323900	GRAS	TFF
SoffiXsponR570.05Ag324200	C2H2	TFF
SoffiXsponR570.05Ag324300	C2H2	TFF
SoffiXsponR570.05Ag327500	NAC	TFF
SoffiXsponR570.05Ag328700	C2H2	TFF
SoffiXsponR570.05Ag333400	MADS	TFF
SoffiXsponR570.05Ag333800	CCAAT	TFF
SoffiXsponR570.05Ag334700	CCAAT	TFF
SoffiXsponR570.05Ag334900	Alfin-like	TFF
SoffiXsponR570.05Ag336000	GRAS	TFF
SoffiXsponR570.05Ag337900	Tify	TFF
SoffiXsponR570.05Ag338100	FAR1	TFF
SoffiXsponR570.05Ag339000	AP2-EREBP	TFF
SoffiXsponR570.05Ag339900	SAP	TFF
SoffiXsponR570.05Ag344000	CAMTA	TFF
SoffiXsponR570.05Ag344000	TIG	TFF
SoffiXsponR570.05Ag347000	Tudor-knot	OTR
SoffiXsponR570.05Ag348000	MYB	TFF
SoffiXsponR570.05Ag348400	bHLH	TFF
SoffiXsponR570.05Ag348600	MYB	TFF
SoffiXsponR570.05Ag351500	SART-1	OTR
SoffiXsponR570.05Ag351700	MYB	TFF
SoffiXsponR570.05Ag352600	GeBP	TFF
SoffiXsponR570.05Ag355700	HSF	TFF
SoffiXsponR570.05Ag357500	MED26	OTR
SoffiXsponR570.05Ag357900	SWI/SNF-BAF60b	OTR
SoffiXsponR570.05Ag358900	bZIP	TFF
SoffiXsponR570.05Ag361100	BSD	TFF
SoffiXsponR570.05Ag362200	TRAF	OTR
SoffiXsponR570.05Ag365400	CCAAT	TFF
SoffiXsponR570.05Ag367800	DDT	OTR
SoffiXsponR570.05Ag367800	PHD	OTR
SoffiXsponR570.05Ag369700	TUB	TFF
SoffiXsponR570.05Ag371700	AP2-EREBP	TFF
SoffiXsponR570.05Ag375000	AP2-EREBP	TFF
SoffiXsponR570.05Ag377000	OFP	TFF
SoffiXsponR570.05Ag377500	bZIP	TFF
SoffiXsponR570.05Ag377600	ABI3VP1	TFF
SoffiXsponR570.05Ag377900	WRKY	TFF
SoffiXsponR570.05Ag378500	NAC	TFF
SoffiXsponR570.05Ag379100	NAC	TFF
SoffiXsponR570.05Ag379300	C3H	TFF
SoffiXsponR570.05Ag380900	C2C2-Dof	TFF
SoffiXsponR570.05Ag381000	MYB-related	TFF
SoffiXsponR570.05Ag381300	EIL	TFF
SoffiXsponR570.05Ag381600	EIL	TFF
SoffiXsponR570.05Ag381700	EIL	TFF
SoffiXsponR570.05Ag383000	MYB	TFF
SoffiXsponR570.05Ag383500	bZIP	TFF
SoffiXsponR570.05Ag385000	bZIP	TFF
SoffiXsponR570.05Bg001700	TRAF	OTR
SoffiXsponR570.05Bg001800	C2H2	TFF
SoffiXsponR570.05Bg009500	zf-C5HC2	TFF
SoffiXsponR570.05Bg010500	WRKY	TFF
SoffiXsponR570.05Bg012000	MADS	TFF
SoffiXsponR570.05Bg013200	GNAT	OTR
SoffiXsponR570.05Bg021500	FAR1	TFF
SoffiXsponR570.05Bg024900	AP2-EREBP	TFF
SoffiXsponR570.05Bg026100	HB	TFF
SoffiXsponR570.05Bg028200	MADS	TFF
SoffiXsponR570.05Bg028700	mTERF	OTR
SoffiXsponR570.05Bg029700	mTERF	OTR
SoffiXsponR570.05Bg030600	NAC	TFF
SoffiXsponR570.05Bg031100	MYB	TFF
SoffiXsponR570.05Bg032200	bHLH	TFF
SoffiXsponR570.05Bg034000	Rcd1-like	OTR
SoffiXsponR570.05Bg036200	TCP	TFF
SoffiXsponR570.05Bg038100	Tify	TFF
SoffiXsponR570.05Bg038200	Tify	TFF
SoffiXsponR570.05Bg040500	CCAAT	TFF
SoffiXsponR570.05Bg041200	C2C2-YABBY	TFF
SoffiXsponR570.05Bg044000	FAR1	TFF
SoffiXsponR570.05Bg046900	TRAF	OTR
SoffiXsponR570.05Bg047500	zf-A20	TFF
SoffiXsponR570.05Bg049500	PHD	OTR
SoffiXsponR570.05Bg051300	CPP	TFF
SoffiXsponR570.05Bg052800	HSF	TFF
SoffiXsponR570.05Bg055500	bHLH	TFF
SoffiXsponR570.05Bg055700	bZIP	TFF
SoffiXsponR570.05Bg056800	AUX/IAA	OTR
SoffiXsponR570.05Bg057900	SAP	TFF
SoffiXsponR570.05Bg060400	PHD	OTR
SoffiXsponR570.05Bg063200	FHA	TFF
SoffiXsponR570.05Bg065500	DDT	OTR
SoffiXsponR570.05Bg065800	bHLH	TFF
SoffiXsponR570.05Bg069000	AP2-EREBP	TFF
SoffiXsponR570.05Bg072100	bZIP	TFF
SoffiXsponR570.05Bg075300	NAC	TFF
SoffiXsponR570.05Bg075500	MADS	TFF
SoffiXsponR570.05Bg075800	AP2-EREBP	TFF
SoffiXsponR570.05Bg078500	Alfin-like	TFF
SoffiXsponR570.05Bg078500	PHD	OTR
SoffiXsponR570.05Bg078700	AP2-EREBP	TFF
SoffiXsponR570.05Bg089500	TRAF	OTR
SoffiXsponR570.05Bg092800	GNAT	OTR
SoffiXsponR570.05Bg102400	BBR/BPC	TFF
SoffiXsponR570.05Bg102700	BBR/BPC	TFF
SoffiXsponR570.05Bg103400	AP2-EREBP	TFF
SoffiXsponR570.05Bg104600	C2H2	TFF
SoffiXsponR570.05Bg106800	TRAF	OTR
SoffiXsponR570.05Bg107100	SET	OTR
SoffiXsponR570.05Bg108300	MYB-related	TFF
SoffiXsponR570.05Bg113100	WRKY	TFF
SoffiXsponR570.05Bg117900	CCAAT	TFF
SoffiXsponR570.05Bg118900	BES1	TFF
SoffiXsponR570.05Bg121800	AP2-EREBP	TFF
SoffiXsponR570.05Bg121900	AP2-EREBP	TFF
SoffiXsponR570.05Bg122200	MYB	TFF
SoffiXsponR570.05Bg123800	MYB	TFF
SoffiXsponR570.05Bg124200	ABI3VP1	TFF
SoffiXsponR570.05Bg129500	MYB-related	TFF
SoffiXsponR570.05Bg129600	MYB-related	TFF
SoffiXsponR570.05Bg130200	bZIP	TFF
SoffiXsponR570.05Bg131500	C2H2	TFF
SoffiXsponR570.05Bg131600	SET	OTR
SoffiXsponR570.05Bg132600	AP2-EREBP	TFF
SoffiXsponR570.05Bg139700	WRKY	TFF
SoffiXsponR570.05Bg139800	WRKY	TFF
SoffiXsponR570.05Bg140100	WRKY	TFF
SoffiXsponR570.05Bg140200	WRKY	TFF
SoffiXsponR570.05Bg140300	WRKY	TFF
SoffiXsponR570.05Bg144000	GNAT	OTR
SoffiXsponR570.05Bg145500	OFP	TFF
SoffiXsponR570.05Bg146000	mTERF	OTR
SoffiXsponR570.05Bg146900	SET	OTR
SoffiXsponR570.05Bg149400	AP2-EREBP	TFF
SoffiXsponR570.05Bg151900	zf-BED	TFF
SoffiXsponR570.05Bg153400	PHD	OTR
SoffiXsponR570.05Bg153900	Jumonji	OTR
SoffiXsponR570.05Bg156500	MYB	TFF
SoffiXsponR570.05Bg156600	MYB	TFF
SoffiXsponR570.05Bg156700	Tify	TFF
SoffiXsponR570.05Bg158300	C2H2	TFF
SoffiXsponR570.05Bg159000	TCP	TFF
SoffiXsponR570.05Bg159100	bHLH	TFF
SoffiXsponR570.05Bg159600	SET	OTR
SoffiXsponR570.05Bg160700	NAC	TFF
SoffiXsponR570.05Bg161500	MYB	TFF
SoffiXsponR570.05Bg161600	zf-HD	TFF
SoffiXsponR570.05Bg161700	zf-HD	TFF
SoffiXsponR570.05Bg162800	bHLH	TFF
SoffiXsponR570.05Bg162900	bHLH	TFF
SoffiXsponR570.05Bg163000	WRKY	TFF
SoffiXsponR570.05Bg163100	WRKY	TFF
SoffiXsponR570.05Bg166000	AP2-EREBP	TFF
SoffiXsponR570.05Bg168800	MYB	TFF
SoffiXsponR570.05Bg169500	CCAAT	TFF
SoffiXsponR570.05Bg172000	Tify	TFF
SoffiXsponR570.05Bg177300	bZIP	TFF
SoffiXsponR570.05Bg177800	bHLH	TFF
SoffiXsponR570.05Bg177900	HSF	TFF
SoffiXsponR570.05Bg178000	NAC	TFF
SoffiXsponR570.05Bg178200	mTERF	OTR
SoffiXsponR570.05Bg180300	GeBP	TFF
SoffiXsponR570.05Bg181200	C2H2	TFF
SoffiXsponR570.05Bg181500	PHD	OTR
SoffiXsponR570.05Bg182100	HSF	TFF
SoffiXsponR570.05Bg182400	AP2-EREBP	TFF
SoffiXsponR570.05Bg186500	bHLH	TFF
SoffiXsponR570.05Bg187600	zf-HD	TFF
SoffiXsponR570.05Bg189200	bHLH	TFF
SoffiXsponR570.05Bg191800	bZIP	TFF
SoffiXsponR570.05Bg192000	bHLH	TFF
SoffiXsponR570.05Bg192400	CCAAT	TFF
SoffiXsponR570.05Bg193200	WRKY	TFF
SoffiXsponR570.05Bg196000	C2H2	TFF
SoffiXsponR570.05Bg196300	zf-A20	TFF
SoffiXsponR570.05Bg196900	bHLH	TFF
SoffiXsponR570.05Bg197200	GNAT	OTR
SoffiXsponR570.05Bg197800	bZIP	TFF
SoffiXsponR570.05Bg197900	EIL	TFF
SoffiXsponR570.05Bg198900	SBP	TFF
SoffiXsponR570.05Bg199900	MYB-related	TFF
SoffiXsponR570.05Bg200500	C3H	TFF
SoffiXsponR570.05Bg203500	NAC	TFF
SoffiXsponR570.05Bg204800	NAC	TFF
SoffiXsponR570.05Bg206900	bHLH	TFF
SoffiXsponR570.05Bg210400	SBP	TFF
SoffiXsponR570.05Bg210500	MADS	TFF
SoffiXsponR570.05Bg212200	NAC	TFF
SoffiXsponR570.05Bg213000	bHLH	TFF
SoffiXsponR570.05Bg213200	AP2-EREBP	TFF
SoffiXsponR570.05Bg218500	bZIP	TFF
SoffiXsponR570.05Bg221200	bHLH	TFF
SoffiXsponR570.05Bg221300	bHLH	TFF
SoffiXsponR570.05Bg221700	bZIP	TFF
SoffiXsponR570.05Bg223000	TCP	TFF
SoffiXsponR570.05Bg223400	AP2-EREBP	TFF
SoffiXsponR570.05Bg223500	AP2-EREBP	TFF
SoffiXsponR570.05Bg223600	AP2-EREBP	TFF
SoffiXsponR570.05Bg223700	AP2-EREBP	TFF
SoffiXsponR570.05Bg223800	AP2-EREBP	TFF
SoffiXsponR570.05Bg225400	HSF	TFF
SoffiXsponR570.05Bg225800	zf-A20	TFF
SoffiXsponR570.05Bg227600	AUX/IAA	OTR
SoffiXsponR570.05Bg228400	SRS	TFF
SoffiXsponR570.05Bg228900	SRS	TFF
SoffiXsponR570.05Bg229000	Pseudo_ARR-B	OTR
SoffiXsponR570.05Bg229400	MYB	TFF
SoffiXsponR570.05Bg232200	MYB	TFF
SoffiXsponR570.05Bg233700	bZIP	TFF
SoffiXsponR570.05Bg242200	RWP-RK	TFF
SoffiXsponR570.05Bg243700	HMG	OTR
SoffiXsponR570.05Bg244400	NAC	TFF
SoffiXsponR570.05Bg244500	NAC	TFF
SoffiXsponR570.05Bg245500	MYB-related	TFF
SoffiXsponR570.05Bg246400	C2H2	TFF
SoffiXsponR570.05Bg247000	SET	OTR
SoffiXsponR570.05Bg249800	NAC	TFF
SoffiXsponR570.05Bg250500	mTERF	OTR
SoffiXsponR570.05Bg252800	GRF	TFF
SoffiXsponR570.05Bg253700	SET	OTR
SoffiXsponR570.05Bg256400	GRAS	TFF
SoffiXsponR570.05Bg260200	mTERF	OTR
SoffiXsponR570.05Bg260900	CAMTA	TFF
SoffiXsponR570.05Bg263000	MYB	TFF
SoffiXsponR570.05Bg263200	PHD	OTR
SoffiXsponR570.05Bg263900	FAR1	TFF
SoffiXsponR570.05Bg267600	SBP	TFF
SoffiXsponR570.05Bg267700	SBP	TFF
SoffiXsponR570.05Bg269100	C2C2-Dof	TFF
SoffiXsponR570.05Bg272000	GRAS	TFF
SoffiXsponR570.05Bg275700	MYB-related	TFF
SoffiXsponR570.05Bg278800	FHA	TFF
SoffiXsponR570.05Bg283800	bHLH	TFF
SoffiXsponR570.05Bg284500	CCAAT	TFF
SoffiXsponR570.05Bg284600	CCAAT	TFF
SoffiXsponR570.05Bg284900	GRAS	TFF
SoffiXsponR570.05Bg287100	bHLH	TFF
SoffiXsponR570.05Bg291100	zf-BED	TFF
SoffiXsponR570.05Bg291400	bHLH	TFF
SoffiXsponR570.05Bg293000	MYB	TFF
SoffiXsponR570.05Bg295400	ABI3VP1	TFF
SoffiXsponR570.05Bg295700	FAR1	TFF
SoffiXsponR570.05Bg298100	NAC	TFF
SoffiXsponR570.05Bg298300	NAC	TFF
SoffiXsponR570.05Bg299000	GRAS	TFF
SoffiXsponR570.05Bg299900	C3H	TFF
SoffiXsponR570.05Bg300700	TRAF	OTR
SoffiXsponR570.05Bg302300	C2C2-YABBY	TFF
SoffiXsponR570.05Bg305500	AP2-EREBP	TFF
SoffiXsponR570.05Bg307700	MADS	TFF
SoffiXsponR570.05Bg308800	BES1	TFF
SoffiXsponR570.05Bg309500	C2H2	TFF
SoffiXsponR570.05Bg310700	mTERF	OTR
SoffiXsponR570.05Bg311000	C3H	TFF
SoffiXsponR570.05Bg311100	GRAS	TFF
SoffiXsponR570.05Bg311200	WRKY	TFF
SoffiXsponR570.05Bg312500	GNAT	OTR
SoffiXsponR570.05Bg313700	HRT	TFF
SoffiXsponR570.05Bg314100	GRAS	TFF
SoffiXsponR570.05Bg315400	C2H2	TFF
SoffiXsponR570.05Bg315800	GRAS	TFF
SoffiXsponR570.05Bg316100	C2H2	TFF
SoffiXsponR570.05Bg316500	C2H2	TFF
SoffiXsponR570.05Bg320800	C2H2	TFF
SoffiXsponR570.05Bg326300	MADS	TFF
SoffiXsponR570.05Bg327200	CCAAT	TFF
SoffiXsponR570.05Bg328300	CCAAT	TFF
SoffiXsponR570.05Bg328500	Alfin-like	TFF
SoffiXsponR570.05Bg329500	GRAS	TFF
SoffiXsponR570.05Bg331800	Tify	TFF
SoffiXsponR570.05Bg332000	FAR1	TFF
SoffiXsponR570.05Bg332800	AP2-EREBP	TFF
SoffiXsponR570.05Bg334300	SAP	TFF
SoffiXsponR570.05Bg339000	CAMTA	TFF
SoffiXsponR570.05Bg341800	Tudor-knot	OTR
SoffiXsponR570.05Bg342800	MYB	TFF
SoffiXsponR570.05Bg343300	bHLH	TFF
SoffiXsponR570.05Bg343500	MYB	TFF
SoffiXsponR570.05Bg346600	SART-1	OTR
SoffiXsponR570.05Bg346800	MYB	TFF
SoffiXsponR570.05Bg347600	GeBP	TFF
SoffiXsponR570.05Bg350700	HSF	TFF
SoffiXsponR570.05Bg352300	MED26	OTR
SoffiXsponR570.05Bg353200	SWI/SNF-BAF60b	OTR
SoffiXsponR570.05Bg354200	bZIP	TFF
SoffiXsponR570.05Bg356700	BSD	TFF
SoffiXsponR570.05Bg358100	TRAF	OTR
SoffiXsponR570.05Bg362000	CCAAT	TFF
SoffiXsponR570.05Bg364300	DDT	OTR
SoffiXsponR570.05Bg364300	PHD	OTR
SoffiXsponR570.05Bg366700	TUB	TFF
SoffiXsponR570.05Bg368600	AP2-EREBP	TFF
SoffiXsponR570.05Bg371800	AP2-EREBP	TFF
SoffiXsponR570.05Bg375400	bZIP	TFF
SoffiXsponR570.05Bg375500	ABI3VP1	TFF
SoffiXsponR570.05Bg375800	WRKY	TFF
SoffiXsponR570.05Bg376400	NAC	TFF
SoffiXsponR570.05Bg376900	NAC	TFF
SoffiXsponR570.05Bg377100	C3H	TFF
SoffiXsponR570.05Bg378600	C2C2-Dof	TFF
SoffiXsponR570.05Bg378700	MYB-related	TFF
SoffiXsponR570.05Bg379000	EIL	TFF
SoffiXsponR570.05Bg379300	EIL	TFF
SoffiXsponR570.05Bg379400	EIL	TFF
SoffiXsponR570.05Bg380500	MYB	TFF
SoffiXsponR570.05Bg381000	bZIP	TFF
SoffiXsponR570.05Bg382500	bZIP	TFF
SoffiXsponR570.05Cg001200	TRAF	OTR
SoffiXsponR570.05Cg001300	C2H2	TFF
SoffiXsponR570.05Cg008200	zf-C5HC2	TFF
SoffiXsponR570.05Cg008300	MYB	TFF
SoffiXsponR570.05Cg008700	WRKY	TFF
SoffiXsponR570.05Cg009600	MYB-related	TFF
SoffiXsponR570.05Cg010600	MADS	TFF
SoffiXsponR570.05Cg012100	GNAT	OTR
SoffiXsponR570.05Cg024400	AP2-EREBP	TFF
SoffiXsponR570.05Cg026300	HB	TFF
SoffiXsponR570.05Cg028200	MADS	TFF
SoffiXsponR570.05Cg029000	mTERF	OTR
SoffiXsponR570.05Cg029800	NAC	TFF
SoffiXsponR570.05Cg030400	MYB	TFF
SoffiXsponR570.05Cg031100	FAR1	TFF
SoffiXsponR570.05Cg031700	bHLH	TFF
SoffiXsponR570.05Cg034000	Rcd1-like	OTR
SoffiXsponR570.05Cg035700	TCP	TFF
SoffiXsponR570.05Cg037500	Tify	TFF
SoffiXsponR570.05Cg037600	Tify	TFF
SoffiXsponR570.05Cg039400	CCAAT	TFF
SoffiXsponR570.05Cg040300	C2C2-YABBY	TFF
SoffiXsponR570.05Cg047100	TRAF	OTR
SoffiXsponR570.05Cg047600	zf-A20	TFF
SoffiXsponR570.05Cg049600	PHD	OTR
SoffiXsponR570.05Cg051400	CPP	TFF
SoffiXsponR570.05Cg053000	HSF	TFF
SoffiXsponR570.05Cg055500	bHLH	TFF
SoffiXsponR570.05Cg055700	bZIP	TFF
SoffiXsponR570.05Cg057500	SAP	TFF
SoffiXsponR570.05Cg059800	PHD	OTR
SoffiXsponR570.05Cg064300	FHA	TFF
SoffiXsponR570.05Cg067000	DDT	OTR
SoffiXsponR570.05Cg067300	bHLH	TFF
SoffiXsponR570.05Cg068300	AP2-EREBP	TFF
SoffiXsponR570.05Cg070300	AP2-EREBP	TFF
SoffiXsponR570.05Cg073400	bZIP	TFF
SoffiXsponR570.05Cg074200	FHA	TFF
SoffiXsponR570.05Cg078000	SET	OTR
SoffiXsponR570.05Cg079100	NAC	TFF
SoffiXsponR570.05Cg079500	AP2-EREBP	TFF
SoffiXsponR570.05Cg082000	Alfin-like	TFF
SoffiXsponR570.05Cg082100	AP2-EREBP	TFF
SoffiXsponR570.05Cg089500	Top	TFF
SoffiXsponR570.05Cg092500	TRAF	OTR
SoffiXsponR570.05Cg097100	GNAT	OTR
SoffiXsponR570.05Cg106900	BBR/BPC	TFF
SoffiXsponR570.05Cg107200	BBR/BPC	TFF
SoffiXsponR570.05Cg107900	AP2-EREBP	TFF
SoffiXsponR570.05Cg109100	C2H2	TFF
SoffiXsponR570.05Cg116000	WRKY	TFF
SoffiXsponR570.05Cg121600	CCAAT	TFF
SoffiXsponR570.05Cg121700	CCAAT	TFF
SoffiXsponR570.05Cg122600	BES1	TFF
SoffiXsponR570.05Cg125900	AP2-EREBP	TFF
SoffiXsponR570.05Cg126000	AP2-EREBP	TFF
SoffiXsponR570.05Cg126300	MYB	TFF
SoffiXsponR570.05Cg127800	MYB	TFF
SoffiXsponR570.05Cg134700	MYB-related	TFF
SoffiXsponR570.05Cg134800	MYB-related	TFF
SoffiXsponR570.05Cg135800	bZIP	TFF
SoffiXsponR570.05Cg136800	C2H2	TFF
SoffiXsponR570.05Cg136900	SET	OTR
SoffiXsponR570.05Cg137700	AP2-EREBP	TFF
SoffiXsponR570.05Cg144100	WRKY	TFF
SoffiXsponR570.05Cg144200	WRKY	TFF
SoffiXsponR570.05Cg145000	GNAT	OTR
SoffiXsponR570.05Cg146800	OFP	TFF
SoffiXsponR570.05Cg147300	mTERF	OTR
SoffiXsponR570.05Cg148600	SET	OTR
SoffiXsponR570.05Cg151300	AP2-EREBP	TFF
SoffiXsponR570.05Cg156900	zf-BED	TFF
SoffiXsponR570.05Cg158600	PHD	OTR
SoffiXsponR570.05Cg159100	Jumonji	OTR
SoffiXsponR570.05Cg161400	MYB	TFF
SoffiXsponR570.05Cg161500	MYB	TFF
SoffiXsponR570.05Cg161600	MYB	TFF
SoffiXsponR570.05Cg161700	Tify	TFF
SoffiXsponR570.05Cg163600	C2H2	TFF
SoffiXsponR570.05Cg164100	TCP	TFF
SoffiXsponR570.05Cg164200	bHLH	TFF
SoffiXsponR570.05Cg164700	SET	OTR
SoffiXsponR570.05Cg164900	NAC	TFF
SoffiXsponR570.05Cg165800	NAC	TFF
SoffiXsponR570.05Cg166400	MYB	TFF
SoffiXsponR570.05Cg166600	zf-HD	TFF
SoffiXsponR570.05Cg166700	zf-HD	TFF
SoffiXsponR570.05Cg167900	bHLH	TFF
SoffiXsponR570.05Cg168000	bHLH	TFF
SoffiXsponR570.05Cg168100	WRKY	TFF
SoffiXsponR570.05Cg168200	WRKY	TFF
SoffiXsponR570.05Cg171300	AP2-EREBP	TFF
SoffiXsponR570.05Cg174300	MYB	TFF
SoffiXsponR570.05Cg174900	CCAAT	TFF
SoffiXsponR570.05Cg175300	CCAAT	TFF
SoffiXsponR570.05Cg176700	ARID	OTR
SoffiXsponR570.05Cg176900	AP2-EREBP	TFF
SoffiXsponR570.05Cg178700	Tify	TFF
SoffiXsponR570.05Cg184500	PHD	OTR
SoffiXsponR570.05Cg184700	C2H2	TFF
SoffiXsponR570.05Cg185500	GeBP	TFF
SoffiXsponR570.05Cg186900	FAR1	TFF
SoffiXsponR570.05Cg187500	mTERF	OTR
SoffiXsponR570.05Cg187700	NAC	TFF
SoffiXsponR570.05Cg187800	HSF	TFF
SoffiXsponR570.05Cg187900	bHLH	TFF
SoffiXsponR570.05Cg188500	bZIP	TFF
SoffiXsponR570.05Cg188700	HSF	TFF
SoffiXsponR570.05Cg189000	AP2-EREBP	TFF
SoffiXsponR570.05Cg192900	bHLH	TFF
SoffiXsponR570.05Cg193900	zf-HD	TFF
SoffiXsponR570.05Cg195300	bHLH	TFF
SoffiXsponR570.05Cg197400	bHLH	TFF
SoffiXsponR570.05Cg197800	C2C2-Dof	TFF
SoffiXsponR570.05Cg202900	WRKY	TFF
SoffiXsponR570.05Cg205700	C2H2	TFF
SoffiXsponR570.05Cg206000	zf-A20	TFF
SoffiXsponR570.05Cg206700	bHLH	TFF
SoffiXsponR570.05Cg206900	GNAT	OTR
SoffiXsponR570.05Cg207300	bZIP	TFF
SoffiXsponR570.05Cg207400	EIL	TFF
SoffiXsponR570.05Cg207800	SBP	TFF
SoffiXsponR570.05Cg208200	MYB-related	TFF
SoffiXsponR570.05Cg208800	C3H	TFF
SoffiXsponR570.05Cg211200	NAC	TFF
SoffiXsponR570.05Cg212500	NAC	TFF
SoffiXsponR570.05Cg214600	bHLH	TFF
SoffiXsponR570.05Cg217300	SBP	TFF
SoffiXsponR570.05Cg217400	MADS	TFF
SoffiXsponR570.05Cg218800	NAC	TFF
SoffiXsponR570.05Cg219600	bHLH	TFF
SoffiXsponR570.05Cg219800	AP2-EREBP	TFF
SoffiXsponR570.05Cg223800	bZIP	TFF
SoffiXsponR570.05Cg226300	bHLH	TFF
SoffiXsponR570.05Cg226400	bHLH	TFF
SoffiXsponR570.05Cg226500	bHLH	TFF
SoffiXsponR570.05Cg226700	bHLH	TFF
SoffiXsponR570.05Cg227100	bZIP	TFF
SoffiXsponR570.05Cg228200	TCP	TFF
SoffiXsponR570.05Cg228600	AP2-EREBP	TFF
SoffiXsponR570.05Cg228700	AP2-EREBP	TFF
SoffiXsponR570.05Cg228800	AP2-EREBP	TFF
SoffiXsponR570.05Cg228900	AP2-EREBP	TFF
SoffiXsponR570.05Cg229000	AP2-EREBP	TFF
SoffiXsponR570.05Cg229200	AP2-EREBP	TFF
SoffiXsponR570.05Cg229300	AP2-EREBP	TFF
SoffiXsponR570.05Cg231100	HSF	TFF
SoffiXsponR570.05Cg233200	AUX/IAA	OTR
SoffiXsponR570.05Cg234100	SRS	TFF
SoffiXsponR570.05Cg234700	SRS	TFF
SoffiXsponR570.05Cg234800	Pseudo_ARR-B	OTR
SoffiXsponR570.05Cg235100	MYB	TFF
SoffiXsponR570.05Cg238300	MYB	TFF
SoffiXsponR570.05Cg240000	bZIP	TFF
SoffiXsponR570.05Cg247400	RWP-RK	TFF
SoffiXsponR570.05Cg249400	HMG	OTR
SoffiXsponR570.05Cg250100	NAC	TFF
SoffiXsponR570.05Cg250300	NAC	TFF
SoffiXsponR570.05Cg251100	MYB-related	TFF
SoffiXsponR570.05Cg252000	C2H2	TFF
SoffiXsponR570.05Cg252600	SET	OTR
SoffiXsponR570.05Cg254800	NAC	TFF
SoffiXsponR570.05Cg255400	mTERF	OTR
SoffiXsponR570.05Cg258100	GRF	TFF
SoffiXsponR570.05Cg259500	SET	OTR
SoffiXsponR570.05Cg262400	GRAS	TFF
SoffiXsponR570.05Cg265700	mTERF	OTR
SoffiXsponR570.05Cg266300	CAMTA	TFF
SoffiXsponR570.05Cg268600	MYB	TFF
SoffiXsponR570.05Cg268800	PHD	OTR
SoffiXsponR570.05Cg269500	FAR1	TFF
SoffiXsponR570.05Cg272600	SBP	TFF
SoffiXsponR570.05Cg272700	SBP	TFF
SoffiXsponR570.05Cg274200	C2C2-Dof	TFF
SoffiXsponR570.05Cg276900	GRAS	TFF
SoffiXsponR570.05Cg280400	MYB-related	TFF
SoffiXsponR570.05Cg288800	bHLH	TFF
SoffiXsponR570.05Cg289400	CCAAT	TFF
SoffiXsponR570.05Cg290000	GRAS	TFF
SoffiXsponR570.05Cg292000	bHLH	TFF
SoffiXsponR570.05Cg296100	bHLH	TFF
SoffiXsponR570.05Cg297600	MYB	TFF
SoffiXsponR570.05Cg299700	ABI3VP1	TFF
SoffiXsponR570.05Cg300100	FAR1	TFF
SoffiXsponR570.05Cg302200	NAC	TFF
SoffiXsponR570.05Cg302500	NAC	TFF
SoffiXsponR570.05Cg303200	GRAS	TFF
SoffiXsponR570.05Cg304000	C3H	TFF
SoffiXsponR570.05Cg304900	TRAF	OTR
SoffiXsponR570.05Cg306400	C2C2-YABBY	TFF
SoffiXsponR570.05Cg309200	AP2-EREBP	TFF
SoffiXsponR570.05Cg311400	MADS	TFF
SoffiXsponR570.05Cg312100	BES1	TFF
SoffiXsponR570.05Cg312800	C2H2	TFF
SoffiXsponR570.05Cg313900	mTERF	OTR
SoffiXsponR570.05Cg314300	GRAS	TFF
SoffiXsponR570.05Cg314400	WRKY	TFF
SoffiXsponR570.05Cg315800	GNAT	OTR
SoffiXsponR570.05Cg317200	HRT	TFF
SoffiXsponR570.05Cg317600	GRAS	TFF
SoffiXsponR570.05Cg319000	bHLH	TFF
SoffiXsponR570.05Cg319100	C2H2	TFF
SoffiXsponR570.05Cg319500	GRAS	TFF
SoffiXsponR570.05Cg319800	C2H2	TFF
SoffiXsponR570.05Cg320000	C2H2	TFF
SoffiXsponR570.05Cg324400	C2H2	TFF
SoffiXsponR570.05Cg329400	MADS	TFF
SoffiXsponR570.05Cg329900	CCAAT	TFF
SoffiXsponR570.05Cg330700	CCAAT	TFF
SoffiXsponR570.05Cg330900	Alfin-like	TFF
SoffiXsponR570.05Cg331900	GRAS	TFF
SoffiXsponR570.05Cg333800	Tify	TFF
SoffiXsponR570.05Cg334000	FAR1	TFF
SoffiXsponR570.05Cg334900	AP2-EREBP	TFF
SoffiXsponR570.05Cg335800	SAP	TFF
SoffiXsponR570.05Cg340400	CAMTA	TFF
SoffiXsponR570.05Cg340400	TIG	TFF
SoffiXsponR570.05Cg342700	SAP	TFF
SoffiXsponR570.05Cg343300	Tudor-knot	OTR
SoffiXsponR570.05Cg344500	MYB-related	TFF
SoffiXsponR570.05Cg344500	MYB	TFF
SoffiXsponR570.05Cg345100	bHLH	TFF
SoffiXsponR570.05Cg345300	MYB	TFF
SoffiXsponR570.05Cg348400	SART-1	OTR
SoffiXsponR570.05Cg348600	MYB	TFF
SoffiXsponR570.05Cg349200	GeBP	TFF
SoffiXsponR570.05Cg352700	HSF	TFF
SoffiXsponR570.05Cg354700	MED26	OTR
SoffiXsponR570.05Cg355200	SWI/SNF-BAF60b	OTR
SoffiXsponR570.05Cg356300	bZIP	TFF
SoffiXsponR570.05Cg358800	BSD	TFF
SoffiXsponR570.05Cg360000	TRAF	OTR
SoffiXsponR570.05Cg363000	CCAAT	TFF
SoffiXsponR570.05Cg365000	DDT	OTR
SoffiXsponR570.05Cg365000	PHD	OTR
SoffiXsponR570.05Cg367200	TUB	TFF
SoffiXsponR570.05Cg371700	AP2-EREBP	TFF
SoffiXsponR570.05Cg375000	AP2-EREBP	TFF
SoffiXsponR570.05Cg376900	FAR1	TFF
SoffiXsponR570.05Cg377100	OFP	TFF
SoffiXsponR570.05Cg377400	bZIP	TFF
SoffiXsponR570.05Cg377500	ABI3VP1	TFF
SoffiXsponR570.05Cg377800	WRKY	TFF
SoffiXsponR570.05Cg379300	C3H	TFF
SoffiXsponR570.05Cg379600	NAC	TFF
SoffiXsponR570.05Cg380600	NAC	TFF
SoffiXsponR570.05Cg381000	C2C2-Dof	TFF
SoffiXsponR570.05Cg381100	MYB-related	TFF
SoffiXsponR570.05Cg381400	EIL	TFF
SoffiXsponR570.05Cg382200	MYB	TFF
SoffiXsponR570.05Cg382900	bZIP	TFF
SoffiXsponR570.05Cg384500	bZIP	TFF
SoffiXsponR570.05Dg001600	TRAF	OTR
SoffiXsponR570.05Dg001800	C2H2	TFF
SoffiXsponR570.05Dg008600	zf-C5HC2	TFF
SoffiXsponR570.05Dg008900	MYB	TFF
SoffiXsponR570.05Dg010100	WRKY	TFF
SoffiXsponR570.05Dg012200	MADS	TFF
SoffiXsponR570.05Dg016500	GNAT	OTR
SoffiXsponR570.05Dg025700	bZIP	TFF
SoffiXsponR570.05Dg026900	AP2-EREBP	TFF
SoffiXsponR570.05Dg028900	HB	TFF
SoffiXsponR570.05Dg030900	MADS	TFF
SoffiXsponR570.05Dg031500	mTERF	OTR
SoffiXsponR570.05Dg032400	NAC	TFF
SoffiXsponR570.05Dg032800	MYB	TFF
SoffiXsponR570.05Dg034400	bHLH	TFF
SoffiXsponR570.05Dg036700	Rcd1-like	OTR
SoffiXsponR570.05Dg039000	TCP	TFF
SoffiXsponR570.05Dg040000	Tify	TFF
SoffiXsponR570.05Dg040100	Tify	TFF
SoffiXsponR570.05Dg042000	CCAAT	TFF
SoffiXsponR570.05Dg042800	C2C2-YABBY	TFF
SoffiXsponR570.05Dg048500	TRAF	OTR
SoffiXsponR570.05Dg049100	zf-A20	TFF
SoffiXsponR570.05Dg049200	zf-A20	TFF
SoffiXsponR570.05Dg051600	PHD	OTR
SoffiXsponR570.05Dg052900	CPP	TFF
SoffiXsponR570.05Dg054300	HSF	TFF
SoffiXsponR570.05Dg057400	bHLH	TFF
SoffiXsponR570.05Dg057600	bZIP	TFF
SoffiXsponR570.05Dg058600	AUX/IAA	OTR
SoffiXsponR570.05Dg059500	SAP	TFF
SoffiXsponR570.05Dg061300	PHD	OTR
SoffiXsponR570.05Dg064700	FHA	TFF
SoffiXsponR570.05Dg067300	DDT	OTR
SoffiXsponR570.05Dg067600	bHLH	TFF
SoffiXsponR570.05Dg068400	AP2-EREBP	TFF
SoffiXsponR570.05Dg069100	FAR1	TFF
SoffiXsponR570.05Dg071100	AP2-EREBP	TFF
SoffiXsponR570.05Dg074500	bZIP	TFF
SoffiXsponR570.05Dg075000	FHA	TFF
SoffiXsponR570.05Dg075100	bHLH	TFF
SoffiXsponR570.05Dg078400	SET	OTR
SoffiXsponR570.05Dg079500	FAR1	TFF
SoffiXsponR570.05Dg080200	NAC	TFF
SoffiXsponR570.05Dg080400	MADS	TFF
SoffiXsponR570.05Dg080600	AP2-EREBP	TFF
SoffiXsponR570.05Dg083200	Alfin-like	TFF
SoffiXsponR570.05Dg083400	AP2-EREBP	TFF
SoffiXsponR570.05Dg094100	TRAF	OTR
SoffiXsponR570.05Dg098200	GNAT	OTR
SoffiXsponR570.05Dg099400	WRKY	TFF
SoffiXsponR570.05Dg101600	zf-BED	TFF
SoffiXsponR570.05Dg107700	BBR/BPC	TFF
SoffiXsponR570.05Dg108000	BBR/BPC	TFF
SoffiXsponR570.05Dg108600	AP2-EREBP	TFF
SoffiXsponR570.05Dg109700	C2H2	TFF
SoffiXsponR570.05Dg111700	TRAF	OTR
SoffiXsponR570.05Dg112000	SET	OTR
SoffiXsponR570.05Dg113300	MYB-related	TFF
SoffiXsponR570.05Dg124000	CCAAT	TFF
SoffiXsponR570.05Dg124100	CCAAT	TFF
SoffiXsponR570.05Dg125500	BES1	TFF
SoffiXsponR570.05Dg128300	AP2-EREBP	TFF
SoffiXsponR570.05Dg128400	AP2-EREBP	TFF
SoffiXsponR570.05Dg128700	MYB	TFF
SoffiXsponR570.05Dg130400	MYB	TFF
SoffiXsponR570.05Dg130900	ABI3VP1	TFF
SoffiXsponR570.05Dg133800	SET	OTR
SoffiXsponR570.05Dg135100	FAR1	TFF
SoffiXsponR570.05Dg137900	bZIP	TFF
SoffiXsponR570.05Dg138600	C2H2	TFF
SoffiXsponR570.05Dg144900	MYB-related	TFF
SoffiXsponR570.05Dg145000	MYB-related	TFF
SoffiXsponR570.05Dg146300	bZIP	TFF
SoffiXsponR570.05Dg147700	C2H2	TFF
SoffiXsponR570.05Dg147800	SET	OTR
SoffiXsponR570.05Dg148000	bZIP	TFF
SoffiXsponR570.05Dg148700	AP2-EREBP	TFF
SoffiXsponR570.05Dg155100	WRKY	TFF
SoffiXsponR570.05Dg155500	WRKY	TFF
SoffiXsponR570.05Dg155600	WRKY	TFF
SoffiXsponR570.05Dg158200	GNAT	OTR
SoffiXsponR570.05Dg159100	OFP	TFF
SoffiXsponR570.05Dg160100	mTERF	OTR
SoffiXsponR570.05Dg161100	SET	OTR
SoffiXsponR570.05Dg163600	AP2-EREBP	TFF
SoffiXsponR570.05Dg169200	PHD	OTR
SoffiXsponR570.05Dg169600	Jumonji	OTR
SoffiXsponR570.05Dg171900	FAR1	TFF
SoffiXsponR570.05Dg172900	MYB	TFF
SoffiXsponR570.05Dg173000	MYB	TFF
SoffiXsponR570.05Dg173100	Tify	TFF
SoffiXsponR570.05Dg174600	C2H2	TFF
SoffiXsponR570.05Dg175100	TCP	TFF
SoffiXsponR570.05Dg175200	bHLH	TFF
SoffiXsponR570.05Dg175300	TCP	TFF
SoffiXsponR570.05Dg175500	bHLH	TFF
SoffiXsponR570.05Dg176000	SET	OTR
SoffiXsponR570.05Dg177000	NAC	TFF
SoffiXsponR570.05Dg177600	MYB-related	TFF
SoffiXsponR570.05Dg177600	MYB	TFF
SoffiXsponR570.05Dg177700	zf-HD	TFF
SoffiXsponR570.05Dg178000	zf-HD	TFF
SoffiXsponR570.05Dg179100	bHLH	TFF
SoffiXsponR570.05Dg179400	bHLH	TFF
SoffiXsponR570.05Dg179500	bHLH	TFF
SoffiXsponR570.05Dg179600	WRKY	TFF
SoffiXsponR570.05Dg179700	WRKY	TFF
SoffiXsponR570.05Dg182900	AP2-EREBP	TFF
SoffiXsponR570.05Dg185100	MYB	TFF
SoffiXsponR570.05Dg185800	CCAAT	TFF
SoffiXsponR570.05Dg187200	ARID	OTR
SoffiXsponR570.05Dg187400	AP2-EREBP	TFF
SoffiXsponR570.05Dg189200	Tify	TFF
SoffiXsponR570.05Dg195100	PHD	OTR
SoffiXsponR570.05Dg195400	C2H2	TFF
SoffiXsponR570.05Dg196200	GeBP	TFF
SoffiXsponR570.05Dg198200	mTERF	OTR
SoffiXsponR570.05Dg198400	NAC	TFF
SoffiXsponR570.05Dg198500	HSF	TFF
SoffiXsponR570.05Dg198600	bHLH	TFF
SoffiXsponR570.05Dg199100	bZIP	TFF
SoffiXsponR570.05Dg199300	HSF	TFF
SoffiXsponR570.05Dg199600	AP2-EREBP	TFF
SoffiXsponR570.05Dg203400	bHLH	TFF
SoffiXsponR570.05Dg204700	zf-HD	TFF
SoffiXsponR570.05Dg206300	bHLH	TFF
SoffiXsponR570.05Dg208800	bZIP	TFF
SoffiXsponR570.05Dg209100	bHLH	TFF
SoffiXsponR570.05Dg209600	bHLH	TFF
SoffiXsponR570.05Dg209900	C2C2-Dof	TFF
SoffiXsponR570.05Dg214000	CCAAT	TFF
SoffiXsponR570.05Dg214700	WRKY	TFF
SoffiXsponR570.05Dg217500	C2H2	TFF
SoffiXsponR570.05Dg217800	zf-A20	TFF
SoffiXsponR570.05Dg218400	bHLH	TFF
SoffiXsponR570.05Dg218600	GNAT	OTR
SoffiXsponR570.05Dg219100	bZIP	TFF
SoffiXsponR570.05Dg219300	EIL	TFF
SoffiXsponR570.05Dg219700	SBP	TFF
SoffiXsponR570.05Dg220300	MYB-related	TFF
SoffiXsponR570.05Dg221000	C3H	TFF
SoffiXsponR570.05Dg223200	NAC	TFF
SoffiXsponR570.05Dg224600	NAC	TFF
SoffiXsponR570.05Dg226500	bHLH	TFF
SoffiXsponR570.05Dg229300	SBP	TFF
SoffiXsponR570.05Dg229400	MADS	TFF
SoffiXsponR570.05Dg230900	NAC	TFF
SoffiXsponR570.05Dg231700	bHLH	TFF
SoffiXsponR570.05Dg232100	AP2-EREBP	TFF
SoffiXsponR570.05Dg236100	bZIP	TFF
SoffiXsponR570.05Dg239000	bHLH	TFF
SoffiXsponR570.05Dg239100	bHLH	TFF
SoffiXsponR570.05Dg239500	bZIP	TFF
SoffiXsponR570.05Dg240500	TCP	TFF
SoffiXsponR570.05Dg241200	AP2-EREBP	TFF
SoffiXsponR570.05Dg241300	AP2-EREBP	TFF
SoffiXsponR570.05Dg241400	AP2-EREBP	TFF
SoffiXsponR570.05Dg241500	AP2-EREBP	TFF
SoffiXsponR570.05Dg241600	AP2-EREBP	TFF
SoffiXsponR570.05Dg241800	AP2-EREBP	TFF
SoffiXsponR570.05Dg241900	AP2-EREBP	TFF
SoffiXsponR570.05Dg242100	AP2-EREBP	TFF
SoffiXsponR570.05Dg243600	HSF	TFF
SoffiXsponR570.05Dg245600	AUX/IAA	OTR
SoffiXsponR570.05Dg246800	SRS	TFF
SoffiXsponR570.05Dg247300	SRS	TFF
SoffiXsponR570.05Dg247400	Pseudo_ARR-B	OTR
SoffiXsponR570.05Dg247700	MYB	TFF
SoffiXsponR570.05Dg250400	MYB	TFF
SoffiXsponR570.05Dg252100	bZIP	TFF
SoffiXsponR570.05Dg258200	RWP-RK	TFF
SoffiXsponR570.05Dg259300	HMG	OTR
SoffiXsponR570.05Dg259900	NAC	TFF
SoffiXsponR570.05Dg260000	NAC	TFF
SoffiXsponR570.05Dg260900	MYB-related	TFF
SoffiXsponR570.05Dg262200	C2H2	TFF
SoffiXsponR570.05Dg262300	C2H2	TFF
SoffiXsponR570.05Dg262900	SET	OTR
SoffiXsponR570.05Dg263200	WRKY	TFF
SoffiXsponR570.05Dg264200	C2H2	TFF
SoffiXsponR570.05Dg264500	NAC	TFF
SoffiXsponR570.05Dg264600	NAC	TFF
SoffiXsponR570.05Dg265400	mTERF	OTR
SoffiXsponR570.05Dg267500	GRF	TFF
SoffiXsponR570.05Dg270200	mTERF	OTR
SoffiXsponR570.05Dg270800	CAMTA	TFF
SoffiXsponR570.05Dg272700	MYB	TFF
SoffiXsponR570.05Dg272900	PHD	OTR
SoffiXsponR570.05Dg273400	FAR1	TFF
SoffiXsponR570.05Dg276600	SBP	TFF
SoffiXsponR570.05Dg276700	SBP	TFF
SoffiXsponR570.05Dg278300	C2C2-Dof	TFF
SoffiXsponR570.05Dg281000	GRAS	TFF
SoffiXsponR570.05Dg281100	GRAS	TFF
SoffiXsponR570.05Dg284400	MYB-related	TFF
SoffiXsponR570.05Dg287100	FHA	TFF
SoffiXsponR570.05Dg291000	bHLH	TFF
SoffiXsponR570.05Dg294100	CCAAT	TFF
SoffiXsponR570.05Dg294200	CCAAT	TFF
SoffiXsponR570.05Dg294600	GRAS	TFF
SoffiXsponR570.05Dg296500	bHLH	TFF
SoffiXsponR570.05Dg300500	bHLH	TFF
SoffiXsponR570.05Dg301800	MYB	TFF
SoffiXsponR570.05Dg304200	ABI3VP1	TFF
SoffiXsponR570.05Dg304500	FAR1	TFF
SoffiXsponR570.05Dg306500	NAC	TFF
SoffiXsponR570.05Dg306600	NAC	TFF
SoffiXsponR570.05Dg307200	GRAS	TFF
SoffiXsponR570.05Dg308000	C3H	TFF
SoffiXsponR570.05Dg308700	TRAF	OTR
SoffiXsponR570.05Dg310300	C2C2-YABBY	TFF
SoffiXsponR570.05Dg313400	AP2-EREBP	TFF
SoffiXsponR570.05Dg316200	BES1	TFF
SoffiXsponR570.05Dg316900	C2H2	TFF
SoffiXsponR570.05Dg317700	mTERF	OTR
SoffiXsponR570.05Dg317900	C3H	TFF
SoffiXsponR570.05Dg318000	GRAS	TFF
SoffiXsponR570.05Dg318100	WRKY	TFF
SoffiXsponR570.05Dg319200	GNAT	OTR
SoffiXsponR570.05Dg320400	HRT	TFF
SoffiXsponR570.05Dg320700	GRAS	TFF
SoffiXsponR570.05Dg322100	bHLH	TFF
SoffiXsponR570.05Dg322200	C2H2	TFF
SoffiXsponR570.05Dg322600	GRAS	TFF
SoffiXsponR570.05Dg322900	C2H2	TFF
SoffiXsponR570.05Dg323100	C2H2	TFF
SoffiXsponR570.05Dg326700	C2H2	TFF
SoffiXsponR570.05Dg330000	MADS	TFF
SoffiXsponR570.05Dg331100	CCAAT	TFF
SoffiXsponR570.05Dg331900	CCAAT	TFF
SoffiXsponR570.05Dg332100	Alfin-like	TFF
SoffiXsponR570.05Dg333700	GRAS	TFF
SoffiXsponR570.05Dg335800	Tify	TFF
SoffiXsponR570.05Dg336000	FAR1	TFF
SoffiXsponR570.05Dg336900	AP2-EREBP	TFF
SoffiXsponR570.05Dg337800	SAP	TFF
SoffiXsponR570.05Dg342500	CAMTA	TFF
SoffiXsponR570.05Dg344600	SAP	TFF
SoffiXsponR570.05Dg345000	Tudor-knot	OTR
SoffiXsponR570.05Dg346100	MYB	TFF
SoffiXsponR570.05Dg346800	bHLH	TFF
SoffiXsponR570.05Dg347000	MYB	TFF
SoffiXsponR570.05Dg349900	SART-1	OTR
SoffiXsponR570.05Dg350100	MYB	TFF
SoffiXsponR570.05Dg350700	GeBP	TFF
SoffiXsponR570.05Dg353600	HSF	TFF
SoffiXsponR570.05Dg355500	MED26	OTR
SoffiXsponR570.05Dg356100	SWI/SNF-BAF60b	OTR
SoffiXsponR570.05Dg357100	bZIP	TFF
SoffiXsponR570.05Dg359400	BSD	TFF
SoffiXsponR570.05Dg360500	TRAF	OTR
SoffiXsponR570.05Dg363800	CCAAT	TFF
SoffiXsponR570.05Dg365600	DDT	OTR
SoffiXsponR570.05Dg365600	PHD	OTR
SoffiXsponR570.05Dg368100	TUB	TFF
SoffiXsponR570.05Dg370000	AP2-EREBP	TFF
SoffiXsponR570.05Dg373800	AP2-EREBP	TFF
SoffiXsponR570.05Dg376300	OFP	TFF
SoffiXsponR570.05Dg376800	bZIP	TFF
SoffiXsponR570.05Dg376900	ABI3VP1	TFF
SoffiXsponR570.05Dg377200	WRKY	TFF
SoffiXsponR570.05Dg378800	C3H	TFF
SoffiXsponR570.05Dg379200	NAC	TFF
SoffiXsponR570.05Dg379800	NAC	TFF
SoffiXsponR570.05Dg380100	C2C2-Dof	TFF
SoffiXsponR570.05Dg380300	MYB-related	TFF
SoffiXsponR570.05Dg380700	EIL	TFF
SoffiXsponR570.05Dg381500	MYB	TFF
SoffiXsponR570.05Dg382200	bZIP	TFF
SoffiXsponR570.05Dg383700	bZIP	TFF
SoffiXsponR570.05Dg387400	PHD	OTR
SoffiXsponR570.05Eg001800	TRAF	OTR
SoffiXsponR570.05Eg001900	C2H2	TFF
SoffiXsponR570.05Eg008900	zf-C5HC2	TFF
SoffiXsponR570.05Eg009800	WRKY	TFF
SoffiXsponR570.05Eg011500	MADS	TFF
SoffiXsponR570.05Eg012900	GNAT	OTR
SoffiXsponR570.05Eg015900	PHD	OTR
SoffiXsponR570.05Eg024500	bZIP	TFF
SoffiXsponR570.05Eg026800	HB	TFF
SoffiXsponR570.05Eg029000	MADS	TFF
SoffiXsponR570.05Eg029500	mTERF	OTR
SoffiXsponR570.05Eg030600	NAC	TFF
SoffiXsponR570.05Eg031000	MYB	TFF
SoffiXsponR570.05Eg032500	FAR1	TFF
SoffiXsponR570.05Eg033100	bHLH	TFF
SoffiXsponR570.05Eg035500	Rcd1-like	OTR
SoffiXsponR570.05Eg037200	TCP	TFF
SoffiXsponR570.05Eg038500	Tify	TFF
SoffiXsponR570.05Eg038600	Tify	TFF
SoffiXsponR570.05Eg042400	TRAF	OTR
SoffiXsponR570.05Eg043000	zf-A20	TFF
SoffiXsponR570.05Eg045400	PHD	OTR
SoffiXsponR570.05Eg047000	CPP	TFF
SoffiXsponR570.05Eg048300	HSF	TFF
SoffiXsponR570.05Eg049000	FAR1	TFF
SoffiXsponR570.05Eg050500	bHLH	TFF
SoffiXsponR570.05Eg050700	bZIP	TFF
SoffiXsponR570.05Eg051700	AUX/IAA	OTR
SoffiXsponR570.05Eg052500	SAP	TFF
SoffiXsponR570.05Eg054900	PHD	OTR
SoffiXsponR570.05Eg058900	FHA	TFF
SoffiXsponR570.05Eg061000	bHLH	TFF
SoffiXsponR570.05Eg064500	EIL	TFF
SoffiXsponR570.05Eg065100	SET	OTR
SoffiXsponR570.05Eg066500	NAC	TFF
SoffiXsponR570.05Eg066700	MADS	TFF
SoffiXsponR570.05Eg066900	AP2-EREBP	TFF
SoffiXsponR570.05Eg069500	Alfin-like	TFF
SoffiXsponR570.05Eg069700	AP2-EREBP	TFF
SoffiXsponR570.05Eg080100	TRAF	OTR
SoffiXsponR570.05Eg083500	GNAT	OTR
SoffiXsponR570.05Eg089600	BBR/BPC	TFF
SoffiXsponR570.05Eg089900	BBR/BPC	TFF
SoffiXsponR570.05Eg090500	AP2-EREBP	TFF
SoffiXsponR570.05Eg091900	C2H2	TFF
SoffiXsponR570.05Eg094400	SET	OTR
SoffiXsponR570.05Eg095700	MYB-related	TFF
SoffiXsponR570.05Eg100000	WRKY	TFF
SoffiXsponR570.05Eg105700	CCAAT	TFF
SoffiXsponR570.05Eg105800	CCAAT	TFF
SoffiXsponR570.05Eg110000	AP2-EREBP	TFF
SoffiXsponR570.05Eg110100	AP2-EREBP	TFF
SoffiXsponR570.05Eg110300	MYB	TFF
SoffiXsponR570.05Eg111800	MYB	TFF
SoffiXsponR570.05Eg112200	ABI3VP1	TFF
SoffiXsponR570.05Eg114700	bZIP	TFF
SoffiXsponR570.05Eg115400	C2H2	TFF
SoffiXsponR570.05Eg122800	MYB-related	TFF
SoffiXsponR570.05Eg122900	MYB-related	TFF
SoffiXsponR570.05Eg123800	bZIP	TFF
SoffiXsponR570.05Eg125000	C2H2	TFF
SoffiXsponR570.05Eg125100	SET	OTR
SoffiXsponR570.05Eg126100	AP2-EREBP	TFF
SoffiXsponR570.05Eg132600	WRKY	TFF
SoffiXsponR570.05Eg132700	WRKY	TFF
SoffiXsponR570.05Eg132800	WRKY	TFF
SoffiXsponR570.05Eg133100	WRKY	TFF
SoffiXsponR570.05Eg133200	WRKY	TFF
SoffiXsponR570.05Eg136100	GNAT	OTR
SoffiXsponR570.05Eg136300	GNAT	OTR
SoffiXsponR570.05Eg137500	OFP	TFF
SoffiXsponR570.05Eg138000	mTERF	OTR
SoffiXsponR570.05Eg139300	SET	OTR
SoffiXsponR570.05Eg141800	AP2-EREBP	TFF
SoffiXsponR570.05Eg147800	zf-BED	TFF
SoffiXsponR570.05Eg148200	zf-BED	TFF
SoffiXsponR570.05Eg149300	PHD	OTR
SoffiXsponR570.05Eg149700	Jumonji	OTR
SoffiXsponR570.05Eg152600	MYB	TFF
SoffiXsponR570.05Eg152800	MYB	TFF
SoffiXsponR570.05Eg152900	MYB	TFF
SoffiXsponR570.05Eg153000	MYB	TFF
SoffiXsponR570.05Eg153100	Tify	TFF
SoffiXsponR570.05Eg154900	C2H2	TFF
SoffiXsponR570.05Eg155400	TCP	TFF
SoffiXsponR570.05Eg155500	bHLH	TFF
SoffiXsponR570.05Eg156000	SET	OTR
SoffiXsponR570.05Eg156200	NAC	TFF
SoffiXsponR570.05Eg157300	NAC	TFF
SoffiXsponR570.05Eg157800	MYB	TFF
SoffiXsponR570.05Eg157900	zf-HD	TFF
SoffiXsponR570.05Eg158000	zf-HD	TFF
SoffiXsponR570.05Eg159100	bHLH	TFF
SoffiXsponR570.05Eg159200	bHLH	TFF
SoffiXsponR570.05Eg159300	WRKY	TFF
SoffiXsponR570.05Eg159600	WRKY	TFF
SoffiXsponR570.05Eg162900	AP2-EREBP	TFF
SoffiXsponR570.05Eg166000	MYB	TFF
SoffiXsponR570.05Eg166700	CCAAT	TFF
SoffiXsponR570.05Eg167900	ARID	OTR
SoffiXsponR570.05Eg168200	AP2-EREBP	TFF
SoffiXsponR570.05Eg170200	Tify	TFF
SoffiXsponR570.05Eg176300	PHD	OTR
SoffiXsponR570.05Eg176600	C2H2	TFF
SoffiXsponR570.05Eg177600	GeBP	TFF
SoffiXsponR570.05Eg179700	mTERF	OTR
SoffiXsponR570.05Eg179900	NAC	TFF
SoffiXsponR570.05Eg180000	HSF	TFF
SoffiXsponR570.05Eg180100	bHLH	TFF
SoffiXsponR570.05Eg180600	bZIP	TFF
SoffiXsponR570.05Eg180900	HSF	TFF
SoffiXsponR570.05Eg181200	AP2-EREBP	TFF
SoffiXsponR570.05Eg184800	bHLH	TFF
SoffiXsponR570.05Eg185800	zf-HD	TFF
SoffiXsponR570.05Eg187300	bHLH	TFF
SoffiXsponR570.05Eg189100	bHLH	TFF
SoffiXsponR570.05Eg189400	C2C2-Dof	TFF
SoffiXsponR570.05Eg193500	CCAAT	TFF
SoffiXsponR570.05Eg194200	WRKY	TFF
SoffiXsponR570.05Eg196900	C2H2	TFF
SoffiXsponR570.05Eg197100	zf-A20	TFF
SoffiXsponR570.05Eg197900	bHLH	TFF
SoffiXsponR570.05Eg198200	GNAT	OTR
SoffiXsponR570.05Eg198700	bZIP	TFF
SoffiXsponR570.05Eg198800	EIL	TFF
SoffiXsponR570.05Eg199200	SBP	TFF
SoffiXsponR570.05Eg199600	zf-BED	TFF
SoffiXsponR570.05Eg200300	MYB-related	TFF
SoffiXsponR570.05Eg201100	C3H	TFF
SoffiXsponR570.05Eg203100	NAC	TFF
SoffiXsponR570.05Eg204500	NAC	TFF
SoffiXsponR570.05Eg206200	C3H	TFF
SoffiXsponR570.05Eg208000	NAC	TFF
SoffiXsponR570.05Eg209400	NAC	TFF
SoffiXsponR570.05Eg211500	bHLH	TFF
SoffiXsponR570.05Eg214200	SBP	TFF
SoffiXsponR570.05Eg214300	MADS	TFF
SoffiXsponR570.05Eg215800	NAC	TFF
SoffiXsponR570.05Eg216600	bHLH	TFF
SoffiXsponR570.05Eg216800	AP2-EREBP	TFF
SoffiXsponR570.05Eg220400	bZIP	TFF
SoffiXsponR570.05Eg222900	bHLH	TFF
SoffiXsponR570.05Eg223000	bHLH	TFF
SoffiXsponR570.05Eg223500	bZIP	TFF
SoffiXsponR570.05Eg224800	TCP	TFF
SoffiXsponR570.05Eg225200	AP2-EREBP	TFF
SoffiXsponR570.05Eg225300	AP2-EREBP	TFF
SoffiXsponR570.05Eg225500	AP2-EREBP	TFF
SoffiXsponR570.05Eg225600	AP2-EREBP	TFF
SoffiXsponR570.05Eg225700	AP2-EREBP	TFF
SoffiXsponR570.05Eg225800	AP2-EREBP	TFF
SoffiXsponR570.05Eg227300	HSF	TFF
SoffiXsponR570.05Eg227700	zf-A20	TFF
SoffiXsponR570.05Eg228000	zf-A20	TFF
SoffiXsponR570.05Eg230100	AUX/IAA	OTR
SoffiXsponR570.05Eg231100	SRS	TFF
SoffiXsponR570.05Eg231600	SRS	TFF
SoffiXsponR570.05Eg231700	Pseudo_ARR-B	OTR
SoffiXsponR570.05Eg232000	MYB	TFF
SoffiXsponR570.05Eg235200	MYB	TFF
SoffiXsponR570.05Eg236900	bZIP	TFF
SoffiXsponR570.05Eg243800	RWP-RK	TFF
SoffiXsponR570.05Eg245300	HMG	OTR
SoffiXsponR570.05Eg245900	NAC	TFF
SoffiXsponR570.05Eg246100	NAC	TFF
SoffiXsponR570.05Eg247000	MYB-related	TFF
SoffiXsponR570.05Eg247900	C2H2	TFF
SoffiXsponR570.05Eg248500	SET	OTR
SoffiXsponR570.05Eg250800	NAC	TFF
SoffiXsponR570.05Eg251500	mTERF	OTR
SoffiXsponR570.05Eg254400	GRF	TFF
SoffiXsponR570.05Eg255500	SET	OTR
SoffiXsponR570.05Eg258700	GRAS	TFF
SoffiXsponR570.05Eg261800	mTERF	OTR
SoffiXsponR570.05Eg262700	CAMTA	TFF
SoffiXsponR570.05Eg264800	MYB	TFF
SoffiXsponR570.05Eg265000	PHD	OTR
SoffiXsponR570.05Eg265800	FAR1	TFF
SoffiXsponR570.05Eg269300	SBP	TFF
SoffiXsponR570.05Eg269400	SBP	TFF
SoffiXsponR570.05Eg270800	C2C2-Dof	TFF
SoffiXsponR570.05Eg273500	GRAS	TFF
SoffiXsponR570.05Eg273600	GRAS	TFF
SoffiXsponR570.05Eg276900	MYB-related	TFF
SoffiXsponR570.05Eg280200	FHA	TFF
SoffiXsponR570.05Eg285300	bHLH	TFF
SoffiXsponR570.05Eg286000	CCAAT	TFF
SoffiXsponR570.05Eg286100	CCAAT	TFF
SoffiXsponR570.05Eg286500	GRAS	TFF
SoffiXsponR570.05Eg288400	bHLH	TFF
SoffiXsponR570.05Eg292800	bHLH	TFF
SoffiXsponR570.05Eg294500	MYB	TFF
SoffiXsponR570.05Eg296700	ABI3VP1	TFF
SoffiXsponR570.05Eg296900	FAR1	TFF
SoffiXsponR570.05Eg299200	NAC	TFF
SoffiXsponR570.05Eg299400	NAC	TFF
SoffiXsponR570.05Eg300200	GRAS	TFF
SoffiXsponR570.05Eg301600	C3H	TFF
SoffiXsponR570.05Eg302400	TRAF	OTR
SoffiXsponR570.05Eg304100	C2C2-YABBY	TFF
SoffiXsponR570.05Eg307500	AP2-EREBP	TFF
SoffiXsponR570.05Eg309400	MADS	TFF
SoffiXsponR570.05Eg310000	BES1	TFF
SoffiXsponR570.05Eg310700	C2H2	TFF
SoffiXsponR570.05Eg311600	mTERF	OTR
SoffiXsponR570.05Eg311900	GRAS	TFF
SoffiXsponR570.05Eg312000	WRKY	TFF
SoffiXsponR570.05Eg313200	GNAT	OTR
SoffiXsponR570.05Eg314300	HRT	TFF
SoffiXsponR570.05Eg314900	GRAS	TFF
SoffiXsponR570.05Eg316200	bHLH	TFF
SoffiXsponR570.05Eg316300	C2H2	TFF
SoffiXsponR570.05Eg316800	GRAS	TFF
SoffiXsponR570.05Eg317200	C2H2	TFF
SoffiXsponR570.05Eg317400	C2H2	TFF
SoffiXsponR570.05Eg321900	C2H2	TFF
SoffiXsponR570.05Eg328600	CCAAT	TFF
SoffiXsponR570.05Eg329700	CCAAT	TFF
SoffiXsponR570.05Eg332000	BSD	TFF
SoffiXsponR570.05Eg333200	TRAF	OTR
SoffiXsponR570.05Eg336700	CCAAT	TFF
SoffiXsponR570.05Eg339000	DDT	OTR
SoffiXsponR570.05Eg339000	PHD	OTR
SoffiXsponR570.05Eg340900	TUB	TFF
SoffiXsponR570.05Eg341000	TUB	TFF
SoffiXsponR570.05Eg343400	AP2-EREBP	TFF
SoffiXsponR570.05Eg347100	AP2-EREBP	TFF
SoffiXsponR570.05Eg349600	bZIP	TFF
SoffiXsponR570.05Eg349700	ABI3VP1	TFF
SoffiXsponR570.05Eg350000	WRKY	TFF
SoffiXsponR570.05Eg351500	C3H	TFF
SoffiXsponR570.05Eg351900	NAC	TFF
SoffiXsponR570.05Eg352400	NAC	TFF
SoffiXsponR570.05Eg352800	MYB-related	TFF
SoffiXsponR570.05Eg353000	EIL	TFF
SoffiXsponR570.05Eg354100	MYB	TFF
SoffiXsponR570.05Eg354600	bZIP	TFF
SoffiXsponR570.05Eg355900	bZIP	TFF
SoffiXsponR570.05Fg001200	TRAF	OTR
SoffiXsponR570.05Fg001300	C2H2	TFF
SoffiXsponR570.05Fg008800	zf-C5HC2	TFF
SoffiXsponR570.05Fg009700	WRKY	TFF
SoffiXsponR570.05Fg012000	MADS	TFF
SoffiXsponR570.05Fg013100	GNAT	OTR
SoffiXsponR570.05Fg021800	FAR1	TFF
SoffiXsponR570.05Fg025000	bZIP	TFF
SoffiXsponR570.05Fg025900	AP2-EREBP	TFF
SoffiXsponR570.05Fg027100	HB	TFF
SoffiXsponR570.05Fg028900	MADS	TFF
SoffiXsponR570.05Fg029800	mTERF	OTR
SoffiXsponR570.05Fg030700	NAC	TFF
SoffiXsponR570.05Fg031100	MYB	TFF
SoffiXsponR570.05Fg031900	SAP	TFF
SoffiXsponR570.05Fg032100	PHD	OTR
SoffiXsponR570.05Fg033800	Rcd1-like	OTR
SoffiXsponR570.05Fg036400	FHA	TFF
SoffiXsponR570.05Fg039200	DDT	OTR
SoffiXsponR570.05Fg039400	bHLH	TFF
SoffiXsponR570.05Fg040800	AP2-EREBP	TFF
SoffiXsponR570.05Fg042600	AP2-EREBP	TFF
SoffiXsponR570.05Fg046200	bZIP	TFF
SoffiXsponR570.05Fg047700	CCAAT	TFF
SoffiXsponR570.05Fg047800	CCAAT	TFF
SoffiXsponR570.05Fg048700	BES1	TFF
SoffiXsponR570.05Fg051500	AP2-EREBP	TFF
SoffiXsponR570.05Fg051600	AP2-EREBP	TFF
SoffiXsponR570.05Fg051900	MYB	TFF
SoffiXsponR570.05Fg053500	MYB	TFF
SoffiXsponR570.05Fg053800	ABI3VP1	TFF
SoffiXsponR570.05Fg057000	SET	OTR
SoffiXsponR570.05Fg061600	bZIP	TFF
SoffiXsponR570.05Fg061700	zf-BED	TFF
SoffiXsponR570.05Fg062700	C2H2	TFF
SoffiXsponR570.05Fg069400	MYB-related	TFF
SoffiXsponR570.05Fg069500	MYB-related	TFF
SoffiXsponR570.05Fg070500	bZIP	TFF
SoffiXsponR570.05Fg072200	C2H2	TFF
SoffiXsponR570.05Fg072300	SET	OTR
SoffiXsponR570.05Fg073600	AP2-EREBP	TFF
SoffiXsponR570.05Fg079500	WRKY	TFF
SoffiXsponR570.05Fg079600	WRKY	TFF
SoffiXsponR570.05Fg087300	PHD	OTR
SoffiXsponR570.05Fg087900	Jumonji	OTR
SoffiXsponR570.05Fg090400	MYB	TFF
SoffiXsponR570.05Fg090500	MYB	TFF
SoffiXsponR570.05Fg090600	MYB	TFF
SoffiXsponR570.05Fg090700	Tify	TFF
SoffiXsponR570.05Fg092300	C2H2	TFF
SoffiXsponR570.05Fg092900	TCP	TFF
SoffiXsponR570.05Fg093000	bHLH	TFF
SoffiXsponR570.05Fg093500	SET	OTR
SoffiXsponR570.05Fg093800	NAC	TFF
SoffiXsponR570.05Fg094800	NAC	TFF
SoffiXsponR570.05Fg095500	MYB	TFF
SoffiXsponR570.05Fg095600	zf-HD	TFF
SoffiXsponR570.05Fg095700	zf-HD	TFF
SoffiXsponR570.05Fg096900	bHLH	TFF
SoffiXsponR570.05Fg097100	bHLH	TFF
SoffiXsponR570.05Fg097200	WRKY	TFF
SoffiXsponR570.05Fg097300	WRKY	TFF
SoffiXsponR570.05Fg100600	AP2-EREBP	TFF
SoffiXsponR570.05Fg103600	MYB	TFF
SoffiXsponR570.05Fg104300	CCAAT	TFF
SoffiXsponR570.05Fg105700	ARID	OTR
SoffiXsponR570.05Fg105900	AP2-EREBP	TFF
SoffiXsponR570.05Fg115000	PHD	OTR
SoffiXsponR570.05Fg115200	C2H2	TFF
SoffiXsponR570.05Fg115900	GeBP	TFF
SoffiXsponR570.05Fg117900	mTERF	OTR
SoffiXsponR570.05Fg118200	HSF	TFF
SoffiXsponR570.05Fg118300	bHLH	TFF
SoffiXsponR570.05Fg118900	bZIP	TFF
SoffiXsponR570.05Fg119100	HSF	TFF
SoffiXsponR570.05Fg119400	AP2-EREBP	TFF
SoffiXsponR570.05Fg119500	AP2-EREBP	TFF
SoffiXsponR570.05Fg119600	AP2-EREBP	TFF
SoffiXsponR570.05Fg124300	zf-HD	TFF
SoffiXsponR570.05Fg125700	bHLH	TFF
SoffiXsponR570.05Fg128100	bZIP	TFF
SoffiXsponR570.05Fg128400	bHLH	TFF
SoffiXsponR570.05Fg129500	bHLH	TFF
SoffiXsponR570.05Fg130000	C2C2-Dof	TFF
SoffiXsponR570.05Fg134100	CCAAT	TFF
SoffiXsponR570.05Fg135000	WRKY	TFF
SoffiXsponR570.05Fg137800	C2H2	TFF
SoffiXsponR570.05Fg138000	zf-A20	TFF
SoffiXsponR570.05Fg138600	bHLH	TFF
SoffiXsponR570.05Fg139000	GNAT	OTR
SoffiXsponR570.05Fg139500	bZIP	TFF
SoffiXsponR570.05Fg139600	EIL	TFF
SoffiXsponR570.05Fg140000	SBP	TFF
SoffiXsponR570.05Fg140400	MYB-related	TFF
SoffiXsponR570.05Fg141200	C3H	TFF
SoffiXsponR570.05Fg143600	NAC	TFF
SoffiXsponR570.05Fg145000	NAC	TFF
SoffiXsponR570.05Fg147300	bHLH	TFF
SoffiXsponR570.05Fg150200	SBP	TFF
SoffiXsponR570.05Fg150300	MADS	TFF
SoffiXsponR570.05Fg152000	NAC	TFF
SoffiXsponR570.05Fg152900	bHLH	TFF
SoffiXsponR570.05Fg153300	AP2-EREBP	TFF
SoffiXsponR570.05Fg157400	bZIP	TFF
SoffiXsponR570.05Fg160200	bHLH	TFF
SoffiXsponR570.05Fg160300	bHLH	TFF
SoffiXsponR570.05Fg160400	bHLH	TFF
SoffiXsponR570.05Fg160900	bZIP	TFF
SoffiXsponR570.05Fg161900	TCP	TFF
SoffiXsponR570.05Fg162300	AP2-EREBP	TFF
SoffiXsponR570.05Fg162400	AP2-EREBP	TFF
SoffiXsponR570.05Fg162500	AP2-EREBP	TFF
SoffiXsponR570.05Fg162600	AP2-EREBP	TFF
SoffiXsponR570.05Fg162800	AP2-EREBP	TFF
SoffiXsponR570.05Fg162900	AP2-EREBP	TFF
SoffiXsponR570.05Fg164800	HSF	TFF
SoffiXsponR570.05Fg166900	AUX/IAA	OTR
SoffiXsponR570.05Fg167600	SRS	TFF
SoffiXsponR570.05Fg168300	SRS	TFF
SoffiXsponR570.05Fg168400	Pseudo_ARR-B	OTR
SoffiXsponR570.05Fg168700	MYB	TFF
SoffiXsponR570.05Fg171900	MYB	TFF
SoffiXsponR570.05Fg173500	bZIP	TFF
SoffiXsponR570.05Fg179900	RWP-RK	TFF
SoffiXsponR570.05Fg181200	HMG	OTR
SoffiXsponR570.05Fg181900	NAC	TFF
SoffiXsponR570.05Fg182000	NAC	TFF
SoffiXsponR570.05Fg183100	MYB-related	TFF
SoffiXsponR570.05Fg184100	C2H2	TFF
SoffiXsponR570.05Fg184800	SET	OTR
SoffiXsponR570.05Fg186000	TRAF	OTR
SoffiXsponR570.05Fg186500	NAC	TFF
SoffiXsponR570.05Fg187200	mTERF	OTR
SoffiXsponR570.05Fg189600	GRF	TFF
SoffiXsponR570.05Fg190500	SET	OTR
SoffiXsponR570.05Fg197300	mTERF	OTR
SoffiXsponR570.05Fg198000	CAMTA	TFF
SoffiXsponR570.05Fg200100	MYB	TFF
SoffiXsponR570.05Fg200400	PHD	OTR
SoffiXsponR570.05Fg201300	FAR1	TFF
SoffiXsponR570.05Fg204500	SBP	TFF
SoffiXsponR570.05Fg204600	SBP	TFF
SoffiXsponR570.05Fg206000	C2C2-Dof	TFF
SoffiXsponR570.05Fg208600	GRAS	TFF
SoffiXsponR570.05Fg208800	GRAS	TFF
SoffiXsponR570.05Fg212100	MYB-related	TFF
SoffiXsponR570.05Fg214900	FHA	TFF
SoffiXsponR570.05Fg219600	bHLH	TFF
SoffiXsponR570.05Fg220200	CCAAT	TFF
SoffiXsponR570.05Fg220300	CCAAT	TFF
SoffiXsponR570.05Fg220600	GRAS	TFF
SoffiXsponR570.05Fg222600	bHLH	TFF
SoffiXsponR570.05Fg227000	bHLH	TFF
SoffiXsponR570.05Fg228300	MYB	TFF
SoffiXsponR570.05Fg230500	ABI3VP1	TFF
SoffiXsponR570.05Fg230800	FAR1	TFF
SoffiXsponR570.05Fg233200	NAC	TFF
SoffiXsponR570.05Fg233300	NAC	TFF
SoffiXsponR570.05Fg234100	GRAS	TFF
SoffiXsponR570.05Fg235300	C3H	TFF
SoffiXsponR570.05Fg236200	TRAF	OTR
SoffiXsponR570.05Fg238100	C2C2-YABBY	TFF
SoffiXsponR570.05Fg241500	AP2-EREBP	TFF
SoffiXsponR570.05Fg243300	MADS	TFF
SoffiXsponR570.05Fg244100	BES1	TFF
SoffiXsponR570.05Fg244800	C2H2	TFF
SoffiXsponR570.05Fg246200	mTERF	OTR
SoffiXsponR570.05Fg246500	C3H	TFF
SoffiXsponR570.05Fg246600	GRAS	TFF
SoffiXsponR570.05Fg246700	WRKY	TFF
SoffiXsponR570.05Fg248200	GNAT	OTR
SoffiXsponR570.05Fg249100	HRT	TFF
SoffiXsponR570.05Fg249500	GRAS	TFF
SoffiXsponR570.05Fg250900	bHLH	TFF
SoffiXsponR570.05Fg251000	C2H2	TFF
SoffiXsponR570.05Fg251500	GRAS	TFF
SoffiXsponR570.05Fg251800	C2H2	TFF
SoffiXsponR570.05Fg252000	C2H2	TFF
SoffiXsponR570.05Fg255900	C2H2	TFF
SoffiXsponR570.05Fg262100	MADS	TFF
SoffiXsponR570.05Fg263200	CCAAT	TFF
SoffiXsponR570.05Fg264500	CCAAT	TFF
SoffiXsponR570.05Fg265600	GRAS	TFF
SoffiXsponR570.05Fg267800	Tify	TFF
SoffiXsponR570.05Fg268000	FAR1	TFF
SoffiXsponR570.05Fg269400	AP2-EREBP	TFF
SoffiXsponR570.05Fg270400	SAP	TFF
SoffiXsponR570.05Fg274400	CAMTA	TFF
SoffiXsponR570.05Fg275000	FAR1	TFF
SoffiXsponR570.05Fg277100	SAP	TFF
SoffiXsponR570.05Fg277600	Tudor-knot	OTR
SoffiXsponR570.05Fg278600	MYB	TFF
SoffiXsponR570.05Fg279300	bHLH	TFF
SoffiXsponR570.05Fg279500	MYB	TFF
SoffiXsponR570.05Fg282000	SART-1	OTR
SoffiXsponR570.05Fg282200	MYB	TFF
SoffiXsponR570.05Fg283000	GeBP	TFF
SoffiXsponR570.05Fg285800	HSF	TFF
SoffiXsponR570.05Fg287600	MED26	OTR
SoffiXsponR570.05Fg288300	SWI/SNF-BAF60b	OTR
SoffiXsponR570.05Fg289400	bZIP	TFF
SoffiXsponR570.05Fg291800	BSD	TFF
SoffiXsponR570.05Fg293600	TRAF	OTR
SoffiXsponR570.05Fg297500	CCAAT	TFF
SoffiXsponR570.05Fg299800	DDT	OTR
SoffiXsponR570.05Fg302000	TUB	TFF
SoffiXsponR570.05Fg304200	AP2-EREBP	TFF
SoffiXsponR570.05Fg306400	WRKY	TFF
SoffiXsponR570.05Fg308800	AP2-EREBP	TFF
SoffiXsponR570.05Fg310600	OFP	TFF
SoffiXsponR570.05Fg311100	bZIP	TFF
SoffiXsponR570.05Fg311200	ABI3VP1	TFF
SoffiXsponR570.05Fg311500	WRKY	TFF
SoffiXsponR570.05Fg313100	C3H	TFF
SoffiXsponR570.05Fg313500	NAC	TFF
SoffiXsponR570.05Fg314100	NAC	TFF
SoffiXsponR570.05Fg314400	C2C2-Dof	TFF
SoffiXsponR570.05Fg314500	MYB-related	TFF
SoffiXsponR570.05Fg315600	MYB	TFF
SoffiXsponR570.05Fg316100	bZIP	TFF
SoffiXsponR570.05Fg317300	bZIP	TFF
SoffiXsponR570.05Fg319200	FAR1	TFF
SoffiXsponR570.05Gg001100	TRAF	OTR
SoffiXsponR570.05Gg001200	C2H2	TFF
SoffiXsponR570.05Gg007800	zf-C5HC2	TFF
SoffiXsponR570.05Gg008100	MYB	TFF
SoffiXsponR570.05Gg008500	WRKY	TFF
SoffiXsponR570.05Gg010300	MADS	TFF
SoffiXsponR570.05Gg011400	GNAT	OTR
SoffiXsponR570.05Gg014900	PHD	OTR
SoffiXsponR570.05Gg024100	AP2-EREBP	TFF
SoffiXsponR570.05Gg025700	HB	TFF
SoffiXsponR570.05Gg028100	MADS	TFF
SoffiXsponR570.05Gg028600	mTERF	OTR
SoffiXsponR570.05Gg029700	NAC	TFF
SoffiXsponR570.05Gg030200	MYB	TFF
SoffiXsponR570.05Gg031400	FAR1	TFF
SoffiXsponR570.05Gg032000	bHLH	TFF
SoffiXsponR570.05Gg034100	Rcd1-like	OTR
SoffiXsponR570.05Gg036100	TCP	TFF
SoffiXsponR570.05Gg037600	Tify	TFF
SoffiXsponR570.05Gg037700	Tify	TFF
SoffiXsponR570.05Gg040500	CCAAT	TFF
SoffiXsponR570.05Gg041400	C2C2-YABBY	TFF
SoffiXsponR570.05Gg048900	TRAF	OTR
SoffiXsponR570.05Gg049700	zf-A20	TFF
SoffiXsponR570.05Gg049800	zf-A20	TFF
SoffiXsponR570.05Gg052500	PHD	OTR
SoffiXsponR570.05Gg054600	CPP	TFF
SoffiXsponR570.05Gg057000	HSF	TFF
SoffiXsponR570.05Gg058900	bHLH	TFF
SoffiXsponR570.05Gg059100	bZIP	TFF
SoffiXsponR570.05Gg060200	AUX/IAA	OTR
SoffiXsponR570.05Gg060900	SAP	TFF
SoffiXsponR570.05Gg063300	PHD	OTR
SoffiXsponR570.05Gg067600	FHA	TFF
SoffiXsponR570.05Gg070700	DDT	OTR
SoffiXsponR570.05Gg070900	bHLH	TFF
SoffiXsponR570.05Gg072100	AP2-EREBP	TFF
SoffiXsponR570.05Gg072200	AP2-EREBP	TFF
SoffiXsponR570.05Gg072300	AP2-EREBP	TFF
SoffiXsponR570.05Gg074300	AP2-EREBP	TFF
SoffiXsponR570.05Gg078500	bZIP	TFF
SoffiXsponR570.05Gg079100	FHA	TFF
SoffiXsponR570.05Gg079200	bHLH	TFF
SoffiXsponR570.05Gg082400	SET	OTR
SoffiXsponR570.05Gg083800	NAC	TFF
SoffiXsponR570.05Gg084000	MADS	TFF
SoffiXsponR570.05Gg084200	AP2-EREBP	TFF
SoffiXsponR570.05Gg086500	Alfin-like	TFF
SoffiXsponR570.05Gg086700	AP2-EREBP	TFF
SoffiXsponR570.05Gg094200	Top	TFF
SoffiXsponR570.05Gg097300	TRAF	OTR
SoffiXsponR570.05Gg102300	GNAT	OTR
SoffiXsponR570.05Gg103600	WRKY	TFF
SoffiXsponR570.05Gg112200	BBR/BPC	TFF
SoffiXsponR570.05Gg112500	BBR/BPC	TFF
SoffiXsponR570.05Gg113100	AP2-EREBP	TFF
SoffiXsponR570.05Gg114200	C2H2	TFF
SoffiXsponR570.05Gg115400	TRAF	OTR
SoffiXsponR570.05Gg115700	SET	OTR
SoffiXsponR570.05Gg116900	MYB-related	TFF
SoffiXsponR570.05Gg121600	WRKY	TFF
SoffiXsponR570.05Gg126600	CCAAT	TFF
SoffiXsponR570.05Gg127500	BES1	TFF
SoffiXsponR570.05Gg130200	AP2-EREBP	TFF
SoffiXsponR570.05Gg130300	AP2-EREBP	TFF
SoffiXsponR570.05Gg130700	MYB	TFF
SoffiXsponR570.05Gg132200	MYB	TFF
SoffiXsponR570.05Gg132900	ABI3VP1	TFF
SoffiXsponR570.05Gg135900	SET	OTR
SoffiXsponR570.05Gg139100	bZIP	TFF
SoffiXsponR570.05Gg140000	C2H2	TFF
SoffiXsponR570.05Gg146300	MYB-related	TFF
SoffiXsponR570.05Gg146400	MYB-related	TFF
SoffiXsponR570.05Gg147200	bZIP	TFF
SoffiXsponR570.05Gg148300	C2H2	TFF
SoffiXsponR570.05Gg148400	SET	OTR
SoffiXsponR570.05Gg149200	AP2-EREBP	TFF
SoffiXsponR570.05Gg155300	WRKY	TFF
SoffiXsponR570.05Gg155400	WRKY	TFF
SoffiXsponR570.05Gg155500	WRKY	TFF
SoffiXsponR570.05Gg155600	WRKY	TFF
SoffiXsponR570.05Gg160700	GNAT	OTR
SoffiXsponR570.05Gg161700	OFP	TFF
SoffiXsponR570.05Gg163400	SET	OTR
SoffiXsponR570.05Gg168500	AP2-EREBP	TFF
SoffiXsponR570.05Gg175300	PHD	OTR
SoffiXsponR570.05Gg175700	Jumonji	OTR
SoffiXsponR570.05Gg178700	MYB	TFF
SoffiXsponR570.05Gg178800	MYB	TFF
SoffiXsponR570.05Gg178900	MYB	TFF
SoffiXsponR570.05Gg179000	Tify	TFF
SoffiXsponR570.05Gg180500	C2H2	TFF
SoffiXsponR570.05Gg181100	TCP	TFF
SoffiXsponR570.05Gg181200	bHLH	TFF
SoffiXsponR570.05Gg181700	SET	OTR
SoffiXsponR570.05Gg182800	NAC	TFF
SoffiXsponR570.05Gg183300	MYB	TFF
SoffiXsponR570.05Gg183700	zf-HD	TFF
SoffiXsponR570.05Gg183800	zf-HD	TFF
SoffiXsponR570.05Gg184900	bHLH	TFF
SoffiXsponR570.05Gg185000	bHLH	TFF
SoffiXsponR570.05Gg185100	WRKY	TFF
SoffiXsponR570.05Gg185200	WRKY	TFF
SoffiXsponR570.05Gg188300	AP2-EREBP	TFF
SoffiXsponR570.05Gg190900	MYB	TFF
SoffiXsponR570.05Gg191500	CCAAT	TFF
SoffiXsponR570.05Gg192900	ARID	OTR
SoffiXsponR570.05Gg193100	AP2-EREBP	TFF
SoffiXsponR570.05Gg194400	C2C2-Dof	TFF
SoffiXsponR570.05Gg199100	CCAAT	TFF
SoffiXsponR570.05Gg199900	WRKY	TFF
SoffiXsponR570.05Gg202800	zf-A20	TFF
SoffiXsponR570.05Gg203500	bHLH	TFF
SoffiXsponR570.05Gg203800	GNAT	OTR
SoffiXsponR570.05Gg204300	bZIP	TFF
SoffiXsponR570.05Gg204400	EIL	TFF
SoffiXsponR570.05Gg204800	SBP	TFF
SoffiXsponR570.05Gg205200	MYB-related	TFF
SoffiXsponR570.05Gg206500	C3H	TFF
SoffiXsponR570.06Ag002600	GRAS	TFF
SoffiXsponR570.06Ag002700	GRAS	TFF
SoffiXsponR570.06Ag002800	GRAS	TFF
SoffiXsponR570.06Ag002900	GRAS	TFF
SoffiXsponR570.06Ag009100	C2C2-Dof	TFF
SoffiXsponR570.06Ag011800	C2H2	TFF
SoffiXsponR570.06Ag012100	MYB-related	TFF
SoffiXsponR570.06Ag012100	MYB	TFF
SoffiXsponR570.06Ag012300	MYB-related	TFF
SoffiXsponR570.06Ag012300	MYB	TFF
SoffiXsponR570.06Ag020600	C2H2	TFF
SoffiXsponR570.06Ag020800	AP2-EREBP	TFF
SoffiXsponR570.06Ag022500	SAP	TFF
SoffiXsponR570.06Ag023600	MYB-related	TFF
SoffiXsponR570.06Ag025100	C3H	TFF
SoffiXsponR570.06Ag027100	bZIP	TFF
SoffiXsponR570.06Ag027200	HB	TFF
SoffiXsponR570.06Ag029600	MYB	TFF
SoffiXsponR570.06Ag029700	MYB	TFF
SoffiXsponR570.06Ag033100	WRKY	TFF
SoffiXsponR570.06Ag034200	bHLH	TFF
SoffiXsponR570.06Ag034300	bHLH	TFF
SoffiXsponR570.06Ag034500	MYB	TFF
SoffiXsponR570.06Ag037500	MYB-related	TFF
SoffiXsponR570.06Ag037800	MYB-related	TFF
SoffiXsponR570.06Ag037900	MYB-related	TFF
SoffiXsponR570.06Ag038000	MYB-related	TFF
SoffiXsponR570.06Ag038400	Top	TFF
SoffiXsponR570.06Ag038500	MYB-related	TFF
SoffiXsponR570.06Ag044900	Alfin-like	TFF
SoffiXsponR570.06Ag045800	bHLH	TFF
SoffiXsponR570.06Ag046200	ABI3VP1	TFF
SoffiXsponR570.06Ag046300	ABI3VP1	TFF
SoffiXsponR570.06Ag052900	AUX/IAA	OTR
SoffiXsponR570.06Ag055900	HMG	OTR
SoffiXsponR570.06Ag056600	WRKY	TFF
SoffiXsponR570.06Ag057300	AUX/IAA	OTR
SoffiXsponR570.06Ag058500	NAC	TFF
SoffiXsponR570.06Ag059400	MYB-related	TFF
SoffiXsponR570.06Ag060900	bHLH	TFF
SoffiXsponR570.06Ag061000	bHLH	TFF
SoffiXsponR570.06Ag061100	bHLH	TFF
SoffiXsponR570.06Ag062300	MADS	TFF
SoffiXsponR570.06Ag062400	MADS	TFF
SoffiXsponR570.06Ag067900	OFP	TFF
SoffiXsponR570.06Ag068800	MYB	TFF
SoffiXsponR570.06Ag069500	C2H2	TFF
SoffiXsponR570.06Ag069700	AUX/IAA	OTR
SoffiXsponR570.06Ag070200	GNAT	OTR
SoffiXsponR570.06Ag070800	NAC	TFF
SoffiXsponR570.06Ag072200	bHLH	TFF
SoffiXsponR570.06Ag073900	OFP	TFF
SoffiXsponR570.06Ag076800	zf-BED	TFF
SoffiXsponR570.06Ag076900	WRKY	TFF
SoffiXsponR570.06Ag078100	OFP	TFF
SoffiXsponR570.06Ag081600	WRKY	TFF
SoffiXsponR570.06Ag082200	AP2-EREBP	TFF
SoffiXsponR570.06Ag083600	AP2-EREBP	TFF
SoffiXsponR570.06Ag083700	MYB	TFF
SoffiXsponR570.06Ag085400	FHA	TFF
SoffiXsponR570.06Ag088700	AP2-EREBP	TFF
SoffiXsponR570.06Ag088800	AP2-EREBP	TFF
SoffiXsponR570.06Ag093100	PHD	OTR
SoffiXsponR570.06Ag097500	GNAT	OTR
SoffiXsponR570.06Ag098400	NAC	TFF
SoffiXsponR570.06Ag100300	SRS	TFF
SoffiXsponR570.06Ag100500	SET	OTR
SoffiXsponR570.06Ag101400	AP2-EREBP	TFF
SoffiXsponR570.06Ag105800	TRAF	OTR
SoffiXsponR570.06Ag108400	mTERF	OTR
SoffiXsponR570.06Ag108500	mTERF	OTR
SoffiXsponR570.06Ag109400	mTERF	OTR
SoffiXsponR570.06Ag111100	SBP	TFF
SoffiXsponR570.06Ag111300	FAR1	TFF
SoffiXsponR570.06Ag113100	bZIP	TFF
SoffiXsponR570.06Ag113300	MYB-related	TFF
SoffiXsponR570.06Ag113700	MED26	OTR
SoffiXsponR570.06Ag115800	NAC	TFF
SoffiXsponR570.06Ag116300	NAC	TFF
SoffiXsponR570.06Ag119600	MYB	TFF
SoffiXsponR570.06Ag122400	MYB-related	TFF
SoffiXsponR570.06Ag122600	AP2-EREBP	TFF
SoffiXsponR570.06Ag123100	bZIP	TFF
SoffiXsponR570.06Ag123300	TUB	TFF
SoffiXsponR570.06Ag123500	MYB-related	TFF
SoffiXsponR570.06Ag124400	C2C2-Dof	TFF
SoffiXsponR570.06Ag124900	OFP	TFF
SoffiXsponR570.06Ag125000	OFP	TFF
SoffiXsponR570.06Ag125200	MYB-related	TFF
SoffiXsponR570.06Ag125300	MYB-related	TFF
SoffiXsponR570.06Ag125400	NAC	TFF
SoffiXsponR570.06Ag126200	bZIP	TFF
SoffiXsponR570.06Ag126300	C2H2	TFF
SoffiXsponR570.06Ag128500	MYB	TFF
SoffiXsponR570.06Ag130300	HB	TFF
SoffiXsponR570.06Ag130400	bHLH	TFF
SoffiXsponR570.06Ag133000	MYB	TFF
SoffiXsponR570.06Ag134400	C2H2	TFF
SoffiXsponR570.06Ag136000	CCAAT	TFF
SoffiXsponR570.06Ag140800	AP2-EREBP	TFF
SoffiXsponR570.06Ag141600	WRKY	TFF
SoffiXsponR570.06Ag143200	OFP	TFF
SoffiXsponR570.06Ag144300	WRKY	TFF
SoffiXsponR570.06Ag144400	WRKY	TFF
SoffiXsponR570.06Ag145500	GNAT	OTR
SoffiXsponR570.06Ag145700	ABI3VP1	TFF
SoffiXsponR570.06Ag146900	GRAS	TFF
SoffiXsponR570.06Ag147300	NOT2_3_5	OTR
SoffiXsponR570.06Ag147800	MYB-related	TFF
SoffiXsponR570.06Ag148500	bZIP	TFF
SoffiXsponR570.06Ag149400	SET	OTR
SoffiXsponR570.06Ag150200	MYB-related	TFF
SoffiXsponR570.06Ag150500	bZIP	TFF
SoffiXsponR570.06Ag151700	CCAAT	TFF
SoffiXsponR570.06Ag152400	bZIP	TFF
SoffiXsponR570.06Ag153500	AP2-EREBP	TFF
SoffiXsponR570.06Ag153600	AP2-EREBP	TFF
SoffiXsponR570.06Ag156200	GRAS	TFF
SoffiXsponR570.06Ag159000	NAC	TFF
SoffiXsponR570.06Ag160200	CPP	TFF
SoffiXsponR570.06Ag162300	BSD	TFF
SoffiXsponR570.06Ag163100	TCP	TFF
SoffiXsponR570.06Ag164100	TUB	TFF
SoffiXsponR570.06Ag164300	C2C2-Dof	TFF
SoffiXsponR570.06Ag165200	ARF	TFF
SoffiXsponR570.06Ag166200	VOZ	TFF
SoffiXsponR570.06Ag166900	OFP	TFF
SoffiXsponR570.06Ag168600	PHD	OTR
SoffiXsponR570.06Ag169900	C2C2-GATA	TFF
SoffiXsponR570.06Ag171300	AUX/IAA	OTR
SoffiXsponR570.06Ag173200	C3H	TFF
SoffiXsponR570.06Ag174700	WRKY	TFF
SoffiXsponR570.06Ag175700	HSF	TFF
SoffiXsponR570.06Ag180100	AP2-EREBP	TFF
SoffiXsponR570.06Ag180600	WRKY	TFF
SoffiXsponR570.06Ag183100	bHLH	TFF
SoffiXsponR570.06Ag185100	MYB	TFF
SoffiXsponR570.06Ag188900	AP2-EREBP	TFF
SoffiXsponR570.06Ag192900	MYB	TFF
SoffiXsponR570.06Ag196900	AUX/IAA	OTR
SoffiXsponR570.06Ag198300	TUB	TFF
SoffiXsponR570.06Ag198400	Trihelix	TFF
SoffiXsponR570.06Ag199400	DDT	OTR
SoffiXsponR570.06Ag199600	NAC	TFF
SoffiXsponR570.06Ag199800	ABI3VP1	TFF
SoffiXsponR570.06Ag199800	ARF	TFF
SoffiXsponR570.06Ag200700	C3H	TFF
SoffiXsponR570.06Ag201400	AP2-EREBP	TFF
SoffiXsponR570.06Ag202700	WRKY	TFF
SoffiXsponR570.06Ag203500	WRKY	TFF
SoffiXsponR570.06Ag203900	MYB-related	TFF
SoffiXsponR570.06Ag204800	C2C2-GATA	TFF
SoffiXsponR570.06Ag206200	bZIP	TFF
SoffiXsponR570.06Ag207100	WRKY	TFF
SoffiXsponR570.06Ag207300	AP2-EREBP	TFF
SoffiXsponR570.06Ag208100	MADS	TFF
SoffiXsponR570.06Ag208400	CCAAT	TFF
SoffiXsponR570.06Ag208500	CCAAT	TFF
SoffiXsponR570.06Ag210400	C3H	TFF
SoffiXsponR570.06Ag212300	C2C2-GATA	TFF
SoffiXsponR570.06Ag212700	zf-HD	TFF
SoffiXsponR570.06Ag212800	MYB-related	TFF
SoffiXsponR570.06Ag212900	MYB-related	TFF
SoffiXsponR570.06Ag213400	NAC	TFF
SoffiXsponR570.06Ag215600	WRKY	TFF
SoffiXsponR570.06Ag215800	OFP	TFF
SoffiXsponR570.06Ag215900	WRKY	TFF
SoffiXsponR570.06Ag216300	zf-BED	TFF
SoffiXsponR570.06Ag218500	bHLH	TFF
SoffiXsponR570.06Ag219200	Sigma70-like	TFF
SoffiXsponR570.06Ag219700	SET	OTR
SoffiXsponR570.06Ag220800	MYB-related	TFF
SoffiXsponR570.06Ag221100	SET	OTR
SoffiXsponR570.06Ag227400	bHLH	TFF
SoffiXsponR570.06Bg000700	C3H	TFF
SoffiXsponR570.06Bg002200	bZIP	TFF
SoffiXsponR570.06Bg002300	HB	TFF
SoffiXsponR570.06Bg004500	bHLH	TFF
SoffiXsponR570.06Bg004700	MYB	TFF
SoffiXsponR570.06Bg007800	MYB-related	TFF
SoffiXsponR570.06Bg008000	MYB-related	TFF
SoffiXsponR570.06Bg008100	MYB-related	TFF
SoffiXsponR570.06Bg008600	Top	TFF
SoffiXsponR570.06Bg008800	MYB-related	TFF
SoffiXsponR570.06Bg011600	GRAS	TFF
SoffiXsponR570.06Bg021400	Top	TFF
SoffiXsponR570.06Bg021900	C3H	TFF
SoffiXsponR570.06Bg022700	C2C2-GATA	TFF
SoffiXsponR570.06Bg027600	Alfin-like	TFF
SoffiXsponR570.06Bg028300	GNAT	OTR
SoffiXsponR570.06Bg028400	bHLH	TFF
SoffiXsponR570.06Bg028800	ABI3VP1	TFF
SoffiXsponR570.06Bg028900	ABI3VP1	TFF
SoffiXsponR570.06Bg033900	AUX/IAA	OTR
SoffiXsponR570.06Bg037100	HMG	OTR
SoffiXsponR570.06Bg037600	WRKY	TFF
SoffiXsponR570.06Bg038400	AUX/IAA	OTR
SoffiXsponR570.06Bg042400	NAC	TFF
SoffiXsponR570.06Bg043200	MYB-related	TFF
SoffiXsponR570.06Bg044900	bHLH	TFF
SoffiXsponR570.06Bg045200	bHLH	TFF
SoffiXsponR570.06Bg045500	bHLH	TFF
SoffiXsponR570.06Bg046900	MADS	TFF
SoffiXsponR570.06Bg052200	OFP	TFF
SoffiXsponR570.06Cg002000	SAP	TFF
SoffiXsponR570.06Cg003100	MYB-related	TFF
SoffiXsponR570.06Cg004100	C3H	TFF
SoffiXsponR570.06Cg005200	bZIP	TFF
SoffiXsponR570.06Cg005300	HB	TFF
SoffiXsponR570.06Cg007200	PLATZ	TFF
SoffiXsponR570.06Cg008000	MYB	TFF
SoffiXsponR570.06Cg011300	WRKY	TFF
SoffiXsponR570.06Cg012800	bHLH	TFF
SoffiXsponR570.06Cg013000	MYB	TFF
SoffiXsponR570.06Cg015900	MYB-related	TFF
SoffiXsponR570.06Cg016200	MYB-related	TFF
SoffiXsponR570.06Cg016300	MYB-related	TFF
SoffiXsponR570.06Cg016400	MYB-related	TFF
SoffiXsponR570.06Cg017000	Top	TFF
SoffiXsponR570.06Cg017400	MYB-related	TFF
SoffiXsponR570.06Cg019400	GRAS	TFF
SoffiXsponR570.06Cg025500	AP2-EREBP	TFF
SoffiXsponR570.06Cg027200	C2C2-GATA	TFF
SoffiXsponR570.06Cg033400	AUX/IAA	OTR
SoffiXsponR570.06Cg035300	NAC	TFF
SoffiXsponR570.06Cg035400	NAC	TFF
SoffiXsponR570.06Cg036500	bHLH	TFF
SoffiXsponR570.06Cg037600	MADS	TFF
SoffiXsponR570.06Cg042200	OFP	TFF
SoffiXsponR570.06Cg043100	MYB	TFF
SoffiXsponR570.06Cg044000	C2H2	TFF
SoffiXsponR570.06Cg044200	AUX/IAA	OTR
SoffiXsponR570.06Cg044500	GNAT	OTR
SoffiXsponR570.06Cg045200	NAC	TFF
SoffiXsponR570.06Cg046600	bHLH	TFF
SoffiXsponR570.06Cg051400	WRKY	TFF
SoffiXsponR570.06Cg052500	OFP	TFF
SoffiXsponR570.06Cg055900	WRKY	TFF
SoffiXsponR570.06Cg056800	AP2-EREBP	TFF
SoffiXsponR570.06Cg058300	AP2-EREBP	TFF
SoffiXsponR570.06Cg058400	MYB	TFF
SoffiXsponR570.06Cg059800	FHA	TFF
SoffiXsponR570.06Cg063800	AP2-EREBP	TFF
SoffiXsponR570.06Cg063900	AP2-EREBP	TFF
SoffiXsponR570.06Cg071300	GNAT	OTR
SoffiXsponR570.06Cg072400	NAC	TFF
SoffiXsponR570.06Cg074500	SRS	TFF
SoffiXsponR570.06Cg075900	AP2-EREBP	TFF
SoffiXsponR570.06Cg080600	TRAF	OTR
SoffiXsponR570.06Cg083200	mTERF	OTR
SoffiXsponR570.06Cg083300	mTERF	OTR
SoffiXsponR570.06Cg084200	SBP	TFF
SoffiXsponR570.06Cg084400	FAR1	TFF
SoffiXsponR570.06Cg086200	bZIP	TFF
SoffiXsponR570.06Cg086400	MYB-related	TFF
SoffiXsponR570.06Cg086700	MED26	OTR
SoffiXsponR570.06Cg089000	NAC	TFF
SoffiXsponR570.06Cg089200	Alfin-like	TFF
SoffiXsponR570.06Cg089900	AP2-EREBP	TFF
SoffiXsponR570.06Cg090200	SWI/SNF-BAF60b	OTR
SoffiXsponR570.06Cg090400	NAC	TFF
SoffiXsponR570.06Cg090600	MADS	TFF
SoffiXsponR570.06Cg091400	GRAS	TFF
SoffiXsponR570.06Cg091700	NAC	TFF
SoffiXsponR570.06Cg095900	MYB	TFF
SoffiXsponR570.06Cg098700	MYB-related	TFF
SoffiXsponR570.06Cg098900	AP2-EREBP	TFF
SoffiXsponR570.06Cg099400	bZIP	TFF
SoffiXsponR570.06Cg099500	TUB	TFF
SoffiXsponR570.06Cg099800	MYB-related	TFF
SoffiXsponR570.06Cg100600	C2C2-Dof	TFF
SoffiXsponR570.06Cg101000	OFP	TFF
SoffiXsponR570.06Cg101100	OFP	TFF
SoffiXsponR570.06Cg101400	MYB-related	TFF
SoffiXsponR570.06Cg101500	MYB-related	TFF
SoffiXsponR570.06Cg101700	NAC	TFF
SoffiXsponR570.06Cg102500	bZIP	TFF
SoffiXsponR570.06Cg102600	C2H2	TFF
SoffiXsponR570.06Cg104700	MYB	TFF
SoffiXsponR570.06Cg106500	HB	TFF
SoffiXsponR570.06Cg106600	bHLH	TFF
SoffiXsponR570.06Cg109500	MYB	TFF
SoffiXsponR570.06Cg110900	C2H2	TFF
SoffiXsponR570.06Cg112500	CCAAT	TFF
SoffiXsponR570.06Cg116500	AP2-EREBP	TFF
SoffiXsponR570.06Cg117400	WRKY	TFF
SoffiXsponR570.06Cg118600	OFP	TFF
SoffiXsponR570.06Cg119600	WRKY	TFF
SoffiXsponR570.06Cg119700	WRKY	TFF
SoffiXsponR570.06Cg120800	GNAT	OTR
SoffiXsponR570.06Cg121000	ABI3VP1	TFF
SoffiXsponR570.06Cg122400	GRAS	TFF
SoffiXsponR570.06Cg122900	NOT2_3_5	OTR
SoffiXsponR570.06Cg123400	MYB-related	TFF
SoffiXsponR570.06Cg124200	bZIP	TFF
SoffiXsponR570.06Cg125200	SET	OTR
SoffiXsponR570.06Cg126000	MYB-related	TFF
SoffiXsponR570.06Cg126300	bZIP	TFF
SoffiXsponR570.06Cg127800	CCAAT	TFF
SoffiXsponR570.06Cg128700	bZIP	TFF
SoffiXsponR570.06Cg130200	AP2-EREBP	TFF
SoffiXsponR570.06Cg130300	AP2-EREBP	TFF
SoffiXsponR570.06Cg132900	GRAS	TFF
SoffiXsponR570.06Cg135600	NAC	TFF
SoffiXsponR570.06Cg136700	CPP	TFF
SoffiXsponR570.06Cg138800	BSD	TFF
SoffiXsponR570.06Cg139500	TCP	TFF
SoffiXsponR570.06Cg140400	TUB	TFF
SoffiXsponR570.06Cg140600	C2C2-Dof	TFF
SoffiXsponR570.06Cg141400	ARF	TFF
SoffiXsponR570.06Cg142400	VOZ	TFF
SoffiXsponR570.06Cg143100	OFP	TFF
SoffiXsponR570.06Cg144600	PHD	OTR
SoffiXsponR570.06Cg146000	C2C2-GATA	TFF
SoffiXsponR570.06Cg147500	AUX/IAA	OTR
SoffiXsponR570.06Cg148800	C3H	TFF
SoffiXsponR570.06Cg150400	WRKY	TFF
SoffiXsponR570.06Cg151600	HSF	TFF
SoffiXsponR570.06Cg156200	AP2-EREBP	TFF
SoffiXsponR570.06Cg156600	WRKY	TFF
SoffiXsponR570.06Cg161000	MYB	TFF
SoffiXsponR570.06Cg164000	zf-BED	TFF
SoffiXsponR570.06Cg164400	ABI3VP1	TFF
SoffiXsponR570.06Cg164400	AP2-EREBP	TFF
SoffiXsponR570.06Cg166500	FAR1	TFF
SoffiXsponR570.06Cg167800	MYB	TFF
SoffiXsponR570.06Cg171800	AUX/IAA	OTR
SoffiXsponR570.06Cg172900	TUB	TFF
SoffiXsponR570.06Cg173000	Trihelix	TFF
SoffiXsponR570.06Cg174200	DDT	OTR
SoffiXsponR570.06Cg174400	NAC	TFF
SoffiXsponR570.06Cg174800	ABI3VP1	TFF
SoffiXsponR570.06Cg174800	ARF	TFF
SoffiXsponR570.06Cg176000	C3H	TFF
SoffiXsponR570.06Cg176700	AP2-EREBP	TFF
SoffiXsponR570.06Cg177900	WRKY	TFF
SoffiXsponR570.06Cg178700	WRKY	TFF
SoffiXsponR570.06Cg179100	MYB-related	TFF
SoffiXsponR570.06Cg179800	C2C2-GATA	TFF
SoffiXsponR570.06Cg181000	bZIP	TFF
SoffiXsponR570.06Cg181700	WRKY	TFF
SoffiXsponR570.06Cg181900	AP2-EREBP	TFF
SoffiXsponR570.06Cg182500	MADS	TFF
SoffiXsponR570.06Cg182800	CCAAT	TFF
SoffiXsponR570.06Cg182900	CCAAT	TFF
SoffiXsponR570.06Cg184400	C3H	TFF
SoffiXsponR570.06Cg186300	C2C2-GATA	TFF
SoffiXsponR570.06Cg186700	zf-HD	TFF
SoffiXsponR570.06Cg186800	MYB-related	TFF
SoffiXsponR570.06Cg186900	MYB-related	TFF
SoffiXsponR570.06Cg187500	NAC	TFF
SoffiXsponR570.06Cg189800	WRKY	TFF
SoffiXsponR570.06Cg190100	OFP	TFF
SoffiXsponR570.06Cg190200	WRKY	TFF
SoffiXsponR570.06Cg192500	bHLH	TFF
SoffiXsponR570.06Cg193000	Sigma70-like	TFF
SoffiXsponR570.06Cg193500	SET	OTR
SoffiXsponR570.06Cg194800	MYB-related	TFF
SoffiXsponR570.06Cg195300	Sigma70-like	TFF
SoffiXsponR570.06Cg195500	MYB-related	TFF
SoffiXsponR570.06Cg202100	bHLH	TFF
SoffiXsponR570.06Dg000200	MYB-related	TFF
SoffiXsponR570.06Dg002500	GRAS	TFF
SoffiXsponR570.06Dg008500	Top	TFF
SoffiXsponR570.06Dg008700	Top	TFF
SoffiXsponR570.06Dg009400	bHLH	TFF
SoffiXsponR570.06Dg009900	ABI3VP1	TFF
SoffiXsponR570.06Dg010000	ABI3VP1	TFF
SoffiXsponR570.06Dg010500	FHA	TFF
SoffiXsponR570.06Dg016300	AUX/IAA	OTR
SoffiXsponR570.06Dg018600	C2H2	TFF
SoffiXsponR570.06Dg019100	HMG	OTR
SoffiXsponR570.06Dg019800	WRKY	TFF
SoffiXsponR570.06Dg020800	AUX/IAA	OTR
SoffiXsponR570.06Dg021800	NAC	TFF
SoffiXsponR570.06Dg022100	NAC	TFF
SoffiXsponR570.06Dg022700	MYB-related	TFF
SoffiXsponR570.06Dg024300	bHLH	TFF
SoffiXsponR570.06Dg024500	bHLH	TFF
SoffiXsponR570.06Dg024600	bHLH	TFF
SoffiXsponR570.06Dg025600	MADS	TFF
SoffiXsponR570.06Dg032300	OFP	TFF
SoffiXsponR570.06Dg033300	MYB	TFF
SoffiXsponR570.06Dg034100	C2H2	TFF
SoffiXsponR570.06Dg034300	AUX/IAA	OTR
SoffiXsponR570.06Dg034700	GNAT	OTR
SoffiXsponR570.06Dg035300	NAC	TFF
SoffiXsponR570.06Dg035800	ABI3VP1	TFF
SoffiXsponR570.06Dg036700	bHLH	TFF
SoffiXsponR570.06Dg041000	WRKY	TFF
SoffiXsponR570.06Dg042200	OFP	TFF
SoffiXsponR570.06Dg046300	WRKY	TFF
SoffiXsponR570.06Dg047000	AP2-EREBP	TFF
SoffiXsponR570.06Dg047400	MADS	TFF
SoffiXsponR570.06Dg048600	AP2-EREBP	TFF
SoffiXsponR570.06Dg048800	MYB	TFF
SoffiXsponR570.06Dg050700	FHA	TFF
SoffiXsponR570.06Dg054500	AP2-EREBP	TFF
SoffiXsponR570.06Dg061900	GNAT	OTR
SoffiXsponR570.06Dg062200	GNAT	OTR
SoffiXsponR570.06Dg063300	NAC	TFF
SoffiXsponR570.06Dg065600	SRS	TFF
SoffiXsponR570.06Dg065800	SET	OTR
SoffiXsponR570.06Dg067000	AP2-EREBP	TFF
SoffiXsponR570.06Dg071700	TRAF	OTR
SoffiXsponR570.06Dg074600	mTERF	OTR
SoffiXsponR570.06Dg074700	mTERF	OTR
SoffiXsponR570.06Dg075400	mTERF	OTR
SoffiXsponR570.06Dg077300	SWI/SNF-BAF60b	OTR
SoffiXsponR570.06Dg079300	HB	TFF
SoffiXsponR570.06Dg079400	bHLH	TFF
SoffiXsponR570.06Dg082000	MYB	TFF
SoffiXsponR570.06Dg083200	CCAAT	TFF
SoffiXsponR570.06Dg083600	C2H2	TFF
SoffiXsponR570.06Dg085200	CCAAT	TFF
SoffiXsponR570.06Dg091400	AP2-EREBP	TFF
SoffiXsponR570.06Dg092200	WRKY	TFF
SoffiXsponR570.06Dg093600	OFP	TFF
SoffiXsponR570.06Dg094600	WRKY	TFF
SoffiXsponR570.06Dg094700	WRKY	TFF
SoffiXsponR570.06Dg095600	GNAT	OTR
SoffiXsponR570.06Dg095800	ABI3VP1	TFF
SoffiXsponR570.06Dg097100	GRAS	TFF
SoffiXsponR570.06Dg097600	NOT2_3_5	OTR
SoffiXsponR570.06Dg098100	MYB-related	TFF
SoffiXsponR570.06Dg099000	bZIP	TFF
SoffiXsponR570.06Dg100000	SET	OTR
SoffiXsponR570.06Dg100800	MYB-related	TFF
SoffiXsponR570.06Dg101100	bZIP	TFF
SoffiXsponR570.06Dg102800	CCAAT	TFF
SoffiXsponR570.06Dg103500	bZIP	TFF
SoffiXsponR570.06Dg104800	AP2-EREBP	TFF
SoffiXsponR570.06Dg104900	AP2-EREBP	TFF
SoffiXsponR570.06Dg107700	GRAS	TFF
SoffiXsponR570.06Dg110300	NAC	TFF
SoffiXsponR570.06Dg111600	CPP	TFF
SoffiXsponR570.06Dg114100	BSD	TFF
SoffiXsponR570.06Dg114800	TCP	TFF
SoffiXsponR570.06Dg115800	TUB	TFF
SoffiXsponR570.06Dg116000	C2C2-Dof	TFF
SoffiXsponR570.06Dg117000	ARF	TFF
SoffiXsponR570.06Dg117700	VOZ	TFF
SoffiXsponR570.06Dg118300	OFP	TFF
SoffiXsponR570.06Dg122700	MYB	TFF
SoffiXsponR570.06Dg125900	ABI3VP1	TFF
SoffiXsponR570.06Dg125900	AP2-EREBP	TFF
SoffiXsponR570.06Dg126700	Sigma70-like	TFF
SoffiXsponR570.06Dg127200	Sigma70-like	TFF
SoffiXsponR570.06Dg130600	MYB	TFF
SoffiXsponR570.06Dg134900	AUX/IAA	OTR
SoffiXsponR570.06Dg136500	TUB	TFF
SoffiXsponR570.06Dg136600	Trihelix	TFF
SoffiXsponR570.06Dg137800	DDT	OTR
SoffiXsponR570.06Dg138000	NAC	TFF
SoffiXsponR570.06Dg138200	ABI3VP1	TFF
SoffiXsponR570.06Dg138200	ARF	TFF
SoffiXsponR570.06Dg139200	C3H	TFF
SoffiXsponR570.06Dg139900	AP2-EREBP	TFF
SoffiXsponR570.06Dg141100	WRKY	TFF
SoffiXsponR570.06Dg142200	WRKY	TFF
SoffiXsponR570.06Dg142700	MYB-related	TFF
SoffiXsponR570.06Dg143400	C2C2-GATA	TFF
SoffiXsponR570.06Dg145100	bZIP	TFF
SoffiXsponR570.06Dg146000	WRKY	TFF
SoffiXsponR570.06Dg146200	AP2-EREBP	TFF
SoffiXsponR570.06Dg146800	MADS	TFF
SoffiXsponR570.06Dg147100	CCAAT	TFF
SoffiXsponR570.06Dg147200	CCAAT	TFF
SoffiXsponR570.06Dg148800	C3H	TFF
SoffiXsponR570.06Dg150900	C2C2-GATA	TFF
SoffiXsponR570.06Dg151300	zf-HD	TFF
SoffiXsponR570.06Dg151400	MYB-related	TFF
SoffiXsponR570.06Dg151500	MYB-related	TFF
SoffiXsponR570.06Dg152000	NAC	TFF
SoffiXsponR570.06Dg154400	WRKY	TFF
SoffiXsponR570.06Dg154600	OFP	TFF
SoffiXsponR570.06Dg154900	WRKY	TFF
SoffiXsponR570.06Dg157100	bHLH	TFF
SoffiXsponR570.06Dg157700	Sigma70-like	TFF
SoffiXsponR570.06Dg158200	SET	OTR
SoffiXsponR570.06Dg159900	Sigma70-like	TFF
SoffiXsponR570.06Dg160200	MYB-related	TFF
SoffiXsponR570.06Dg166300	bHLH	TFF
SoffiXsponR570.06Eg008900	C2H2	TFF
SoffiXsponR570.06Eg012800	GRAS	TFF
SoffiXsponR570.06Eg012900	GRAS	TFF
SoffiXsponR570.06Eg013000	GRAS	TFF
SoffiXsponR570.06Eg013100	GRAS	TFF
SoffiXsponR570.06Eg013300	GRAS	TFF
SoffiXsponR570.06Eg016700	C2C2-Dof	TFF
SoffiXsponR570.06Eg019400	C2H2	TFF
SoffiXsponR570.06Eg019700	MYB-related	TFF
SoffiXsponR570.06Eg019700	MYB	TFF
SoffiXsponR570.06Eg019900	MYB	TFF
SoffiXsponR570.06Eg028600	C2H2	TFF
SoffiXsponR570.06Eg028800	AP2-EREBP	TFF
SoffiXsponR570.06Eg030300	SAP	TFF
SoffiXsponR570.06Eg031600	MYB-related	TFF
SoffiXsponR570.06Eg033500	bZIP	TFF
SoffiXsponR570.06Eg033600	HB	TFF
SoffiXsponR570.06Eg035600	MYB	TFF
SoffiXsponR570.06Eg038400	WRKY	TFF
SoffiXsponR570.06Eg039500	bHLH	TFF
SoffiXsponR570.06Eg039700	bHLH	TFF
SoffiXsponR570.06Eg039800	MYB	TFF
SoffiXsponR570.06Eg044000	MYB-related	TFF
SoffiXsponR570.06Eg044100	MYB-related	TFF
SoffiXsponR570.06Eg044200	MYB-related	TFF
SoffiXsponR570.06Eg044600	Top	TFF
SoffiXsponR570.06Eg044800	MYB-related	TFF
SoffiXsponR570.06Eg048000	GRAS	TFF
SoffiXsponR570.06Eg055800	Top	TFF
SoffiXsponR570.06Eg056200	Top	TFF
SoffiXsponR570.06Eg057000	C2C2-GATA	TFF
SoffiXsponR570.06Eg059100	GRAS	TFF
SoffiXsponR570.06Eg062700	Alfin-like	TFF
SoffiXsponR570.06Eg065000	AUX/IAA	OTR
SoffiXsponR570.06Eg068100	HMG	OTR
SoffiXsponR570.06Eg068500	WRKY	TFF
SoffiXsponR570.06Eg069300	AUX/IAA	OTR
SoffiXsponR570.06Eg070500	NAC	TFF
SoffiXsponR570.06Eg071100	MYB-related	TFF
SoffiXsponR570.06Eg075900	OFP	TFF
SoffiXsponR570.06Eg076700	MYB	TFF
SoffiXsponR570.06Eg077700	C2H2	TFF
SoffiXsponR570.06Eg077900	AUX/IAA	OTR
SoffiXsponR570.06Eg078400	GNAT	OTR
SoffiXsponR570.06Eg078800	NAC	TFF
SoffiXsponR570.06Eg080100	bHLH	TFF
SoffiXsponR570.06Eg081300	WRKY	TFF
SoffiXsponR570.06Eg082400	OFP	TFF
SoffiXsponR570.06Eg086300	WRKY	TFF
SoffiXsponR570.06Eg087100	AP2-EREBP	TFF
SoffiXsponR570.06Eg087500	MADS	TFF
SoffiXsponR570.06Eg088800	AP2-EREBP	TFF
SoffiXsponR570.06Eg088900	MYB	TFF
SoffiXsponR570.06Eg090900	FHA	TFF
SoffiXsponR570.06Eg094700	AP2-EREBP	TFF
SoffiXsponR570.06Eg094900	AP2-EREBP	TFF
SoffiXsponR570.06Eg102600	GNAT	OTR
SoffiXsponR570.06Eg103700	NAC	TFF
SoffiXsponR570.06Eg105800	SRS	TFF
SoffiXsponR570.06Eg106000	SET	OTR
SoffiXsponR570.06Eg107100	AP2-EREBP	TFF
SoffiXsponR570.06Eg111600	TRAF	OTR
SoffiXsponR570.06Eg114000	mTERF	OTR
SoffiXsponR570.06Eg114100	mTERF	OTR
SoffiXsponR570.06Eg114900	mTERF	OTR
SoffiXsponR570.06Eg116800	SBP	TFF
SoffiXsponR570.06Eg119200	bZIP	TFF
SoffiXsponR570.06Eg119400	MYB-related	TFF
SoffiXsponR570.06Eg119800	MED26	OTR
SoffiXsponR570.06Eg121900	NAC	TFF
SoffiXsponR570.06Eg122100	Alfin-like	TFF
SoffiXsponR570.06Eg122900	AP2-EREBP	TFF
SoffiXsponR570.06Eg123400	SWI/SNF-BAF60b	OTR
SoffiXsponR570.06Eg123600	NAC	TFF
SoffiXsponR570.06Eg123900	MADS	TFF
SoffiXsponR570.06Eg124900	GRAS	TFF
SoffiXsponR570.06Eg125200	NAC	TFF
SoffiXsponR570.06Eg128800	MYB	TFF
SoffiXsponR570.06Eg131500	MYB-related	TFF
SoffiXsponR570.06Eg131700	AP2-EREBP	TFF
SoffiXsponR570.06Eg132200	bZIP	TFF
SoffiXsponR570.06Eg132300	TUB	TFF
SoffiXsponR570.06Eg132500	MYB-related	TFF
SoffiXsponR570.06Eg133500	C2C2-Dof	TFF
SoffiXsponR570.06Eg134000	OFP	TFF
SoffiXsponR570.06Eg134100	OFP	TFF
SoffiXsponR570.06Eg134300	MYB-related	TFF
SoffiXsponR570.06Eg134400	MYB-related	TFF
SoffiXsponR570.06Eg134500	NAC	TFF
SoffiXsponR570.06Eg135300	bZIP	TFF
SoffiXsponR570.06Eg135400	C2H2	TFF
SoffiXsponR570.06Eg137300	MYB	TFF
SoffiXsponR570.06Eg138800	HB	TFF
SoffiXsponR570.06Eg138900	bHLH	TFF
SoffiXsponR570.06Eg141500	MYB	TFF
SoffiXsponR570.06Eg144800	CCAAT	TFF
SoffiXsponR570.06Eg149100	AP2-EREBP	TFF
SoffiXsponR570.06Eg149900	WRKY	TFF
SoffiXsponR570.06Eg151100	OFP	TFF
SoffiXsponR570.06Eg152000	WRKY	TFF
SoffiXsponR570.06Eg152100	WRKY	TFF
SoffiXsponR570.06Fg007400	C2H2	TFF
SoffiXsponR570.06Fg011100	GRAS	TFF
SoffiXsponR570.06Fg011200	GRAS	TFF
SoffiXsponR570.06Fg011300	GRAS	TFF
SoffiXsponR570.06Fg014100	C2C2-Dof	TFF
SoffiXsponR570.06Fg016000	C2H2	TFF
SoffiXsponR570.06Fg016300	MYB-related	TFF
SoffiXsponR570.06Fg016300	MYB	TFF
SoffiXsponR570.06Fg016500	MYB-related	TFF
SoffiXsponR570.06Fg016500	MYB	TFF
SoffiXsponR570.06Fg021500	SAP	TFF
SoffiXsponR570.06Fg022500	MYB-related	TFF
SoffiXsponR570.06Fg023700	C3H	TFF
SoffiXsponR570.06Fg025200	bZIP	TFF
SoffiXsponR570.06Fg025300	HB	TFF
SoffiXsponR570.06Fg027600	MYB	TFF
SoffiXsponR570.06Fg027700	MYB	TFF
SoffiXsponR570.06Fg031600	bHLH	TFF
SoffiXsponR570.06Fg031700	bHLH	TFF
SoffiXsponR570.06Fg031900	MYB	TFF
SoffiXsponR570.06Fg034200	MYB-related	TFF
SoffiXsponR570.06Fg034300	MYB-related	TFF
SoffiXsponR570.06Fg034600	Top	TFF
SoffiXsponR570.06Fg042900	ABI3VP1	TFF
SoffiXsponR570.06Fg043700	Top	TFF
SoffiXsponR570.06Fg044400	C2C2-GATA	TFF
SoffiXsponR570.06Fg050500	Alfin-like	TFF
SoffiXsponR570.06Fg051400	bHLH	TFF
SoffiXsponR570.06Fg051800	ABI3VP1	TFF
SoffiXsponR570.06Fg051900	ABI3VP1	TFF
SoffiXsponR570.06Fg052100	FHA	TFF
SoffiXsponR570.06Fg058600	AUX/IAA	OTR
SoffiXsponR570.06Fg062500	WRKY	TFF
SoffiXsponR570.06Fg063500	AUX/IAA	OTR
SoffiXsponR570.06Fg064600	NAC	TFF
SoffiXsponR570.06Fg065400	MYB-related	TFF
SoffiXsponR570.06Fg067000	bHLH	TFF
SoffiXsponR570.06Fg067100	bHLH	TFF
SoffiXsponR570.06Fg067200	bHLH	TFF
SoffiXsponR570.06Fg068400	MADS	TFF
SoffiXsponR570.06Fg073500	OFP	TFF
SoffiXsponR570.06Fg074300	MYB	TFF
SoffiXsponR570.06Fg074900	C2H2	TFF
SoffiXsponR570.06Fg075100	AUX/IAA	OTR
SoffiXsponR570.06Fg075500	GNAT	OTR
SoffiXsponR570.06Fg075900	NAC	TFF
SoffiXsponR570.06Fg077300	bHLH	TFF
SoffiXsponR570.06Fg082000	C2H2	TFF
SoffiXsponR570.06Fg083800	CCAAT	TFF
SoffiXsponR570.06Fg088000	AP2-EREBP	TFF
SoffiXsponR570.06Fg088800	WRKY	TFF
SoffiXsponR570.06Fg090300	OFP	TFF
SoffiXsponR570.06Fg091500	WRKY	TFF
SoffiXsponR570.06Fg091600	WRKY	TFF
SoffiXsponR570.06Fg092100	SET	OTR
SoffiXsponR570.06Fg092900	MYB-related	TFF
SoffiXsponR570.06Fg093200	bZIP	TFF
SoffiXsponR570.06Fg094600	CCAAT	TFF
SoffiXsponR570.06Fg095300	bZIP	TFF
SoffiXsponR570.06Fg096500	AP2-EREBP	TFF
SoffiXsponR570.06Fg099100	GRAS	TFF
SoffiXsponR570.06Fg101900	NAC	TFF
SoffiXsponR570.06Fg103000	CPP	TFF
SoffiXsponR570.06Fg105300	BSD	TFF
SoffiXsponR570.06Fg106000	TCP	TFF
SoffiXsponR570.06Fg106900	TUB	TFF
SoffiXsponR570.06Fg107100	C2C2-Dof	TFF
SoffiXsponR570.06Fg108000	ARF	TFF
SoffiXsponR570.06Fg108800	VOZ	TFF
SoffiXsponR570.06Fg109600	OFP	TFF
SoffiXsponR570.06Fg111400	PHD	OTR
SoffiXsponR570.06Fg112700	C2C2-GATA	TFF
SoffiXsponR570.06Fg114600	AUX/IAA	OTR
SoffiXsponR570.06Fg116800	C3H	TFF
SoffiXsponR570.06Fg119300	WRKY	TFF
SoffiXsponR570.06Fg120500	HSF	TFF
SoffiXsponR570.06Fg124900	AP2-EREBP	TFF
SoffiXsponR570.06Fg125300	WRKY	TFF
SoffiXsponR570.06Fg127600	bHLH	TFF
SoffiXsponR570.06Fg129900	MYB	TFF
SoffiXsponR570.06Fg133400	ABI3VP1	TFF
SoffiXsponR570.06Fg133400	AP2-EREBP	TFF
SoffiXsponR570.06Fg134000	Sigma70-like	TFF
SoffiXsponR570.06Fg137200	MYB	TFF
SoffiXsponR570.06Fg142100	AUX/IAA	OTR
SoffiXsponR570.06Fg143500	Trihelix	TFF
SoffiXsponR570.06Fg144500	DDT	OTR
SoffiXsponR570.06Fg144700	NAC	TFF
SoffiXsponR570.06Fg144900	ABI3VP1	TFF
SoffiXsponR570.06Fg144900	ARF	TFF
SoffiXsponR570.06Fg145700	C3H	TFF
SoffiXsponR570.06Fg146400	AP2-EREBP	TFF
SoffiXsponR570.06Fg147700	WRKY	TFF
SoffiXsponR570.06Fg148600	WRKY	TFF
SoffiXsponR570.06Fg149000	MYB-related	TFF
SoffiXsponR570.06Fg149800	C2C2-GATA	TFF
SoffiXsponR570.06Fg150400	C2C2-GATA	TFF
SoffiXsponR570.06Fg151400	Sigma70-like	TFF
SoffiXsponR570.06Fg153200	bZIP	TFF
SoffiXsponR570.06Fg154200	WRKY	TFF
SoffiXsponR570.06Fg154400	AP2-EREBP	TFF
SoffiXsponR570.06Fg155100	MADS	TFF
SoffiXsponR570.06Fg155400	CCAAT	TFF
SoffiXsponR570.06Fg155500	CCAAT	TFF
SoffiXsponR570.06Fg157100	C3H	TFF
SoffiXsponR570.06Fg159000	C2C2-GATA	TFF
SoffiXsponR570.06Fg159500	zf-HD	TFF
SoffiXsponR570.06Fg159600	MYB-related	TFF
SoffiXsponR570.06Fg159700	MYB-related	TFF
SoffiXsponR570.06Fg160200	NAC	TFF
SoffiXsponR570.06Fg162700	WRKY	TFF
SoffiXsponR570.06Fg162900	OFP	TFF
SoffiXsponR570.06Fg163100	WRKY	TFF
SoffiXsponR570.06Fg165300	bHLH	TFF
SoffiXsponR570.06Fg166000	Sigma70-like	TFF
SoffiXsponR570.06Fg166500	SET	OTR
SoffiXsponR570.06Fg167800	MYB-related	TFF
SoffiXsponR570.06Fg168600	Sigma70-like	TFF
SoffiXsponR570.06Fg168900	MYB-related	TFF
SoffiXsponR570.06Fg169200	SET	OTR
SoffiXsponR570.06Fg175300	bHLH	TFF
SoffiXsponR570.06Gg005000	bHLH	TFF
SoffiXsponR570.06Gg006300	WRKY	TFF
SoffiXsponR570.06Gg007200	OFP	TFF
SoffiXsponR570.06Gg010200	WRKY	TFF
SoffiXsponR570.06Gg010800	AP2-EREBP	TFF
SoffiXsponR570.06Gg011200	MADS	TFF
SoffiXsponR570.06Gg012400	AP2-EREBP	TFF
SoffiXsponR570.06Gg012500	MYB	TFF
SoffiXsponR570.06Gg014300	FHA	TFF
SoffiXsponR570.06Gg017900	AP2-EREBP	TFF
SoffiXsponR570.06Gg018000	AP2-EREBP	TFF
SoffiXsponR570.06Gg021900	PHD	OTR
SoffiXsponR570.06Gg025200	GNAT	OTR
SoffiXsponR570.06Gg026100	NAC	TFF
SoffiXsponR570.06Gg028100	SRS	TFF
SoffiXsponR570.06Gg028300	SET	OTR
SoffiXsponR570.06Gg029800	AP2-EREBP	TFF
SoffiXsponR570.06Gg034700	TRAF	OTR
SoffiXsponR570.06Gg037200	mTERF	OTR
SoffiXsponR570.06Gg038000	mTERF	OTR
SoffiXsponR570.06Gg039300	SBP	TFF
SoffiXsponR570.06Gg039600	FAR1	TFF
SoffiXsponR570.06Gg041300	bZIP	TFF
SoffiXsponR570.06Gg041600	MYB-related	TFF
SoffiXsponR570.06Gg042400	MED26	OTR
SoffiXsponR570.06Gg044800	NAC	TFF
SoffiXsponR570.06Gg045000	Alfin-like	TFF
SoffiXsponR570.06Gg045700	AP2-EREBP	TFF
SoffiXsponR570.06Gg046000	SWI/SNF-BAF60b	OTR
SoffiXsponR570.06Gg046200	NAC	TFF
SoffiXsponR570.06Gg046400	MADS	TFF
SoffiXsponR570.06Gg047600	GRAS	TFF
SoffiXsponR570.06Gg047900	NAC	TFF
SoffiXsponR570.06Gg051200	MYB	TFF
SoffiXsponR570.06Gg051600	zf-BED	TFF
SoffiXsponR570.06Gg053800	MYB-related	TFF
SoffiXsponR570.06Gg054000	AP2-EREBP	TFF
SoffiXsponR570.06Gg054500	bZIP	TFF
SoffiXsponR570.06Gg054600	TUB	TFF
SoffiXsponR570.06Gg054900	MYB-related	TFF
SoffiXsponR570.06Gg055600	C2C2-Dof	TFF
SoffiXsponR570.06Gg056200	OFP	TFF
SoffiXsponR570.06Gg056300	OFP	TFF
SoffiXsponR570.06Gg056500	MYB-related	TFF
SoffiXsponR570.06Gg056600	MYB-related	TFF
SoffiXsponR570.06Gg056900	NAC	TFF
SoffiXsponR570.06Gg057700	bZIP	TFF
SoffiXsponR570.06Gg057800	C2H2	TFF
SoffiXsponR570.06Gg059900	MYB	TFF
SoffiXsponR570.06Gg061600	HB	TFF
SoffiXsponR570.06Gg061700	bHLH	TFF
SoffiXsponR570.06Gg064400	MYB	TFF
SoffiXsponR570.06Gg066300	C2H2	TFF
SoffiXsponR570.06Gg068300	CCAAT	TFF
SoffiXsponR570.06Gg072700	FAR1	TFF
SoffiXsponR570.06Gg073400	AP2-EREBP	TFF
SoffiXsponR570.06Gg074200	WRKY	TFF
SoffiXsponR570.06Gg075800	OFP	TFF
SoffiXsponR570.06Gg076700	WRKY	TFF
SoffiXsponR570.06Gg076800	WRKY	TFF
SoffiXsponR570.06Gg077800	GNAT	OTR
SoffiXsponR570.06Gg078000	ABI3VP1	TFF
SoffiXsponR570.06Gg079100	GRAS	TFF
SoffiXsponR570.06Gg079700	NOT2_3_5	OTR
SoffiXsponR570.06Gg080200	MYB-related	TFF
SoffiXsponR570.06Gg080900	bZIP	TFF
SoffiXsponR570.06Gg082100	SET	OTR
SoffiXsponR570.06Gg082800	MYB-related	TFF
SoffiXsponR570.06Gg083100	bZIP	TFF
SoffiXsponR570.06Gg084400	CCAAT	TFF
SoffiXsponR570.06Gg085200	bZIP	TFF
SoffiXsponR570.06Gg086400	AP2-EREBP	TFF
SoffiXsponR570.06Gg086500	AP2-EREBP	TFF
SoffiXsponR570.06Gg089500	GRAS	TFF
SoffiXsponR570.06Gg092500	NAC	TFF
SoffiXsponR570.06Gg093600	CPP	TFF
SoffiXsponR570.06Gg095800	BSD	TFF
SoffiXsponR570.06Gg096600	TCP	TFF
SoffiXsponR570.06Gg097500	TUB	TFF
SoffiXsponR570.06Gg097700	C2C2-Dof	TFF
SoffiXsponR570.06Gg098600	ARF	TFF
SoffiXsponR570.06Gg099400	VOZ	TFF
SoffiXsponR570.06Gg100000	OFP	TFF
SoffiXsponR570.06Gg101600	PHD	OTR
SoffiXsponR570.06Gg102900	C2C2-GATA	TFF
SoffiXsponR570.06Gg104200	AUX/IAA	OTR
SoffiXsponR570.06Gg106000	C3H	TFF
SoffiXsponR570.06Gg107900	WRKY	TFF
SoffiXsponR570.06Gg108900	HSF	TFF
SoffiXsponR570.06Gg113300	AP2-EREBP	TFF
SoffiXsponR570.06Gg114000	WRKY	TFF
SoffiXsponR570.06Gg118400	MYB	TFF
SoffiXsponR570.06Gg121600	zf-BED	TFF
SoffiXsponR570.06Gg121700	AP2-EREBP	TFF
SoffiXsponR570.06Gg125400	MYB	TFF
SoffiXsponR570.06Gg129800	AUX/IAA	OTR
SoffiXsponR570.06Gg131100	TUB	TFF
SoffiXsponR570.06Gg131200	Trihelix	TFF
SoffiXsponR570.06Gg132300	DDT	OTR
SoffiXsponR570.06Gg132500	NAC	TFF
SoffiXsponR570.06Gg132700	ARF	TFF
SoffiXsponR570.06Gg133100	AP2-EREBP	TFF
SoffiXsponR570.06Gg134300	WRKY	TFF
SoffiXsponR570.06Gg135100	WRKY	TFF
SoffiXsponR570.06Gg135500	MYB-related	TFF
SoffiXsponR570.06Gg136200	C2C2-GATA	TFF
SoffiXsponR570.06Gg137300	bZIP	TFF
SoffiXsponR570.06Gg138300	WRKY	TFF
SoffiXsponR570.06Gg138500	AP2-EREBP	TFF
SoffiXsponR570.06Gg139400	MADS	TFF
SoffiXsponR570.06Gg139700	CCAAT	TFF
SoffiXsponR570.06Gg141500	C3H	TFF
SoffiXsponR570.06Gg143600	C2C2-GATA	TFF
SoffiXsponR570.06Gg144100	zf-HD	TFF
SoffiXsponR570.06Gg144200	MYB-related	TFF
SoffiXsponR570.06Gg144300	MYB-related	TFF
SoffiXsponR570.06Gg144800	NAC	TFF
SoffiXsponR570.06Gg147400	OFP	TFF
SoffiXsponR570.06Gg147500	WRKY	TFF
SoffiXsponR570.06Gg149700	bHLH	TFF
SoffiXsponR570.06Gg150200	Sigma70-like	TFF
SoffiXsponR570.06Gg150700	SET	OTR
SoffiXsponR570.06Gg151800	MYB-related	TFF
SoffiXsponR570.06Gg152500	Sigma70-like	TFF
SoffiXsponR570.06Gg152700	MYB-related	TFF
SoffiXsponR570.06Gg153100	SET	OTR
SoffiXsponR570.06Gg159100	bHLH	TFF
SoffiXsponR570.07Ag001100	GeBP	TFF
SoffiXsponR570.07Ag003700	C3H	TFF
SoffiXsponR570.07Ag005300	GeBP	TFF
SoffiXsponR570.07Ag008400	MYB-related	TFF
SoffiXsponR570.07Ag009100	E2F-DP	TFF
SoffiXsponR570.07Ag009200	E2F-DP	TFF
SoffiXsponR570.07Ag015300	SET	OTR
SoffiXsponR570.07Ag017700	C2H2	TFF
SoffiXsponR570.07Ag019200	Top	TFF
SoffiXsponR570.07Ag019900	ARID	OTR
SoffiXsponR570.07Ag021500	Top	TFF
SoffiXsponR570.07Ag023500	ABI3VP1	TFF
SoffiXsponR570.07Ag023600	ABI3VP1	TFF
SoffiXsponR570.07Ag026000	TCP	TFF
SoffiXsponR570.07Ag030400	MYB	TFF
SoffiXsponR570.07Ag038000	bHLH	TFF
SoffiXsponR570.07Ag045600	bHLH	TFF
SoffiXsponR570.07Ag047800	ABI3VP1	TFF
SoffiXsponR570.07Ag048400	WRKY	TFF
SoffiXsponR570.07Ag048600	TIG	TFF
SoffiXsponR570.07Ag052300	Tify	TFF
SoffiXsponR570.07Ag054700	AP2-EREBP	TFF
SoffiXsponR570.07Ag059900	S1Fa-like	TFF
SoffiXsponR570.07Ag064200	OFP	TFF
SoffiXsponR570.07Ag064800	E2F-DP	TFF
SoffiXsponR570.07Ag067500	SWI/SNF-BAF60b	OTR
SoffiXsponR570.07Ag067900	SWI/SNF-BAF60b	OTR
SoffiXsponR570.07Ag070500	SET	OTR
SoffiXsponR570.07Ag071100	AP2-EREBP	TFF
SoffiXsponR570.07Ag071200	SET	OTR
SoffiXsponR570.07Ag071300	bHLH	TFF
SoffiXsponR570.07Ag071900	SET	OTR
SoffiXsponR570.07Ag072000	AP2-EREBP	TFF
SoffiXsponR570.07Ag074800	zf-HD	TFF
SoffiXsponR570.07Ag076100	NAC	TFF
SoffiXsponR570.07Ag077800	TRAF	OTR
SoffiXsponR570.07Ag077900	ARF	TFF
SoffiXsponR570.07Ag077900	AUX/IAA	OTR
SoffiXsponR570.07Ag079600	AP2-EREBP	TFF
SoffiXsponR570.07Ag079900	MADS	TFF
SoffiXsponR570.07Ag080400	NAC	TFF
SoffiXsponR570.07Ag081500	Alfin-like	TFF
SoffiXsponR570.07Ag081900	GRAS	TFF
SoffiXsponR570.07Ag082100	GRAS	TFF
SoffiXsponR570.07Ag084600	OFP	TFF
SoffiXsponR570.07Ag085500	FHA	TFF
SoffiXsponR570.07Ag090800	EIL	TFF
SoffiXsponR570.07Ag094100	NAC	TFF
SoffiXsponR570.07Ag094200	MYB	TFF
SoffiXsponR570.07Ag094400	MADS	TFF
SoffiXsponR570.07Ag096900	GNAT	OTR
SoffiXsponR570.07Ag100200	FAR1	TFF
SoffiXsponR570.07Ag101100	MYB	TFF
SoffiXsponR570.07Ag101300	C2H2	TFF
SoffiXsponR570.07Ag101600	WRKY	TFF
SoffiXsponR570.07Ag103400	C2H2	TFF
SoffiXsponR570.07Ag103500	NAC	TFF
SoffiXsponR570.07Ag103600	NAC	TFF
SoffiXsponR570.07Ag104800	FAR1	TFF
SoffiXsponR570.07Ag105600	NAC	TFF
SoffiXsponR570.07Ag105700	NAC	TFF
SoffiXsponR570.07Ag105800	NAC	TFF
SoffiXsponR570.07Ag106600	MYB-related	TFF
SoffiXsponR570.07Ag109100	TAZ	TFF
SoffiXsponR570.07Ag111000	GNAT	OTR
SoffiXsponR570.07Ag111900	Trihelix	TFF
SoffiXsponR570.07Ag113300	bHLH	TFF
SoffiXsponR570.07Ag115600	C2C2-CO-like	TFF
SoffiXsponR570.07Ag122900	MYB	TFF
SoffiXsponR570.07Ag123300	C1-4-t1	TFF
SoffiXsponR570.07Ag124900	MYB-related	TFF
SoffiXsponR570.07Ag128000	NAC	TFF
SoffiXsponR570.07Ag128700	MYB	TFF
SoffiXsponR570.07Ag130700	ARF	TFF
SoffiXsponR570.07Ag134600	TCP	TFF
SoffiXsponR570.07Ag136600	AP2-EREBP	TFF
SoffiXsponR570.07Ag136700	Top	TFF
SoffiXsponR570.07Ag140100	LIM	TFF
SoffiXsponR570.07Ag140300	MYB	TFF
SoffiXsponR570.07Ag140500	MYB	TFF
SoffiXsponR570.07Ag142300	C2C2-YABBY	TFF
SoffiXsponR570.07Ag142400	NAC	TFF
SoffiXsponR570.07Ag144400	C2C2-GATA	TFF
SoffiXsponR570.07Ag145400	Trihelix	TFF
SoffiXsponR570.07Ag146900	MYB-related	TFF
SoffiXsponR570.07Ag147600	SET	OTR
SoffiXsponR570.07Ag147900	C2C2-GATA	TFF
SoffiXsponR570.07Ag148100	WRKY	TFF
SoffiXsponR570.07Ag149500	AP2-EREBP	TFF
SoffiXsponR570.07Ag149600	AP2-EREBP	TFF
SoffiXsponR570.07Ag149700	AP2-EREBP	TFF
SoffiXsponR570.07Ag149800	AP2-EREBP	TFF
SoffiXsponR570.07Ag149900	AP2-EREBP	TFF
SoffiXsponR570.07Ag150000	AP2-EREBP	TFF
SoffiXsponR570.07Ag151100	MYB	TFF
SoffiXsponR570.07Ag151400	AP2-EREBP	TFF
SoffiXsponR570.07Ag151600	AP2-EREBP	TFF
SoffiXsponR570.07Ag151700	AP2-EREBP	TFF
SoffiXsponR570.07Ag152600	SBP	TFF
SoffiXsponR570.07Ag153400	C2H2	TFF
SoffiXsponR570.07Ag153500	C2H2	TFF
SoffiXsponR570.07Ag155200	GRAS	TFF
SoffiXsponR570.07Ag157600	bHLH	TFF
SoffiXsponR570.07Ag157800	bHLH	TFF
SoffiXsponR570.07Ag158100	bHLH	TFF
SoffiXsponR570.07Ag158200	bHLH	TFF
SoffiXsponR570.07Ag162700	RWP-RK	TFF
SoffiXsponR570.07Ag163900	C2H2	TFF
SoffiXsponR570.07Ag165100	C2C2-Dof	TFF
SoffiXsponR570.07Ag165600	HSF	TFF
SoffiXsponR570.07Ag168200	AP2-EREBP	TFF
SoffiXsponR570.07Ag168300	AP2-EREBP	TFF
SoffiXsponR570.07Ag171200	OFP	TFF
SoffiXsponR570.07Ag172700	GRAS	TFF
SoffiXsponR570.07Ag174100	ABI3VP1	TFF
SoffiXsponR570.07Ag175300	MYB-related	TFF
SoffiXsponR570.07Ag180600	C2H2	TFF
SoffiXsponR570.07Ag180800	bHLH	TFF
SoffiXsponR570.07Ag181200	PLATZ	TFF
SoffiXsponR570.07Ag182000	Top	TFF
SoffiXsponR570.07Ag182100	MYB	TFF
SoffiXsponR570.07Ag183100	MYB	TFF
SoffiXsponR570.07Ag184200	WRKY	TFF
SoffiXsponR570.07Ag185900	MYB-related	TFF
SoffiXsponR570.07Ag186600	GRF	TFF
SoffiXsponR570.07Ag189300	WRKY	TFF
SoffiXsponR570.07Ag193100	PHD	OTR
SoffiXsponR570.07Ag193600	AP2-EREBP	TFF
SoffiXsponR570.07Ag196100	Rcd1-like	OTR
SoffiXsponR570.07Ag197200	MADS	TFF
SoffiXsponR570.07Ag201400	ABI3VP1	TFF
SoffiXsponR570.07Ag201800	bHLH	TFF
SoffiXsponR570.07Ag202300	NAC	TFF
SoffiXsponR570.07Ag206400	TRAF	OTR
SoffiXsponR570.07Ag206800	TRAF	OTR
SoffiXsponR570.07Ag209300	SET	OTR
SoffiXsponR570.07Ag212400	CSD	TFF
SoffiXsponR570.07Ag212900	zf-BED	TFF
SoffiXsponR570.07Ag217200	GNAT	OTR
SoffiXsponR570.07Ag219000	bZIP	TFF
SoffiXsponR570.07Ag219300	mTERF	OTR
SoffiXsponR570.07Ag222500	bHLH	TFF
SoffiXsponR570.07Ag231300	Tify	TFF
SoffiXsponR570.07Ag231500	AUX/IAA	OTR
SoffiXsponR570.07Ag231700	AP2-EREBP	TFF
SoffiXsponR570.07Ag232300	FAR1	TFF
SoffiXsponR570.07Ag233300	AP2-EREBP	TFF
SoffiXsponR570.07Ag233600	SBP	TFF
SoffiXsponR570.07Ag235600	TRAF	OTR
SoffiXsponR570.07Ag237600	MED7	OTR
SoffiXsponR570.07Ag237800	BSD	TFF
SoffiXsponR570.07Ag238700	MED7	OTR
SoffiXsponR570.07Ag238900	BSD	TFF
SoffiXsponR570.07Ag241500	ARF	TFF
SoffiXsponR570.07Ag242200	SWI/SNF-BAF60b	OTR
SoffiXsponR570.07Ag242500	MYB-related	TFF
SoffiXsponR570.07Ag242800	C3H	TFF
SoffiXsponR570.07Ag245000	AP2-EREBP	TFF
SoffiXsponR570.07Ag247800	C3H	TFF
SoffiXsponR570.07Ag248100	ARF	TFF
SoffiXsponR570.07Ag248100	AUX/IAA	OTR
SoffiXsponR570.07Ag252400	ABI3VP1	TFF
SoffiXsponR570.07Ag252500	MYB	TFF
SoffiXsponR570.07Ag253400	Top	TFF
SoffiXsponR570.07Ag253800	C2C2-Dof	TFF
SoffiXsponR570.07Ag258200	CCAAT	TFF
SoffiXsponR570.07Ag260000	OFP	TFF
SoffiXsponR570.07Ag263400	TUB	TFF
SoffiXsponR570.07Ag265500	ARF	TFF
SoffiXsponR570.07Ag266100	NAC	TFF
SoffiXsponR570.07Ag266700	SET	OTR
SoffiXsponR570.07Ag268500	NAC	TFF
SoffiXsponR570.07Bg000200	GeBP	TFF
SoffiXsponR570.07Bg000300	GeBP	TFF
SoffiXsponR570.07Bg003300	C3H	TFF
SoffiXsponR570.07Bg004100	NAC	TFF
SoffiXsponR570.07Bg004700	C2H2	TFF
SoffiXsponR570.07Bg005600	GeBP	TFF
SoffiXsponR570.07Bg008400	MYB-related	TFF
SoffiXsponR570.07Bg009100	E2F-DP	TFF
SoffiXsponR570.07Bg015200	SET	OTR
SoffiXsponR570.07Bg017500	C2H2	TFF
SoffiXsponR570.07Bg019300	Top	TFF
SoffiXsponR570.07Bg019800	ARID	OTR
SoffiXsponR570.07Bg020400	C2H2	TFF
SoffiXsponR570.07Bg021300	Top	TFF
SoffiXsponR570.07Bg021400	Top	TFF
SoffiXsponR570.07Bg021500	Top	TFF
SoffiXsponR570.07Bg025500	ABI3VP1	TFF
SoffiXsponR570.07Bg025600	ABI3VP1	TFF
SoffiXsponR570.07Bg027700	TCP	TFF
SoffiXsponR570.07Bg033000	MYB	TFF
SoffiXsponR570.07Bg039900	bHLH	TFF
SoffiXsponR570.07Bg040000	bHLH	TFF
SoffiXsponR570.07Bg048100	bHLH	TFF
SoffiXsponR570.07Bg051200	ABI3VP1	TFF
SoffiXsponR570.07Bg051500	ABI3VP1	TFF
SoffiXsponR570.07Bg052400	ABI3VP1	TFF
SoffiXsponR570.07Bg053000	TIG	TFF
SoffiXsponR570.07Bg057700	Tify	TFF
SoffiXsponR570.07Bg060500	AP2-EREBP	TFF
SoffiXsponR570.07Bg064400	zf-BED	TFF
SoffiXsponR570.07Bg067300	S1Fa-like	TFF
SoffiXsponR570.07Bg071700	OFP	TFF
SoffiXsponR570.07Bg072500	E2F-DP	TFF
SoffiXsponR570.07Bg075200	SWI/SNF-BAF60b	OTR
SoffiXsponR570.07Bg076800	SET	OTR
SoffiXsponR570.07Bg077500	AP2-EREBP	TFF
SoffiXsponR570.07Bg077700	bHLH	TFF
SoffiXsponR570.07Bg078000	bHLH	TFF
SoffiXsponR570.07Bg080400	GRAS	TFF
SoffiXsponR570.07Bg081300	zf-HD	TFF
SoffiXsponR570.07Bg082700	NAC	TFF
SoffiXsponR570.07Bg084400	DDT	OTR
SoffiXsponR570.07Bg085400	FAR1	TFF
SoffiXsponR570.07Bg085700	bHLH	TFF
SoffiXsponR570.07Bg086000	ARF	TFF
SoffiXsponR570.07Bg087500	FAR1	TFF
SoffiXsponR570.07Bg088000	AP2-EREBP	TFF
SoffiXsponR570.07Bg088300	MADS	TFF
SoffiXsponR570.07Bg089600	Alfin-like	TFF
SoffiXsponR570.07Bg090200	GRAS	TFF
SoffiXsponR570.07Bg090300	GRAS	TFF
SoffiXsponR570.07Bg093000	OFP	TFF
SoffiXsponR570.07Bg093900	FHA	TFF
SoffiXsponR570.07Bg101000	NAC	TFF
SoffiXsponR570.07Bg101100	MYB	TFF
SoffiXsponR570.07Bg101300	MADS	TFF
SoffiXsponR570.07Bg103900	GNAT	OTR
SoffiXsponR570.07Bg106500	PHD	OTR
SoffiXsponR570.07Bg107300	FAR1	TFF
SoffiXsponR570.07Bg108300	MYB-related	TFF
SoffiXsponR570.07Bg108300	MYB	TFF
SoffiXsponR570.07Bg108500	C2H2	TFF
SoffiXsponR570.07Bg108800	WRKY	TFF
SoffiXsponR570.07Bg110700	WRKY	TFF
SoffiXsponR570.07Bg111300	C2H2	TFF
SoffiXsponR570.07Bg111400	NAC	TFF
SoffiXsponR570.07Bg111500	NAC	TFF
SoffiXsponR570.07Bg112800	FAR1	TFF
SoffiXsponR570.07Bg113600	NAC	TFF
SoffiXsponR570.07Bg113700	NAC	TFF
SoffiXsponR570.07Bg114800	MYB-related	TFF
SoffiXsponR570.07Bg117100	TAZ	TFF
SoffiXsponR570.07Bg118300	GNAT	OTR
SoffiXsponR570.07Bg119200	Trihelix	TFF
SoffiXsponR570.07Bg120600	bHLH	TFF
SoffiXsponR570.07Bg125800	bZIP	TFF
SoffiXsponR570.07Bg126000	RWP-RK	TFF
SoffiXsponR570.07Bg127000	C2C2-CO-like	TFF
SoffiXsponR570.07Bg135300	MYB	TFF
SoffiXsponR570.07Bg135700	C1-4-t1	TFF
SoffiXsponR570.07Bg137000	MYB-related	TFF
SoffiXsponR570.07Bg140400	NAC	TFF
SoffiXsponR570.07Bg141200	MYB	TFF
SoffiXsponR570.07Bg143100	ARF	TFF
SoffiXsponR570.07Bg146900	TCP	TFF
SoffiXsponR570.07Bg149000	AP2-EREBP	TFF
SoffiXsponR570.07Bg153800	LIM	TFF
SoffiXsponR570.07Bg153900	MYB	TFF
SoffiXsponR570.07Bg154100	MYB	TFF
SoffiXsponR570.07Bg155700	C2C2-YABBY	TFF
SoffiXsponR570.07Bg155800	NAC	TFF
SoffiXsponR570.07Bg158000	C2C2-GATA	TFF
SoffiXsponR570.07Bg158900	Trihelix	TFF
SoffiXsponR570.07Bg160200	MYB-related	TFF
SoffiXsponR570.07Bg160800	SET	OTR
SoffiXsponR570.07Bg161100	C2C2-GATA	TFF
SoffiXsponR570.07Bg161400	WRKY	TFF
SoffiXsponR570.07Bg162800	AP2-EREBP	TFF
SoffiXsponR570.07Bg162900	AP2-EREBP	TFF
SoffiXsponR570.07Bg163000	AP2-EREBP	TFF
SoffiXsponR570.07Bg163100	AP2-EREBP	TFF
SoffiXsponR570.07Bg163200	AP2-EREBP	TFF
SoffiXsponR570.07Bg163400	zf-BED	TFF
SoffiXsponR570.07Bg164700	MYB	TFF
SoffiXsponR570.07Bg164900	AP2-EREBP	TFF
SoffiXsponR570.07Bg165000	AP2-EREBP	TFF
SoffiXsponR570.07Bg165100	AP2-EREBP	TFF
SoffiXsponR570.07Bg166000	SBP	TFF
SoffiXsponR570.07Bg166700	C2H2	TFF
SoffiXsponR570.07Bg166800	C2H2	TFF
SoffiXsponR570.07Bg168700	GRAS	TFF
SoffiXsponR570.07Bg170700	bHLH	TFF
SoffiXsponR570.07Bg170900	bHLH	TFF
SoffiXsponR570.07Bg171100	bHLH	TFF
SoffiXsponR570.07Bg174900	RWP-RK	TFF
SoffiXsponR570.07Bg175100	HMG	OTR
SoffiXsponR570.07Bg176200	C2H2	TFF
SoffiXsponR570.07Bg177500	C2C2-Dof	TFF
SoffiXsponR570.07Bg177900	HSF	TFF
SoffiXsponR570.07Bg179900	AP2-EREBP	TFF
SoffiXsponR570.07Bg180000	AP2-EREBP	TFF
SoffiXsponR570.07Bg183100	OFP	TFF
SoffiXsponR570.07Bg184600	GRAS	TFF
SoffiXsponR570.07Bg185700	ABI3VP1	TFF
SoffiXsponR570.07Bg187100	MYB-related	TFF
SoffiXsponR570.07Bg192000	C2H2	TFF
SoffiXsponR570.07Bg192300	bHLH	TFF
SoffiXsponR570.07Bg192600	PLATZ	TFF
SoffiXsponR570.07Bg193400	Top	TFF
SoffiXsponR570.07Bg193500	MYB-related	TFF
SoffiXsponR570.07Bg193500	MYB	TFF
SoffiXsponR570.07Bg194500	MYB	TFF
SoffiXsponR570.07Bg196000	WRKY	TFF
SoffiXsponR570.07Bg197600	MYB-related	TFF
SoffiXsponR570.07Bg198400	GRF	TFF
SoffiXsponR570.07Bg201400	WRKY	TFF
SoffiXsponR570.07Bg205100	PHD	OTR
SoffiXsponR570.07Bg205400	AP2-EREBP	TFF
SoffiXsponR570.07Bg208000	Rcd1-like	OTR
SoffiXsponR570.07Bg209100	MADS	TFF
SoffiXsponR570.07Bg213600	ABI3VP1	TFF
SoffiXsponR570.07Bg213800	bHLH	TFF
SoffiXsponR570.07Bg214200	NAC	TFF
SoffiXsponR570.07Bg215900	zf-BED	TFF
SoffiXsponR570.07Bg217400	FAR1	TFF
SoffiXsponR570.07Bg221600	SET	OTR
SoffiXsponR570.07Bg224100	CSD	TFF
SoffiXsponR570.07Bg228300	GNAT	OTR
SoffiXsponR570.07Bg230000	bZIP	TFF
SoffiXsponR570.07Bg230300	mTERF	OTR
SoffiXsponR570.07Bg232900	bHLH	TFF
SoffiXsponR570.07Bg236700	AP2-EREBP	TFF
SoffiXsponR570.07Bg236800	AP2-EREBP	TFF
SoffiXsponR570.07Bg240700	Tify	TFF
SoffiXsponR570.07Bg241100	AUX/IAA	OTR
SoffiXsponR570.07Bg241400	AP2-EREBP	TFF
SoffiXsponR570.07Bg241800	FAR1	TFF
SoffiXsponR570.07Bg243000	AP2-EREBP	TFF
SoffiXsponR570.07Bg243200	SBP	TFF
SoffiXsponR570.07Bg245000	TRAF	OTR
SoffiXsponR570.07Bg249000	ARF	TFF
SoffiXsponR570.07Bg249700	SWI/SNF-BAF60b	OTR
SoffiXsponR570.07Bg249900	MYB-related	TFF
SoffiXsponR570.07Bg250200	C3H	TFF
SoffiXsponR570.07Bg252900	AP2-EREBP	TFF
SoffiXsponR570.07Bg255600	C3H	TFF
SoffiXsponR570.07Bg255800	ARF	TFF
SoffiXsponR570.07Bg260700	ABI3VP1	TFF
SoffiXsponR570.07Bg260800	MYB	TFF
SoffiXsponR570.07Bg261900	Top	TFF
SoffiXsponR570.07Bg262500	C2C2-Dof	TFF
SoffiXsponR570.07Bg267100	CCAAT	TFF
SoffiXsponR570.07Bg269200	OFP	TFF
SoffiXsponR570.07Bg272500	TUB	TFF
SoffiXsponR570.07Bg274700	ARF	TFF
SoffiXsponR570.07Bg275800	SET	OTR
SoffiXsponR570.07Bg275900	PHD	OTR
SoffiXsponR570.07Bg277900	NAC	TFF
SoffiXsponR570.07Bg280700	bZIP	TFF
SoffiXsponR570.07Cg002300	GeBP	TFF
SoffiXsponR570.07Cg002400	GeBP	TFF
SoffiXsponR570.07Cg005000	C3H	TFF
SoffiXsponR570.07Cg009900	MYB-related	TFF
SoffiXsponR570.07Cg010600	E2F-DP	TFF
SoffiXsponR570.07Cg016500	SET	OTR
SoffiXsponR570.07Cg020000	C2H2	TFF
SoffiXsponR570.07Cg021500	Top	TFF
SoffiXsponR570.07Cg022400	ARID	OTR
SoffiXsponR570.07Cg022900	C2H2	TFF
SoffiXsponR570.07Cg024300	Top	TFF
SoffiXsponR570.07Cg026200	ABI3VP1	TFF
SoffiXsponR570.07Cg026300	ABI3VP1	TFF
SoffiXsponR570.07Cg028200	TCP	TFF
SoffiXsponR570.07Cg032800	MYB	TFF
SoffiXsponR570.07Cg039800	bHLH	TFF
SoffiXsponR570.07Cg039900	bHLH	TFF
SoffiXsponR570.07Cg046400	bHLH	TFF
SoffiXsponR570.07Cg049300	ABI3VP1	TFF
SoffiXsponR570.07Cg050100	CAMTA	TFF
SoffiXsponR570.07Cg055500	Tify	TFF
SoffiXsponR570.07Cg058300	AP2-EREBP	TFF
SoffiXsponR570.07Cg064600	S1Fa-like	TFF
SoffiXsponR570.07Cg069100	OFP	TFF
SoffiXsponR570.07Cg072100	SWI/SNF-BAF60b	OTR
SoffiXsponR570.07Cg074100	SET	OTR
SoffiXsponR570.07Cg074500	AP2-EREBP	TFF
SoffiXsponR570.07Cg074700	bHLH	TFF
SoffiXsponR570.07Cg075000	bHLH	TFF
SoffiXsponR570.07Cg075600	AP2-EREBP	TFF
SoffiXsponR570.07Cg075800	bHLH	TFF
SoffiXsponR570.07Cg076000	bHLH	TFF
SoffiXsponR570.07Cg076400	bHLH	TFF
SoffiXsponR570.07Cg077400	SET	OTR
SoffiXsponR570.07Cg079500	GRAS	TFF
SoffiXsponR570.07Cg080500	zf-HD	TFF
SoffiXsponR570.07Cg081800	NAC	TFF
SoffiXsponR570.07Cg083500	TRAF	OTR
SoffiXsponR570.07Cg083800	DDT	OTR
SoffiXsponR570.07Cg085100	bHLH	TFF
SoffiXsponR570.07Cg085500	ARF	TFF
SoffiXsponR570.07Cg085600	AUX/IAA	OTR
SoffiXsponR570.07Cg087200	AP2-EREBP	TFF
SoffiXsponR570.07Cg087500	MADS	TFF
SoffiXsponR570.07Cg088200	NAC	TFF
SoffiXsponR570.07Cg089300	Alfin-like	TFF
SoffiXsponR570.07Cg089900	GRAS	TFF
SoffiXsponR570.07Cg090000	GRAS	TFF
SoffiXsponR570.07Cg092900	OFP	TFF
SoffiXsponR570.07Cg093700	FHA	TFF
SoffiXsponR570.07Cg099200	EIL	TFF
SoffiXsponR570.07Cg102800	NAC	TFF
SoffiXsponR570.07Cg102900	MYB	TFF
SoffiXsponR570.07Cg103200	MADS	TFF
SoffiXsponR570.07Cg106100	GNAT	OTR
SoffiXsponR570.07Cg110000	C2H2	TFF
SoffiXsponR570.07Cg110500	WRKY	TFF
SoffiXsponR570.07Cg113400	C2H2	TFF
SoffiXsponR570.07Cg113500	NAC	TFF
SoffiXsponR570.07Cg113600	NAC	TFF
SoffiXsponR570.07Cg114800	FAR1	TFF
SoffiXsponR570.07Cg115600	NAC	TFF
SoffiXsponR570.07Cg115700	NAC	TFF
SoffiXsponR570.07Cg116700	MYB-related	TFF
SoffiXsponR570.07Cg118800	FAR1	TFF
SoffiXsponR570.07Cg119500	TAZ	TFF
SoffiXsponR570.07Cg120800	GNAT	OTR
SoffiXsponR570.07Cg122700	bHLH	TFF
SoffiXsponR570.07Cg127300	bZIP	TFF
SoffiXsponR570.07Cg127500	RWP-RK	TFF
SoffiXsponR570.07Cg128500	C2C2-CO-like	TFF
SoffiXsponR570.07Cg136100	MYB	TFF
SoffiXsponR570.07Cg136400	C1-4-t1	TFF
SoffiXsponR570.07Cg138100	MYB-related	TFF
SoffiXsponR570.07Cg141700	NAC	TFF
SoffiXsponR570.07Cg142500	MYB	TFF
SoffiXsponR570.07Cg143900	ARF	TFF
SoffiXsponR570.07Cg148000	TCP	TFF
SoffiXsponR570.07Cg152100	LIM	TFF
SoffiXsponR570.07Cg152200	MYB	TFF
SoffiXsponR570.07Cg152400	MYB	TFF
SoffiXsponR570.07Cg153900	C2C2-YABBY	TFF
SoffiXsponR570.07Cg154000	NAC	TFF
SoffiXsponR570.07Cg155800	C2C2-GATA	TFF
SoffiXsponR570.07Cg157300	Trihelix	TFF
SoffiXsponR570.07Cg158500	MYB-related	TFF
SoffiXsponR570.07Cg159100	SET	OTR
SoffiXsponR570.07Cg159500	C2C2-GATA	TFF
SoffiXsponR570.07Cg159700	WRKY	TFF
SoffiXsponR570.07Cg161200	AP2-EREBP	TFF
SoffiXsponR570.07Cg161400	AP2-EREBP	TFF
SoffiXsponR570.07Cg161500	AP2-EREBP	TFF
SoffiXsponR570.07Cg161600	AP2-EREBP	TFF
SoffiXsponR570.07Cg161700	AP2-EREBP	TFF
SoffiXsponR570.07Cg162800	MYB	TFF
SoffiXsponR570.07Cg163100	AP2-EREBP	TFF
SoffiXsponR570.07Cg163200	AP2-EREBP	TFF
SoffiXsponR570.07Cg163400	AP2-EREBP	TFF
SoffiXsponR570.07Cg164400	SBP	TFF
SoffiXsponR570.07Cg165100	C2H2	TFF
SoffiXsponR570.07Cg165200	C2H2	TFF
SoffiXsponR570.07Cg166900	GRAS	TFF
SoffiXsponR570.07Cg168800	bHLH	TFF
SoffiXsponR570.07Cg169000	bHLH	TFF
SoffiXsponR570.07Cg169200	bHLH	TFF
SoffiXsponR570.07Cg173500	RWP-RK	TFF
SoffiXsponR570.07Cg173700	HMG	OTR
SoffiXsponR570.07Cg174800	C2H2	TFF
SoffiXsponR570.07Cg176000	C2C2-Dof	TFF
SoffiXsponR570.07Cg176400	HSF	TFF
SoffiXsponR570.07Cg178700	AP2-EREBP	TFF
SoffiXsponR570.07Cg178800	AP2-EREBP	TFF
SoffiXsponR570.07Cg181600	OFP	TFF
SoffiXsponR570.07Cg183100	GRAS	TFF
SoffiXsponR570.07Cg183700	MADS	TFF
SoffiXsponR570.07Cg184200	ABI3VP1	TFF
SoffiXsponR570.07Cg185600	MYB-related	TFF
SoffiXsponR570.07Cg190500	C2H2	TFF
SoffiXsponR570.07Cg190700	bHLH	TFF
SoffiXsponR570.07Cg191100	PLATZ	TFF
SoffiXsponR570.07Cg191700	Top	TFF
SoffiXsponR570.07Cg191800	MYB	TFF
SoffiXsponR570.07Cg192900	MYB	TFF
SoffiXsponR570.07Cg194400	WRKY	TFF
SoffiXsponR570.07Cg195700	MYB-related	TFF
SoffiXsponR570.07Cg196400	GRF	TFF
SoffiXsponR570.07Cg202900	FAR1	TFF
SoffiXsponR570.07Cg203500	AP2-EREBP	TFF
SoffiXsponR570.07Cg206600	Rcd1-like	OTR
SoffiXsponR570.07Cg212000	bHLH	TFF
SoffiXsponR570.07Cg212800	NAC	TFF
SoffiXsponR570.07Cg213100	NAC	TFF
SoffiXsponR570.07Cg214600	zf-BED	TFF
SoffiXsponR570.07Cg220600	SET	OTR
SoffiXsponR570.07Cg223200	CSD	TFF
SoffiXsponR570.07Cg228100	GNAT	OTR
SoffiXsponR570.07Cg228200	GNAT	OTR
SoffiXsponR570.07Cg229900	bZIP	TFF
SoffiXsponR570.07Cg233100	bHLH	TFF
SoffiXsponR570.07Cg236900	AP2-EREBP	TFF
SoffiXsponR570.07Cg237000	AP2-EREBP	TFF
SoffiXsponR570.07Cg242000	Tify	TFF
SoffiXsponR570.07Cg242400	AUX/IAA	OTR
SoffiXsponR570.07Cg242600	AP2-EREBP	TFF
SoffiXsponR570.07Cg243100	FAR1	TFF
SoffiXsponR570.07Cg244100	AP2-EREBP	TFF
SoffiXsponR570.07Cg244300	SBP	TFF
SoffiXsponR570.07Cg245900	TRAF	OTR
SoffiXsponR570.07Cg248400	MED7	OTR
SoffiXsponR570.07Cg248900	BSD	TFF
SoffiXsponR570.07Cg249200	MED7	OTR
SoffiXsponR570.07Cg249600	BSD	TFF
SoffiXsponR570.07Cg251500	ARF	TFF
SoffiXsponR570.07Cg252100	SWI/SNF-BAF60b	OTR
SoffiXsponR570.07Cg252300	MYB-related	TFF
SoffiXsponR570.07Cg252700	C3H	TFF
SoffiXsponR570.07Cg255300	AP2-EREBP	TFF
SoffiXsponR570.07Cg258200	C3H	TFF
SoffiXsponR570.07Cg258400	ARF	TFF
SoffiXsponR570.07Cg258400	AUX/IAA	OTR
SoffiXsponR570.07Cg263600	ABI3VP1	TFF
SoffiXsponR570.07Cg263700	MYB	TFF
SoffiXsponR570.07Cg264700	Top	TFF
SoffiXsponR570.07Cg265100	C2C2-Dof	TFF
SoffiXsponR570.07Cg269600	CCAAT	TFF
SoffiXsponR570.07Cg271400	OFP	TFF
SoffiXsponR570.07Cg274800	TUB	TFF
SoffiXsponR570.07Cg277100	ARF	TFF
SoffiXsponR570.07Cg277500	NAC	TFF
SoffiXsponR570.07Cg278600	SET	OTR
SoffiXsponR570.07Cg278800	PHD	OTR
SoffiXsponR570.07Cg281000	NAC	TFF
SoffiXsponR570.07Dg005400	SET	OTR
SoffiXsponR570.07Dg007800	C2H2	TFF
SoffiXsponR570.07Dg010100	Top	TFF
SoffiXsponR570.07Dg012400	ARID	OTR
SoffiXsponR570.07Dg013000	C2H2	TFF
SoffiXsponR570.07Dg014200	Top	TFF
SoffiXsponR570.07Dg014400	Top	TFF
SoffiXsponR570.07Dg016900	ABI3VP1	TFF
SoffiXsponR570.07Dg017000	ABI3VP1	TFF
SoffiXsponR570.07Dg018500	TCP	TFF
SoffiXsponR570.07Dg023400	MYB	TFF
SoffiXsponR570.07Dg028500	TFIID	TFF
SoffiXsponR570.07Dg031200	bHLH	TFF
SoffiXsponR570.07Dg031300	bHLH	TFF
SoffiXsponR570.07Dg038200	bHLH	TFF
SoffiXsponR570.07Dg040700	ABI3VP1	TFF
SoffiXsponR570.07Dg040900	ABI3VP1	TFF
SoffiXsponR570.07Dg041100	ABI3VP1	TFF
SoffiXsponR570.07Dg041800	ABI3VP1	TFF
SoffiXsponR570.07Dg042400	TIG	TFF
SoffiXsponR570.07Dg045200	ARF	TFF
SoffiXsponR570.07Dg047300	Tify	TFF
SoffiXsponR570.07Dg050100	AP2-EREBP	TFF
SoffiXsponR570.07Dg055600	S1Fa-like	TFF
SoffiXsponR570.07Dg059900	OFP	TFF
SoffiXsponR570.07Dg060700	E2F-DP	TFF
SoffiXsponR570.07Dg062300	SWI/SNF-BAF60b	OTR
SoffiXsponR570.07Dg063100	OFP	TFF
SoffiXsponR570.07Dg063900	E2F-DP	TFF
SoffiXsponR570.07Dg065800	SWI/SNF-BAF60b	OTR
SoffiXsponR570.07Dg067900	SET	OTR
SoffiXsponR570.07Dg068700	AP2-EREBP	TFF
SoffiXsponR570.07Dg068800	bHLH	TFF
SoffiXsponR570.07Dg069900	SET	OTR
SoffiXsponR570.07Dg070000	AP2-EREBP	TFF
SoffiXsponR570.07Dg072300	GRAS	TFF
SoffiXsponR570.07Dg073300	zf-HD	TFF
SoffiXsponR570.07Dg074600	NAC	TFF
SoffiXsponR570.07Dg075800	TRAF	OTR
SoffiXsponR570.07Dg076000	DDT	OTR
SoffiXsponR570.07Dg077200	bHLH	TFF
SoffiXsponR570.07Dg077500	ARF	TFF
SoffiXsponR570.07Dg077500	AUX/IAA	OTR
SoffiXsponR570.07Dg079700	AP2-EREBP	TFF
SoffiXsponR570.07Dg080000	MADS	TFF
SoffiXsponR570.07Dg080400	RWP-RK	TFF
SoffiXsponR570.07Dg080700	bZIP	TFF
SoffiXsponR570.07Dg085900	bHLH	TFF
SoffiXsponR570.07Dg087200	Trihelix	TFF
SoffiXsponR570.07Dg087900	GNAT	OTR
SoffiXsponR570.07Dg089700	TAZ	TFF
SoffiXsponR570.07Dg092200	MYB-related	TFF
SoffiXsponR570.07Dg093000	NAC	TFF
SoffiXsponR570.07Dg093100	NAC	TFF
SoffiXsponR570.07Dg094100	FAR1	TFF
SoffiXsponR570.07Dg095300	NAC	TFF
SoffiXsponR570.07Dg095400	NAC	TFF
SoffiXsponR570.07Dg095500	C2H2	TFF
SoffiXsponR570.07Dg096000	WRKY	TFF
SoffiXsponR570.07Dg098100	WRKY	TFF
SoffiXsponR570.07Dg098500	C2H2	TFF
SoffiXsponR570.07Dg098700	MYB-related	TFF
SoffiXsponR570.07Dg099600	FAR1	TFF
SoffiXsponR570.07Dg100400	PHD	OTR
SoffiXsponR570.07Dg102900	GNAT	OTR
SoffiXsponR570.07Dg105700	MADS	TFF
SoffiXsponR570.07Dg106000	MYB	TFF
SoffiXsponR570.07Dg106100	NAC	TFF
SoffiXsponR570.07Dg114800	C2C2-CO-like	TFF
SoffiXsponR570.07Dg122300	MYB	TFF
SoffiXsponR570.07Dg122700	C1-4-t1	TFF
SoffiXsponR570.07Dg124500	MYB-related	TFF
SoffiXsponR570.07Dg127600	NAC	TFF
SoffiXsponR570.07Dg128400	MYB	TFF
SoffiXsponR570.07Dg130400	ARF	TFF
SoffiXsponR570.07Dg134000	TCP	TFF
SoffiXsponR570.07Dg136000	AP2-EREBP	TFF
SoffiXsponR570.07Dg136100	Top	TFF
SoffiXsponR570.07Dg139800	LIM	TFF
SoffiXsponR570.07Dg139900	MYB	TFF
SoffiXsponR570.07Dg140100	MYB	TFF
SoffiXsponR570.07Dg141800	C2C2-YABBY	TFF
SoffiXsponR570.07Dg141900	NAC	TFF
SoffiXsponR570.07Dg143700	C2C2-GATA	TFF
SoffiXsponR570.07Dg145400	AP2-EREBP	TFF
SoffiXsponR570.07Dg145500	AP2-EREBP	TFF
SoffiXsponR570.07Dg145600	AP2-EREBP	TFF
SoffiXsponR570.07Dg145700	AP2-EREBP	TFF
SoffiXsponR570.07Dg147400	WRKY	TFF
SoffiXsponR570.07Dg147600	C2C2-GATA	TFF
SoffiXsponR570.07Dg147900	SET	OTR
SoffiXsponR570.07Dg148600	MYB-related	TFF
SoffiXsponR570.07Dg149800	Trihelix	TFF
SoffiXsponR570.07Dg152600	MYB	TFF
SoffiXsponR570.07Dg152800	AP2-EREBP	TFF
SoffiXsponR570.07Dg152900	AP2-EREBP	TFF
SoffiXsponR570.07Dg153000	AP2-EREBP	TFF
SoffiXsponR570.07Dg154000	SBP	TFF
SoffiXsponR570.07Dg154800	C2H2	TFF
SoffiXsponR570.07Dg156600	GRAS	TFF
SoffiXsponR570.07Dg158500	NAC	TFF
SoffiXsponR570.07Dg158900	bHLH	TFF
SoffiXsponR570.07Dg159100	bHLH	TFF
SoffiXsponR570.07Dg159300	bHLH	TFF
SoffiXsponR570.07Dg163900	RWP-RK	TFF
SoffiXsponR570.07Dg164100	HMG	OTR
SoffiXsponR570.07Dg164700	C2H2	TFF
SoffiXsponR570.07Dg165800	C2C2-Dof	TFF
SoffiXsponR570.07Dg166100	HSF	TFF
SoffiXsponR570.07Dg168400	AP2-EREBP	TFF
SoffiXsponR570.07Dg168500	AP2-EREBP	TFF
SoffiXsponR570.07Dg171500	OFP	TFF
SoffiXsponR570.07Dg173100	GRAS	TFF
SoffiXsponR570.07Dg174200	zf-BED	TFF
SoffiXsponR570.07Dg174300	ABI3VP1	TFF
SoffiXsponR570.07Dg176200	MYB-related	TFF
SoffiXsponR570.07Dg183600	TRAF	OTR
SoffiXsponR570.07Dg186300	SET	OTR
SoffiXsponR570.07Dg188800	CSD	TFF
SoffiXsponR570.07Dg192600	GNAT	OTR
SoffiXsponR570.07Dg194300	bZIP	TFF
SoffiXsponR570.07Dg194500	mTERF	OTR
SoffiXsponR570.07Dg197300	bHLH	TFF
SoffiXsponR570.07Dg201300	AP2-EREBP	TFF
SoffiXsponR570.07Dg201400	AP2-EREBP	TFF
SoffiXsponR570.07Dg205200	Tify	TFF
SoffiXsponR570.07Dg205600	AUX/IAA	OTR
SoffiXsponR570.07Dg205800	AP2-EREBP	TFF
SoffiXsponR570.07Dg206200	FAR1	TFF
SoffiXsponR570.07Dg207400	AP2-EREBP	TFF
SoffiXsponR570.07Dg207600	SBP	TFF
SoffiXsponR570.07Dg209800	TRAF	OTR
SoffiXsponR570.07Dg211800	MED7	OTR
SoffiXsponR570.07Dg212000	BSD	TFF
SoffiXsponR570.07Dg214000	ARF	TFF
SoffiXsponR570.07Dg214700	SWI/SNF-BAF60b	OTR
SoffiXsponR570.07Dg214800	MYB-related	TFF
SoffiXsponR570.07Dg215100	C3H	TFF
SoffiXsponR570.07Dg217500	AP2-EREBP	TFF
SoffiXsponR570.07Dg219900	C3H	TFF
SoffiXsponR570.07Dg220400	ARF	TFF
SoffiXsponR570.07Dg224400	ABI3VP1	TFF
SoffiXsponR570.07Dg224500	MYB	TFF
SoffiXsponR570.07Dg225400	Top	TFF
SoffiXsponR570.07Dg226000	C2C2-Dof	TFF
SoffiXsponR570.07Dg230900	CCAAT	TFF
SoffiXsponR570.07Dg232400	OFP	TFF
SoffiXsponR570.07Dg235600	TUB	TFF
SoffiXsponR570.07Dg237000	ARF	TFF
SoffiXsponR570.07Dg237400	NAC	TFF
SoffiXsponR570.07Dg238200	SET	OTR
SoffiXsponR570.07Eg000300	GeBP	TFF
SoffiXsponR570.07Eg002700	C3H	TFF
SoffiXsponR570.07Eg003700	TCP	TFF
SoffiXsponR570.07Eg009200	MYB	TFF
SoffiXsponR570.07Eg016300	bHLH	TFF
SoffiXsponR570.07Eg023100	bHLH	TFF
SoffiXsponR570.07Eg025100	ABI3VP1	TFF
SoffiXsponR570.07Eg025600	TIG	TFF
SoffiXsponR570.07Eg028800	AP2-EREBP	TFF
SoffiXsponR570.07Eg029600	zf-BED	TFF
SoffiXsponR570.07Eg034400	S1Fa-like	TFF
SoffiXsponR570.07Eg039700	OFP	TFF
SoffiXsponR570.07Eg040500	FHA	TFF
SoffiXsponR570.07Eg048800	NAC	TFF
SoffiXsponR570.07Eg048900	MYB	TFF
SoffiXsponR570.07Eg049100	MADS	TFF
SoffiXsponR570.07Eg051900	GNAT	OTR
SoffiXsponR570.07Eg055500	MYB-related	TFF
SoffiXsponR570.07Eg055700	C2H2	TFF
SoffiXsponR570.07Eg056100	WRKY	TFF
SoffiXsponR570.07Eg058200	WRKY	TFF
SoffiXsponR570.07Eg058700	C2H2	TFF
SoffiXsponR570.07Eg058800	NAC	TFF
SoffiXsponR570.07Eg058900	NAC	TFF
SoffiXsponR570.07Eg060000	FAR1	TFF
SoffiXsponR570.07Eg060800	NAC	TFF
SoffiXsponR570.07Eg060900	NAC	TFF
SoffiXsponR570.07Eg061000	NAC	TFF
SoffiXsponR570.07Eg061900	MYB-related	TFF
SoffiXsponR570.07Eg064200	TAZ	TFF
SoffiXsponR570.07Eg066000	GNAT	OTR
SoffiXsponR570.07Eg066700	Trihelix	TFF
SoffiXsponR570.07Eg068000	bHLH	TFF
SoffiXsponR570.07Eg073700	bZIP	TFF
SoffiXsponR570.07Eg073900	RWP-RK	TFF
SoffiXsponR570.07Eg074900	C2C2-CO-like	TFF
SoffiXsponR570.07Eg082300	MYB	TFF
SoffiXsponR570.07Eg082700	C1-4-t1	TFF
SoffiXsponR570.07Eg087400	NAC	TFF
SoffiXsponR570.07Eg088200	MYB	TFF
SoffiXsponR570.07Eg090100	ARF	TFF
SoffiXsponR570.07Eg094700	TCP	TFF
SoffiXsponR570.07Eg096900	AP2-EREBP	TFF
SoffiXsponR570.07Eg097000	Top	TFF
SoffiXsponR570.07Eg100600	LIM	TFF
SoffiXsponR570.07Eg100700	MYB	TFF
SoffiXsponR570.07Eg100900	MYB	TFF
SoffiXsponR570.07Eg102500	C2C2-YABBY	TFF
SoffiXsponR570.07Eg102600	NAC	TFF
SoffiXsponR570.07Eg104300	C2C2-GATA	TFF
SoffiXsponR570.07Eg105300	Trihelix	TFF
SoffiXsponR570.07Eg106800	MYB-related	TFF
SoffiXsponR570.07Eg107600	SET	OTR
SoffiXsponR570.07Eg107900	C2C2-GATA	TFF
SoffiXsponR570.07Eg108100	WRKY	TFF
SoffiXsponR570.07Eg109700	AP2-EREBP	TFF
SoffiXsponR570.07Eg109800	AP2-EREBP	TFF
SoffiXsponR570.07Eg109900	AP2-EREBP	TFF
SoffiXsponR570.07Eg110000	AP2-EREBP	TFF
SoffiXsponR570.07Eg111100	MYB	TFF
SoffiXsponR570.07Eg111300	AP2-EREBP	TFF
SoffiXsponR570.07Eg111400	AP2-EREBP	TFF
SoffiXsponR570.07Eg111500	AP2-EREBP	TFF
SoffiXsponR570.07Eg112400	SBP	TFF
SoffiXsponR570.07Eg113100	C2H2	TFF
SoffiXsponR570.07Eg113200	C2H2	TFF
SoffiXsponR570.07Eg115000	GRAS	TFF
SoffiXsponR570.07Eg117000	NAC	TFF
SoffiXsponR570.07Eg117500	bHLH	TFF
SoffiXsponR570.07Eg117700	bHLH	TFF
SoffiXsponR570.07Eg118200	bHLH	TFF
SoffiXsponR570.07Eg118300	bHLH	TFF
SoffiXsponR570.07Eg123600	HMG	OTR
SoffiXsponR570.07Eg124800	C2H2	TFF
SoffiXsponR570.07Eg125800	C2C2-Dof	TFF
SoffiXsponR570.07Eg126200	HSF	TFF
SoffiXsponR570.07Eg128700	AP2-EREBP	TFF
SoffiXsponR570.07Eg128800	AP2-EREBP	TFF
SoffiXsponR570.07Eg131800	OFP	TFF
SoffiXsponR570.07Eg133500	GRAS	TFF
SoffiXsponR570.07Eg134000	MADS	TFF
SoffiXsponR570.07Eg134500	ABI3VP1	TFF
SoffiXsponR570.07Eg136000	MYB-related	TFF
SoffiXsponR570.07Eg141700	C2H2	TFF
SoffiXsponR570.07Eg141900	bHLH	TFF
SoffiXsponR570.07Eg142200	PLATZ	TFF
SoffiXsponR570.07Eg143200	Top	TFF
SoffiXsponR570.07Eg144800	WRKY	TFF
SoffiXsponR570.07Eg146600	MYB-related	TFF
SoffiXsponR570.07Eg147400	GRF	TFF
SoffiXsponR570.07Eg150100	WRKY	TFF
SoffiXsponR570.07Eg154100	PHD	OTR
SoffiXsponR570.07Eg154500	AP2-EREBP	TFF
SoffiXsponR570.07Eg157000	Rcd1-like	OTR
SoffiXsponR570.07Eg158200	MADS	TFF
SoffiXsponR570.07Eg162700	bHLH	TFF
SoffiXsponR570.07Eg163100	NAC	TFF
SoffiXsponR570.07Eg164500	zf-BED	TFF
SoffiXsponR570.07Eg167300	TRAF	OTR
SoffiXsponR570.07Eg170200	SET	OTR
SoffiXsponR570.07Eg172800	CSD	TFF
SoffiXsponR570.07Eg176800	GNAT	OTR
SoffiXsponR570.07Eg178700	bZIP	TFF
SoffiXsponR570.07Eg179000	mTERF	OTR
SoffiXsponR570.07Eg181800	bHLH	TFF
SoffiXsponR570.07Eg186100	AP2-EREBP	TFF
SoffiXsponR570.07Eg186200	AP2-EREBP	TFF
SoffiXsponR570.07Eg190600	Tify	TFF
SoffiXsponR570.07Eg191100	AUX/IAA	OTR
SoffiXsponR570.07Eg191400	AP2-EREBP	TFF
SoffiXsponR570.07Eg191800	FAR1	TFF
SoffiXsponR570.07Eg193000	AP2-EREBP	TFF
SoffiXsponR570.07Eg193300	SBP	TFF
SoffiXsponR570.07Eg197100	MED7	OTR
SoffiXsponR570.07Eg197200	BSD	TFF
SoffiXsponR570.07Eg198900	ARF	TFF
SoffiXsponR570.07Eg199500	SWI/SNF-BAF60b	OTR
SoffiXsponR570.07Eg199600	MYB-related	TFF
SoffiXsponR570.07Eg199900	C3H	TFF
SoffiXsponR570.07Eg202700	AP2-EREBP	TFF
SoffiXsponR570.07Eg205100	C3H	TFF
SoffiXsponR570.07Eg205300	ARF	TFF
SoffiXsponR570.07Eg205300	AUX/IAA	OTR
SoffiXsponR570.07Eg209500	ABI3VP1	TFF
SoffiXsponR570.07Eg209600	MYB	TFF
SoffiXsponR570.07Eg210600	Top	TFF
SoffiXsponR570.07Eg211200	C2C2-Dof	TFF
SoffiXsponR570.07Eg216400	CCAAT	TFF
SoffiXsponR570.07Eg218100	OFP	TFF
SoffiXsponR570.07Eg221700	TUB	TFF
SoffiXsponR570.07Eg224200	NAC	TFF
SoffiXsponR570.07Eg226300	NAC	TFF
SoffiXsponR570.08Ag000500	ABI3VP1	TFF
SoffiXsponR570.08Ag000600	HMG	OTR
SoffiXsponR570.08Ag001600	GNAT	OTR
SoffiXsponR570.08Ag001800	OFP	TFF
SoffiXsponR570.08Ag002500	TUB	TFF
SoffiXsponR570.08Ag002800	TRAF	OTR
SoffiXsponR570.08Ag002900	NAC	TFF
SoffiXsponR570.08Ag003800	Yl1	TFF
SoffiXsponR570.08Ag004000	PHD	OTR
SoffiXsponR570.08Ag005000	PHD	OTR
SoffiXsponR570.08Ag007700	bHLH	TFF
SoffiXsponR570.08Ag008900	AUX/IAA	OTR
SoffiXsponR570.08Ag009900	zf-BED	TFF
SoffiXsponR570.08Ag011300	PHD	OTR
SoffiXsponR570.08Ag013700	MADS	TFF
SoffiXsponR570.08Ag015200	NAC	TFF
SoffiXsponR570.08Ag019000	NAC	TFF
SoffiXsponR570.08Ag021900	MYB-related	TFF
SoffiXsponR570.08Ag031100	TRAF	OTR
SoffiXsponR570.08Ag031700	Top	TFF
SoffiXsponR570.08Ag032100	zf-LSD1	TFF
SoffiXsponR570.08Ag034800	C3H	TFF
SoffiXsponR570.08Ag038200	bHLH	TFF
SoffiXsponR570.08Ag041000	SWI/SNF-SWI3	OTR
SoffiXsponR570.08Ag041400	MYB-related	TFF
SoffiXsponR570.08Ag041800	TRAF	OTR
SoffiXsponR570.08Ag041900	TRAF	OTR
SoffiXsponR570.08Ag044200	MYB	TFF
SoffiXsponR570.08Ag044300	MYB-related	TFF
SoffiXsponR570.08Ag047700	BSD	TFF
SoffiXsponR570.08Ag053900	MYB-related	TFF
SoffiXsponR570.08Ag054000	ABI3VP1	TFF
SoffiXsponR570.08Ag054200	NAC	TFF
SoffiXsponR570.08Ag054300	MED26	OTR
SoffiXsponR570.08Ag055900	zf-LSD1	TFF
SoffiXsponR570.08Ag056200	C3H	TFF
SoffiXsponR570.08Ag057200	Top	TFF
SoffiXsponR570.08Ag058200	GNAT	OTR
SoffiXsponR570.08Ag058800	MYB-related	TFF
SoffiXsponR570.08Ag058900	Sigma70-like	TFF
SoffiXsponR570.08Ag059400	FAR1	TFF
SoffiXsponR570.08Ag061300	AP2-EREBP	TFF
SoffiXsponR570.08Ag065400	CCAAT	TFF
SoffiXsponR570.08Ag066900	bZIP	TFF
SoffiXsponR570.08Ag069200	SET	OTR
SoffiXsponR570.08Ag069600	CCAAT	TFF
SoffiXsponR570.08Ag076600	ABI3VP1	TFF
SoffiXsponR570.08Ag077900	CCAAT	TFF
SoffiXsponR570.08Ag079200	NAC	TFF
SoffiXsponR570.08Ag080500	WRKY	TFF
SoffiXsponR570.08Ag082000	SET	OTR
SoffiXsponR570.08Ag084400	ABI3VP1	TFF
SoffiXsponR570.08Ag084600	AP2-EREBP	TFF
SoffiXsponR570.08Ag084700	AP2-EREBP	TFF
SoffiXsponR570.08Ag084800	AP2-EREBP	TFF
SoffiXsponR570.08Ag084900	AP2-EREBP	TFF
SoffiXsponR570.08Ag085100	WRKY	TFF
SoffiXsponR570.08Ag085700	PHD	OTR
SoffiXsponR570.08Ag087700	TRAF	OTR
SoffiXsponR570.08Ag087800	TRAF	OTR
SoffiXsponR570.08Ag088500	TRAF	OTR
SoffiXsponR570.08Ag088600	TRAF	OTR
SoffiXsponR570.08Ag088700	TRAF	OTR
SoffiXsponR570.08Ag088900	TRAF	OTR
SoffiXsponR570.08Ag089800	TRAF	OTR
SoffiXsponR570.08Ag089900	ABI3VP1	TFF
SoffiXsponR570.08Ag090500	WRKY	TFF
SoffiXsponR570.08Ag092000	MADS	TFF
SoffiXsponR570.08Ag094500	TRAF	OTR
SoffiXsponR570.08Ag094600	TRAF	OTR
SoffiXsponR570.08Ag095200	SET	OTR
SoffiXsponR570.08Ag097600	MYB	TFF
SoffiXsponR570.08Ag098100	GNAT	OTR
SoffiXsponR570.08Ag103200	WRKY	TFF
SoffiXsponR570.08Ag106400	MYB-related	TFF
SoffiXsponR570.08Ag108100	bZIP	TFF
SoffiXsponR570.08Ag109700	AP2-EREBP	TFF
SoffiXsponR570.08Ag110900	MBF1	OTR
SoffiXsponR570.08Ag111800	PAS	TFF
SoffiXsponR570.08Ag112600	mTERF	OTR
SoffiXsponR570.08Ag114700	CCAAT	TFF
SoffiXsponR570.08Ag115300	WRKY	TFF
SoffiXsponR570.08Ag118200	SET	OTR
SoffiXsponR570.08Ag118300	SET	OTR
SoffiXsponR570.08Ag119800	AP2-EREBP	TFF
SoffiXsponR570.08Ag124200	RWP-RK	TFF
SoffiXsponR570.08Ag125800	PHD	OTR
SoffiXsponR570.08Ag127600	MYB	TFF
SoffiXsponR570.08Ag127700	Tify	TFF
SoffiXsponR570.08Ag130400	MADS	TFF
SoffiXsponR570.08Ag130700	TCP	TFF
SoffiXsponR570.08Ag131000	bHLH	TFF
SoffiXsponR570.08Ag131300	NAC	TFF
SoffiXsponR570.08Ag131400	MYB	TFF
SoffiXsponR570.08Ag132100	MYB	TFF
SoffiXsponR570.08Ag133100	zf-A20	TFF
SoffiXsponR570.08Ag133200	zf-A20	TFF
SoffiXsponR570.08Ag133300	zf-A20	TFF
SoffiXsponR570.08Ag133500	NAC	TFF
SoffiXsponR570.08Ag133700	NAC	TFF
SoffiXsponR570.08Ag134100	MYB	TFF
SoffiXsponR570.08Ag134200	MYB	TFF
SoffiXsponR570.08Ag134500	zf-HD	TFF
SoffiXsponR570.08Ag134700	zf-HD	TFF
SoffiXsponR570.08Ag138200	AP2-EREBP	TFF
SoffiXsponR570.08Ag138400	SET	OTR
SoffiXsponR570.08Ag140500	SGT1	OTR
SoffiXsponR570.08Ag142100	MYB	TFF
SoffiXsponR570.08Ag142600	ARID	OTR
SoffiXsponR570.08Ag143200	AP2-EREBP	TFF
SoffiXsponR570.08Ag144800	AP2-EREBP	TFF
SoffiXsponR570.08Ag144900	C2H2	TFF
SoffiXsponR570.08Ag145400	GeBP	TFF
SoffiXsponR570.08Ag146400	bHLH	TFF
SoffiXsponR570.08Ag146900	bZIP	TFF
SoffiXsponR570.08Ag148000	AP2-EREBP	TFF
SoffiXsponR570.08Ag150800	bHLH	TFF
SoffiXsponR570.08Ag151800	zf-HD	TFF
SoffiXsponR570.08Ag152500	SET	OTR
SoffiXsponR570.08Ag153300	SET	OTR
SoffiXsponR570.08Ag156200	C2H2	TFF
SoffiXsponR570.08Ag156400	NAC	TFF
SoffiXsponR570.08Ag157600	PLATZ	TFF
SoffiXsponR570.08Ag162600	FAR1	TFF
SoffiXsponR570.08Ag163100	C2H2	TFF
SoffiXsponR570.08Ag166200	bZIP	TFF
SoffiXsponR570.08Ag166500	bZIP	TFF
SoffiXsponR570.08Ag166600	bZIP	TFF
SoffiXsponR570.08Ag167100	MYB	TFF
SoffiXsponR570.08Ag167500	NAC	TFF
SoffiXsponR570.08Ag168200	MYB	TFF
SoffiXsponR570.08Ag168600	SRS	TFF
SoffiXsponR570.08Ag169600	HSF	TFF
SoffiXsponR570.08Ag170600	AP2-EREBP	TFF
SoffiXsponR570.08Ag170700	AP2-EREBP	TFF
SoffiXsponR570.08Ag171100	TCP	TFF
SoffiXsponR570.08Ag171600	bZIP	TFF
SoffiXsponR570.08Ag171900	bHLH	TFF
SoffiXsponR570.08Ag172000	bHLH	TFF
SoffiXsponR570.08Ag172200	bHLH	TFF
SoffiXsponR570.08Ag172300	bHLH	TFF
SoffiXsponR570.08Ag172400	bHLH	TFF
SoffiXsponR570.08Ag174100	bZIP	TFF
SoffiXsponR570.08Ag176400	RB	OTR
SoffiXsponR570.08Ag177900	AP2-EREBP	TFF
SoffiXsponR570.08Ag178200	AP2-EREBP	TFF
SoffiXsponR570.08Ag179200	bHLH	TFF
SoffiXsponR570.08Ag180800	SBP	TFF
SoffiXsponR570.08Ag180900	MADS	TFF
SoffiXsponR570.08Ag181100	MADS	TFF
SoffiXsponR570.08Ag181200	MADS	TFF
SoffiXsponR570.08Ag183600	NAC	TFF
SoffiXsponR570.08Ag185200	FHA	TFF
SoffiXsponR570.08Ag187400	bHLH	TFF
SoffiXsponR570.08Ag187900	TRAF	OTR
SoffiXsponR570.08Ag188200	TRAF	OTR
SoffiXsponR570.08Ag188800	TRAF	OTR
SoffiXsponR570.08Ag189000	TRAF	OTR
SoffiXsponR570.08Ag189100	TRAF	OTR
SoffiXsponR570.08Ag189200	TRAF	OTR
SoffiXsponR570.08Ag189300	TRAF	OTR
SoffiXsponR570.08Ag189500	TRAF	OTR
SoffiXsponR570.08Ag191500	mTERF	OTR
SoffiXsponR570.08Ag193100	ARF	TFF
SoffiXsponR570.08Ag193100	AUX/IAA	OTR
SoffiXsponR570.08Ag193700	MYB	TFF
SoffiXsponR570.08Ag195300	mTERF	OTR
SoffiXsponR570.08Ag196000	FAR1	TFF
SoffiXsponR570.08Ag197000	TRAF	OTR
SoffiXsponR570.08Ag197600	SBP	TFF
SoffiXsponR570.08Ag200100	NAC	TFF
SoffiXsponR570.08Ag201500	SBP	TFF
SoffiXsponR570.08Ag201900	EIL	TFF
SoffiXsponR570.08Ag202500	bHLH	TFF
SoffiXsponR570.08Ag203900	zf-A20	TFF
SoffiXsponR570.08Ag204600	C2H2	TFF
SoffiXsponR570.08Ag205300	SWI/SNF-BAF60b	OTR
SoffiXsponR570.08Ag206600	Pseudo_ARR-B	OTR
SoffiXsponR570.08Ag206800	Pseudo_ARR-B	OTR
SoffiXsponR570.08Ag210700	WRKY	TFF
SoffiXsponR570.08Ag212800	CCAAT	TFF
SoffiXsponR570.08Ag213500	TRAF	OTR
SoffiXsponR570.08Ag215500	CCAAT	TFF
SoffiXsponR570.08Ag216500	C2C2-Dof	TFF
SoffiXsponR570.08Ag216600	bHLH	TFF
SoffiXsponR570.08Ag217500	bHLH	TFF
SoffiXsponR570.08Ag217700	bZIP	TFF
SoffiXsponR570.08Ag218000	MYB	TFF
SoffiXsponR570.08Bg000800	ABI3VP1	TFF
SoffiXsponR570.08Bg000900	HMG	OTR
SoffiXsponR570.08Bg002000	GNAT	OTR
SoffiXsponR570.08Bg002200	OFP	TFF
SoffiXsponR570.08Bg002900	TUB	TFF
SoffiXsponR570.08Bg003200	TRAF	OTR
SoffiXsponR570.08Bg003300	NAC	TFF
SoffiXsponR570.08Bg004000	FAR1	TFF
SoffiXsponR570.08Bg004600	Yl1	TFF
SoffiXsponR570.08Bg004800	PHD	OTR
SoffiXsponR570.08Bg005700	PHD	OTR
SoffiXsponR570.08Bg010100	bHLH	TFF
SoffiXsponR570.08Bg011200	AUX/IAA	OTR
SoffiXsponR570.08Bg012100	zf-BED	TFF
SoffiXsponR570.08Bg013600	PHD	OTR
SoffiXsponR570.08Bg015500	MADS	TFF
SoffiXsponR570.08Bg016800	NAC	TFF
SoffiXsponR570.08Bg019000	NAC	TFF
SoffiXsponR570.08Bg022600	MYB-related	TFF
SoffiXsponR570.08Bg027800	bHLH	TFF
SoffiXsponR570.08Bg031600	Top	TFF
SoffiXsponR570.08Bg032100	zf-LSD1	TFF
SoffiXsponR570.08Bg034800	C3H	TFF
SoffiXsponR570.08Bg038500	bHLH	TFF
SoffiXsponR570.08Bg040200	FAR1	TFF
SoffiXsponR570.08Bg041600	SWI/SNF-SWI3	OTR
SoffiXsponR570.08Bg042000	MYB-related	TFF
SoffiXsponR570.08Bg042400	TRAF	OTR
SoffiXsponR570.08Bg043800	MYB	TFF
SoffiXsponR570.08Bg043900	MYB-related	TFF
SoffiXsponR570.08Bg047000	BSD	TFF
SoffiXsponR570.08Bg051300	MYB-related	TFF
SoffiXsponR570.08Bg051400	ABI3VP1	TFF
SoffiXsponR570.08Bg051600	NAC	TFF
SoffiXsponR570.08Bg051700	MED26	OTR
SoffiXsponR570.08Bg053900	zf-LSD1	TFF
SoffiXsponR570.08Bg054100	C3H	TFF
SoffiXsponR570.08Bg055000	Top	TFF
SoffiXsponR570.08Bg055100	Top	TFF
SoffiXsponR570.08Bg055200	Top	TFF
SoffiXsponR570.08Bg055400	bHLH	TFF
SoffiXsponR570.08Bg056200	GNAT	OTR
SoffiXsponR570.08Bg056800	MYB-related	TFF
SoffiXsponR570.08Bg056900	Sigma70-like	TFF
SoffiXsponR570.08Bg057800	FAR1	TFF
SoffiXsponR570.08Bg059700	AP2-EREBP	TFF
SoffiXsponR570.08Bg062100	CCAAT	TFF
SoffiXsponR570.08Bg063400	bZIP	TFF
SoffiXsponR570.08Bg065100	SET	OTR
SoffiXsponR570.08Bg065400	CCAAT	TFF
SoffiXsponR570.08Bg073800	CCAAT	TFF
SoffiXsponR570.08Bg074000	CCAAT	TFF
SoffiXsponR570.08Bg075300	NAC	TFF
SoffiXsponR570.08Bg078200	SET	OTR
SoffiXsponR570.08Bg079500	CCAAT	TFF
SoffiXsponR570.08Bg081500	ABI3VP1	TFF
SoffiXsponR570.08Bg081700	AP2-EREBP	TFF
SoffiXsponR570.08Bg081800	AP2-EREBP	TFF
SoffiXsponR570.08Bg082000	AP2-EREBP	TFF
SoffiXsponR570.08Bg082200	WRKY	TFF
SoffiXsponR570.08Bg082600	TRAF	OTR
SoffiXsponR570.08Bg082800	PHD	OTR
SoffiXsponR570.08Bg084700	TRAF	OTR
SoffiXsponR570.08Bg084800	TRAF	OTR
SoffiXsponR570.08Bg085100	TRAF	OTR
SoffiXsponR570.08Bg085300	TRAF	OTR
SoffiXsponR570.08Bg085500	TRAF	OTR
SoffiXsponR570.08Bg085600	TRAF	OTR
SoffiXsponR570.08Bg085700	TRAF	OTR
SoffiXsponR570.08Bg086200	TRAF	OTR
SoffiXsponR570.08Bg086300	TRAF	OTR
SoffiXsponR570.08Bg086600	ABI3VP1	TFF
SoffiXsponR570.08Bg087200	WRKY	TFF
SoffiXsponR570.08Bg088500	MADS	TFF
SoffiXsponR570.08Bg091100	SET	OTR
SoffiXsponR570.08Bg093400	MYB	TFF
SoffiXsponR570.08Bg094000	GNAT	OTR
SoffiXsponR570.08Bg098700	WRKY	TFF
SoffiXsponR570.08Bg102600	MYB-related	TFF
SoffiXsponR570.08Bg104300	bZIP	TFF
SoffiXsponR570.08Bg107400	MBF1	OTR
SoffiXsponR570.08Bg108100	PAS	TFF
SoffiXsponR570.08Bg109300	mTERF	OTR
SoffiXsponR570.08Bg111300	CCAAT	TFF
SoffiXsponR570.08Bg112100	WRKY	TFF
SoffiXsponR570.08Bg114900	SET	OTR
SoffiXsponR570.08Bg115000	SET	OTR
SoffiXsponR570.08Bg116500	AP2-EREBP	TFF
SoffiXsponR570.08Bg122000	PHD	OTR
SoffiXsponR570.08Bg124500	MYB	TFF
SoffiXsponR570.08Bg124700	Tify	TFF
SoffiXsponR570.08Bg127200	MADS	TFF
SoffiXsponR570.08Bg128200	zf-A20	TFF
SoffiXsponR570.08Bg128300	zf-A20	TFF
SoffiXsponR570.08Bg128500	NAC	TFF
SoffiXsponR570.08Bg128700	MYB	TFF
SoffiXsponR570.08Bg128800	MYB	TFF
SoffiXsponR570.08Bg129000	MYB	TFF
SoffiXsponR570.08Bg129200	zf-HD	TFF
SoffiXsponR570.08Bg129500	zf-HD	TFF
SoffiXsponR570.08Bg132700	AP2-EREBP	TFF
SoffiXsponR570.08Bg132900	SET	OTR
SoffiXsponR570.08Bg135500	SGT1	OTR
SoffiXsponR570.08Bg136500	MYB	TFF
SoffiXsponR570.08Bg136900	ARID	OTR
SoffiXsponR570.08Bg137600	AP2-EREBP	TFF
SoffiXsponR570.08Bg139200	AP2-EREBP	TFF
SoffiXsponR570.08Bg140400	CCAAT	TFF
SoffiXsponR570.08Bg142600	bHLH	TFF
SoffiXsponR570.08Bg143100	bZIP	TFF
SoffiXsponR570.08Bg144500	AP2-EREBP	TFF
SoffiXsponR570.08Bg148200	bHLH	TFF
SoffiXsponR570.08Bg149200	zf-HD	TFF
SoffiXsponR570.08Bg150000	SET	OTR
SoffiXsponR570.08Bg150800	SET	OTR
SoffiXsponR570.08Bg152400	AP2-EREBP	TFF
SoffiXsponR570.08Bg153500	C2H2	TFF
SoffiXsponR570.08Bg153600	NAC	TFF
SoffiXsponR570.08Bg153900	SOH1	OTR
SoffiXsponR570.08Bg154900	PLATZ	TFF
SoffiXsponR570.08Bg161500	C2H2	TFF
SoffiXsponR570.08Bg164600	bZIP	TFF
SoffiXsponR570.08Bg164700	bZIP	TFF
SoffiXsponR570.08Bg164800	bZIP	TFF
SoffiXsponR570.08Bg165200	MYB	TFF
SoffiXsponR570.08Bg165600	NAC	TFF
SoffiXsponR570.08Bg166300	MYB	TFF
SoffiXsponR570.08Bg166800	SRS	TFF
SoffiXsponR570.08Bg167700	HSF	TFF
SoffiXsponR570.08Bg169100	MYB-related	TFF
SoffiXsponR570.08Bg169300	MADS	TFF
SoffiXsponR570.08Bg169400	MADS	TFF
SoffiXsponR570.08Bg171500	NAC	TFF
SoffiXsponR570.08Bg173100	FHA	TFF
SoffiXsponR570.08Bg175200	bHLH	TFF
SoffiXsponR570.08Bg176200	TRAF	OTR
SoffiXsponR570.08Bg176300	TRAF	OTR
SoffiXsponR570.08Bg176600	TRAF	OTR
SoffiXsponR570.08Bg176800	TRAF	OTR
SoffiXsponR570.08Bg176900	TRAF	OTR
SoffiXsponR570.08Bg177000	TRAF	OTR
SoffiXsponR570.08Bg177200	TRAF	OTR
SoffiXsponR570.08Bg180200	mTERF	OTR
SoffiXsponR570.08Bg182000	ARF	TFF
SoffiXsponR570.08Bg182000	AUX/IAA	OTR
SoffiXsponR570.08Bg182500	MYB	TFF
SoffiXsponR570.08Bg184100	mTERF	OTR
SoffiXsponR570.08Bg184800	TRAF	OTR
SoffiXsponR570.08Bg185400	SBP	TFF
SoffiXsponR570.08Bg187800	NAC	TFF
SoffiXsponR570.08Bg189100	SBP	TFF
SoffiXsponR570.08Bg189500	EIL	TFF
SoffiXsponR570.08Bg189900	bHLH	TFF
SoffiXsponR570.08Bg191200	zf-A20	TFF
SoffiXsponR570.08Bg191900	C2H2	TFF
SoffiXsponR570.08Bg192700	SWI/SNF-BAF60b	OTR
SoffiXsponR570.08Bg193600	FAR1	TFF
SoffiXsponR570.08Bg194200	Pseudo_ARR-B	OTR
SoffiXsponR570.08Bg194400	Pseudo_ARR-B	OTR
SoffiXsponR570.08Cg000800	GNAT	OTR
SoffiXsponR570.08Cg001100	OFP	TFF
SoffiXsponR570.08Cg001900	TUB	TFF
SoffiXsponR570.08Cg002200	TRAF	OTR
SoffiXsponR570.08Cg002300	NAC	TFF
SoffiXsponR570.08Cg004700	Yl1	TFF
SoffiXsponR570.08Cg004900	PHD	OTR
SoffiXsponR570.08Cg005800	PHD	OTR
SoffiXsponR570.08Cg008900	bHLH	TFF
SoffiXsponR570.08Cg010200	AUX/IAA	OTR
SoffiXsponR570.08Cg010900	zf-BED	TFF
SoffiXsponR570.08Cg012800	PHD	OTR
SoffiXsponR570.08Cg014400	MADS	TFF
SoffiXsponR570.08Cg016000	NAC	TFF
SoffiXsponR570.08Cg016200	NAC	TFF
SoffiXsponR570.08Cg019000	NAC	TFF
SoffiXsponR570.08Cg022700	MYB-related	TFF
SoffiXsponR570.08Cg026700	TRAF	OTR
SoffiXsponR570.08Cg031700	Top	TFF
SoffiXsponR570.08Cg032200	zf-LSD1	TFF
SoffiXsponR570.08Cg035100	C3H	TFF
SoffiXsponR570.08Cg038200	bHLH	TFF
SoffiXsponR570.08Cg041000	FAR1	TFF
SoffiXsponR570.08Cg041400	SWI/SNF-SWI3	OTR
SoffiXsponR570.08Cg041800	MYB-related	TFF
SoffiXsponR570.08Cg042700	TRAF	OTR
SoffiXsponR570.08Cg044000	MYB	TFF
SoffiXsponR570.08Cg044100	MYB-related	TFF
SoffiXsponR570.08Cg046800	BSD	TFF
SoffiXsponR570.08Cg047300	BSD	TFF
SoffiXsponR570.08Cg052100	MYB-related	TFF
SoffiXsponR570.08Cg052200	ABI3VP1	TFF
SoffiXsponR570.08Cg052500	NAC	TFF
SoffiXsponR570.08Cg052700	MED26	OTR
SoffiXsponR570.08Cg054400	zf-LSD1	TFF
SoffiXsponR570.08Cg054600	C3H	TFF
SoffiXsponR570.08Cg057400	AP2-EREBP	TFF
SoffiXsponR570.08Cg058800	AP2-EREBP	TFF
SoffiXsponR570.08Cg059600	CCAAT	TFF
SoffiXsponR570.08Cg062900	SET	OTR
SoffiXsponR570.08Cg063200	CCAAT	TFF
SoffiXsponR570.08Cg067300	CCAAT	TFF
SoffiXsponR570.08Cg068500	NAC	TFF
SoffiXsponR570.08Cg070900	SET	OTR
SoffiXsponR570.08Cg073800	ABI3VP1	TFF
SoffiXsponR570.08Cg074000	AP2-EREBP	TFF
SoffiXsponR570.08Cg074100	AP2-EREBP	TFF
SoffiXsponR570.08Cg074200	AP2-EREBP	TFF
SoffiXsponR570.08Cg074400	AP2-EREBP	TFF
SoffiXsponR570.08Cg074600	WRKY	TFF
SoffiXsponR570.08Cg075200	PHD	OTR
SoffiXsponR570.08Cg078000	ABI3VP1	TFF
SoffiXsponR570.08Cg078100	ABI3VP1	TFF
SoffiXsponR570.08Cg078900	WRKY	TFF
SoffiXsponR570.08Cg080600	MADS	TFF
SoffiXsponR570.08Cg083600	SET	OTR
SoffiXsponR570.08Cg086100	MYB	TFF
SoffiXsponR570.08Cg086700	GNAT	OTR
SoffiXsponR570.08Cg091700	WRKY	TFF
SoffiXsponR570.08Cg094300	MBF1	OTR
SoffiXsponR570.08Cg095300	PAS	TFF
SoffiXsponR570.08Cg096200	mTERF	OTR
SoffiXsponR570.08Cg098100	CCAAT	TFF
SoffiXsponR570.08Cg098800	WRKY	TFF
SoffiXsponR570.08Cg101500	SET	OTR
SoffiXsponR570.08Cg103400	AP2-EREBP	TFF
SoffiXsponR570.08Cg107600	RWP-RK	TFF
SoffiXsponR570.08Cg108800	PHD	OTR
SoffiXsponR570.08Cg111000	MYB	TFF
SoffiXsponR570.08Cg111100	Tify	TFF
SoffiXsponR570.08Cg113300	MADS	TFF
SoffiXsponR570.08Cg113400	TCP	TFF
SoffiXsponR570.08Cg113600	TCP	TFF
SoffiXsponR570.08Cg113800	bHLH	TFF
SoffiXsponR570.08Cg114200	NAC	TFF
SoffiXsponR570.08Cg114300	MYB	TFF
SoffiXsponR570.08Cg115200	MYB	TFF
SoffiXsponR570.08Cg115900	zf-A20	TFF
SoffiXsponR570.08Cg116000	zf-A20	TFF
SoffiXsponR570.08Cg116100	zf-A20	TFF
SoffiXsponR570.08Cg116300	NAC	TFF
SoffiXsponR570.08Cg116500	NAC	TFF
SoffiXsponR570.08Cg116700	MYB	TFF
SoffiXsponR570.08Cg116900	MYB	TFF
SoffiXsponR570.08Cg117000	zf-HD	TFF
SoffiXsponR570.08Cg117200	zf-HD	TFF
SoffiXsponR570.08Cg120500	AP2-EREBP	TFF
SoffiXsponR570.08Cg120600	SET	OTR
SoffiXsponR570.08Cg122200	SGT1	OTR
SoffiXsponR570.08Cg123900	ARID	OTR
SoffiXsponR570.08Cg124600	AP2-EREBP	TFF
SoffiXsponR570.08Cg125800	AP2-EREBP	TFF
SoffiXsponR570.08Cg127200	CCAAT	TFF
SoffiXsponR570.08Cg130800	C2H2	TFF
SoffiXsponR570.08Cg131300	GeBP	TFF
SoffiXsponR570.08Cg132400	bHLH	TFF
SoffiXsponR570.08Cg133000	bZIP	TFF
SoffiXsponR570.08Cg135200	AP2-EREBP	TFF
SoffiXsponR570.08Cg138700	bHLH	TFF
SoffiXsponR570.08Cg139800	zf-HD	TFF
SoffiXsponR570.08Cg139900	zf-HD	TFF
SoffiXsponR570.08Cg141600	SET	OTR
SoffiXsponR570.08Cg141800	AP2-EREBP	TFF
SoffiXsponR570.08Cg144500	C2H2	TFF
SoffiXsponR570.08Cg144800	NAC	TFF
SoffiXsponR570.08Cg145100	SOH1	OTR
SoffiXsponR570.08Cg146000	PLATZ	TFF
SoffiXsponR570.08Cg151700	C2H2	TFF
SoffiXsponR570.08Cg154900	bZIP	TFF
SoffiXsponR570.08Cg155000	bZIP	TFF
SoffiXsponR570.08Cg155100	bZIP	TFF
SoffiXsponR570.08Cg155500	MYB	TFF
SoffiXsponR570.08Cg156700	MYB-related	TFF
SoffiXsponR570.08Cg156700	MYB	TFF
SoffiXsponR570.08Cg157300	SRS	TFF
SoffiXsponR570.08Cg158300	HSF	TFF
SoffiXsponR570.08Cg159300	AP2-EREBP	TFF
SoffiXsponR570.08Cg159400	AP2-EREBP	TFF
SoffiXsponR570.08Cg160000	TCP	TFF
SoffiXsponR570.08Cg160600	bZIP	TFF
SoffiXsponR570.08Cg161000	bHLH	TFF
SoffiXsponR570.08Cg161100	bHLH	TFF
SoffiXsponR570.08Cg161200	bHLH	TFF
SoffiXsponR570.08Cg161300	bHLH	TFF
SoffiXsponR570.08Cg161400	bHLH	TFF
SoffiXsponR570.08Cg161500	bHLH	TFF
SoffiXsponR570.08Cg163200	bZIP	TFF
SoffiXsponR570.08Cg166100	RB	OTR
SoffiXsponR570.08Cg167800	AP2-EREBP	TFF
SoffiXsponR570.08Cg168200	AP2-EREBP	TFF
SoffiXsponR570.08Cg168500	AP2-EREBP	TFF
SoffiXsponR570.08Cg170700	SBP	TFF
SoffiXsponR570.08Cg170800	MADS	TFF
SoffiXsponR570.08Cg171100	MADS	TFF
SoffiXsponR570.08Cg173200	NAC	TFF
SoffiXsponR570.08Cg174700	FHA	TFF
SoffiXsponR570.08Cg176500	bHLH	TFF
SoffiXsponR570.08Cg177100	TRAF	OTR
SoffiXsponR570.08Cg177500	TRAF	OTR
SoffiXsponR570.08Cg177600	TRAF	OTR
SoffiXsponR570.08Cg177700	TRAF	OTR
SoffiXsponR570.08Cg177800	TRAF	OTR
SoffiXsponR570.08Cg178100	TRAF	OTR
SoffiXsponR570.08Cg180100	TRAF	OTR
SoffiXsponR570.08Cg180600	mTERF	OTR
SoffiXsponR570.08Cg182600	ARF	TFF
SoffiXsponR570.08Cg182600	AUX/IAA	OTR
SoffiXsponR570.08Cg183200	MYB	TFF
SoffiXsponR570.08Cg184900	mTERF	OTR
SoffiXsponR570.08Cg185500	TRAF	OTR
SoffiXsponR570.08Cg185900	SBP	TFF
SoffiXsponR570.08Cg188000	NAC	TFF
SoffiXsponR570.08Cg188400	MYB-related	TFF
SoffiXsponR570.08Cg189200	SBP	TFF
SoffiXsponR570.08Cg189600	EIL	TFF
SoffiXsponR570.08Cg189900	bHLH	TFF
SoffiXsponR570.08Cg191400	zf-A20	TFF
SoffiXsponR570.08Cg192100	C2H2	TFF
SoffiXsponR570.08Cg192900	SWI/SNF-BAF60b	OTR
SoffiXsponR570.08Cg194400	Pseudo_ARR-B	OTR
SoffiXsponR570.08Cg196500	MED26	OTR
SoffiXsponR570.08Cg199000	WRKY	TFF
SoffiXsponR570.08Cg200800	CCAAT	TFF
SoffiXsponR570.08Cg201400	TRAF	OTR
SoffiXsponR570.08Cg204100	C2C2-Dof	TFF
SoffiXsponR570.08Cg204200	bHLH	TFF
SoffiXsponR570.08Cg205100	bHLH	TFF
SoffiXsponR570.08Cg205300	bZIP	TFF
SoffiXsponR570.08Cg205600	MYB	TFF
SoffiXsponR570.08Cg210400	ABI3VP1	TFF
SoffiXsponR570.08Cg210500	HMG	OTR
SoffiXsponR570.08Dg000300	zf-BED	TFF
SoffiXsponR570.08Dg004500	Top	TFF
SoffiXsponR570.08Dg005000	zf-LSD1	TFF
SoffiXsponR570.08Dg007700	C3H	TFF
SoffiXsponR570.08Dg010300	bHLH	TFF
SoffiXsponR570.08Dg013000	bHLH	TFF
SoffiXsponR570.08Dg013200	SWI/SNF-SWI3	OTR
SoffiXsponR570.08Dg013600	MYB-related	TFF
SoffiXsponR570.08Dg014100	TRAF	OTR
SoffiXsponR570.08Dg016100	MYB	TFF
SoffiXsponR570.08Dg016200	MYB-related	TFF
SoffiXsponR570.08Dg019200	BSD	TFF
SoffiXsponR570.08Dg023500	TRAF	OTR
SoffiXsponR570.08Dg024000	MYB-related	TFF
SoffiXsponR570.08Dg024100	ABI3VP1	TFF
SoffiXsponR570.08Dg024400	NAC	TFF
SoffiXsponR570.08Dg026100	zf-LSD1	TFF
SoffiXsponR570.08Dg026300	C3H	TFF
SoffiXsponR570.08Dg027500	Top	TFF
SoffiXsponR570.08Dg027600	bHLH	TFF
SoffiXsponR570.08Dg028400	GNAT	OTR
SoffiXsponR570.08Dg029100	MYB-related	TFF
SoffiXsponR570.08Dg029200	Sigma70-like	TFF
SoffiXsponR570.08Dg029800	FAR1	TFF
SoffiXsponR570.08Dg031500	AP2-EREBP	TFF
SoffiXsponR570.08Dg033400	CCAAT	TFF
SoffiXsponR570.08Dg034500	bZIP	TFF
SoffiXsponR570.08Dg035600	FAR1	TFF
SoffiXsponR570.08Dg036400	SET	OTR
SoffiXsponR570.08Dg036700	CCAAT	TFF
SoffiXsponR570.08Dg045200	NAC	TFF
SoffiXsponR570.08Dg048000	SET	OTR
SoffiXsponR570.08Dg051900	ABI3VP1	TFF
SoffiXsponR570.08Dg052100	AP2-EREBP	TFF
SoffiXsponR570.08Dg052200	AP2-EREBP	TFF
SoffiXsponR570.08Dg052300	AP2-EREBP	TFF
SoffiXsponR570.08Dg052400	AP2-EREBP	TFF
SoffiXsponR570.08Dg052600	WRKY	TFF
SoffiXsponR570.08Dg052900	TRAF	OTR
SoffiXsponR570.08Dg053100	PHD	OTR
SoffiXsponR570.08Dg054800	TRAF	OTR
SoffiXsponR570.08Dg055000	TRAF	OTR
SoffiXsponR570.08Dg055200	TRAF	OTR
SoffiXsponR570.08Dg055500	TRAF	OTR
SoffiXsponR570.08Dg055600	TRAF	OTR
SoffiXsponR570.08Dg055700	TRAF	OTR
SoffiXsponR570.08Dg055900	TRAF	OTR
SoffiXsponR570.08Dg056400	TRAF	OTR
SoffiXsponR570.08Dg056800	ABI3VP1	TFF
SoffiXsponR570.08Dg056900	ABI3VP1	TFF
SoffiXsponR570.08Dg057600	WRKY	TFF
SoffiXsponR570.08Dg059300	MADS	TFF
SoffiXsponR570.08Dg059400	MADS	TFF
SoffiXsponR570.08Dg061900	SET	OTR
SoffiXsponR570.08Dg064500	MYB	TFF
SoffiXsponR570.08Dg065700	GNAT	OTR
SoffiXsponR570.08Dg071000	WRKY	TFF
SoffiXsponR570.08Dg075700	MYB-related	TFF
SoffiXsponR570.08Dg077600	bZIP	TFF
SoffiXsponR570.08Dg079100	AP2-EREBP	TFF
SoffiXsponR570.08Dg080700	MBF1	OTR
SoffiXsponR570.08Dg081400	PAS	TFF
SoffiXsponR570.08Dg082700	mTERF	OTR
SoffiXsponR570.08Dg084500	CCAAT	TFF
SoffiXsponR570.08Dg085200	WRKY	TFF
SoffiXsponR570.08Dg088400	SET	OTR
SoffiXsponR570.08Dg088500	SET	OTR
SoffiXsponR570.08Dg091100	AP2-EREBP	TFF
SoffiXsponR570.08Dg093900	AP2-EREBP	TFF
SoffiXsponR570.08Dg099200	PHD	OTR
SoffiXsponR570.08Dg101700	MYB	TFF
SoffiXsponR570.08Dg101900	Tify	TFF
SoffiXsponR570.08Dg103700	MADS	TFF
SoffiXsponR570.08Dg103800	TCP	TFF
SoffiXsponR570.08Dg103900	TCP	TFF
SoffiXsponR570.08Dg104400	NAC	TFF
SoffiXsponR570.08Dg104500	MYB	TFF
SoffiXsponR570.08Dg105200	MYB	TFF
SoffiXsponR570.08Dg105300	MYB-related	TFF
SoffiXsponR570.08Dg106000	zf-A20	TFF
SoffiXsponR570.08Dg106100	zf-A20	TFF
SoffiXsponR570.08Dg106200	zf-A20	TFF
SoffiXsponR570.08Dg106400	NAC	TFF
SoffiXsponR570.08Dg106700	MYB	TFF
SoffiXsponR570.08Dg106900	MYB	TFF
SoffiXsponR570.08Dg107100	zf-HD	TFF
SoffiXsponR570.08Dg107400	zf-HD	TFF
SoffiXsponR570.08Dg111500	AP2-EREBP	TFF
SoffiXsponR570.08Dg111600	SET	OTR
SoffiXsponR570.08Dg113800	SGT1	OTR
SoffiXsponR570.08Dg114900	MYB	TFF
SoffiXsponR570.08Dg115700	ARID	OTR
SoffiXsponR570.08Dg116300	AP2-EREBP	TFF
SoffiXsponR570.08Dg117200	AP2-EREBP	TFF
SoffiXsponR570.08Dg121800	C2H2	TFF
SoffiXsponR570.08Dg122200	GeBP	TFF
SoffiXsponR570.08Dg123500	bHLH	TFF
SoffiXsponR570.08Dg124100	bZIP	TFF
SoffiXsponR570.08Dg127000	AP2-EREBP	TFF
SoffiXsponR570.08Dg130600	bHLH	TFF
SoffiXsponR570.08Dg131600	zf-HD	TFF
SoffiXsponR570.08Dg132700	SET	OTR
SoffiXsponR570.08Dg133600	SET	OTR
SoffiXsponR570.08Dg136100	C2H2	TFF
SoffiXsponR570.08Dg136200	C2H2	TFF
SoffiXsponR570.08Dg136400	NAC	TFF
SoffiXsponR570.08Dg136700	SOH1	OTR
SoffiXsponR570.08Dg137600	PLATZ	TFF
SoffiXsponR570.08Dg143200	C2H2	TFF
SoffiXsponR570.08Dg146900	bZIP	TFF
SoffiXsponR570.08Dg147000	bZIP	TFF
SoffiXsponR570.08Dg147100	bZIP	TFF
SoffiXsponR570.08Dg147600	MYB	TFF
SoffiXsponR570.08Dg148900	MYB	TFF
SoffiXsponR570.08Dg149400	SRS	TFF
SoffiXsponR570.08Dg150300	HSF	TFF
SoffiXsponR570.08Dg151100	AP2-EREBP	TFF
SoffiXsponR570.08Dg151200	AP2-EREBP	TFF
SoffiXsponR570.08Dg151900	TCP	TFF
SoffiXsponR570.08Dg152500	bZIP	TFF
SoffiXsponR570.08Dg152700	bHLH	TFF
SoffiXsponR570.08Dg152900	bHLH	TFF
SoffiXsponR570.08Dg153000	bHLH	TFF
SoffiXsponR570.08Dg153100	bHLH	TFF
SoffiXsponR570.08Dg153300	bHLH	TFF
SoffiXsponR570.08Dg153400	bHLH	TFF
SoffiXsponR570.08Dg155400	MED26	OTR
SoffiXsponR570.08Dg155800	bZIP	TFF
SoffiXsponR570.08Dg157900	RB	OTR
SoffiXsponR570.08Dg159800	AP2-EREBP	TFF
SoffiXsponR570.08Dg160100	AP2-EREBP	TFF
SoffiXsponR570.08Dg160800	bHLH	TFF
SoffiXsponR570.08Dg162100	SBP	TFF
SoffiXsponR570.08Dg162200	MADS	TFF
SoffiXsponR570.08Dg162400	MADS	TFF
SoffiXsponR570.08Dg166600	CCAAT	TFF
SoffiXsponR570.08Dg167400	TRAF	OTR
SoffiXsponR570.08Dg169500	CCAAT	TFF
SoffiXsponR570.08Dg170700	C2C2-Dof	TFF
SoffiXsponR570.08Dg170800	bHLH	TFF
SoffiXsponR570.08Dg171500	bHLH	TFF
SoffiXsponR570.08Dg171700	bZIP	TFF
SoffiXsponR570.08Dg172100	MYB	TFF
SoffiXsponR570.08Dg174600	bHLH	TFF
SoffiXsponR570.08Eg001100	bZIP	TFF
SoffiXsponR570.08Eg003000	SET	OTR
SoffiXsponR570.08Eg003300	CCAAT	TFF
SoffiXsponR570.08Eg004500	C2H2	TFF
SoffiXsponR570.08Eg012300	NAC	TFF
SoffiXsponR570.08Eg013500	WRKY	TFF
SoffiXsponR570.08Eg015100	SET	OTR
SoffiXsponR570.08Eg018300	ABI3VP1	TFF
SoffiXsponR570.08Eg018500	AP2-EREBP	TFF
SoffiXsponR570.08Eg018600	AP2-EREBP	TFF
SoffiXsponR570.08Eg018700	AP2-EREBP	TFF
SoffiXsponR570.08Eg018800	AP2-EREBP	TFF
SoffiXsponR570.08Eg019000	WRKY	TFF
SoffiXsponR570.08Eg019400	PHD	OTR
SoffiXsponR570.08Eg021500	TRAF	OTR
SoffiXsponR570.08Eg021600	TRAF	OTR
SoffiXsponR570.08Eg021800	TRAF	OTR
SoffiXsponR570.08Eg022000	TRAF	OTR
SoffiXsponR570.08Eg022200	TRAF	OTR
SoffiXsponR570.08Eg022300	TRAF	OTR
SoffiXsponR570.08Eg023600	ABI3VP1	TFF
SoffiXsponR570.08Eg023700	ABI3VP1	TFF
SoffiXsponR570.08Eg024600	WRKY	TFF
SoffiXsponR570.08Eg026400	MADS	TFF
SoffiXsponR570.08Eg029500	SET	OTR
SoffiXsponR570.08Eg032000	MYB	TFF
SoffiXsponR570.08Eg032500	GNAT	OTR
SoffiXsponR570.08Eg037700	WRKY	TFF
SoffiXsponR570.08Eg039400	MYB-related	TFF
SoffiXsponR570.08Eg040800	bZIP	TFF
SoffiXsponR570.08Eg044300	MBF1	OTR
SoffiXsponR570.08Eg044800	PAS	TFF
SoffiXsponR570.08Eg045900	mTERF	OTR
SoffiXsponR570.08Eg048000	CCAAT	TFF
SoffiXsponR570.08Eg048900	WRKY	TFF
SoffiXsponR570.08Eg056000	AP2-EREBP	TFF
SoffiXsponR570.08Eg059500	RWP-RK	TFF
SoffiXsponR570.08Eg061100	PHD	OTR
SoffiXsponR570.08Eg063500	MYB	TFF
SoffiXsponR570.08Eg063600	Tify	TFF
SoffiXsponR570.08Eg065900	MADS	TFF
SoffiXsponR570.08Eg066100	TCP	TFF
SoffiXsponR570.08Eg066400	bHLH	TFF
SoffiXsponR570.08Eg066700	NAC	TFF
SoffiXsponR570.08Eg066800	MYB	TFF
SoffiXsponR570.08Eg067500	MYB	TFF
SoffiXsponR570.08Eg067600	zf-BED	TFF
SoffiXsponR570.08Eg068300	zf-A20	TFF
SoffiXsponR570.08Eg068500	NAC	TFF
SoffiXsponR570.08Eg068700	MYB	TFF
SoffiXsponR570.08Eg068900	MYB	TFF
SoffiXsponR570.08Eg069100	MYB	TFF
SoffiXsponR570.08Eg069200	zf-HD	TFF
SoffiXsponR570.08Eg069400	zf-HD	TFF
SoffiXsponR570.08Eg073600	C2H2	TFF
SoffiXsponR570.08Eg074000	GeBP	TFF
SoffiXsponR570.08Eg075700	bHLH	TFF
SoffiXsponR570.08Eg076200	bZIP	TFF
SoffiXsponR570.08Eg077600	AP2-EREBP	TFF
SoffiXsponR570.08Eg081100	bHLH	TFF
SoffiXsponR570.08Eg082400	zf-HD	TFF
SoffiXsponR570.08Eg083200	SET	OTR
SoffiXsponR570.08Eg083900	SET	OTR
SoffiXsponR570.08Eg085500	AP2-EREBP	TFF
SoffiXsponR570.08Eg086700	C2H2	TFF
SoffiXsponR570.08Eg086800	NAC	TFF
SoffiXsponR570.08Eg087200	SOH1	OTR
SoffiXsponR570.08Eg088100	PLATZ	TFF
SoffiXsponR570.08Eg093800	bHLH	TFF
SoffiXsponR570.08Eg096300	C2H2	TFF
SoffiXsponR570.08Eg099500	bZIP	TFF
SoffiXsponR570.08Eg099600	bZIP	TFF
SoffiXsponR570.08Eg099700	bZIP	TFF
SoffiXsponR570.08Eg100100	MYB	TFF
SoffiXsponR570.08Eg100500	NAC	TFF
SoffiXsponR570.08Eg101200	MYB	TFF
SoffiXsponR570.08Eg101700	SRS	TFF
SoffiXsponR570.08Eg102700	HSF	TFF
SoffiXsponR570.08Eg103700	AP2-EREBP	TFF
SoffiXsponR570.08Eg103800	AP2-EREBP	TFF
SoffiXsponR570.08Eg104100	TCP	TFF
SoffiXsponR570.08Eg104500	bZIP	TFF
SoffiXsponR570.08Eg104800	bHLH	TFF
SoffiXsponR570.08Eg104900	bHLH	TFF
SoffiXsponR570.08Eg105100	bHLH	TFF
SoffiXsponR570.08Eg105300	bHLH	TFF
SoffiXsponR570.08Eg105400	bHLH	TFF
SoffiXsponR570.08Eg107500	bZIP	TFF
SoffiXsponR570.08Eg110100	RB	OTR
SoffiXsponR570.08Eg111600	AP2-EREBP	TFF
SoffiXsponR570.08Eg112500	bHLH	TFF
SoffiXsponR570.08Eg114100	SBP	TFF
SoffiXsponR570.08Eg114200	MADS	TFF
SoffiXsponR570.08Eg114600	MADS	TFF
SoffiXsponR570.08Eg116800	NAC	TFF
SoffiXsponR570.08Eg118300	FHA	TFF
SoffiXsponR570.08Eg120500	bHLH	TFF
SoffiXsponR570.08Eg121200	TRAF	OTR
SoffiXsponR570.08Eg121500	TRAF	OTR
SoffiXsponR570.08Eg121900	TRAF	OTR
SoffiXsponR570.08Eg122100	TRAF	OTR
SoffiXsponR570.08Eg122300	TRAF	OTR
SoffiXsponR570.08Eg122400	TRAF	OTR
SoffiXsponR570.08Eg124700	mTERF	OTR
SoffiXsponR570.08Eg126300	ARF	TFF
SoffiXsponR570.08Eg126300	AUX/IAA	OTR
SoffiXsponR570.08Eg126800	MYB	TFF
SoffiXsponR570.08Eg128400	mTERF	OTR
SoffiXsponR570.08Eg129500	SBP	TFF
SoffiXsponR570.08Eg131900	NAC	TFF
SoffiXsponR570.08Eg132800	SBP	TFF
SoffiXsponR570.08Eg133200	EIL	TFF
SoffiXsponR570.08Eg133500	bHLH	TFF
SoffiXsponR570.08Eg135100	zf-A20	TFF
SoffiXsponR570.08Eg135900	C2H2	TFF
SoffiXsponR570.08Eg136800	SWI/SNF-BAF60b	OTR
SoffiXsponR570.08Eg138300	Pseudo_ARR-B	OTR
SoffiXsponR570.08Eg142100	WRKY	TFF
SoffiXsponR570.08Eg144700	CCAAT	TFF
SoffiXsponR570.08Eg145600	TRAF	OTR
SoffiXsponR570.08Eg148200	C2C2-Dof	TFF
SoffiXsponR570.08Eg148300	bHLH	TFF
SoffiXsponR570.08Eg148400	C2H2	TFF
SoffiXsponR570.08Eg149300	bHLH	TFF
SoffiXsponR570.08Eg149500	bZIP	TFF
SoffiXsponR570.08Eg149800	MYB	TFF
SoffiXsponR570.09Ag002700	PAS	TFF
SoffiXsponR570.09Ag003700	C2C2-Dof	TFF
SoffiXsponR570.09Ag003900	Top	TFF
SoffiXsponR570.09Ag004600	SAP	TFF
SoffiXsponR570.09Ag004600	zf-MIZ	OTR
SoffiXsponR570.09Ag006100	MYB-related	TFF
SoffiXsponR570.09Ag016400	TRAF	OTR
SoffiXsponR570.09Ag016500	GRAS	TFF
SoffiXsponR570.09Ag016600	GRAS	TFF
SoffiXsponR570.09Ag018300	C2H2	TFF
SoffiXsponR570.09Ag020500	FAR1	TFF
SoffiXsponR570.09Ag022700	SET	OTR
SoffiXsponR570.09Ag025900	MYB	TFF
SoffiXsponR570.09Ag026100	MYB	TFF
SoffiXsponR570.09Ag026200	zf-HD	TFF
SoffiXsponR570.09Ag026700	FHA	TFF
SoffiXsponR570.09Ag026900	NAC	TFF
SoffiXsponR570.09Ag027400	C3H	TFF
SoffiXsponR570.09Ag028800	GRAS	TFF
SoffiXsponR570.09Ag035600	WRKY	TFF
SoffiXsponR570.09Ag035700	WRKY	TFF
SoffiXsponR570.09Ag035800	SET	OTR
SoffiXsponR570.09Ag036100	WRKY	TFF
SoffiXsponR570.09Ag036200	WRKY	TFF
SoffiXsponR570.09Ag036400	WRKY	TFF
SoffiXsponR570.09Ag036500	WRKY	TFF
SoffiXsponR570.09Ag040500	DDT	OTR
SoffiXsponR570.09Ag040500	PHD	OTR
SoffiXsponR570.09Ag041200	C2H2	TFF
SoffiXsponR570.09Ag045500	bZIP	TFF
SoffiXsponR570.09Ag050200	bZIP	TFF
SoffiXsponR570.09Ag050300	GRAS	TFF
SoffiXsponR570.09Ag051000	TUB	TFF
SoffiXsponR570.09Ag051700	MED26	OTR
SoffiXsponR570.09Ag052800	SAP	TFF
SoffiXsponR570.09Ag053300	MYB-related	TFF
SoffiXsponR570.09Ag053400	AP2-EREBP	TFF
SoffiXsponR570.09Ag054000	C2C2-GATA	TFF
SoffiXsponR570.09Ag055200	TCP	TFF
SoffiXsponR570.09Ag056100	C2H2	TFF
SoffiXsponR570.09Ag059400	MYB	TFF
SoffiXsponR570.09Ag059500	MYB-related	TFF
SoffiXsponR570.09Ag059500	MYB	TFF
SoffiXsponR570.09Ag060300	WRKY	TFF
SoffiXsponR570.09Ag062300	MYB	TFF
SoffiXsponR570.09Ag062900	bHLH	TFF
SoffiXsponR570.09Ag063000	PLATZ	TFF
SoffiXsponR570.09Ag063200	PLATZ	TFF
SoffiXsponR570.09Ag067600	NAC	TFF
SoffiXsponR570.09Ag068600	MADS	TFF
SoffiXsponR570.09Ag068900	MADS	TFF
SoffiXsponR570.09Ag069300	zf-HD	TFF
SoffiXsponR570.09Ag069700	Alfin-like	TFF
SoffiXsponR570.09Ag075500	RWP-RK	TFF
SoffiXsponR570.09Ag076300	bZIP	TFF
SoffiXsponR570.09Ag082800	Jumonji	OTR
SoffiXsponR570.09Ag083800	C3H	TFF
SoffiXsponR570.09Ag085900	NAC	TFF
SoffiXsponR570.09Ag086700	ARF	TFF
SoffiXsponR570.09Ag089900	MYB	TFF
SoffiXsponR570.09Ag091900	MADS	TFF
SoffiXsponR570.09Ag095000	WRKY	TFF
SoffiXsponR570.09Ag095200	SWI/SNF-BAF60b	OTR
SoffiXsponR570.09Ag096900	LIM	TFF
SoffiXsponR570.09Ag099200	MYB	TFF
SoffiXsponR570.09Ag100200	PHD	OTR
SoffiXsponR570.09Ag108400	FHA	TFF
SoffiXsponR570.09Ag114800	bZIP	TFF
SoffiXsponR570.09Ag115300	PAS	TFF
SoffiXsponR570.09Ag117400	MYB	TFF
SoffiXsponR570.09Ag121800	C2C2-Dof	TFF
SoffiXsponR570.09Ag123400	MYB	TFF
SoffiXsponR570.09Ag123900	mTERF	OTR
SoffiXsponR570.09Ag124200	mTERF	OTR
SoffiXsponR570.09Ag124700	mTERF	OTR
SoffiXsponR570.09Ag125000	mTERF	OTR
SoffiXsponR570.09Ag125300	mTERF	OTR
SoffiXsponR570.09Ag126000	GRAS	TFF
SoffiXsponR570.09Ag126100	GRAS	TFF
SoffiXsponR570.09Ag128900	C2H2	TFF
SoffiXsponR570.09Ag133700	C2H2	TFF
SoffiXsponR570.09Ag134300	AP2-EREBP	TFF
SoffiXsponR570.09Ag135300	MYB-related	TFF
SoffiXsponR570.09Ag135900	bHLH	TFF
SoffiXsponR570.09Ag136300	C2C2-Dof	TFF
SoffiXsponR570.09Ag136800	ABI3VP1	TFF
SoffiXsponR570.09Ag138100	ABI3VP1	TFF
SoffiXsponR570.09Ag138300	ABI3VP1	TFF
SoffiXsponR570.09Ag138400	ABI3VP1	TFF
SoffiXsponR570.09Ag138500	ABI3VP1	TFF
SoffiXsponR570.09Ag140500	CPP	TFF
SoffiXsponR570.09Ag140600	CPP	TFF
SoffiXsponR570.09Ag144700	bHLH	TFF
SoffiXsponR570.09Ag145600	NAC	TFF
SoffiXsponR570.09Ag145800	zf-LSD1	TFF
SoffiXsponR570.09Ag148200	CCAAT	TFF
SoffiXsponR570.09Ag148300	GRAS	TFF
SoffiXsponR570.09Ag149300	ARF	TFF
SoffiXsponR570.09Ag153400	C2H2	TFF
SoffiXsponR570.09Ag155000	CCAAT	TFF
SoffiXsponR570.09Ag156400	C2C2-YABBY	TFF
SoffiXsponR570.09Ag159300	TFIID	TFF
SoffiXsponR570.09Ag159400	C2C2-GATA	TFF
SoffiXsponR570.09Ag164400	NAC	TFF
SoffiXsponR570.09Ag166600	bHLH	TFF
SoffiXsponR570.09Ag167400	MYB	TFF
SoffiXsponR570.09Ag167900	bZIP	TFF
SoffiXsponR570.09Ag169200	HB	TFF
SoffiXsponR570.09Ag173000	ABI3VP1	TFF
SoffiXsponR570.09Ag173400	TRAF	OTR
SoffiXsponR570.09Bg001900	PAS	TFF
SoffiXsponR570.09Bg003700	SAP	TFF
SoffiXsponR570.09Bg005200	MYB-related	TFF
SoffiXsponR570.09Bg015400	TRAF	OTR
SoffiXsponR570.09Bg015500	GRAS	TFF
SoffiXsponR570.09Bg015600	GRAS	TFF
SoffiXsponR570.09Bg015900	bHLH	TFF
SoffiXsponR570.09Bg017300	C2H2	TFF
SoffiXsponR570.09Bg019500	FAR1	TFF
SoffiXsponR570.09Bg019600	FAR1	TFF
SoffiXsponR570.09Bg022200	SET	OTR
SoffiXsponR570.09Bg025200	MYB	TFF
SoffiXsponR570.09Bg025500	MYB	TFF
SoffiXsponR570.09Bg025600	zf-HD	TFF
SoffiXsponR570.09Bg026300	FHA	TFF
SoffiXsponR570.09Bg026900	NAC	TFF
SoffiXsponR570.09Bg027400	C3H	TFF
SoffiXsponR570.09Bg028300	GRAS	TFF
SoffiXsponR570.09Bg028800	GRAS	TFF
SoffiXsponR570.09Bg034800	WRKY	TFF
SoffiXsponR570.09Bg035000	SET	OTR
SoffiXsponR570.09Bg035400	WRKY	TFF
SoffiXsponR570.09Bg035500	WRKY	TFF
SoffiXsponR570.09Bg035700	WRKY	TFF
SoffiXsponR570.09Bg035900	WRKY	TFF
SoffiXsponR570.09Bg039800	DDT	OTR
SoffiXsponR570.09Bg039800	PHD	OTR
SoffiXsponR570.09Bg044400	bZIP	TFF
SoffiXsponR570.09Bg047100	ABI3VP1	TFF
SoffiXsponR570.09Bg047700	OFP	TFF
SoffiXsponR570.09Bg047800	OFP	TFF
SoffiXsponR570.09Bg048200	E2F-DP	TFF
SoffiXsponR570.09Bg050800	bZIP	TFF
SoffiXsponR570.09Bg050900	GRAS	TFF
SoffiXsponR570.09Bg051500	TUB	TFF
SoffiXsponR570.09Bg052700	MED26	OTR
SoffiXsponR570.09Bg053500	SAP	TFF
SoffiXsponR570.09Bg054000	MYB	TFF
SoffiXsponR570.09Bg054100	AP2-EREBP	TFF
SoffiXsponR570.09Bg054800	C2C2-GATA	TFF
SoffiXsponR570.09Bg057100	C2H2	TFF
SoffiXsponR570.09Bg057700	TCP	TFF
SoffiXsponR570.09Bg059100	MYB	TFF
SoffiXsponR570.09Bg059200	MYB	TFF
SoffiXsponR570.09Bg059300	MYB-related	TFF
SoffiXsponR570.09Bg059300	MYB	TFF
SoffiXsponR570.09Bg060100	MYB-related	TFF
SoffiXsponR570.09Bg063400	WRKY	TFF
SoffiXsponR570.09Bg063500	WRKY	TFF
SoffiXsponR570.09Bg065400	MYB	TFF
SoffiXsponR570.09Bg065800	bHLH	TFF
SoffiXsponR570.09Bg065900	PLATZ	TFF
SoffiXsponR570.09Bg067300	PLATZ	TFF
SoffiXsponR570.09Bg070200	NAC	TFF
SoffiXsponR570.09Bg071000	MADS	TFF
SoffiXsponR570.09Bg071300	MADS	TFF
SoffiXsponR570.09Bg071600	zf-HD	TFF
SoffiXsponR570.09Bg072000	Alfin-like	TFF
SoffiXsponR570.09Bg077500	RWP-RK	TFF
SoffiXsponR570.09Bg078700	bZIP	TFF
SoffiXsponR570.09Bg079300	C3H	TFF
SoffiXsponR570.09Bg080200	Jumonji	OTR
SoffiXsponR570.09Bg086200	NAC	TFF
SoffiXsponR570.09Bg086800	ARF	TFF
SoffiXsponR570.09Bg090200	MYB	TFF
SoffiXsponR570.09Bg092100	MADS	TFF
SoffiXsponR570.09Bg097600	TRAF	OTR
SoffiXsponR570.09Bg099200	bZIP	TFF
SoffiXsponR570.09Bg100000	PAS	TFF
SoffiXsponR570.09Bg101100	MYB	TFF
SoffiXsponR570.09Bg106100	MYB-related	TFF
SoffiXsponR570.09Bg106100	MYB	TFF
SoffiXsponR570.09Bg109000	C2C2-Dof	TFF
SoffiXsponR570.09Bg110400	MYB	TFF
SoffiXsponR570.09Bg110900	mTERF	OTR
SoffiXsponR570.09Bg112000	GRAS	TFF
SoffiXsponR570.09Bg112100	GRAS	TFF
SoffiXsponR570.09Bg113500	NAC	TFF
SoffiXsponR570.09Bg115400	C2H2	TFF
SoffiXsponR570.09Bg119200	C2H2	TFF
SoffiXsponR570.09Bg119700	AP2-EREBP	TFF
SoffiXsponR570.09Bg120700	MYB-related	TFF
SoffiXsponR570.09Bg121300	bHLH	TFF
SoffiXsponR570.09Bg122200	ABI3VP1	TFF
SoffiXsponR570.09Bg122700	ABI3VP1	TFF
SoffiXsponR570.09Bg122900	ABI3VP1	TFF
SoffiXsponR570.09Bg123000	ABI3VP1	TFF
SoffiXsponR570.09Bg123100	ABI3VP1	TFF
SoffiXsponR570.09Bg123400	TAZ	TFF
SoffiXsponR570.09Bg125900	LIM	TFF
SoffiXsponR570.09Bg127100	WRKY	TFF
SoffiXsponR570.09Bg129400	AUX/IAA	OTR
SoffiXsponR570.09Bg129500	AUX/IAA	OTR
SoffiXsponR570.09Bg129600	bZIP	TFF
SoffiXsponR570.09Bg131700	CPP	TFF
SoffiXsponR570.09Bg131800	CPP	TFF
SoffiXsponR570.09Bg134400	bHLH	TFF
SoffiXsponR570.09Bg134800	NAC	TFF
SoffiXsponR570.09Bg135000	zf-LSD1	TFF
SoffiXsponR570.09Bg137200	CCAAT	TFF
SoffiXsponR570.09Bg137300	GRAS	TFF
SoffiXsponR570.09Bg138200	ARF	TFF
SoffiXsponR570.09Bg141400	TCP	TFF
SoffiXsponR570.09Bg142700	C2H2	TFF
SoffiXsponR570.09Bg144000	CCAAT	TFF
SoffiXsponR570.09Bg145600	C2C2-YABBY	TFF
SoffiXsponR570.09Bg148600	TFIID	TFF
SoffiXsponR570.09Bg148700	C2C2-GATA	TFF
SoffiXsponR570.09Bg151400	NAC	TFF
SoffiXsponR570.09Bg154700	NAC	TFF
SoffiXsponR570.09Bg154900	NAC	TFF
SoffiXsponR570.09Bg157600	bHLH	TFF
SoffiXsponR570.09Bg158800	MYB	TFF
SoffiXsponR570.09Bg159400	bZIP	TFF
SoffiXsponR570.09Bg160800	HB	TFF
SoffiXsponR570.09Bg164500	ABI3VP1	TFF
SoffiXsponR570.09Bg164900	TRAF	OTR
SoffiXsponR570.09Cg001600	PAS	TFF
SoffiXsponR570.09Cg002300	C2C2-Dof	TFF
SoffiXsponR570.09Cg002900	SAP	TFF
SoffiXsponR570.09Cg004200	MYB-related	TFF
SoffiXsponR570.09Cg012800	TRAF	OTR
SoffiXsponR570.09Cg012900	GRAS	TFF
SoffiXsponR570.09Cg013000	GRAS	TFF
SoffiXsponR570.09Cg014100	C2H2	TFF
SoffiXsponR570.09Cg016400	FAR1	TFF
SoffiXsponR570.09Cg018700	NAC	TFF
SoffiXsponR570.09Cg019100	SET	OTR
SoffiXsponR570.09Cg022400	MYB	TFF
SoffiXsponR570.09Cg022700	MYB	TFF
SoffiXsponR570.09Cg022800	zf-HD	TFF
SoffiXsponR570.09Cg023400	FHA	TFF
SoffiXsponR570.09Cg023600	NAC	TFF
SoffiXsponR570.09Cg024000	C3H	TFF
SoffiXsponR570.09Cg025000	GRAS	TFF
SoffiXsponR570.09Cg029200	WRKY	TFF
SoffiXsponR570.09Cg029300	WRKY	TFF
SoffiXsponR570.09Cg029400	SET	OTR
SoffiXsponR570.09Cg029600	WRKY	TFF
SoffiXsponR570.09Cg029700	WRKY	TFF
SoffiXsponR570.09Cg029900	WRKY	TFF
SoffiXsponR570.09Cg030000	WRKY	TFF
SoffiXsponR570.09Cg034000	DDT	OTR
SoffiXsponR570.09Cg034000	PHD	OTR
SoffiXsponR570.09Cg036900	MYB-related	TFF
SoffiXsponR570.09Cg038300	bZIP	TFF
SoffiXsponR570.09Cg041000	bZIP	TFF
SoffiXsponR570.09Cg041400	ABI3VP1	TFF
SoffiXsponR570.09Cg042000	OFP	TFF
SoffiXsponR570.09Cg042100	OFP	TFF
SoffiXsponR570.09Cg042600	E2F-DP	TFF
SoffiXsponR570.09Cg043200	ABI3VP1	TFF
SoffiXsponR570.09Cg043800	OFP	TFF
SoffiXsponR570.09Cg043900	OFP	TFF
SoffiXsponR570.09Cg044400	E2F-DP	TFF
SoffiXsponR570.09Cg047300	bZIP	TFF
SoffiXsponR570.09Cg047400	GRAS	TFF
SoffiXsponR570.09Cg048000	TUB	TFF
SoffiXsponR570.09Cg048800	MED26	OTR
SoffiXsponR570.09Cg050000	SAP	TFF
SoffiXsponR570.09Cg050400	MYB	TFF
SoffiXsponR570.09Cg050500	AP2-EREBP	TFF
SoffiXsponR570.09Cg051100	C2C2-GATA	TFF
SoffiXsponR570.09Cg051200	C2C2-GATA	TFF
SoffiXsponR570.09Cg053900	C2H2	TFF
SoffiXsponR570.09Cg054700	TCP	TFF
SoffiXsponR570.09Cg056100	MYB	TFF
SoffiXsponR570.09Cg056200	MYB	TFF
SoffiXsponR570.09Cg056400	MYB-related	TFF
SoffiXsponR570.09Cg056400	MYB	TFF
SoffiXsponR570.09Cg057500	MYB-related	TFF
SoffiXsponR570.09Cg058100	NAC	TFF
SoffiXsponR570.09Cg060800	WRKY	TFF
SoffiXsponR570.09Cg062500	MYB	TFF
SoffiXsponR570.09Cg063000	bHLH	TFF
SoffiXsponR570.09Cg063100	PLATZ	TFF
SoffiXsponR570.09Cg063300	bHLH	TFF
SoffiXsponR570.09Cg063400	PLATZ	TFF
SoffiXsponR570.09Cg063600	bHLH	TFF
SoffiXsponR570.09Cg063700	PLATZ	TFF
SoffiXsponR570.09Cg067400	NAC	TFF
SoffiXsponR570.09Cg068200	MADS	TFF
SoffiXsponR570.09Cg068400	MADS	TFF
SoffiXsponR570.09Cg068700	zf-HD	TFF
SoffiXsponR570.09Cg069100	Alfin-like	TFF
SoffiXsponR570.09Cg075000	RWP-RK	TFF
SoffiXsponR570.09Cg076000	bZIP	TFF
SoffiXsponR570.09Cg078300	C3H	TFF
SoffiXsponR570.09Cg079100	Jumonji	OTR
SoffiXsponR570.09Cg085100	NAC	TFF
SoffiXsponR570.09Cg085800	ARF	TFF
SoffiXsponR570.09Cg087500	FAR1	TFF
SoffiXsponR570.09Cg089400	MYB	TFF
SoffiXsponR570.09Cg091500	MADS	TFF
SoffiXsponR570.09Cg094600	WRKY	TFF
SoffiXsponR570.09Cg094800	SWI/SNF-BAF60b	OTR
SoffiXsponR570.09Cg096500	LIM	TFF
SoffiXsponR570.09Cg098600	MYB	TFF
SoffiXsponR570.09Cg099400	PHD	OTR
SoffiXsponR570.09Cg106800	FHA	TFF
SoffiXsponR570.09Cg112400	bZIP	TFF
SoffiXsponR570.09Cg113100	PAS	TFF
SoffiXsponR570.09Cg114500	MYB	TFF
SoffiXsponR570.09Cg117500	MYB-related	TFF
SoffiXsponR570.09Cg117500	MYB	TFF
SoffiXsponR570.09Cg120900	C2C2-Dof	TFF
SoffiXsponR570.09Cg123100	mTERF	OTR
SoffiXsponR570.09Cg123800	GRAS	TFF
SoffiXsponR570.09Cg124000	GRAS	TFF
SoffiXsponR570.09Cg127400	C2H2	TFF
SoffiXsponR570.09Cg127600	NAC	TFF
SoffiXsponR570.09Cg131600	C2H2	TFF
SoffiXsponR570.09Cg131900	AP2-EREBP	TFF
SoffiXsponR570.09Cg133000	MYB-related	TFF
SoffiXsponR570.09Cg133600	bHLH	TFF
SoffiXsponR570.09Cg135400	ABI3VP1	TFF
SoffiXsponR570.09Cg135500	ABI3VP1	TFF
SoffiXsponR570.09Cg135800	ABI3VP1	TFF
SoffiXsponR570.09Cg136000	ABI3VP1	TFF
SoffiXsponR570.09Cg136100	ABI3VP1	TFF
SoffiXsponR570.09Cg136200	ABI3VP1	TFF
SoffiXsponR570.09Cg136700	TAZ	TFF
SoffiXsponR570.09Cg139500	LIM	TFF
SoffiXsponR570.09Cg141600	CPP	TFF
SoffiXsponR570.09Cg141700	CPP	TFF
SoffiXsponR570.09Cg144500	bHLH	TFF
SoffiXsponR570.09Cg145000	NAC	TFF
SoffiXsponR570.09Cg145300	zf-LSD1	TFF
SoffiXsponR570.09Cg149600	CCAAT	TFF
SoffiXsponR570.09Cg149700	GRAS	TFF
SoffiXsponR570.09Cg150500	ARF	TFF
SoffiXsponR570.09Cg153000	TCP	TFF
SoffiXsponR570.09Cg154200	C2H2	TFF
SoffiXsponR570.09Cg155900	CCAAT	TFF
SoffiXsponR570.09Cg157300	C2C2-YABBY	TFF
SoffiXsponR570.09Cg159400	TFIID	TFF
SoffiXsponR570.09Cg159500	C2C2-GATA	TFF
SoffiXsponR570.09Cg162900	NAC	TFF
SoffiXsponR570.09Cg165700	bHLH	TFF
SoffiXsponR570.09Cg166700	MYB	TFF
SoffiXsponR570.09Cg167400	bZIP	TFF
SoffiXsponR570.09Cg170000	HB	TFF
SoffiXsponR570.09Cg173000	ABI3VP1	TFF
SoffiXsponR570.09Cg173400	TRAF	OTR
SoffiXsponR570.09Dg001600	PAS	TFF
SoffiXsponR570.09Dg002900	C2C2-Dof	TFF
SoffiXsponR570.09Dg003600	SAP	TFF
SoffiXsponR570.09Dg003600	zf-MIZ	OTR
SoffiXsponR570.09Dg004900	MYB-related	TFF
SoffiXsponR570.09Dg014100	TRAF	OTR
SoffiXsponR570.09Dg014200	GRAS	TFF
SoffiXsponR570.09Dg014300	GRAS	TFF
SoffiXsponR570.09Dg015800	C2H2	TFF
SoffiXsponR570.09Dg016200	C2H2	TFF
SoffiXsponR570.09Dg016800	NAC	TFF
SoffiXsponR570.09Dg018700	FAR1	TFF
SoffiXsponR570.09Dg020600	SET	OTR
SoffiXsponR570.09Dg024200	GRAS	TFF
SoffiXsponR570.09Dg025200	C3H	TFF
SoffiXsponR570.09Dg025600	NAC	TFF
SoffiXsponR570.09Dg026600	FHA	TFF
SoffiXsponR570.09Dg027200	zf-HD	TFF
SoffiXsponR570.09Dg033000	NAC	TFF
SoffiXsponR570.09Dg033900	ARF	TFF
SoffiXsponR570.09Dg035800	MED26	OTR
SoffiXsponR570.09Dg037400	MYB	TFF
SoffiXsponR570.09Dg039500	MADS	TFF
SoffiXsponR570.09Dg042500	WRKY	TFF
SoffiXsponR570.09Dg042700	SWI/SNF-BAF60b	OTR
SoffiXsponR570.09Dg044200	LIM	TFF
SoffiXsponR570.09Dg046100	MYB	TFF
SoffiXsponR570.09Dg047000	PHD	OTR
SoffiXsponR570.09Dg053100	FAR1	TFF
SoffiXsponR570.09Dg054200	FHA	TFF
SoffiXsponR570.09Dg062000	FHA	TFF
SoffiXsponR570.09Dg067600	bZIP	TFF
SoffiXsponR570.09Dg068300	PAS	TFF
SoffiXsponR570.09Dg069400	MYB	TFF
SoffiXsponR570.09Dg072300	MYB-related	TFF
SoffiXsponR570.09Dg072300	MYB	TFF
SoffiXsponR570.09Dg075300	C2C2-Dof	TFF
SoffiXsponR570.09Dg077900	mTERF	OTR
SoffiXsponR570.09Dg078200	mTERF	OTR
SoffiXsponR570.09Dg079300	GRAS	TFF
SoffiXsponR570.09Dg079400	GRAS	TFF
SoffiXsponR570.09Dg083000	C2H2	TFF
SoffiXsponR570.09Dg083200	NAC	TFF
SoffiXsponR570.09Dg087000	C2H2	TFF
SoffiXsponR570.09Dg087300	AP2-EREBP	TFF
SoffiXsponR570.09Dg088600	MYB-related	TFF
SoffiXsponR570.09Dg089300	bHLH	TFF
SoffiXsponR570.09Dg089600	C2C2-Dof	TFF
SoffiXsponR570.09Dg090400	ABI3VP1	TFF
SoffiXsponR570.09Dg090500	ABI3VP1	TFF
SoffiXsponR570.09Dg091100	ABI3VP1	TFF
SoffiXsponR570.09Dg091300	ABI3VP1	TFF
SoffiXsponR570.09Dg091400	ABI3VP1	TFF
SoffiXsponR570.09Dg091500	ABI3VP1	TFF
SoffiXsponR570.09Dg091900	TAZ	TFF
SoffiXsponR570.09Dg094800	LIM	TFF
SoffiXsponR570.09Dg095900	WRKY	TFF
SoffiXsponR570.09Dg098400	AUX/IAA	OTR
SoffiXsponR570.09Dg098600	AUX/IAA	OTR
SoffiXsponR570.09Dg098700	bZIP	TFF
SoffiXsponR570.09Dg100100	CPP	TFF
SoffiXsponR570.09Dg100200	CPP	TFF
SoffiXsponR570.09Dg103300	bHLH	TFF
SoffiXsponR570.09Dg103800	NAC	TFF
SoffiXsponR570.09Dg104000	zf-LSD1	TFF
SoffiXsponR570.09Dg106500	CCAAT	TFF
SoffiXsponR570.09Dg106600	GRAS	TFF
SoffiXsponR570.09Dg107300	ARF	TFF
SoffiXsponR570.09Dg110200	TCP	TFF
SoffiXsponR570.09Dg112000	C2H2	TFF
SoffiXsponR570.09Dg114000	CCAAT	TFF
SoffiXsponR570.09Dg115200	C2C2-YABBY	TFF
SoffiXsponR570.09Dg118200	TFIID	TFF
SoffiXsponR570.09Dg118300	C2C2-GATA	TFF
SoffiXsponR570.09Dg121800	NAC	TFF
SoffiXsponR570.09Dg124000	bHLH	TFF
SoffiXsponR570.09Dg125100	MYB	TFF
SoffiXsponR570.09Dg125200	MYB	TFF
SoffiXsponR570.09Dg125800	bZIP	TFF
SoffiXsponR570.09Dg127300	HB	TFF
SoffiXsponR570.09Dg130900	ABI3VP1	TFF
SoffiXsponR570.09Dg131300	TRAF	OTR
SoffiXsponR570.09Eg001300	PAS	TFF
SoffiXsponR570.09Eg003600	SAP	TFF
SoffiXsponR570.09Eg004100	FAR1	TFF
SoffiXsponR570.09Eg005300	MYB-related	TFF
SoffiXsponR570.09Eg017700	TRAF	OTR
SoffiXsponR570.09Eg017800	GRAS	TFF
SoffiXsponR570.09Eg017900	GRAS	TFF
SoffiXsponR570.09Eg020600	FAR1	TFF
SoffiXsponR570.09Eg022200	NAC	TFF
SoffiXsponR570.09Eg022600	SET	OTR
SoffiXsponR570.09Eg025300	MYB	TFF
SoffiXsponR570.09Eg025500	MYB	TFF
SoffiXsponR570.09Eg025600	zf-HD	TFF
SoffiXsponR570.09Eg026200	FHA	TFF
SoffiXsponR570.09Eg026600	NAC	TFF
SoffiXsponR570.09Eg026900	C3H	TFF
SoffiXsponR570.09Eg028100	GRAS	TFF
SoffiXsponR570.09Eg033200	WRKY	TFF
SoffiXsponR570.09Eg033300	WRKY	TFF
SoffiXsponR570.09Eg033400	SET	OTR
SoffiXsponR570.09Eg033800	WRKY	TFF
SoffiXsponR570.09Eg033900	WRKY	TFF
SoffiXsponR570.09Eg034100	WRKY	TFF
SoffiXsponR570.09Eg034200	WRKY	TFF
SoffiXsponR570.09Eg038000	DDT	OTR
SoffiXsponR570.09Eg038000	PHD	OTR
SoffiXsponR570.09Eg041700	MYB-related	TFF
SoffiXsponR570.09Eg043100	bZIP	TFF
SoffiXsponR570.09Eg046000	TUB	TFF
SoffiXsponR570.09Eg047000	MED26	OTR
SoffiXsponR570.09Eg048100	SAP	TFF
SoffiXsponR570.09Eg048500	MYB	TFF
SoffiXsponR570.09Eg048600	AP2-EREBP	TFF
SoffiXsponR570.09Eg049300	C2C2-GATA	TFF
SoffiXsponR570.09Eg049400	C2C2-GATA	TFF
SoffiXsponR570.09Eg050800	C2H2	TFF
SoffiXsponR570.09Eg051600	TCP	TFF
SoffiXsponR570.09Eg052700	MYB	TFF
SoffiXsponR570.09Eg052800	MYB	TFF
SoffiXsponR570.09Eg052900	MYB	TFF
SoffiXsponR570.09Eg053000	MYB-related	TFF
SoffiXsponR570.09Eg053000	MYB	TFF
SoffiXsponR570.09Eg054100	MYB-related	TFF
SoffiXsponR570.09Eg054800	NAC	TFF
SoffiXsponR570.09Eg057400	WRKY	TFF
SoffiXsponR570.09Eg057500	WRKY	TFF
SoffiXsponR570.09Eg059600	MYB	TFF
SoffiXsponR570.09Eg060100	bHLH	TFF
SoffiXsponR570.09Eg060200	PLATZ	TFF
SoffiXsponR570.09Eg064400	NAC	TFF
SoffiXsponR570.09Eg065300	MADS	TFF
SoffiXsponR570.09Eg065400	MADS	TFF
SoffiXsponR570.09Eg065800	zf-HD	TFF
SoffiXsponR570.09Eg066100	Alfin-like	TFF
SoffiXsponR570.09Eg071200	RWP-RK	TFF
SoffiXsponR570.09Eg072400	bZIP	TFF
SoffiXsponR570.09Eg077800	Jumonji	OTR
SoffiXsponR570.09Eg078900	C3H	TFF
SoffiXsponR570.09Eg082100	MYB	TFF
SoffiXsponR570.09Eg084200	MADS	TFF
SoffiXsponR570.09Eg087500	WRKY	TFF
SoffiXsponR570.09Eg087700	SWI/SNF-BAF60b	OTR
SoffiXsponR570.09Eg089100	LIM	TFF
SoffiXsponR570.09Eg091300	MYB	TFF
SoffiXsponR570.09Eg092100	PHD	OTR
SoffiXsponR570.09Eg094200	FHA	TFF
SoffiXsponR570.09Eg099900	bZIP	TFF
SoffiXsponR570.09Eg100600	PAS	TFF
SoffiXsponR570.09Eg102500	MYB	TFF
SoffiXsponR570.09Eg104300	MYB-related	TFF
SoffiXsponR570.09Eg104300	MYB	TFF
SoffiXsponR570.09Eg107500	C2C2-Dof	TFF
SoffiXsponR570.09Eg110500	GRAS	TFF
SoffiXsponR570.09Eg111700	NAC	TFF
SoffiXsponR570.09Eg114700	C2H2	TFF
SoffiXsponR570.09Eg119000	C2H2	TFF
SoffiXsponR570.09Eg119700	AP2-EREBP	TFF
SoffiXsponR570.09Eg120200	NAC	TFF
SoffiXsponR570.09Eg121000	MYB-related	TFF
SoffiXsponR570.09Eg121800	bHLH	TFF
SoffiXsponR570.09Eg122100	C2C2-Dof	TFF
SoffiXsponR570.09Eg123000	ABI3VP1	TFF
SoffiXsponR570.09Eg123600	ABI3VP1	TFF
SoffiXsponR570.09Eg123800	ABI3VP1	TFF
SoffiXsponR570.09Eg123900	ABI3VP1	TFF
SoffiXsponR570.09Eg124000	ABI3VP1	TFF
SoffiXsponR570.09Eg124400	TAZ	TFF
SoffiXsponR570.09Eg127800	LIM	TFF
SoffiXsponR570.09Eg128100	bZIP	TFF
SoffiXsponR570.09Eg130000	CPP	TFF
SoffiXsponR570.09Eg130100	CPP	TFF
SoffiXsponR570.10Ag001600	PAS	TFF
SoffiXsponR570.10Ag002200	C2C2-Dof	TFF
SoffiXsponR570.10Ag002900	SAP	TFF
SoffiXsponR570.10Ag002900	zf-MIZ	OTR
SoffiXsponR570.10Ag006900	MYB-related	TFF
SoffiXsponR570.10Ag013500	TRAF	OTR
SoffiXsponR570.10Ag013800	TRAF	OTR
SoffiXsponR570.10Ag018200	WRKY	TFF
SoffiXsponR570.10Ag018300	WRKY	TFF
SoffiXsponR570.10Ag018400	WRKY	TFF
SoffiXsponR570.10Ag018600	WRKY	TFF
SoffiXsponR570.10Ag018700	WRKY	TFF
SoffiXsponR570.10Ag018800	WRKY	TFF
SoffiXsponR570.10Ag018900	MYB	TFF
SoffiXsponR570.10Ag019000	WRKY	TFF
SoffiXsponR570.10Ag019600	AP2-EREBP	TFF
SoffiXsponR570.10Ag023100	GRAS	TFF
SoffiXsponR570.10Ag023700	C3H	TFF
SoffiXsponR570.10Ag024200	NAC	TFF
SoffiXsponR570.10Ag024300	NAC	TFF
SoffiXsponR570.10Ag025600	MYB	TFF
SoffiXsponR570.10Ag026300	AP2-EREBP	TFF
SoffiXsponR570.10Ag027800	C2C2-GATA	TFF
SoffiXsponR570.10Ag031500	C2H2	TFF
SoffiXsponR570.10Ag036800	GRAS	TFF
SoffiXsponR570.10Ag036900	TRAF	OTR
SoffiXsponR570.10Ag042200	DDT	OTR
SoffiXsponR570.10Ag042200	PHD	OTR
SoffiXsponR570.10Ag045600	bZIP	TFF
SoffiXsponR570.10Ag047600	NAC	TFF
SoffiXsponR570.10Ag047800	NAC	TFF
SoffiXsponR570.10Ag047900	bZIP	TFF
SoffiXsponR570.10Ag048400	ABI3VP1	TFF
SoffiXsponR570.10Ag049700	OFP	TFF
SoffiXsponR570.10Ag049800	OFP	TFF
SoffiXsponR570.10Ag049900	OFP	TFF
SoffiXsponR570.10Ag051300	Pseudo_ARR-B	OTR
SoffiXsponR570.10Ag052100	HB	TFF
SoffiXsponR570.10Ag052900	PHD	OTR
SoffiXsponR570.10Ag055100	bZIP	TFF
SoffiXsponR570.10Ag055200	GRAS	TFF
SoffiXsponR570.10Ag055900	TUB	TFF
SoffiXsponR570.10Ag056900	MED26	OTR
SoffiXsponR570.10Ag058400	AP2-EREBP	TFF
SoffiXsponR570.10Ag061200	NAC	TFF
SoffiXsponR570.10Ag061600	FHA	TFF
SoffiXsponR570.10Ag062500	TCP	TFF
SoffiXsponR570.10Ag063300	NAC	TFF
SoffiXsponR570.10Ag064900	MYB	TFF
SoffiXsponR570.10Ag066100	MYB-related	TFF
SoffiXsponR570.10Ag066600	NAC	TFF
SoffiXsponR570.10Ag072600	MYB-related	TFF
SoffiXsponR570.10Ag073100	NAC	TFF
SoffiXsponR570.10Ag076900	zf-BED	TFF
SoffiXsponR570.10Ag079800	ABI3VP1	TFF
SoffiXsponR570.10Ag091100	Alfin-like	TFF
SoffiXsponR570.10Ag092200	zf-HD	TFF
SoffiXsponR570.10Ag092800	AP2-EREBP	TFF
SoffiXsponR570.10Ag095100	PHD	OTR
SoffiXsponR570.10Ag101800	AUX/IAA	OTR
SoffiXsponR570.10Ag101900	AUX/IAA	OTR
SoffiXsponR570.10Ag106700	MYB	TFF
SoffiXsponR570.10Ag110000	AP2-EREBP	TFF
SoffiXsponR570.10Ag111100	Sigma70-like	TFF
SoffiXsponR570.10Ag111500	bHLH	TFF
SoffiXsponR570.10Ag113200	NAC	TFF
SoffiXsponR570.10Ag113700	FHA	TFF
SoffiXsponR570.10Ag113900	C3H	TFF
SoffiXsponR570.10Ag115700	SAP	TFF
SoffiXsponR570.10Ag119000	WRKY	TFF
SoffiXsponR570.10Ag120700	SBP	TFF
SoffiXsponR570.10Ag120800	SBP	TFF
SoffiXsponR570.10Ag123500	GRAS	TFF
SoffiXsponR570.10Ag125100	PAS	TFF
SoffiXsponR570.10Ag129300	bHLH	TFF
SoffiXsponR570.10Ag129400	ARF	TFF
SoffiXsponR570.10Ag129800	GNAT	OTR
SoffiXsponR570.10Ag132700	RB	OTR
SoffiXsponR570.10Ag138100	CCAAT	TFF
SoffiXsponR570.10Ag139400	PAS	TFF
SoffiXsponR570.10Ag142000	GRF	TFF
SoffiXsponR570.10Ag144600	BSD	TFF
SoffiXsponR570.10Ag145100	MYB	TFF
SoffiXsponR570.10Ag148100	Jumonji	OTR
SoffiXsponR570.10Ag150700	Jumonji	OTR
SoffiXsponR570.10Ag157900	WRKY	TFF
SoffiXsponR570.10Ag164200	bHLH	TFF
SoffiXsponR570.10Ag167400	MADS	TFF
SoffiXsponR570.10Ag167600	WRKY	TFF
SoffiXsponR570.10Ag173400	NAC	TFF
SoffiXsponR570.10Ag181200	bHLH	TFF
SoffiXsponR570.10Ag186200	FHA	TFF
SoffiXsponR570.10Ag186500	FHA	TFF
SoffiXsponR570.10Ag187400	FHA	TFF
SoffiXsponR570.10Ag187600	FHA	TFF
SoffiXsponR570.10Ag193200	MADS	TFF
SoffiXsponR570.10Ag196400	FHA	TFF
SoffiXsponR570.10Ag198500	GRAS	TFF
SoffiXsponR570.10Ag198600	GRAS	TFF
SoffiXsponR570.10Ag198700	GRAS	TFF
SoffiXsponR570.10Ag200100	C2C2-Dof	TFF
SoffiXsponR570.10Ag200200	C2C2-Dof	TFF
SoffiXsponR570.10Ag206900	PAS	TFF
SoffiXsponR570.10Ag211600	MYB	TFF
SoffiXsponR570.10Ag211800	AP2-EREBP	TFF
SoffiXsponR570.10Ag215800	MYB-related	TFF
SoffiXsponR570.10Ag215800	MYB	TFF
SoffiXsponR570.10Ag216500	C2H2	TFF
SoffiXsponR570.10Ag216700	C2H2	TFF
SoffiXsponR570.10Ag220400	GRAS	TFF
SoffiXsponR570.10Ag221300	C2H2	TFF
SoffiXsponR570.10Ag222500	MYB-related	TFF
SoffiXsponR570.10Ag222500	MYB	TFF
SoffiXsponR570.10Ag222700	MYB	TFF
SoffiXsponR570.10Ag223200	GRAS	TFF
SoffiXsponR570.10Ag223700	GRAS	TFF
SoffiXsponR570.10Ag224100	GRAS	TFF
SoffiXsponR570.10Ag224200	GRAS	TFF
SoffiXsponR570.10Ag224300	GRAS	TFF
SoffiXsponR570.10Ag224400	GRAS	TFF
SoffiXsponR570.10Ag224500	GRAS	TFF
SoffiXsponR570.10Ag224600	GRAS	TFF
SoffiXsponR570.10Ag224700	GRAS	TFF
SoffiXsponR570.10Ag224800	GRAS	TFF
SoffiXsponR570.10Ag224900	GRAS	TFF
SoffiXsponR570.10Ag225000	GRAS	TFF
SoffiXsponR570.10Ag225100	GRAS	TFF
SoffiXsponR570.10Ag225700	C2H2	TFF
SoffiXsponR570.10Bg001600	PAS	TFF
SoffiXsponR570.10Bg003000	SAP	TFF
SoffiXsponR570.10Bg006300	MYB-related	TFF
SoffiXsponR570.10Bg012800	TRAF	OTR
SoffiXsponR570.10Bg013000	TRAF	OTR
SoffiXsponR570.10Bg017100	WRKY	TFF
SoffiXsponR570.10Bg017200	WRKY	TFF
SoffiXsponR570.10Bg017400	WRKY	TFF
SoffiXsponR570.10Bg017600	WRKY	TFF
SoffiXsponR570.10Bg017800	WRKY	TFF
SoffiXsponR570.10Bg017900	WRKY	TFF
SoffiXsponR570.10Bg018000	WRKY	TFF
SoffiXsponR570.10Bg018100	MYB	TFF
SoffiXsponR570.10Bg018200	WRKY	TFF
SoffiXsponR570.10Bg018800	AP2-EREBP	TFF
SoffiXsponR570.10Bg022200	GRAS	TFF
SoffiXsponR570.10Bg022600	C3H	TFF
SoffiXsponR570.10Bg023000	NAC	TFF
SoffiXsponR570.10Bg023100	NAC	TFF
SoffiXsponR570.10Bg025400	zf-HD	TFF
SoffiXsponR570.10Bg025900	MYB	TFF
SoffiXsponR570.10Bg026700	AP2-EREBP	TFF
SoffiXsponR570.10Bg028600	C2C2-GATA	TFF
SoffiXsponR570.10Bg034500	MYB-related	TFF
SoffiXsponR570.10Bg037600	GRAS	TFF
SoffiXsponR570.10Bg037700	TRAF	OTR
SoffiXsponR570.10Bg040900	DDT	OTR
SoffiXsponR570.10Bg040900	PHD	OTR
SoffiXsponR570.10Bg044700	bZIP	TFF
SoffiXsponR570.10Bg046700	bZIP	TFF
SoffiXsponR570.10Bg049300	NAC	TFF
SoffiXsponR570.10Bg049500	bZIP	TFF
SoffiXsponR570.10Bg050000	ABI3VP1	TFF
SoffiXsponR570.10Bg050100	ABI3VP1	TFF
SoffiXsponR570.10Bg051200	OFP	TFF
SoffiXsponR570.10Bg051300	OFP	TFF
SoffiXsponR570.10Bg052200	MED26	OTR
SoffiXsponR570.10Bg055300	Pseudo_ARR-B	OTR
SoffiXsponR570.10Bg057400	bZIP	TFF
SoffiXsponR570.10Bg057500	GRAS	TFF
SoffiXsponR570.10Bg058600	TUB	TFF
SoffiXsponR570.10Bg059700	MED26	OTR
SoffiXsponR570.10Bg062800	AP2-EREBP	TFF
SoffiXsponR570.10Bg065100	NAC	TFF
SoffiXsponR570.10Bg065500	FHA	TFF
SoffiXsponR570.10Bg065700	bHLH	TFF
SoffiXsponR570.10Bg067500	NAC	TFF
SoffiXsponR570.10Bg068000	FHA	TFF
SoffiXsponR570.10Bg068300	C3H	TFF
SoffiXsponR570.10Bg073200	WRKY	TFF
SoffiXsponR570.10Bg074600	SBP	TFF
SoffiXsponR570.10Bg074800	SBP	TFF
SoffiXsponR570.10Bg077500	GRAS	TFF
SoffiXsponR570.10Bg083100	bHLH	TFF
SoffiXsponR570.10Bg083200	ARF	TFF
SoffiXsponR570.10Bg083900	GNAT	OTR
SoffiXsponR570.10Bg086500	RB	OTR
SoffiXsponR570.10Bg092000	CCAAT	TFF
SoffiXsponR570.10Bg093300	PAS	TFF
SoffiXsponR570.10Bg096200	GRF	TFF
SoffiXsponR570.10Bg098700	BSD	TFF
SoffiXsponR570.10Bg099200	MYB	TFF
SoffiXsponR570.10Bg104000	Jumonji	OTR
SoffiXsponR570.10Bg105000	C2C2-GATA	TFF
SoffiXsponR570.10Bg105300	zf-HD	TFF
SoffiXsponR570.10Bg106000	Alfin-like	TFF
SoffiXsponR570.10Bg116700	ABI3VP1	TFF
SoffiXsponR570.10Bg124400	MYB-related	TFF
SoffiXsponR570.10Bg126200	MYB	TFF
SoffiXsponR570.10Bg127800	AP2-EREBP	TFF
SoffiXsponR570.10Bg130600	PHD	OTR
SoffiXsponR570.10Bg134300	WRKY	TFF
SoffiXsponR570.10Bg135000	NAC	TFF
SoffiXsponR570.10Bg136400	Top	TFF
SoffiXsponR570.10Bg138500	AUX/IAA	OTR
SoffiXsponR570.10Bg138600	AUX/IAA	OTR
SoffiXsponR570.10Bg142300	AP2-EREBP	TFF
SoffiXsponR570.10Bg142400	AP2-EREBP	TFF
SoffiXsponR570.10Bg143500	MYB	TFF
SoffiXsponR570.10Bg147500	AP2-EREBP	TFF
SoffiXsponR570.10Bg148600	Jumonji	OTR
SoffiXsponR570.10Bg156500	WRKY	TFF
SoffiXsponR570.10Bg163000	bHLH	TFF
SoffiXsponR570.10Bg165800	MADS	TFF
SoffiXsponR570.10Bg171000	TRAF	OTR
SoffiXsponR570.10Bg174700	TRAF	OTR
SoffiXsponR570.10Bg174800	E2F-DP	TFF
SoffiXsponR570.10Bg175700	TRAF	OTR
SoffiXsponR570.10Bg175800	TRAF	OTR
SoffiXsponR570.10Bg178200	FAR1	TFF
SoffiXsponR570.10Bg180400	MADS	TFF
SoffiXsponR570.10Bg181900	FHA	TFF
SoffiXsponR570.10Bg182800	GRAS	TFF
SoffiXsponR570.10Bg182900	GRAS	TFF
SoffiXsponR570.10Bg183000	GRAS	TFF
SoffiXsponR570.10Bg183200	GRAS	TFF
SoffiXsponR570.10Bg184800	C2C2-Dof	TFF
SoffiXsponR570.10Bg188500	PAS	TFF
SoffiXsponR570.10Bg192900	MYB	TFF
SoffiXsponR570.10Bg193000	AP2-EREBP	TFF
SoffiXsponR570.10Bg196000	AP2-EREBP	TFF
SoffiXsponR570.10Bg196200	bZIP	TFF
SoffiXsponR570.10Bg196300	AP2-EREBP	TFF
SoffiXsponR570.10Bg196500	ABI3VP1	TFF
SoffiXsponR570.10Bg200300	MYB-related	TFF
SoffiXsponR570.10Bg200300	MYB	TFF
SoffiXsponR570.10Bg200400	MYB-related	TFF
SoffiXsponR570.10Bg200400	MYB	TFF
SoffiXsponR570.10Bg201400	C2H2	TFF
SoffiXsponR570.10Bg202500	AP2-EREBP	TFF
SoffiXsponR570.10Bg204500	GRAS	TFF
SoffiXsponR570.10Bg204900	GRAS	TFF
SoffiXsponR570.10Bg205000	GRAS	TFF
SoffiXsponR570.10Bg205200	GRAS	TFF
SoffiXsponR570.10Bg205400	GRAS	TFF
SoffiXsponR570.10Bg205500	GRAS	TFF
SoffiXsponR570.10Bg205700	GRAS	TFF
SoffiXsponR570.10Bg205800	GRAS	TFF
SoffiXsponR570.10Bg205900	GRAS	TFF
SoffiXsponR570.10Bg206000	GRAS	TFF
SoffiXsponR570.10Bg206100	GRAS	TFF
SoffiXsponR570.10Bg206300	GRAS	TFF
SoffiXsponR570.10Bg206900	C2H2	TFF
SoffiXsponR570.10Cg001600	TRAF	OTR
SoffiXsponR570.10Cg005500	WRKY	TFF
SoffiXsponR570.10Cg005600	WRKY	TFF
SoffiXsponR570.10Cg005800	WRKY	TFF
SoffiXsponR570.10Cg005900	WRKY	TFF
SoffiXsponR570.10Cg006000	WRKY	TFF
SoffiXsponR570.10Cg006100	MYB	TFF
SoffiXsponR570.10Cg006200	WRKY	TFF
SoffiXsponR570.10Cg006700	AP2-EREBP	TFF
SoffiXsponR570.10Cg010000	GRAS	TFF
SoffiXsponR570.10Cg010500	C3H	TFF
SoffiXsponR570.10Cg010900	NAC	TFF
SoffiXsponR570.10Cg011000	NAC	TFF
SoffiXsponR570.10Cg012500	zf-HD	TFF
SoffiXsponR570.10Cg013000	MYB	TFF
SoffiXsponR570.10Cg013900	AP2-EREBP	TFF
SoffiXsponR570.10Cg015400	C2C2-GATA	TFF
SoffiXsponR570.10Cg022800	GRAS	TFF
SoffiXsponR570.10Cg022900	TRAF	OTR
SoffiXsponR570.10Cg028500	DDT	OTR
SoffiXsponR570.10Cg032300	bZIP	TFF
SoffiXsponR570.10Cg035300	NAC	TFF
SoffiXsponR570.10Cg035700	NAC	TFF
SoffiXsponR570.10Cg035800	bZIP	TFF
SoffiXsponR570.10Cg036400	ABI3VP1	TFF
SoffiXsponR570.10Cg037400	OFP	TFF
SoffiXsponR570.10Cg037600	OFP	TFF
SoffiXsponR570.10Cg037700	OFP	TFF
SoffiXsponR570.10Cg040200	Pseudo_ARR-B	OTR
SoffiXsponR570.10Cg041100	HB	TFF
SoffiXsponR570.10Cg042600	bZIP	TFF
SoffiXsponR570.10Cg042800	GRAS	TFF
SoffiXsponR570.10Cg043400	TUB	TFF
SoffiXsponR570.10Cg044300	FAR1	TFF
SoffiXsponR570.10Cg044700	MED26	OTR
SoffiXsponR570.10Cg046300	AP2-EREBP	TFF
SoffiXsponR570.10Cg049200	NAC	TFF
SoffiXsponR570.10Cg049600	FHA	TFF
SoffiXsponR570.10Cg051000	TCP	TFF
SoffiXsponR570.10Cg051400	zf-BED	TFF
SoffiXsponR570.10Cg052000	NAC	TFF
SoffiXsponR570.10Cg053700	MYB	TFF
SoffiXsponR570.10Cg054100	MYB-related	TFF
SoffiXsponR570.10Cg054600	NAC	TFF
SoffiXsponR570.10Cg061000	ABI3VP1	TFF
SoffiXsponR570.10Cg064200	zf-BED	TFF
SoffiXsponR570.10Cg072200	Alfin-like	TFF
SoffiXsponR570.10Cg073000	zf-HD	TFF
SoffiXsponR570.10Cg073600	AP2-EREBP	TFF
SoffiXsponR570.10Cg075400	PHD	OTR
SoffiXsponR570.10Cg079400	Top	TFF
SoffiXsponR570.10Cg081100	AUX/IAA	OTR
SoffiXsponR570.10Cg081200	AUX/IAA	OTR
SoffiXsponR570.10Cg084900	AP2-EREBP	TFF
SoffiXsponR570.10Cg086300	MYB	TFF
SoffiXsponR570.10Cg090200	AP2-EREBP	TFF
SoffiXsponR570.10Cg091400	Sigma70-like	TFF
SoffiXsponR570.10Cg091600	bHLH	TFF
SoffiXsponR570.10Cg093300	NAC	TFF
SoffiXsponR570.10Cg094100	C3H	TFF
SoffiXsponR570.10Cg095800	SAP	TFF
SoffiXsponR570.10Cg099600	WRKY	TFF
SoffiXsponR570.10Cg101700	SBP	TFF
SoffiXsponR570.10Cg105000	GRAS	TFF
SoffiXsponR570.10Cg106500	PAS	TFF
SoffiXsponR570.10Cg106800	ABI3VP1	TFF
SoffiXsponR570.10Cg109500	GRAS	TFF
SoffiXsponR570.10Cg111400	PAS	TFF
SoffiXsponR570.10Cg111700	ABI3VP1	TFF
SoffiXsponR570.10Cg115700	bHLH	TFF
SoffiXsponR570.10Cg115800	ARF	TFF
SoffiXsponR570.10Cg116400	GNAT	OTR
SoffiXsponR570.10Cg116700	GNAT	OTR
SoffiXsponR570.10Cg119500	RB	OTR
SoffiXsponR570.10Cg125100	CCAAT	TFF
SoffiXsponR570.10Cg126300	PAS	TFF
SoffiXsponR570.10Cg129200	GRF	TFF
SoffiXsponR570.10Cg131200	BSD	TFF
SoffiXsponR570.10Cg131300	OFP	TFF
SoffiXsponR570.10Cg132500	MYB	TFF
SoffiXsponR570.10Cg136200	Jumonji	OTR
SoffiXsponR570.10Cg154700	FHA	TFF
SoffiXsponR570.10Cg161700	MADS	TFF
SoffiXsponR570.10Cg163200	FHA	TFF
SoffiXsponR570.10Cg165400	GRAS	TFF
SoffiXsponR570.10Cg165600	GRAS	TFF
SoffiXsponR570.10Cg165700	GRAS	TFF
SoffiXsponR570.10Cg165800	GRAS	TFF
SoffiXsponR570.10Cg165900	GRAS	TFF
SoffiXsponR570.10Cg166900	C2C2-Dof	TFF
SoffiXsponR570.10Cg167000	C2C2-Dof	TFF
SoffiXsponR570.10Cg171100	PAS	TFF
SoffiXsponR570.10Cg174800	MYB	TFF
SoffiXsponR570.10Cg175000	AP2-EREBP	TFF
SoffiXsponR570.10Cg178900	AP2-EREBP	TFF
SoffiXsponR570.10Cg179000	AP2-EREBP	TFF
SoffiXsponR570.10Cg179700	MYB	TFF
SoffiXsponR570.10Cg179900	MYB-related	TFF
SoffiXsponR570.10Cg179900	MYB	TFF
SoffiXsponR570.10Cg181200	C2H2	TFF
SoffiXsponR570.10Cg181300	C2H2	TFF
SoffiXsponR570.10Cg182500	AP2-EREBP	TFF
SoffiXsponR570.10Cg184400	GRAS	TFF
SoffiXsponR570.10Cg185800	C2H2	TFF
SoffiXsponR570.10Cg186800	MYB-related	TFF
SoffiXsponR570.10Cg186800	MYB	TFF
SoffiXsponR570.10Cg188900	GRAS	TFF
SoffiXsponR570.10Cg189000	GRAS	TFF
SoffiXsponR570.10Cg189100	GRAS	TFF
SoffiXsponR570.10Cg189400	GRAS	TFF
SoffiXsponR570.10Cg189600	GRAS	TFF
SoffiXsponR570.10Cg189700	GRAS	TFF
SoffiXsponR570.10Cg189800	GRAS	TFF
SoffiXsponR570.10Cg189900	GRAS	TFF
SoffiXsponR570.10Cg190000	GRAS	TFF
SoffiXsponR570.10Dg001200	PAS	TFF
SoffiXsponR570.10Dg001800	C2C2-Dof	TFF
SoffiXsponR570.10Dg002700	SAP	TFF
SoffiXsponR570.10Dg005700	MYB-related	TFF
SoffiXsponR570.10Dg013200	TRAF	OTR
SoffiXsponR570.10Dg016300	WRKY	TFF
SoffiXsponR570.10Dg016500	WRKY	TFF
SoffiXsponR570.10Dg016600	WRKY	TFF
SoffiXsponR570.10Dg016800	WRKY	TFF
SoffiXsponR570.10Dg016900	WRKY	TFF
SoffiXsponR570.10Dg017000	MYB	TFF
SoffiXsponR570.10Dg017100	WRKY	TFF
SoffiXsponR570.10Dg017700	AP2-EREBP	TFF
SoffiXsponR570.10Dg019900	GRAS	TFF
SoffiXsponR570.10Dg020400	C3H	TFF
SoffiXsponR570.10Dg020800	NAC	TFF
SoffiXsponR570.10Dg020900	NAC	TFF
SoffiXsponR570.10Dg022800	zf-HD	TFF
SoffiXsponR570.10Dg023500	MYB	TFF
SoffiXsponR570.10Dg024400	AP2-EREBP	TFF
SoffiXsponR570.10Dg033900	OFP	TFF
SoffiXsponR570.10Dg034100	OFP	TFF
SoffiXsponR570.10Dg034200	OFP	TFF
SoffiXsponR570.10Dg038400	Pseudo_ARR-B	OTR
SoffiXsponR570.10Dg039300	HB	TFF
SoffiXsponR570.10Dg040700	bZIP	TFF
SoffiXsponR570.10Dg040800	GRAS	TFF
SoffiXsponR570.10Dg041600	TUB	TFF
SoffiXsponR570.10Dg042700	MED26	OTR
SoffiXsponR570.10Dg044900	AP2-EREBP	TFF
SoffiXsponR570.10Dg047600	NAC	TFF
SoffiXsponR570.10Dg048100	FHA	TFF
SoffiXsponR570.10Dg050000	TCP	TFF
SoffiXsponR570.10Dg050600	zf-BED	TFF
SoffiXsponR570.10Dg051100	NAC	TFF
SoffiXsponR570.10Dg055800	ABI3VP1	TFF
SoffiXsponR570.10Dg066900	Alfin-like	TFF
SoffiXsponR570.10Dg067500	zf-HD	TFF
SoffiXsponR570.10Dg068200	AP2-EREBP	TFF
SoffiXsponR570.10Dg070100	PHD	OTR
SoffiXsponR570.10Dg072900	NAC	TFF
SoffiXsponR570.10Dg074300	Top	TFF
SoffiXsponR570.10Dg077100	AUX/IAA	OTR
SoffiXsponR570.10Dg077200	AUX/IAA	OTR
SoffiXsponR570.10Dg081100	AP2-EREBP	TFF
SoffiXsponR570.10Dg082400	MYB	TFF
SoffiXsponR570.10Dg086200	AP2-EREBP	TFF
SoffiXsponR570.10Dg086400	zf-BED	TFF
SoffiXsponR570.10Dg087700	bHLH	TFF
SoffiXsponR570.10Dg089900	NAC	TFF
SoffiXsponR570.10Dg090600	FHA	TFF
SoffiXsponR570.10Dg091000	C3H	TFF
SoffiXsponR570.10Dg094700	SAP	TFF
SoffiXsponR570.10Dg097900	WRKY	TFF
SoffiXsponR570.10Dg099200	SBP	TFF
SoffiXsponR570.10Dg099300	SBP	TFF
SoffiXsponR570.10Dg101100	GRAS	TFF
SoffiXsponR570.10Dg105300	bHLH	TFF
SoffiXsponR570.10Dg105400	ARF	TFF
SoffiXsponR570.10Dg106300	GNAT	OTR
SoffiXsponR570.10Dg108700	RB	OTR
SoffiXsponR570.10Dg115400	CCAAT	TFF
SoffiXsponR570.10Dg116900	PAS	TFF
SoffiXsponR570.10Dg120300	GRF	TFF
SoffiXsponR570.10Dg123000	BSD	TFF
SoffiXsponR570.10Dg123500	MYB	TFF
SoffiXsponR570.10Dg123900	MYB	TFF
SoffiXsponR570.10Dg126200	Jumonji	OTR
SoffiXsponR570.10Dg132700	bHLH	TFF
SoffiXsponR570.10Dg137100	MADS	TFF
SoffiXsponR570.10Dg137200	WRKY	TFF
SoffiXsponR570.10Dg137300	WRKY	TFF
SoffiXsponR570.10Dg137400	MADS	TFF
SoffiXsponR570.10Dg137500	MADS	TFF
SoffiXsponR570.10Dg137800	Top	TFF
SoffiXsponR570.10Dg143100	TRAF	OTR
SoffiXsponR570.10Dg146900	TRAF	OTR
SoffiXsponR570.10Dg150700	bHLH	TFF
SoffiXsponR570.10Dg154300	FHA	TFF
SoffiXsponR570.10Dg161000	MADS	TFF
SoffiXsponR570.10Dg164300	FHA	TFF
SoffiXsponR570.10Dg165100	GRAS	TFF
SoffiXsponR570.10Dg165200	GRAS	TFF
SoffiXsponR570.10Dg165300	GRAS	TFF
SoffiXsponR570.10Dg166700	C2C2-Dof	TFF
SoffiXsponR570.10Dg166800	C2C2-Dof	TFF
SoffiXsponR570.10Dg171500	PAS	TFF
SoffiXsponR570.10Dg175100	FAR1	TFF
SoffiXsponR570.10Dg176200	MYB	TFF
SoffiXsponR570.10Dg176300	AP2-EREBP	TFF
SoffiXsponR570.10Dg180100	AP2-EREBP	TFF
SoffiXsponR570.10Dg180400	AP2-EREBP	TFF
SoffiXsponR570.10Dg180500	bZIP	TFF
SoffiXsponR570.10Dg180700	AP2-EREBP	TFF
SoffiXsponR570.10Dg180800	AP2-EREBP	TFF
SoffiXsponR570.10Dg181300	MYB	TFF
SoffiXsponR570.10Dg181400	MYB-related	TFF
SoffiXsponR570.10Dg181400	MYB	TFF
SoffiXsponR570.10Dg183200	AP2-EREBP	TFF
SoffiXsponR570.10Dg183300	AP2-EREBP	TFF
SoffiXsponR570.10Dg185900	GRAS	TFF
SoffiXsponR570.10Dg186700	GRAS	TFF
SoffiXsponR570.10Dg186800	GRAS	TFF
SoffiXsponR570.10Dg186900	GRAS	TFF
SoffiXsponR570.10Dg187000	GRAS	TFF
SoffiXsponR570.10Dg187200	GRAS	TFF
SoffiXsponR570.10Dg190200	MYB-related	TFF
SoffiXsponR570.10Dg190200	MYB	TFF
SoffiXsponR570.10Dg191800	AP2-EREBP	TFF
SoffiXsponR570.10Dg194300	GRAS	TFF
SoffiXsponR570.10Dg194400	GRAS	TFF
SoffiXsponR570.10Dg194500	GRAS	TFF
SoffiXsponR570.10Dg194600	GRAS	TFF
SoffiXsponR570.10Dg194700	GRAS	TFF
SoffiXsponR570.10Dg194800	GRAS	TFF
SoffiXsponR570.10Dg194900	GRAS	TFF
SoffiXsponR570.10Dg195000	GRAS	TFF
SoffiXsponR570.10Dg195200	GRAS	TFF
SoffiXsponR570.10Dg195800	GRAS	TFF
SoffiXsponR570.10Dg196200	GRAS	TFF
SoffiXsponR570.10Dg196300	GRAS	TFF
SoffiXsponR570.10Dg196400	GRAS	TFF
SoffiXsponR570.10Dg196500	GRAS	TFF
SoffiXsponR570.10Dg196700	GRAS	TFF
SoffiXsponR570.10Dg197200	C2H2	TFF
SoffiXsponR570.10Eg002800	ABI3VP1	TFF
SoffiXsponR570.10Eg013000	Alfin-like	TFF
SoffiXsponR570.10Eg013800	zf-HD	TFF
SoffiXsponR570.10Eg014400	AP2-EREBP	TFF
SoffiXsponR570.10Eg014900	PHD	OTR
SoffiXsponR570.10Eg021800	AUX/IAA	OTR
SoffiXsponR570.10Eg021900	AUX/IAA	OTR
SoffiXsponR570.10Eg023400	FAR1	TFF
SoffiXsponR570.10Eg027200	AP2-EREBP	TFF
SoffiXsponR570.10Eg028800	MYB	TFF
SoffiXsponR570.10Eg032700	AP2-EREBP	TFF
SoffiXsponR570.10Eg034200	Sigma70-like	TFF
SoffiXsponR570.10Eg034500	bHLH	TFF
SoffiXsponR570.10Eg036400	NAC	TFF
SoffiXsponR570.10Eg037000	FHA	TFF
SoffiXsponR570.10Eg037200	C3H	TFF
SoffiXsponR570.10Eg038700	SAP	TFF
SoffiXsponR570.10Eg042100	WRKY	TFF
SoffiXsponR570.10Eg043500	SBP	TFF
SoffiXsponR570.10Eg043600	SBP	TFF
SoffiXsponR570.10Eg046300	GRAS	TFF
SoffiXsponR570.10Eg047200	PAS	TFF
SoffiXsponR570.10Eg047400	ABI3VP1	TFF
SoffiXsponR570.10Eg050500	bHLH	TFF
SoffiXsponR570.10Eg050600	ARF	TFF
SoffiXsponR570.10Eg051100	GNAT	OTR
SoffiXsponR570.10Eg053900	RB	OTR
SoffiXsponR570.10Eg058500	CCAAT	TFF
SoffiXsponR570.10Eg060100	PAS	TFF
SoffiXsponR570.10Eg063200	GRF	TFF
SoffiXsponR570.10Eg066000	BSD	TFF
SoffiXsponR570.10Eg066700	MYB	TFF
SoffiXsponR570.10Eg069500	Jumonji	OTR
SoffiXsponR570.10Eg075000	TRAF	OTR
SoffiXsponR570.10Eg085600	bHLH	TFF
SoffiXsponR570.10Eg090200	bHLH	TFF
SoffiXsponR570.10Eg093700	FHA	TFF
SoffiXsponR570.10Eg094400	FHA	TFF
SoffiXsponR570.10Eg100800	MADS	TFF
SoffiXsponR570.10Eg101200	FAR1	TFF
SoffiXsponR570.10Eg103200	FHA	TFF
SoffiXsponR570.10Eg106000	GRAS	TFF
SoffiXsponR570.10Eg106100	GRAS	TFF
SoffiXsponR570.10Eg107900	C2C2-Dof	TFF
SoffiXsponR570.10Eg108100	C2C2-Dof	TFF
SoffiXsponR570.10Eg108200	C2C2-Dof	TFF
SoffiXsponR570.10Eg108400	C2C2-Dof	TFF
SoffiXsponR570.10Eg108700	C2C2-Dof	TFF
SoffiXsponR570.10Eg113100	PAS	TFF
SoffiXsponR570.10Eg117000	MYB	TFF
SoffiXsponR570.10Eg117100	AP2-EREBP	TFF
SoffiXsponR570.10Eg121900	AP2-EREBP	TFF
SoffiXsponR570.10Eg122100	bZIP	TFF
SoffiXsponR570.10Eg122200	AP2-EREBP	TFF
SoffiXsponR570.10Eg122400	AP2-EREBP	TFF
SoffiXsponR570.10Eg123800	MYB	TFF
SoffiXsponR570.10Eg123900	MYB-related	TFF
SoffiXsponR570.10Eg123900	MYB	TFF
SoffiXsponR570.10Eg124900	C2H2	TFF
SoffiXsponR570.10Eg125100	C2H2	TFF
SoffiXsponR570.10Eg125300	C2H2	TFF
SoffiXsponR570.10Eg125400	C2H2	TFF
SoffiXsponR570.10Eg125900	AP2-EREBP	TFF
SoffiXsponR570.10Eg128900	GRAS	TFF
SoffiXsponR570.10Eg129500	GRAS	TFF
SoffiXsponR570.10Eg129600	GRAS	TFF
SoffiXsponR570.10Eg129800	GRAS	TFF
SoffiXsponR570.10Eg130000	GRAS	TFF
SoffiXsponR570.10Eg130100	GRAS	TFF
SoffiXsponR570.10Eg130200	GRAS	TFF
SoffiXsponR570.10Eg130300	GRAS	TFF
SoffiXsponR570.10Eg130400	GRAS	TFF
SoffiXsponR570.10Eg130500	GRAS	TFF
SoffiXsponR570.10Eg130700	GRAS	TFF
SoffiXsponR570.10Eg130800	GRAS	TFF
SoffiXsponR570.10Eg130900	GRAS	TFF
SoffiXsponR570.10Eg131000	GRAS	TFF
SoffiXsponR570.10Eg131100	GRAS	TFF
SoffiXsponR570.10Eg131200	GRAS	TFF
SoffiXsponR570.10Eg131500	GRAS	TFF
SoffiXsponR570.10Eg132000	C2H2	TFF
SoffiXsponR570.10Fg002000	AP2-EREBP	TFF
SoffiXsponR570.10Fg002100	AP2-EREBP	TFF
SoffiXsponR570.10Fg002300	ABI3VP1	TFF
SoffiXsponR570.10Fg003200	MYB	TFF
SoffiXsponR570.10Fg007300	AP2-EREBP	TFF
SoffiXsponR570.10Fg008700	Sigma70-like	TFF
SoffiXsponR570.10Fg008900	bHLH	TFF
SoffiXsponR570.10Fg010800	NAC	TFF
SoffiXsponR570.10Fg011300	FHA	TFF
SoffiXsponR570.10Fg011600	C3H	TFF
SoffiXsponR570.10Fg013500	SAP	TFF
SoffiXsponR570.10Fg017100	WRKY	TFF
SoffiXsponR570.10Fg019000	SBP	TFF
SoffiXsponR570.10Fg019100	SBP	TFF
SoffiXsponR570.10Fg021700	GRAS	TFF
SoffiXsponR570.10Fg026600	bHLH	TFF
SoffiXsponR570.10Fg026700	ARF	TFF
SoffiXsponR570.10Fg027300	GNAT	OTR
SoffiXsponR570.10Fg029100	RB	OTR
SoffiXsponR570.10Fg034100	CCAAT	TFF
SoffiXsponR570.10Fg035700	PAS	TFF
SoffiXsponR570.10Fg039900	BSD	TFF
SoffiXsponR570.10Fg040300	MYB	TFF
SoffiXsponR570.10Fg047700	TRAF	OTR
SoffiXsponR570.10Fg056200	bHLH	TFF
SoffiXsponR570.10Fg058200	MADS	TFF
SoffiXsponR570.10Fg058800	Top	TFF
SoffiXsponR570.10Fg060200	TRAF	OTR
SoffiXsponR570.10Fg071000	NAC	TFF
SoffiXsponR570.10Fg072100	E2F-DP	TFF
SoffiXsponR570.10Fg073200	TRAF	OTR
SoffiXsponR570.10Fg073500	TRAF	OTR
SoffiXsponR570.10Fg075200	MYB-related	TFF
SoffiXsponR570.10Fg081600	FHA	TFF
SoffiXsponR570.10Fg087500	MADS	TFF
SoffiXsponR570.10Fg089400	FHA	TFF
SoffiXsponR570.10Fg091200	GRAS	TFF
SoffiXsponR570.10Fg091400	GRAS	TFF
SoffiXsponR570.10Fg091500	GRAS	TFF
SoffiXsponR570.10Fg092400	C2C2-Dof	TFF
SoffiXsponR570.10Fg096000	PAS	TFF
SoffiXsponR570.10Fg099600	MYB	TFF
SoffiXsponR570.10Fg099700	AP2-EREBP	TFF
SoffiXsponR570.10Fg099800	AP2-EREBP	TFF
SoffiXsponR570.10Fg106500	AP2-EREBP	TFF
SoffiXsponR570.10Fg106600	bZIP	TFF
SoffiXsponR570.10Fg106700	AP2-EREBP	TFF
SoffiXsponR570.10Fg106800	ABI3VP1	TFF
SoffiXsponR570.10Fg107100	AP2-EREBP	TFF
SoffiXsponR570.10Fg108300	MYB	TFF
SoffiXsponR570.10Fg108400	MYB-related	TFF
SoffiXsponR570.10Fg108400	MYB	TFF
SoffiXsponR570.10Fg109300	C2H2	TFF
SoffiXsponR570.10Fg109800	C2H2	TFF
SoffiXsponR570.10Fg112700	GRAS	TFF
SoffiXsponR570.10Fg113100	GRAS	TFF
SoffiXsponR570.10Fg113200	GRAS	TFF
SoffiXsponR570.10Fg113300	GRAS	TFF
SoffiXsponR570.10Fg113400	GRAS	TFF
SoffiXsponR570.10Fg113600	GRAS	TFF
SoffiXsponR570.10Fg113700	GRAS	TFF
SoffiXsponR570.10Fg113800	GRAS	TFF
SoffiXsponR570.10Fg113900	GRAS	TFF
SoffiXsponR570.10Fg114000	GRAS	TFF
SoffiXsponR570.10Fg114200	GRAS	TFF
SoffiXsponR570.10Fg114300	GRAS	TFF
SoffiXsponR570.10Fg114400	GRAS	TFF
SoffiXsponR570.10Fg114600	GRAS	TFF
SoffiXsponR570.10Fg114700	GRAS	TFF
SoffiXsponR570.10Fg114800	GRAS	TFF
SoffiXsponR570.10Fg114900	GRAS	TFF
SoffiXsponR570.10Fg115100	GRAS	TFF
SoffiXsponR570.10Fg115500	C2H2	TFF
SoffiXsponR570.10Fg117300	AP2-EREBP	TFF
SoffiXsponR570.10Fg118900	GRAS	TFF
SoffiXsponR570.10Fg119100	GRAS	TFF
SoffiXsponR570.10Fg119200	GRAS	TFF
SoffiXsponR570.10Fg119300	GRAS	TFF
SoffiXsponR570.10Fg119400	GRAS	TFF
SoffiXsponR570.10Fg119500	GRAS	TFF
SoffiXsponR570.10Fg119600	GRAS	TFF
SoffiXsponR570.10Fg120600	C2H2	TFF
SoffiXsponR570.10Fg123200	GRAS	TFF
SoffiXsponR570.10Fg123300	GRAS	TFF
SoffiXsponR570.10Fg123400	GRAS	TFF
SoffiXsponR570.10Fg123600	GRAS	TFF
SoffiXsponR570.10Fg123700	GRAS	TFF
SoffiXsponR570.10Fg123800	GRAS	TFF
SoffiXsponR570.10Fg123900	GRAS	TFF
SoffiXsponR570.10Fg124000	GRAS	TFF
SoffiXsponR570.10Fg124100	GRAS	TFF
SoffiXsponR570.10Fg124200	GRAS	TFF
SoffiXsponR570.10Fg124300	GRAS	TFF
SoffiXsponR570.10Fg124600	GRAS	TFF
SoffiXsponR570.10Fg125200	C2H2	TFF
SoffiXsponR570.10os1g001500	PAS	TFF
SoffiXsponR570.10os1g002800	SAP	TFF
SoffiXsponR570.10os1g002800	zf-MIZ	OTR
SoffiXsponR570.10os1g005800	MYB-related	TFF
SoffiXsponR570.10os1g009400	NAC	TFF
SoffiXsponR570.10os1g009500	NAC	TFF
SoffiXsponR570.10os1g009800	MYB	TFF
SoffiXsponR570.10os1g012000	MYB-related	TFF
SoffiXsponR570.10os1g012500	NAC	TFF
SoffiXsponR570.10os1g019900	ABI3VP1	TFF
SoffiXsponR570.10os1g030600	Alfin-like	TFF
SoffiXsponR570.10os1g031600	zf-HD	TFF
SoffiXsponR570.10os1g032200	AP2-EREBP	TFF
SoffiXsponR570.10os1g034600	PHD	OTR
SoffiXsponR570.10os1g037900	bZIP	TFF
SoffiXsponR570.10os1g038500	MYB-related	TFF
SoffiXsponR570.10os1g038600	WRKY	TFF
SoffiXsponR570.10os1g039100	NAC	TFF
SoffiXsponR570.10os1g041800	AUX/IAA	OTR
SoffiXsponR570.10os1g041900	AUX/IAA	OTR
SoffiXsponR570.10os1g046700	MYB	TFF
SoffiXsponR570.10os1g052200	WRKY	TFF
SoffiXsponR570.10os1g055700	SAP	TFF
SoffiXsponR570.10os1g059000	CCAAT	TFF
SoffiXsponR570.10os1g060500	PAS	TFF
SoffiXsponR570.10os1g062800	GRF	TFF
SoffiXsponR570.10os1g065100	Jumonji	OTR
SoffiXsponR570.10os2g002300	AP2-EREBP	TFF
SoffiXsponR570.10os2g002400	AP2-EREBP	TFF
SoffiXsponR570.10os2g003700	MYB	TFF
SoffiXsponR570.10os2g006600	AP2-EREBP	TFF
SoffiXsponR570.10us89g001200	PAS	TFF
SoffiXsponR570.10us89g004400	MYB-related	TFF
SoffiXsponR570.10us89g010900	TRAF	OTR
SoffiXsponR570.10us89g015600	WRKY	TFF
SoffiXsponR570.10us89g015700	WRKY	TFF
SoffiXsponR570.10us89g015800	WRKY	TFF
SoffiXsponR570.10us89g015900	WRKY	TFF
SoffiXsponR570.10us89g016100	WRKY	TFF
SoffiXsponR570.10us89g016200	WRKY	TFF
SoffiXsponR570.10us89g016300	WRKY	TFF
SoffiXsponR570.10us89g016400	MYB	TFF
SoffiXsponR570.10us89g016500	WRKY	TFF
SoffiXsponR570.10us89g019600	GRAS	TFF
SoffiXsponR570.10us89g020200	C3H	TFF
SoffiXsponR570.10us89g020700	NAC	TFF
SoffiXsponR570.10us89g020800	NAC	TFF
SoffiXsponR570.10us89g023000	zf-HD	TFF
SoffiXsponR570.10us89g023400	MYB	TFF
SoffiXsponR570.10us89g024100	AP2-EREBP	TFF
SoffiXsponR570.10us89g025700	C2C2-GATA	TFF
SoffiXsponR570.10us89g029800	C2H2	TFF
SoffiXsponR570.10us89g034500	GRAS	TFF
SoffiXsponR570.10us89g034600	TRAF	OTR
SoffiXsponR570.10us89g040300	DDT	OTR
SoffiXsponR570.10us89g040300	PHD	OTR
SoffiXsponR570.10us89g045000	bZIP	TFF
SoffiXsponR570.10us89g046900	NAC	TFF
SoffiXsponR570.10us89g047000	NAC	TFF
SoffiXsponR570.10us89g047200	bZIP	TFF
SoffiXsponR570.10us89g047600	ABI3VP1	TFF
SoffiXsponR570.10us89g048600	OFP	TFF
SoffiXsponR570.10us89g048700	OFP	TFF
SoffiXsponR570.10us89g048800	OFP	TFF
SoffiXsponR570.10us89g050800	Pseudo_ARR-B	OTR
SoffiXsponR570.10us89g051600	HB	TFF
SoffiXsponR570.10us89g052600	bZIP	TFF
SoffiXsponR570.10us89g052700	GRAS	TFF
SoffiXsponR570.10us89g053500	TUB	TFF
SoffiXsponR570.10us89g054300	MED26	OTR
SoffiXsponR570.10us89g056500	AP2-EREBP	TFF
SoffiXsponR570.10us89g059900	NAC	TFF
SoffiXsponR570.10us89g060700	FHA	TFF
SoffiXsponR570.10us89g061700	TCP	TFF
SoffiXsponR570.10us89g065200	MYB	TFF
SoffiXsponR570.10us89g067300	MYB-related	TFF
SoffiXsponR570.10us89g067800	NAC	TFF
SoffiXsponR570.10us89g074100	ABI3VP1	TFF
SoffiXsponR570.10us89g084700	Alfin-like	TFF
SoffiXsponR570.10us89g085200	zf-HD	TFF
SoffiXsponR570.10us89g085800	AP2-EREBP	TFF
SoffiXsponR570.10us89g088100	PHD	OTR
SoffiXsponR570.10us89g090400	MYB-related	TFF
SoffiXsponR570.10us89g092200	Top	TFF
SoffiXsponR570.10us89g094200	AUX/IAA	OTR
SoffiXsponR570.10us89g094300	AUX/IAA	OTR
SoffiXsponR570.10us89g099200	AP2-EREBP	TFF
SoffiXsponR570.10us89g099300	AP2-EREBP	TFF
SoffiXsponR570.10us89g100300	MYB	TFF
SoffiXsponR570.10us89g103500	AP2-EREBP	TFF
SoffiXsponR570.1os1g000800	TFIID	TFF
SoffiXsponR570.1os1g001000	OFP	TFF
SoffiXsponR570.1os1g001700	TRAF	OTR
SoffiXsponR570.1os1g002200	TRAF	OTR
SoffiXsponR570.1os1g002700	C2H2	TFF
SoffiXsponR570.1os1g002800	HSF	TFF
SoffiXsponR570.1os1g005300	TRAF	OTR
SoffiXsponR570.1os1g005400	TRAF	OTR
SoffiXsponR570.1os1g006400	GNAT	OTR
SoffiXsponR570.1os1g009100	SET	OTR
SoffiXsponR570.1os1g010600	C2C2-Dof	TFF
SoffiXsponR570.1Z002700	MYB	TFF
SoffiXsponR570.1Z003000	bZIP	TFF
SoffiXsponR570.1Z003200	bHLH	TFF
SoffiXsponR570.1Z003900	bHLH	TFF
SoffiXsponR570.1Z004000	C2C2-Dof	TFF
SoffiXsponR570.1Z005000	CCAAT	TFF
SoffiXsponR570.1Z006800	TRAF	OTR
SoffiXsponR570.1Z007500	CCAAT	TFF
SoffiXsponR570.1Z009400	WRKY	TFF
SoffiXsponR570.1Z014300	SWI/SNF-BAF60b	OTR
SoffiXsponR570.1Z017100	C2C2-YABBY	TFF
SoffiXsponR570.1Z018100	SET	OTR
SoffiXsponR570.1Z021700	GNAT	OTR
SoffiXsponR570.1Z022000	MYB	TFF
SoffiXsponR570.1Z022700	GeBP	TFF
SoffiXsponR570.1Z024400	C2C2-Dof	TFF
SoffiXsponR570.1Z025500	Top	TFF
SoffiXsponR570.1Z029300	Tify	TFF
SoffiXsponR570.1Z033800	TIG	TFF
SoffiXsponR570.1Z034500	ABI3VP1	TFF
SoffiXsponR570.1Z034700	ABI3VP1	TFF
SoffiXsponR570.1Z036400	Tify	TFF
SoffiXsponR570.1Z040200	ABI3VP1	TFF
SoffiXsponR570.1Z040400	ABI3VP1	TFF
SoffiXsponR570.1Z045300	bHLH	TFF
SoffiXsponR570.1Z046300	MYB	TFF
SoffiXsponR570.1Z046800	bZIP	TFF
SoffiXsponR570.1Z048100	HB	TFF
SoffiXsponR570.1Z052200	ABI3VP1	TFF
SoffiXsponR570.1Z052600	TRAF	OTR
SoffiXsponR570.1Z053800	CCAAT	TFF
SoffiXsponR570.1Z054100	SET	OTR
SoffiXsponR570.1Z055800	bZIP	TFF
SoffiXsponR570.1Z056800	CCAAT	TFF
SoffiXsponR570.1Z059000	AP2-EREBP	TFF
SoffiXsponR570.1Z068600	TFIID	TFF
SoffiXsponR570.1Z068800	Trihelix	TFF
SoffiXsponR570.1Z073100	MYB-related	TFF
SoffiXsponR570.1Z082600	AP2-EREBP	TFF
SoffiXsponR570.1Z083100	HSF	TFF
SoffiXsponR570.1Z083800	BES1	TFF
SoffiXsponR570.1Z085300	MADS	TFF
SoffiXsponR570.1Z086600	MYB-related	TFF
SoffiXsponR570.1Z087300	bHLH	TFF
SoffiXsponR570.1Z089300	NAC	TFF
SoffiXsponR570.1Z090800	GeBP	TFF
SoffiXsponR570.1Z095700	bZIP	TFF
SoffiXsponR570.1Z096700	BES1	TFF
SoffiXsponR570.1Z097400	SWI/SNF-BAF60b	OTR
SoffiXsponR570.1Z101100	bZIP	TFF
SoffiXsponR570.1Z104300	C2C2-GATA	TFF
SoffiXsponR570.1Z105100	SAP	TFF
SoffiXsponR570.1Z105400	ARR-B	TFF
SoffiXsponR570.1Z107400	Top	TFF
SoffiXsponR570.1Z108800	FAR1	TFF
SoffiXsponR570.1Z109300	Sigma70-like	TFF
SoffiXsponR570.1Z109500	MYB-related	TFF
SoffiXsponR570.1Z110300	GNAT	OTR
SoffiXsponR570.1Z111100	Top	TFF
SoffiXsponR570.1Z111200	bHLH	TFF
SoffiXsponR570.1Z111300	Top	TFF
SoffiXsponR570.1Z112400	C3H	TFF
SoffiXsponR570.1Z112600	zf-LSD1	TFF
SoffiXsponR570.1Z114100	MED26	OTR
SoffiXsponR570.1Z114200	NAC	TFF
SoffiXsponR570.1Z114400	ABI3VP1	TFF
SoffiXsponR570.1Z114500	MYB-related	TFF
SoffiXsponR570.1Z115900	AP2-EREBP	TFF
SoffiXsponR570.1Z116000	bHLH	TFF
SoffiXsponR570.1Z120400	PHD	OTR
SoffiXsponR570.1Z123500	Top	TFF
SoffiXsponR570.1Z125100	ARR-B	TFF
SoffiXsponR570.1Z125500	SAP	TFF
SoffiXsponR570.1Z126300	C2C2-GATA	TFF
SoffiXsponR570.1Z129600	MYB	TFF
SoffiXsponR570.1Z130100	AP2-EREBP	TFF
SoffiXsponR570.1Z130300	C2H2	TFF
SoffiXsponR570.1Z138100	NAC	TFF
SoffiXsponR570.1Z138700	AP2-EREBP	TFF
SoffiXsponR570.1Z138900	AP2-EREBP	TFF
SoffiXsponR570.1Z139000	AP2-EREBP	TFF
SoffiXsponR570.1Z139100	AP2-EREBP	TFF
SoffiXsponR570.1Z140000	WRKY	TFF
SoffiXsponR570.1Z142300	AUX/IAA	OTR
SoffiXsponR570.1Z142400	AUX/IAA	OTR
SoffiXsponR570.1Z142500	bZIP	TFF
SoffiXsponR570.1Z145600	Top	TFF
SoffiXsponR570.1Z146700	C2C2-Dof	TFF
SoffiXsponR570.1Z148300	GeBP	TFF
SoffiXsponR570.1Z148400	GeBP	TFF
SoffiXsponR570.1Z150700	Tify	TFF
SoffiXsponR570.1Z150900	Tify	TFF
SoffiXsponR570.1Z151000	Tify	TFF
SoffiXsponR570.1Z151100	Tify	TFF
SoffiXsponR570.1Z151200	Tify	TFF
SoffiXsponR570.1Z151300	C3H	TFF
SoffiXsponR570.1Z151300	SAP	TFF
SoffiXsponR570.1Z152200	Top	TFF
SoffiXsponR570.1Z153000	PLATZ	TFF
SoffiXsponR570.1Z153300	bHLH	TFF
SoffiXsponR570.1Z153700	C2H2	TFF
SoffiXsponR570.1Z156500	PAS	TFF
SoffiXsponR570.1Z161800	Not1	TFF
SoffiXsponR570.1Z166100	MYB	TFF
SoffiXsponR570.1Z166700	C2C2-GATA	TFF
SoffiXsponR570.1Z167000	SET	OTR
SoffiXsponR570.1Z167100	Top	TFF
SoffiXsponR570.1Z171000	NAC	TFF
SoffiXsponR570.1Z171400	bHLH	TFF
SoffiXsponR570.1Z173900	E2F-DP	TFF
SoffiXsponR570.1Z174000	zf-BED	TFF
SoffiXsponR570.1Z176000	MYB	TFF
SoffiXsponR570.1Z176700	AP2-EREBP	TFF
SoffiXsponR570.1Z178400	bZIP	TFF
SoffiXsponR570.1Z179700	FAR1	TFF
SoffiXsponR570.1Z180100	DBP	TFF
SoffiXsponR570.1Z180200	AUX/IAA	OTR
SoffiXsponR570.1Z182000	Top	TFF
SoffiXsponR570.1Z182100	TRAF	OTR
SoffiXsponR570.1Z182200	MBF1	OTR
SoffiXsponR570.1Z186800	C2C2-GATA	TFF
SoffiXsponR570.1Z187200	bHLH	TFF
SoffiXsponR570.1Z190400	HB	TFF
SoffiXsponR570.1Z191300	NAC	TFF
SoffiXsponR570.1Z192400	HSF	TFF
SoffiXsponR570.1Z194300	AP2-EREBP	TFF
SoffiXsponR570.1Z194800	HSF	TFF
SoffiXsponR570.1Z195200	BES1	TFF
SoffiXsponR570.1Z196800	MADS	TFF
SoffiXsponR570.1Z198100	MYB-related	TFF
SoffiXsponR570.1Z203900	bZIP	TFF
SoffiXsponR570.1Z205100	bZIP	TFF
SoffiXsponR570.1Z205600	MYB	TFF
SoffiXsponR570.1Z206900	EIL	TFF
SoffiXsponR570.1Z207200	MYB-related	TFF
SoffiXsponR570.1Z207300	C2C2-Dof	TFF
SoffiXsponR570.1Z207800	NAC	TFF
SoffiXsponR570.1Z208300	NAC	TFF
SoffiXsponR570.1Z208600	C3H	TFF
SoffiXsponR570.1Z210000	WRKY	TFF
SoffiXsponR570.1Z210300	ABI3VP1	TFF
SoffiXsponR570.1Z210500	bZIP	TFF
SoffiXsponR570.1Z210800	OFP	TFF
SoffiXsponR570.1Z212700	AP2-EREBP	TFF
SoffiXsponR570.1Z216600	AP2-EREBP	TFF
SoffiXsponR570.1Z218600	TUB	TFF
SoffiXsponR570.1Z221200	DDT	OTR
SoffiXsponR570.1Z221200	PHD	OTR
SoffiXsponR570.1Z223400	CCAAT	TFF
SoffiXsponR570.1Z226900	TRAF	OTR
SoffiXsponR570.1Z228300	BSD	TFF
SoffiXsponR570.1Z231400	SWI/SNF-BAF60b	OTR
SoffiXsponR570.1Z232300	MED26	OTR
SoffiXsponR570.1Z234200	HSF	TFF
SoffiXsponR570.1Z237200	GeBP	TFF
SoffiXsponR570.1Z237900	MYB	TFF
SoffiXsponR570.1Z238100	SART-1	OTR
SoffiXsponR570.1Z241200	MYB	TFF
SoffiXsponR570.1Z241400	bHLH	TFF
SoffiXsponR570.1Z242000	MYB	TFF
SoffiXsponR570.1Z243100	Tudor-knot	OTR
SoffiXsponR570.1Z243600	SAP	TFF
SoffiXsponR570.1Z245800	CAMTA	TFF
SoffiXsponR570.1Z245800	TIG	TFF
SoffiXsponR570.1Z250300	SAP	TFF
SoffiXsponR570.1Z251500	AP2-EREBP	TFF
SoffiXsponR570.1Z252600	zf-BED	TFF
SoffiXsponR570.1Z252900	MYB	TFF
SoffiXsponR570.1Z253600	AP2-EREBP	TFF
SoffiXsponR570.1Z255100	bZIP	TFF
SoffiXsponR570.1Z256800	DBP	TFF
SoffiXsponR570.1Z256900	AUX/IAA	OTR
SoffiXsponR570.1Z258300	Top	TFF
SoffiXsponR570.1Z258400	TRAF	OTR
SoffiXsponR570.1Z258500	MBF1	OTR
SoffiXsponR570.1Z262600	C2C2-GATA	TFF
SoffiXsponR570.1Z263000	bHLH	TFF
SoffiXsponR570.1Z264600	HSF	TFF
SoffiXsponR570.1Z265400	HB	TFF
SoffiXsponR570.1Z266200	NAC	TFF
SoffiXsponR570.1Z267100	TRAF	OTR
SoffiXsponR570.1Z267300	TRAF	OTR
SoffiXsponR570.1Z267400	TRAF	OTR
SoffiXsponR570.1Z267500	TRAF	OTR
SoffiXsponR570.1Z268900	GNAT	OTR
SoffiXsponR570.1Z271300	SET	OTR
SoffiXsponR570.1Z272200	C2C2-Dof	TFF
SoffiXsponR570.1Z274400	HSF	TFF
SoffiXsponR570.1Z274500	C2H2	TFF
SoffiXsponR570.1Z275300	TRAF	OTR
SoffiXsponR570.1Z275900	OFP	TFF
SoffiXsponR570.1Z276100	TFIID	TFF
SoffiXsponR570.1Z279300	zf-BED	TFF
SoffiXsponR570.1Z279400	E2F-DP	TFF
SoffiXsponR570.1Z281100	MYB-related	TFF
SoffiXsponR570.1Z281200	MYB-related	TFF
SoffiXsponR570.1Z282200	bHLH	TFF
SoffiXsponR570.1Z282300	bHLH	TFF
SoffiXsponR570.1Z285500	WRKY	TFF
SoffiXsponR570.1Z287300	zf-C5HC2	TFF
SoffiXsponR570.1Z288800	MYB-related	TFF
SoffiXsponR570.1Z290000	bHLH	TFF
SoffiXsponR570.1Z290500	PLATZ	TFF
SoffiXsponR570.1Z291900	MED26	OTR
SoffiXsponR570.1Z292400	MED26	OTR
SoffiXsponR570.1Z293100	NAC	TFF
SoffiXsponR570.1Z295900	zf-LSD1	TFF
SoffiXsponR570.1Z296800	SOH1	OTR
SoffiXsponR570.1Z297700	HSF	TFF
SoffiXsponR570.1Z299400	AP2-EREBP	TFF
SoffiXsponR570.1Z299600	HSF	TFF
SoffiXsponR570.1Z300000	BES1	TFF
SoffiXsponR570.1Z301200	MADS	TFF
SoffiXsponR570.1Z302600	MYB-related	TFF
SoffiXsponR570.2os1g000600	NAC	TFF
SoffiXsponR570.2os1g002000	TRAF	OTR
SoffiXsponR570.3os1g000200	bHLH	TFF
SoffiXsponR570.3os1g000500	HMG	OTR
SoffiXsponR570.3os1g003900	WRKY	TFF
SoffiXsponR570.3os1g007500	MYB	TFF
SoffiXsponR570.3os1g007700	MYB	TFF
SoffiXsponR570.3os1g008300	CPP	TFF
SoffiXsponR570.3os1g011900	Tudor-knot	OTR
SoffiXsponR570.3os1g012200	GeBP	TFF
SoffiXsponR570.3os1g013400	FAR1	TFF
SoffiXsponR570.3os2g002000	MYB	TFF
SoffiXsponR570.3os2g002400	MYB	TFF
SoffiXsponR570.3os2g003000	CPP	TFF
SoffiXsponR570.3os2g008300	GeBP	TFF
SoffiXsponR570.3os3g001400	AP2-EREBP	TFF
SoffiXsponR570.3os3g002000	AP2-EREBP	TFF
SoffiXsponR570.3os3g002300	C2H2	TFF
SoffiXsponR570.3os3g005200	C2H2	TFF
SoffiXsponR570.3os3g005600	HSF	TFF
SoffiXsponR570.3os3g006900	zf-A20	TFF
SoffiXsponR570.3os4g000300	HSF	TFF
SoffiXsponR570.3os4g001800	zf-A20	TFF
SoffiXsponR570.3os4g005100	MADS	TFF
SoffiXsponR570.3os4g005400	E2F-DP	TFF
SoffiXsponR570.3os5g000200	bZIP	TFF
SoffiXsponR570.3os5g000600	zf-A20	TFF
SoffiXsponR570.3os5g001800	GRAS	TFF
SoffiXsponR570.4os1g000600	LIM	TFF
SoffiXsponR570.4os1g001700	G2-like	TFF
SoffiXsponR570.4us91g002800	TCP	TFF
SoffiXsponR570.4us91g003100	bHLH	TFF
SoffiXsponR570.4us91g003700	mTERF	OTR
SoffiXsponR570.4us91g004300	NAC	TFF
SoffiXsponR570.4us91g005000	MADS	TFF
SoffiXsponR570.4us91g005500	AP2-EREBP	TFF
SoffiXsponR570.4us91g009400	MADS	TFF
SoffiXsponR570.4us91g009500	MED6	OTR
SoffiXsponR570.4us91g011600	bZIP	TFF
SoffiXsponR570.4us91g014100	GRAS	TFF
SoffiXsponR570.4us91g014300	AP2-EREBP	TFF
SoffiXsponR570.4us91g014900	GeBP	TFF
SoffiXsponR570.4us91g017400	MYB	TFF
SoffiXsponR570.4us91g017500	GRF	TFF
SoffiXsponR570.4us91g019800	MYB-related	TFF
SoffiXsponR570.4us91g020900	AP2-EREBP	TFF
SoffiXsponR570.4us91g021100	ARF	TFF
SoffiXsponR570.4us91g023000	AP2-EREBP	TFF
SoffiXsponR570.4us91g023100	bHLH	TFF
SoffiXsponR570.4us91g028000	PHD	OTR
SoffiXsponR570.4us91g031000	bHLH	TFF
SoffiXsponR570.4us91g032000	ARR-B	TFF
SoffiXsponR570.4us91g032100	LIM	TFF
SoffiXsponR570.4us91g032600	AP2-EREBP	TFF
SoffiXsponR570.4us91g033100	MYB-related	TFF
SoffiXsponR570.4us91g033900	DBP	TFF
SoffiXsponR570.4us91g037600	BSD	TFF
SoffiXsponR570.4us91g039400	BBR/BPC	TFF
SoffiXsponR570.4us91g041300	zf-BED	TFF
SoffiXsponR570.4us91g041900	AUX/IAA	OTR
SoffiXsponR570.4us91g042000	AP2-EREBP	TFF
SoffiXsponR570.4us91g042100	C2H2	TFF
SoffiXsponR570.4us91g042200	SET	OTR
SoffiXsponR570.4us91g042700	bHLH	TFF
SoffiXsponR570.4us91g043000	zf-MIZ	OTR
SoffiXsponR570.4us91g044000	MADS	TFF
SoffiXsponR570.4us91g047100	AP2-EREBP	TFF
SoffiXsponR570.4us91g049800	WRKY	TFF
SoffiXsponR570.4us91g053800	mTERF	OTR
SoffiXsponR570.4us91g061900	WRKY	TFF
SoffiXsponR570.4us91g062000	PBF-2-like	TFF
SoffiXsponR570.4us91g062500	TRAF	OTR
SoffiXsponR570.4us91g063400	Top	TFF
SoffiXsponR570.4us91g069300	CCAAT	TFF
SoffiXsponR570.4us91g069700	MADS	TFF
SoffiXsponR570.5_9Ag001300	C2H2	TFF
SoffiXsponR570.5_9Ag002200	bZIP	TFF
SoffiXsponR570.5_9Ag007500	SET	OTR
SoffiXsponR570.5_9Ag013000	bZIP	TFF
SoffiXsponR570.5_9Ag013100	zf-BED	TFF
SoffiXsponR570.5_9Ag014600	bZIP	TFF
SoffiXsponR570.5_9Ag015100	MYB	TFF
SoffiXsponR570.5_9Ag016300	EIL	TFF
SoffiXsponR570.5_9Ag016600	MYB-related	TFF
SoffiXsponR570.5_9Ag016700	C2C2-Dof	TFF
SoffiXsponR570.5_9Ag017000	NAC	TFF
SoffiXsponR570.5_9Ag017600	NAC	TFF
SoffiXsponR570.5_9Ag018000	C3H	TFF
SoffiXsponR570.5_9Ag019300	WRKY	TFF
SoffiXsponR570.5_9Ag019700	ABI3VP1	TFF
SoffiXsponR570.5_9Ag019800	bZIP	TFF
SoffiXsponR570.5_9Ag020100	OFP	TFF
SoffiXsponR570.5_9Ag022300	AP2-EREBP	TFF
SoffiXsponR570.5_9Ag025800	AP2-EREBP	TFF
SoffiXsponR570.5_9Ag027900	TUB	TFF
SoffiXsponR570.5_9Ag029900	DDT	OTR
SoffiXsponR570.5_9Ag029900	PHD	OTR
SoffiXsponR570.5_9Ag031700	CCAAT	TFF
SoffiXsponR570.5_9Ag035200	TRAF	OTR
SoffiXsponR570.5_9Ag036300	BSD	TFF
SoffiXsponR570.5_9Ag038700	bZIP	TFF
SoffiXsponR570.5_9Ag040200	SWI/SNF-BAF60b	OTR
SoffiXsponR570.5_9Ag040800	MED26	OTR
SoffiXsponR570.5_9Ag042600	HSF	TFF
SoffiXsponR570.5_9Ag045700	GeBP	TFF
SoffiXsponR570.5_9Ag046400	MYB	TFF
SoffiXsponR570.5_9Ag046600	SART-1	OTR
SoffiXsponR570.5_9Ag049500	MYB	TFF
SoffiXsponR570.5_9Ag049700	bHLH	TFF
SoffiXsponR570.5_9Ag050200	MYB	TFF
SoffiXsponR570.5_9Ag051400	Tudor-knot	OTR
SoffiXsponR570.5_9Ag051800	SAP	TFF
SoffiXsponR570.5_9Ag053900	CAMTA	TFF
SoffiXsponR570.5_9Ag058100	SAP	TFF
SoffiXsponR570.5_9Ag059100	AP2-EREBP	TFF
SoffiXsponR570.5_9Ag060000	FAR1	TFF
SoffiXsponR570.5_9Ag060200	Tify	TFF
SoffiXsponR570.5_9Ag062800	GRAS	TFF
SoffiXsponR570.5_9Ag064000	Alfin-like	TFF
SoffiXsponR570.5_9Ag064300	CCAAT	TFF
SoffiXsponR570.5_9Ag065200	CCAAT	TFF
SoffiXsponR570.5_9Ag066000	MADS	TFF
SoffiXsponR570.5_9Ag071100	C2H2	TFF
SoffiXsponR570.5_9Ag075100	C2H2	TFF
SoffiXsponR570.5_9Ag075200	C2H2	TFF
SoffiXsponR570.5_9Ag075500	GRAS	TFF
SoffiXsponR570.5_9Ag076100	C2H2	TFF
SoffiXsponR570.5_9Ag076200	bHLH	TFF
SoffiXsponR570.5_9Ag077700	GRAS	TFF
SoffiXsponR570.5_9Ag078100	HRT	TFF
SoffiXsponR570.5_9Ag079500	GNAT	OTR
SoffiXsponR570.5_9Ag080600	WRKY	TFF
SoffiXsponR570.5_9Ag080700	GRAS	TFF
SoffiXsponR570.5_9Ag080800	C3H	TFF
SoffiXsponR570.5_9Ag081000	mTERF	OTR
SoffiXsponR570.5_9Ag082000	C2H2	TFF
SoffiXsponR570.5_9Ag082800	BES1	TFF
SoffiXsponR570.5_9Ag083600	MADS	TFF
SoffiXsponR570.5_9Ag085900	AP2-EREBP	TFF
SoffiXsponR570.5_9Ag089200	C2C2-YABBY	TFF
SoffiXsponR570.5_9Ag091000	TRAF	OTR
SoffiXsponR570.5_9Ag091800	C3H	TFF
SoffiXsponR570.5_9Ag092500	GRAS	TFF
SoffiXsponR570.5_9Ag093100	NAC	TFF
SoffiXsponR570.5_9Ag094900	FAR1	TFF
SoffiXsponR570.5_9Ag095200	ABI3VP1	TFF
SoffiXsponR570.5_9Ag097600	MYB	TFF
SoffiXsponR570.5_9Ag098700	bHLH	TFF
SoffiXsponR570.5_9Ag103200	bHLH	TFF
SoffiXsponR570.5_9Ag105200	GRAS	TFF
SoffiXsponR570.5_9Ag105400	CCAAT	TFF
SoffiXsponR570.5_9Ag105500	CCAAT	TFF
SoffiXsponR570.5_9Ag106100	bHLH	TFF
SoffiXsponR570.5_9Ag115000	MYB-related	TFF
SoffiXsponR570.5_9Ag118800	GRAS	TFF
SoffiXsponR570.5_9Ag121600	C2C2-Dof	TFF
SoffiXsponR570.5_9Ag123200	SBP	TFF
SoffiXsponR570.5_9Ag123300	SBP	TFF
SoffiXsponR570.5_9Ag126000	FAR1	TFF
SoffiXsponR570.5_9Ag126500	PHD	OTR
SoffiXsponR570.5_9Ag126700	MYB	TFF
SoffiXsponR570.5_9Ag128700	CAMTA	TFF
SoffiXsponR570.5_9Ag129300	mTERF	OTR
SoffiXsponR570.5_9Ag134400	SET	OTR
SoffiXsponR570.5_9Ag135600	GRF	TFF
SoffiXsponR570.5_9Ag137600	mTERF	OTR
SoffiXsponR570.5_9Ag138500	NAC	TFF
SoffiXsponR570.5_9Ag138800	C2H2	TFF
SoffiXsponR570.5_9Ag140000	SET	OTR
SoffiXsponR570.5_9Ag140600	C2H2	TFF
SoffiXsponR570.5_9Ag141500	MYB-related	TFF
SoffiXsponR570.5_9Ag142400	NAC	TFF
SoffiXsponR570.5_9Ag142500	NAC	TFF
SoffiXsponR570.5_9Ag143100	HMG	OTR
SoffiXsponR570.5_9Ag144400	RWP-RK	TFF
SoffiXsponR570.5_9Ag150900	bZIP	TFF
SoffiXsponR570.5_9Ag152400	MYB	TFF
SoffiXsponR570.5_9Ag155700	MYB	TFF
SoffiXsponR570.5_9Ag156200	Pseudo_ARR-B	OTR
SoffiXsponR570.5_9Ag156300	SRS	TFF
SoffiXsponR570.5_9Ag156900	SRS	TFF
SoffiXsponR570.5_9Ag157700	AUX/IAA	OTR
SoffiXsponR570.5_9Ag159500	zf-A20	TFF
SoffiXsponR570.5_9Ag159900	HSF	TFF
SoffiXsponR570.5_9Ag161300	AP2-EREBP	TFF
SoffiXsponR570.5_9Ag161400	AP2-EREBP	TFF
SoffiXsponR570.5_9Ag161500	AP2-EREBP	TFF
SoffiXsponR570.5_9Ag161800	AP2-EREBP	TFF
SoffiXsponR570.5_9Ag161900	AP2-EREBP	TFF
SoffiXsponR570.5_9Ag162000	AP2-EREBP	TFF
SoffiXsponR570.5_9Ag162100	AP2-EREBP	TFF
SoffiXsponR570.5_9Ag162200	AP2-EREBP	TFF
SoffiXsponR570.5_9Ag162700	TCP	TFF
SoffiXsponR570.5_9Ag163800	bZIP	TFF
SoffiXsponR570.5_9Ag164200	bHLH	TFF
SoffiXsponR570.5_9Ag164300	bHLH	TFF
SoffiXsponR570.5_9Ag164400	bHLH	TFF
SoffiXsponR570.5_9Ag164500	bHLH	TFF
SoffiXsponR570.5_9Ag167000	bZIP	TFF
SoffiXsponR570.5_9Ag171600	AP2-EREBP	TFF
SoffiXsponR570.5_9Ag171800	bHLH	TFF
SoffiXsponR570.5_9Ag172500	NAC	TFF
SoffiXsponR570.5_9Ag173900	MADS	TFF
SoffiXsponR570.5_9Ag174000	SBP	TFF
SoffiXsponR570.5_9Ag176900	bHLH	TFF
SoffiXsponR570.5_9Ag179400	NAC	TFF
SoffiXsponR570.5_9Ag180700	NAC	TFF
SoffiXsponR570.5_9Ag182700	C3H	TFF
SoffiXsponR570.5_9Ag183400	MYB-related	TFF
SoffiXsponR570.5_9Ag184300	SBP	TFF
SoffiXsponR570.5_9Ag184700	EIL	TFF
SoffiXsponR570.5_9Ag184900	bZIP	TFF
SoffiXsponR570.5_9Ag185400	GNAT	OTR
SoffiXsponR570.5_9Ag185600	bHLH	TFF
SoffiXsponR570.5_9Ag186300	zf-A20	TFF
SoffiXsponR570.5_9Ag186500	C2H2	TFF
SoffiXsponR570.5_9Ag189100	WRKY	TFF
SoffiXsponR570.5_9Ag189900	CCAAT	TFF
SoffiXsponR570.5_9Ag194100	C2C2-Dof	TFF
SoffiXsponR570.5_9Ag194500	bHLH	TFF
SoffiXsponR570.5_9Ag195000	bHLH	TFF
SoffiXsponR570.5_9Ag195400	bZIP	TFF
SoffiXsponR570.5_9Ag197700	bHLH	TFF
SoffiXsponR570.5_9Ag199000	zf-HD	TFF
SoffiXsponR570.5_9Ag200000	bHLH	TFF
SoffiXsponR570.5_9Ag203700	AP2-EREBP	TFF
SoffiXsponR570.5_9Ag204000	HSF	TFF
SoffiXsponR570.5_9Ag204200	bZIP	TFF
SoffiXsponR570.5_9Ag204800	bHLH	TFF
SoffiXsponR570.5_9Ag204900	HSF	TFF
SoffiXsponR570.5_9Ag205000	NAC	TFF
SoffiXsponR570.5_9Ag206900	GeBP	TFF
SoffiXsponR570.5_9Ag207600	C2H2	TFF
SoffiXsponR570.5_9Ag207900	PHD	OTR
SoffiXsponR570.5_9Ag214000	Tify	TFF
SoffiXsponR570.5_9Ag215700	AP2-EREBP	TFF
SoffiXsponR570.5_9Ag215900	ARID	OTR
SoffiXsponR570.5_9Ag217300	CCAAT	TFF
SoffiXsponR570.5_9Ag218100	MYB	TFF
SoffiXsponR570.5_9Ag220600	AP2-EREBP	TFF
SoffiXsponR570.5_9Ag224200	WRKY	TFF
SoffiXsponR570.5_9Ag224300	WRKY	TFF
SoffiXsponR570.5_9Ag224500	bHLH	TFF
SoffiXsponR570.5_9Ag224600	bHLH	TFF
SoffiXsponR570.5_9Ag225900	zf-HD	TFF
SoffiXsponR570.5_9Ag226000	zf-HD	TFF
SoffiXsponR570.5_9Ag226100	MYB	TFF
SoffiXsponR570.5_9Ag226700	NAC	TFF
SoffiXsponR570.5_9Ag227600	NAC	TFF
SoffiXsponR570.5_9Ag227800	SET	OTR
SoffiXsponR570.5_9Ag228300	bHLH	TFF
SoffiXsponR570.5_9Ag228400	TCP	TFF
SoffiXsponR570.5_9Ag228900	C2H2	TFF
SoffiXsponR570.5_9Ag230500	Tify	TFF
SoffiXsponR570.5_9Ag230600	MYB	TFF
SoffiXsponR570.5_9Ag230700	MYB	TFF
SoffiXsponR570.5_9Ag230800	MYB	TFF
SoffiXsponR570.5_9Ag233700	Jumonji	OTR
SoffiXsponR570.5_9Ag234100	NAC	TFF
SoffiXsponR570.5_9Ag234200	PHD	OTR
SoffiXsponR570.5_9Ag235900	zf-BED	TFF
SoffiXsponR570.5_9Ag241500	AP2-EREBP	TFF
SoffiXsponR570.5_9Ag244100	SET	OTR
SoffiXsponR570.5_9Ag245400	mTERF	OTR
SoffiXsponR570.5_9Ag246400	OFP	TFF
SoffiXsponR570.5_9Ag247600	GNAT	OTR
SoffiXsponR570.5_9Ag250500	WRKY	TFF
SoffiXsponR570.5_9Ag250600	WRKY	TFF
SoffiXsponR570.5_9Ag250700	WRKY	TFF
SoffiXsponR570.5_9Ag250800	WRKY	TFF
SoffiXsponR570.5_9Ag250900	WRKY	TFF
SoffiXsponR570.5_9Ag258500	AP2-EREBP	TFF
SoffiXsponR570.5_9Ag259200	SET	OTR
SoffiXsponR570.5_9Ag259300	C2H2	TFF
SoffiXsponR570.5_9Ag260500	bZIP	TFF
SoffiXsponR570.5_9Ag261700	MYB-related	TFF
SoffiXsponR570.5_9Ag261800	MYB-related	TFF
SoffiXsponR570.5_9Ag269400	ARF	TFF
SoffiXsponR570.5_9Ag270300	NAC	TFF
SoffiXsponR570.5_9Ag273700	TRAF	OTR
SoffiXsponR570.5_9Ag273800	C2H2	TFF
SoffiXsponR570.5_9Ag275600	SAP	TFF
SoffiXsponR570.5_9Ag281200	zf-C5HC2	TFF
SoffiXsponR570.5_9Ag282300	WRKY	TFF
SoffiXsponR570.5_9Ag284000	MADS	TFF
SoffiXsponR570.5_9Ag285600	GNAT	OTR
SoffiXsponR570.5_9Ag292300	ABI3VP1	TFF
SoffiXsponR570.5_9Ag292600	MYB	TFF
SoffiXsponR570.5_9Ag294000	MYB	TFF
SoffiXsponR570.5_9Ag294300	AP2-EREBP	TFF
SoffiXsponR570.5_9Ag294400	AP2-EREBP	TFF
SoffiXsponR570.5_9Ag297200	BES1	TFF
SoffiXsponR570.5_9Ag298000	CCAAT	TFF
SoffiXsponR570.5_9Ag304300	WRKY	TFF
SoffiXsponR570.5_9Ag304400	WRKY	TFF
SoffiXsponR570.5_9Ag309500	MYB-related	TFF
SoffiXsponR570.5_9Ag310400	SET	OTR
SoffiXsponR570.5_9Ag310800	TRAF	OTR
SoffiXsponR570.5_9Ag313000	C2H2	TFF
SoffiXsponR570.5_9Ag314100	AP2-EREBP	TFF
SoffiXsponR570.5_9Ag314800	BBR/BPC	TFF
SoffiXsponR570.5_9Ag315100	BBR/BPC	TFF
SoffiXsponR570.5_9Ag324300	WRKY	TFF
SoffiXsponR570.5_9Ag325200	GNAT	OTR
SoffiXsponR570.5_9Ag329700	TRAF	OTR
SoffiXsponR570.5_9Ag341700	AP2-EREBP	TFF
SoffiXsponR570.5_9Ag341900	Alfin-like	TFF
SoffiXsponR570.5_9Ag344200	AP2-EREBP	TFF
SoffiXsponR570.5_9Ag344500	MADS	TFF
SoffiXsponR570.5_9Ag344700	NAC	TFF
SoffiXsponR570.5_9Ag345900	SET	OTR
SoffiXsponR570.5_9Ag348100	bHLH	TFF
SoffiXsponR570.5_9Ag348200	FHA	TFF
SoffiXsponR570.5_9Ag348900	bZIP	TFF
SoffiXsponR570.5_9Ag351900	AP2-EREBP	TFF
SoffiXsponR570.5_9Ag354500	AP2-EREBP	TFF
SoffiXsponR570.5_9Ag355500	bHLH	TFF
SoffiXsponR570.5_9Ag355600	DDT	OTR
SoffiXsponR570.5_9Ag359200	FHA	TFF
SoffiXsponR570.5_9Ag364100	PHD	OTR
SoffiXsponR570.5_9Ag366800	SAP	TFF
SoffiXsponR570.5_9Ag367800	AUX/IAA	OTR
SoffiXsponR570.5_9Ag368600	bZIP	TFF
SoffiXsponR570.5_9Ag368800	bHLH	TFF
SoffiXsponR570.5_9Ag371400	HSF	TFF
SoffiXsponR570.5_9Ag373300	CPP	TFF
SoffiXsponR570.5_9Ag374100	NAC	TFF
SoffiXsponR570.5_9Ag375000	PHD	OTR
SoffiXsponR570.5_9Ag376800	zf-A20	TFF
SoffiXsponR570.5_9Ag376900	zf-A20	TFF
SoffiXsponR570.5_9Ag378200	TRAF	OTR
SoffiXsponR570.5_9Ag383800	C2C2-YABBY	TFF
SoffiXsponR570.5_9Ag384500	CCAAT	TFF
SoffiXsponR570.5_9Ag385600	FAR1	TFF
SoffiXsponR570.5_9Ag386700	Tify	TFF
SoffiXsponR570.5_9Ag386800	Tify	TFF
SoffiXsponR570.5_9Ag388100	TCP	TFF
SoffiXsponR570.5_9Ag391000	Rcd1-like	OTR
SoffiXsponR570.5_9Ag392600	bHLH	TFF
SoffiXsponR570.5_9Ag393200	FAR1	TFF
SoffiXsponR570.5_9Ag394200	MYB	TFF
SoffiXsponR570.5_9Ag394500	NAC	TFF
SoffiXsponR570.5_9Ag395600	mTERF	OTR
SoffiXsponR570.5_9Ag396400	C2H2	TFF
SoffiXsponR570.5_9Ag398400	HB	TFF
SoffiXsponR570.5_9Ag399700	AP2-EREBP	TFF
SoffiXsponR570.5_9Ag400900	bZIP	TFF
SoffiXsponR570.5_9Ag405500	C2C2-GATA	TFF
SoffiXsponR570.5_9Ag405600	TFIID	TFF
SoffiXsponR570.5_9Ag407600	C2C2-YABBY	TFF
SoffiXsponR570.5_9Ag409000	CCAAT	TFF
SoffiXsponR570.5_9Ag410200	C2H2	TFF
SoffiXsponR570.5_9Ag411800	TCP	TFF
SoffiXsponR570.5_9Ag413700	ARF	TFF
SoffiXsponR570.5_9Ag414500	SET	OTR
SoffiXsponR570.5_9Ag414700	GRAS	TFF
SoffiXsponR570.5_9Ag414800	CCAAT	TFF
SoffiXsponR570.5_9Ag417600	zf-LSD1	TFF
SoffiXsponR570.5_9Ag417800	NAC	TFF
SoffiXsponR570.5_9Ag419100	bHLH	TFF
SoffiXsponR570.5_9Ag422200	CPP	TFF
SoffiXsponR570.5_9Ag422300	CPP	TFF
SoffiXsponR570.5_9Ag424400	bZIP	TFF
SoffiXsponR570.5_9Ag424500	AUX/IAA	OTR
SoffiXsponR570.5_9Ag424600	AUX/IAA	OTR
SoffiXsponR570.5_9Ag428100	WRKY	TFF
SoffiXsponR570.5_9Ag428900	LIM	TFF
SoffiXsponR570.5_9Ag431800	TAZ	TFF
SoffiXsponR570.5_9Ag432100	ABI3VP1	TFF
SoffiXsponR570.5_9Ag432200	ABI3VP1	TFF
SoffiXsponR570.5_9Ag432400	ABI3VP1	TFF
SoffiXsponR570.5_9Ag432900	ABI3VP1	TFF
SoffiXsponR570.5_9Ag434400	C2C2-Dof	TFF
SoffiXsponR570.5_9Ag434700	bHLH	TFF
SoffiXsponR570.5_9Ag435400	MYB-related	TFF
SoffiXsponR570.5_9Ag436700	AP2-EREBP	TFF
SoffiXsponR570.5_9Ag443300	GRAS	TFF
SoffiXsponR570.5_9Ag443900	mTERF	OTR
SoffiXsponR570.5_9Ag446200	C2C2-Dof	TFF
SoffiXsponR570.5_9Ag449100	MYB-related	TFF
SoffiXsponR570.5_9Ag449100	MYB	TFF
SoffiXsponR570.5_9Ag449700	FAR1	TFF
SoffiXsponR570.5_9Ag450500	zf-BED	TFF
SoffiXsponR570.5_9Ag452000	MYB	TFF
SoffiXsponR570.5_9Ag453700	PAS	TFF
SoffiXsponR570.5_9Ag454400	bZIP	TFF
SoffiXsponR570.5_9Ag461200	FHA	TFF
SoffiXsponR570.5_9Ag469200	PHD	OTR
SoffiXsponR570.5_9Ag470200	MYB	TFF
SoffiXsponR570.5_9Ag472700	LIM	TFF
SoffiXsponR570.5_9Ag474100	SWI/SNF-BAF60b	OTR
SoffiXsponR570.5_9Ag474300	WRKY	TFF
SoffiXsponR570.5_9Ag477400	MADS	TFF
SoffiXsponR570.5_9Ag477600	MADS	TFF
SoffiXsponR570.5_9Ag478100	TRAF	OTR
SoffiXsponR570.5_9Ag479700	MYB	TFF
SoffiXsponR570.5_9Ag483800	ABI3VP1	TFF
SoffiXsponR570.5_9Ag488200	HB	TFF
SoffiXsponR570.5_9Ag489500	bZIP	TFF
SoffiXsponR570.5_9Ag490400	MYB	TFF
SoffiXsponR570.5_9Ag490600	MYB	TFF
SoffiXsponR570.5_9Ag491600	bHLH	TFF
SoffiXsponR570.5_9Ag492200	bHLH	TFF
SoffiXsponR570.5_9Ag495600	NAC	TFF
SoffiXsponR570.5os1g002500	FHA	TFF
SoffiXsponR570.5os1g005600	DDT	OTR
SoffiXsponR570.5os1g005800	bHLH	TFF
SoffiXsponR570.5os1g006900	AP2-EREBP	TFF
SoffiXsponR570.5os2g004600	Top	TFF
SoffiXsponR570.5os2g007000	TRAF	OTR
SoffiXsponR570.6_9Ag001300	PAS	TFF
SoffiXsponR570.6_9Ag002300	C2C2-Dof	TFF
SoffiXsponR570.6_9Ag003200	SAP	TFF
SoffiXsponR570.6_9Ag004700	MYB-related	TFF
SoffiXsponR570.6_9Ag017000	TRAF	OTR
SoffiXsponR570.6_9Ag017100	GRAS	TFF
SoffiXsponR570.6_9Ag017200	GRAS	TFF
SoffiXsponR570.6_9Ag019200	C2H2	TFF
SoffiXsponR570.6_9Ag021400	FAR1	TFF
SoffiXsponR570.6_9Ag021500	FAR1	TFF
SoffiXsponR570.6_9Ag025300	NAC	TFF
SoffiXsponR570.6_9Ag025700	SET	OTR
SoffiXsponR570.6_9Ag029000	MYB	TFF
SoffiXsponR570.6_9Ag029200	MYB	TFF
SoffiXsponR570.6_9Ag029400	MYB	TFF
SoffiXsponR570.6_9Ag029500	zf-HD	TFF
SoffiXsponR570.6_9Ag030200	FHA	TFF
SoffiXsponR570.6_9Ag030500	NAC	TFF
SoffiXsponR570.6_9Ag030900	C3H	TFF
SoffiXsponR570.6_9Ag032400	GRAS	TFF
SoffiXsponR570.6_9Ag032500	GRAS	TFF
SoffiXsponR570.6_9Ag036600	WRKY	TFF
SoffiXsponR570.6_9Ag036800	WRKY	TFF
SoffiXsponR570.6_9Ag036900	SET	OTR
SoffiXsponR570.6_9Ag037100	WRKY	TFF
SoffiXsponR570.6_9Ag037200	WRKY	TFF
SoffiXsponR570.6_9Ag037300	WRKY	TFF
SoffiXsponR570.6_9Ag037400	WRKY	TFF
SoffiXsponR570.6_9Ag037700	WRKY	TFF
SoffiXsponR570.6_9Ag037800	WRKY	TFF
SoffiXsponR570.6_9Ag042300	DDT	OTR
SoffiXsponR570.6_9Ag042300	PHD	OTR
SoffiXsponR570.6_9Ag046500	MYB-related	TFF
SoffiXsponR570.6_9Ag047700	bZIP	TFF
SoffiXsponR570.6_9Ag050000	bZIP	TFF
SoffiXsponR570.6_9Ag050500	ABI3VP1	TFF
SoffiXsponR570.6_9Ag051400	OFP	TFF
SoffiXsponR570.6_9Ag051500	OFP	TFF
SoffiXsponR570.6_9Ag051900	E2F-DP	TFF
SoffiXsponR570.6_9Ag053800	WRKY	TFF
SoffiXsponR570.6_9Ag054300	bZIP	TFF
SoffiXsponR570.6_9Ag054400	GRAS	TFF
SoffiXsponR570.6_9Ag055000	TUB	TFF
SoffiXsponR570.6_9Ag055900	MED26	OTR
SoffiXsponR570.6_9Ag057200	SAP	TFF
SoffiXsponR570.6_9Ag057600	MYB	TFF
SoffiXsponR570.6_9Ag057700	AP2-EREBP	TFF
SoffiXsponR570.6_9Ag058300	C2C2-GATA	TFF
SoffiXsponR570.6_9Ag058400	C2C2-GATA	TFF
SoffiXsponR570.6_9Ag058500	C2C2-GATA	TFF
SoffiXsponR570.6_9Ag058600	C2C2-GATA	TFF
SoffiXsponR570.6_9Ag059900	C2H2	TFF
SoffiXsponR570.6_9Ag061000	TCP	TFF
SoffiXsponR570.6_9Ag062800	MYB	TFF
SoffiXsponR570.6_9Ag062900	MYB-related	TFF
SoffiXsponR570.6_9Ag062900	MYB	TFF
SoffiXsponR570.6_9Ag063000	MYB	TFF
SoffiXsponR570.6_9Ag063100	MYB-related	TFF
SoffiXsponR570.6_9Ag063100	MYB	TFF
SoffiXsponR570.6_9Ag063600	MYB-related	TFF
SoffiXsponR570.6_9Ag067100	WRKY	TFF
SoffiXsponR570.6_9Ag067200	WRKY	TFF
SoffiXsponR570.6_9Ag067300	WRKY	TFF
SoffiXsponR570.6_9Ag069300	MYB	TFF
SoffiXsponR570.6_9Ag071500	PLATZ	TFF
SoffiXsponR570.6_9Ag074900	NAC	TFF
SoffiXsponR570.6_9Ag075800	MADS	TFF
SoffiXsponR570.6_9Ag076000	MADS	TFF
SoffiXsponR570.6_9Ag076300	zf-HD	TFF
SoffiXsponR570.6_9Ag077200	Alfin-like	TFF
SoffiXsponR570.6_9Ag077800	Alfin-like	TFF
SoffiXsponR570.6_9Ag085500	RWP-RK	TFF
SoffiXsponR570.6_9Ag086300	bZIP	TFF
SoffiXsponR570.6_9Ag091900	Jumonji	OTR
SoffiXsponR570.6_9Ag092500	C3H	TFF
SoffiXsponR570.6_9Ag098800	C2H2	TFF
SoffiXsponR570.6_9Ag102600	GRAS	TFF
SoffiXsponR570.6_9Ag102700	GRAS	TFF
SoffiXsponR570.6_9Ag102800	GRAS	TFF
SoffiXsponR570.6_9Ag102900	GRAS	TFF
SoffiXsponR570.6_9Ag103000	GRAS	TFF
SoffiXsponR570.6_9Ag105500	C2C2-Dof	TFF
SoffiXsponR570.6_9Ag108400	C2H2	TFF
SoffiXsponR570.6_9Ag108700	MYB-related	TFF
SoffiXsponR570.6_9Ag108700	MYB	TFF
SoffiXsponR570.6_9Ag108900	MYB	TFF
SoffiXsponR570.6_9Ag113800	FAR1	TFF
SoffiXsponR570.6_9Ag116600	C2H2	TFF
SoffiXsponR570.6_9Ag116900	AP2-EREBP	TFF
SoffiXsponR570.6_9Ag118600	SAP	TFF
SoffiXsponR570.6_9Ag120200	MYB-related	TFF
SoffiXsponR570.6_9Ag121800	C3H	TFF
SoffiXsponR570.6_9Ag123200	bZIP	TFF
SoffiXsponR570.6_9Ag123300	HB	TFF
SoffiXsponR570.6_9Ag125000	MYB	TFF
SoffiXsponR570.6_9Ag127900	WRKY	TFF
SoffiXsponR570.6_9Ag128800	bHLH	TFF
SoffiXsponR570.6_9Ag128900	bHLH	TFF
SoffiXsponR570.6_9Ag129100	MYB	TFF
SoffiXsponR570.6_9Ag132400	MYB-related	TFF
SoffiXsponR570.6_9Ag133100	Top	TFF
SoffiXsponR570.6_9Ag133300	MYB-related	TFF
SoffiXsponR570.6_9Ag136300	GRAS	TFF
SoffiXsponR570.6_9Ag144600	Top	TFF
SoffiXsponR570.6_9Ag145300	C2C2-GATA	TFF
SoffiXsponR570.6_9Ag153600	Alfin-like	TFF
SoffiXsponR570.6_9Ag154300	GNAT	OTR
SoffiXsponR570.6_9Ag154500	bHLH	TFF
SoffiXsponR570.6_9Ag155300	FHA	TFF
SoffiXsponR570.6_9Ag160300	C2H2	TFF
SoffiXsponR570.6_9Ag160900	HMG	OTR
SoffiXsponR570.6_9Ag161400	WRKY	TFF
SoffiXsponR570.6_9Ag162400	AUX/IAA	OTR
SoffiXsponR570.6_9Ag163300	NAC	TFF
SoffiXsponR570.6_9Ag164200	MYB-related	TFF
SoffiXsponR570.6_9Ag165400	bHLH	TFF
SoffiXsponR570.6_9Ag165600	bHLH	TFF
SoffiXsponR570.6_9Ag166800	MADS	TFF
SoffiXsponR570.6_9Ag173000	OFP	TFF
SoffiXsponR570.6_9Ag174200	MYB	TFF
SoffiXsponR570.6_9Ag175000	C2H2	TFF
SoffiXsponR570.6_9Ag175400	AUX/IAA	OTR
SoffiXsponR570.6_9Ag175800	GNAT	OTR
SoffiXsponR570.6_9Ag176400	NAC	TFF
SoffiXsponR570.6_9Ag177800	bHLH	TFF
SoffiXsponR570.6_9Ag183300	WRKY	TFF
SoffiXsponR570.6_9Ag184200	OFP	TFF
SoffiXsponR570.6_9Ag187300	WRKY	TFF
SoffiXsponR570.6_9Ag188000	AP2-EREBP	TFF
SoffiXsponR570.6_9Ag188500	MADS	TFF
SoffiXsponR570.6_9Ag189600	AP2-EREBP	TFF
SoffiXsponR570.6_9Ag189700	MYB	TFF
SoffiXsponR570.6_9Ag191400	FHA	TFF
SoffiXsponR570.6_9Ag195400	AP2-EREBP	TFF
SoffiXsponR570.6_9Ag199600	PHD	OTR
SoffiXsponR570.6_9Ag203200	GNAT	OTR
SoffiXsponR570.6_9Ag204100	NAC	TFF
SoffiXsponR570.6_9Ag206200	SRS	TFF
SoffiXsponR570.6_9Ag206400	SET	OTR
SoffiXsponR570.6_9Ag207500	AP2-EREBP	TFF
SoffiXsponR570.6_9Ag212700	TRAF	OTR
SoffiXsponR570.6_9Ag215300	mTERF	OTR
SoffiXsponR570.6_9Ag216500	mTERF	OTR
SoffiXsponR570.6_9Ag218000	SBP	TFF
SoffiXsponR570.6_9Ag218300	FAR1	TFF
SoffiXsponR570.6_9Ag220800	bZIP	TFF
SoffiXsponR570.6_9Ag221000	MYB-related	TFF
SoffiXsponR570.6_9Ag221500	MED26	OTR
SoffiXsponR570.6_9Ag223700	NAC	TFF
SoffiXsponR570.6_9Ag224000	Alfin-like	TFF
SoffiXsponR570.6_9Ag224900	AP2-EREBP	TFF
SoffiXsponR570.6_9Ag225200	SWI/SNF-BAF60b	OTR
SoffiXsponR570.6_9Ag225400	NAC	TFF
SoffiXsponR570.6_9Ag225600	MADS	TFF
SoffiXsponR570.6_9Ag226600	GRAS	TFF
SoffiXsponR570.6_9Ag226900	NAC	TFF
SoffiXsponR570.6_9Ag230000	MYB	TFF
SoffiXsponR570.6_9Ag233000	MYB-related	TFF
SoffiXsponR570.6_9Ag233200	AP2-EREBP	TFF
SoffiXsponR570.6_9Ag233800	bZIP	TFF
SoffiXsponR570.6_9Ag234000	TUB	TFF
SoffiXsponR570.6_9Ag234200	MYB-related	TFF
SoffiXsponR570.6_9Ag235100	C2C2-Dof	TFF
SoffiXsponR570.6_9Ag235600	OFP	TFF
SoffiXsponR570.6_9Ag235700	OFP	TFF
SoffiXsponR570.6_9Ag236000	MYB-related	TFF
SoffiXsponR570.6_9Ag236100	MYB-related	TFF
SoffiXsponR570.6_9Ag236200	MYB-related	TFF
SoffiXsponR570.6_9Ag236300	NAC	TFF
SoffiXsponR570.6_9Ag237200	bZIP	TFF
SoffiXsponR570.6_9Ag237300	C2H2	TFF
SoffiXsponR570.6_9Ag239400	MYB	TFF
SoffiXsponR570.6_9Ag241200	HB	TFF
SoffiXsponR570.6_9Ag241300	bHLH	TFF
SoffiXsponR570.6_9Ag244100	MYB	TFF
SoffiXsponR570.6_9Ag245700	C2H2	TFF
SoffiXsponR570.6_9Ag247300	CCAAT	TFF
SoffiXsponR570.6_9Ag251600	AP2-EREBP	TFF
SoffiXsponR570.6_9Ag252400	WRKY	TFF
SoffiXsponR570.6_9Ag254200	OFP	TFF
SoffiXsponR570.6_9Ag255500	WRKY	TFF
SoffiXsponR570.6_9Ag255600	WRKY	TFF
SoffiXsponR570.6_9Ag256600	GNAT	OTR
SoffiXsponR570.6_9Ag256800	ABI3VP1	TFF
SoffiXsponR570.6_9Ag258100	GRAS	TFF
SoffiXsponR570.6_9Ag258500	NOT2_3_5	OTR
SoffiXsponR570.6_9Ag259000	MYB-related	TFF
SoffiXsponR570.6_9Ag259700	bZIP	TFF
SoffiXsponR570.6_9Ag260800	SET	OTR
SoffiXsponR570.6_9Ag261400	bZIP	TFF
SoffiXsponR570.6_9Ag261700	MYB-related	TFF
SoffiXsponR570.6_9Ag262000	bZIP	TFF
SoffiXsponR570.6_9Ag263500	CCAAT	TFF
SoffiXsponR570.6_9Ag264200	bZIP	TFF
SoffiXsponR570.6_9Ag265400	AP2-EREBP	TFF
SoffiXsponR570.6_9Ag265600	AP2-EREBP	TFF
SoffiXsponR570.6_9Ag265700	AP2-EREBP	TFF
SoffiXsponR570.6_9Ag268800	GRAS	TFF
SoffiXsponR570.6_9Ag272600	CPP	TFF
SoffiXsponR570.6_9Ag274700	BSD	TFF
SoffiXsponR570.6_9Ag275400	TCP	TFF
SoffiXsponR570.6_9Ag276600	TUB	TFF
SoffiXsponR570.6_9Ag276800	C2C2-Dof	TFF
SoffiXsponR570.6_9Ag277900	ARF	TFF
SoffiXsponR570.6_9Ag278600	VOZ	TFF
SoffiXsponR570.6_9Ag279400	OFP	TFF
SoffiXsponR570.6_9Ag281300	PHD	OTR
SoffiXsponR570.6_9Ag282500	C2C2-GATA	TFF
SoffiXsponR570.6_9Ag283900	AUX/IAA	OTR
SoffiXsponR570.6_9Ag285500	C3H	TFF
SoffiXsponR570.6_9Ag287100	WRKY	TFF
SoffiXsponR570.6_9Ag288200	HSF	TFF
SoffiXsponR570.6_9Ag291900	AP2-EREBP	TFF
SoffiXsponR570.6_9Ag292300	WRKY	TFF
SoffiXsponR570.6_9Ag296700	MYB	TFF
SoffiXsponR570.6_9Ag299900	AP2-EREBP	TFF
SoffiXsponR570.6_9Ag302700	MYB	TFF
SoffiXsponR570.6_9Ag307000	AUX/IAA	OTR
SoffiXsponR570.6_9Ag308200	TUB	TFF
SoffiXsponR570.6_9Ag308300	Trihelix	TFF
SoffiXsponR570.6_9Ag309300	DDT	OTR
SoffiXsponR570.6_9Ag309500	NAC	TFF
SoffiXsponR570.6_9Ag309700	ARF	TFF
SoffiXsponR570.6_9Ag310700	C3H	TFF
SoffiXsponR570.6_9Ag311400	AP2-EREBP	TFF
SoffiXsponR570.6_9Ag312500	WRKY	TFF
SoffiXsponR570.6_9Ag313300	WRKY	TFF
SoffiXsponR570.6_9Ag313800	MYB-related	TFF
SoffiXsponR570.6_9Ag314600	C2C2-GATA	TFF
SoffiXsponR570.6_9Ag316100	bZIP	TFF
SoffiXsponR570.6_9Ag317000	WRKY	TFF
SoffiXsponR570.6_9Ag317200	AP2-EREBP	TFF
SoffiXsponR570.6_9Ag318000	MADS	TFF
SoffiXsponR570.6_9Ag318300	CCAAT	TFF
SoffiXsponR570.6_9Ag318400	CCAAT	TFF
SoffiXsponR570.6_9Ag320400	C3H	TFF
SoffiXsponR570.6_9Ag322800	C2C2-GATA	TFF
SoffiXsponR570.6_9Ag323200	zf-HD	TFF
SoffiXsponR570.6_9Ag323300	MYB-related	TFF
SoffiXsponR570.6_9Ag323500	MYB-related	TFF
SoffiXsponR570.6_9Ag323600	MYB-related	TFF
SoffiXsponR570.6_9Ag326300	WRKY	TFF
SoffiXsponR570.6_9Ag326500	OFP	TFF
SoffiXsponR570.6_9Ag326600	WRKY	TFF
SoffiXsponR570.6_9Ag328900	bHLH	TFF
SoffiXsponR570.6_9Ag329200	Sigma70-like	TFF
SoffiXsponR570.6_9Ag329800	Sigma70-like	TFF
SoffiXsponR570.6_9Ag330300	SET	OTR
SoffiXsponR570.6_9Ag331700	MYB-related	TFF
SoffiXsponR570.6_9Ag332200	Sigma70-like	TFF
SoffiXsponR570.6_9Ag332500	MYB-related	TFF
SoffiXsponR570.6_9Ag338400	bHLH	TFF
SoffiXsponR570.6os1g001200	Top	TFF
SoffiXsponR570.6os1g002300	C2C2-GATA	TFF
SoffiXsponR570.6us88g002100	FHA	TFF
SoffiXsponR570.6us88g002500	ABI3VP1	TFF
SoffiXsponR570.6us88g002600	ABI3VP1	TFF
SoffiXsponR570.6us88g003100	bHLH	TFF
SoffiXsponR570.6us88g003800	Alfin-like	TFF
SoffiXsponR570.6us88g011100	C2C2-GATA	TFF
SoffiXsponR570.6us88g011800	Top	TFF
SoffiXsponR570.6us88g012400	Top	TFF
SoffiXsponR570.6us88g014100	AP2-EREBP	TFF
SoffiXsponR570.6us88g020700	GRAS	TFF
SoffiXsponR570.6us88g023900	MYB-related	TFF
SoffiXsponR570.6us88g024100	Top	TFF
SoffiXsponR570.6us88g024600	MYB-related	TFF
SoffiXsponR570.6us88g024700	MYB-related	TFF
SoffiXsponR570.6us88g025100	MYB-related	TFF
SoffiXsponR570.6us88g025200	MYB-related	TFF
SoffiXsponR570.6us88g027600	MYB	TFF
SoffiXsponR570.6us88g027800	bHLH	TFF
SoffiXsponR570.6us88g028400	MADS	TFF
SoffiXsponR570.6us88g028900	WRKY	TFF
SoffiXsponR570.6us88g032800	MYB	TFF
SoffiXsponR570.6us88g034700	HB	TFF
SoffiXsponR570.6us88g034800	bZIP	TFF
SoffiXsponR570.6us88g037900	MYB-related	TFF
SoffiXsponR570.6us88g038800	SAP	TFF
SoffiXsponR570.6us88g040400	AP2-EREBP	TFF
SoffiXsponR570.6us88g040600	C2H2	TFF
SoffiXsponR570.6us88g046700	MYB	TFF
SoffiXsponR570.6us88g046900	MYB-related	TFF
SoffiXsponR570.6us88g046900	MYB	TFF
SoffiXsponR570.6us88g047200	C2H2	TFF
SoffiXsponR570.6us88g049700	C2C2-Dof	TFF
SoffiXsponR570.6us88g052200	GRAS	TFF
SoffiXsponR570.6us88g052300	GRAS	TFF
SoffiXsponR570.6us88g052400	GRAS	TFF
SoffiXsponR570.6us88g052500	GRAS	TFF
SoffiXsponR570.6us88g057100	C2H2	TFF
SoffiXsponR570.6us88g065000	C3H	TFF
SoffiXsponR570.6us88g065800	Jumonji	OTR
SoffiXsponR570.6us88g070700	bZIP	TFF
SoffiXsponR570.6us88g071600	RWP-RK	TFF
SoffiXsponR570.6us88g078000	Alfin-like	TFF
SoffiXsponR570.6us88g078400	zf-HD	TFF
SoffiXsponR570.6us88g078700	MADS	TFF
SoffiXsponR570.6us88g078900	MADS	TFF
SoffiXsponR570.6us88g079600	NAC	TFF
SoffiXsponR570.6us88g083000	PLATZ	TFF
SoffiXsponR570.6us88g083500	MYB	TFF
SoffiXsponR570.6us88g085400	WRKY	TFF
SoffiXsponR570.6us88g088500	MYB-related	TFF
SoffiXsponR570.6us88g089100	MYB-related	TFF
SoffiXsponR570.6us88g089100	MYB	TFF
SoffiXsponR570.6us88g089200	MYB	TFF
SoffiXsponR570.6us88g089300	MYB	TFF
SoffiXsponR570.6us88g089400	MYB	TFF
SoffiXsponR570.6us88g089500	MYB	TFF
SoffiXsponR570.6us88g089600	MYB	TFF
SoffiXsponR570.6us88g091100	TCP	TFF
SoffiXsponR570.6us88g091900	C2H2	TFF
SoffiXsponR570.6us88g093500	C2C2-GATA	TFF
SoffiXsponR570.6us88g094100	AP2-EREBP	TFF
SoffiXsponR570.6us88g094200	MYB	TFF
SoffiXsponR570.6us88g095000	MED26	OTR
SoffiXsponR570.6us88g096200	TUB	TFF
SoffiXsponR570.6us88g096900	GRAS	TFF
SoffiXsponR570.6us88g097000	bZIP	TFF
SoffiXsponR570.6us88g098800	CCAAT	TFF
SoffiXsponR570.6us88g099100	E2F-DP	TFF
SoffiXsponR570.6us88g099400	OFP	TFF
SoffiXsponR570.6us88g099500	OFP	TFF
SoffiXsponR570.6us88g100100	ABI3VP1	TFF
SoffiXsponR570.6us88g100600	bZIP	TFF
SoffiXsponR570.6us88g102800	bZIP	TFF
SoffiXsponR570.6us88g106800	DDT	OTR
SoffiXsponR570.6us88g106800	PHD	OTR
SoffiXsponR570.6us88g111200	WRKY	TFF
SoffiXsponR570.6us88g111400	SET	OTR
SoffiXsponR570.6us88g111500	WRKY	TFF
SoffiXsponR570.6us88g117000	GRAS	TFF
SoffiXsponR570.6us88g118000	C3H	TFF
SoffiXsponR570.6us88g118300	NAC	TFF
SoffiXsponR570.6us88g118500	FHA	TFF
SoffiXsponR570.6us88g119100	zf-HD	TFF
SoffiXsponR570.6us88g119300	MYB	TFF
SoffiXsponR570.6us88g119500	MYB	TFF
SoffiXsponR570.6us88g122300	SET	OTR
SoffiXsponR570.6us88g122900	NAC	TFF
SoffiXsponR570.6us88g125500	FAR1	TFF
SoffiXsponR570.6us88g126700	C2H2	TFF
SoffiXsponR570.6us88g128300	GRAS	TFF
SoffiXsponR570.6us88g128400	GRAS	TFF
SoffiXsponR570.6us88g128500	TRAF	OTR
SoffiXsponR570.6us88g138500	MYB-related	TFF
SoffiXsponR570.6us88g140900	SAP	TFF
SoffiXsponR570.6us88g141700	C2C2-Dof	TFF
SoffiXsponR570.7_10Ag001300	PAS	TFF
SoffiXsponR570.7_10Ag002200	SAP	TFF
SoffiXsponR570.7_10Ag004200	MYB-related	TFF
SoffiXsponR570.7_10Ag010100	TRAF	OTR
SoffiXsponR570.7_10Ag014000	WRKY	TFF
SoffiXsponR570.7_10Ag014100	WRKY	TFF
SoffiXsponR570.7_10Ag014200	WRKY	TFF
SoffiXsponR570.7_10Ag014400	WRKY	TFF
SoffiXsponR570.7_10Ag014600	WRKY	TFF
SoffiXsponR570.7_10Ag014700	WRKY	TFF
SoffiXsponR570.7_10Ag014800	WRKY	TFF
SoffiXsponR570.7_10Ag014900	MYB	TFF
SoffiXsponR570.7_10Ag015000	WRKY	TFF
SoffiXsponR570.7_10Ag015600	AP2-EREBP	TFF
SoffiXsponR570.7_10Ag018500	GRAS	TFF
SoffiXsponR570.7_10Ag019000	C3H	TFF
SoffiXsponR570.7_10Ag019500	NAC	TFF
SoffiXsponR570.7_10Ag019600	NAC	TFF
SoffiXsponR570.7_10Ag022200	zf-HD	TFF
SoffiXsponR570.7_10Ag022600	MYB	TFF
SoffiXsponR570.7_10Ag023300	AP2-EREBP	TFF
SoffiXsponR570.7_10Ag024900	C2C2-GATA	TFF
SoffiXsponR570.7_10Ag032300	GRAS	TFF
SoffiXsponR570.7_10Ag032500	TRAF	OTR
SoffiXsponR570.7_10Ag038100	DDT	OTR
SoffiXsponR570.7_10Ag038100	PHD	OTR
SoffiXsponR570.7_10Ag043200	bZIP	TFF
SoffiXsponR570.7_10Ag045300	NAC	TFF
SoffiXsponR570.7_10Ag045500	NAC	TFF
SoffiXsponR570.7_10Ag045600	bZIP	TFF
SoffiXsponR570.7_10Ag046000	ABI3VP1	TFF
SoffiXsponR570.7_10Ag047100	OFP	TFF
SoffiXsponR570.7_10Ag047200	OFP	TFF
SoffiXsponR570.7_10Ag047300	OFP	TFF
SoffiXsponR570.7_10Ag048900	Pseudo_ARR-B	OTR
SoffiXsponR570.7_10Ag049900	HB	TFF
SoffiXsponR570.7_10Ag051700	bZIP	TFF
SoffiXsponR570.7_10Ag051900	GRAS	TFF
SoffiXsponR570.7_10Ag052800	TUB	TFF
SoffiXsponR570.7_10Ag054300	MED26	OTR
SoffiXsponR570.7_10Ag056300	AP2-EREBP	TFF
SoffiXsponR570.7_10Ag060800	NAC	TFF
SoffiXsponR570.7_10Ag061200	FHA	TFF
SoffiXsponR570.7_10Ag064600	TCP	TFF
SoffiXsponR570.7_10Ag067900	MYB	TFF
SoffiXsponR570.7_10Ag070200	MYB-related	TFF
SoffiXsponR570.7_10Ag070800	NAC	TFF
SoffiXsponR570.7_10Ag079200	ABI3VP1	TFF
SoffiXsponR570.7_10Ag089300	Alfin-like	TFF
SoffiXsponR570.7_10Ag089800	zf-HD	TFF
SoffiXsponR570.7_10Ag090000	AP2-EREBP	TFF
SoffiXsponR570.7_10Ag092600	PHD	OTR
SoffiXsponR570.7_10Ag099500	AUX/IAA	OTR
SoffiXsponR570.7_10Ag099600	AUX/IAA	OTR
SoffiXsponR570.7_10Ag103000	NAC	TFF
SoffiXsponR570.7_10Ag103500	GeBP	TFF
SoffiXsponR570.7_10Ag103800	GeBP	TFF
SoffiXsponR570.7_10Ag103900	GeBP	TFF
SoffiXsponR570.7_10Ag106600	C3H	TFF
SoffiXsponR570.7_10Ag107800	NAC	TFF
SoffiXsponR570.7_10Ag108600	GeBP	TFF
SoffiXsponR570.7_10Ag110900	TRAF	OTR
SoffiXsponR570.7_10Ag112500	MYB-related	TFF
SoffiXsponR570.7_10Ag113100	E2F-DP	TFF
SoffiXsponR570.7_10Ag118800	SET	OTR
SoffiXsponR570.7_10Ag121300	C2H2	TFF
SoffiXsponR570.7_10Ag123900	Top	TFF
SoffiXsponR570.7_10Ag124800	ARID	OTR
SoffiXsponR570.7_10Ag125700	C2H2	TFF
SoffiXsponR570.7_10Ag127300	Top	TFF
SoffiXsponR570.7_10Ag130600	ABI3VP1	TFF
SoffiXsponR570.7_10Ag130700	ABI3VP1	TFF
SoffiXsponR570.7_10Ag132700	TCP	TFF
SoffiXsponR570.7_10Ag138100	MYB	TFF
SoffiXsponR570.7_10Ag144900	bHLH	TFF
SoffiXsponR570.7_10Ag145000	bHLH	TFF
SoffiXsponR570.7_10Ag145100	bHLH	TFF
SoffiXsponR570.7_10Ag154000	bHLH	TFF
SoffiXsponR570.7_10Ag156600	ABI3VP1	TFF
SoffiXsponR570.7_10Ag157300	TIG	TFF
SoffiXsponR570.7_10Ag160000	ARF	TFF
SoffiXsponR570.7_10Ag161900	Tify	TFF
SoffiXsponR570.7_10Ag163500	AP2-EREBP	TFF
SoffiXsponR570.7_10Ag164600	AP2-EREBP	TFF
SoffiXsponR570.7_10Ag170800	S1Fa-like	TFF
SoffiXsponR570.7_10Ag175300	OFP	TFF
SoffiXsponR570.7_10Ag176100	E2F-DP	TFF
SoffiXsponR570.7_10Ag180500	bHLH	TFF
SoffiXsponR570.7_10Ag180600	bHLH	TFF
SoffiXsponR570.7_10Ag180700	bHLH	TFF
SoffiXsponR570.7_10Ag180900	bHLH	TFF
SoffiXsponR570.7_10Ag181800	SET	OTR
SoffiXsponR570.7_10Ag181900	AP2-EREBP	TFF
SoffiXsponR570.7_10Ag184800	GRAS	TFF
SoffiXsponR570.7_10Ag185900	zf-HD	TFF
SoffiXsponR570.7_10Ag187100	NAC	TFF
SoffiXsponR570.7_10Ag188600	TRAF	OTR
SoffiXsponR570.7_10Ag189200	DDT	OTR
SoffiXsponR570.7_10Ag190300	bHLH	TFF
SoffiXsponR570.7_10Ag190400	bHLH	TFF
SoffiXsponR570.7_10Ag190700	ARF	TFF
SoffiXsponR570.7_10Ag192300	AP2-EREBP	TFF
SoffiXsponR570.7_10Ag192600	MADS	TFF
SoffiXsponR570.7_10Ag193100	NAC	TFF
SoffiXsponR570.7_10Ag194100	Alfin-like	TFF
SoffiXsponR570.7_10Ag194600	GRAS	TFF
SoffiXsponR570.7_10Ag194700	GRAS	TFF
SoffiXsponR570.7_10Ag197000	OFP	TFF
SoffiXsponR570.7_10Ag197900	FHA	TFF
SoffiXsponR570.7_10Ag205800	NAC	TFF
SoffiXsponR570.7_10Ag205900	MYB	TFF
SoffiXsponR570.7_10Ag206100	MADS	TFF
SoffiXsponR570.7_10Ag208800	GNAT	OTR
SoffiXsponR570.7_10Ag212700	MYB	TFF
SoffiXsponR570.7_10Ag212900	C2H2	TFF
SoffiXsponR570.7_10Ag213300	WRKY	TFF
SoffiXsponR570.7_10Ag215200	WRKY	TFF
SoffiXsponR570.7_10Ag215700	C2H2	TFF
SoffiXsponR570.7_10Ag215800	NAC	TFF
SoffiXsponR570.7_10Ag215900	NAC	TFF
SoffiXsponR570.7_10Ag217300	FAR1	TFF
SoffiXsponR570.7_10Ag218200	NAC	TFF
SoffiXsponR570.7_10Ag218300	NAC	TFF
SoffiXsponR570.7_10Ag219100	MYB-related	TFF
SoffiXsponR570.7_10Ag221800	TAZ	TFF
SoffiXsponR570.7_10Ag223500	GNAT	OTR
SoffiXsponR570.7_10Ag224400	Trihelix	TFF
SoffiXsponR570.7_10Ag225800	bHLH	TFF
SoffiXsponR570.7_10Ag231000	bZIP	TFF
SoffiXsponR570.7_10Ag231200	RWP-RK	TFF
SoffiXsponR570.7_10Ag232200	C2C2-CO-like	TFF
SoffiXsponR570.7_10Ag240100	MYB	TFF
SoffiXsponR570.7_10Ag240400	C1-4-t1	TFF
SoffiXsponR570.7_10Ag245500	NAC	TFF
SoffiXsponR570.7_10Ag246300	MYB	TFF
SoffiXsponR570.7_10Ag248800	ARF	TFF
SoffiXsponR570.7_10Ag252800	TCP	TFF
SoffiXsponR570.7_10Ag254800	AP2-EREBP	TFF
SoffiXsponR570.7_10Ag254900	Top	TFF
SoffiXsponR570.7_10Ag256300	zf-BED	TFF
SoffiXsponR570.7_10Ag257700	LIM	TFF
SoffiXsponR570.7_10Ag257800	MYB	TFF
SoffiXsponR570.7_10Ag258000	MYB	TFF
SoffiXsponR570.7_10Ag259600	C2C2-YABBY	TFF
SoffiXsponR570.7_10Ag259700	NAC	TFF
SoffiXsponR570.7_10Ag261600	C2C2-GATA	TFF
SoffiXsponR570.7_10Ag262700	Trihelix	TFF
SoffiXsponR570.7_10Ag264200	MYB-related	TFF
SoffiXsponR570.7_10Ag264800	SET	OTR
SoffiXsponR570.7_10Ag265300	C2C2-GATA	TFF
SoffiXsponR570.7_10Ag265500	WRKY	TFF
SoffiXsponR570.7_10Ag267000	AP2-EREBP	TFF
SoffiXsponR570.7_10Ag267200	AP2-EREBP	TFF
SoffiXsponR570.7_10Ag267300	AP2-EREBP	TFF
SoffiXsponR570.7_10Ag267400	AP2-EREBP	TFF
SoffiXsponR570.7_10Ag267500	AP2-EREBP	TFF
SoffiXsponR570.7_10Ag268600	MYB	TFF
SoffiXsponR570.7_10Ag268800	AP2-EREBP	TFF
SoffiXsponR570.7_10Ag268900	AP2-EREBP	TFF
SoffiXsponR570.7_10Ag269000	AP2-EREBP	TFF
SoffiXsponR570.7_10Ag270000	SBP	TFF
SoffiXsponR570.7_10Ag270700	C2H2	TFF
SoffiXsponR570.7_10Ag270800	C2H2	TFF
SoffiXsponR570.7_10Ag272400	GRAS	TFF
SoffiXsponR570.7_10Ag274500	bHLH	TFF
SoffiXsponR570.7_10Ag274700	bHLH	TFF
SoffiXsponR570.7_10Ag274800	bHLH	TFF
SoffiXsponR570.7_10Ag274900	bHLH	TFF
SoffiXsponR570.7_10Ag279200	RWP-RK	TFF
SoffiXsponR570.7_10Ag279400	HMG	OTR
SoffiXsponR570.7_10Ag280300	C2H2	TFF
SoffiXsponR570.7_10Ag281400	C2C2-Dof	TFF
SoffiXsponR570.7_10Ag281800	HSF	TFF
SoffiXsponR570.7_10Ag284400	AP2-EREBP	TFF
SoffiXsponR570.7_10Ag284500	AP2-EREBP	TFF
SoffiXsponR570.7_10Ag287500	OFP	TFF
SoffiXsponR570.7_10Ag289000	TRAF	OTR
SoffiXsponR570.7_10Ag289100	GRAS	TFF
SoffiXsponR570.7_10Ag289700	MADS	TFF
SoffiXsponR570.7_10Ag290300	ABI3VP1	TFF
SoffiXsponR570.7_10Ag291900	MYB-related	TFF
SoffiXsponR570.7_10Ag296800	C2H2	TFF
SoffiXsponR570.7_10Ag297100	bHLH	TFF
SoffiXsponR570.7_10Ag297400	PLATZ	TFF
SoffiXsponR570.7_10Ag298200	Top	TFF
SoffiXsponR570.7_10Ag298300	MYB	TFF
SoffiXsponR570.7_10Ag299300	MYB	TFF
SoffiXsponR570.7_10Ag300500	WRKY	TFF
SoffiXsponR570.7_10Ag302100	MYB-related	TFF
SoffiXsponR570.7_10Ag302900	GRF	TFF
SoffiXsponR570.7_10Ag305700	WRKY	TFF
SoffiXsponR570.7_10Ag309600	FAR1	TFF
SoffiXsponR570.7_10Ag309800	PHD	OTR
SoffiXsponR570.7_10Ag310200	AP2-EREBP	TFF
SoffiXsponR570.7_10Ag312700	Rcd1-like	OTR
SoffiXsponR570.7_10Ag313700	MADS	TFF
SoffiXsponR570.7_10Ag317700	bHLH	TFF
SoffiXsponR570.7_10Ag318300	NAC	TFF
SoffiXsponR570.7_10Ag322900	TRAF	OTR
SoffiXsponR570.7_10Ag326000	SET	OTR
SoffiXsponR570.7_10Ag328800	CSD	TFF
SoffiXsponR570.7_10Ag333000	GNAT	OTR
SoffiXsponR570.7_10Ag333100	GNAT	OTR
SoffiXsponR570.7_10Ag334800	bZIP	TFF
SoffiXsponR570.7_10Ag337800	bHLH	TFF
SoffiXsponR570.7_10Ag341900	AP2-EREBP	TFF
SoffiXsponR570.7_10Ag342000	AP2-EREBP	TFF
SoffiXsponR570.7_10Ag342700	AP2-EREBP	TFF
SoffiXsponR570.7_10Ag346700	Tify	TFF
SoffiXsponR570.7_10Ag347100	AUX/IAA	OTR
SoffiXsponR570.7_10Ag347300	AP2-EREBP	TFF
SoffiXsponR570.7_10Ag347700	FAR1	TFF
SoffiXsponR570.7_10Ag348400	AP2-EREBP	TFF
SoffiXsponR570.7_10Ag348600	SBP	TFF
SoffiXsponR570.7_10Ag350500	TRAF	OTR
SoffiXsponR570.7_10Ag352600	MED7	OTR
SoffiXsponR570.7_10Ag352800	BSD	TFF
SoffiXsponR570.7_10Ag354700	ARF	TFF
SoffiXsponR570.7_10Ag355600	SWI/SNF-BAF60b	OTR
SoffiXsponR570.7_10Ag355800	MYB-related	TFF
SoffiXsponR570.7_10Ag356100	C3H	TFF
SoffiXsponR570.7_10Ag358400	AP2-EREBP	TFF
SoffiXsponR570.7_10Ag360900	C3H	TFF
SoffiXsponR570.7_10Ag361100	ARF	TFF
SoffiXsponR570.7_10Ag365800	ABI3VP1	TFF
SoffiXsponR570.7_10Ag365900	MYB	TFF
SoffiXsponR570.7_10Ag366800	Top	TFF
SoffiXsponR570.7_10Ag367300	C2C2-Dof	TFF
SoffiXsponR570.7_10Ag372200	CCAAT	TFF
SoffiXsponR570.7_10Ag374100	OFP	TFF
SoffiXsponR570.7_10Ag377800	TUB	TFF
SoffiXsponR570.7_10Ag380300	ARF	TFF
SoffiXsponR570.7_10Ag380700	NAC	TFF
SoffiXsponR570.7_10Ag381400	SET	OTR
SoffiXsponR570.7_10Ag381500	PHD	OTR
SoffiXsponR570.7_10Ag383200	NAC	TFF
SoffiXsponR570.7os1g000700	GeBP	TFF
SoffiXsponR570.7os1g003000	MYB-related	TFF
SoffiXsponR570.7os1g003600	E2F-DP	TFF
SoffiXsponR570.7os1g008800	SET	OTR
SoffiXsponR570.7os1g010500	C2H2	TFF
SoffiXsponR570.7os1g011900	Top	TFF
SoffiXsponR570.7os1g012400	ARID	OTR
SoffiXsponR570.7os1g013000	C2H2	TFF
SoffiXsponR570.7os1g014200	Top	TFF
SoffiXsponR570.7os1g016200	ABI3VP1	TFF
SoffiXsponR570.7os1g016300	ABI3VP1	TFF
SoffiXsponR570.7os1g018800	TCP	TFF
SoffiXsponR570.7os1g023100	MYB	TFF
SoffiXsponR570.7os1g029900	bHLH	TFF
SoffiXsponR570.7os1g030100	bHLH	TFF
SoffiXsponR570.7os1g033100	WRKY	TFF
SoffiXsponR570.7os1g036500	PHD	OTR
SoffiXsponR570.7os1g036800	AP2-EREBP	TFF
SoffiXsponR570.7os1g039300	Rcd1-like	OTR
SoffiXsponR570.7os1g040400	MADS	TFF
SoffiXsponR570.7os1g044400	ABI3VP1	TFF
SoffiXsponR570.7os1g044600	bHLH	TFF
SoffiXsponR570.7os1g045100	NAC	TFF
SoffiXsponR570.7os1g048900	TRAF	OTR
SoffiXsponR570.7os1g052100	SET	OTR
SoffiXsponR570.7os1g054500	CSD	TFF
SoffiXsponR570.7os1g058300	GNAT	OTR
SoffiXsponR570.7os1g060100	bZIP	TFF
SoffiXsponR570.7os1g060500	mTERF	OTR
SoffiXsponR570.7os1g063200	bHLH	TFF
SoffiXsponR570.7os1g067200	AP2-EREBP	TFF
SoffiXsponR570.7os1g067400	AP2-EREBP	TFF
SoffiXsponR570.7os1g071800	Tify	TFF
SoffiXsponR570.7os1g072200	AUX/IAA	OTR
SoffiXsponR570.7os1g072400	AP2-EREBP	TFF
SoffiXsponR570.7os1g072800	FAR1	TFF
SoffiXsponR570.7os1g074100	AP2-EREBP	TFF
SoffiXsponR570.7os1g074300	SBP	TFF
SoffiXsponR570.7os1g076200	TRAF	OTR
SoffiXsponR570.7os1g078200	MED7	OTR
SoffiXsponR570.7os1g078400	BSD	TFF
SoffiXsponR570.7os1g080300	ARF	TFF
SoffiXsponR570.7os1g080800	SWI/SNF-BAF60b	OTR
SoffiXsponR570.7os1g080900	MYB-related	TFF
SoffiXsponR570.7os1g081200	C3H	TFF
SoffiXsponR570.7os1g083800	AP2-EREBP	TFF
SoffiXsponR570.7os1g086500	C3H	TFF
SoffiXsponR570.7os1g086800	ARF	TFF
SoffiXsponR570.8_10Ag005900	MYB-related	TFF
SoffiXsponR570.8_10Ag008400	NAC	TFF
SoffiXsponR570.8_10Ag010200	NAC	TFF
SoffiXsponR570.8_10Ag011700	MADS	TFF
SoffiXsponR570.8_10Ag013900	PHD	OTR
SoffiXsponR570.8_10Ag016700	AUX/IAA	OTR
SoffiXsponR570.8_10Ag018000	bHLH	TFF
SoffiXsponR570.8_10Ag023100	PHD	OTR
SoffiXsponR570.8_10Ag024200	PHD	OTR
SoffiXsponR570.8_10Ag024400	Yl1	TFF
SoffiXsponR570.8_10Ag025400	NAC	TFF
SoffiXsponR570.8_10Ag025500	TRAF	OTR
SoffiXsponR570.8_10Ag027100	TUB	TFF
SoffiXsponR570.8_10Ag027700	OFP	TFF
SoffiXsponR570.8_10Ag028000	GNAT	OTR
SoffiXsponR570.8_10Ag029000	HMG	OTR
SoffiXsponR570.8_10Ag029100	ABI3VP1	TFF
SoffiXsponR570.8_10Ag029700	Sigma70-like	TFF
SoffiXsponR570.8_10Ag029900	bHLH	TFF
SoffiXsponR570.8_10Ag031600	NAC	TFF
SoffiXsponR570.8_10Ag032100	FHA	TFF
SoffiXsponR570.8_10Ag032300	C3H	TFF
SoffiXsponR570.8_10Ag034000	SAP	TFF
SoffiXsponR570.8_10Ag037100	WRKY	TFF
SoffiXsponR570.8_10Ag039000	SBP	TFF
SoffiXsponR570.8_10Ag039100	SBP	TFF
SoffiXsponR570.8_10Ag042200	GRAS	TFF
SoffiXsponR570.8_10Ag044200	PAS	TFF
SoffiXsponR570.8_10Ag047200	bHLH	TFF
SoffiXsponR570.8_10Ag047300	ARF	TFF
SoffiXsponR570.8_10Ag047900	GNAT	OTR
SoffiXsponR570.8_10Ag050200	RB	OTR
SoffiXsponR570.8_10Ag055300	CCAAT	TFF
SoffiXsponR570.8_10Ag056600	PAS	TFF
SoffiXsponR570.8_10Ag059700	GRF	TFF
SoffiXsponR570.8_10Ag063000	BSD	TFF
SoffiXsponR570.8_10Ag063500	MYB	TFF
SoffiXsponR570.8_10Ag066700	Jumonji	OTR
SoffiXsponR570.8_10Ag074100	WRKY	TFF
SoffiXsponR570.8_10Ag074200	WRKY	TFF
SoffiXsponR570.8_10Ag079400	bHLH	TFF
SoffiXsponR570.8_10Ag082600	MADS	TFF
SoffiXsponR570.8_10Ag083900	TRAF	OTR
SoffiXsponR570.8_10Ag090300	TRAF	OTR
SoffiXsponR570.8_10Ag091600	NAC	TFF
SoffiXsponR570.8_10Ag093700	E2F-DP	TFF
SoffiXsponR570.8_10Ag094000	E2F-DP	TFF
SoffiXsponR570.8_10Ag094100	E2F-DP	TFF
SoffiXsponR570.8_10Ag098800	bHLH	TFF
SoffiXsponR570.8_10Ag102200	FHA	TFF
SoffiXsponR570.8_10Ag109500	MADS	TFF
SoffiXsponR570.8_10Ag111600	PHD	OTR
SoffiXsponR570.8_10Ag112500	FHA	TFF
SoffiXsponR570.8_10Ag114600	GRAS	TFF
SoffiXsponR570.8_10Ag114700	GRAS	TFF
SoffiXsponR570.8_10Ag115600	C2C2-Dof	TFF
SoffiXsponR570.8_10Ag115700	C2C2-Dof	TFF
SoffiXsponR570.8_10Ag118900	NAC	TFF
SoffiXsponR570.8_10Ag120500	NAC	TFF
SoffiXsponR570.8_10Ag120600	NAC	TFF
SoffiXsponR570.8_10Ag122600	PAS	TFF
SoffiXsponR570.8_10Ag128700	PAS	TFF
SoffiXsponR570.8_10Ag133700	MYB	TFF
SoffiXsponR570.8_10Ag136800	AP2-EREBP	TFF
SoffiXsponR570.8_10Ag137000	AP2-EREBP	TFF
SoffiXsponR570.8_10Ag137200	AP2-EREBP	TFF
SoffiXsponR570.8_10Ag139900	MYB	TFF
SoffiXsponR570.8_10Ag140900	C2H2	TFF
SoffiXsponR570.8_10Ag141100	C2H2	TFF
SoffiXsponR570.8_10Ag141300	C2H2	TFF
SoffiXsponR570.8_10Ag141400	C2H2	TFF
SoffiXsponR570.8_10Ag141500	C2H2	TFF
SoffiXsponR570.8_10Ag141600	C2H2	TFF
SoffiXsponR570.8_10Ag141700	C2H2	TFF
SoffiXsponR570.8_10Ag141800	C2H2	TFF
SoffiXsponR570.8_10Ag142400	AP2-EREBP	TFF
SoffiXsponR570.8_10Ag142500	AP2-EREBP	TFF
SoffiXsponR570.8_10Ag142600	AP2-EREBP	TFF
SoffiXsponR570.8_10Ag142700	AP2-EREBP	TFF
SoffiXsponR570.8_10Ag142800	AP2-EREBP	TFF
SoffiXsponR570.8_10Ag146500	GRAS	TFF
SoffiXsponR570.8_10Ag146600	GRAS	TFF
SoffiXsponR570.8_10Ag146700	GRAS	TFF
SoffiXsponR570.8_10Ag146800	GRAS	TFF
SoffiXsponR570.8_10Ag146900	GRAS	TFF
SoffiXsponR570.8_10Ag147000	GRAS	TFF
SoffiXsponR570.8_10Ag147100	GRAS	TFF
SoffiXsponR570.8_10Ag147500	GRAS	TFF
SoffiXsponR570.8_10Ag147800	GRAS	TFF
SoffiXsponR570.8_10Ag147900	GRAS	TFF
SoffiXsponR570.8_10Ag148100	GRAS	TFF
SoffiXsponR570.8_10Ag148200	GRAS	TFF
SoffiXsponR570.8_10Ag148300	GRAS	TFF
SoffiXsponR570.8_10Ag148400	GRAS	TFF
SoffiXsponR570.8_10Ag148500	GRAS	TFF
SoffiXsponR570.8_10Ag148600	GRAS	TFF
SoffiXsponR570.8_10Ag149400	C2H2	TFF
SoffiXsponR570.8_10Ag153800	Top	TFF
SoffiXsponR570.8_10Ag154400	zf-LSD1	TFF
SoffiXsponR570.8_10Ag156800	C3H	TFF
SoffiXsponR570.8_10Ag160000	bHLH	TFF
SoffiXsponR570.8_10Ag163000	SWI/SNF-SWI3	OTR
SoffiXsponR570.8_10Ag163400	MYB-related	TFF
SoffiXsponR570.8_10Ag165800	MYB	TFF
SoffiXsponR570.8_10Ag165900	MYB-related	TFF
SoffiXsponR570.8_10Ag169200	BSD	TFF
SoffiXsponR570.8_10Ag174800	MYB-related	TFF
SoffiXsponR570.8_10Ag174900	ABI3VP1	TFF
SoffiXsponR570.8_10Ag175100	NAC	TFF
SoffiXsponR570.8_10Ag177000	zf-LSD1	TFF
SoffiXsponR570.8_10Ag177200	C3H	TFF
SoffiXsponR570.8_10Ag178100	Top	TFF
SoffiXsponR570.8_10Ag178400	bHLH	TFF
SoffiXsponR570.8_10Ag179200	GNAT	OTR
SoffiXsponR570.8_10Ag180000	MYB-related	TFF
SoffiXsponR570.8_10Ag180100	Sigma70-like	TFF
SoffiXsponR570.8_10Ag180500	FAR1	TFF
SoffiXsponR570.8_10Ag181200	MYB-related	TFF
SoffiXsponR570.8_10Ag182600	AP2-EREBP	TFF
SoffiXsponR570.8_10Ag184000	AP2-EREBP	TFF
SoffiXsponR570.8_10Ag184900	CCAAT	TFF
SoffiXsponR570.8_10Ag186300	bZIP	TFF
SoffiXsponR570.8_10Ag188300	SET	OTR
SoffiXsponR570.8_10Ag188600	CCAAT	TFF
SoffiXsponR570.8_10Ag197400	CCAAT	TFF
SoffiXsponR570.8_10Ag198600	NAC	TFF
SoffiXsponR570.8_10Ag200900	SET	OTR
SoffiXsponR570.8_10Ag203800	ABI3VP1	TFF
SoffiXsponR570.8_10Ag204000	AP2-EREBP	TFF
SoffiXsponR570.8_10Ag204100	AP2-EREBP	TFF
SoffiXsponR570.8_10Ag204200	AP2-EREBP	TFF
SoffiXsponR570.8_10Ag204400	WRKY	TFF
SoffiXsponR570.8_10Ag204700	TRAF	OTR
SoffiXsponR570.8_10Ag204800	PHD	OTR
SoffiXsponR570.8_10Ag206800	TRAF	OTR
SoffiXsponR570.8_10Ag207000	TRAF	OTR
SoffiXsponR570.8_10Ag207200	TRAF	OTR
SoffiXsponR570.8_10Ag207400	TRAF	OTR
SoffiXsponR570.8_10Ag207600	TRAF	OTR
SoffiXsponR570.8_10Ag207700	TRAF	OTR
SoffiXsponR570.8_10Ag207800	TRAF	OTR
SoffiXsponR570.8_10Ag207900	TRAF	OTR
SoffiXsponR570.8_10Ag208000	RWP-RK	TFF
SoffiXsponR570.8_10Ag208300	ABI3VP1	TFF
SoffiXsponR570.8_10Ag209200	WRKY	TFF
SoffiXsponR570.8_10Ag210300	MADS	TFF
SoffiXsponR570.8_10Ag210400	MADS	TFF
SoffiXsponR570.8_10Ag210500	MADS	TFF
SoffiXsponR570.8_10Ag213100	TRAF	OTR
SoffiXsponR570.8_10Ag216300	MYB	TFF
SoffiXsponR570.8_10Ag216900	GNAT	OTR
SoffiXsponR570.8_10Ag220400	zf-LSD1	TFF
SoffiXsponR570.8_10Ag221000	PLATZ	TFF
SoffiXsponR570.8_10Ag222100	WRKY	TFF
SoffiXsponR570.8_10Ag227100	MYB-related	TFF
SoffiXsponR570.8_10Ag229000	bZIP	TFF
SoffiXsponR570.8_10Ag231600	MBF1	OTR
SoffiXsponR570.8_10Ag232400	PAS	TFF
SoffiXsponR570.8_10Ag233200	mTERF	OTR
SoffiXsponR570.8_10Ag235200	CCAAT	TFF
SoffiXsponR570.8_10Ag235800	WRKY	TFF
SoffiXsponR570.8_10Ag238700	SET	OTR
SoffiXsponR570.8_10Ag238800	SET	OTR
SoffiXsponR570.8_10Ag238900	SET	OTR
SoffiXsponR570.8_10Ag240500	AP2-EREBP	TFF
SoffiXsponR570.8_10Ag244100	RWP-RK	TFF
SoffiXsponR570.8_10Ag245600	PHD	OTR
SoffiXsponR570.8_10Ag247900	MYB	TFF
SoffiXsponR570.8_10Ag248100	Tify	TFF
SoffiXsponR570.8_10Ag250200	MADS	TFF
SoffiXsponR570.8_10Ag250300	TCP	TFF
SoffiXsponR570.8_10Ag250700	bHLH	TFF
SoffiXsponR570.8_10Ag251000	NAC	TFF
SoffiXsponR570.8_10Ag251100	MYB-related	TFF
SoffiXsponR570.8_10Ag251100	MYB	TFF
SoffiXsponR570.8_10Ag251800	MYB	TFF
SoffiXsponR570.8_10Ag252600	zf-A20	TFF
SoffiXsponR570.8_10Ag252700	zf-A20	TFF
SoffiXsponR570.8_10Ag253300	zf-A20	TFF
SoffiXsponR570.8_10Ag253400	zf-A20	TFF
SoffiXsponR570.8_10Ag253600	NAC	TFF
SoffiXsponR570.8_10Ag253900	MYB	TFF
SoffiXsponR570.8_10Ag254100	MYB	TFF
SoffiXsponR570.8_10Ag254200	zf-HD	TFF
SoffiXsponR570.8_10Ag254400	zf-HD	TFF
SoffiXsponR570.8_10Ag257700	AP2-EREBP	TFF
SoffiXsponR570.8_10Ag259600	SGT1	OTR
SoffiXsponR570.8_10Ag260700	MYB	TFF
SoffiXsponR570.8_10Ag261300	ARID	OTR
SoffiXsponR570.8_10Ag261800	AP2-EREBP	TFF
SoffiXsponR570.8_10Ag263300	AP2-EREBP	TFF
SoffiXsponR570.8_10Ag264500	CCAAT	TFF
SoffiXsponR570.8_10Ag268500	C2H2	TFF
SoffiXsponR570.8_10Ag268900	GeBP	TFF
SoffiXsponR570.8_10Ag270400	bHLH	TFF
SoffiXsponR570.8_10Ag270900	bZIP	TFF
SoffiXsponR570.8_10Ag271900	AP2-EREBP	TFF
SoffiXsponR570.8_10Ag274700	bHLH	TFF
SoffiXsponR570.8_10Ag275800	zf-HD	TFF
SoffiXsponR570.8_10Ag276700	SET	OTR
SoffiXsponR570.8_10Ag277500	SET	OTR
SoffiXsponR570.8_10Ag281100	C2H2	TFF
SoffiXsponR570.8_10Ag281200	NAC	TFF
SoffiXsponR570.8_10Ag281500	SOH1	OTR
SoffiXsponR570.8_10Ag282300	PLATZ	TFF
SoffiXsponR570.8_10Ag287900	C2H2	TFF
SoffiXsponR570.8_10Ag290900	bZIP	TFF
SoffiXsponR570.8_10Ag291100	bZIP	TFF
SoffiXsponR570.8_10Ag291200	bZIP	TFF
SoffiXsponR570.8_10Ag291700	MYB	TFF
SoffiXsponR570.8_10Ag292200	NAC	TFF
SoffiXsponR570.8_10Ag293100	MYB	TFF
SoffiXsponR570.8_10Ag293700	SRS	TFF
SoffiXsponR570.8_10Ag294800	HSF	TFF
SoffiXsponR570.8_10Ag295500	AP2-EREBP	TFF
SoffiXsponR570.8_10Ag295600	AP2-EREBP	TFF
SoffiXsponR570.8_10Ag296200	TCP	TFF
SoffiXsponR570.8_10Ag296500	bZIP	TFF
SoffiXsponR570.8_10Ag296700	bHLH	TFF
SoffiXsponR570.8_10Ag296800	bHLH	TFF
SoffiXsponR570.8_10Ag296900	bHLH	TFF
SoffiXsponR570.8_10Ag297000	bHLH	TFF
SoffiXsponR570.8_10Ag297100	bHLH	TFF
SoffiXsponR570.8_10Ag298900	bZIP	TFF
SoffiXsponR570.8_10Ag301600	RB	OTR
SoffiXsponR570.8_10Ag302800	AP2-EREBP	TFF
SoffiXsponR570.8_10Ag303300	bHLH	TFF
SoffiXsponR570.8_10Ag305400	SBP	TFF
SoffiXsponR570.8_10Ag305500	MADS	TFF
SoffiXsponR570.8_10Ag305700	MADS	TFF
SoffiXsponR570.8_10Ag307600	NAC	TFF
SoffiXsponR570.8_10Ag309000	FHA	TFF
SoffiXsponR570.8_10Ag311300	bHLH	TFF
SoffiXsponR570.8_10Ag311900	TRAF	OTR
SoffiXsponR570.8_10Ag312100	TRAF	OTR
SoffiXsponR570.8_10Ag312200	TRAF	OTR
SoffiXsponR570.8_10Ag312300	TRAF	OTR
SoffiXsponR570.8_10Ag312500	TRAF	OTR
SoffiXsponR570.8_10Ag315200	mTERF	OTR
SoffiXsponR570.8_10Ag317200	ARF	TFF
SoffiXsponR570.8_10Ag317200	AUX/IAA	OTR
SoffiXsponR570.8_10Ag317700	MYB	TFF
SoffiXsponR570.8_10Ag321400	mTERF	OTR
SoffiXsponR570.8_10Ag321900	TRAF	OTR
SoffiXsponR570.8_10Ag322500	SBP	TFF
SoffiXsponR570.8_10Ag323000	zf-BED	TFF
SoffiXsponR570.8_10Ag324700	NAC	TFF
SoffiXsponR570.8_10Ag325200	MYB-related	TFF
SoffiXsponR570.8_10Ag325900	SBP	TFF
SoffiXsponR570.8_10Ag326300	EIL	TFF
SoffiXsponR570.8_10Ag326600	bHLH	TFF
SoffiXsponR570.8_10Ag327900	zf-A20	TFF
SoffiXsponR570.8_10Ag328600	C2H2	TFF
SoffiXsponR570.8_10Ag329500	SWI/SNF-BAF60b	OTR
SoffiXsponR570.8_10Ag331500	Pseudo_ARR-B	OTR
SoffiXsponR570.8_10Ag335600	WRKY	TFF
SoffiXsponR570.8_10Ag337600	CCAAT	TFF
SoffiXsponR570.8_10Ag338200	TRAF	OTR
SoffiXsponR570.8_10Ag339900	CCAAT	TFF
SoffiXsponR570.8_10Ag341200	C2C2-Dof	TFF
SoffiXsponR570.8_10Ag341300	bHLH	TFF
SoffiXsponR570.8_10Ag342300	bHLH	TFF
SoffiXsponR570.8_10Ag342500	bZIP	TFF
SoffiXsponR570.8_10Ag342800	MYB	TFF
SoffiXsponR570.8_10Ag346000	bHLH	TFF
SoffiXsponR570.8_10Ag346300	bZIP	TFF
SoffiXsponR570.8_5Ag001400	ABI3VP1	TFF
SoffiXsponR570.8_5Ag001500	HMG	OTR
SoffiXsponR570.8_5Ag002600	GNAT	OTR
SoffiXsponR570.8_5Ag002900	OFP	TFF
SoffiXsponR570.8_5Ag003800	TUB	TFF
SoffiXsponR570.8_5Ag004100	TRAF	OTR
SoffiXsponR570.8_5Ag004200	NAC	TFF
SoffiXsponR570.8_5Ag006800	Yl1	TFF
SoffiXsponR570.8_5Ag007000	PHD	OTR
SoffiXsponR570.8_5Ag008200	PHD	OTR
SoffiXsponR570.8_5Ag012600	bHLH	TFF
SoffiXsponR570.8_5Ag013600	AUX/IAA	OTR
SoffiXsponR570.8_5Ag014400	zf-BED	TFF
SoffiXsponR570.8_5Ag015800	PHD	OTR
SoffiXsponR570.8_5Ag017300	MADS	TFF
SoffiXsponR570.8_5Ag019100	NAC	TFF
SoffiXsponR570.8_5Ag022000	NAC	TFF
SoffiXsponR570.8_5Ag024500	MYB-related	TFF
SoffiXsponR570.8_5Ag025600	mTERF	OTR
SoffiXsponR570.8_5Ag030600	bHLH	TFF
SoffiXsponR570.8_5Ag036100	Top	TFF
SoffiXsponR570.8_5Ag036500	zf-LSD1	TFF
SoffiXsponR570.8_5Ag039000	C3H	TFF
SoffiXsponR570.8_5Ag041000	bHLH	TFF
SoffiXsponR570.8_5Ag042900	SWI/SNF-SWI3	OTR
SoffiXsponR570.8_5Ag043300	MYB-related	TFF
SoffiXsponR570.8_5Ag044400	TRAF	OTR
SoffiXsponR570.8_5Ag044700	TRAF	OTR
SoffiXsponR570.8_5Ag046600	MYB	TFF
SoffiXsponR570.8_5Ag046700	MYB-related	TFF
SoffiXsponR570.8_5Ag051400	BSD	TFF
SoffiXsponR570.8_5Ag054100	FAR1	TFF
SoffiXsponR570.8_5Ag056000	TRAF	OTR
SoffiXsponR570.8_5Ag056100	TRAF	OTR
SoffiXsponR570.8_5Ag056500	MYB-related	TFF
SoffiXsponR570.8_5Ag056600	ABI3VP1	TFF
SoffiXsponR570.8_5Ag056800	NAC	TFF
SoffiXsponR570.8_5Ag056900	MED26	OTR
SoffiXsponR570.8_5Ag058700	zf-LSD1	TFF
SoffiXsponR570.8_5Ag059100	C3H	TFF
SoffiXsponR570.8_5Ag059900	Top	TFF
SoffiXsponR570.8_5Ag060000	bHLH	TFF
SoffiXsponR570.8_5Ag060600	GNAT	OTR
SoffiXsponR570.8_5Ag061500	MYB-related	TFF
SoffiXsponR570.8_5Ag061600	Sigma70-like	TFF
SoffiXsponR570.8_5Ag064200	AP2-EREBP	TFF
SoffiXsponR570.8_5Ag067900	CCAAT	TFF
SoffiXsponR570.8_5Ag070000	SET	OTR
SoffiXsponR570.8_5Ag070400	CCAAT	TFF
SoffiXsponR570.8_5Ag077400	ABI3VP1	TFF
SoffiXsponR570.8_5Ag078100	NAC	TFF
SoffiXsponR570.8_5Ag083100	CCAAT	TFF
SoffiXsponR570.8_5Ag085000	ABI3VP1	TFF
SoffiXsponR570.8_5Ag085300	AP2-EREBP	TFF
SoffiXsponR570.8_5Ag085400	AP2-EREBP	TFF
SoffiXsponR570.8_5Ag085500	AP2-EREBP	TFF
SoffiXsponR570.8_5Ag085700	AP2-EREBP	TFF
SoffiXsponR570.8_5Ag085900	WRKY	TFF
SoffiXsponR570.8_5Ag086500	PHD	OTR
SoffiXsponR570.8_5Ag088200	TRAF	OTR
SoffiXsponR570.8_5Ag088400	TRAF	OTR
SoffiXsponR570.8_5Ag088500	TRAF	OTR
SoffiXsponR570.8_5Ag088800	TRAF	OTR
SoffiXsponR570.8_5Ag089100	ABI3VP1	TFF
SoffiXsponR570.8_5Ag089200	ABI3VP1	TFF
SoffiXsponR570.8_5Ag091200	MADS	TFF
SoffiXsponR570.8_5Ag091300	MADS	TFF
SoffiXsponR570.8_5Ag095400	SET	OTR
SoffiXsponR570.8_5Ag097800	MYB	TFF
SoffiXsponR570.8_5Ag098400	GNAT	OTR
SoffiXsponR570.8_5Ag103800	WRKY	TFF
SoffiXsponR570.8_5Ag108500	MYB-related	TFF
SoffiXsponR570.8_5Ag109900	bZIP	TFF
SoffiXsponR570.8_5Ag111400	AP2-EREBP	TFF
SoffiXsponR570.8_5Ag112400	MBF1	OTR
SoffiXsponR570.8_5Ag113100	PAS	TFF
SoffiXsponR570.8_5Ag113900	mTERF	OTR
SoffiXsponR570.8_5Ag115900	CCAAT	TFF
SoffiXsponR570.8_5Ag116500	WRKY	TFF
SoffiXsponR570.8_5Ag119500	SET	OTR
SoffiXsponR570.8_5Ag120000	bHLH	TFF
SoffiXsponR570.8_5Ag121200	AP2-EREBP	TFF
SoffiXsponR570.8_5Ag126300	PHD	OTR
SoffiXsponR570.8_5Ag128000	MYB	TFF
SoffiXsponR570.8_5Ag128100	Tify	TFF
SoffiXsponR570.8_5Ag130600	MADS	TFF
SoffiXsponR570.8_5Ag130700	TCP	TFF
SoffiXsponR570.8_5Ag131200	bHLH	TFF
SoffiXsponR570.8_5Ag131700	NAC	TFF
SoffiXsponR570.8_5Ag131800	MYB	TFF
SoffiXsponR570.8_5Ag132500	MYB	TFF
SoffiXsponR570.8_5Ag132600	zf-BED	TFF
SoffiXsponR570.8_5Ag132700	MYB-related	TFF
SoffiXsponR570.8_5Ag133400	zf-A20	TFF
SoffiXsponR570.8_5Ag133500	zf-A20	TFF
SoffiXsponR570.8_5Ag133600	zf-A20	TFF
SoffiXsponR570.8_5Ag136400	AP2-EREBP	TFF
SoffiXsponR570.8_5Ag136700	SET	OTR
SoffiXsponR570.8_5Ag138300	SGT1	OTR
SoffiXsponR570.8_5Ag139300	MYB	TFF
SoffiXsponR570.8_5Ag139800	ARID	OTR
SoffiXsponR570.8_5Ag141500	AP2-EREBP	TFF
SoffiXsponR570.8_5Ag142900	CCAAT	TFF
SoffiXsponR570.8_5Ag146400	C2H2	TFF
SoffiXsponR570.8_5Ag146800	GeBP	TFF
SoffiXsponR570.8_5Ag147900	bHLH	TFF
SoffiXsponR570.8_5Ag148400	bZIP	TFF
SoffiXsponR570.8_5Ag150000	AP2-EREBP	TFF
SoffiXsponR570.8_5Ag153700	bHLH	TFF
SoffiXsponR570.8_5Ag154100	AP2-EREBP	TFF
SoffiXsponR570.8_5Ag155200	C2H2	TFF
SoffiXsponR570.8_5Ag155300	NAC	TFF
SoffiXsponR570.8_5Ag155600	SOH1	OTR
SoffiXsponR570.8_5Ag156600	PLATZ	TFF
SoffiXsponR570.8_5Ag161300	bHLH	TFF
SoffiXsponR570.8_5Ag163200	C2H2	TFF
SoffiXsponR570.8_5Ag164700	MYB	TFF
SoffiXsponR570.8_5Ag165600	MYB	TFF
SoffiXsponR570.8_5Ag166100	SRS	TFF
SoffiXsponR570.8_5Ag167300	HSF	TFF
SoffiXsponR570.8_5Ag168600	AP2-EREBP	TFF
SoffiXsponR570.8_5Ag168700	AP2-EREBP	TFF
SoffiXsponR570.8_5Ag169100	TCP	TFF
SoffiXsponR570.8_5Ag169400	bZIP	TFF
SoffiXsponR570.8_5Ag169700	bHLH	TFF
SoffiXsponR570.8_5Ag169800	bHLH	TFF
SoffiXsponR570.8_5Ag169900	bHLH	TFF
SoffiXsponR570.8_5Ag170100	bHLH	TFF
SoffiXsponR570.8_5Ag170300	bHLH	TFF
SoffiXsponR570.8_5Ag172300	bZIP	TFF
SoffiXsponR570.8_5Ag172500	bHLH	TFF
SoffiXsponR570.8_5Ag172600	bHLH	TFF
SoffiXsponR570.8_5Ag172700	bHLH	TFF
SoffiXsponR570.8_5Ag172800	bHLH	TFF
SoffiXsponR570.8_5Ag172900	bHLH	TFF
SoffiXsponR570.8_5Ag174200	PAS	TFF
SoffiXsponR570.8_5Ag175900	RB	OTR
SoffiXsponR570.8_5Ag177500	AP2-EREBP	TFF
SoffiXsponR570.8_5Ag177800	AP2-EREBP	TFF
SoffiXsponR570.8_5Ag178400	SBP	TFF
SoffiXsponR570.8_5Ag178500	MADS	TFF
SoffiXsponR570.8_5Ag178600	MADS	TFF
SoffiXsponR570.8_5Ag178800	MADS	TFF
SoffiXsponR570.8_5Ag181300	NAC	TFF
SoffiXsponR570.8_5Ag182900	FHA	TFF
SoffiXsponR570.8_5Ag184800	bHLH	TFF
SoffiXsponR570.8_5Ag185500	TRAF	OTR
SoffiXsponR570.8_5Ag185700	TRAF	OTR
SoffiXsponR570.8_5Ag186100	TRAF	OTR
SoffiXsponR570.8_5Ag186300	TRAF	OTR
SoffiXsponR570.8_5Ag186600	TRAF	OTR
SoffiXsponR570.8_5Ag186700	TRAF	OTR
SoffiXsponR570.8_5Ag186900	TRAF	OTR
SoffiXsponR570.8_5Ag187000	TRAF	OTR
SoffiXsponR570.8_5Ag187100	TRAF	OTR
SoffiXsponR570.8_5Ag187300	TRAF	OTR
SoffiXsponR570.8_5Ag187400	TRAF	OTR
SoffiXsponR570.8_5Ag189400	mTERF	OTR
SoffiXsponR570.8_5Ag191400	ARF	TFF
SoffiXsponR570.8_5Ag191400	AUX/IAA	OTR
SoffiXsponR570.8_5Ag192100	MYB	TFF
SoffiXsponR570.8_5Ag193800	mTERF	OTR
SoffiXsponR570.8_5Ag194700	SBP	TFF
SoffiXsponR570.8_5Ag196700	C2H2	TFF
SoffiXsponR570.8_5Ag197100	GRAS	TFF
SoffiXsponR570.8_5Ag197600	C2H2	TFF
SoffiXsponR570.8_5Ag197800	C2H2	TFF
SoffiXsponR570.8_5Ag201500	C2H2	TFF
SoffiXsponR570.8_5Ag204400	FAR1	TFF
SoffiXsponR570.8_5Ag207700	MADS	TFF
SoffiXsponR570.8_5Ag208700	CCAAT	TFF
SoffiXsponR570.8_5Ag209700	CCAAT	TFF
SoffiXsponR570.8_5Ag209900	Alfin-like	TFF
SoffiXsponR570.8_5Ag211300	GRAS	TFF
SoffiXsponR570.8_5Ag213600	Tify	TFF
SoffiXsponR570.8_5Ag213800	FAR1	TFF
SoffiXsponR570.8_5Ag214800	AP2-EREBP	TFF
SoffiXsponR570.8_5Ag221200	CAMTA	TFF
SoffiXsponR570.8_5Ag221200	TIG	TFF
SoffiXsponR570.8_5Ag223300	SAP	TFF
SoffiXsponR570.8_5Ag224000	Tudor-knot	OTR
SoffiXsponR570.8_5Ag225200	MYB	TFF
SoffiXsponR570.8_5Ag225800	bHLH	TFF
SoffiXsponR570.8_5Ag226000	MYB	TFF
SoffiXsponR570.8_5Ag229200	SART-1	OTR
SoffiXsponR570.8_5Ag229400	MYB	TFF
SoffiXsponR570.8_5Ag230200	GeBP	TFF
SoffiXsponR570.8_5Ag233300	HSF	TFF
SoffiXsponR570.8_5Ag235300	MED26	OTR
SoffiXsponR570.8_5Ag235800	SWI/SNF-BAF60b	OTR
SoffiXsponR570.8_5Ag236800	bZIP	TFF
SoffiXsponR570.8_5Ag239400	BSD	TFF
SoffiXsponR570.8_5Ag240700	TRAF	OTR
SoffiXsponR570.8_5Ag244800	CCAAT	TFF
SoffiXsponR570.8_5Ag247800	DDT	OTR
SoffiXsponR570.8_5Ag247800	PHD	OTR
SoffiXsponR570.8_5Ag250100	TUB	TFF
SoffiXsponR570.8_5Ag252200	AP2-EREBP	TFF
SoffiXsponR570.8_5Ag255700	AP2-EREBP	TFF
SoffiXsponR570.8_5Ag258100	OFP	TFF
SoffiXsponR570.8_5Ag258600	bZIP	TFF
SoffiXsponR570.8_5Ag258700	ABI3VP1	TFF
SoffiXsponR570.8_5Ag259100	WRKY	TFF
SoffiXsponR570.8_5Ag261100	C3H	TFF
SoffiXsponR570.8_5Ag261500	NAC	TFF
SoffiXsponR570.8_5Ag261900	NAC	TFF
SoffiXsponR570.8_5Ag262400	C2C2-Dof	TFF
SoffiXsponR570.8_5Ag262600	MYB-related	TFF
SoffiXsponR570.8_5Ag263100	EIL	TFF
SoffiXsponR570.8_5Ag264200	MYB	TFF
SoffiXsponR570.8_5Ag264700	bZIP	TFF
SoffiXsponR570.8_5Ag266200	bZIP	TFF
SoffiXsponR570.8_5Ag270500	PHD	OTR
SoffiXsponR570.9os1g002400	WRKY	TFF
SoffiXsponR570.9os1g002500	SET	OTR
SoffiXsponR570.9os1g002800	WRKY	TFF
SoffiXsponR570.9os1g003000	WRKY	TFF
SoffiXsponR570.9os1g003100	WRKY	TFF
SoffiXsponR570.9os1g009300	bZIP	TFF
SoffiXsponR570.9os1g012000	bZIP	TFF
SoffiXsponR570.9os1g012700	ABI3VP1	TFF
SoffiXsponR570.9os1g013200	OFP	TFF
SoffiXsponR570.9os1g013300	OFP	TFF
SoffiXsponR570.9os1g013800	E2F-DP	TFF
SoffiXsponR570.9os1g014700	CCAAT	TFF
SoffiXsponR570.9os1g017300	bZIP	TFF
SoffiXsponR570.9os1g017400	GRAS	TFF
SoffiXsponR570.9os1g018100	TUB	TFF
SoffiXsponR570.9os1g019000	MED26	OTR
SoffiXsponR570.9os1g019800	SAP	TFF
SoffiXsponR570.9os1g020200	MYB	TFF
SoffiXsponR570.9os1g020300	AP2-EREBP	TFF
SoffiXsponR570.9os1g020800	C2C2-GATA	TFF
SoffiXsponR570.9os1g021000	C2C2-GATA	TFF
SoffiXsponR570.9os1g022600	C2H2	TFF
SoffiXsponR570.9os1g023400	TCP	TFF
SoffiXsponR570.9os1g025100	MYB	TFF
SoffiXsponR570.9os1g025300	MYB	TFF
SoffiXsponR570.9os1g025400	MYB-related	TFF
SoffiXsponR570.9os1g025400	MYB	TFF
SoffiXsponR570.9os1g026300	MYB-related	TFF
SoffiXsponR570.9os1g027400	NAC	TFF
SoffiXsponR570.9os1g030100	WRKY	TFF
SoffiXsponR570.9os1g031700	MYB	TFF
SoffiXsponR570.9os1g032300	bHLH	TFF
SoffiXsponR570.9os1g032400	PLATZ	TFF
SoffiXsponR570.9os1g034200	PLATZ	TFF
SoffiXsponR570.9os1g035900	SWI/SNF-BAF60b	OTR
SoffiXsponR570.9os1g036100	SWI/SNF-BAF60b	OTR
SoffiXsponR570.9os1g037500	NAC	TFF
SoffiXsponR570.9os1g038400	MADS	TFF
SoffiXsponR570.9os1g038600	MADS	TFF
SoffiXsponR570.9os1g038900	zf-HD	TFF
SoffiXsponR570.9os1g039300	Alfin-like	TFF
SoffiXsponR570.9os1g046100	bZIP	TFF
SoffiXsponR570.9os1g051100	Jumonji	OTR
SoffiXsponR570.9os1g051800	C3H	TFF
SoffiXsponR570.9os1g053100	MYB	TFF
SoffiXsponR570.9os1g055900	MYB-related	TFF
SoffiXsponR570.9os1g055900	MYB	TFF
SoffiXsponR570.9os1g057300	TCP	TFF
SoffiXsponR570.9os1g058800	C2C2-Dof	TFF
SoffiXsponR570.9os1g060600	mTERF	OTR
SoffiXsponR570.9os1g060800	mTERF	OTR
SoffiXsponR570.9os1g061700	GRAS	TFF
SoffiXsponR570.9os1g061800	GRAS	TFF
SoffiXsponR570.9os1g065800	C2H2	TFF
SoffiXsponR570.9os1g066100	NAC	TFF
SoffiXsponR570.9os1g069100	C2H2	TFF
SoffiXsponR570.9os1g069400	C2H2	TFF
SoffiXsponR570.9os1g069700	AP2-EREBP	TFF
SoffiXsponR570.9os1g070900	MYB-related	TFF
SoffiXsponR570.9os1g071700	bHLH	TFF
SoffiXsponR570.9os1g072700	ABI3VP1	TFF
SoffiXsponR570.9os1g072800	ABI3VP1	TFF
SoffiXsponR570.9os1g073000	ABI3VP1	TFF
SoffiXsponR570.9os1g073200	ABI3VP1	TFF
SoffiXsponR570.9os1g073300	ABI3VP1	TFF
SoffiXsponR570.9os1g073400	ABI3VP1	TFF
SoffiXsponR570.9os1g074000	TAZ	TFF
SoffiXsponR570.9us90g001000	NAC	TFF
SoffiXsponR570.9us90g001500	ARF	TFF
SoffiXsponR570.9us90g003400	MED26	OTR
SoffiXsponR570.9us90g004800	MYB	TFF
SoffiXsponR570.9us90g006300	TRAF	OTR
SoffiXsponR570.9us90g006600	MADS	TFF
SoffiXsponR570.9us90g009000	WRKY	TFF
SoffiXsponR570.9us90g009200	SWI/SNF-BAF60b	OTR
SoffiXsponR570.9us90g010600	LIM	TFF
SoffiXsponR570.9us90g012600	MYB	TFF
SoffiXsponR570.9us90g013600	PHD	OTR
SoffiXsponR570.9us90g020800	FHA	TFF
SoffiXsponR570.9us90g023500	ARF	TFF
SoffiXsponR570.9us90g025900	bZIP	TFF
SoffiXsponR570.9us90g026600	PAS	TFF
SoffiXsponR570.9us90g027900	MYB	TFF
SoffiXsponR570.9us90g030800	MYB-related	TFF
SoffiXsponR570.9us90g030800	MYB	TFF
SoffiXsponR570.9us90g032800	C2C2-Dof	TFF
SoffiXsponR570.9us90g034700	mTERF	OTR
SoffiXsponR570.9us90g035500	GRAS	TFF
SoffiXsponR570.9us90g035600	GRAS	TFF
SoffiXsponR570.9us90g035700	GRAS	TFF
SoffiXsponR570.9us90g038900	C2H2	TFF
SoffiXsponR570.9us90g042400	C2H2	TFF
SoffiXsponR570.9us90g043900	MYB-related	TFF
SoffiXsponR570.9us90g044600	bHLH	TFF
SoffiXsponR570.9us90g045000	C2C2-Dof	TFF
SoffiXsponR570.9us90g046000	ABI3VP1	TFF
SoffiXsponR570.9us90g046100	ABI3VP1	TFF
SoffiXsponR570.9us90g046200	ABI3VP1	TFF
SoffiXsponR570.9us90g046400	ABI3VP1	TFF
SoffiXsponR570.9us90g047000	ABI3VP1	TFF
SoffiXsponR570.9us90g047200	ABI3VP1	TFF
SoffiXsponR570.9us90g047300	ABI3VP1	TFF
SoffiXsponR570.9us90g047400	ABI3VP1	TFF
SoffiXsponR570.9us90g047800	TAZ	TFF
SoffiXsponR570.9us90g050600	LIM	TFF
SoffiXsponR570.9us90g051800	WRKY	TFF
SoffiXsponR570.9us90g054000	AUX/IAA	OTR
SoffiXsponR570.9us90g054100	AUX/IAA	OTR
SoffiXsponR570.9us90g054200	bZIP	TFF
SoffiXsponR570.9us90g056600	CPP	TFF
SoffiXsponR570.9us90g056700	CPP	TFF
SoffiXsponR570.9us90g059500	bHLH	TFF
SoffiXsponR570.9us90g060400	NAC	TFF
SoffiXsponR570.9us90g060600	zf-LSD1	TFF
SoffiXsponR570.9us90g064500	CCAAT	TFF
SoffiXsponR570.9us90g064600	GRAS	TFF
SoffiXsponR570.9us90g064800	SET	OTR
SoffiXsponR570.9us90g065300	ARF	TFF
SoffiXsponR570.9us90g067700	TCP	TFF
SoffiXsponR570.9us90g069000	C2H2	TFF
SoffiXsponR570.9us90g070700	CCAAT	TFF
SoffiXsponR570.9us90g071700	C2C2-YABBY	TFF
SoffiXsponR570.9us90g075300	TFIID	TFF
SoffiXsponR570.9us90g075400	C2C2-GATA	TFF
