gene	Family	Type
SoffiXsponR570.01Ag001600	AP2-EREBP	TFF
SoffiXsponR570.01Ag002000	Sigma70-like	TFF
SoffiXsponR570.01Ag005800	WRKY	TFF
SoffiXsponR570.01Ag006800	HSF	TFF
SoffiXsponR570.01Ag016300	FAR1	TFF
SoffiXsponR570.01Ag019400	mTERF	OTR
SoffiXsponR570.01Ag019900	mTERF	OTR
SoffiXsponR570.01Ag028300	GRAS	TFF
SoffiXsponR570.01Ag034100	mTERF	OTR
SoffiXsponR570.01Ag034300	mTERF	OTR
SoffiXsponR570.01Ag036000	C2H2	TFF
SoffiXsponR570.01Ag037300	AP2-EREBP	TFF
SoffiXsponR570.01Ag040300	TFIIS	TFF
SoffiXsponR570.01Ag040800	NAC	TFF
SoffiXsponR570.01Ag051500	bHLH	TFF
SoffiXsponR570.01Ag053400	FHA	TFF
SoffiXsponR570.01Ag055500	WRKY	TFF
SoffiXsponR570.01Ag056000	AUX/IAA	OTR
SoffiXsponR570.01Ag058100	bZIP	TFF
SoffiXsponR570.01Ag058700	HSF	TFF
SoffiXsponR570.01Ag061100	GNAT	OTR
SoffiXsponR570.01Ag062900	TRAF	OTR
SoffiXsponR570.01Ag064000	C2C2-GATA	TFF
SoffiXsponR570.01Ag067900	mTERF	OTR
SoffiXsponR570.01Ag070100	bHLH	TFF
SoffiXsponR570.01Ag077200	HB	TFF
SoffiXsponR570.01Ag077300	MYB	TFF
SoffiXsponR570.01Ag077900	bZIP	TFF
SoffiXsponR570.01Ag078500	TRAF	OTR
SoffiXsponR570.01Ag080800	C2C2-Dof	TFF
SoffiXsponR570.01Ag081200	MYB-related	TFF
SoffiXsponR570.01Ag081300	SWI/SNF-BAF60b	OTR
SoffiXsponR570.01Ag081500	C2H2	TFF
SoffiXsponR570.01Ag083800	SWI/SNF-BAF60b	OTR
SoffiXsponR570.01Ag085500	WRKY	TFF
SoffiXsponR570.01Ag086600	WRKY	TFF
SoffiXsponR570.01Ag090000	MADS	TFF
SoffiXsponR570.01Ag090100	MADS	TFF
SoffiXsponR570.01Ag090800	PAS	TFF
SoffiXsponR570.01Ag091800	MYB-related	TFF
SoffiXsponR570.01Ag098700	AUX/IAA	OTR
SoffiXsponR570.01Ag099800	WRKY	TFF
SoffiXsponR570.01Ag099900	bHLH	TFF
SoffiXsponR570.01Ag104500	C2C2-GATA	TFF
SoffiXsponR570.01Ag106100	HB	TFF
SoffiXsponR570.01Ag107600	FHA	TFF
SoffiXsponR570.01Ag108400	BSD	TFF
SoffiXsponR570.01Ag108800	GRF	TFF
SoffiXsponR570.01Ag110500	HB	TFF
SoffiXsponR570.01Ag112200	Top	TFF
SoffiXsponR570.01Ag112400	bHLH	TFF
SoffiXsponR570.01Ag114600	MYB-related	TFF
SoffiXsponR570.01Ag115600	MYB	TFF
SoffiXsponR570.01Ag116100	PAS	TFF
SoffiXsponR570.01Ag117200	zf-HD	TFF
SoffiXsponR570.01Ag118700	PHD	OTR
SoffiXsponR570.01Ag122800	C2C2-CO-like	TFF
SoffiXsponR570.01Ag124700	GeBP	TFF
SoffiXsponR570.01Ag125800	GRAS	TFF
SoffiXsponR570.01Ag130900	GNAT	OTR
SoffiXsponR570.01Ag131900	C3H	TFF
SoffiXsponR570.01Ag132900	CCAAT	TFF
SoffiXsponR570.01Ag136800	C3H	TFF
SoffiXsponR570.01Ag139900	C2C2-GATA	TFF
SoffiXsponR570.01Ag141600	HB	TFF
SoffiXsponR570.01Ag141900	C2C2-GATA	TFF
SoffiXsponR570.01Ag144700	HB	TFF
SoffiXsponR570.01Ag145200	bHLH	TFF
SoffiXsponR570.01Ag145500	bHLH	TFF
SoffiXsponR570.01Ag147900	MYB-related	TFF
SoffiXsponR570.01Ag154200	WRKY	TFF
SoffiXsponR570.01Ag161400	CCAAT	TFF
SoffiXsponR570.01Ag166600	bHLH	TFF
SoffiXsponR570.01Ag170100	AUX/IAA	OTR
SoffiXsponR570.01Ag170200	AUX/IAA	OTR
SoffiXsponR570.01Ag170800	WRKY	TFF
SoffiXsponR570.01Ag172000	LIM	TFF
SoffiXsponR570.01Ag173100	NAC	TFF
SoffiXsponR570.01Ag173500	MYB-related	TFF
SoffiXsponR570.01Ag173700	ABI3VP1	TFF
SoffiXsponR570.01Ag174000	ABI3VP1	TFF
SoffiXsponR570.01Ag174200	ABI3VP1	TFF
SoffiXsponR570.01Ag174800	ABI3VP1	TFF
SoffiXsponR570.01Ag174900	ABI3VP1	TFF
SoffiXsponR570.01Ag175000	C2C2-Dof	TFF
SoffiXsponR570.01Ag175400	bHLH	TFF
SoffiXsponR570.01Ag175800	ABI3VP1	TFF
SoffiXsponR570.01Ag175900	ABI3VP1	TFF
SoffiXsponR570.01Ag177400	C2H2	TFF
SoffiXsponR570.01Ag178200	AP2-EREBP	TFF
SoffiXsponR570.01Ag182100	GRAS	TFF
SoffiXsponR570.01Ag183300	FAR1	TFF
SoffiXsponR570.01Ag184200	FHA	TFF
SoffiXsponR570.01Ag184600	mTERF	OTR
SoffiXsponR570.01Ag187100	C2C2-Dof	TFF
SoffiXsponR570.01Ag202400	SWI/SNF-BAF60b	OTR
SoffiXsponR570.01Ag206500	SET	OTR
SoffiXsponR570.01Ag211100	MYB	TFF
SoffiXsponR570.01Ag211700	GeBP	TFF
SoffiXsponR570.01Ag216900	FHA	TFF
SoffiXsponR570.01Ag220500	ARF	TFF
SoffiXsponR570.01Ag222000	ARF	TFF
SoffiXsponR570.01Ag224200	bHLH	TFF
SoffiXsponR570.01Ag231600	SAP	TFF
SoffiXsponR570.01Ag243800	TRAF	OTR
SoffiXsponR570.01Ag244900	HSF	TFF
SoffiXsponR570.01Ag247900	TRAF	OTR
SoffiXsponR570.01Ag253100	C2C2-Dof	TFF
SoffiXsponR570.01Ag258000	Tify	TFF
SoffiXsponR570.01Ag258400	Tify	TFF
SoffiXsponR570.01Ag258500	Tify	TFF
SoffiXsponR570.01Ag258600	Tify	TFF
SoffiXsponR570.01Ag262700	bHLH	TFF
SoffiXsponR570.01Ag263500	TIG	TFF
SoffiXsponR570.01Ag263900	AP2-EREBP	TFF
SoffiXsponR570.01Ag264900	GRAS	TFF
SoffiXsponR570.01Ag287000	zf-C5HC2	TFF
SoffiXsponR570.01Ag288300	MYB-related	TFF
SoffiXsponR570.01Ag289800	bHLH	TFF
SoffiXsponR570.01Ag290300	PLATZ	TFF
SoffiXsponR570.01Ag291900	MED26	OTR
SoffiXsponR570.01Ag295400	zf-LSD1	TFF
SoffiXsponR570.01Ag296200	SOH1	OTR
SoffiXsponR570.01Ag297000	MYB-related	TFF
SoffiXsponR570.01Ag297400	zf-LSD1	TFF
SoffiXsponR570.01Ag299000	MYB-related	TFF
SoffiXsponR570.01Ag299700	AP2-EREBP	TFF
SoffiXsponR570.01Ag300900	MYB-related	TFF
SoffiXsponR570.01Ag301300	AP2-EREBP	TFF
SoffiXsponR570.01Ag302500	C2C2-GATA	TFF
SoffiXsponR570.01Ag302600	Not1	TFF
SoffiXsponR570.01Ag302700	bHLH	TFF
SoffiXsponR570.01Ag302900	bHLH	TFF
SoffiXsponR570.01Ag315900	ABI3VP1	TFF
SoffiXsponR570.01Ag317100	HB	TFF
SoffiXsponR570.01Ag318800	bZIP	TFF
SoffiXsponR570.01Ag332400	C2H2	TFF
SoffiXsponR570.01Ag332500	C2H2	TFF
SoffiXsponR570.01Ag335000	WRKY	TFF
SoffiXsponR570.01Ag336200	C2H2	TFF
SoffiXsponR570.01Ag340700	CCAAT	TFF
SoffiXsponR570.01Ag341900	CCAAT	TFF
SoffiXsponR570.01Ag345400	Tify	TFF
SoffiXsponR570.01Ag347900	Top	TFF
SoffiXsponR570.01Ag352000	bHLH	TFF
SoffiXsponR570.01Ag353900	TIG	TFF
SoffiXsponR570.01Ag357100	SAP	TFF
SoffiXsponR570.01Ag358400	MYB	TFF
SoffiXsponR570.01Ag360900	MYB	TFF
SoffiXsponR570.01Ag363200	HSF	TFF
SoffiXsponR570.01Ag363800	MED26	OTR
SoffiXsponR570.01Ag365600	MYB-related	TFF
SoffiXsponR570.01Ag366000	mTERF	OTR
SoffiXsponR570.01Ag372100	Top	TFF
SoffiXsponR570.01Ag373900	TUB	TFF
SoffiXsponR570.01Ag376000	Jumonji	OTR
SoffiXsponR570.01Ag381900	OFP	TFF
SoffiXsponR570.01Ag383000	WRKY	TFF
SoffiXsponR570.01Ag386300	MYB-related	TFF
SoffiXsponR570.01Ag387600	NAC	TFF
SoffiXsponR570.01Ag387800	NAC	TFF
SoffiXsponR570.01Ag388900	MYB-related	TFF
SoffiXsponR570.01Ag389500	EIL	TFF
SoffiXsponR570.01Ag393600	bZIP	TFF
SoffiXsponR570.01Ag397700	PAS	TFF
SoffiXsponR570.01Ag399600	bZIP	TFF
SoffiXsponR570.01Ag401300	PHD	OTR
SoffiXsponR570.01Ag403200	C3H	TFF
SoffiXsponR570.01Ag408200	MYB	TFF
SoffiXsponR570.01Ag414400	Pseudo_ARR-B	OTR
SoffiXsponR570.01Ag422400	SART-1	OTR
SoffiXsponR570.01Ag423600	GRAS	TFF
SoffiXsponR570.01Ag425000	Sigma70-like	TFF
SoffiXsponR570.01Ag427400	LIM	TFF
SoffiXsponR570.01Ag428300	LIM	TFF
SoffiXsponR570.01Ag431100	GRAS	TFF
SoffiXsponR570.01Ag436200	FAR1	TFF
SoffiXsponR570.01Ag436700	Top	TFF
SoffiXsponR570.01Ag438400	CCAAT	TFF
SoffiXsponR570.01Ag445900	C2H2	TFF
SoffiXsponR570.01Ag450000	bHLH	TFF
SoffiXsponR570.01Ag451400	AP2-EREBP	TFF
SoffiXsponR570.01Ag454000	ARR-B	TFF
SoffiXsponR570.01Ag454000	MYB-related	TFF
SoffiXsponR570.01Ag455600	NAC	TFF
SoffiXsponR570.01Ag458800	C2C2-YABBY	TFF
SoffiXsponR570.01Ag461700	ABI3VP1	TFF
SoffiXsponR570.01Ag471300	C2H2	TFF
SoffiXsponR570.01Ag474200	GNAT	OTR
SoffiXsponR570.01Ag475100	GRAS	TFF
SoffiXsponR570.01Ag476400	AP2-EREBP	TFF
SoffiXsponR570.01Ag477200	TIG	TFF
SoffiXsponR570.01Ag478600	bHLH	TFF
SoffiXsponR570.01Ag482000	ABI3VP1	TFF
SoffiXsponR570.01Ag484700	Tify	TFF
SoffiXsponR570.01Ag484800	Tify	TFF
SoffiXsponR570.01Ag487200	GNAT	OTR
SoffiXsponR570.01Ag487700	AP2-EREBP	TFF
SoffiXsponR570.01Ag488800	CCAAT	TFF
SoffiXsponR570.01Ag491200	bHLH	TFF
SoffiXsponR570.01Ag492600	C2C2-Dof	TFF
SoffiXsponR570.01Ag496800	HB	TFF
SoffiXsponR570.01Ag498900	HSF	TFF
SoffiXsponR570.01Ag505200	Jumonji	OTR
SoffiXsponR570.01Ag505900	AP2-EREBP	TFF
SoffiXsponR570.01Ag509800	C2C2-GATA	TFF
SoffiXsponR570.01Ag518500	MYB-related	TFF
SoffiXsponR570.01Ag525200	MYB-related	TFF
SoffiXsponR570.01Ag528300	bZIP	TFF
SoffiXsponR570.01Ag529400	OFP	TFF
SoffiXsponR570.01Ag531400	HB	TFF
SoffiXsponR570.01Ag531800	HB	TFF
SoffiXsponR570.01Ag532700	MADS	TFF
SoffiXsponR570.01Ag533500	bHLH	TFF
SoffiXsponR570.01Ag534200	ABI3VP1	TFF
SoffiXsponR570.01Ag535500	NAC	TFF
SoffiXsponR570.01Ag542800	Trihelix	TFF
SoffiXsponR570.01Ag543300	SWI/SNF-BAF60b	OTR
SoffiXsponR570.01Ag546200	MYB-related	TFF
SoffiXsponR570.01Ag551200	Not1	TFF
SoffiXsponR570.01Bg002600	Sigma70-like	TFF
SoffiXsponR570.01Bg006300	WRKY	TFF
SoffiXsponR570.01Bg007000	HSF	TFF
SoffiXsponR570.01Bg019900	mTERF	OTR
SoffiXsponR570.01Bg020200	mTERF	OTR
SoffiXsponR570.01Bg027100	SBP	TFF
SoffiXsponR570.01Bg028200	GRAS	TFF
SoffiXsponR570.01Bg029700	C3H	TFF
SoffiXsponR570.01Bg034000	mTERF	OTR
SoffiXsponR570.01Bg034100	mTERF	OTR
SoffiXsponR570.01Bg034200	mTERF	OTR
SoffiXsponR570.01Bg035000	C2H2	TFF
SoffiXsponR570.01Bg035300	C2H2	TFF
SoffiXsponR570.01Bg036600	AP2-EREBP	TFF
SoffiXsponR570.01Bg039100	AP2-EREBP	TFF
SoffiXsponR570.01Bg039500	NAC	TFF
SoffiXsponR570.01Bg042700	mTERF	OTR
SoffiXsponR570.01Bg043000	bZIP	TFF
SoffiXsponR570.01Bg048200	DDT	OTR
SoffiXsponR570.01Bg049600	bHLH	TFF
SoffiXsponR570.01Bg051000	FHA	TFF
SoffiXsponR570.01Bg053100	AUX/IAA	OTR
SoffiXsponR570.01Bg053400	bHLH	TFF
SoffiXsponR570.01Bg053800	bZIP	TFF
SoffiXsponR570.01Bg054800	HSF	TFF
SoffiXsponR570.01Bg056900	GNAT	OTR
SoffiXsponR570.01Bg058300	TRAF	OTR
SoffiXsponR570.01Bg059000	FAR1	TFF
SoffiXsponR570.01Bg059300	C2C2-GATA	TFF
SoffiXsponR570.01Bg063600	mTERF	OTR
SoffiXsponR570.01Bg065400	bHLH	TFF
SoffiXsponR570.01Bg067400	FAR1	TFF
SoffiXsponR570.01Bg071500	HB	TFF
SoffiXsponR570.01Bg071700	MYB	TFF
SoffiXsponR570.01Bg072700	TRAF	OTR
SoffiXsponR570.01Bg075100	C2C2-Dof	TFF
SoffiXsponR570.01Bg075400	MYB-related	TFF
SoffiXsponR570.01Bg075800	C2H2	TFF
SoffiXsponR570.01Bg077700	SWI/SNF-BAF60b	OTR
SoffiXsponR570.01Bg079100	WRKY	TFF
SoffiXsponR570.01Bg080100	WRKY	TFF
SoffiXsponR570.01Bg083200	MADS	TFF
SoffiXsponR570.01Bg084000	PAS	TFF
SoffiXsponR570.01Bg084800	MYB-related	TFF
SoffiXsponR570.01Bg087500	PHD	OTR
SoffiXsponR570.01Bg091000	AUX/IAA	OTR
SoffiXsponR570.01Bg091900	WRKY	TFF
SoffiXsponR570.01Bg092000	bHLH	TFF
SoffiXsponR570.01Bg097800	HB	TFF
SoffiXsponR570.01Bg098800	FHA	TFF
SoffiXsponR570.01Bg099500	BSD	TFF
SoffiXsponR570.01Bg099800	GRF	TFF
SoffiXsponR570.01Bg100300	bHLH	TFF
SoffiXsponR570.01Bg101500	HB	TFF
SoffiXsponR570.01Bg102700	Top	TFF
SoffiXsponR570.01Bg102800	bHLH	TFF
SoffiXsponR570.01Bg104900	MYB-related	TFF
SoffiXsponR570.01Bg105100	CCAAT	TFF
SoffiXsponR570.01Bg106200	PAS	TFF
SoffiXsponR570.01Bg107500	zf-HD	TFF
SoffiXsponR570.01Bg112700	C2C2-CO-like	TFF
SoffiXsponR570.01Bg115300	GRAS	TFF
SoffiXsponR570.01Bg115700	TCP	TFF
SoffiXsponR570.01Bg121000	C3H	TFF
SoffiXsponR570.01Bg121600	CCAAT	TFF
SoffiXsponR570.01Bg128100	C2C2-GATA	TFF
SoffiXsponR570.01Bg129900	HB	TFF
SoffiXsponR570.01Bg132700	HB	TFF
SoffiXsponR570.01Bg133200	bHLH	TFF
SoffiXsponR570.01Bg133400	bHLH	TFF
SoffiXsponR570.01Bg136000	MYB-related	TFF
SoffiXsponR570.01Bg137600	GNAT	OTR
SoffiXsponR570.01Bg142700	NOT2_3_5	OTR
SoffiXsponR570.01Bg144200	C2C2-YABBY	TFF
SoffiXsponR570.01Bg145700	CCAAT	TFF
SoffiXsponR570.01Bg148200	MYB-related	TFF
SoffiXsponR570.01Bg150100	zf-LSD1	TFF
SoffiXsponR570.01Bg150700	bHLH	TFF
SoffiXsponR570.01Bg151500	CPP	TFF
SoffiXsponR570.01Bg153400	AUX/IAA	OTR
SoffiXsponR570.01Bg153500	AUX/IAA	OTR
SoffiXsponR570.01Bg154100	WRKY	TFF
SoffiXsponR570.01Bg155900	NAC	TFF
SoffiXsponR570.01Bg156100	MYB-related	TFF
SoffiXsponR570.01Bg156300	ABI3VP1	TFF
SoffiXsponR570.01Bg157100	ABI3VP1	TFF
SoffiXsponR570.01Bg157500	ABI3VP1	TFF
SoffiXsponR570.01Bg157800	ABI3VP1	TFF
SoffiXsponR570.01Bg159000	ABI3VP1	TFF
SoffiXsponR570.01Bg161200	AP2-EREBP	TFF
SoffiXsponR570.01Bg166300	FHA	TFF
SoffiXsponR570.01Bg169900	MADS	TFF
SoffiXsponR570.01Bg181700	Trihelix	TFF
SoffiXsponR570.01Bg183600	SWI/SNF-BAF60b	OTR
SoffiXsponR570.01Bg193900	Top	TFF
SoffiXsponR570.01Bg199600	FHA	TFF
SoffiXsponR570.01Bg212000	Top	TFF
SoffiXsponR570.01Bg222500	E2F-DP	TFF
SoffiXsponR570.01Bg226800	TRAF	OTR
SoffiXsponR570.01Bg228000	HSF	TFF
SoffiXsponR570.01Bg231900	TRAF	OTR
SoffiXsponR570.01Bg232100	TRAF	OTR
SoffiXsponR570.01Bg232300	TRAF	OTR
SoffiXsponR570.01Bg238200	C2C2-Dof	TFF
SoffiXsponR570.01Bg242400	Tify	TFF
SoffiXsponR570.01Bg242500	Tify	TFF
SoffiXsponR570.01Bg242800	Tify	TFF
SoffiXsponR570.01Bg243000	Tify	TFF
SoffiXsponR570.01Bg246400	bHLH	TFF
SoffiXsponR570.01Bg247000	TIG	TFF
SoffiXsponR570.01Bg247400	AP2-EREBP	TFF
SoffiXsponR570.01Bg248100	GRAS	TFF
SoffiXsponR570.01Bg266000	zf-BED	TFF
SoffiXsponR570.01Bg270800	zf-C5HC2	TFF
SoffiXsponR570.01Bg273700	bHLH	TFF
SoffiXsponR570.01Bg274100	PLATZ	TFF
SoffiXsponR570.01Bg275400	MED26	OTR
SoffiXsponR570.01Bg275700	MED26	OTR
SoffiXsponR570.01Bg276500	NAC	TFF
SoffiXsponR570.01Bg276900	MYB-related	TFF
SoffiXsponR570.01Bg277500	AP2-EREBP	TFF
SoffiXsponR570.01Bg278500	MYB-related	TFF
SoffiXsponR570.01Bg279000	AP2-EREBP	TFF
SoffiXsponR570.01Bg280400	C2C2-GATA	TFF
SoffiXsponR570.01Bg280500	Not1	TFF
SoffiXsponR570.01Bg280900	bHLH	TFF
SoffiXsponR570.01Bg295500	ABI3VP1	TFF
SoffiXsponR570.01Bg296700	HB	TFF
SoffiXsponR570.01Bg298000	SWI/SNF-SWI3	OTR
SoffiXsponR570.01Bg298100	NAC	TFF
SoffiXsponR570.01Bg298200	bZIP	TFF
SoffiXsponR570.01Bg302900	C2H2	TFF
SoffiXsponR570.01Bg303000	C2H2	TFF
SoffiXsponR570.01Bg305600	WRKY	TFF
SoffiXsponR570.01Bg307100	MYB-related	TFF
SoffiXsponR570.01Bg310800	CCAAT	TFF
SoffiXsponR570.01Bg316000	bHLH	TFF
SoffiXsponR570.01Bg316600	Jumonji	OTR
SoffiXsponR570.01Bg316900	zf-LSD1	TFF
SoffiXsponR570.01Bg317600	TIG	TFF
SoffiXsponR570.01Bg320200	CCAAT	TFF
SoffiXsponR570.01Bg323900	Tify	TFF
SoffiXsponR570.01Bg329300	Top	TFF
SoffiXsponR570.01Bg333200	Jumonji	OTR
SoffiXsponR570.01Bg339700	WRKY	TFF
SoffiXsponR570.01Bg343300	MYB-related	TFF
SoffiXsponR570.01Bg344000	FAR1	TFF
SoffiXsponR570.01Bg345100	NAC	TFF
SoffiXsponR570.01Bg345400	NAC	TFF
SoffiXsponR570.01Bg346400	MYB-related	TFF
SoffiXsponR570.01Bg347100	EIL	TFF
SoffiXsponR570.01Bg350800	bZIP	TFF
SoffiXsponR570.01Bg358800	PHD	OTR
SoffiXsponR570.01Bg360200	PHD	OTR
SoffiXsponR570.01Bg371400	Pseudo_ARR-B	OTR
SoffiXsponR570.01Bg378900	SART-1	OTR
SoffiXsponR570.01Bg381400	Sigma70-like	TFF
SoffiXsponR570.01Bg383200	LIM	TFF
SoffiXsponR570.01Bg384300	LIM	TFF
SoffiXsponR570.01Bg386800	AP2-EREBP	TFF
SoffiXsponR570.01Bg391600	FAR1	TFF
SoffiXsponR570.01Bg392200	Top	TFF
SoffiXsponR570.01Bg393800	CCAAT	TFF
SoffiXsponR570.01Bg399900	MYB-related	TFF
SoffiXsponR570.01Bg400400	bZIP	TFF
SoffiXsponR570.01Bg401800	C2H2	TFF
SoffiXsponR570.01Bg406500	bHLH	TFF
SoffiXsponR570.01Bg410200	HSF	TFF
SoffiXsponR570.01Bg410500	ARR-B	TFF
SoffiXsponR570.01Bg410500	MYB-related	TFF
SoffiXsponR570.01Bg415300	C2C2-YABBY	TFF
SoffiXsponR570.01Bg418200	MYB-related	TFF
SoffiXsponR570.01Bg418300	ABI3VP1	TFF
SoffiXsponR570.01Bg428600	OFP	TFF
SoffiXsponR570.01Bg428800	C2H2	TFF
SoffiXsponR570.01Bg431700	GNAT	OTR
SoffiXsponR570.01Bg432800	GRAS	TFF
SoffiXsponR570.01Bg434500	AP2-EREBP	TFF
SoffiXsponR570.01Bg439200	Tify	TFF
SoffiXsponR570.01Bg439300	Tify	TFF
SoffiXsponR570.01Bg441600	GNAT	OTR
SoffiXsponR570.01Bg442700	CCAAT	TFF
SoffiXsponR570.01Bg444700	bHLH	TFF
SoffiXsponR570.01Bg446000	C2C2-Dof	TFF
SoffiXsponR570.01Bg447100	SET	OTR
SoffiXsponR570.01Bg449800	HB	TFF
SoffiXsponR570.01Bg452000	HSF	TFF
SoffiXsponR570.01Bg457200	E2F-DP	TFF
SoffiXsponR570.01Bg457800	Top	TFF
SoffiXsponR570.01Bg458700	AP2-EREBP	TFF
SoffiXsponR570.01Bg464800	MYB	TFF
SoffiXsponR570.01Bg468700	MYB-related	TFF
SoffiXsponR570.01Bg471600	NAC	TFF
SoffiXsponR570.01Bg478100	FHA	TFF
SoffiXsponR570.01Bg478200	bZIP	TFF
SoffiXsponR570.01Bg478400	NAC	TFF
SoffiXsponR570.01Bg481200	HB	TFF
SoffiXsponR570.01Bg481500	HB	TFF
SoffiXsponR570.01Bg482700	bHLH	TFF
SoffiXsponR570.01Bg492500	SWI/SNF-BAF60b	OTR
SoffiXsponR570.01Bg500300	Not1	TFF
SoffiXsponR570.01Cg003100	Sigma70-like	TFF
SoffiXsponR570.01Cg006600	WRKY	TFF
SoffiXsponR570.01Cg007400	HSF	TFF
SoffiXsponR570.01Cg012600	C2C2-GATA	TFF
SoffiXsponR570.01Cg016700	GRAS	TFF
SoffiXsponR570.01Cg020000	TFIIS	TFF
SoffiXsponR570.01Cg025100	bZIP	TFF
SoffiXsponR570.01Cg027900	AUX/IAA	OTR
SoffiXsponR570.01Cg028900	bZIP	TFF
SoffiXsponR570.01Cg029700	HSF	TFF
SoffiXsponR570.01Cg032000	GNAT	OTR
SoffiXsponR570.01Cg032100	GNAT	OTR
SoffiXsponR570.01Cg034100	TRAF	OTR
SoffiXsponR570.01Cg034700	zf-A20	TFF
SoffiXsponR570.01Cg035100	C2C2-GATA	TFF
SoffiXsponR570.01Cg036500	mTERF	OTR
SoffiXsponR570.01Cg038200	bHLH	TFF
SoffiXsponR570.01Cg039000	GeBP	TFF
SoffiXsponR570.01Cg040300	FAR1	TFF
SoffiXsponR570.01Cg040800	NAC	TFF
SoffiXsponR570.01Cg045000	HB	TFF
SoffiXsponR570.01Cg045100	MYB	TFF
SoffiXsponR570.01Cg045800	TRAF	OTR
SoffiXsponR570.01Cg046400	bHLH	TFF
SoffiXsponR570.01Cg050300	C2C2-GATA	TFF
SoffiXsponR570.01Cg052300	HB	TFF
SoffiXsponR570.01Cg053200	FHA	TFF
SoffiXsponR570.01Cg053800	BSD	TFF
SoffiXsponR570.01Cg054300	GRF	TFF
SoffiXsponR570.01Cg055000	bHLH	TFF
SoffiXsponR570.01Cg056200	HB	TFF
SoffiXsponR570.01Cg056400	HB	TFF
SoffiXsponR570.01Cg057800	Top	TFF
SoffiXsponR570.01Cg057900	bHLH	TFF
SoffiXsponR570.01Cg059100	GRAS	TFF
SoffiXsponR570.01Cg059500	MYB-related	TFF
SoffiXsponR570.01Cg061000	PAS	TFF
SoffiXsponR570.01Cg061800	zf-HD	TFF
SoffiXsponR570.01Cg063100	PHD	OTR
SoffiXsponR570.01Cg064000	FAR1	TFF
SoffiXsponR570.01Cg069000	GeBP	TFF
SoffiXsponR570.01Cg070100	GRAS	TFF
SoffiXsponR570.01Cg075800	GNAT	OTR
SoffiXsponR570.01Cg076700	C3H	TFF
SoffiXsponR570.01Cg079100	ARF	TFF
SoffiXsponR570.01Cg089100	MYB-related	TFF
SoffiXsponR570.01Cg089300	MYB-related	TFF
SoffiXsponR570.01Cg090800	E2F-DP	TFF
SoffiXsponR570.01Cg095500	HSF	TFF
SoffiXsponR570.01Cg097500	TRAF	OTR
SoffiXsponR570.01Cg097600	TRAF	OTR
SoffiXsponR570.01Cg098900	zf-BED	TFF
SoffiXsponR570.01Cg099400	GNAT	OTR
SoffiXsponR570.01Cg101500	SET	OTR
SoffiXsponR570.01Cg102500	C2C2-Dof	TFF
SoffiXsponR570.01Cg107300	Tify	TFF
SoffiXsponR570.01Cg107400	Tify	TFF
SoffiXsponR570.01Cg107500	Tify	TFF
SoffiXsponR570.01Cg107600	Tify	TFF
SoffiXsponR570.01Cg112100	AP2-EREBP	TFF
SoffiXsponR570.01Cg113000	GRAS	TFF
SoffiXsponR570.01Cg132000	bHLH	TFF
SoffiXsponR570.01Cg137600	zf-C5HC2	TFF
SoffiXsponR570.01Cg140200	bHLH	TFF
SoffiXsponR570.01Cg140600	PLATZ	TFF
SoffiXsponR570.01Cg141900	MED26	OTR
SoffiXsponR570.01Cg142200	MED26	OTR
SoffiXsponR570.01Cg145300	SOH1	OTR
SoffiXsponR570.01Cg146200	MYB-related	TFF
SoffiXsponR570.01Cg148200	MYB-related	TFF
SoffiXsponR570.01Cg148700	AP2-EREBP	TFF
SoffiXsponR570.01Cg150000	C2C2-GATA	TFF
SoffiXsponR570.01Cg150100	Not1	TFF
SoffiXsponR570.01Cg150300	bHLH	TFF
SoffiXsponR570.01Cg165600	MADS	TFF
SoffiXsponR570.01Cg166000	HB	TFF
SoffiXsponR570.01Cg167400	SWI/SNF-SWI3	OTR
SoffiXsponR570.01Cg167600	bZIP	TFF
SoffiXsponR570.01Cg171500	AP2-EREBP	TFF
SoffiXsponR570.01Cg177000	GNAT	OTR
SoffiXsponR570.01Cg180400	C2H2	TFF
SoffiXsponR570.01Cg184000	C2H2	TFF
SoffiXsponR570.01Cg184100	MYB-related	TFF
SoffiXsponR570.01Cg188900	CCAAT	TFF
SoffiXsponR570.01Cg189900	GRAS	TFF
SoffiXsponR570.01Cg192300	Tify	TFF
SoffiXsponR570.01Cg199000	bHLH	TFF
SoffiXsponR570.01Cg200600	TIG	TFF
SoffiXsponR570.01Cg203700	SAP	TFF
SoffiXsponR570.01Cg204800	bHLH	TFF
SoffiXsponR570.01Cg205100	MYB	TFF
SoffiXsponR570.01Cg208100	MYB	TFF
SoffiXsponR570.01Cg209000	GeBP	TFF
SoffiXsponR570.01Cg210600	HSF	TFF
SoffiXsponR570.01Cg211300	MED26	OTR
SoffiXsponR570.01Cg213600	MYB-related	TFF
SoffiXsponR570.01Cg213900	mTERF	OTR
SoffiXsponR570.01Cg219700	Top	TFF
SoffiXsponR570.01Cg223700	Jumonji	OTR
SoffiXsponR570.01Cg230800	WRKY	TFF
SoffiXsponR570.01Cg234200	MYB-related	TFF
SoffiXsponR570.01Cg235500	NAC	TFF
SoffiXsponR570.01Cg235700	NAC	TFF
SoffiXsponR570.01Cg237000	MYB-related	TFF
SoffiXsponR570.01Cg237700	EIL	TFF
SoffiXsponR570.01Cg239200	WRKY	TFF
SoffiXsponR570.01Cg241100	bZIP	TFF
SoffiXsponR570.01Cg245000	PAS	TFF
SoffiXsponR570.01Cg246100	SET	OTR
SoffiXsponR570.01Cg248500	PHD	OTR
SoffiXsponR570.01Cg248600	MYB	TFF
SoffiXsponR570.01Cg262200	Pseudo_ARR-B	OTR
SoffiXsponR570.01Cg267100	CCAAT	TFF
SoffiXsponR570.01Cg269500	C2C2-Dof	TFF
SoffiXsponR570.01Cg269700	SART-1	OTR
SoffiXsponR570.01Cg269900	SART-1	OTR
SoffiXsponR570.01Cg271400	GRAS	TFF
SoffiXsponR570.01Cg272700	Sigma70-like	TFF
SoffiXsponR570.01Cg274500	LIM	TFF
SoffiXsponR570.01Cg275300	LIM	TFF
SoffiXsponR570.01Cg277900	GRAS	TFF
SoffiXsponR570.01Cg283000	FAR1	TFF
SoffiXsponR570.01Cg285300	CCAAT	TFF
SoffiXsponR570.01Cg290900	MYB-related	TFF
SoffiXsponR570.01Cg302400	ARR-B	TFF
SoffiXsponR570.01Cg302400	MYB-related	TFF
SoffiXsponR570.01Cg304000	NAC	TFF
SoffiXsponR570.01Cg306200	MADS	TFF
SoffiXsponR570.01Cg306300	C2C2-YABBY	TFF
SoffiXsponR570.01Cg309500	MYB-related	TFF
SoffiXsponR570.01Cg309600	ABI3VP1	TFF
SoffiXsponR570.01Cg325200	AP2-EREBP	TFF
SoffiXsponR570.01Cg325900	TIG	TFF
SoffiXsponR570.01Cg327300	bHLH	TFF
SoffiXsponR570.01Cg329000	MADS	TFF
SoffiXsponR570.01Cg331400	AP2-EREBP	TFF
SoffiXsponR570.01Cg332900	Tify	TFF
SoffiXsponR570.01Cg333000	Tify	TFF
SoffiXsponR570.01Cg336100	AP2-EREBP	TFF
SoffiXsponR570.01Cg336900	CCAAT	TFF
SoffiXsponR570.01Cg338800	bHLH	TFF
SoffiXsponR570.01Cg340100	C2C2-Dof	TFF
SoffiXsponR570.01Cg344700	HB	TFF
SoffiXsponR570.01Cg348000	HSF	TFF
SoffiXsponR570.01Cg354000	E2F-DP	TFF
SoffiXsponR570.01Cg354700	Jumonji	OTR
SoffiXsponR570.01Cg365500	MYB-related	TFF
SoffiXsponR570.01Cg366500	bHLH	TFF
SoffiXsponR570.01Cg368400	NAC	TFF
SoffiXsponR570.01Cg370600	RWP-RK	TFF
SoffiXsponR570.01Cg372200	MYB-related	TFF
SoffiXsponR570.01Cg375100	NAC	TFF
SoffiXsponR570.01Cg375600	OFP	TFF
SoffiXsponR570.01Cg377700	HB	TFF
SoffiXsponR570.01Cg378000	HB	TFF
SoffiXsponR570.01Cg378100	Top	TFF
SoffiXsponR570.01Cg378500	MADS	TFF
SoffiXsponR570.01Cg380000	ABI3VP1	TFF
SoffiXsponR570.01Cg393600	GRAS	TFF
SoffiXsponR570.01Cg394600	Not1	TFF
SoffiXsponR570.01Dg000100	C3H	TFF
SoffiXsponR570.01Dg003300	mTERF	OTR
SoffiXsponR570.01Dg004800	mTERF	OTR
SoffiXsponR570.01Dg004900	mTERF	OTR
SoffiXsponR570.01Dg005800	C2H2	TFF
SoffiXsponR570.01Dg006000	C2H2	TFF
SoffiXsponR570.01Dg007200	AP2-EREBP	TFF
SoffiXsponR570.01Dg010200	AP2-EREBP	TFF
SoffiXsponR570.01Dg010600	NAC	TFF
SoffiXsponR570.01Dg011900	bHLH	TFF
SoffiXsponR570.01Dg014300	bZIP	TFF
SoffiXsponR570.01Dg015700	NAC	TFF
SoffiXsponR570.01Dg023000	AUX/IAA	OTR
SoffiXsponR570.01Dg024000	WRKY	TFF
SoffiXsponR570.01Dg024200	bHLH	TFF
SoffiXsponR570.01Dg030500	HB	TFF
SoffiXsponR570.01Dg031400	HB	TFF
SoffiXsponR570.01Dg032000	bHLH	TFF
SoffiXsponR570.01Dg034700	MYB-related	TFF
SoffiXsponR570.01Dg034800	MYB-related	TFF
SoffiXsponR570.01Dg034900	MYB-related	TFF
SoffiXsponR570.01Dg043600	C2C2-YABBY	TFF
SoffiXsponR570.01Dg046000	MYB-related	TFF
SoffiXsponR570.01Dg048000	bHLH	TFF
SoffiXsponR570.01Dg048700	CPP	TFF
SoffiXsponR570.01Dg050500	AUX/IAA	OTR
SoffiXsponR570.01Dg050600	AUX/IAA	OTR
SoffiXsponR570.01Dg052300	LIM	TFF
SoffiXsponR570.01Dg053400	NAC	TFF
SoffiXsponR570.01Dg055300	MYB-related	TFF
SoffiXsponR570.01Dg055500	ABI3VP1	TFF
SoffiXsponR570.01Dg055900	ABI3VP1	TFF
SoffiXsponR570.01Dg056700	ABI3VP1	TFF
SoffiXsponR570.01Dg057000	ABI3VP1	TFF
SoffiXsponR570.01Dg057200	ABI3VP1	TFF
SoffiXsponR570.01Dg057300	ABI3VP1	TFF
SoffiXsponR570.01Dg057500	ABI3VP1	TFF
SoffiXsponR570.01Dg057600	C2C2-Dof	TFF
SoffiXsponR570.01Dg058000	bHLH	TFF
SoffiXsponR570.01Dg058300	ABI3VP1	TFF
SoffiXsponR570.01Dg058400	ABI3VP1	TFF
SoffiXsponR570.01Dg060600	AP2-EREBP	TFF
SoffiXsponR570.01Dg064900	Jumonji	OTR
SoffiXsponR570.01Dg065900	FHA	TFF
SoffiXsponR570.01Dg069900	GRAS	TFF
SoffiXsponR570.01Dg084800	ARF	TFF
SoffiXsponR570.01Dg093500	FHA	TFF
SoffiXsponR570.01Dg096300	ARR-B	TFF
SoffiXsponR570.01Dg096700	SAP	TFF
SoffiXsponR570.01Dg102300	MYB-related	TFF
SoffiXsponR570.01Dg102400	MYB-related	TFF
SoffiXsponR570.01Dg104200	E2F-DP	TFF
SoffiXsponR570.01Dg107400	TFIID	TFF
SoffiXsponR570.01Dg109500	HSF	TFF
SoffiXsponR570.01Dg115300	SET	OTR
SoffiXsponR570.01Dg116600	C2C2-Dof	TFF
SoffiXsponR570.01Dg121700	Tify	TFF
SoffiXsponR570.01Dg121800	Tify	TFF
SoffiXsponR570.01Dg122300	Tify	TFF
SoffiXsponR570.01Dg122400	Tify	TFF
SoffiXsponR570.01Dg122700	SAP	TFF
SoffiXsponR570.01Dg126600	TIG	TFF
SoffiXsponR570.01Dg127500	GRAS	TFF
SoffiXsponR570.01Dg141900	bHLH	TFF
SoffiXsponR570.01Dg142000	bHLH	TFF
SoffiXsponR570.01Dg147300	zf-C5HC2	TFF
SoffiXsponR570.01Dg150600	bHLH	TFF
SoffiXsponR570.01Dg151200	PLATZ	TFF
SoffiXsponR570.01Dg152800	MED26	OTR
SoffiXsponR570.01Dg153000	MED26	OTR
SoffiXsponR570.01Dg153600	NAC	TFF
SoffiXsponR570.01Dg153900	NAC	TFF
SoffiXsponR570.01Dg156500	zf-LSD1	TFF
SoffiXsponR570.01Dg158100	MYB-related	TFF
SoffiXsponR570.01Dg158700	AP2-EREBP	TFF
SoffiXsponR570.01Dg159600	MYB-related	TFF
SoffiXsponR570.01Dg161700	C2C2-GATA	TFF
SoffiXsponR570.01Dg161800	Not1	TFF
SoffiXsponR570.01Dg161900	bHLH	TFF
SoffiXsponR570.01Dg178200	HB	TFF
SoffiXsponR570.01Dg179800	SWI/SNF-SWI3	OTR
SoffiXsponR570.01Dg179900	NAC	TFF
SoffiXsponR570.01Dg180000	bZIP	TFF
SoffiXsponR570.01Dg188400	GNAT	OTR
SoffiXsponR570.01Dg191900	C2H2	TFF
SoffiXsponR570.01Dg192000	C2H2	TFF
SoffiXsponR570.01Dg194400	WRKY	TFF
SoffiXsponR570.01Dg195500	C2H2	TFF
SoffiXsponR570.01Dg195700	MYB-related	TFF
SoffiXsponR570.01Dg199600	CCAAT	TFF
SoffiXsponR570.01Dg201100	CCAAT	TFF
SoffiXsponR570.01Dg203000	Tify	TFF
SoffiXsponR570.01Dg209700	bHLH	TFF
SoffiXsponR570.01Dg210300	Jumonji	OTR
SoffiXsponR570.01Dg210500	zf-LSD1	TFF
SoffiXsponR570.01Dg211400	TIG	TFF
SoffiXsponR570.01Dg214100	SAP	TFF
SoffiXsponR570.01Dg215500	MYB	TFF
SoffiXsponR570.01Dg220800	HSF	TFF
SoffiXsponR570.01Dg221600	MED26	OTR
SoffiXsponR570.01Dg223400	MYB-related	TFF
SoffiXsponR570.01Dg223600	mTERF	OTR
SoffiXsponR570.01Dg231000	TUB	TFF
SoffiXsponR570.01Dg232900	Jumonji	OTR
SoffiXsponR570.01Dg238300	OFP	TFF
SoffiXsponR570.01Dg239400	WRKY	TFF
SoffiXsponR570.01Dg242200	MYB-related	TFF
SoffiXsponR570.01Dg243900	NAC	TFF
SoffiXsponR570.01Dg244800	MYB-related	TFF
SoffiXsponR570.01Dg245300	EIL	TFF
SoffiXsponR570.01Dg246700	WRKY	TFF
SoffiXsponR570.01Dg248300	bZIP	TFF
SoffiXsponR570.01Dg249200	MYB	TFF
SoffiXsponR570.01Dg249400	MYB	TFF
SoffiXsponR570.01Dg252500	PAS	TFF
SoffiXsponR570.01Dg253500	SET	OTR
SoffiXsponR570.01Dg255900	PHD	OTR
SoffiXsponR570.01Dg256000	MYB	TFF
SoffiXsponR570.01Dg257500	C3H	TFF
SoffiXsponR570.01Dg262500	MYB	TFF
SoffiXsponR570.01Dg269000	Pseudo_ARR-B	OTR
SoffiXsponR570.01Dg276400	C2C2-Dof	TFF
SoffiXsponR570.01Dg277700	GRAS	TFF
SoffiXsponR570.01Dg279000	Sigma70-like	TFF
SoffiXsponR570.01Dg281000	LIM	TFF
SoffiXsponR570.01Dg282100	LIM	TFF
SoffiXsponR570.01Dg289400	FAR1	TFF
SoffiXsponR570.01Dg289900	Top	TFF
SoffiXsponR570.01Dg291600	CCAAT	TFF
SoffiXsponR570.01Dg296900	MYB-related	TFF
SoffiXsponR570.01Dg302100	bHLH	TFF
SoffiXsponR570.01Dg303700	AP2-EREBP	TFF
SoffiXsponR570.01Dg306500	HSF	TFF
SoffiXsponR570.01Dg306800	ARR-B	TFF
SoffiXsponR570.01Dg306800	MYB-related	TFF
SoffiXsponR570.01Dg311500	C2C2-YABBY	TFF
SoffiXsponR570.01Dg314300	MYB-related	TFF
SoffiXsponR570.01Dg314400	ABI3VP1	TFF
SoffiXsponR570.01Dg326000	GNAT	OTR
SoffiXsponR570.01Dg326700	GRAS	TFF
SoffiXsponR570.01Dg328100	AP2-EREBP	TFF
SoffiXsponR570.01Dg328800	TIG	TFF
SoffiXsponR570.01Dg331900	MADS	TFF
SoffiXsponR570.01Dg333700	AP2-EREBP	TFF
SoffiXsponR570.01Dg333900	AP2-EREBP	TFF
SoffiXsponR570.01Dg335100	Tify	TFF
SoffiXsponR570.01Dg335200	Tify	TFF
SoffiXsponR570.01Dg337300	GNAT	OTR
SoffiXsponR570.01Dg337700	AP2-EREBP	TFF
SoffiXsponR570.01Dg338400	CCAAT	TFF
SoffiXsponR570.01Dg340400	bHLH	TFF
SoffiXsponR570.01Dg342100	C2C2-Dof	TFF
SoffiXsponR570.01Dg343300	SET	OTR
SoffiXsponR570.01Dg346200	HB	TFF
SoffiXsponR570.01Dg348100	HSF	TFF
SoffiXsponR570.01Dg354400	Top	TFF
SoffiXsponR570.01Dg355200	AP2-EREBP	TFF
SoffiXsponR570.01Dg365400	MYB-related	TFF
SoffiXsponR570.01Dg366400	bHLH	TFF
SoffiXsponR570.01Dg368300	NAC	TFF
SoffiXsponR570.01Dg369900	RWP-RK	TFF
SoffiXsponR570.01Dg372000	MYB-related	TFF
SoffiXsponR570.01Dg374900	FHA	TFF
SoffiXsponR570.01Dg375000	bZIP	TFF
SoffiXsponR570.01Dg375900	OFP	TFF
SoffiXsponR570.01Dg377800	HB	TFF
SoffiXsponR570.01Dg378100	HB	TFF
SoffiXsponR570.01Dg378200	Top	TFF
SoffiXsponR570.01Dg378800	MADS	TFF
SoffiXsponR570.01Dg379500	bHLH	TFF
SoffiXsponR570.01Dg381400	NAC	TFF
SoffiXsponR570.01Dg383300	AP2-EREBP	TFF
SoffiXsponR570.01Dg387100	Trihelix	TFF
SoffiXsponR570.01Dg387800	SWI/SNF-BAF60b	OTR
SoffiXsponR570.01Dg396000	Not1	TFF
SoffiXsponR570.01Eg001400	AP2-EREBP	TFF
SoffiXsponR570.01Eg002100	Sigma70-like	TFF
SoffiXsponR570.01Eg006600	HSF	TFF
SoffiXsponR570.01Eg020200	mTERF	OTR
SoffiXsponR570.01Eg020800	mTERF	OTR
SoffiXsponR570.01Eg020900	C2H2	TFF
SoffiXsponR570.01Eg027700	SBP	TFF
SoffiXsponR570.01Eg030100	C3H	TFF
SoffiXsponR570.01Eg034700	mTERF	OTR
SoffiXsponR570.01Eg034900	mTERF	OTR
SoffiXsponR570.01Eg036300	C2H2	TFF
SoffiXsponR570.01Eg040400	TFIIS	TFF
SoffiXsponR570.01Eg040500	AP2-EREBP	TFF
SoffiXsponR570.01Eg041000	NAC	TFF
SoffiXsponR570.01Eg044700	mTERF	OTR
SoffiXsponR570.01Eg044900	bZIP	TFF
SoffiXsponR570.01Eg051000	DDT	OTR
SoffiXsponR570.01Eg054400	FHA	TFF
SoffiXsponR570.01Eg056400	WRKY	TFF
SoffiXsponR570.01Eg058700	bHLH	TFF
SoffiXsponR570.01Eg059300	bZIP	TFF
SoffiXsponR570.01Eg060200	HSF	TFF
SoffiXsponR570.01Eg062400	GNAT	OTR
SoffiXsponR570.01Eg062900	GNAT	OTR
SoffiXsponR570.01Eg064400	TRAF	OTR
SoffiXsponR570.01Eg065600	C2C2-GATA	TFF
SoffiXsponR570.01Eg069100	TCP	TFF
SoffiXsponR570.01Eg069500	mTERF	OTR
SoffiXsponR570.01Eg071800	bHLH	TFF
SoffiXsponR570.01Eg072700	GeBP	TFF
SoffiXsponR570.01Eg074400	FAR1	TFF
SoffiXsponR570.01Eg074900	NAC	TFF
SoffiXsponR570.01Eg078900	HB	TFF
SoffiXsponR570.01Eg079100	MYB	TFF
SoffiXsponR570.01Eg079500	AP2-EREBP	TFF
SoffiXsponR570.01Eg079700	bZIP	TFF
SoffiXsponR570.01Eg080400	TRAF	OTR
SoffiXsponR570.01Eg083000	C2C2-Dof	TFF
SoffiXsponR570.01Eg083200	MYB-related	TFF
SoffiXsponR570.01Eg083300	SWI/SNF-BAF60b	OTR
SoffiXsponR570.01Eg083700	C2H2	TFF
SoffiXsponR570.01Eg085500	SWI/SNF-BAF60b	OTR
SoffiXsponR570.01Eg088000	WRKY	TFF
SoffiXsponR570.01Eg090900	MADS	TFF
SoffiXsponR570.01Eg091000	MADS	TFF
SoffiXsponR570.01Eg091800	PAS	TFF
SoffiXsponR570.01Eg092700	MYB-related	TFF
SoffiXsponR570.01Eg095600	PHD	OTR
SoffiXsponR570.01Eg097000	Top	TFF
SoffiXsponR570.01Eg097800	HSF	TFF
SoffiXsponR570.01Eg100000	WRKY	TFF
SoffiXsponR570.01Eg100100	bHLH	TFF
SoffiXsponR570.01Eg104400	C2C2-GATA	TFF
SoffiXsponR570.01Eg106100	HB	TFF
SoffiXsponR570.01Eg108800	GRF	TFF
SoffiXsponR570.01Eg110500	HB	TFF
SoffiXsponR570.01Eg110700	HB	TFF
SoffiXsponR570.01Eg111900	bHLH	TFF
SoffiXsponR570.01Eg114300	MYB-related	TFF
SoffiXsponR570.01Eg116300	PAS	TFF
SoffiXsponR570.01Eg116500	MYB-related	TFF
SoffiXsponR570.01Eg117400	zf-HD	TFF
SoffiXsponR570.01Eg118600	PHD	OTR
SoffiXsponR570.01Eg122600	C2C2-CO-like	TFF
SoffiXsponR570.01Eg125300	GRAS	TFF
SoffiXsponR570.01Eg130600	GNAT	OTR
SoffiXsponR570.01Eg131600	C3H	TFF
SoffiXsponR570.01Eg132600	CCAAT	TFF
SoffiXsponR570.01Eg136500	C3H	TFF
SoffiXsponR570.01Eg139300	C2C2-GATA	TFF
SoffiXsponR570.01Eg141200	HB	TFF
SoffiXsponR570.01Eg141300	HB	TFF
SoffiXsponR570.01Eg141800	WRKY	TFF
SoffiXsponR570.01Eg144500	HB	TFF
SoffiXsponR570.01Eg145100	bHLH	TFF
SoffiXsponR570.01Eg145400	bHLH	TFF
SoffiXsponR570.01Eg147300	MYB-related	TFF
SoffiXsponR570.01Eg152200	WRKY	TFF
SoffiXsponR570.01Eg152300	WRKY	TFF
SoffiXsponR570.01Eg154700	NOT2_3_5	OTR
SoffiXsponR570.01Eg156200	C2C2-YABBY	TFF
SoffiXsponR570.01Eg157900	CCAAT	TFF
SoffiXsponR570.01Eg160300	MYB-related	TFF
SoffiXsponR570.01Eg162100	zf-LSD1	TFF
SoffiXsponR570.01Eg162400	bHLH	TFF
SoffiXsponR570.01Eg164900	AUX/IAA	OTR
SoffiXsponR570.01Eg165200	AUX/IAA	OTR
SoffiXsponR570.01Eg165800	WRKY	TFF
SoffiXsponR570.01Eg166800	LIM	TFF
SoffiXsponR570.01Eg167700	NAC	TFF
SoffiXsponR570.01Eg168200	ABI3VP1	TFF
SoffiXsponR570.01Eg168400	ABI3VP1	TFF
SoffiXsponR570.01Eg168500	ABI3VP1	TFF
SoffiXsponR570.01Eg168900	ABI3VP1	TFF
SoffiXsponR570.01Eg169000	ABI3VP1	TFF
SoffiXsponR570.01Eg169500	ABI3VP1	TFF
SoffiXsponR570.01Eg169600	ABI3VP1	TFF
SoffiXsponR570.01Eg169900	C2C2-Dof	TFF
SoffiXsponR570.01Eg172100	C2H2	TFF
SoffiXsponR570.01Eg172800	AP2-EREBP	TFF
SoffiXsponR570.01Eg179500	mTERF	OTR
SoffiXsponR570.01Eg184100	GRAS	TFF
SoffiXsponR570.01Eg190900	MYB-related	TFF
SoffiXsponR570.01Eg195600	Trihelix	TFF
SoffiXsponR570.01Eg209000	Top	TFF
SoffiXsponR570.01Eg214100	AP2-EREBP	TFF
SoffiXsponR570.01Eg215000	MYB-related	TFF
SoffiXsponR570.01Eg215500	AP2-EREBP	TFF
SoffiXsponR570.01Eg216800	C2C2-GATA	TFF
SoffiXsponR570.01Eg216900	Not1	TFF
SoffiXsponR570.01Eg230200	ABI3VP1	TFF
SoffiXsponR570.01Eg230800	MADS	TFF
SoffiXsponR570.01Eg233400	SWI/SNF-SWI3	OTR
SoffiXsponR570.01Eg233600	bZIP	TFF
SoffiXsponR570.01Eg241500	GNAT	OTR
SoffiXsponR570.01Eg245000	C2H2	TFF
SoffiXsponR570.01Eg245100	C2H2	TFF
SoffiXsponR570.01Eg249000	C2H2	TFF
SoffiXsponR570.01Eg249100	MYB-related	TFF
SoffiXsponR570.01Eg255300	CCAAT	TFF
SoffiXsponR570.01Eg258400	Tify	TFF
SoffiXsponR570.01Eg265200	bHLH	TFF
SoffiXsponR570.01Eg265900	Jumonji	OTR
SoffiXsponR570.01Eg266200	zf-LSD1	TFF
SoffiXsponR570.01Eg266900	TIG	TFF
SoffiXsponR570.01Eg270200	SAP	TFF
SoffiXsponR570.01Eg271100	bHLH	TFF
SoffiXsponR570.01Eg271500	MYB	TFF
SoffiXsponR570.01Eg274300	MYB	TFF
SoffiXsponR570.01Eg277000	HSF	TFF
SoffiXsponR570.01Eg277900	MED26	OTR
SoffiXsponR570.01Eg280300	MYB-related	TFF
SoffiXsponR570.01Eg286300	Top	TFF
SoffiXsponR570.01Eg289900	Jumonji	OTR
SoffiXsponR570.01Eg295200	OFP	TFF
SoffiXsponR570.01Eg296400	WRKY	TFF
SoffiXsponR570.01Eg299600	MYB-related	TFF
SoffiXsponR570.01Eg301200	NAC	TFF
SoffiXsponR570.01Eg301400	NAC	TFF
SoffiXsponR570.01Eg303100	EIL	TFF
SoffiXsponR570.01Eg304500	WRKY	TFF
SoffiXsponR570.01Eg306100	bZIP	TFF
SoffiXsponR570.01Eg308200	AP2-EREBP	TFF
SoffiXsponR570.01Eg309900	PAS	TFF
SoffiXsponR570.01Eg313600	PHD	OTR
SoffiXsponR570.01Eg313700	MYB	TFF
SoffiXsponR570.01Eg314400	PHD	OTR
SoffiXsponR570.01Eg319500	MYB	TFF
SoffiXsponR570.01Eg330500	C2C2-Dof	TFF
SoffiXsponR570.01Eg331900	GRAS	TFF
SoffiXsponR570.01Eg333200	Sigma70-like	TFF
SoffiXsponR570.01Eg335000	LIM	TFF
SoffiXsponR570.01Eg336200	LIM	TFF
SoffiXsponR570.01Eg338700	GRAS	TFF
SoffiXsponR570.01Eg343400	FAR1	TFF
SoffiXsponR570.01Eg344100	Top	TFF
SoffiXsponR570.01Eg346000	CCAAT	TFF
SoffiXsponR570.01Eg353900	C2H2	TFF
SoffiXsponR570.01Eg361500	HSF	TFF
SoffiXsponR570.01Eg361800	ARR-B	TFF
SoffiXsponR570.01Eg361800	MYB-related	TFF
SoffiXsponR570.01Eg363500	NAC	TFF
SoffiXsponR570.01Eg366300	C2C2-YABBY	TFF
SoffiXsponR570.01Eg368900	MYB-related	TFF
SoffiXsponR570.01Eg378700	OFP	TFF
SoffiXsponR570.01Eg378800	C2H2	TFF
SoffiXsponR570.01Eg381600	GNAT	OTR
SoffiXsponR570.01Eg382300	GRAS	TFF
SoffiXsponR570.01Eg384300	TIG	TFF
SoffiXsponR570.01Eg385900	bHLH	TFF
SoffiXsponR570.01Eg387600	MADS	TFF
SoffiXsponR570.01Eg389600	AP2-EREBP	TFF
SoffiXsponR570.01Eg389700	AP2-EREBP	TFF
SoffiXsponR570.01Eg389800	AP2-EREBP	TFF
SoffiXsponR570.01Eg390600	FAR1	TFF
SoffiXsponR570.01Eg390900	Tify	TFF
SoffiXsponR570.01Eg391000	Tify	TFF
SoffiXsponR570.01Eg391100	Tify	TFF
SoffiXsponR570.01Eg393200	GNAT	OTR
SoffiXsponR570.01Eg393400	AP2-EREBP	TFF
SoffiXsponR570.01Eg394400	CCAAT	TFF
SoffiXsponR570.01Eg396300	bHLH	TFF
SoffiXsponR570.01Eg396500	bHLH	TFF
SoffiXsponR570.01Eg402000	HB	TFF
SoffiXsponR570.01Eg404200	HSF	TFF
SoffiXsponR570.01Eg410500	Top	TFF
SoffiXsponR570.01Eg410700	Jumonji	OTR
SoffiXsponR570.01Eg413400	C2C2-GATA	TFF
SoffiXsponR570.01Eg415300	C2C2-GATA	TFF
SoffiXsponR570.01Eg423200	bHLH	TFF
SoffiXsponR570.01Eg426600	RWP-RK	TFF
SoffiXsponR570.01Eg428300	MYB-related	TFF
SoffiXsponR570.01Eg430700	bZIP	TFF
SoffiXsponR570.01Eg433900	HB	TFF
SoffiXsponR570.01Eg434300	Top	TFF
SoffiXsponR570.01Eg434800	MADS	TFF
SoffiXsponR570.01Eg435600	bHLH	TFF
SoffiXsponR570.01Eg437400	NAC	TFF
SoffiXsponR570.01Eg439500	AP2-EREBP	TFF
SoffiXsponR570.01Eg443500	Trihelix	TFF
SoffiXsponR570.01Eg443900	SWI/SNF-BAF60b	OTR
SoffiXsponR570.01Eg450700	GRAS	TFF
SoffiXsponR570.01Eg452100	Not1	TFF
SoffiXsponR570.01Fg001200	Trihelix	TFF
SoffiXsponR570.01Fg006600	SET	OTR
SoffiXsponR570.01Fg018300	FHA	TFF
SoffiXsponR570.01Fg022600	ARF	TFF
SoffiXsponR570.01Fg029300	Top	TFF
SoffiXsponR570.01Fg031400	SAP	TFF
SoffiXsponR570.01Fg037000	MYB-related	TFF
SoffiXsponR570.01Fg044000	TFIID	TFF
SoffiXsponR570.01Fg045900	HSF	TFF
SoffiXsponR570.01Fg046700	HSF	TFF
SoffiXsponR570.01Fg051700	GNAT	OTR
SoffiXsponR570.01Fg055600	C2C2-Dof	TFF
SoffiXsponR570.01Fg061000	Tify	TFF
SoffiXsponR570.01Fg061100	Tify	TFF
SoffiXsponR570.01Fg063900	TIG	TFF
SoffiXsponR570.01Fg064100	TIG	TFF
SoffiXsponR570.01Fg064400	AP2-EREBP	TFF
SoffiXsponR570.01Fg065200	GRAS	TFF
SoffiXsponR570.01Fg086900	zf-C5HC2	TFF
SoffiXsponR570.01Fg089700	bHLH	TFF
SoffiXsponR570.01Fg090200	PLATZ	TFF
SoffiXsponR570.01Fg091800	MED26	OTR
SoffiXsponR570.01Fg092800	NAC	TFF
SoffiXsponR570.01Fg096300	zf-LSD1	TFF
SoffiXsponR570.01Fg098100	MYB-related	TFF
SoffiXsponR570.01Fg098700	AP2-EREBP	TFF
SoffiXsponR570.01Fg102100	C2C2-GATA	TFF
SoffiXsponR570.01Fg116100	MADS	TFF
SoffiXsponR570.01Fg117900	OFP	TFF
SoffiXsponR570.01Fg118300	SWI/SNF-SWI3	OTR
SoffiXsponR570.01Fg118400	NAC	TFF
SoffiXsponR570.01Fg118700	bZIP	TFF
SoffiXsponR570.01Fg128500	GNAT	OTR
SoffiXsponR570.01Fg132400	C2H2	TFF
SoffiXsponR570.01Fg136000	C2H2	TFF
SoffiXsponR570.01Fg136100	MYB-related	TFF
SoffiXsponR570.01Fg139300	CCAAT	TFF
SoffiXsponR570.01Fg140600	CCAAT	TFF
SoffiXsponR570.01Fg141700	GRAS	TFF
SoffiXsponR570.01Fg144100	Tify	TFF
SoffiXsponR570.01Fg150600	bHLH	TFF
SoffiXsponR570.01Fg151300	Jumonji	OTR
SoffiXsponR570.01Fg152300	TIG	TFF
SoffiXsponR570.01Fg155300	SAP	TFF
SoffiXsponR570.01Fg156600	MYB	TFF
SoffiXsponR570.01Fg161500	HSF	TFF
SoffiXsponR570.01Fg162100	MED26	OTR
SoffiXsponR570.01Fg164200	MYB-related	TFF
SoffiXsponR570.01Fg170100	Top	TFF
SoffiXsponR570.01Fg171800	TUB	TFF
SoffiXsponR570.01Fg174200	Jumonji	OTR
SoffiXsponR570.01Fg180500	WRKY	TFF
SoffiXsponR570.01Fg183200	MYB-related	TFF
SoffiXsponR570.01Fg184400	NAC	TFF
SoffiXsponR570.01Fg184700	NAC	TFF
SoffiXsponR570.01Fg185700	MYB-related	TFF
SoffiXsponR570.01Fg186300	EIL	TFF
SoffiXsponR570.01Fg187800	WRKY	TFF
SoffiXsponR570.01Fg189900	bZIP	TFF
SoffiXsponR570.01Fg191300	MYB	TFF
SoffiXsponR570.01Fg194000	PAS	TFF
SoffiXsponR570.01Fg195900	bZIP	TFF
SoffiXsponR570.01Fg198500	PHD	OTR
SoffiXsponR570.01Fg199000	C3H	TFF
SoffiXsponR570.01Fg203600	MYB	TFF
SoffiXsponR570.01Fg206200	PHD	OTR
SoffiXsponR570.01Fg209900	Pseudo_ARR-B	OTR
SoffiXsponR570.01Fg217500	C2C2-Dof	TFF
SoffiXsponR570.01Fg218900	GRAS	TFF
SoffiXsponR570.01Fg220000	Sigma70-like	TFF
SoffiXsponR570.01Fg223200	LIM	TFF
SoffiXsponR570.01Fg228300	Top	TFF
SoffiXsponR570.01Fg228800	FAR1	TFF
SoffiXsponR570.01Fg233300	CCAAT	TFF
SoffiXsponR570.01Fg238600	MYB-related	TFF
SoffiXsponR570.01Fg239200	bZIP	TFF
SoffiXsponR570.01Fg240600	C2H2	TFF
SoffiXsponR570.01Fg246300	bHLH	TFF
SoffiXsponR570.01Fg248700	HSF	TFF
SoffiXsponR570.01Fg249000	ARR-B	TFF
SoffiXsponR570.01Fg249000	MYB-related	TFF
SoffiXsponR570.01Fg250500	NAC	TFF
SoffiXsponR570.01Fg252600	bHLH	TFF
SoffiXsponR570.01Fg253600	C2C2-YABBY	TFF
SoffiXsponR570.01Fg256400	MYB-related	TFF
SoffiXsponR570.01Fg256500	ABI3VP1	TFF
SoffiXsponR570.01Fg265900	OFP	TFF
SoffiXsponR570.01Fg266000	C2H2	TFF
SoffiXsponR570.01Fg268500	GNAT	OTR
SoffiXsponR570.01Fg269300	GRAS	TFF
SoffiXsponR570.01Fg272500	bHLH	TFF
SoffiXsponR570.01Fg274400	MADS	TFF
SoffiXsponR570.01Fg277000	AP2-EREBP	TFF
SoffiXsponR570.01Fg277300	AP2-EREBP	TFF
SoffiXsponR570.01Fg278300	Tify	TFF
SoffiXsponR570.01Fg278500	Tify	TFF
SoffiXsponR570.01Fg278600	Tify	TFF
SoffiXsponR570.01Fg280800	GNAT	OTR
SoffiXsponR570.01Fg281200	AP2-EREBP	TFF
SoffiXsponR570.01Fg281900	CCAAT	TFF
SoffiXsponR570.01Fg283900	bHLH	TFF
SoffiXsponR570.01Fg285400	C2C2-Dof	TFF
SoffiXsponR570.01Fg289400	HB	TFF
SoffiXsponR570.01Fg291500	HSF	TFF
SoffiXsponR570.01Fg297200	E2F-DP	TFF
SoffiXsponR570.01Fg298000	Top	TFF
SoffiXsponR570.01Fg298200	Jumonji	OTR
SoffiXsponR570.01Fg299900	C2H2	TFF
SoffiXsponR570.01Fg304700	MYB-related	TFF
SoffiXsponR570.01Fg304700	MYB	TFF
SoffiXsponR570.01Fg309000	MYB-related	TFF
SoffiXsponR570.01Fg310500	bHLH	TFF
SoffiXsponR570.01Fg312200	NAC	TFF
SoffiXsponR570.01Fg314400	MYB-related	TFF
SoffiXsponR570.01Fg315900	MYB-related	TFF
SoffiXsponR570.01Fg319200	FHA	TFF
SoffiXsponR570.01Fg319300	bZIP	TFF
SoffiXsponR570.01Fg319700	FAR1	TFF
SoffiXsponR570.01Fg320300	OFP	TFF
SoffiXsponR570.01Fg322600	HB	TFF
SoffiXsponR570.01Fg322700	Top	TFF
SoffiXsponR570.01Fg323200	MADS	TFF
SoffiXsponR570.01Fg324000	bHLH	TFF
SoffiXsponR570.01Fg325900	NAC	TFF
SoffiXsponR570.01Fg331200	Trihelix	TFF
SoffiXsponR570.01Fg331600	SWI/SNF-BAF60b	OTR
SoffiXsponR570.01Fg338000	GRAS	TFF
SoffiXsponR570.01Fg339500	Not1	TFF
SoffiXsponR570.02Ag001600	WRKY	TFF
SoffiXsponR570.02Ag001800	RWP-RK	TFF
SoffiXsponR570.02Ag002700	NAC	TFF
SoffiXsponR570.02Ag003200	G2-like	TFF
SoffiXsponR570.02Ag004600	RWP-RK	TFF
SoffiXsponR570.02Ag005300	ARF	TFF
SoffiXsponR570.02Ag005700	bHLH	TFF
SoffiXsponR570.02Ag009200	AUX/IAA	OTR
SoffiXsponR570.02Ag012400	OFP	TFF
SoffiXsponR570.02Ag019500	PHD	OTR
SoffiXsponR570.02Ag024400	bZIP	TFF
SoffiXsponR570.02Ag029000	BES1	TFF
SoffiXsponR570.02Ag035200	bHLH	TFF
SoffiXsponR570.02Ag038400	MYB-related	TFF
SoffiXsponR570.02Ag038500	C3H	TFF
SoffiXsponR570.02Ag039000	NAC	TFF
SoffiXsponR570.02Ag041400	PAS	TFF
SoffiXsponR570.02Ag042700	HMG	OTR
SoffiXsponR570.02Ag044100	PHD	OTR
SoffiXsponR570.02Ag044500	CCAAT	TFF
SoffiXsponR570.02Ag049100	AUX/IAA	OTR
SoffiXsponR570.02Ag053700	bZIP	TFF
SoffiXsponR570.02Ag054800	bZIP	TFF
SoffiXsponR570.02Ag057800	MYB	TFF
SoffiXsponR570.02Ag061300	AP2-EREBP	TFF
SoffiXsponR570.02Ag062200	MYB-related	TFF
SoffiXsponR570.02Ag062700	bHLH	TFF
SoffiXsponR570.02Ag063500	zf-fF-X1	TFF
SoffiXsponR570.02Ag065800	MYB-related	TFF
SoffiXsponR570.02Ag068200	CCAAT	TFF
SoffiXsponR570.02Ag068300	CCAAT	TFF
SoffiXsponR570.02Ag072900	Top	TFF
SoffiXsponR570.02Ag075700	MYB	TFF
SoffiXsponR570.02Ag083500	AP2-EREBP	TFF
SoffiXsponR570.02Ag085400	MYB	TFF
SoffiXsponR570.02Ag086000	MYB-related	TFF
SoffiXsponR570.02Ag095000	zf-BED	TFF
SoffiXsponR570.02Ag097400	bHLH	TFF
SoffiXsponR570.02Ag098200	C2H2	TFF
SoffiXsponR570.02Ag100800	NAC	TFF
SoffiXsponR570.02Ag101000	NAC	TFF
SoffiXsponR570.02Ag101700	MYB	TFF
SoffiXsponR570.02Ag105400	mTERF	OTR
SoffiXsponR570.02Ag109800	Top	TFF
SoffiXsponR570.02Ag111400	C3H	TFF
SoffiXsponR570.02Ag111900	C3H	TFF
SoffiXsponR570.02Ag112100	C3H	TFF
SoffiXsponR570.02Ag114100	NAC	TFF
SoffiXsponR570.02Ag120200	BSD	TFF
SoffiXsponR570.02Ag122300	MYB	TFF
SoffiXsponR570.02Ag122400	MYB	TFF
SoffiXsponR570.02Ag125600	MYB-related	TFF
SoffiXsponR570.02Ag129700	MYB-related	TFF
SoffiXsponR570.02Ag129700	MYB	TFF
SoffiXsponR570.02Ag130000	bHLH	TFF
SoffiXsponR570.02Ag130500	MADS	TFF
SoffiXsponR570.02Ag131400	WRKY	TFF
SoffiXsponR570.02Ag143100	Top	TFF
SoffiXsponR570.02Ag149200	C2C2-GATA	TFF
SoffiXsponR570.02Ag171300	Jumonji	OTR
SoffiXsponR570.02Ag174800	PHD	OTR
SoffiXsponR570.02Ag174800	zf-BED	TFF
SoffiXsponR570.02Ag178500	bHLH	TFF
SoffiXsponR570.02Ag181500	bHLH	TFF
SoffiXsponR570.02Ag182000	MYB-related	TFF
SoffiXsponR570.02Ag185300	mTERF	OTR
SoffiXsponR570.02Ag185900	CCAAT	TFF
SoffiXsponR570.02Ag186100	WRKY	TFF
SoffiXsponR570.02Ag187800	MYB-related	TFF
SoffiXsponR570.02Ag198500	Top	TFF
SoffiXsponR570.02Ag200100	GNAT	OTR
SoffiXsponR570.02Ag203900	C3H	TFF
SoffiXsponR570.02Ag220100	C3H	TFF
SoffiXsponR570.02Ag224600	PHD	OTR
SoffiXsponR570.02Ag227100	bZIP	TFF
SoffiXsponR570.02Ag229400	MYB-related	TFF
SoffiXsponR570.02Ag231300	HMG	OTR
SoffiXsponR570.02Ag232600	C3H	TFF
SoffiXsponR570.02Ag234100	DDT	OTR
SoffiXsponR570.02Ag235400	C2C2-Dof	TFF
SoffiXsponR570.02Ag236100	TUB	TFF
SoffiXsponR570.02Ag236900	AUX/IAA	OTR
SoffiXsponR570.02Ag239100	GeBP	TFF
SoffiXsponR570.02Ag247100	AP2-EREBP	TFF
SoffiXsponR570.02Ag256800	bHLH	TFF
SoffiXsponR570.02Ag257900	MYB-related	TFF
SoffiXsponR570.02Ag260800	WRKY	TFF
SoffiXsponR570.02Ag267200	MADS	TFF
SoffiXsponR570.02Ag270400	OFP	TFF
SoffiXsponR570.02Ag277700	SWI/SNF-BAF60b	OTR
SoffiXsponR570.02Ag279500	HB	TFF
SoffiXsponR570.02Ag281300	OFP	TFF
SoffiXsponR570.02Ag281500	WRKY	TFF
SoffiXsponR570.02Ag283000	VOZ	TFF
SoffiXsponR570.02Ag283400	ARF	TFF
SoffiXsponR570.02Ag285000	bZIP	TFF
SoffiXsponR570.02Ag287400	TUB	TFF
SoffiXsponR570.02Ag290100	TCP	TFF
SoffiXsponR570.02Ag295100	NAC	TFF
SoffiXsponR570.02Ag296200	SET	OTR
SoffiXsponR570.02Ag297700	bHLH	TFF
SoffiXsponR570.02Ag309600	AP2-EREBP	TFF
SoffiXsponR570.02Ag311800	SAP	TFF
SoffiXsponR570.02Ag317200	SET	OTR
SoffiXsponR570.02Ag317400	MYB	TFF
SoffiXsponR570.02Ag318600	AP2-EREBP	TFF
SoffiXsponR570.02Ag321000	NAC	TFF
SoffiXsponR570.02Ag323800	WRKY	TFF
SoffiXsponR570.02Ag323900	WRKY	TFF
SoffiXsponR570.02Ag324000	WRKY	TFF
SoffiXsponR570.02Ag327200	WRKY	TFF
SoffiXsponR570.02Ag332200	CCAAT	TFF
SoffiXsponR570.02Ag335300	C2H2	TFF
SoffiXsponR570.02Ag335500	C2H2	TFF
SoffiXsponR570.02Ag337500	MYB	TFF
SoffiXsponR570.02Ag341900	HB	TFF
SoffiXsponR570.02Ag345900	MYB	TFF
SoffiXsponR570.02Ag349200	CCAAT	TFF
SoffiXsponR570.02Ag349600	C2H2	TFF
SoffiXsponR570.02Ag351700	MYB-related	TFF
SoffiXsponR570.02Ag352000	OFP	TFF
SoffiXsponR570.02Ag352100	OFP	TFF
SoffiXsponR570.02Ag354500	TUB	TFF
SoffiXsponR570.02Ag354800	bZIP	TFF
SoffiXsponR570.02Ag355300	AP2-EREBP	TFF
SoffiXsponR570.02Ag356800	C2H2	TFF
SoffiXsponR570.02Ag364200	GRAS	TFF
SoffiXsponR570.02Ag365700	NAC	TFF
SoffiXsponR570.02Ag365900	SWI/SNF-BAF60b	OTR
SoffiXsponR570.02Ag368100	Alfin-like	TFF
SoffiXsponR570.02Ag371400	TAZ	TFF
SoffiXsponR570.02Ag376900	bHLH	TFF
SoffiXsponR570.02Ag378900	ARR-B	TFF
SoffiXsponR570.02Ag378900	MYB-related	TFF
SoffiXsponR570.02Ag381000	TAZ	TFF
SoffiXsponR570.02Ag383700	ABI3VP1	TFF
SoffiXsponR570.02Ag386200	bHLH	TFF
SoffiXsponR570.02Ag387300	C3H	TFF
SoffiXsponR570.02Ag391500	SBP	TFF
SoffiXsponR570.02Ag391600	MADS	TFF
SoffiXsponR570.02Ag392300	CAMTA	TFF
SoffiXsponR570.02Ag395400	NAC	TFF
SoffiXsponR570.02Ag395500	MYB	TFF
SoffiXsponR570.02Ag396000	Tify	TFF
SoffiXsponR570.02Ag397600	ARF	TFF
SoffiXsponR570.02Ag397900	bHLH	TFF
SoffiXsponR570.02Ag400800	TRAF	OTR
SoffiXsponR570.02Ag403500	CCAAT	TFF
SoffiXsponR570.02Ag411100	TRAF	OTR
SoffiXsponR570.02Ag416200	bHLH	TFF
SoffiXsponR570.02Ag417200	SRS	TFF
SoffiXsponR570.02Ag422200	Top	TFF
SoffiXsponR570.02Ag426000	PHD	OTR
SoffiXsponR570.02Ag429800	MYB-related	TFF
SoffiXsponR570.02Ag430300	Top	TFF
SoffiXsponR570.02Bg000400	TUB	TFF
SoffiXsponR570.02Bg001000	C2H2	TFF
SoffiXsponR570.02Bg001600	RWP-RK	TFF
SoffiXsponR570.02Bg001900	WRKY	TFF
SoffiXsponR570.02Bg003000	G2-like	TFF
SoffiXsponR570.02Bg003800	RWP-RK	TFF
SoffiXsponR570.02Bg004100	ARF	TFF
SoffiXsponR570.02Bg007800	AUX/IAA	OTR
SoffiXsponR570.02Bg011700	OFP	TFF
SoffiXsponR570.02Bg017500	PHD	OTR
SoffiXsponR570.02Bg022400	NOZZLE	TFF
SoffiXsponR570.02Bg023000	bZIP	TFF
SoffiXsponR570.02Bg027500	BES1	TFF
SoffiXsponR570.02Bg033000	bHLH	TFF
SoffiXsponR570.02Bg033900	C2H2	TFF
SoffiXsponR570.02Bg036400	MYB-related	TFF
SoffiXsponR570.02Bg038700	MYB-related	TFF
SoffiXsponR570.02Bg039700	PAS	TFF
SoffiXsponR570.02Bg039900	WRKY	TFF
SoffiXsponR570.02Bg040800	HMG	OTR
SoffiXsponR570.02Bg042700	PHD	OTR
SoffiXsponR570.02Bg051800	bZIP	TFF
SoffiXsponR570.02Bg053000	bZIP	TFF
SoffiXsponR570.02Bg063500	MYB-related	TFF
SoffiXsponR570.02Bg065300	CCAAT	TFF
SoffiXsponR570.02Bg065500	CCAAT	TFF
SoffiXsponR570.02Bg070200	MED26	OTR
SoffiXsponR570.02Bg070700	MADS	TFF
SoffiXsponR570.02Bg074000	MYB	TFF
SoffiXsponR570.02Bg074100	MYB-related	TFF
SoffiXsponR570.02Bg075400	ABI3VP1	TFF
SoffiXsponR570.02Bg075400	AP2-EREBP	TFF
SoffiXsponR570.02Bg075500	AP2-EREBP	TFF
SoffiXsponR570.02Bg082800	AP2-EREBP	TFF
SoffiXsponR570.02Bg085400	MYB-related	TFF
SoffiXsponR570.02Bg088300	AP2-EREBP	TFF
SoffiXsponR570.02Bg090000	MYB	TFF
SoffiXsponR570.02Bg101000	zf-BED	TFF
SoffiXsponR570.02Bg103300	bHLH	TFF
SoffiXsponR570.02Bg103500	bHLH	TFF
SoffiXsponR570.02Bg106200	NAC	TFF
SoffiXsponR570.02Bg106400	NAC	TFF
SoffiXsponR570.02Bg107300	MYB	TFF
SoffiXsponR570.02Bg112500	MYB	TFF
SoffiXsponR570.02Bg114100	WRKY	TFF
SoffiXsponR570.02Bg115200	SBP	TFF
SoffiXsponR570.02Bg118700	HB	TFF
SoffiXsponR570.02Bg119800	MYB	TFF
SoffiXsponR570.02Bg122800	AP2-EREBP	TFF
SoffiXsponR570.02Bg125700	Top	TFF
SoffiXsponR570.02Bg131300	MADS	TFF
SoffiXsponR570.02Bg131600	C2C2-GATA	TFF
SoffiXsponR570.02Bg134500	SAP	TFF
SoffiXsponR570.02Bg139300	MYB	TFF
SoffiXsponR570.02Bg149700	bHLH	TFF
SoffiXsponR570.02Bg150800	MYB-related	TFF
SoffiXsponR570.02Bg155700	PLATZ	TFF
SoffiXsponR570.02Bg156900	ABI3VP1	TFF
SoffiXsponR570.02Bg165200	Top	TFF
SoffiXsponR570.02Bg166600	GNAT	OTR
SoffiXsponR570.02Bg168200	zf-LSD1	TFF
SoffiXsponR570.02Bg181800	MYB	TFF
SoffiXsponR570.02Bg186200	C3H	TFF
SoffiXsponR570.02Bg191200	PHD	OTR
SoffiXsponR570.02Bg197000	WRKY	TFF
SoffiXsponR570.02Bg197400	HMG	OTR
SoffiXsponR570.02Bg198800	C3H	TFF
SoffiXsponR570.02Bg200100	ARF	TFF
SoffiXsponR570.02Bg200500	DDT	OTR
SoffiXsponR570.02Bg202300	TUB	TFF
SoffiXsponR570.02Bg203000	AUX/IAA	OTR
SoffiXsponR570.02Bg204300	E2F-DP	TFF
SoffiXsponR570.02Bg214300	MYB	TFF
SoffiXsponR570.02Bg219300	bHLH	TFF
SoffiXsponR570.02Bg219400	Coactivator_p15	OTR
SoffiXsponR570.02Bg220300	bHLH	TFF
SoffiXsponR570.02Bg220400	MYB-related	TFF
SoffiXsponR570.02Bg221200	MYB	TFF
SoffiXsponR570.02Bg227400	MYB-related	TFF
SoffiXsponR570.02Bg227400	MYB	TFF
SoffiXsponR570.02Bg233500	HSF	TFF
SoffiXsponR570.02Bg237900	AUX/IAA	OTR
SoffiXsponR570.02Bg240000	SWI/SNF-BAF60b	OTR
SoffiXsponR570.02Bg241700	HB	TFF
SoffiXsponR570.02Bg243200	HSF	TFF
SoffiXsponR570.02Bg243600	OFP	TFF
SoffiXsponR570.02Bg243800	WRKY	TFF
SoffiXsponR570.02Bg245000	AP2-EREBP	TFF
SoffiXsponR570.02Bg245400	VOZ	TFF
SoffiXsponR570.02Bg245900	ARF	TFF
SoffiXsponR570.02Bg246900	TCP	TFF
SoffiXsponR570.02Bg247300	bZIP	TFF
SoffiXsponR570.02Bg251000	CPP	TFF
SoffiXsponR570.02Bg252700	FAR1	TFF
SoffiXsponR570.02Bg253000	TCP	TFF
SoffiXsponR570.02Bg255500	zf-A20	TFF
SoffiXsponR570.02Bg256800	TRAF	OTR
SoffiXsponR570.02Bg258700	NAC	TFF
SoffiXsponR570.02Bg261900	bHLH	TFF
SoffiXsponR570.02Bg265200	Top	TFF
SoffiXsponR570.02Bg273400	AP2-EREBP	TFF
SoffiXsponR570.02Bg275600	SAP	TFF
SoffiXsponR570.02Bg276200	bZIP	TFF
SoffiXsponR570.02Bg279200	bZIP	TFF
SoffiXsponR570.02Bg280700	SET	OTR
SoffiXsponR570.02Bg280900	MYB	TFF
SoffiXsponR570.02Bg282000	bZIP	TFF
SoffiXsponR570.02Bg284500	NAC	TFF
SoffiXsponR570.02Bg287400	WRKY	TFF
SoffiXsponR570.02Bg287500	WRKY	TFF
SoffiXsponR570.02Bg291100	WRKY	TFF
SoffiXsponR570.02Bg296400	CCAAT	TFF
SoffiXsponR570.02Bg299500	C2H2	TFF
SoffiXsponR570.02Bg299800	C2H2	TFF
SoffiXsponR570.02Bg302600	GRAS	TFF
SoffiXsponR570.02Bg306400	HB	TFF
SoffiXsponR570.02Bg309800	MYB	TFF
SoffiXsponR570.02Bg313100	CCAAT	TFF
SoffiXsponR570.02Bg316400	OFP	TFF
SoffiXsponR570.02Bg319200	AP2-EREBP	TFF
SoffiXsponR570.02Bg320700	C2H2	TFF
SoffiXsponR570.02Bg328000	GRAS	TFF
SoffiXsponR570.02Bg329800	SWI/SNF-BAF60b	OTR
SoffiXsponR570.02Bg330700	MADS	TFF
SoffiXsponR570.02Bg331500	Alfin-like	TFF
SoffiXsponR570.02Bg335200	TAZ	TFF
SoffiXsponR570.02Bg342700	GRAS	TFF
SoffiXsponR570.02Bg343600	ABI3VP1	TFF
SoffiXsponR570.02Bg345200	TAZ	TFF
SoffiXsponR570.02Bg348000	ABI3VP1	TFF
SoffiXsponR570.02Bg350600	bHLH	TFF
SoffiXsponR570.02Bg351900	C3H	TFF
SoffiXsponR570.02Bg356900	SBP	TFF
SoffiXsponR570.02Bg357800	TIG	TFF
SoffiXsponR570.02Bg358800	Top	TFF
SoffiXsponR570.02Bg362500	SET	OTR
SoffiXsponR570.02Bg363000	ARF	TFF
SoffiXsponR570.02Bg363300	bHLH	TFF
SoffiXsponR570.02Bg368000	C2H2	TFF
SoffiXsponR570.02Bg368300	CCAAT	TFF
SoffiXsponR570.02Bg376400	TRAF	OTR
SoffiXsponR570.02Bg381400	bHLH	TFF
SoffiXsponR570.02Bg382100	SRS	TFF
SoffiXsponR570.02Bg384200	FAR1	TFF
SoffiXsponR570.02Bg388100	Top	TFF
SoffiXsponR570.02Bg392500	PHD	OTR
SoffiXsponR570.02Bg392700	GNAT	OTR
SoffiXsponR570.02Bg394400	AP2-EREBP	TFF
SoffiXsponR570.02Bg396200	MYB-related	TFF
SoffiXsponR570.02Bg396700	Top	TFF
SoffiXsponR570.02Cg000500	WRKY	TFF
SoffiXsponR570.02Cg002600	G2-like	TFF
SoffiXsponR570.02Cg004300	RWP-RK	TFF
SoffiXsponR570.02Cg004800	ARF	TFF
SoffiXsponR570.02Cg009000	AUX/IAA	OTR
SoffiXsponR570.02Cg012000	OFP	TFF
SoffiXsponR570.02Cg018300	SET	OTR
SoffiXsponR570.02Cg019700	bHLH	TFF
SoffiXsponR570.02Cg023700	bZIP	TFF
SoffiXsponR570.02Cg028600	BES1	TFF
SoffiXsponR570.02Cg035100	bHLH	TFF
SoffiXsponR570.02Cg038500	MYB-related	TFF
SoffiXsponR570.02Cg038700	C3H	TFF
SoffiXsponR570.02Cg040700	MYB-related	TFF
SoffiXsponR570.02Cg041900	PAS	TFF
SoffiXsponR570.02Cg043200	HMG	OTR
SoffiXsponR570.02Cg044600	PHD	OTR
SoffiXsponR570.02Cg045000	CCAAT	TFF
SoffiXsponR570.02Cg049200	AUX/IAA	OTR
SoffiXsponR570.02Cg052500	C3H	TFF
SoffiXsponR570.02Cg052900	bZIP	TFF
SoffiXsponR570.02Cg056300	MYB	TFF
SoffiXsponR570.02Cg063900	MYB-related	TFF
SoffiXsponR570.02Cg066900	CCAAT	TFF
SoffiXsponR570.02Cg075500	bHLH	TFF
SoffiXsponR570.02Cg085400	MYB	TFF
SoffiXsponR570.02Cg086600	Top	TFF
SoffiXsponR570.02Cg095100	zf-BED	TFF
SoffiXsponR570.02Cg097200	bHLH	TFF
SoffiXsponR570.02Cg100300	NAC	TFF
SoffiXsponR570.02Cg100500	NAC	TFF
SoffiXsponR570.02Cg101200	MYB	TFF
SoffiXsponR570.02Cg104700	mTERF	OTR
SoffiXsponR570.02Cg105200	NAC	TFF
SoffiXsponR570.02Cg109000	Top	TFF
SoffiXsponR570.02Cg110700	C3H	TFF
SoffiXsponR570.02Cg111200	C3H	TFF
SoffiXsponR570.02Cg111400	C3H	TFF
SoffiXsponR570.02Cg113400	NAC	TFF
SoffiXsponR570.02Cg114700	C2C2-Dof	TFF
SoffiXsponR570.02Cg119100	BSD	TFF
SoffiXsponR570.02Cg120800	MYB	TFF
SoffiXsponR570.02Cg122800	C2C2-Dof	TFF
SoffiXsponR570.02Cg127200	MYB	TFF
SoffiXsponR570.02Cg127400	bHLH	TFF
SoffiXsponR570.02Cg127700	AUX/IAA	OTR
SoffiXsponR570.02Cg131000	MYB	TFF
SoffiXsponR570.02Cg133000	HB	TFF
SoffiXsponR570.02Cg174100	C3H	TFF
SoffiXsponR570.02Cg174200	C2H2	TFF
SoffiXsponR570.02Cg174900	bHLH	TFF
SoffiXsponR570.02Cg175400	MYB-related	TFF
SoffiXsponR570.02Cg178600	mTERF	OTR
SoffiXsponR570.02Cg180900	MYB-related	TFF
SoffiXsponR570.02Cg182200	ABI3VP1	TFF
SoffiXsponR570.02Cg191000	Top	TFF
SoffiXsponR570.02Cg194400	zf-LSD1	TFF
SoffiXsponR570.02Cg196000	C3H	TFF
SoffiXsponR570.02Cg198600	MYB-related	TFF
SoffiXsponR570.02Cg201900	HSF	TFF
SoffiXsponR570.02Cg202100	OFP	TFF
SoffiXsponR570.02Cg208200	MYB	TFF
SoffiXsponR570.02Cg212500	C3H	TFF
SoffiXsponR570.02Cg219000	bZIP	TFF
SoffiXsponR570.02Cg224300	HMG	OTR
SoffiXsponR570.02Cg226800	ARF	TFF
SoffiXsponR570.02Cg227200	DDT	OTR
SoffiXsponR570.02Cg229000	TUB	TFF
SoffiXsponR570.02Cg231300	E2F-DP	TFF
SoffiXsponR570.02Cg236000	Top	TFF
SoffiXsponR570.02Cg245100	MYB	TFF
SoffiXsponR570.02Cg247000	bHLH	TFF
SoffiXsponR570.02Cg248100	MYB-related	TFF
SoffiXsponR570.02Cg249200	MYB	TFF
SoffiXsponR570.02Cg251000	WRKY	TFF
SoffiXsponR570.02Cg255500	MYB	TFF
SoffiXsponR570.02Cg256500	ABI3VP1	TFF
SoffiXsponR570.02Cg260400	WRKY	TFF
SoffiXsponR570.02Cg261300	OFP	TFF
SoffiXsponR570.02Cg261800	HSF	TFF
SoffiXsponR570.02Cg262100	WRKY	TFF
SoffiXsponR570.02Cg267400	AUX/IAA	OTR
SoffiXsponR570.02Cg269500	SWI/SNF-BAF60b	OTR
SoffiXsponR570.02Cg271000	HB	TFF
SoffiXsponR570.02Cg272200	HSF	TFF
SoffiXsponR570.02Cg272600	WRKY	TFF
SoffiXsponR570.02Cg274100	VOZ	TFF
SoffiXsponR570.02Cg274600	ARF	TFF
SoffiXsponR570.02Cg276500	bZIP	TFF
SoffiXsponR570.02Cg281100	TCP	TFF
SoffiXsponR570.02Cg283100	NAC	TFF
SoffiXsponR570.02Cg283400	zf-A20	TFF
SoffiXsponR570.02Cg283800	BSD	TFF
SoffiXsponR570.02Cg286400	NAC	TFF
SoffiXsponR570.02Cg300500	AP2-EREBP	TFF
SoffiXsponR570.02Cg300600	AP2-EREBP	TFF
SoffiXsponR570.02Cg303200	bZIP	TFF
SoffiXsponR570.02Cg306100	bZIP	TFF
SoffiXsponR570.02Cg307500	SET	OTR
SoffiXsponR570.02Cg307700	MYB	TFF
SoffiXsponR570.02Cg308800	AP2-EREBP	TFF
SoffiXsponR570.02Cg309100	AP2-EREBP	TFF
SoffiXsponR570.02Cg311200	NAC	TFF
SoffiXsponR570.02Cg314100	WRKY	TFF
SoffiXsponR570.02Cg314200	WRKY	TFF
SoffiXsponR570.02Cg314400	WRKY	TFF
SoffiXsponR570.02Cg314500	WRKY	TFF
SoffiXsponR570.02Cg316600	FAR1	TFF
SoffiXsponR570.02Cg318000	WRKY	TFF
SoffiXsponR570.02Cg326900	C2H2	TFF
SoffiXsponR570.02Cg329500	WRKY	TFF
SoffiXsponR570.02Cg332200	HB	TFF
SoffiXsponR570.02Cg335800	MYB	TFF
SoffiXsponR570.02Cg340000	C2H2	TFF
SoffiXsponR570.02Cg342800	OFP	TFF
SoffiXsponR570.02Cg342900	OFP	TFF
SoffiXsponR570.02Cg344000	C2C2-Dof	TFF
SoffiXsponR570.02Cg347500	C2H2	TFF
SoffiXsponR570.02Cg355200	GRAS	TFF
SoffiXsponR570.02Cg357000	NAC	TFF
SoffiXsponR570.02Cg362900	TAZ	TFF
SoffiXsponR570.02Cg368400	bHLH	TFF
SoffiXsponR570.02Cg370300	ARR-B	TFF
SoffiXsponR570.02Cg370300	MYB-related	TFF
SoffiXsponR570.02Cg370600	ABI3VP1	TFF
SoffiXsponR570.02Cg372300	TAZ	TFF
SoffiXsponR570.02Cg377800	bHLH	TFF
SoffiXsponR570.02Cg378800	C3H	TFF
SoffiXsponR570.02Cg384300	SBP	TFF
SoffiXsponR570.02Cg386000	TCP	TFF
SoffiXsponR570.02Cg387900	NAC	TFF
SoffiXsponR570.02Cg388000	MYB	TFF
SoffiXsponR570.02Cg388400	Tify	TFF
SoffiXsponR570.02Cg389500	SET	OTR
SoffiXsponR570.02Cg390100	ARF	TFF
SoffiXsponR570.02Cg396000	C2H2	TFF
SoffiXsponR570.02Cg396400	CCAAT	TFF
SoffiXsponR570.02Cg405500	TRAF	OTR
SoffiXsponR570.02Cg411100	bHLH	TFF
SoffiXsponR570.02Cg411700	SRS	TFF
SoffiXsponR570.02Cg417000	Top	TFF
SoffiXsponR570.02Cg423800	AP2-EREBP	TFF
SoffiXsponR570.02Cg425500	MYB-related	TFF
SoffiXsponR570.02Cg427600	C2C2-GATA	TFF
SoffiXsponR570.02Dg000900	WRKY	TFF
SoffiXsponR570.02Dg001100	RWP-RK	TFF
SoffiXsponR570.02Dg001900	NAC	TFF
SoffiXsponR570.02Dg002600	G2-like	TFF
SoffiXsponR570.02Dg004000	RWP-RK	TFF
SoffiXsponR570.02Dg004300	ARF	TFF
SoffiXsponR570.02Dg008200	AUX/IAA	OTR
SoffiXsponR570.02Dg012200	OFP	TFF
SoffiXsponR570.02Dg017800	SET	OTR
SoffiXsponR570.02Dg023000	bZIP	TFF
SoffiXsponR570.02Dg027300	BES1	TFF
SoffiXsponR570.02Dg027700	MADS	TFF
SoffiXsponR570.02Dg028900	AP2-EREBP	TFF
SoffiXsponR570.02Dg032500	bHLH	TFF
SoffiXsponR570.02Dg033500	TRAF	OTR
SoffiXsponR570.02Dg034900	C2C2-Dof	TFF
SoffiXsponR570.02Dg035700	C3H	TFF
SoffiXsponR570.02Dg036300	NAC	TFF
SoffiXsponR570.02Dg037700	MYB-related	TFF
SoffiXsponR570.02Dg038600	PAS	TFF
SoffiXsponR570.02Dg039700	HMG	OTR
SoffiXsponR570.02Dg041200	PHD	OTR
SoffiXsponR570.02Dg041600	CCAAT	TFF
SoffiXsponR570.02Dg043200	OFP	TFF
SoffiXsponR570.02Dg049800	C3H	TFF
SoffiXsponR570.02Dg050200	bZIP	TFF
SoffiXsponR570.02Dg059600	MYB-related	TFF
SoffiXsponR570.02Dg061200	zf-fF-X1	TFF
SoffiXsponR570.02Dg061300	Alfin-like	TFF
SoffiXsponR570.02Dg063200	MYB-related	TFF
SoffiXsponR570.02Dg065100	CCAAT	TFF
SoffiXsponR570.02Dg065200	CCAAT	TFF
SoffiXsponR570.02Dg069500	MED26	OTR
SoffiXsponR570.02Dg070500	Top	TFF
SoffiXsponR570.02Dg070700	MADS	TFF
SoffiXsponR570.02Dg073800	MYB	TFF
SoffiXsponR570.02Dg077900	bZIP	TFF
SoffiXsponR570.02Dg082200	AP2-EREBP	TFF
SoffiXsponR570.02Dg084000	MYB	TFF
SoffiXsponR570.02Dg095000	zf-BED	TFF
SoffiXsponR570.02Dg095300	zf-BED	TFF
SoffiXsponR570.02Dg097300	bHLH	TFF
SoffiXsponR570.02Dg100500	NAC	TFF
SoffiXsponR570.02Dg100700	NAC	TFF
SoffiXsponR570.02Dg105600	NAC	TFF
SoffiXsponR570.02Dg107500	C3H	TFF
SoffiXsponR570.02Dg109300	Top	TFF
SoffiXsponR570.02Dg110600	C3H	TFF
SoffiXsponR570.02Dg111200	C3H	TFF
SoffiXsponR570.02Dg113400	NAC	TFF
SoffiXsponR570.02Dg119800	BSD	TFF
SoffiXsponR570.02Dg122000	MYB	TFF
SoffiXsponR570.02Dg123700	C2C2-Dof	TFF
SoffiXsponR570.02Dg128600	MYB	TFF
SoffiXsponR570.02Dg128800	bHLH	TFF
SoffiXsponR570.02Dg129100	AUX/IAA	OTR
SoffiXsponR570.02Dg129800	WRKY	TFF
SoffiXsponR570.02Dg131400	bHLH	TFF
SoffiXsponR570.02Dg135100	MYB	TFF
SoffiXsponR570.02Dg138500	AP2-EREBP	TFF
SoffiXsponR570.02Dg147700	MADS	TFF
SoffiXsponR570.02Dg148100	C2C2-GATA	TFF
SoffiXsponR570.02Dg150500	SAP	TFF
SoffiXsponR570.02Dg166500	MYB	TFF
SoffiXsponR570.02Dg173800	TRAF	OTR
SoffiXsponR570.02Dg178400	bHLH	TFF
SoffiXsponR570.02Dg179000	MYB-related	TFF
SoffiXsponR570.02Dg182500	mTERF	OTR
SoffiXsponR570.02Dg183100	CCAAT	TFF
SoffiXsponR570.02Dg185200	MYB-related	TFF
SoffiXsponR570.02Dg196000	GNAT	OTR
SoffiXsponR570.02Dg199500	C3H	TFF
SoffiXsponR570.02Dg200700	bHLH	TFF
SoffiXsponR570.02Dg202300	MYB-related	TFF
SoffiXsponR570.02Dg205600	HSF	TFF
SoffiXsponR570.02Dg205800	OFP	TFF
SoffiXsponR570.02Dg211200	MYB	TFF
SoffiXsponR570.02Dg215700	C3H	TFF
SoffiXsponR570.02Dg221500	bZIP	TFF
SoffiXsponR570.02Dg222100	bZIP	TFF
SoffiXsponR570.02Dg224100	MYB-related	TFF
SoffiXsponR570.02Dg226100	HMG	OTR
SoffiXsponR570.02Dg227900	MYB	TFF
SoffiXsponR570.02Dg231100	E2F-DP	TFF
SoffiXsponR570.02Dg232500	AUX/IAA	OTR
SoffiXsponR570.02Dg233200	TUB	TFF
SoffiXsponR570.02Dg234900	DDT	OTR
SoffiXsponR570.02Dg239900	AP2-EREBP	TFF
SoffiXsponR570.02Dg242300	MYB	TFF
SoffiXsponR570.02Dg247100	bHLH	TFF
SoffiXsponR570.02Dg247200	Coactivator_p15	OTR
SoffiXsponR570.02Dg251300	WRKY	TFF
SoffiXsponR570.02Dg261400	OFP	TFF
SoffiXsponR570.02Dg261700	HSF	TFF
SoffiXsponR570.02Dg266700	AUX/IAA	OTR
SoffiXsponR570.02Dg269200	SWI/SNF-BAF60b	OTR
SoffiXsponR570.02Dg272200	OFP	TFF
SoffiXsponR570.02Dg272400	WRKY	TFF
SoffiXsponR570.02Dg274100	VOZ	TFF
SoffiXsponR570.02Dg275800	TCP	TFF
SoffiXsponR570.02Dg280700	TCP	TFF
SoffiXsponR570.02Dg283000	NAC	TFF
SoffiXsponR570.02Dg283500	zf-A20	TFF
SoffiXsponR570.02Dg283900	BSD	TFF
SoffiXsponR570.02Dg286200	NAC	TFF
SoffiXsponR570.02Dg287500	SET	OTR
SoffiXsponR570.02Dg289100	bHLH	TFF
SoffiXsponR570.02Dg292300	Top	TFF
SoffiXsponR570.02Dg300000	AP2-EREBP	TFF
SoffiXsponR570.02Dg302400	SAP	TFF
SoffiXsponR570.02Dg303000	bZIP	TFF
SoffiXsponR570.02Dg309100	AP2-EREBP	TFF
SoffiXsponR570.02Dg311300	NAC	TFF
SoffiXsponR570.02Dg314300	WRKY	TFF
SoffiXsponR570.02Dg314400	WRKY	TFF
SoffiXsponR570.02Dg314500	WRKY	TFF
SoffiXsponR570.02Dg323300	CCAAT	TFF
SoffiXsponR570.02Dg325700	C2H2	TFF
SoffiXsponR570.02Dg326000	C2H2	TFF
SoffiXsponR570.02Dg326400	CCAAT	TFF
SoffiXsponR570.02Dg328500	WRKY	TFF
SoffiXsponR570.02Dg329600	MYB-related	TFF
SoffiXsponR570.02Dg332000	HB	TFF
SoffiXsponR570.02Dg338900	bZIP	TFF
SoffiXsponR570.02Dg341600	OFP	TFF
SoffiXsponR570.02Dg342800	C2C2-Dof	TFF
SoffiXsponR570.02Dg343600	TUB	TFF
SoffiXsponR570.02Dg343800	bZIP	TFF
SoffiXsponR570.02Dg345900	C2H2	TFF
SoffiXsponR570.02Dg352400	GRAS	TFF
SoffiXsponR570.02Dg354400	NAC	TFF
SoffiXsponR570.02Dg354600	SWI/SNF-BAF60b	OTR
SoffiXsponR570.02Dg356600	Alfin-like	TFF
SoffiXsponR570.02Dg356800	NAC	TFF
SoffiXsponR570.02Dg359400	TAZ	TFF
SoffiXsponR570.02Dg365500	bHLH	TFF
SoffiXsponR570.02Dg368600	Jumonji	OTR
SoffiXsponR570.02Dg369000	TAZ	TFF
SoffiXsponR570.02Dg369000	TRAF	OTR
SoffiXsponR570.02Dg371900	ABI3VP1	TFF
SoffiXsponR570.02Dg374200	bHLH	TFF
SoffiXsponR570.02Dg375400	C3H	TFF
SoffiXsponR570.02Dg379300	SBP	TFF
SoffiXsponR570.02Dg379400	MADS	TFF
SoffiXsponR570.02Dg379900	TIG	TFF
SoffiXsponR570.02Dg381100	TCP	TFF
SoffiXsponR570.02Dg382800	Tify	TFF
SoffiXsponR570.02Dg384600	ARF	TFF
SoffiXsponR570.02Dg384900	bHLH	TFF
SoffiXsponR570.02Dg387800	TRAF	OTR
SoffiXsponR570.02Dg391100	C2H2	TFF
SoffiXsponR570.02Dg399100	TRAF	OTR
SoffiXsponR570.02Dg403900	bHLH	TFF
SoffiXsponR570.02Dg404700	SRS	TFF
SoffiXsponR570.02Dg417600	AP2-EREBP	TFF
SoffiXsponR570.02Dg419200	MYB-related	TFF
SoffiXsponR570.02Dg419600	Top	TFF
SoffiXsponR570.02Eg000300	NAC	TFF
SoffiXsponR570.02Eg000900	G2-like	TFF
SoffiXsponR570.02Eg001900	RWP-RK	TFF
SoffiXsponR570.02Eg002500	ARF	TFF
SoffiXsponR570.02Eg002900	bHLH	TFF
SoffiXsponR570.02Eg003900	ABI3VP1	TFF
SoffiXsponR570.02Eg006000	AUX/IAA	OTR
SoffiXsponR570.02Eg009100	OFP	TFF
SoffiXsponR570.02Eg015200	SET	OTR
SoffiXsponR570.02Eg019600	NOZZLE	TFF
SoffiXsponR570.02Eg028800	FAR1	TFF
SoffiXsponR570.02Eg031400	bHLH	TFF
SoffiXsponR570.02Eg033000	MYB-related	TFF
SoffiXsponR570.02Eg034100	MYB-related	TFF
SoffiXsponR570.02Eg034200	C3H	TFF
SoffiXsponR570.02Eg034800	NAC	TFF
SoffiXsponR570.02Eg037400	PAS	TFF
SoffiXsponR570.02Eg038600	HMG	OTR
SoffiXsponR570.02Eg040000	PHD	OTR
SoffiXsponR570.02Eg040400	CCAAT	TFF
SoffiXsponR570.02Eg040800	WRKY	TFF
SoffiXsponR570.02Eg042300	MYB-related	TFF
SoffiXsponR570.02Eg044400	CCAAT	TFF
SoffiXsponR570.02Eg052900	MYB	TFF
SoffiXsponR570.02Eg053900	ABI3VP1	TFF
SoffiXsponR570.02Eg053900	AP2-EREBP	TFF
SoffiXsponR570.02Eg063500	bHLH	TFF
SoffiXsponR570.02Eg063600	zf-BED	TFF
SoffiXsponR570.02Eg065700	bHLH	TFF
SoffiXsponR570.02Eg065800	bHLH	TFF
SoffiXsponR570.02Eg069200	NAC	TFF
SoffiXsponR570.02Eg070000	MYB	TFF
SoffiXsponR570.02Eg074500	NAC	TFF
SoffiXsponR570.02Eg076500	C3H	TFF
SoffiXsponR570.02Eg078300	Top	TFF
SoffiXsponR570.02Eg080000	C3H	TFF
SoffiXsponR570.02Eg080200	C3H	TFF
SoffiXsponR570.02Eg082100	NAC	TFF
SoffiXsponR570.02Eg083400	C2C2-Dof	TFF
SoffiXsponR570.02Eg090600	MYB	TFF
SoffiXsponR570.02Eg092400	C2C2-Dof	TFF
SoffiXsponR570.02Eg093100	MYB-related	TFF
SoffiXsponR570.02Eg097100	MYB	TFF
SoffiXsponR570.02Eg097400	bHLH	TFF
SoffiXsponR570.02Eg097600	AUX/IAA	OTR
SoffiXsponR570.02Eg097900	MADS	TFF
SoffiXsponR570.02Eg098100	MADS	TFF
SoffiXsponR570.02Eg099100	WRKY	TFF
SoffiXsponR570.02Eg100400	SBP	TFF
SoffiXsponR570.02Eg101900	MYB	TFF
SoffiXsponR570.02Eg103500	HB	TFF
SoffiXsponR570.02Eg108200	AP2-EREBP	TFF
SoffiXsponR570.02Eg111000	Top	TFF
SoffiXsponR570.02Eg117300	C2C2-GATA	TFF
SoffiXsponR570.02Eg134900	MYB	TFF
SoffiXsponR570.02Eg135600	Jumonji	OTR
SoffiXsponR570.02Eg143100	bHLH	TFF
SoffiXsponR570.02Eg145800	HSF	TFF
SoffiXsponR570.02Eg146000	C2H2	TFF
SoffiXsponR570.02Eg146800	bHLH	TFF
SoffiXsponR570.02Eg147500	MYB-related	TFF
SoffiXsponR570.02Eg152300	CCAAT	TFF
SoffiXsponR570.02Eg154300	MYB-related	TFF
SoffiXsponR570.02Eg161600	MYB-related	TFF
SoffiXsponR570.02Eg164300	Top	TFF
SoffiXsponR570.02Eg166800	GNAT	OTR
SoffiXsponR570.02Eg171800	bHLH	TFF
SoffiXsponR570.02Eg176600	HSF	TFF
SoffiXsponR570.02Eg176800	OFP	TFF
SoffiXsponR570.02Eg182400	MYB	TFF
SoffiXsponR570.02Eg187300	C3H	TFF
SoffiXsponR570.02Eg192300	WRKY	TFF
SoffiXsponR570.02Eg192900	AP2-EREBP	TFF
SoffiXsponR570.02Eg193400	bZIP	TFF
SoffiXsponR570.02Eg197000	MYB-related	TFF
SoffiXsponR570.02Eg198300	FAR1	TFF
SoffiXsponR570.02Eg198900	HMG	OTR
SoffiXsponR570.02Eg206400	GeBP	TFF
SoffiXsponR570.02Eg210000	Top	TFF
SoffiXsponR570.02Eg213700	AP2-EREBP	TFF
SoffiXsponR570.02Eg215700	MYB	TFF
SoffiXsponR570.02Eg222200	MYB-related	TFF
SoffiXsponR570.02Eg225400	PAS	TFF
SoffiXsponR570.02Eg225500	WRKY	TFF
SoffiXsponR570.02Eg229400	MYB	TFF
SoffiXsponR570.02Eg230400	ABI3VP1	TFF
SoffiXsponR570.02Eg231500	MADS	TFF
SoffiXsponR570.02Eg235500	HSF	TFF
SoffiXsponR570.02Eg236000	WRKY	TFF
SoffiXsponR570.02Eg240100	AUX/IAA	OTR
SoffiXsponR570.02Eg242200	SWI/SNF-BAF60b	OTR
SoffiXsponR570.02Eg243900	HB	TFF
SoffiXsponR570.02Eg245300	OFP	TFF
SoffiXsponR570.02Eg245500	WRKY	TFF
SoffiXsponR570.02Eg246800	AP2-EREBP	TFF
SoffiXsponR570.02Eg249200	bZIP	TFF
SoffiXsponR570.02Eg254000	TCP	TFF
SoffiXsponR570.02Eg256300	NAC	TFF
SoffiXsponR570.02Eg257200	BSD	TFF
SoffiXsponR570.02Eg259200	NAC	TFF
SoffiXsponR570.02Eg261800	bHLH	TFF
SoffiXsponR570.02Eg276300	bZIP	TFF
SoffiXsponR570.02Eg279200	bZIP	TFF
SoffiXsponR570.02Eg281700	bZIP	TFF
SoffiXsponR570.02Eg287300	WRKY	TFF
SoffiXsponR570.02Eg287500	WRKY	TFF
SoffiXsponR570.02Eg287600	WRKY	TFF
SoffiXsponR570.02Eg287700	WRKY	TFF
SoffiXsponR570.02Eg296800	CCAAT	TFF
SoffiXsponR570.02Eg299800	C2H2	TFF
SoffiXsponR570.02Eg300200	CCAAT	TFF
SoffiXsponR570.02Eg302400	WRKY	TFF
SoffiXsponR570.02Eg305400	HB	TFF
SoffiXsponR570.02Eg309500	MYB	TFF
SoffiXsponR570.02Eg313600	bZIP	TFF
SoffiXsponR570.02Eg316000	OFP	TFF
SoffiXsponR570.02Eg317500	C2C2-Dof	TFF
SoffiXsponR570.02Eg319200	AP2-EREBP	TFF
SoffiXsponR570.02Eg320600	C2H2	TFF
SoffiXsponR570.02Eg329300	NAC	TFF
SoffiXsponR570.02Eg329600	SWI/SNF-BAF60b	OTR
SoffiXsponR570.02Eg330600	AP2-EREBP	TFF
SoffiXsponR570.02Eg334700	TAZ	TFF
SoffiXsponR570.02Eg341900	ABI3VP1	TFF
SoffiXsponR570.02Eg343000	TAZ	TFF
SoffiXsponR570.02Eg345800	ABI3VP1	TFF
SoffiXsponR570.02Eg354500	SBP	TFF
SoffiXsponR570.02Eg355500	TIG	TFF
SoffiXsponR570.02Eg359900	SET	OTR
SoffiXsponR570.02Eg360400	ARF	TFF
SoffiXsponR570.02Eg360800	CCAAT	TFF
SoffiXsponR570.02Eg373200	GRAS	TFF
SoffiXsponR570.02Eg373900	TRAF	OTR
SoffiXsponR570.02Eg379700	bHLH	TFF
SoffiXsponR570.02Eg380700	SRS	TFF
SoffiXsponR570.02Eg388300	PHD	OTR
SoffiXsponR570.02Eg393200	MYB-related	TFF
SoffiXsponR570.02Eg393800	Top	TFF
SoffiXsponR570.02Fg001000	WRKY	TFF
SoffiXsponR570.02Fg001900	NAC	TFF
SoffiXsponR570.02Fg002500	G2-like	TFF
SoffiXsponR570.02Fg004400	RWP-RK	TFF
SoffiXsponR570.02Fg004700	ARF	TFF
SoffiXsponR570.02Fg005200	bHLH	TFF
SoffiXsponR570.02Fg008600	AUX/IAA	OTR
SoffiXsponR570.02Fg011900	OFP	TFF
SoffiXsponR570.02Fg017600	PHD	OTR
SoffiXsponR570.02Fg021300	NOZZLE	TFF
SoffiXsponR570.02Fg021900	bZIP	TFF
SoffiXsponR570.02Fg027200	BES1	TFF
SoffiXsponR570.02Fg033200	bHLH	TFF
SoffiXsponR570.02Fg034200	C2H2	TFF
SoffiXsponR570.02Fg036200	MYB-related	TFF
SoffiXsponR570.02Fg036300	C3H	TFF
SoffiXsponR570.02Fg039600	PAS	TFF
SoffiXsponR570.02Fg040700	HMG	OTR
SoffiXsponR570.02Fg047100	AUX/IAA	OTR
SoffiXsponR570.02Fg048100	Top	TFF
SoffiXsponR570.02Fg050800	C3H	TFF
SoffiXsponR570.02Fg053100	bZIP	TFF
SoffiXsponR570.02Fg055900	MYB	TFF
SoffiXsponR570.02Fg056100	MYB	TFF
SoffiXsponR570.02Fg061300	MYB-related	TFF
SoffiXsponR570.02Fg061900	bHLH	TFF
SoffiXsponR570.02Fg062600	zf-fF-X1	TFF
SoffiXsponR570.02Fg062700	Alfin-like	TFF
SoffiXsponR570.02Fg064300	MYB-related	TFF
SoffiXsponR570.02Fg066800	CCAAT	TFF
SoffiXsponR570.02Fg067100	CCAAT	TFF
SoffiXsponR570.02Fg072500	MED26	OTR
SoffiXsponR570.02Fg077300	MYB	TFF
SoffiXsponR570.02Fg077400	MYB-related	TFF
SoffiXsponR570.02Fg078700	ABI3VP1	TFF
SoffiXsponR570.02Fg078700	AP2-EREBP	TFF
SoffiXsponR570.02Fg081600	bZIP	TFF
SoffiXsponR570.02Fg086200	AP2-EREBP	TFF
SoffiXsponR570.02Fg088000	MYB	TFF
SoffiXsponR570.02Fg088500	MYB-related	TFF
SoffiXsponR570.02Fg095900	bHLH	TFF
SoffiXsponR570.02Fg096000	zf-BED	TFF
SoffiXsponR570.02Fg098300	bHLH	TFF
SoffiXsponR570.02Fg101200	NAC	TFF
SoffiXsponR570.02Fg109200	C3H	TFF
SoffiXsponR570.02Fg111000	Top	TFF
SoffiXsponR570.02Fg112500	C3H	TFF
SoffiXsponR570.02Fg112700	C3H	TFF
SoffiXsponR570.02Fg117600	BSD	TFF
SoffiXsponR570.02Fg122200	MYB-related	TFF
SoffiXsponR570.02Fg126200	MYB	TFF
SoffiXsponR570.02Fg126500	bHLH	TFF
SoffiXsponR570.02Fg126800	AUX/IAA	OTR
SoffiXsponR570.02Fg127200	MADS	TFF
SoffiXsponR570.02Fg127800	WRKY	TFF
SoffiXsponR570.02Fg128900	SBP	TFF
SoffiXsponR570.02Fg133100	HB	TFF
SoffiXsponR570.02Fg136900	AP2-EREBP	TFF
SoffiXsponR570.02Fg139500	Top	TFF
SoffiXsponR570.02Fg151500	MYB	TFF
SoffiXsponR570.02Fg155800	PHD	OTR
SoffiXsponR570.02Fg155800	zf-BED	TFF
SoffiXsponR570.02Fg159400	bHLH	TFF
SoffiXsponR570.02Fg161400	C3H	TFF
SoffiXsponR570.02Fg161500	C2H2	TFF
SoffiXsponR570.02Fg162800	MYB-related	TFF
SoffiXsponR570.02Fg166200	CCAAT	TFF
SoffiXsponR570.02Fg168000	MYB-related	TFF
SoffiXsponR570.02Fg178400	Top	TFF
SoffiXsponR570.02Fg178600	Top	TFF
SoffiXsponR570.02Fg180300	GNAT	OTR
SoffiXsponR570.02Fg181900	zf-LSD1	TFF
SoffiXsponR570.02Fg183700	C3H	TFF
SoffiXsponR570.02Fg190000	HSF	TFF
SoffiXsponR570.02Fg201000	C3H	TFF
SoffiXsponR570.02Fg207400	bZIP	TFF
SoffiXsponR570.02Fg211600	HMG	OTR
SoffiXsponR570.02Fg214500	ARF	TFF
SoffiXsponR570.02Fg215000	DDT	OTR
SoffiXsponR570.02Fg216300	C2C2-Dof	TFF
SoffiXsponR570.02Fg217800	AUX/IAA	OTR
SoffiXsponR570.02Fg227500	ABI3VP1	TFF
SoffiXsponR570.02Fg227500	AP2-EREBP	TFF
SoffiXsponR570.02Fg229600	MYB	TFF
SoffiXsponR570.02Fg235200	bHLH	TFF
SoffiXsponR570.02Fg236500	MYB-related	TFF
SoffiXsponR570.02Fg238700	ABI3VP1	TFF
SoffiXsponR570.02Fg239300	WRKY	TFF
SoffiXsponR570.02Fg244600	MADS	TFF
SoffiXsponR570.02Fg248200	OFP	TFF
SoffiXsponR570.02Fg251300	SWI/SNF-BAF60b	OTR
SoffiXsponR570.02Fg253100	HB	TFF
SoffiXsponR570.02Fg254600	OFP	TFF
SoffiXsponR570.02Fg254900	WRKY	TFF
SoffiXsponR570.02Fg256500	VOZ	TFF
SoffiXsponR570.02Fg257900	ARF	TFF
SoffiXsponR570.02Fg261600	TUB	TFF
SoffiXsponR570.02Fg265800	NAC	TFF
SoffiXsponR570.02Fg266100	zf-A20	TFF
SoffiXsponR570.02Fg267400	TRAF	OTR
SoffiXsponR570.02Fg271400	bHLH	TFF
SoffiXsponR570.02Fg274700	Top	TFF
SoffiXsponR570.02Fg288900	bZIP	TFF
SoffiXsponR570.02Fg291500	bZIP	TFF
SoffiXsponR570.02Fg291600	AP2-EREBP	TFF
SoffiXsponR570.02Fg294400	NAC	TFF
SoffiXsponR570.02Fg297400	WRKY	TFF
SoffiXsponR570.02Fg297500	WRKY	TFF
SoffiXsponR570.02Fg306400	CCAAT	TFF
SoffiXsponR570.02Fg309100	CCAAT	TFF
SoffiXsponR570.02Fg309400	C2H2	TFF
SoffiXsponR570.02Fg309600	bZIP	TFF
SoffiXsponR570.02Fg312200	OFP	TFF
SoffiXsponR570.02Fg314400	bZIP	TFF
SoffiXsponR570.02Fg316300	C2H2	TFF
SoffiXsponR570.02Fg318600	MYB	TFF
SoffiXsponR570.02Fg323600	GRAS	TFF
SoffiXsponR570.02Fg325300	NAC	TFF
SoffiXsponR570.02Fg326300	AP2-EREBP	TFF
SoffiXsponR570.02Fg327500	NAC	TFF
SoffiXsponR570.02Fg330900	TAZ	TFF
SoffiXsponR570.02Fg330900	TRAF	OTR
SoffiXsponR570.02Fg336400	bHLH	TFF
SoffiXsponR570.02Fg338100	GRAS	TFF
SoffiXsponR570.02Fg340000	Jumonji	OTR
SoffiXsponR570.02Fg340500	TAZ	TFF
SoffiXsponR570.02Fg344000	ABI3VP1	TFF
SoffiXsponR570.02Fg346400	bHLH	TFF
SoffiXsponR570.02Fg347600	C3H	TFF
SoffiXsponR570.02Fg355900	NAC	TFF
SoffiXsponR570.02Fg357800	SET	OTR
SoffiXsponR570.02Fg358200	ARF	TFF
SoffiXsponR570.02Fg363600	C2H2	TFF
SoffiXsponR570.02Fg364000	CCAAT	TFF
SoffiXsponR570.02Gg003100	bHLH	TFF
SoffiXsponR570.02Gg003200	zf-BED	TFF
SoffiXsponR570.02Gg005400	bHLH	TFF
SoffiXsponR570.02Gg005600	bHLH	TFF
SoffiXsponR570.02Gg008700	NAC	TFF
SoffiXsponR570.02Gg013900	NAC	TFF
SoffiXsponR570.02Gg018100	Top	TFF
SoffiXsponR570.02Gg019900	C3H	TFF
SoffiXsponR570.02Gg020100	C3H	TFF
SoffiXsponR570.02Gg021800	NAC	TFF
SoffiXsponR570.02Gg023200	C2C2-Dof	TFF
SoffiXsponR570.02Gg029900	MYB	TFF
SoffiXsponR570.02Gg033300	SBP	TFF
SoffiXsponR570.02Gg035300	MYB	TFF
SoffiXsponR570.02Gg037100	HB	TFF
SoffiXsponR570.02Gg041100	AP2-EREBP	TFF
SoffiXsponR570.02Gg044100	Top	TFF
SoffiXsponR570.02Gg049800	C2C2-GATA	TFF
SoffiXsponR570.02Gg052400	SAP	TFF
SoffiXsponR570.02Gg069100	MYB	TFF
SoffiXsponR570.02Gg084900	WRKY	TFF
SoffiXsponR570.02Gg085600	PLATZ	TFF
SoffiXsponR570.02Gg098800	GNAT	OTR
SoffiXsponR570.02Gg102400	MADS	TFF
SoffiXsponR570.02Gg102700	C3H	TFF
SoffiXsponR570.02Gg105400	MYB-related	TFF
SoffiXsponR570.02Gg109100	OFP	TFF
SoffiXsponR570.02Gg124300	MYB-related	TFF
SoffiXsponR570.02Gg126100	HMG	OTR
SoffiXsponR570.02Gg128700	ARF	TFF
SoffiXsponR570.02Gg129200	DDT	OTR
SoffiXsponR570.02Gg131700	AUX/IAA	OTR
SoffiXsponR570.02Gg137700	Top	TFF
SoffiXsponR570.02Gg143800	AP2-EREBP	TFF
SoffiXsponR570.02Gg145500	MYB	TFF
SoffiXsponR570.02Gg150700	bHLH	TFF
SoffiXsponR570.02Gg150800	Coactivator_p15	OTR
SoffiXsponR570.02Gg153900	ABI3VP1	TFF
SoffiXsponR570.02Gg154400	WRKY	TFF
SoffiXsponR570.02Gg163600	WRKY	TFF
SoffiXsponR570.02Gg164600	OFP	TFF
SoffiXsponR570.02Gg165600	HSF	TFF
SoffiXsponR570.02Gg170200	AUX/IAA	OTR
SoffiXsponR570.02Gg172200	SWI/SNF-BAF60b	OTR
SoffiXsponR570.02Gg174100	HB	TFF
SoffiXsponR570.02Gg175700	HSF	TFF
SoffiXsponR570.02Gg176300	WRKY	TFF
SoffiXsponR570.02Gg178100	VOZ	TFF
SoffiXsponR570.02Gg179900	bZIP	TFF
SoffiXsponR570.02Gg182200	TUB	TFF
SoffiXsponR570.02Gg184500	TCP	TFF
SoffiXsponR570.02Gg187200	BSD	TFF
SoffiXsponR570.02Gg188000	TRAF	OTR
SoffiXsponR570.02Gg192500	bHLH	TFF
SoffiXsponR570.02Gg196100	Top	TFF
SoffiXsponR570.02Gg204000	AP2-EREBP	TFF
SoffiXsponR570.02Gg204100	AP2-EREBP	TFF
SoffiXsponR570.02Gg206700	bZIP	TFF
SoffiXsponR570.02Gg212300	MYB	TFF
SoffiXsponR570.02Gg213500	bZIP	TFF
SoffiXsponR570.02Gg213600	AP2-EREBP	TFF
SoffiXsponR570.02Gg215800	NAC	TFF
SoffiXsponR570.02Gg218500	WRKY	TFF
SoffiXsponR570.02Gg218600	WRKY	TFF
SoffiXsponR570.02Gg218700	WRKY	TFF
SoffiXsponR570.02Gg222200	WRKY	TFF
SoffiXsponR570.02Gg230600	C2H2	TFF
SoffiXsponR570.02Gg230800	C2H2	TFF
SoffiXsponR570.02Gg233400	WRKY	TFF
SoffiXsponR570.02Gg236500	HB	TFF
SoffiXsponR570.02Gg240100	MYB	TFF
SoffiXsponR570.02Gg243800	C2H2	TFF
SoffiXsponR570.02Gg245800	MYB-related	TFF
SoffiXsponR570.02Gg248600	bZIP	TFF
SoffiXsponR570.02Gg250700	C2H2	TFF
SoffiXsponR570.02Gg253000	MYB	TFF
SoffiXsponR570.02Gg255300	PHD	OTR
SoffiXsponR570.02Gg256400	SET	OTR
SoffiXsponR570.02Gg257700	GRAS	TFF
SoffiXsponR570.02Gg259400	NAC	TFF
SoffiXsponR570.02Gg259600	SWI/SNF-BAF60b	OTR
SoffiXsponR570.02Gg264300	TAZ	TFF
SoffiXsponR570.02Gg264300	TRAF	OTR
SoffiXsponR570.02Gg270400	bHLH	TFF
SoffiXsponR570.02Gg271700	GRAS	TFF
SoffiXsponR570.02Gg272400	ABI3VP1	TFF
SoffiXsponR570.02Gg273500	Jumonji	OTR
SoffiXsponR570.02Gg274100	TAZ	TFF
SoffiXsponR570.02Gg274100	TRAF	OTR
SoffiXsponR570.02Gg279000	bHLH	TFF
SoffiXsponR570.02Gg280100	C3H	TFF
SoffiXsponR570.02Gg285900	SBP	TFF
SoffiXsponR570.02Gg286500	TIG	TFF
SoffiXsponR570.02Gg287700	Top	TFF
SoffiXsponR570.02Gg287800	TCP	TFF
SoffiXsponR570.02Gg289300	MYB	TFF
SoffiXsponR570.02Gg291300	ARF	TFF
SoffiXsponR570.02Gg291600	bHLH	TFF
SoffiXsponR570.02Gg296400	CCAAT	TFF
SoffiXsponR570.02Gg303800	TRAF	OTR
SoffiXsponR570.02Gg308900	bHLH	TFF
SoffiXsponR570.02Gg314900	Top	TFF
SoffiXsponR570.02Gg321000	MYB-related	TFF
SoffiXsponR570.03Ag001100	bZIP	TFF
SoffiXsponR570.03Ag003400	MADS	TFF
SoffiXsponR570.03Ag006200	Jumonji	OTR
SoffiXsponR570.03Ag010500	MYB	TFF
SoffiXsponR570.03Ag011500	bHLH	TFF
SoffiXsponR570.03Ag018800	bHLH	TFF
SoffiXsponR570.03Ag019400	CSD	TFF
SoffiXsponR570.03Ag028300	BES1	TFF
SoffiXsponR570.03Ag032200	PHD	OTR
SoffiXsponR570.03Ag034500	RWP-RK	TFF
SoffiXsponR570.03Ag035400	TAZ	TFF
SoffiXsponR570.03Ag036600	MYB-related	TFF
SoffiXsponR570.03Ag037000	SBP	TFF
SoffiXsponR570.03Ag037900	ARF	TFF
SoffiXsponR570.03Ag039400	PAS	TFF
SoffiXsponR570.03Ag044500	AP2-EREBP	TFF
SoffiXsponR570.03Ag045000	PBF-2-like	TFF
SoffiXsponR570.03Ag049300	ARF	TFF
SoffiXsponR570.03Ag054500	bZIP	TFF
SoffiXsponR570.03Ag055600	SBP	TFF
SoffiXsponR570.03Ag056500	PLATZ	TFF
SoffiXsponR570.03Ag060700	SBP	TFF
SoffiXsponR570.03Ag063800	WRKY	TFF
SoffiXsponR570.03Ag064600	ARR-B	TFF
SoffiXsponR570.03Ag065100	HB	TFF
SoffiXsponR570.03Ag069700	MYB	TFF
SoffiXsponR570.03Ag073600	bZIP	TFF
SoffiXsponR570.03Ag074500	PHD	OTR
SoffiXsponR570.03Ag077700	zf-A20	TFF
SoffiXsponR570.03Ag083400	AP2-EREBP	TFF
SoffiXsponR570.03Ag084200	bZIP	TFF
SoffiXsponR570.03Ag084300	bZIP	TFF
SoffiXsponR570.03Ag087500	Top	TFF
SoffiXsponR570.03Ag093900	C2C2-GATA	TFF
SoffiXsponR570.03Ag097400	AP2-EREBP	TFF
SoffiXsponR570.03Ag098200	HSF	TFF
SoffiXsponR570.03Ag100700	MYB-related	TFF
SoffiXsponR570.03Ag105300	NAC	TFF
SoffiXsponR570.03Ag106500	C3H	TFF
SoffiXsponR570.03Ag114800	MYB	TFF
SoffiXsponR570.03Ag119300	Tudor-knot	OTR
SoffiXsponR570.03Ag119600	GeBP	TFF
SoffiXsponR570.03Ag121400	bHLH	TFF
SoffiXsponR570.03Ag127400	WRKY	TFF
SoffiXsponR570.03Ag128400	bHLH	TFF
SoffiXsponR570.03Ag128700	zf-BED	TFF
SoffiXsponR570.03Ag129900	ARID	OTR
SoffiXsponR570.03Ag142500	WRKY	TFF
SoffiXsponR570.03Ag148300	HSF	TFF
SoffiXsponR570.03Ag156900	AP2-EREBP	TFF
SoffiXsponR570.03Ag159100	MYB-related	TFF
SoffiXsponR570.03Ag160900	Coactivator_p15	OTR
SoffiXsponR570.03Ag161200	SET	OTR
SoffiXsponR570.03Ag161800	NAC	TFF
SoffiXsponR570.03Ag162800	DDT	OTR
SoffiXsponR570.03Ag163800	C3H	TFF
SoffiXsponR570.03Ag164000	ARF	TFF
SoffiXsponR570.03Ag164800	AP2-EREBP	TFF
SoffiXsponR570.03Ag166800	Alfin-like	TFF
SoffiXsponR570.03Ag172500	EIL	TFF
SoffiXsponR570.03Ag175300	MYB	TFF
SoffiXsponR570.03Ag189500	mTERF	OTR
SoffiXsponR570.03Ag195500	FAR1	TFF
SoffiXsponR570.03Ag197600	C2C2-CO-like	TFF
SoffiXsponR570.03Ag200900	AP2-EREBP	TFF
SoffiXsponR570.03Ag204500	Pseudo_ARR-B	OTR
SoffiXsponR570.03Ag204800	MYB	TFF
SoffiXsponR570.03Ag205900	SET	OTR
SoffiXsponR570.03Ag209600	ARF	TFF
SoffiXsponR570.03Ag216600	AP2-EREBP	TFF
SoffiXsponR570.03Ag219700	LIM	TFF
SoffiXsponR570.03Ag219900	MYB	TFF
SoffiXsponR570.03Ag220800	C2C2-YABBY	TFF
SoffiXsponR570.03Ag221200	C2H2	TFF
SoffiXsponR570.03Ag224800	bHLH	TFF
SoffiXsponR570.03Ag225000	MYB-related	TFF
SoffiXsponR570.03Ag225700	GRF	TFF
SoffiXsponR570.03Ag226900	MYB-related	TFF
SoffiXsponR570.03Ag227000	zf-C5HC2	TFF
SoffiXsponR570.03Ag228700	GNAT	OTR
SoffiXsponR570.03Ag229600	PLATZ	TFF
SoffiXsponR570.03Ag229800	bHLH	TFF
SoffiXsponR570.03Ag234800	MADS	TFF
SoffiXsponR570.03Ag235700	MYB-related	TFF
SoffiXsponR570.03Ag236100	OFP	TFF
SoffiXsponR570.03Ag237300	AP2-EREBP	TFF
SoffiXsponR570.03Ag239500	C2H2	TFF
SoffiXsponR570.03Ag244500	GRAS	TFF
SoffiXsponR570.03Ag244600	GRAS	TFF
SoffiXsponR570.03Ag248300	AP2-EREBP	TFF
SoffiXsponR570.03Ag248400	AP2-EREBP	TFF
SoffiXsponR570.03Ag250000	AP2-EREBP	TFF
SoffiXsponR570.03Ag250300	AP2-EREBP	TFF
SoffiXsponR570.03Ag252000	WRKY	TFF
SoffiXsponR570.03Ag255100	TUB	TFF
SoffiXsponR570.03Ag255300	bHLH	TFF
SoffiXsponR570.03Ag255800	zf-HD	TFF
SoffiXsponR570.03Ag256300	C2C2-Dof	TFF
SoffiXsponR570.03Ag257000	SET	OTR
SoffiXsponR570.03Ag261000	ARID	OTR
SoffiXsponR570.03Ag268000	SET	OTR
SoffiXsponR570.03Ag269500	C2C2-Dof	TFF
SoffiXsponR570.03Ag270000	bHLH	TFF
SoffiXsponR570.03Ag273600	C2C2-CO-like	TFF
SoffiXsponR570.03Ag274200	MYB	TFF
SoffiXsponR570.03Ag275000	SET	OTR
SoffiXsponR570.03Ag279900	E2F-DP	TFF
SoffiXsponR570.03Ag285300	NAC	TFF
SoffiXsponR570.03Ag286400	AP2-EREBP	TFF
SoffiXsponR570.03Ag286500	bHLH	TFF
SoffiXsponR570.03Ag288300	mTERF	OTR
SoffiXsponR570.03Ag288700	mTERF	OTR
SoffiXsponR570.03Ag291000	AP2-EREBP	TFF
SoffiXsponR570.03Ag292300	MYB	TFF
SoffiXsponR570.03Ag300100	bZIP	TFF
SoffiXsponR570.03Ag301100	AP2-EREBP	TFF
SoffiXsponR570.03Ag301800	GeBP	TFF
SoffiXsponR570.03Ag302600	WRKY	TFF
SoffiXsponR570.03Ag303000	Top	TFF
SoffiXsponR570.03Ag304300	GNAT	OTR
SoffiXsponR570.03Ag307000	CCAAT	TFF
SoffiXsponR570.03Ag309900	AP2-EREBP	TFF
SoffiXsponR570.03Ag311400	AP2-EREBP	TFF
SoffiXsponR570.03Ag312900	MYB	TFF
SoffiXsponR570.03Ag319400	bHLH	TFF
SoffiXsponR570.03Ag320100	ARR-B	TFF
SoffiXsponR570.03Ag320100	MYB-related	TFF
SoffiXsponR570.03Ag320500	AP2-EREBP	TFF
SoffiXsponR570.03Ag322000	DBP	TFF
SoffiXsponR570.03Ag325400	AUX/IAA	OTR
SoffiXsponR570.03Ag325600	bHLH	TFF
SoffiXsponR570.03Ag326600	C2C2-GATA	TFF
SoffiXsponR570.03Ag328300	zf-C5HC2	TFF
SoffiXsponR570.03Ag335000	AUX/IAA	OTR
SoffiXsponR570.03Ag340900	C2H2	TFF
SoffiXsponR570.03Ag342100	NAC	TFF
SoffiXsponR570.03Ag348800	C3H	TFF
SoffiXsponR570.03Bg003700	MADS	TFF
SoffiXsponR570.03Bg013000	bHLH	TFF
SoffiXsponR570.03Bg019400	bHLH	TFF
SoffiXsponR570.03Bg020000	CSD	TFF
SoffiXsponR570.03Bg022600	PHD	OTR
SoffiXsponR570.03Bg029600	bZIP	TFF
SoffiXsponR570.03Bg030500	BES1	TFF
SoffiXsponR570.03Bg031000	SWI/SNF-BAF60b	OTR
SoffiXsponR570.03Bg034700	PHD	OTR
SoffiXsponR570.03Bg037100	RWP-RK	TFF
SoffiXsponR570.03Bg037900	TAZ	TFF
SoffiXsponR570.03Bg038000	TAZ	TFF
SoffiXsponR570.03Bg039700	MYB-related	TFF
SoffiXsponR570.03Bg040100	SBP	TFF
SoffiXsponR570.03Bg040700	ARF	TFF
SoffiXsponR570.03Bg045800	AP2-EREBP	TFF
SoffiXsponR570.03Bg046300	PBF-2-like	TFF
SoffiXsponR570.03Bg051400	ARF	TFF
SoffiXsponR570.03Bg056900	PLATZ	TFF
SoffiXsponR570.03Bg058800	bZIP	TFF
SoffiXsponR570.03Bg060600	SBP	TFF
SoffiXsponR570.03Bg061700	C2C2-CO-like	TFF
SoffiXsponR570.03Bg063900	WRKY	TFF
SoffiXsponR570.03Bg064600	ARR-B	TFF
SoffiXsponR570.03Bg065100	HB	TFF
SoffiXsponR570.03Bg066000	PLATZ	TFF
SoffiXsponR570.03Bg068700	MYB	TFF
SoffiXsponR570.03Bg079500	AP2-EREBP	TFF
SoffiXsponR570.03Bg080300	HSF	TFF
SoffiXsponR570.03Bg085200	bZIP	TFF
SoffiXsponR570.03Bg090200	bHLH	TFF
SoffiXsponR570.03Bg090500	HMG	OTR
SoffiXsponR570.03Bg096800	MYB	TFF
SoffiXsponR570.03Bg097600	CPP	TFF
SoffiXsponR570.03Bg101500	GeBP	TFF
SoffiXsponR570.03Bg110100	WRKY	TFF
SoffiXsponR570.03Bg111100	bHLH	TFF
SoffiXsponR570.03Bg112900	ARID	OTR
SoffiXsponR570.03Bg112900	HMG	OTR
SoffiXsponR570.03Bg117200	HSF	TFF
SoffiXsponR570.03Bg125900	AP2-EREBP	TFF
SoffiXsponR570.03Bg129900	HSF	TFF
SoffiXsponR570.03Bg134600	MADS	TFF
SoffiXsponR570.03Bg139300	MYB-related	TFF
SoffiXsponR570.03Bg141200	SET	OTR
SoffiXsponR570.03Bg142900	DDT	OTR
SoffiXsponR570.03Bg143700	C3H	TFF
SoffiXsponR570.03Bg143900	ARF	TFF
SoffiXsponR570.03Bg144700	AP2-EREBP	TFF
SoffiXsponR570.03Bg146800	Alfin-like	TFF
SoffiXsponR570.03Bg147800	bHLH	TFF
SoffiXsponR570.03Bg151900	C2H2	TFF
SoffiXsponR570.03Bg157600	MYB	TFF
SoffiXsponR570.03Bg167800	TRAF	OTR
SoffiXsponR570.03Bg168900	ABI3VP1	TFF
SoffiXsponR570.03Bg170800	mTERF	OTR
SoffiXsponR570.03Bg173800	FAR1	TFF
SoffiXsponR570.03Bg175900	C2C2-CO-like	TFF
SoffiXsponR570.03Bg176800	SET	OTR
SoffiXsponR570.03Bg182100	SET	OTR
SoffiXsponR570.03Bg183600	NAC	TFF
SoffiXsponR570.03Bg188900	AP2-EREBP	TFF
SoffiXsponR570.03Bg191100	LIM	TFF
SoffiXsponR570.03Bg191200	MYB	TFF
SoffiXsponR570.03Bg192200	C2C2-YABBY	TFF
SoffiXsponR570.03Bg195900	WRKY	TFF
SoffiXsponR570.03Bg197400	AP2-EREBP	TFF
SoffiXsponR570.03Bg199400	AP2-EREBP	TFF
SoffiXsponR570.03Bg199600	AP2-EREBP	TFF
SoffiXsponR570.03Bg208900	C2H2	TFF
SoffiXsponR570.03Bg211000	AP2-EREBP	TFF
SoffiXsponR570.03Bg211900	OFP	TFF
SoffiXsponR570.03Bg212300	MYB-related	TFF
SoffiXsponR570.03Bg214700	MYB-related	TFF
SoffiXsponR570.03Bg218000	PLATZ	TFF
SoffiXsponR570.03Bg220400	MYB-related	TFF
SoffiXsponR570.03Bg223100	bHLH	TFF
SoffiXsponR570.03Bg223300	MYB-related	TFF
SoffiXsponR570.03Bg226300	TUB	TFF
SoffiXsponR570.03Bg226500	bHLH	TFF
SoffiXsponR570.03Bg238100	C2C2-CO-like	TFF
SoffiXsponR570.03Bg238700	SET	OTR
SoffiXsponR570.03Bg240100	C2C2-Dof	TFF
SoffiXsponR570.03Bg240600	bHLH	TFF
SoffiXsponR570.03Bg241300	bZIP	TFF
SoffiXsponR570.03Bg244100	NAC	TFF
SoffiXsponR570.03Bg244500	C2C2-CO-like	TFF
SoffiXsponR570.03Bg245400	MYB	TFF
SoffiXsponR570.03Bg246400	SET	OTR
SoffiXsponR570.03Bg250800	E2F-DP	TFF
SoffiXsponR570.03Bg255800	NAC	TFF
SoffiXsponR570.03Bg258500	mTERF	OTR
SoffiXsponR570.03Bg261000	AP2-EREBP	TFF
SoffiXsponR570.03Bg262300	MYB	TFF
SoffiXsponR570.03Bg262800	SWI/SNF-SWI3	OTR
SoffiXsponR570.03Bg266900	MADS	TFF
SoffiXsponR570.03Bg268900	AP2-EREBP	TFF
SoffiXsponR570.03Bg269600	bZIP	TFF
SoffiXsponR570.03Bg270600	AP2-EREBP	TFF
SoffiXsponR570.03Bg272000	WRKY	TFF
SoffiXsponR570.03Bg272400	Top	TFF
SoffiXsponR570.03Bg276100	MYB-related	TFF
SoffiXsponR570.03Bg276500	GRF	TFF
SoffiXsponR570.03Bg278900	AP2-EREBP	TFF
SoffiXsponR570.03Bg280600	AP2-EREBP	TFF
SoffiXsponR570.03Bg289400	ARR-B	TFF
SoffiXsponR570.03Bg289800	AP2-EREBP	TFF
SoffiXsponR570.03Bg295800	C2C2-GATA	TFF
SoffiXsponR570.03Bg307900	C2H2	TFF
SoffiXsponR570.03Bg309100	NAC	TFF
SoffiXsponR570.03Bg310300	C2H2	TFF
SoffiXsponR570.03Bg313600	TCP	TFF
SoffiXsponR570.03Bg316100	C3H	TFF
SoffiXsponR570.03Bg317800	bZIP	TFF
SoffiXsponR570.03Cg001000	bZIP	TFF
SoffiXsponR570.03Cg003900	MADS	TFF
SoffiXsponR570.03Cg004100	MADS	TFF
SoffiXsponR570.03Cg007900	zf-BED	TFF
SoffiXsponR570.03Cg012800	bHLH	TFF
SoffiXsponR570.03Cg019500	bHLH	TFF
SoffiXsponR570.03Cg020000	CSD	TFF
SoffiXsponR570.03Cg029000	bZIP	TFF
SoffiXsponR570.03Cg030000	BES1	TFF
SoffiXsponR570.03Cg030500	SWI/SNF-BAF60b	OTR
SoffiXsponR570.03Cg036200	RWP-RK	TFF
SoffiXsponR570.03Cg037000	TAZ	TFF
SoffiXsponR570.03Cg038300	MYB-related	TFF
SoffiXsponR570.03Cg038800	SBP	TFF
SoffiXsponR570.03Cg039700	ARF	TFF
SoffiXsponR570.03Cg044800	PAS	TFF
SoffiXsponR570.03Cg050300	AP2-EREBP	TFF
SoffiXsponR570.03Cg051000	PBF-2-like	TFF
SoffiXsponR570.03Cg055200	ARF	TFF
SoffiXsponR570.03Cg061600	PLATZ	TFF
SoffiXsponR570.03Cg062800	MYB-related	TFF
SoffiXsponR570.03Cg064100	bZIP	TFF
SoffiXsponR570.03Cg067000	HB	TFF
SoffiXsponR570.03Cg071300	MYB	TFF
SoffiXsponR570.03Cg072800	zf-A20	TFF
SoffiXsponR570.03Cg080400	Top	TFF
SoffiXsponR570.03Cg089500	bHLH	TFF
SoffiXsponR570.03Cg094500	AP2-EREBP	TFF
SoffiXsponR570.03Cg094700	bHLH	TFF
SoffiXsponR570.03Cg095500	HSF	TFF
SoffiXsponR570.03Cg098800	MYB-related	TFF
SoffiXsponR570.03Cg100700	bZIP	TFF
SoffiXsponR570.03Cg105000	C3H	TFF
SoffiXsponR570.03Cg106200	HMG	OTR
SoffiXsponR570.03Cg108400	WRKY	TFF
SoffiXsponR570.03Cg112300	MYB	TFF
SoffiXsponR570.03Cg112800	CPP	TFF
SoffiXsponR570.03Cg116400	Tudor-knot	OTR
SoffiXsponR570.03Cg116700	GeBP	TFF
SoffiXsponR570.03Cg123200	WRKY	TFF
SoffiXsponR570.03Cg124200	bHLH	TFF
SoffiXsponR570.03Cg126100	ARID	OTR
SoffiXsponR570.03Cg139100	AP2-EREBP	TFF
SoffiXsponR570.03Cg140300	C2H2	TFF
SoffiXsponR570.03Cg142100	C2H2	TFF
SoffiXsponR570.03Cg142700	HSF	TFF
SoffiXsponR570.03Cg148000	MADS	TFF
SoffiXsponR570.03Cg148200	E2F-DP	TFF
SoffiXsponR570.03Cg152000	AP2-EREBP	TFF
SoffiXsponR570.03Cg154200	C2H2	TFF
SoffiXsponR570.03Cg155200	Coactivator_p15	OTR
SoffiXsponR570.03Cg155400	SET	OTR
SoffiXsponR570.03Cg156000	NAC	TFF
SoffiXsponR570.03Cg157300	DDT	OTR
SoffiXsponR570.03Cg157700	C3H	TFF
SoffiXsponR570.03Cg157900	ARF	TFF
SoffiXsponR570.03Cg158900	AP2-EREBP	TFF
SoffiXsponR570.03Cg161200	Alfin-like	TFF
SoffiXsponR570.03Cg162200	bHLH	TFF
SoffiXsponR570.03Cg165900	C2H2	TFF
SoffiXsponR570.03Cg166600	EIL	TFF
SoffiXsponR570.03Cg169100	NAC	TFF
SoffiXsponR570.03Cg169200	MYB	TFF
SoffiXsponR570.03Cg179500	TRAF	OTR
SoffiXsponR570.03Cg182000	mTERF	OTR
SoffiXsponR570.03Cg185000	FAR1	TFF
SoffiXsponR570.03Cg186700	C2C2-CO-like	TFF
SoffiXsponR570.03Cg187600	SET	OTR
SoffiXsponR570.03Cg190400	AP2-EREBP	TFF
SoffiXsponR570.03Cg193600	Pseudo_ARR-B	OTR
SoffiXsponR570.03Cg193800	MYB	TFF
SoffiXsponR570.03Cg196400	MYB	TFF
SoffiXsponR570.03Cg197800	ARF	TFF
SoffiXsponR570.03Cg204400	AP2-EREBP	TFF
SoffiXsponR570.03Cg206600	MYB	TFF
SoffiXsponR570.03Cg209500	C2C2-GATA	TFF
SoffiXsponR570.03Cg211600	SET	OTR
SoffiXsponR570.03Cg213400	AP2-EREBP	TFF
SoffiXsponR570.03Cg215400	AP2-EREBP	TFF
SoffiXsponR570.03Cg215500	AP2-EREBP	TFF
SoffiXsponR570.03Cg215600	AP2-EREBP	TFF
SoffiXsponR570.03Cg219300	GRAS	TFF
SoffiXsponR570.03Cg225700	C2C2-Dof	TFF
SoffiXsponR570.03Cg226800	AP2-EREBP	TFF
SoffiXsponR570.03Cg227100	AP2-EREBP	TFF
SoffiXsponR570.03Cg227700	GRF	TFF
SoffiXsponR570.03Cg228400	MYB-related	TFF
SoffiXsponR570.03Cg234400	PLATZ	TFF
SoffiXsponR570.03Cg235800	MYB-related	TFF
SoffiXsponR570.03Cg235800	MYB	TFF
SoffiXsponR570.03Cg238100	GRF	TFF
SoffiXsponR570.03Cg244100	AP2-EREBP	TFF
SoffiXsponR570.03Cg245200	bZIP	TFF
SoffiXsponR570.03Cg252100	SWI/SNF-SWI3	OTR
SoffiXsponR570.03Cg252600	MYB	TFF
SoffiXsponR570.03Cg253800	AP2-EREBP	TFF
SoffiXsponR570.03Cg256100	mTERF	OTR
SoffiXsponR570.03Cg256300	mTERF	OTR
SoffiXsponR570.03Cg258200	bHLH	TFF
SoffiXsponR570.03Cg259200	NAC	TFF
SoffiXsponR570.03Cg264300	E2F-DP	TFF
SoffiXsponR570.03Cg270000	MYB	TFF
SoffiXsponR570.03Cg270600	C2C2-CO-like	TFF
SoffiXsponR570.03Cg273600	bZIP	TFF
SoffiXsponR570.03Cg274300	bHLH	TFF
SoffiXsponR570.03Cg274600	BSD	TFF
SoffiXsponR570.03Cg276200	SET	OTR
SoffiXsponR570.03Cg282800	ARID	OTR
SoffiXsponR570.03Cg286800	CCAAT	TFF
SoffiXsponR570.03Cg289000	bHLH	TFF
SoffiXsponR570.03Cg292100	MYB-related	TFF
SoffiXsponR570.03Cg293800	WRKY	TFF
SoffiXsponR570.03Cg295100	MYB-related	TFF
SoffiXsponR570.03Cg297500	NOT2_3_5	OTR
SoffiXsponR570.03Cg298100	AP2-EREBP	TFF
SoffiXsponR570.03Cg299400	MYB	TFF
SoffiXsponR570.03Cg306400	ARR-B	TFF
SoffiXsponR570.03Cg306400	MYB-related	TFF
SoffiXsponR570.03Cg306800	AP2-EREBP	TFF
SoffiXsponR570.03Cg308800	DBP	TFF
SoffiXsponR570.03Cg312400	bHLH	TFF
SoffiXsponR570.03Cg313600	C2C2-GATA	TFF
SoffiXsponR570.03Cg315000	NAC	TFF
SoffiXsponR570.03Cg322100	AUX/IAA	OTR
SoffiXsponR570.03Cg331000	zf-fF-X1	TFF
SoffiXsponR570.03Cg335800	bZIP	TFF
SoffiXsponR570.03Dg001000	bZIP	TFF
SoffiXsponR570.03Dg020600	CSD	TFF
SoffiXsponR570.03Dg022200	FAR1	TFF
SoffiXsponR570.03Dg023000	PHD	OTR
SoffiXsponR570.03Dg029300	bZIP	TFF
SoffiXsponR570.03Dg030300	BES1	TFF
SoffiXsponR570.03Dg033600	PHD	OTR
SoffiXsponR570.03Dg035900	RWP-RK	TFF
SoffiXsponR570.03Dg037900	MYB-related	TFF
SoffiXsponR570.03Dg038300	SBP	TFF
SoffiXsponR570.03Dg038900	ARF	TFF
SoffiXsponR570.03Dg038900	AUX/IAA	OTR
SoffiXsponR570.03Dg041000	PHD	OTR
SoffiXsponR570.03Dg043400	PAS	TFF
SoffiXsponR570.03Dg048800	AP2-EREBP	TFF
SoffiXsponR570.03Dg049300	PBF-2-like	TFF
SoffiXsponR570.03Dg053100	MADS	TFF
SoffiXsponR570.03Dg053400	ARF	TFF
SoffiXsponR570.03Dg060000	PLATZ	TFF
SoffiXsponR570.03Dg061000	MYB-related	TFF
SoffiXsponR570.03Dg062100	bZIP	TFF
SoffiXsponR570.03Dg066400	C2C2-CO-like	TFF
SoffiXsponR570.03Dg067900	TUB	TFF
SoffiXsponR570.03Dg069000	WRKY	TFF
SoffiXsponR570.03Dg069800	ARR-B	TFF
SoffiXsponR570.03Dg070300	HB	TFF
SoffiXsponR570.03Dg073800	MYB	TFF
SoffiXsponR570.03Dg078200	PHD	OTR
SoffiXsponR570.03Dg081000	zf-A20	TFF
SoffiXsponR570.03Dg087100	bZIP	TFF
SoffiXsponR570.03Dg091600	Top	TFF
SoffiXsponR570.03Dg097900	bHLH	TFF
SoffiXsponR570.03Dg099900	HB	TFF
SoffiXsponR570.03Dg101100	AUX/IAA	OTR
SoffiXsponR570.03Dg102100	AP2-EREBP	TFF
SoffiXsponR570.03Dg102900	HSF	TFF
SoffiXsponR570.03Dg106600	MYB-related	TFF
SoffiXsponR570.03Dg112000	C3H	TFF
SoffiXsponR570.03Dg116200	WRKY	TFF
SoffiXsponR570.03Dg120500	MYB	TFF
SoffiXsponR570.03Dg125700	GeBP	TFF
SoffiXsponR570.03Dg134400	WRKY	TFF
SoffiXsponR570.03Dg135300	bHLH	TFF
SoffiXsponR570.03Dg137100	ARID	OTR
SoffiXsponR570.03Dg137100	HMG	OTR
SoffiXsponR570.03Dg141800	HSF	TFF
SoffiXsponR570.03Dg150900	C2H2	TFF
SoffiXsponR570.03Dg152800	HSF	TFF
SoffiXsponR570.03Dg165000	AP2-EREBP	TFF
SoffiXsponR570.03Dg165200	bHLH	TFF
SoffiXsponR570.03Dg167000	C2H2	TFF
SoffiXsponR570.03Dg168000	Coactivator_p15	OTR
SoffiXsponR570.03Dg168700	SET	OTR
SoffiXsponR570.03Dg169300	NAC	TFF
SoffiXsponR570.03Dg170900	C3H	TFF
SoffiXsponR570.03Dg171100	ARF	TFF
SoffiXsponR570.03Dg172000	AP2-EREBP	TFF
SoffiXsponR570.03Dg174500	Alfin-like	TFF
SoffiXsponR570.03Dg175500	bHLH	TFF
SoffiXsponR570.03Dg179100	C2H2	TFF
SoffiXsponR570.03Dg180000	EIL	TFF
SoffiXsponR570.03Dg182800	NAC	TFF
SoffiXsponR570.03Dg182900	MYB	TFF
SoffiXsponR570.03Dg195800	ABI3VP1	TFF
SoffiXsponR570.03Dg197700	mTERF	OTR
SoffiXsponR570.03Dg201300	FAR1	TFF
SoffiXsponR570.03Dg201400	FAR1	TFF
SoffiXsponR570.03Dg206400	AP2-EREBP	TFF
SoffiXsponR570.03Dg208800	Pseudo_ARR-B	OTR
SoffiXsponR570.03Dg209000	MYB	TFF
SoffiXsponR570.03Dg210200	SET	OTR
SoffiXsponR570.03Dg212200	MYB	TFF
SoffiXsponR570.03Dg214100	ARF	TFF
SoffiXsponR570.03Dg218700	TCP	TFF
SoffiXsponR570.03Dg220800	AP2-EREBP	TFF
SoffiXsponR570.03Dg223200	MYB	TFF
SoffiXsponR570.03Dg224200	C2C2-YABBY	TFF
SoffiXsponR570.03Dg228600	WRKY	TFF
SoffiXsponR570.03Dg231400	AP2-EREBP	TFF
SoffiXsponR570.03Dg231500	AP2-EREBP	TFF
SoffiXsponR570.03Dg231600	AP2-EREBP	TFF
SoffiXsponR570.03Dg234700	GRAS	TFF
SoffiXsponR570.03Dg234800	GRAS	TFF
SoffiXsponR570.03Dg239500	HMG	OTR
SoffiXsponR570.03Dg240000	C2H2	TFF
SoffiXsponR570.03Dg242000	AP2-EREBP	TFF
SoffiXsponR570.03Dg242100	AP2-EREBP	TFF
SoffiXsponR570.03Dg242300	C3H	TFF
SoffiXsponR570.03Dg242700	GRF	TFF
SoffiXsponR570.03Dg243200	OFP	TFF
SoffiXsponR570.03Dg243600	MYB-related	TFF
SoffiXsponR570.03Dg244300	MADS	TFF
SoffiXsponR570.03Dg245800	FAR1	TFF
SoffiXsponR570.03Dg249400	bHLH	TFF
SoffiXsponR570.03Dg249700	PLATZ	TFF
SoffiXsponR570.03Dg252100	zf-C5HC2	TFF
SoffiXsponR570.03Dg252200	MYB-related	TFF
SoffiXsponR570.03Dg253400	WRKY	TFF
SoffiXsponR570.03Dg254800	MYB-related	TFF
SoffiXsponR570.03Dg255500	GRF	TFF
SoffiXsponR570.03Dg257900	TUB	TFF
SoffiXsponR570.03Dg258100	bHLH	TFF
SoffiXsponR570.03Dg259700	SET	OTR
SoffiXsponR570.03Dg259800	CCAAT	TFF
SoffiXsponR570.03Dg264100	ARID	OTR
SoffiXsponR570.03Dg269900	C2C2-CO-like	TFF
SoffiXsponR570.03Dg270500	SET	OTR
SoffiXsponR570.03Dg271900	C2C2-Dof	TFF
SoffiXsponR570.03Dg272400	bHLH	TFF
SoffiXsponR570.03Dg273000	bZIP	TFF
SoffiXsponR570.03Dg275300	MADS	TFF
SoffiXsponR570.03Dg275900	C2C2-CO-like	TFF
SoffiXsponR570.03Dg276500	MYB	TFF
SoffiXsponR570.03Dg281800	E2F-DP	TFF
SoffiXsponR570.03Dg287400	TCP	TFF
SoffiXsponR570.03Dg289200	mTERF	OTR
SoffiXsponR570.03Dg289300	mTERF	OTR
SoffiXsponR570.03Dg289800	mTERF	OTR
SoffiXsponR570.03Dg292000	AP2-EREBP	TFF
SoffiXsponR570.03Dg293200	MYB	TFF
SoffiXsponR570.03Dg297200	MADS	TFF
SoffiXsponR570.03Dg300300	bZIP	TFF
SoffiXsponR570.03Dg301400	AP2-EREBP	TFF
SoffiXsponR570.03Dg303000	WRKY	TFF
SoffiXsponR570.03Dg303400	Top	TFF
SoffiXsponR570.03Dg303500	GeBP	TFF
SoffiXsponR570.03Dg306900	CCAAT	TFF
SoffiXsponR570.03Dg307100	MYB-related	TFF
SoffiXsponR570.03Dg310700	NOT2_3_5	OTR
SoffiXsponR570.03Dg311600	AP2-EREBP	TFF
SoffiXsponR570.03Dg312000	mTERF	OTR
SoffiXsponR570.03Dg320600	ARR-B	TFF
SoffiXsponR570.03Dg320600	MYB-related	TFF
SoffiXsponR570.03Dg321000	AP2-EREBP	TFF
SoffiXsponR570.03Dg322800	DBP	TFF
SoffiXsponR570.03Dg327300	C2C2-GATA	TFF
SoffiXsponR570.03Dg328400	zf-C5HC2	TFF
SoffiXsponR570.03Dg328600	NAC	TFF
SoffiXsponR570.03Dg336200	AUX/IAA	OTR
SoffiXsponR570.03Dg339600	C2H2	TFF
SoffiXsponR570.03Dg340900	NAC	TFF
SoffiXsponR570.03Dg348700	C2H2	TFF
SoffiXsponR570.03Dg352100	Jumonji	OTR
SoffiXsponR570.03Eg007200	Jumonji	OTR
SoffiXsponR570.03Eg013600	bHLH	TFF
SoffiXsponR570.03Eg014100	bHLH	TFF
SoffiXsponR570.03Eg020900	CSD	TFF
SoffiXsponR570.03Eg030400	bZIP	TFF
SoffiXsponR570.03Eg031200	BES1	TFF
SoffiXsponR570.03Eg031600	SWI/SNF-BAF60b	OTR
SoffiXsponR570.03Eg034300	bZIP	TFF
SoffiXsponR570.03Eg035100	PHD	OTR
SoffiXsponR570.03Eg037300	RWP-RK	TFF
SoffiXsponR570.03Eg038000	TAZ	TFF
SoffiXsponR570.03Eg040000	MYB-related	TFF
SoffiXsponR570.03Eg040500	SBP	TFF
SoffiXsponR570.03Eg041300	ARF	TFF
SoffiXsponR570.03Eg041300	AUX/IAA	OTR
SoffiXsponR570.03Eg046100	PAS	TFF
SoffiXsponR570.03Eg052000	PBF-2-like	TFF
SoffiXsponR570.03Eg056100	ARF	TFF
SoffiXsponR570.03Eg061500	PLATZ	TFF
SoffiXsponR570.03Eg062700	bZIP	TFF
SoffiXsponR570.03Eg065600	C2C2-CO-like	TFF
SoffiXsponR570.03Eg067400	zf-A20	TFF
SoffiXsponR570.03Eg072400	AP2-EREBP	TFF
SoffiXsponR570.03Eg077500	Top	TFF
SoffiXsponR570.03Eg083100	AP2-EREBP	TFF
SoffiXsponR570.03Eg083300	bHLH	TFF
SoffiXsponR570.03Eg087700	MYB-related	TFF
SoffiXsponR570.03Eg096400	WRKY	TFF
SoffiXsponR570.03Eg097300	bHLH	TFF
SoffiXsponR570.03Eg098800	ARID	OTR
SoffiXsponR570.03Eg098800	HMG	OTR
SoffiXsponR570.03Eg103500	HSF	TFF
SoffiXsponR570.03Eg115500	HSF	TFF
SoffiXsponR570.03Eg117200	zf-A20	TFF
SoffiXsponR570.03Eg120900	E2F-DP	TFF
SoffiXsponR570.03Eg126300	MYB-related	TFF
SoffiXsponR570.03Eg128000	Coactivator_p15	OTR
SoffiXsponR570.03Eg128300	SET	OTR
SoffiXsponR570.03Eg130000	DDT	OTR
SoffiXsponR570.03Eg131100	ARF	TFF
SoffiXsponR570.03Eg134600	Alfin-like	TFF
SoffiXsponR570.03Eg135600	bHLH	TFF
SoffiXsponR570.03Eg139500	C2H2	TFF
SoffiXsponR570.03Eg150500	AP2-EREBP	TFF
SoffiXsponR570.03Eg152900	TAZ	TFF
SoffiXsponR570.03Eg153900	ABI3VP1	TFF
SoffiXsponR570.03Eg155900	mTERF	OTR
SoffiXsponR570.03Eg159100	FAR1	TFF
SoffiXsponR570.03Eg159200	FAR1	TFF
SoffiXsponR570.03Eg161500	C2C2-CO-like	TFF
SoffiXsponR570.03Eg167500	Pseudo_ARR-B	OTR
SoffiXsponR570.03Eg167800	MYB	TFF
SoffiXsponR570.03Eg169400	SET	OTR
SoffiXsponR570.03Eg170100	MYB	TFF
SoffiXsponR570.03Eg171900	ARF	TFF
SoffiXsponR570.03Eg175800	AP2-EREBP	TFF
SoffiXsponR570.03Eg178600	MYB	TFF
SoffiXsponR570.03Eg179600	C2C2-YABBY	TFF
SoffiXsponR570.03Eg181300	C2C2-GATA	TFF
SoffiXsponR570.03Eg183200	SET	OTR
SoffiXsponR570.03Eg183400	WRKY	TFF
SoffiXsponR570.03Eg185100	AP2-EREBP	TFF
SoffiXsponR570.03Eg185900	PHD	OTR
SoffiXsponR570.03Eg188200	C2H2	TFF
SoffiXsponR570.03Eg190300	GRAS	TFF
SoffiXsponR570.03Eg195100	HMG	OTR
SoffiXsponR570.03Eg195500	C2H2	TFF
SoffiXsponR570.03Eg196700	C2C2-Dof	TFF
SoffiXsponR570.03Eg198700	DBP	TFF
SoffiXsponR570.03Eg209700	AP2-EREBP	TFF
SoffiXsponR570.03Eg211500	AP2-EREBP	TFF
SoffiXsponR570.03Eg213500	GRF	TFF
SoffiXsponR570.03Eg217000	GeBP	TFF
SoffiXsponR570.03Eg217100	Top	TFF
SoffiXsponR570.03Eg218700	AP2-EREBP	TFF
SoffiXsponR570.03Eg219700	bZIP	TFF
SoffiXsponR570.03Eg220400	AP2-EREBP	TFF
SoffiXsponR570.03Eg222600	MADS	TFF
SoffiXsponR570.03Eg226600	SWI/SNF-SWI3	OTR
SoffiXsponR570.03Eg227100	MYB	TFF
SoffiXsponR570.03Eg228400	AP2-EREBP	TFF
SoffiXsponR570.03Eg230100	mTERF	OTR
SoffiXsponR570.03Eg232000	bHLH	TFF
SoffiXsponR570.03Eg232100	AP2-EREBP	TFF
SoffiXsponR570.03Eg238200	E2F-DP	TFF
SoffiXsponR570.03Eg243300	SET	OTR
SoffiXsponR570.03Eg244200	MYB	TFF
SoffiXsponR570.03Eg244800	C2C2-CO-like	TFF
SoffiXsponR570.03Eg249500	C2C2-Dof	TFF
SoffiXsponR570.03Eg251300	SET	OTR
SoffiXsponR570.03Eg252000	C2C2-CO-like	TFF
SoffiXsponR570.03Eg258300	ARID	OTR
SoffiXsponR570.03Eg262400	CCAAT	TFF
SoffiXsponR570.03Eg262500	SET	OTR
SoffiXsponR570.03Eg264300	bHLH	TFF
SoffiXsponR570.03Eg264500	TUB	TFF
SoffiXsponR570.03Eg266600	GRF	TFF
SoffiXsponR570.03Eg268900	WRKY	TFF
SoffiXsponR570.03Eg270000	MYB-related	TFF
SoffiXsponR570.03Eg270100	zf-C5HC2	TFF
SoffiXsponR570.03Eg272100	bHLH	TFF
SoffiXsponR570.03Eg277600	MYB-related	TFF
SoffiXsponR570.03Eg278000	OFP	TFF
SoffiXsponR570.03Eg278400	GRF	TFF
SoffiXsponR570.03Eg279000	AP2-EREBP	TFF
SoffiXsponR570.03Eg279200	AP2-EREBP	TFF
SoffiXsponR570.03Eg283000	C2C2-GATA	TFF
SoffiXsponR570.03Eg284900	NAC	TFF
SoffiXsponR570.03Eg297000	C2H2	TFF
SoffiXsponR570.03Eg298200	NAC	TFF
SoffiXsponR570.03Eg299400	C2H2	TFF
SoffiXsponR570.03Eg302900	Jumonji	OTR
SoffiXsponR570.03Eg307300	bZIP	TFF
SoffiXsponR570.03Fg001000	bZIP	TFF
SoffiXsponR570.03Fg019500	bHLH	TFF
SoffiXsponR570.03Fg020100	CSD	TFF
SoffiXsponR570.03Fg031600	BES1	TFF
SoffiXsponR570.03Fg032400	SWI/SNF-BAF60b	OTR
SoffiXsponR570.03Fg036200	PHD	OTR
SoffiXsponR570.03Fg039300	RWP-RK	TFF
SoffiXsponR570.03Fg040200	TAZ	TFF
SoffiXsponR570.03Fg040400	TAZ	TFF
SoffiXsponR570.03Fg041800	MYB-related	TFF
SoffiXsponR570.03Fg042200	SBP	TFF
SoffiXsponR570.03Fg042700	ARF	TFF
SoffiXsponR570.03Fg045600	PHD	OTR
SoffiXsponR570.03Fg047900	PAS	TFF
SoffiXsponR570.03Fg048000	PAS	TFF
SoffiXsponR570.03Fg053400	AP2-EREBP	TFF
SoffiXsponR570.03Fg053900	PBF-2-like	TFF
SoffiXsponR570.03Fg058500	ARF	TFF
SoffiXsponR570.03Fg063600	PLATZ	TFF
SoffiXsponR570.03Fg064700	SBP	TFF
SoffiXsponR570.03Fg065500	bZIP	TFF
SoffiXsponR570.03Fg068400	C2C2-CO-like	TFF
SoffiXsponR570.03Fg071200	WRKY	TFF
SoffiXsponR570.03Fg071900	ARR-B	TFF
SoffiXsponR570.03Fg072500	HB	TFF
SoffiXsponR570.03Fg073300	PLATZ	TFF
SoffiXsponR570.03Fg077800	MYB	TFF
SoffiXsponR570.03Fg081200	bZIP	TFF
SoffiXsponR570.03Fg084300	C3H	TFF
SoffiXsponR570.03Fg085700	zf-A20	TFF
SoffiXsponR570.03Fg087000	GRAS	TFF
SoffiXsponR570.03Fg091200	AP2-EREBP	TFF
SoffiXsponR570.03Fg092100	bZIP	TFF
SoffiXsponR570.03Fg094800	Top	TFF
SoffiXsponR570.03Fg100400	C2C2-GATA	TFF
SoffiXsponR570.03Fg103400	HB	TFF
SoffiXsponR570.03Fg104900	AUX/IAA	OTR
SoffiXsponR570.03Fg106100	AP2-EREBP	TFF
SoffiXsponR570.03Fg106300	bHLH	TFF
SoffiXsponR570.03Fg106900	bHLH	TFF
SoffiXsponR570.03Fg107600	HSF	TFF
SoffiXsponR570.03Fg111000	MYB-related	TFF
SoffiXsponR570.03Fg119100	HMG	OTR
SoffiXsponR570.03Fg126600	MYB	TFF
SoffiXsponR570.03Fg132200	GeBP	TFF
SoffiXsponR570.03Fg140700	WRKY	TFF
SoffiXsponR570.03Fg142100	bHLH	TFF
SoffiXsponR570.03Fg143900	ARID	OTR
SoffiXsponR570.03Fg143900	HMG	OTR
SoffiXsponR570.03Gg000300	AUX/IAA	OTR
SoffiXsponR570.03Gg001700	HB	TFF
SoffiXsponR570.03Gg016700	CPP	TFF
SoffiXsponR570.03Gg020900	Tudor-knot	OTR
SoffiXsponR570.03Gg021200	GeBP	TFF
SoffiXsponR570.03Gg033400	C2H2	TFF
SoffiXsponR570.03Gg042200	C2H2	TFF
SoffiXsponR570.03Gg043200	Coactivator_p15	OTR
SoffiXsponR570.03Gg043500	SET	OTR
SoffiXsponR570.03Gg046200	ARF	TFF
SoffiXsponR570.03Gg047100	AP2-EREBP	TFF
SoffiXsponR570.03Gg050200	bHLH	TFF
SoffiXsponR570.03Gg054000	C2H2	TFF
SoffiXsponR570.03Gg058900	DBP	TFF
SoffiXsponR570.03Gg061200	MYB-related	TFF
SoffiXsponR570.03Gg070500	AP2-EREBP	TFF
SoffiXsponR570.03Gg074600	MYB-related	TFF
SoffiXsponR570.03Gg074700	CCAAT	TFF
SoffiXsponR570.03Gg077800	Top	TFF
SoffiXsponR570.03Gg078200	WRKY	TFF
SoffiXsponR570.03Gg079700	AP2-EREBP	TFF
SoffiXsponR570.03Gg080900	bZIP	TFF
SoffiXsponR570.03Gg087400	MYB	TFF
SoffiXsponR570.03Gg088600	AP2-EREBP	TFF
SoffiXsponR570.03Gg091100	mTERF	OTR
SoffiXsponR570.03Gg091600	mTERF	OTR
SoffiXsponR570.03Gg091800	mTERF	OTR
SoffiXsponR570.03Gg093600	TCP	TFF
SoffiXsponR570.03Gg099300	E2F-DP	TFF
SoffiXsponR570.03Gg103200	SET	OTR
SoffiXsponR570.03Gg104000	MYB	TFF
SoffiXsponR570.03Gg105300	MADS	TFF
SoffiXsponR570.03Gg109200	bHLH	TFF
SoffiXsponR570.03Gg109800	C2C2-Dof	TFF
SoffiXsponR570.03Gg111100	SET	OTR
SoffiXsponR570.03Gg111700	C2C2-CO-like	TFF
SoffiXsponR570.03Gg117500	ARID	OTR
SoffiXsponR570.03Gg124100	TUB	TFF
SoffiXsponR570.03Gg128500	WRKY	TFF
SoffiXsponR570.03Gg129800	MYB-related	TFF
SoffiXsponR570.03Gg131200	GNAT	OTR
SoffiXsponR570.03Gg132100	PLATZ	TFF
SoffiXsponR570.03Gg150300	C2H2	TFF
SoffiXsponR570.03Gg153100	zf-fF-X1	TFF
SoffiXsponR570.03Gg153400	TCP	TFF
SoffiXsponR570.04Ag000300	NAC	TFF
SoffiXsponR570.04Ag000700	TRAF	OTR
SoffiXsponR570.04Ag004400	MYB-related	TFF
SoffiXsponR570.04Ag005800	ABI3VP1	TFF
SoffiXsponR570.04Ag006300	HB	TFF
SoffiXsponR570.04Ag008800	MYB	TFF
SoffiXsponR570.04Ag026900	AP2-EREBP	TFF
SoffiXsponR570.04Ag027100	SET	OTR
SoffiXsponR570.04Ag027900	GRAS	TFF
SoffiXsponR570.04Ag029000	MYB-related	TFF
SoffiXsponR570.04Ag029400	TRAF	OTR
SoffiXsponR570.04Ag031900	BBR/BPC	TFF
SoffiXsponR570.04Ag044200	Top	TFF
SoffiXsponR570.04Ag045100	TRAF	OTR
SoffiXsponR570.04Ag045800	PBF-2-like	TFF
SoffiXsponR570.04Ag065000	C2H2	TFF
SoffiXsponR570.04Ag065100	AP2-EREBP	TFF
SoffiXsponR570.04Ag074100	DBP	TFF
SoffiXsponR570.04Ag075100	MYB-related	TFF
SoffiXsponR570.04Ag076100	LIM	TFF
SoffiXsponR570.04Ag076200	ARR-B	TFF
SoffiXsponR570.04Ag084500	bHLH	TFF
SoffiXsponR570.04Ag084600	AP2-EREBP	TFF
SoffiXsponR570.04Ag086200	ARF	TFF
SoffiXsponR570.04Ag087300	MYB-related	TFF
SoffiXsponR570.04Ag087300	MYB	TFF
SoffiXsponR570.04Ag094300	bZIP	TFF
SoffiXsponR570.04Ag096800	MADS	TFF
SoffiXsponR570.04Ag100500	AP2-EREBP	TFF
SoffiXsponR570.04Ag101900	NAC	TFF
SoffiXsponR570.04Ag103000	bHLH	TFF
SoffiXsponR570.04Ag107100	G2-like	TFF
SoffiXsponR570.04Ag108600	LIM	TFF
SoffiXsponR570.04Ag112000	E2F-DP	TFF
SoffiXsponR570.04Ag115400	zf-fF-X1	TFF
SoffiXsponR570.04Ag118400	MYB	TFF
SoffiXsponR570.04Ag119700	C2C2-CO-like	TFF
SoffiXsponR570.04Ag121800	NAC	TFF
SoffiXsponR570.04Ag122100	zf-C5HC2	TFF
SoffiXsponR570.04Ag126300	C2C2-CO-like	TFF
SoffiXsponR570.04Ag127700	PHD	OTR
SoffiXsponR570.04Ag136900	PHD	OTR
SoffiXsponR570.04Ag137600	TRAF	OTR
SoffiXsponR570.04Ag138100	C3H	TFF
SoffiXsponR570.04Ag142800	mTERF	OTR
SoffiXsponR570.04Ag149100	AUX/IAA	OTR
SoffiXsponR570.04Ag150300	MADS	TFF
SoffiXsponR570.04Ag150600	WRKY	TFF
SoffiXsponR570.04Ag161000	BES1	TFF
SoffiXsponR570.04Ag170500	C2C2-GATA	TFF
SoffiXsponR570.04Ag176100	TRAF	OTR
SoffiXsponR570.04Ag176200	Top	TFF
SoffiXsponR570.04Ag178000	AUX/IAA	OTR
SoffiXsponR570.04Ag178100	DBP	TFF
SoffiXsponR570.04Ag180400	bZIP	TFF
SoffiXsponR570.04Ag182300	AP2-EREBP	TFF
SoffiXsponR570.04Ag183000	MYB	TFF
SoffiXsponR570.04Ag187300	C2H2	TFF
SoffiXsponR570.04Ag187500	zf-A20	TFF
SoffiXsponR570.04Ag189000	bZIP	TFF
SoffiXsponR570.04Ag191200	C3H	TFF
SoffiXsponR570.04Ag192000	ARID	OTR
SoffiXsponR570.04Ag194000	PLATZ	TFF
SoffiXsponR570.04Ag198700	MYB	TFF
SoffiXsponR570.04Ag203200	Top	TFF
SoffiXsponR570.04Ag204500	HB	TFF
SoffiXsponR570.04Ag205900	WRKY	TFF
SoffiXsponR570.04Ag206100	WRKY	TFF
SoffiXsponR570.04Ag206300	Top	TFF
SoffiXsponR570.04Ag207100	GNAT	OTR
SoffiXsponR570.04Ag209500	FAR1	TFF
SoffiXsponR570.04Ag213600	AP2-EREBP	TFF
SoffiXsponR570.04Ag214200	SBP	TFF
SoffiXsponR570.04Ag217300	bZIP	TFF
SoffiXsponR570.04Ag217900	CCAAT	TFF
SoffiXsponR570.04Ag218000	MADS	TFF
SoffiXsponR570.04Ag218900	TRAF	OTR
SoffiXsponR570.04Ag219000	TRAF	OTR
SoffiXsponR570.04Ag219300	TRAF	OTR
SoffiXsponR570.04Ag220800	MYB-related	TFF
SoffiXsponR570.04Ag221200	MYB-related	TFF
SoffiXsponR570.04Ag225000	TRAF	OTR
SoffiXsponR570.04Ag225200	NAC	TFF
SoffiXsponR570.04Ag226700	ARF	TFF
SoffiXsponR570.04Ag227900	MYB	TFF
SoffiXsponR570.04Ag241000	PAS	TFF
SoffiXsponR570.04Ag242000	MED26	OTR
SoffiXsponR570.04Ag246900	C2C2-GATA	TFF
SoffiXsponR570.04Ag252900	ARF	TFF
SoffiXsponR570.04Ag252900	AUX/IAA	OTR
SoffiXsponR570.04Ag254300	SBP	TFF
SoffiXsponR570.04Ag254400	MYB-related	TFF
SoffiXsponR570.04Ag254800	C3H	TFF
SoffiXsponR570.04Ag262300	SRS	TFF
SoffiXsponR570.04Ag266600	bZIP	TFF
SoffiXsponR570.04Ag266700	bZIP	TFF
SoffiXsponR570.04Ag268800	bHLH	TFF
SoffiXsponR570.04Ag272600	NAC	TFF
SoffiXsponR570.04Ag274700	HMG	OTR
SoffiXsponR570.04Ag279200	zf-C5HC2	TFF
SoffiXsponR570.04Ag279800	PHD	OTR
SoffiXsponR570.04Bg000500	TRAF	OTR
SoffiXsponR570.04Bg002800	NAC	TFF
SoffiXsponR570.04Bg004100	MYB-related	TFF
SoffiXsponR570.04Bg005900	ABI3VP1	TFF
SoffiXsponR570.04Bg006400	HB	TFF
SoffiXsponR570.04Bg008200	ABI3VP1	TFF
SoffiXsponR570.04Bg018500	AP2-EREBP	TFF
SoffiXsponR570.04Bg019300	GRAS	TFF
SoffiXsponR570.04Bg023200	BBR/BPC	TFF
SoffiXsponR570.04Bg037400	PBF-2-like	TFF
SoffiXsponR570.04Bg049200	WRKY	TFF
SoffiXsponR570.04Bg053000	MADS	TFF
SoffiXsponR570.04Bg054200	bHLH	TFF
SoffiXsponR570.04Bg055100	AP2-EREBP	TFF
SoffiXsponR570.04Bg057800	BBR/BPC	TFF
SoffiXsponR570.04Bg063200	DBP	TFF
SoffiXsponR570.04Bg064000	MYB-related	TFF
SoffiXsponR570.04Bg068700	PHD	OTR
SoffiXsponR570.04Bg072700	bHLH	TFF
SoffiXsponR570.04Bg072800	AP2-EREBP	TFF
SoffiXsponR570.04Bg074300	ARF	TFF
SoffiXsponR570.04Bg078600	MYB	TFF
SoffiXsponR570.04Bg081500	AP2-EREBP	TFF
SoffiXsponR570.04Bg085400	bZIP	TFF
SoffiXsponR570.04Bg087500	MED6	OTR
SoffiXsponR570.04Bg087800	MADS	TFF
SoffiXsponR570.04Bg091600	AP2-EREBP	TFF
SoffiXsponR570.04Bg094200	TCP	TFF
SoffiXsponR570.04Bg095100	RWP-RK	TFF
SoffiXsponR570.04Bg097900	G2-like	TFF
SoffiXsponR570.04Bg106500	zf-fF-X1	TFF
SoffiXsponR570.04Bg111000	C2C2-CO-like	TFF
SoffiXsponR570.04Bg117300	C2C2-CO-like	TFF
SoffiXsponR570.04Bg127500	C3H	TFF
SoffiXsponR570.04Bg139400	CPP	TFF
SoffiXsponR570.04Bg152600	BES1	TFF
SoffiXsponR570.04Bg154000	AP2-EREBP	TFF
SoffiXsponR570.04Bg158100	HB	TFF
SoffiXsponR570.04Bg159000	HSF	TFF
SoffiXsponR570.04Bg161700	C2C2-GATA	TFF
SoffiXsponR570.04Bg167000	MBF1	OTR
SoffiXsponR570.04Bg167200	Top	TFF
SoffiXsponR570.04Bg169000	AUX/IAA	OTR
SoffiXsponR570.04Bg171100	bZIP	TFF
SoffiXsponR570.04Bg173400	MYB-related	TFF
SoffiXsponR570.04Bg175600	TRAF	OTR
SoffiXsponR570.04Bg175700	TRAF	OTR
SoffiXsponR570.04Bg177100	PLATZ	TFF
SoffiXsponR570.04Bg179400	bZIP	TFF
SoffiXsponR570.04Bg180600	PHD	OTR
SoffiXsponR570.04Bg182400	SBP	TFF
SoffiXsponR570.04Bg183000	AP2-EREBP	TFF
SoffiXsponR570.04Bg184700	Top	TFF
SoffiXsponR570.04Bg187800	GNAT	OTR
SoffiXsponR570.04Bg188800	WRKY	TFF
SoffiXsponR570.04Bg188900	WRKY	TFF
SoffiXsponR570.04Bg190200	HB	TFF
SoffiXsponR570.04Bg191400	Top	TFF
SoffiXsponR570.04Bg194800	AP2-EREBP	TFF
SoffiXsponR570.04Bg195600	mTERF	OTR
SoffiXsponR570.04Bg199800	PLATZ	TFF
SoffiXsponR570.04Bg201100	bZIP	TFF
SoffiXsponR570.04Bg201300	ARID	OTR
SoffiXsponR570.04Bg204600	bHLH	TFF
SoffiXsponR570.04Bg210100	AP2-EREBP	TFF
SoffiXsponR570.04Bg213400	NAC	TFF
SoffiXsponR570.04Bg215200	ARF	TFF
SoffiXsponR570.04Bg216200	FAR1	TFF
SoffiXsponR570.04Bg223400	ARF	TFF
SoffiXsponR570.04Bg228400	MED26	OTR
SoffiXsponR570.04Bg231100	PAS	TFF
SoffiXsponR570.04Bg242100	ARF	TFF
SoffiXsponR570.04Bg243200	SBP	TFF
SoffiXsponR570.04Bg243300	MYB-related	TFF
SoffiXsponR570.04Bg251000	MADS	TFF
SoffiXsponR570.04Bg255600	bZIP	TFF
SoffiXsponR570.04Bg258700	bHLH	TFF
SoffiXsponR570.04Bg263400	NAC	TFF
SoffiXsponR570.04Bg265300	HMG	OTR
SoffiXsponR570.04Bg265800	MYB-related	TFF
SoffiXsponR570.04Cg003800	GRAS	TFF
SoffiXsponR570.04Cg004200	MYB-related	TFF
SoffiXsponR570.04Cg005700	ABI3VP1	TFF
SoffiXsponR570.04Cg006100	HB	TFF
SoffiXsponR570.04Cg008200	ABI3VP1	TFF
SoffiXsponR570.04Cg018000	AP2-EREBP	TFF
SoffiXsponR570.04Cg018100	SET	OTR
SoffiXsponR570.04Cg019100	GRAS	TFF
SoffiXsponR570.04Cg024400	BBR/BPC	TFF
SoffiXsponR570.04Cg036500	Top	TFF
SoffiXsponR570.04Cg038100	PBF-2-like	TFF
SoffiXsponR570.04Cg051800	TRAF	OTR
SoffiXsponR570.04Cg055500	MADS	TFF
SoffiXsponR570.04Cg056900	bHLH	TFF
SoffiXsponR570.04Cg057500	SET	OTR
SoffiXsponR570.04Cg057600	C2H2	TFF
SoffiXsponR570.04Cg057800	AP2-EREBP	TFF
SoffiXsponR570.04Cg057900	AUX/IAA	OTR
SoffiXsponR570.04Cg063400	BSD	TFF
SoffiXsponR570.04Cg064300	TRAF	OTR
SoffiXsponR570.04Cg067000	DBP	TFF
SoffiXsponR570.04Cg068100	MYB-related	TFF
SoffiXsponR570.04Cg068500	AP2-EREBP	TFF
SoffiXsponR570.04Cg068900	LIM	TFF
SoffiXsponR570.04Cg069000	ARR-B	TFF
SoffiXsponR570.04Cg076900	bHLH	TFF
SoffiXsponR570.04Cg077000	AP2-EREBP	TFF
SoffiXsponR570.04Cg078900	ARF	TFF
SoffiXsponR570.04Cg083900	MYB	TFF
SoffiXsponR570.04Cg086400	GeBP	TFF
SoffiXsponR570.04Cg086900	AP2-EREBP	TFF
SoffiXsponR570.04Cg091600	MADS	TFF
SoffiXsponR570.04Cg098000	bHLH	TFF
SoffiXsponR570.04Cg099600	RWP-RK	TFF
SoffiXsponR570.04Cg102900	G2-like	TFF
SoffiXsponR570.04Cg111100	zf-fF-X1	TFF
SoffiXsponR570.04Cg113500	MYB	TFF
SoffiXsponR570.04Cg115200	C2C2-CO-like	TFF
SoffiXsponR570.04Cg117300	NAC	TFF
SoffiXsponR570.04Cg121600	C2C2-CO-like	TFF
SoffiXsponR570.04Cg133200	C3H	TFF
SoffiXsponR570.04Cg145400	MADS	TFF
SoffiXsponR570.04Cg145700	WRKY	TFF
SoffiXsponR570.04Cg158900	HSF	TFF
SoffiXsponR570.04Cg159200	HSF	TFF
SoffiXsponR570.04Cg161200	HB	TFF
SoffiXsponR570.04Cg164500	bHLH	TFF
SoffiXsponR570.04Cg164900	C2C2-GATA	TFF
SoffiXsponR570.04Cg172700	AUX/IAA	OTR
SoffiXsponR570.04Cg172800	DBP	TFF
SoffiXsponR570.04Cg177000	AP2-EREBP	TFF
SoffiXsponR570.04Cg181200	GRAS	TFF
SoffiXsponR570.04Cg182500	zf-A20	TFF
SoffiXsponR570.04Cg183000	bHLH	TFF
SoffiXsponR570.04Cg186100	ARID	OTR
SoffiXsponR570.04Cg186300	bZIP	TFF
SoffiXsponR570.04Cg187400	PLATZ	TFF
SoffiXsponR570.04Cg192800	AP2-EREBP	TFF
SoffiXsponR570.04Cg195800	Top	TFF
SoffiXsponR570.04Cg197100	HB	TFF
SoffiXsponR570.04Cg198500	WRKY	TFF
SoffiXsponR570.04Cg204500	AP2-EREBP	TFF
SoffiXsponR570.04Cg207000	PHD	OTR
SoffiXsponR570.04Cg207900	bZIP	TFF
SoffiXsponR570.04Cg209200	MYB-related	TFF
SoffiXsponR570.04Cg210100	PLATZ	TFF
SoffiXsponR570.04Cg210800	MADS	TFF
SoffiXsponR570.04Cg211600	TRAF	OTR
SoffiXsponR570.04Cg211700	TRAF	OTR
SoffiXsponR570.04Cg212200	TRAF	OTR
SoffiXsponR570.04Cg212300	TRAF	OTR
SoffiXsponR570.04Cg215600	TRAF	OTR
SoffiXsponR570.04Cg218600	TRAF	OTR
SoffiXsponR570.04Cg220400	ARF	TFF
SoffiXsponR570.04Cg227000	ARF	TFF
SoffiXsponR570.04Cg232600	MED26	OTR
SoffiXsponR570.04Cg235100	PAS	TFF
SoffiXsponR570.04Cg241000	C2C2-GATA	TFF
SoffiXsponR570.04Cg246100	SBP	TFF
SoffiXsponR570.04Cg246200	MYB-related	TFF
SoffiXsponR570.04Cg246600	GRAS	TFF
SoffiXsponR570.04Cg259500	bZIP	TFF
SoffiXsponR570.04Cg263000	bHLH	TFF
SoffiXsponR570.04Cg266200	ARF	TFF
SoffiXsponR570.04Cg268700	NAC	TFF
SoffiXsponR570.04Cg271200	MYB-related	TFF
SoffiXsponR570.04Cg275300	zf-C5HC2	TFF
SoffiXsponR570.04Dg000300	NAC	TFF
SoffiXsponR570.04Dg000700	TRAF	OTR
SoffiXsponR570.04Dg003100	NAC	TFF
SoffiXsponR570.04Dg007000	HB	TFF
SoffiXsponR570.04Dg016600	GRF	TFF
SoffiXsponR570.04Dg021500	AP2-EREBP	TFF
SoffiXsponR570.04Dg021600	SET	OTR
SoffiXsponR570.04Dg022400	GRAS	TFF
SoffiXsponR570.04Dg023400	MYB-related	TFF
SoffiXsponR570.04Dg024100	TRAF	OTR
SoffiXsponR570.04Dg026600	BBR/BPC	TFF
SoffiXsponR570.04Dg027900	NAC	TFF
SoffiXsponR570.04Dg041600	Top	TFF
SoffiXsponR570.04Dg042400	TRAF	OTR
SoffiXsponR570.04Dg043000	PBF-2-like	TFF
SoffiXsponR570.04Dg057800	CCAAT	TFF
SoffiXsponR570.04Dg058900	zf-MIZ	OTR
SoffiXsponR570.04Dg059800	bHLH	TFF
SoffiXsponR570.04Dg060700	C2H2	TFF
SoffiXsponR570.04Dg060800	AP2-EREBP	TFF
SoffiXsponR570.04Dg069000	DBP	TFF
SoffiXsponR570.04Dg070900	LIM	TFF
SoffiXsponR570.04Dg080300	AP2-EREBP	TFF
SoffiXsponR570.04Dg081800	ARF	TFF
SoffiXsponR570.04Dg086400	GRF	TFF
SoffiXsponR570.04Dg089400	AP2-EREBP	TFF
SoffiXsponR570.04Dg092600	bZIP	TFF
SoffiXsponR570.04Dg097000	MADS	TFF
SoffiXsponR570.04Dg097800	NAC	TFF
SoffiXsponR570.04Dg099400	TCP	TFF
SoffiXsponR570.04Dg100300	RWP-RK	TFF
SoffiXsponR570.04Dg102800	G2-like	TFF
SoffiXsponR570.04Dg107100	E2F-DP	TFF
SoffiXsponR570.04Dg110400	zf-fF-X1	TFF
SoffiXsponR570.04Dg112800	MYB	TFF
SoffiXsponR570.04Dg114600	C2C2-CO-like	TFF
SoffiXsponR570.04Dg115500	bZIP	TFF
SoffiXsponR570.04Dg116200	NAC	TFF
SoffiXsponR570.04Dg119700	C2C2-CO-like	TFF
SoffiXsponR570.04Dg129500	TRAF	OTR
SoffiXsponR570.04Dg130000	C3H	TFF
SoffiXsponR570.04Dg137800	CPP	TFF
SoffiXsponR570.04Dg138400	AUX/IAA	OTR
SoffiXsponR570.04Dg142700	TRAF	OTR
SoffiXsponR570.04Dg142800	Top	TFF
SoffiXsponR570.04Dg144600	DBP	TFF
SoffiXsponR570.04Dg145100	FAR1	TFF
SoffiXsponR570.04Dg149000	C3H	TFF
SoffiXsponR570.04Dg149800	ARID	OTR
SoffiXsponR570.04Dg151500	PLATZ	TFF
SoffiXsponR570.04Dg156600	MYB	TFF
SoffiXsponR570.04Dg157800	AP2-EREBP	TFF
SoffiXsponR570.04Dg160800	Top	TFF
SoffiXsponR570.04Dg164700	PAS	TFF
SoffiXsponR570.04Dg175100	ARF	TFF
SoffiXsponR570.04Dg175800	MYB-related	TFF
SoffiXsponR570.04Dg176900	TAZ	TFF
SoffiXsponR570.04Dg183400	MADS	TFF
SoffiXsponR570.04Dg190000	bZIP	TFF
SoffiXsponR570.04Dg198300	HMG	OTR
SoffiXsponR570.04Dg203200	C2H2	TFF
SoffiXsponR570.04Dg203600	PHD	OTR
SoffiXsponR570.04Eg001000	G2-like	TFF
SoffiXsponR570.04Eg002000	LIM	TFF
SoffiXsponR570.04Eg005000	E2F-DP	TFF
SoffiXsponR570.04Eg007900	zf-fF-X1	TFF
SoffiXsponR570.04Eg010500	MYB	TFF
SoffiXsponR570.04Eg012100	C2C2-CO-like	TFF
SoffiXsponR570.04Eg013100	bZIP	TFF
SoffiXsponR570.04Eg013900	NAC	TFF
SoffiXsponR570.04Eg014000	NAC	TFF
SoffiXsponR570.04Eg014300	zf-C5HC2	TFF
SoffiXsponR570.04Eg016100	FHA	TFF
SoffiXsponR570.04Eg017100	PHD	OTR
SoffiXsponR570.04Eg026000	PHD	OTR
SoffiXsponR570.04Eg027100	TRAF	OTR
SoffiXsponR570.04Eg038400	AUX/IAA	OTR
SoffiXsponR570.04Eg039400	MADS	TFF
SoffiXsponR570.04Eg039700	WRKY	TFF
SoffiXsponR570.04Eg039800	WRKY	TFF
SoffiXsponR570.04Eg047500	BES1	TFF
SoffiXsponR570.04Eg051600	NAC	TFF
SoffiXsponR570.04Eg055800	C2C2-GATA	TFF
SoffiXsponR570.04Eg061600	Top	TFF
SoffiXsponR570.04Eg063600	AUX/IAA	OTR
SoffiXsponR570.04Eg063700	DBP	TFF
SoffiXsponR570.04Eg064200	FAR1	TFF
SoffiXsponR570.04Eg066900	AP2-EREBP	TFF
SoffiXsponR570.04Eg069700	zf-A20	TFF
SoffiXsponR570.04Eg071600	PLATZ	TFF
SoffiXsponR570.04Eg074100	bZIP	TFF
SoffiXsponR570.04Eg076100	MYB	TFF
SoffiXsponR570.04Eg077000	AP2-EREBP	TFF
SoffiXsponR570.04Eg078000	AP2-EREBP	TFF
SoffiXsponR570.04Eg081600	Top	TFF
SoffiXsponR570.04Eg082700	HB	TFF
SoffiXsponR570.04Eg083900	WRKY	TFF
SoffiXsponR570.04Eg084100	WRKY	TFF
SoffiXsponR570.04Eg084300	Top	TFF
SoffiXsponR570.04Eg085000	GNAT	OTR
SoffiXsponR570.04Eg088200	Top	TFF
SoffiXsponR570.04Eg089900	AP2-EREBP	TFF
SoffiXsponR570.04Eg093400	bZIP	TFF
SoffiXsponR570.04Eg095200	MYB-related	TFF
SoffiXsponR570.04Eg096000	PLATZ	TFF
SoffiXsponR570.04Eg096400	CCAAT	TFF
SoffiXsponR570.04Eg096500	MADS	TFF
SoffiXsponR570.04Eg097100	TRAF	OTR
SoffiXsponR570.04Eg097300	TRAF	OTR
SoffiXsponR570.04Eg097600	TRAF	OTR
SoffiXsponR570.04Eg099500	MYB-related	TFF
SoffiXsponR570.04Eg101600	TRAF	OTR
SoffiXsponR570.04Eg104100	TRAF	OTR
SoffiXsponR570.04Eg105700	ARF	TFF
SoffiXsponR570.04Eg107000	MYB	TFF
SoffiXsponR570.04Eg113300	ARF	TFF
SoffiXsponR570.04Eg117900	AP2-EREBP	TFF
SoffiXsponR570.04Eg120700	PAS	TFF
SoffiXsponR570.04Eg126500	C2C2-GATA	TFF
SoffiXsponR570.04Eg133000	SBP	TFF
SoffiXsponR570.04Eg133500	SBP	TFF
SoffiXsponR570.04Eg133700	MYB-related	TFF
SoffiXsponR570.04Eg134200	C3H	TFF
SoffiXsponR570.04Eg142100	SRS	TFF
SoffiXsponR570.04Eg148500	bZIP	TFF
SoffiXsponR570.04Eg154500	NAC	TFF
SoffiXsponR570.04Eg157500	MYB-related	TFF
SoffiXsponR570.04Eg161100	PHD	OTR
SoffiXsponR570.04Eg161100	zf-C5HC2	TFF
SoffiXsponR570.04Eg161200	C2H2	TFF
SoffiXsponR570.04Eg161500	PHD	OTR
SoffiXsponR570.04Fg001100	MADS	TFF
SoffiXsponR570.04Fg003900	RWP-RK	TFF
SoffiXsponR570.04Fg011600	MYB	TFF
SoffiXsponR570.04Fg013300	C2C2-CO-like	TFF
SoffiXsponR570.04Fg014800	NAC	TFF
SoffiXsponR570.04Fg020200	FHA	TFF
SoffiXsponR570.04Fg021400	PHD	OTR
SoffiXsponR570.04Fg029300	PHD	OTR
SoffiXsponR570.04Fg030400	TRAF	OTR
SoffiXsponR570.04Fg030900	C3H	TFF
SoffiXsponR570.04Fg041400	AUX/IAA	OTR
SoffiXsponR570.04Fg042700	WRKY	TFF
SoffiXsponR570.04Fg058800	HB	TFF
SoffiXsponR570.04Fg063200	C2C2-GATA	TFF
SoffiXsponR570.04Fg068600	TRAF	OTR
SoffiXsponR570.04Fg068700	Top	TFF
SoffiXsponR570.04Fg074900	AP2-EREBP	TFF
SoffiXsponR570.04Fg078900	GRAS	TFF
SoffiXsponR570.04Fg080500	zf-A20	TFF
SoffiXsponR570.04Fg083800	ARID	OTR
SoffiXsponR570.04Fg083900	bZIP	TFF
SoffiXsponR570.04Fg085400	PLATZ	TFF
SoffiXsponR570.04Fg091500	AP2-EREBP	TFF
SoffiXsponR570.04Fg092500	HB	TFF
SoffiXsponR570.04Fg093800	WRKY	TFF
SoffiXsponR570.04Fg094000	WRKY	TFF
SoffiXsponR570.04Fg094200	Top	TFF
SoffiXsponR570.04Fg105200	TRAF	OTR
SoffiXsponR570.04Fg114300	ARF	TFF
SoffiXsponR570.04Fg118800	AP2-EREBP	TFF
SoffiXsponR570.04Fg122100	PAS	TFF
SoffiXsponR570.04Fg123100	MED26	OTR
SoffiXsponR570.04Fg134400	SBP	TFF
SoffiXsponR570.04Fg134600	MYB-related	TFF
SoffiXsponR570.04Fg146800	bZIP	TFF
SoffiXsponR570.04Fg147000	bZIP	TFF
SoffiXsponR570.04Fg153900	NAC	TFF
SoffiXsponR570.04Fg155700	HMG	OTR
SoffiXsponR570.04Fg156400	MYB-related	TFF
SoffiXsponR570.04Fg160400	zf-C5HC2	TFF
SoffiXsponR570.04Gg000500	TRAF	OTR
SoffiXsponR570.04Gg002800	NAC	TFF
SoffiXsponR570.04Gg004400	MYB-related	TFF
SoffiXsponR570.04Gg008100	MYB	TFF
SoffiXsponR570.04Gg018300	AP2-EREBP	TFF
SoffiXsponR570.04Gg019200	GRAS	TFF
SoffiXsponR570.04Gg023500	BBR/BPC	TFF
SoffiXsponR570.04Gg024800	NAC	TFF
SoffiXsponR570.04Gg038200	Top	TFF
SoffiXsponR570.04Gg039600	PBF-2-like	TFF
SoffiXsponR570.04Gg052200	TRAF	OTR
SoffiXsponR570.04Gg057200	bHLH	TFF
SoffiXsponR570.04Gg057900	C2H2	TFF
SoffiXsponR570.04Gg058000	AP2-EREBP	TFF
SoffiXsponR570.04Gg063100	ARF	TFF
SoffiXsponR570.04Gg067900	MYB	TFF
SoffiXsponR570.04Gg072200	bZIP	TFF
SoffiXsponR570.04Gg074300	bZIP	TFF
SoffiXsponR570.04Gg076900	MADS	TFF
SoffiXsponR570.04Gg080400	AP2-EREBP	TFF
SoffiXsponR570.04Gg080800	MADS	TFF
SoffiXsponR570.04Gg081900	mTERF	OTR
SoffiXsponR570.04Gg082500	bHLH	TFF
SoffiXsponR570.04Gg086300	G2-like	TFF
SoffiXsponR570.04Gg087500	LIM	TFF
SoffiXsponR570.04Gg093400	zf-fF-X1	TFF
SoffiXsponR570.04Gg095600	MYB	TFF
SoffiXsponR570.04Gg096800	C2C2-CO-like	TFF
SoffiXsponR570.04Gg099000	zf-C5HC2	TFF
SoffiXsponR570.04Gg103300	FHA	TFF
SoffiXsponR570.04Gg104400	MYB-related	TFF
SoffiXsponR570.04Gg105200	PLATZ	TFF
SoffiXsponR570.04Gg105900	MADS	TFF
SoffiXsponR570.04Gg107000	TRAF	OTR
SoffiXsponR570.04Gg107100	TRAF	OTR
SoffiXsponR570.04Gg107700	TRAF	OTR
SoffiXsponR570.04Gg109800	MYB-related	TFF
SoffiXsponR570.04Gg114100	TRAF	OTR
SoffiXsponR570.04Gg114300	NAC	TFF
SoffiXsponR570.04Gg115700	ARF	TFF
SoffiXsponR570.05Ag001600	TRAF	OTR
SoffiXsponR570.05Ag001800	C2H2	TFF
SoffiXsponR570.05Ag009100	zf-C5HC2	TFF
SoffiXsponR570.05Ag012000	MADS	TFF
SoffiXsponR570.05Ag033500	HB	TFF
SoffiXsponR570.05Ag037500	mTERF	OTR
SoffiXsponR570.05Ag038100	NAC	TFF
SoffiXsponR570.05Ag038500	MYB	TFF
SoffiXsponR570.05Ag039400	FAR1	TFF
SoffiXsponR570.05Ag040100	bHLH	TFF
SoffiXsponR570.05Ag045100	TCP	TFF
SoffiXsponR570.05Ag046900	Tify	TFF
SoffiXsponR570.05Ag053400	Tify	TFF
SoffiXsponR570.05Ag056300	TRAF	OTR
SoffiXsponR570.05Ag057000	zf-A20	TFF
SoffiXsponR570.05Ag057100	zf-A20	TFF
SoffiXsponR570.05Ag059400	PHD	OTR
SoffiXsponR570.05Ag060900	CPP	TFF
SoffiXsponR570.05Ag062700	HSF	TFF
SoffiXsponR570.05Ag065500	bZIP	TFF
SoffiXsponR570.05Ag067500	SAP	TFF
SoffiXsponR570.05Ag070300	PHD	OTR
SoffiXsponR570.05Ag075600	DDT	OTR
SoffiXsponR570.05Ag079100	AP2-EREBP	TFF
SoffiXsponR570.05Ag083800	bZIP	TFF
SoffiXsponR570.05Ag084300	FHA	TFF
SoffiXsponR570.05Ag084400	bHLH	TFF
SoffiXsponR570.05Ag087100	SET	OTR
SoffiXsponR570.05Ag091400	Alfin-like	TFF
SoffiXsponR570.05Ag114200	BBR/BPC	TFF
SoffiXsponR570.05Ag119000	TRAF	OTR
SoffiXsponR570.05Ag120400	MYB-related	TFF
SoffiXsponR570.05Ag126200	WRKY	TFF
SoffiXsponR570.05Ag132700	BES1	TFF
SoffiXsponR570.05Ag137800	MYB	TFF
SoffiXsponR570.05Ag138200	ABI3VP1	TFF
SoffiXsponR570.05Ag145900	bZIP	TFF
SoffiXsponR570.05Ag153600	bZIP	TFF
SoffiXsponR570.05Ag155100	SET	OTR
SoffiXsponR570.05Ag156200	AP2-EREBP	TFF
SoffiXsponR570.05Ag163400	Jumonji	OTR
SoffiXsponR570.05Ag166100	MYB	TFF
SoffiXsponR570.05Ag166200	MYB	TFF
SoffiXsponR570.05Ag166300	Tify	TFF
SoffiXsponR570.05Ag169300	SET	OTR
SoffiXsponR570.05Ag170200	NAC	TFF
SoffiXsponR570.05Ag170800	MYB	TFF
SoffiXsponR570.05Ag172600	WRKY	TFF
SoffiXsponR570.05Ag172700	WRKY	TFF
SoffiXsponR570.05Ag176100	AP2-EREBP	TFF
SoffiXsponR570.05Ag179800	CCAAT	TFF
SoffiXsponR570.05Ag181000	ARID	OTR
SoffiXsponR570.05Ag181200	AP2-EREBP	TFF
SoffiXsponR570.05Ag183000	Tify	TFF
SoffiXsponR570.05Ag189900	GeBP	TFF
SoffiXsponR570.05Ag192000	NAC	TFF
SoffiXsponR570.05Ag192100	HSF	TFF
SoffiXsponR570.05Ag193100	bZIP	TFF
SoffiXsponR570.05Ag193300	HSF	TFF
SoffiXsponR570.05Ag193800	AP2-EREBP	TFF
SoffiXsponR570.05Ag197700	bHLH	TFF
SoffiXsponR570.05Ag200100	bHLH	TFF
SoffiXsponR570.05Ag203400	bHLH	TFF
SoffiXsponR570.05Ag209200	WRKY	TFF
SoffiXsponR570.05Ag211900	C2H2	TFF
SoffiXsponR570.05Ag212300	zf-A20	TFF
SoffiXsponR570.05Ag213700	bZIP	TFF
SoffiXsponR570.05Ag214800	MYB-related	TFF
SoffiXsponR570.05Ag215500	C3H	TFF
SoffiXsponR570.05Ag217700	NAC	TFF
SoffiXsponR570.05Ag219800	bHLH	TFF
SoffiXsponR570.05Ag224600	NAC	TFF
SoffiXsponR570.05Ag225300	bHLH	TFF
SoffiXsponR570.05Ag225500	AP2-EREBP	TFF
SoffiXsponR570.05Ag230300	bZIP	TFF
SoffiXsponR570.05Ag233000	bHLH	TFF
SoffiXsponR570.05Ag233100	bHLH	TFF
SoffiXsponR570.05Ag233600	bZIP	TFF
SoffiXsponR570.05Ag234700	TCP	TFF
SoffiXsponR570.05Ag235300	AP2-EREBP	TFF
SoffiXsponR570.05Ag235400	AP2-EREBP	TFF
SoffiXsponR570.05Ag235500	AP2-EREBP	TFF
SoffiXsponR570.05Ag235700	AP2-EREBP	TFF
SoffiXsponR570.05Ag235900	AP2-EREBP	TFF
SoffiXsponR570.05Ag237400	HSF	TFF
SoffiXsponR570.05Ag240900	SRS	TFF
SoffiXsponR570.05Ag241500	Pseudo_ARR-B	OTR
SoffiXsponR570.05Ag241900	MYB	TFF
SoffiXsponR570.05Ag244700	MYB	TFF
SoffiXsponR570.05Ag253700	RWP-RK	TFF
SoffiXsponR570.05Ag255300	HMG	OTR
SoffiXsponR570.05Ag255900	NAC	TFF
SoffiXsponR570.05Ag257600	C2H2	TFF
SoffiXsponR570.05Ag259900	NAC	TFF
SoffiXsponR570.05Ag263300	GRF	TFF
SoffiXsponR570.05Ag264400	SET	OTR
SoffiXsponR570.05Ag271400	CAMTA	TFF
SoffiXsponR570.05Ag273700	PHD	OTR
SoffiXsponR570.05Ag277800	SBP	TFF
SoffiXsponR570.05Ag277900	SBP	TFF
SoffiXsponR570.05Ag279300	C2C2-Dof	TFF
SoffiXsponR570.05Ag282000	GRAS	TFF
SoffiXsponR570.05Ag293100	bHLH	TFF
SoffiXsponR570.05Ag293700	CCAAT	TFF
SoffiXsponR570.05Ag293900	CCAAT	TFF
SoffiXsponR570.05Ag305000	ABI3VP1	TFF
SoffiXsponR570.05Ag307100	NAC	TFF
SoffiXsponR570.05Ag307400	NAC	TFF
SoffiXsponR570.05Ag311300	C2C2-YABBY	TFF
SoffiXsponR570.05Ag313900	AP2-EREBP	TFF
SoffiXsponR570.05Ag318800	mTERF	OTR
SoffiXsponR570.05Ag321900	HRT	TFF
SoffiXsponR570.05Ag333400	MADS	TFF
SoffiXsponR570.05Ag337900	Tify	TFF
SoffiXsponR570.05Ag339000	AP2-EREBP	TFF
SoffiXsponR570.05Ag344000	CAMTA	TFF
SoffiXsponR570.05Ag344000	TIG	TFF
SoffiXsponR570.05Ag348000	MYB	TFF
SoffiXsponR570.05Ag348600	MYB	TFF
SoffiXsponR570.05Ag355700	HSF	TFF
SoffiXsponR570.05Ag357500	MED26	OTR
SoffiXsponR570.05Ag357900	SWI/SNF-BAF60b	OTR
SoffiXsponR570.05Ag358900	bZIP	TFF
SoffiXsponR570.05Ag362200	TRAF	OTR
SoffiXsponR570.05Ag377500	bZIP	TFF
SoffiXsponR570.05Ag377600	ABI3VP1	TFF
SoffiXsponR570.05Ag377900	WRKY	TFF
SoffiXsponR570.05Ag379100	NAC	TFF
SoffiXsponR570.05Ag380900	C2C2-Dof	TFF
SoffiXsponR570.05Ag381000	MYB-related	TFF
SoffiXsponR570.05Ag381600	EIL	TFF
SoffiXsponR570.05Ag381700	EIL	TFF
SoffiXsponR570.05Ag385000	bZIP	TFF
SoffiXsponR570.05Bg001700	TRAF	OTR
SoffiXsponR570.05Bg013200	GNAT	OTR
SoffiXsponR570.05Bg021500	FAR1	TFF
SoffiXsponR570.05Bg026100	HB	TFF
SoffiXsponR570.05Bg036200	TCP	TFF
SoffiXsponR570.05Bg040500	CCAAT	TFF
SoffiXsponR570.05Bg041200	C2C2-YABBY	TFF
SoffiXsponR570.05Bg046900	TRAF	OTR
SoffiXsponR570.05Bg047500	zf-A20	TFF
SoffiXsponR570.05Bg049500	PHD	OTR
SoffiXsponR570.05Bg051300	CPP	TFF
SoffiXsponR570.05Bg055500	bHLH	TFF
SoffiXsponR570.05Bg056800	AUX/IAA	OTR
SoffiXsponR570.05Bg057900	SAP	TFF
SoffiXsponR570.05Bg060400	PHD	OTR
SoffiXsponR570.05Bg063200	FHA	TFF
SoffiXsponR570.05Bg065500	DDT	OTR
SoffiXsponR570.05Bg069000	AP2-EREBP	TFF
SoffiXsponR570.05Bg075300	NAC	TFF
SoffiXsponR570.05Bg075500	MADS	TFF
SoffiXsponR570.05Bg075800	AP2-EREBP	TFF
SoffiXsponR570.05Bg078500	Alfin-like	TFF
SoffiXsponR570.05Bg078500	PHD	OTR
SoffiXsponR570.05Bg078700	AP2-EREBP	TFF
SoffiXsponR570.05Bg089500	TRAF	OTR
SoffiXsponR570.05Bg092800	GNAT	OTR
SoffiXsponR570.05Bg108300	MYB-related	TFF
SoffiXsponR570.05Bg113100	WRKY	TFF
SoffiXsponR570.05Bg121900	AP2-EREBP	TFF
SoffiXsponR570.05Bg123800	MYB	TFF
SoffiXsponR570.05Bg129500	MYB-related	TFF
SoffiXsponR570.05Bg129600	MYB-related	TFF
SoffiXsponR570.05Bg130200	bZIP	TFF
SoffiXsponR570.05Bg132600	AP2-EREBP	TFF
SoffiXsponR570.05Bg139700	WRKY	TFF
SoffiXsponR570.05Bg140100	WRKY	TFF
SoffiXsponR570.05Bg140300	WRKY	TFF
SoffiXsponR570.05Bg144000	GNAT	OTR
SoffiXsponR570.05Bg149400	AP2-EREBP	TFF
SoffiXsponR570.05Bg151900	zf-BED	TFF
SoffiXsponR570.05Bg153900	Jumonji	OTR
SoffiXsponR570.05Bg156600	MYB	TFF
SoffiXsponR570.05Bg156700	Tify	TFF
SoffiXsponR570.05Bg159600	SET	OTR
SoffiXsponR570.05Bg161500	MYB	TFF
SoffiXsponR570.05Bg161700	zf-HD	TFF
SoffiXsponR570.05Bg163000	WRKY	TFF
SoffiXsponR570.05Bg166000	AP2-EREBP	TFF
SoffiXsponR570.05Bg168800	MYB	TFF
SoffiXsponR570.05Bg172000	Tify	TFF
SoffiXsponR570.05Bg177300	bZIP	TFF
SoffiXsponR570.05Bg177900	HSF	TFF
SoffiXsponR570.05Bg180300	GeBP	TFF
SoffiXsponR570.05Bg181500	PHD	OTR
SoffiXsponR570.05Bg182100	HSF	TFF
SoffiXsponR570.05Bg182400	AP2-EREBP	TFF
SoffiXsponR570.05Bg186500	bHLH	TFF
SoffiXsponR570.05Bg191800	bZIP	TFF
SoffiXsponR570.05Bg193200	WRKY	TFF
SoffiXsponR570.05Bg196000	C2H2	TFF
SoffiXsponR570.05Bg196300	zf-A20	TFF
SoffiXsponR570.05Bg197200	GNAT	OTR
SoffiXsponR570.05Bg197800	bZIP	TFF
SoffiXsponR570.05Bg197900	EIL	TFF
SoffiXsponR570.05Bg198900	SBP	TFF
SoffiXsponR570.05Bg199900	MYB-related	TFF
SoffiXsponR570.05Bg200500	C3H	TFF
SoffiXsponR570.05Bg206900	bHLH	TFF
SoffiXsponR570.05Bg212200	NAC	TFF
SoffiXsponR570.05Bg221200	bHLH	TFF
SoffiXsponR570.05Bg221300	bHLH	TFF
SoffiXsponR570.05Bg221700	bZIP	TFF
SoffiXsponR570.05Bg223000	TCP	TFF
SoffiXsponR570.05Bg223400	AP2-EREBP	TFF
SoffiXsponR570.05Bg223500	AP2-EREBP	TFF
SoffiXsponR570.05Bg223600	AP2-EREBP	TFF
SoffiXsponR570.05Bg225400	HSF	TFF
SoffiXsponR570.05Bg228400	SRS	TFF
SoffiXsponR570.05Bg229000	Pseudo_ARR-B	OTR
SoffiXsponR570.05Bg229400	MYB	TFF
SoffiXsponR570.05Bg232200	MYB	TFF
SoffiXsponR570.05Bg242200	RWP-RK	TFF
SoffiXsponR570.05Bg243700	HMG	OTR
SoffiXsponR570.05Bg244400	NAC	TFF
SoffiXsponR570.05Bg244500	NAC	TFF
SoffiXsponR570.05Bg246400	C2H2	TFF
SoffiXsponR570.05Bg250500	mTERF	OTR
SoffiXsponR570.05Bg253700	SET	OTR
SoffiXsponR570.05Bg263000	MYB	TFF
SoffiXsponR570.05Bg283800	bHLH	TFF
SoffiXsponR570.05Bg284600	CCAAT	TFF
SoffiXsponR570.05Bg284900	GRAS	TFF
SoffiXsponR570.05Bg291100	zf-BED	TFF
SoffiXsponR570.05Bg291400	bHLH	TFF
SoffiXsponR570.05Bg293000	MYB	TFF
SoffiXsponR570.05Bg295400	ABI3VP1	TFF
SoffiXsponR570.05Bg298100	NAC	TFF
SoffiXsponR570.05Bg298300	NAC	TFF
SoffiXsponR570.05Bg299000	GRAS	TFF
SoffiXsponR570.05Bg299900	C3H	TFF
SoffiXsponR570.05Bg308800	BES1	TFF
SoffiXsponR570.05Bg310700	mTERF	OTR
SoffiXsponR570.05Bg311200	WRKY	TFF
SoffiXsponR570.05Bg312500	GNAT	OTR
SoffiXsponR570.05Bg313700	HRT	TFF
SoffiXsponR570.05Bg315800	GRAS	TFF
SoffiXsponR570.05Bg326300	MADS	TFF
SoffiXsponR570.05Bg327200	CCAAT	TFF
SoffiXsponR570.05Bg328500	Alfin-like	TFF
SoffiXsponR570.05Bg329500	GRAS	TFF
SoffiXsponR570.05Bg331800	Tify	TFF
SoffiXsponR570.05Bg332000	FAR1	TFF
SoffiXsponR570.05Bg332800	AP2-EREBP	TFF
SoffiXsponR570.05Bg334300	SAP	TFF
SoffiXsponR570.05Bg339000	CAMTA	TFF
SoffiXsponR570.05Bg342800	MYB	TFF
SoffiXsponR570.05Bg346600	SART-1	OTR
SoffiXsponR570.05Bg346800	MYB	TFF
SoffiXsponR570.05Bg347600	GeBP	TFF
SoffiXsponR570.05Bg352300	MED26	OTR
SoffiXsponR570.05Bg353200	SWI/SNF-BAF60b	OTR
SoffiXsponR570.05Bg354200	bZIP	TFF
SoffiXsponR570.05Bg356700	BSD	TFF
SoffiXsponR570.05Bg358100	TRAF	OTR
SoffiXsponR570.05Bg364300	DDT	OTR
SoffiXsponR570.05Bg364300	PHD	OTR
SoffiXsponR570.05Bg366700	TUB	TFF
SoffiXsponR570.05Bg375500	ABI3VP1	TFF
SoffiXsponR570.05Bg376400	NAC	TFF
SoffiXsponR570.05Bg376900	NAC	TFF
SoffiXsponR570.05Bg377100	C3H	TFF
SoffiXsponR570.05Bg378600	C2C2-Dof	TFF
SoffiXsponR570.05Bg378700	MYB-related	TFF
SoffiXsponR570.05Bg381000	bZIP	TFF
SoffiXsponR570.05Bg382500	bZIP	TFF
SoffiXsponR570.05Cg008300	MYB	TFF
SoffiXsponR570.05Cg008700	WRKY	TFF
SoffiXsponR570.05Cg009600	MYB-related	TFF
SoffiXsponR570.05Cg029000	mTERF	OTR
SoffiXsponR570.05Cg029800	NAC	TFF
SoffiXsponR570.05Cg030400	MYB	TFF
SoffiXsponR570.05Cg031100	FAR1	TFF
SoffiXsponR570.05Cg031700	bHLH	TFF
SoffiXsponR570.05Cg034000	Rcd1-like	OTR
SoffiXsponR570.05Cg035700	TCP	TFF
SoffiXsponR570.05Cg037500	Tify	TFF
SoffiXsponR570.05Cg039400	CCAAT	TFF
SoffiXsponR570.05Cg040300	C2C2-YABBY	TFF
SoffiXsponR570.05Cg047100	TRAF	OTR
SoffiXsponR570.05Cg047600	zf-A20	TFF
SoffiXsponR570.05Cg049600	PHD	OTR
SoffiXsponR570.05Cg053000	HSF	TFF
SoffiXsponR570.05Cg055500	bHLH	TFF
SoffiXsponR570.05Cg057500	SAP	TFF
SoffiXsponR570.05Cg059800	PHD	OTR
SoffiXsponR570.05Cg064300	FHA	TFF
SoffiXsponR570.05Cg067000	DDT	OTR
SoffiXsponR570.05Cg070300	AP2-EREBP	TFF
SoffiXsponR570.05Cg073400	bZIP	TFF
SoffiXsponR570.05Cg074200	FHA	TFF
SoffiXsponR570.05Cg078000	SET	OTR
SoffiXsponR570.05Cg079100	NAC	TFF
SoffiXsponR570.05Cg079500	AP2-EREBP	TFF
SoffiXsponR570.05Cg082000	Alfin-like	TFF
SoffiXsponR570.05Cg092500	TRAF	OTR
SoffiXsponR570.05Cg106900	BBR/BPC	TFF
SoffiXsponR570.05Cg116000	WRKY	TFF
SoffiXsponR570.05Cg125900	AP2-EREBP	TFF
SoffiXsponR570.05Cg126000	AP2-EREBP	TFF
SoffiXsponR570.05Cg127800	MYB	TFF
SoffiXsponR570.05Cg134700	MYB-related	TFF
SoffiXsponR570.05Cg134800	MYB-related	TFF
SoffiXsponR570.05Cg135800	bZIP	TFF
SoffiXsponR570.05Cg151300	AP2-EREBP	TFF
SoffiXsponR570.05Cg159100	Jumonji	OTR
SoffiXsponR570.05Cg161500	MYB	TFF
SoffiXsponR570.05Cg161600	MYB	TFF
SoffiXsponR570.05Cg161700	Tify	TFF
SoffiXsponR570.05Cg164700	SET	OTR
SoffiXsponR570.05Cg166400	MYB	TFF
SoffiXsponR570.05Cg166600	zf-HD	TFF
SoffiXsponR570.05Cg168100	WRKY	TFF
SoffiXsponR570.05Cg168200	WRKY	TFF
SoffiXsponR570.05Cg171300	AP2-EREBP	TFF
SoffiXsponR570.05Cg174900	CCAAT	TFF
SoffiXsponR570.05Cg175300	CCAAT	TFF
SoffiXsponR570.05Cg176700	ARID	OTR
SoffiXsponR570.05Cg176900	AP2-EREBP	TFF
SoffiXsponR570.05Cg178700	Tify	TFF
SoffiXsponR570.05Cg184500	PHD	OTR
SoffiXsponR570.05Cg184700	C2H2	TFF
SoffiXsponR570.05Cg185500	GeBP	TFF
SoffiXsponR570.05Cg188500	bZIP	TFF
SoffiXsponR570.05Cg189000	AP2-EREBP	TFF
SoffiXsponR570.05Cg192900	bHLH	TFF
SoffiXsponR570.05Cg195300	bHLH	TFF
SoffiXsponR570.05Cg197400	bHLH	TFF
SoffiXsponR570.05Cg197800	C2C2-Dof	TFF
SoffiXsponR570.05Cg202900	WRKY	TFF
SoffiXsponR570.05Cg205700	C2H2	TFF
SoffiXsponR570.05Cg206000	zf-A20	TFF
SoffiXsponR570.05Cg206700	bHLH	TFF
SoffiXsponR570.05Cg207300	bZIP	TFF
SoffiXsponR570.05Cg207400	EIL	TFF
SoffiXsponR570.05Cg208200	MYB-related	TFF
SoffiXsponR570.05Cg208800	C3H	TFF
SoffiXsponR570.05Cg211200	NAC	TFF
SoffiXsponR570.05Cg214600	bHLH	TFF
SoffiXsponR570.05Cg217300	SBP	TFF
SoffiXsponR570.05Cg218800	NAC	TFF
SoffiXsponR570.05Cg219600	bHLH	TFF
SoffiXsponR570.05Cg223800	bZIP	TFF
SoffiXsponR570.05Cg226300	bHLH	TFF
SoffiXsponR570.05Cg226400	bHLH	TFF
SoffiXsponR570.05Cg226700	bHLH	TFF
SoffiXsponR570.05Cg228600	AP2-EREBP	TFF
SoffiXsponR570.05Cg228700	AP2-EREBP	TFF
SoffiXsponR570.05Cg228900	AP2-EREBP	TFF
SoffiXsponR570.05Cg231100	HSF	TFF
SoffiXsponR570.05Cg234800	Pseudo_ARR-B	OTR
SoffiXsponR570.05Cg235100	MYB	TFF
SoffiXsponR570.05Cg238300	MYB	TFF
SoffiXsponR570.05Cg240000	bZIP	TFF
SoffiXsponR570.05Cg247400	RWP-RK	TFF
SoffiXsponR570.05Cg249400	HMG	OTR
SoffiXsponR570.05Cg250300	NAC	TFF
SoffiXsponR570.05Cg252000	C2H2	TFF
SoffiXsponR570.05Cg252600	SET	OTR
SoffiXsponR570.05Cg255400	mTERF	OTR
SoffiXsponR570.05Cg258100	GRF	TFF
SoffiXsponR570.05Cg259500	SET	OTR
SoffiXsponR570.05Cg262400	GRAS	TFF
SoffiXsponR570.05Cg268600	MYB	TFF
SoffiXsponR570.05Cg268800	PHD	OTR
SoffiXsponR570.05Cg272600	SBP	TFF
SoffiXsponR570.05Cg272700	SBP	TFF
SoffiXsponR570.05Cg274200	C2C2-Dof	TFF
SoffiXsponR570.05Cg276900	GRAS	TFF
SoffiXsponR570.05Cg280400	MYB-related	TFF
SoffiXsponR570.05Cg288800	bHLH	TFF
SoffiXsponR570.05Cg289400	CCAAT	TFF
SoffiXsponR570.05Cg290000	GRAS	TFF
SoffiXsponR570.05Cg296100	bHLH	TFF
SoffiXsponR570.05Cg299700	ABI3VP1	TFF
SoffiXsponR570.05Cg302200	NAC	TFF
SoffiXsponR570.05Cg302500	NAC	TFF
SoffiXsponR570.05Cg303200	GRAS	TFF
SoffiXsponR570.05Cg304000	C3H	TFF
SoffiXsponR570.05Cg309200	AP2-EREBP	TFF
SoffiXsponR570.05Cg312800	C2H2	TFF
SoffiXsponR570.05Cg313900	mTERF	OTR
SoffiXsponR570.05Cg314300	GRAS	TFF
SoffiXsponR570.05Cg314400	WRKY	TFF
SoffiXsponR570.05Cg315800	GNAT	OTR
SoffiXsponR570.05Cg317200	HRT	TFF
SoffiXsponR570.05Cg329400	MADS	TFF
SoffiXsponR570.05Cg329900	CCAAT	TFF
SoffiXsponR570.05Cg330700	CCAAT	TFF
SoffiXsponR570.05Cg330900	Alfin-like	TFF
SoffiXsponR570.05Cg331900	GRAS	TFF
SoffiXsponR570.05Cg333800	Tify	TFF
SoffiXsponR570.05Cg334000	FAR1	TFF
SoffiXsponR570.05Cg334900	AP2-EREBP	TFF
SoffiXsponR570.05Cg340400	CAMTA	TFF
SoffiXsponR570.05Cg340400	TIG	TFF
SoffiXsponR570.05Cg342700	SAP	TFF
SoffiXsponR570.05Cg343300	Tudor-knot	OTR
SoffiXsponR570.05Cg345100	bHLH	TFF
SoffiXsponR570.05Cg348600	MYB	TFF
SoffiXsponR570.05Cg354700	MED26	OTR
SoffiXsponR570.05Cg356300	bZIP	TFF
SoffiXsponR570.05Cg360000	TRAF	OTR
SoffiXsponR570.05Cg377500	ABI3VP1	TFF
SoffiXsponR570.05Cg377800	WRKY	TFF
SoffiXsponR570.05Cg379300	C3H	TFF
SoffiXsponR570.05Cg379600	NAC	TFF
SoffiXsponR570.05Cg380600	NAC	TFF
SoffiXsponR570.05Cg381000	C2C2-Dof	TFF
SoffiXsponR570.05Cg381100	MYB-related	TFF
SoffiXsponR570.05Cg381400	EIL	TFF
SoffiXsponR570.05Cg382900	bZIP	TFF
SoffiXsponR570.05Cg384500	bZIP	TFF
SoffiXsponR570.05Dg001800	C2H2	TFF
SoffiXsponR570.05Dg008600	zf-C5HC2	TFF
SoffiXsponR570.05Dg008900	MYB	TFF
SoffiXsponR570.05Dg012200	MADS	TFF
SoffiXsponR570.05Dg028900	HB	TFF
SoffiXsponR570.05Dg031500	mTERF	OTR
SoffiXsponR570.05Dg032400	NAC	TFF
SoffiXsponR570.05Dg032800	MYB	TFF
SoffiXsponR570.05Dg036700	Rcd1-like	OTR
SoffiXsponR570.05Dg040100	Tify	TFF
SoffiXsponR570.05Dg042000	CCAAT	TFF
SoffiXsponR570.05Dg042800	C2C2-YABBY	TFF
SoffiXsponR570.05Dg048500	TRAF	OTR
SoffiXsponR570.05Dg049100	zf-A20	TFF
SoffiXsponR570.05Dg054300	HSF	TFF
SoffiXsponR570.05Dg057400	bHLH	TFF
SoffiXsponR570.05Dg058600	AUX/IAA	OTR
SoffiXsponR570.05Dg059500	SAP	TFF
SoffiXsponR570.05Dg067300	DDT	OTR
SoffiXsponR570.05Dg071100	AP2-EREBP	TFF
SoffiXsponR570.05Dg074500	bZIP	TFF
SoffiXsponR570.05Dg075000	FHA	TFF
SoffiXsponR570.05Dg075100	bHLH	TFF
SoffiXsponR570.05Dg078400	SET	OTR
SoffiXsponR570.05Dg079500	FAR1	TFF
SoffiXsponR570.05Dg080200	NAC	TFF
SoffiXsponR570.05Dg080600	AP2-EREBP	TFF
SoffiXsponR570.05Dg083200	Alfin-like	TFF
SoffiXsponR570.05Dg083400	AP2-EREBP	TFF
SoffiXsponR570.05Dg094100	TRAF	OTR
SoffiXsponR570.05Dg098200	GNAT	OTR
SoffiXsponR570.05Dg099400	WRKY	TFF
SoffiXsponR570.05Dg108000	BBR/BPC	TFF
SoffiXsponR570.05Dg112000	SET	OTR
SoffiXsponR570.05Dg124000	CCAAT	TFF
SoffiXsponR570.05Dg128400	AP2-EREBP	TFF
SoffiXsponR570.05Dg130400	MYB	TFF
SoffiXsponR570.05Dg133800	SET	OTR
SoffiXsponR570.05Dg135100	FAR1	TFF
SoffiXsponR570.05Dg137900	bZIP	TFF
SoffiXsponR570.05Dg138600	C2H2	TFF
SoffiXsponR570.05Dg144900	MYB-related	TFF
SoffiXsponR570.05Dg145000	MYB-related	TFF
SoffiXsponR570.05Dg146300	bZIP	TFF
SoffiXsponR570.05Dg155600	WRKY	TFF
SoffiXsponR570.05Dg158200	GNAT	OTR
SoffiXsponR570.05Dg159100	OFP	TFF
SoffiXsponR570.05Dg163600	AP2-EREBP	TFF
SoffiXsponR570.05Dg169200	PHD	OTR
SoffiXsponR570.05Dg172900	MYB	TFF
SoffiXsponR570.05Dg173000	MYB	TFF
SoffiXsponR570.05Dg173100	Tify	TFF
SoffiXsponR570.05Dg177000	NAC	TFF
SoffiXsponR570.05Dg177600	MYB-related	TFF
SoffiXsponR570.05Dg177600	MYB	TFF
SoffiXsponR570.05Dg177700	zf-HD	TFF
SoffiXsponR570.05Dg179600	WRKY	TFF
SoffiXsponR570.05Dg179700	WRKY	TFF
SoffiXsponR570.05Dg182900	AP2-EREBP	TFF
SoffiXsponR570.05Dg185800	CCAAT	TFF
SoffiXsponR570.05Dg187400	AP2-EREBP	TFF
SoffiXsponR570.05Dg189200	Tify	TFF
SoffiXsponR570.05Dg195400	C2H2	TFF
SoffiXsponR570.05Dg196200	GeBP	TFF
SoffiXsponR570.05Dg199100	bZIP	TFF
SoffiXsponR570.05Dg199300	HSF	TFF
SoffiXsponR570.05Dg199600	AP2-EREBP	TFF
SoffiXsponR570.05Dg203400	bHLH	TFF
SoffiXsponR570.05Dg206300	bHLH	TFF
SoffiXsponR570.05Dg208800	bZIP	TFF
SoffiXsponR570.05Dg209100	bHLH	TFF
SoffiXsponR570.05Dg209900	C2C2-Dof	TFF
SoffiXsponR570.05Dg214000	CCAAT	TFF
SoffiXsponR570.05Dg217500	C2H2	TFF
SoffiXsponR570.05Dg217800	zf-A20	TFF
SoffiXsponR570.05Dg218600	GNAT	OTR
SoffiXsponR570.05Dg221000	C3H	TFF
SoffiXsponR570.05Dg223200	NAC	TFF
SoffiXsponR570.05Dg226500	bHLH	TFF
SoffiXsponR570.05Dg239000	bHLH	TFF
SoffiXsponR570.05Dg239100	bHLH	TFF
SoffiXsponR570.05Dg240500	TCP	TFF
SoffiXsponR570.05Dg241200	AP2-EREBP	TFF
SoffiXsponR570.05Dg241300	AP2-EREBP	TFF
SoffiXsponR570.05Dg241400	AP2-EREBP	TFF
SoffiXsponR570.05Dg241500	AP2-EREBP	TFF
SoffiXsponR570.05Dg241600	AP2-EREBP	TFF
SoffiXsponR570.05Dg241800	AP2-EREBP	TFF
SoffiXsponR570.05Dg242100	AP2-EREBP	TFF
SoffiXsponR570.05Dg243600	HSF	TFF
SoffiXsponR570.05Dg245600	AUX/IAA	OTR
SoffiXsponR570.05Dg247300	SRS	TFF
SoffiXsponR570.05Dg247400	Pseudo_ARR-B	OTR
SoffiXsponR570.05Dg247700	MYB	TFF
SoffiXsponR570.05Dg250400	MYB	TFF
SoffiXsponR570.05Dg252100	bZIP	TFF
SoffiXsponR570.05Dg258200	RWP-RK	TFF
SoffiXsponR570.05Dg260000	NAC	TFF
SoffiXsponR570.05Dg260900	MYB-related	TFF
SoffiXsponR570.05Dg262200	C2H2	TFF
SoffiXsponR570.05Dg263200	WRKY	TFF
SoffiXsponR570.05Dg264600	NAC	TFF
SoffiXsponR570.05Dg267500	GRF	TFF
SoffiXsponR570.05Dg270800	CAMTA	TFF
SoffiXsponR570.05Dg272900	PHD	OTR
SoffiXsponR570.05Dg276600	SBP	TFF
SoffiXsponR570.05Dg276700	SBP	TFF
SoffiXsponR570.05Dg281100	GRAS	TFF
SoffiXsponR570.05Dg287100	FHA	TFF
SoffiXsponR570.05Dg294200	CCAAT	TFF
SoffiXsponR570.05Dg294600	GRAS	TFF
SoffiXsponR570.05Dg296500	bHLH	TFF
SoffiXsponR570.05Dg300500	bHLH	TFF
SoffiXsponR570.05Dg301800	MYB	TFF
SoffiXsponR570.05Dg304200	ABI3VP1	TFF
SoffiXsponR570.05Dg306500	NAC	TFF
SoffiXsponR570.05Dg306600	NAC	TFF
SoffiXsponR570.05Dg308700	TRAF	OTR
SoffiXsponR570.05Dg316200	BES1	TFF
SoffiXsponR570.05Dg316900	C2H2	TFF
SoffiXsponR570.05Dg317700	mTERF	OTR
SoffiXsponR570.05Dg318100	WRKY	TFF
SoffiXsponR570.05Dg319200	GNAT	OTR
SoffiXsponR570.05Dg320700	GRAS	TFF
SoffiXsponR570.05Dg330000	MADS	TFF
SoffiXsponR570.05Dg331900	CCAAT	TFF
SoffiXsponR570.05Dg333700	GRAS	TFF
SoffiXsponR570.05Dg335800	Tify	TFF
SoffiXsponR570.05Dg336900	AP2-EREBP	TFF
SoffiXsponR570.05Dg337800	SAP	TFF
SoffiXsponR570.05Dg346800	bHLH	TFF
SoffiXsponR570.05Dg347000	MYB	TFF
SoffiXsponR570.05Dg349900	SART-1	OTR
SoffiXsponR570.05Dg350100	MYB	TFF
SoffiXsponR570.05Dg353600	HSF	TFF
SoffiXsponR570.05Dg355500	MED26	OTR
SoffiXsponR570.05Dg357100	bZIP	TFF
SoffiXsponR570.05Dg359400	BSD	TFF
SoffiXsponR570.05Dg360500	TRAF	OTR
SoffiXsponR570.05Dg365600	DDT	OTR
SoffiXsponR570.05Dg365600	PHD	OTR
SoffiXsponR570.05Dg368100	TUB	TFF
SoffiXsponR570.05Dg376900	ABI3VP1	TFF
SoffiXsponR570.05Dg377200	WRKY	TFF
SoffiXsponR570.05Dg379200	NAC	TFF
SoffiXsponR570.05Dg379800	NAC	TFF
SoffiXsponR570.05Dg380100	C2C2-Dof	TFF
SoffiXsponR570.05Dg382200	bZIP	TFF
SoffiXsponR570.05Dg383700	bZIP	TFF
SoffiXsponR570.05Dg387400	PHD	OTR
SoffiXsponR570.05Eg001800	TRAF	OTR
SoffiXsponR570.05Eg001900	C2H2	TFF
SoffiXsponR570.05Eg011500	MADS	TFF
SoffiXsponR570.05Eg024500	bZIP	TFF
SoffiXsponR570.05Eg026800	HB	TFF
SoffiXsponR570.05Eg029500	mTERF	OTR
SoffiXsponR570.05Eg030600	NAC	TFF
SoffiXsponR570.05Eg032500	FAR1	TFF
SoffiXsponR570.05Eg033100	bHLH	TFF
SoffiXsponR570.05Eg037200	TCP	TFF
SoffiXsponR570.05Eg038500	Tify	TFF
SoffiXsponR570.05Eg045400	PHD	OTR
SoffiXsponR570.05Eg047000	CPP	TFF
SoffiXsponR570.05Eg050500	bHLH	TFF
SoffiXsponR570.05Eg050700	bZIP	TFF
SoffiXsponR570.05Eg051700	AUX/IAA	OTR
SoffiXsponR570.05Eg052500	SAP	TFF
SoffiXsponR570.05Eg054900	PHD	OTR
SoffiXsponR570.05Eg058900	FHA	TFF
SoffiXsponR570.05Eg061000	bHLH	TFF
SoffiXsponR570.05Eg065100	SET	OTR
SoffiXsponR570.05Eg066500	NAC	TFF
SoffiXsponR570.05Eg066900	AP2-EREBP	TFF
SoffiXsponR570.05Eg069500	Alfin-like	TFF
SoffiXsponR570.05Eg069700	AP2-EREBP	TFF
SoffiXsponR570.05Eg080100	TRAF	OTR
SoffiXsponR570.05Eg083500	GNAT	OTR
SoffiXsponR570.05Eg089600	BBR/BPC	TFF
SoffiXsponR570.05Eg090500	AP2-EREBP	TFF
SoffiXsponR570.05Eg094400	SET	OTR
SoffiXsponR570.05Eg095700	MYB-related	TFF
SoffiXsponR570.05Eg100000	WRKY	TFF
SoffiXsponR570.05Eg105800	CCAAT	TFF
SoffiXsponR570.05Eg110100	AP2-EREBP	TFF
SoffiXsponR570.05Eg114700	bZIP	TFF
SoffiXsponR570.05Eg122800	MYB-related	TFF
SoffiXsponR570.05Eg122900	MYB-related	TFF
SoffiXsponR570.05Eg123800	bZIP	TFF
SoffiXsponR570.05Eg132600	WRKY	TFF
SoffiXsponR570.05Eg133100	WRKY	TFF
SoffiXsponR570.05Eg133200	WRKY	TFF
SoffiXsponR570.05Eg141800	AP2-EREBP	TFF
SoffiXsponR570.05Eg149300	PHD	OTR
SoffiXsponR570.05Eg152600	MYB	TFF
SoffiXsponR570.05Eg152800	MYB	TFF
SoffiXsponR570.05Eg153000	MYB	TFF
SoffiXsponR570.05Eg153100	Tify	TFF
SoffiXsponR570.05Eg156200	NAC	TFF
SoffiXsponR570.05Eg158000	zf-HD	TFF
SoffiXsponR570.05Eg159300	WRKY	TFF
SoffiXsponR570.05Eg162900	AP2-EREBP	TFF
SoffiXsponR570.05Eg168200	AP2-EREBP	TFF
SoffiXsponR570.05Eg170200	Tify	TFF
SoffiXsponR570.05Eg179700	mTERF	OTR
SoffiXsponR570.05Eg180000	HSF	TFF
SoffiXsponR570.05Eg180600	bZIP	TFF
SoffiXsponR570.05Eg180900	HSF	TFF
SoffiXsponR570.05Eg181200	AP2-EREBP	TFF
SoffiXsponR570.05Eg184800	bHLH	TFF
SoffiXsponR570.05Eg185800	zf-HD	TFF
SoffiXsponR570.05Eg189100	bHLH	TFF
SoffiXsponR570.05Eg189400	C2C2-Dof	TFF
SoffiXsponR570.05Eg194200	WRKY	TFF
SoffiXsponR570.05Eg196900	C2H2	TFF
SoffiXsponR570.05Eg197100	zf-A20	TFF
SoffiXsponR570.05Eg198800	EIL	TFF
SoffiXsponR570.05Eg200300	MYB-related	TFF
SoffiXsponR570.05Eg203100	NAC	TFF
SoffiXsponR570.05Eg206200	C3H	TFF
SoffiXsponR570.05Eg211500	bHLH	TFF
SoffiXsponR570.05Eg216600	bHLH	TFF
SoffiXsponR570.05Eg222900	bHLH	TFF
SoffiXsponR570.05Eg223000	bHLH	TFF
SoffiXsponR570.05Eg224800	TCP	TFF
SoffiXsponR570.05Eg225200	AP2-EREBP	TFF
SoffiXsponR570.05Eg225300	AP2-EREBP	TFF
SoffiXsponR570.05Eg225600	AP2-EREBP	TFF
SoffiXsponR570.05Eg227300	HSF	TFF
SoffiXsponR570.05Eg227700	zf-A20	TFF
SoffiXsponR570.05Eg231100	SRS	TFF
SoffiXsponR570.05Eg235200	MYB	TFF
SoffiXsponR570.05Eg243800	RWP-RK	TFF
SoffiXsponR570.05Eg245300	HMG	OTR
SoffiXsponR570.05Eg246100	NAC	TFF
SoffiXsponR570.05Eg247900	C2H2	TFF
SoffiXsponR570.05Eg251500	mTERF	OTR
SoffiXsponR570.05Eg255500	SET	OTR
SoffiXsponR570.05Eg258700	GRAS	TFF
SoffiXsponR570.05Eg265000	PHD	OTR
SoffiXsponR570.05Eg269300	SBP	TFF
SoffiXsponR570.05Eg273600	GRAS	TFF
SoffiXsponR570.05Eg276900	MYB-related	TFF
SoffiXsponR570.05Eg280200	FHA	TFF
SoffiXsponR570.05Eg285300	bHLH	TFF
SoffiXsponR570.05Eg286000	CCAAT	TFF
SoffiXsponR570.05Eg286100	CCAAT	TFF
SoffiXsponR570.05Eg286500	GRAS	TFF
SoffiXsponR570.05Eg292800	bHLH	TFF
SoffiXsponR570.05Eg296700	ABI3VP1	TFF
SoffiXsponR570.05Eg296900	FAR1	TFF
SoffiXsponR570.05Eg299200	NAC	TFF
SoffiXsponR570.05Eg300200	GRAS	TFF
SoffiXsponR570.05Eg310700	C2H2	TFF
SoffiXsponR570.05Eg311600	mTERF	OTR
SoffiXsponR570.05Eg311900	GRAS	TFF
SoffiXsponR570.05Eg312000	WRKY	TFF
SoffiXsponR570.05Eg313200	GNAT	OTR
SoffiXsponR570.05Eg329700	CCAAT	TFF
SoffiXsponR570.05Eg332000	BSD	TFF
SoffiXsponR570.05Eg333200	TRAF	OTR
SoffiXsponR570.05Eg336700	CCAAT	TFF
SoffiXsponR570.05Eg341000	TUB	TFF
SoffiXsponR570.05Eg349700	ABI3VP1	TFF
SoffiXsponR570.05Eg350000	WRKY	TFF
SoffiXsponR570.05Eg351500	C3H	TFF
SoffiXsponR570.05Eg351900	NAC	TFF
SoffiXsponR570.05Eg352400	NAC	TFF
SoffiXsponR570.05Eg352800	MYB-related	TFF
SoffiXsponR570.05Eg354600	bZIP	TFF
SoffiXsponR570.05Eg355900	bZIP	TFF
SoffiXsponR570.05Fg001200	TRAF	OTR
SoffiXsponR570.05Fg008800	zf-C5HC2	TFF
SoffiXsponR570.05Fg009700	WRKY	TFF
SoffiXsponR570.05Fg013100	GNAT	OTR
SoffiXsponR570.05Fg021800	FAR1	TFF
SoffiXsponR570.05Fg025900	AP2-EREBP	TFF
SoffiXsponR570.05Fg027100	HB	TFF
SoffiXsponR570.05Fg029800	mTERF	OTR
SoffiXsponR570.05Fg030700	NAC	TFF
SoffiXsponR570.05Fg031900	SAP	TFF
SoffiXsponR570.05Fg046200	bZIP	TFF
SoffiXsponR570.05Fg053500	MYB	TFF
SoffiXsponR570.05Fg053800	ABI3VP1	TFF
SoffiXsponR570.05Fg057000	SET	OTR
SoffiXsponR570.05Fg061700	zf-BED	TFF
SoffiXsponR570.05Fg062700	C2H2	TFF
SoffiXsponR570.05Fg069400	MYB-related	TFF
SoffiXsponR570.05Fg069500	MYB-related	TFF
SoffiXsponR570.05Fg087900	Jumonji	OTR
SoffiXsponR570.05Fg090500	MYB	TFF
SoffiXsponR570.05Fg090600	MYB	TFF
SoffiXsponR570.05Fg090700	Tify	TFF
SoffiXsponR570.05Fg093500	SET	OTR
SoffiXsponR570.05Fg095600	zf-HD	TFF
SoffiXsponR570.05Fg097200	WRKY	TFF
SoffiXsponR570.05Fg100600	AP2-EREBP	TFF
SoffiXsponR570.05Fg105700	ARID	OTR
SoffiXsponR570.05Fg105900	AP2-EREBP	TFF
SoffiXsponR570.05Fg115200	C2H2	TFF
SoffiXsponR570.05Fg117900	mTERF	OTR
SoffiXsponR570.05Fg119100	HSF	TFF
SoffiXsponR570.05Fg119400	AP2-EREBP	TFF
SoffiXsponR570.05Fg119500	AP2-EREBP	TFF
SoffiXsponR570.05Fg119600	AP2-EREBP	TFF
SoffiXsponR570.05Fg125700	bHLH	TFF
SoffiXsponR570.05Fg128100	bZIP	TFF
SoffiXsponR570.05Fg129500	bHLH	TFF
SoffiXsponR570.05Fg135000	WRKY	TFF
SoffiXsponR570.05Fg137800	C2H2	TFF
SoffiXsponR570.05Fg139500	bZIP	TFF
SoffiXsponR570.05Fg139600	EIL	TFF
SoffiXsponR570.05Fg140000	SBP	TFF
SoffiXsponR570.05Fg141200	C3H	TFF
SoffiXsponR570.05Fg143600	NAC	TFF
SoffiXsponR570.05Fg147300	bHLH	TFF
SoffiXsponR570.05Fg150200	SBP	TFF
SoffiXsponR570.05Fg152000	NAC	TFF
SoffiXsponR570.05Fg152900	bHLH	TFF
SoffiXsponR570.05Fg160200	bHLH	TFF
SoffiXsponR570.05Fg160300	bHLH	TFF
SoffiXsponR570.05Fg162300	AP2-EREBP	TFF
SoffiXsponR570.05Fg162400	AP2-EREBP	TFF
SoffiXsponR570.05Fg162500	AP2-EREBP	TFF
SoffiXsponR570.05Fg162800	AP2-EREBP	TFF
SoffiXsponR570.05Fg166900	AUX/IAA	OTR
SoffiXsponR570.05Fg168300	SRS	TFF
SoffiXsponR570.05Fg168400	Pseudo_ARR-B	OTR
SoffiXsponR570.05Fg168700	MYB	TFF
SoffiXsponR570.05Fg171900	MYB	TFF
SoffiXsponR570.05Fg173500	bZIP	TFF
SoffiXsponR570.05Fg179900	RWP-RK	TFF
SoffiXsponR570.05Fg184100	C2H2	TFF
SoffiXsponR570.05Fg184800	SET	OTR
SoffiXsponR570.05Fg187200	mTERF	OTR
SoffiXsponR570.05Fg189600	GRF	TFF
SoffiXsponR570.05Fg190500	SET	OTR
SoffiXsponR570.05Fg198000	CAMTA	TFF
SoffiXsponR570.05Fg200400	PHD	OTR
SoffiXsponR570.05Fg204600	SBP	TFF
SoffiXsponR570.05Fg208800	GRAS	TFF
SoffiXsponR570.05Fg214900	FHA	TFF
SoffiXsponR570.05Fg220200	CCAAT	TFF
SoffiXsponR570.05Fg220300	CCAAT	TFF
SoffiXsponR570.05Fg222600	bHLH	TFF
SoffiXsponR570.05Fg228300	MYB	TFF
SoffiXsponR570.05Fg230500	ABI3VP1	TFF
SoffiXsponR570.05Fg233200	NAC	TFF
SoffiXsponR570.05Fg235300	C3H	TFF
SoffiXsponR570.05Fg243300	MADS	TFF
SoffiXsponR570.05Fg244800	C2H2	TFF
SoffiXsponR570.05Fg246200	mTERF	OTR
SoffiXsponR570.05Fg246500	C3H	TFF
SoffiXsponR570.05Fg248200	GNAT	OTR
SoffiXsponR570.05Fg251500	GRAS	TFF
SoffiXsponR570.05Fg262100	MADS	TFF
SoffiXsponR570.05Fg265600	GRAS	TFF
SoffiXsponR570.05Fg267800	Tify	TFF
SoffiXsponR570.05Fg277100	SAP	TFF
SoffiXsponR570.05Fg278600	MYB	TFF
SoffiXsponR570.05Fg279300	bHLH	TFF
SoffiXsponR570.05Fg279500	MYB	TFF
SoffiXsponR570.05Fg282000	SART-1	OTR
SoffiXsponR570.05Fg282200	MYB	TFF
SoffiXsponR570.05Fg287600	MED26	OTR
SoffiXsponR570.05Fg289400	bZIP	TFF
SoffiXsponR570.05Fg293600	TRAF	OTR
SoffiXsponR570.05Fg299800	DDT	OTR
SoffiXsponR570.05Fg306400	WRKY	TFF
SoffiXsponR570.05Fg311100	bZIP	TFF
SoffiXsponR570.05Fg311200	ABI3VP1	TFF
SoffiXsponR570.05Fg311500	WRKY	TFF
SoffiXsponR570.05Fg313100	C3H	TFF
SoffiXsponR570.05Fg313500	NAC	TFF
SoffiXsponR570.05Fg314100	NAC	TFF
SoffiXsponR570.05Fg314400	C2C2-Dof	TFF
SoffiXsponR570.05Fg314500	MYB-related	TFF
SoffiXsponR570.05Fg316100	bZIP	TFF
SoffiXsponR570.05Fg319200	FAR1	TFF
SoffiXsponR570.05Gg001200	C2H2	TFF
SoffiXsponR570.05Gg007800	zf-C5HC2	TFF
SoffiXsponR570.05Gg011400	GNAT	OTR
SoffiXsponR570.05Gg014900	PHD	OTR
SoffiXsponR570.05Gg025700	HB	TFF
SoffiXsponR570.05Gg029700	NAC	TFF
SoffiXsponR570.05Gg031400	FAR1	TFF
SoffiXsponR570.05Gg032000	bHLH	TFF
SoffiXsponR570.05Gg037700	Tify	TFF
SoffiXsponR570.05Gg040500	CCAAT	TFF
SoffiXsponR570.05Gg041400	C2C2-YABBY	TFF
SoffiXsponR570.05Gg048900	TRAF	OTR
SoffiXsponR570.05Gg049800	zf-A20	TFF
SoffiXsponR570.05Gg052500	PHD	OTR
SoffiXsponR570.05Gg054600	CPP	TFF
SoffiXsponR570.05Gg057000	HSF	TFF
SoffiXsponR570.05Gg060200	AUX/IAA	OTR
SoffiXsponR570.05Gg060900	SAP	TFF
SoffiXsponR570.05Gg063300	PHD	OTR
SoffiXsponR570.05Gg067600	FHA	TFF
SoffiXsponR570.05Gg070900	bHLH	TFF
SoffiXsponR570.05Gg074300	AP2-EREBP	TFF
SoffiXsponR570.05Gg079100	FHA	TFF
SoffiXsponR570.05Gg082400	SET	OTR
SoffiXsponR570.05Gg084200	AP2-EREBP	TFF
SoffiXsponR570.05Gg086500	Alfin-like	TFF
SoffiXsponR570.05Gg086700	AP2-EREBP	TFF
SoffiXsponR570.05Gg094200	Top	TFF
SoffiXsponR570.05Gg097300	TRAF	OTR
SoffiXsponR570.05Gg102300	GNAT	OTR
SoffiXsponR570.05Gg103600	WRKY	TFF
SoffiXsponR570.05Gg112200	BBR/BPC	TFF
SoffiXsponR570.05Gg113100	AP2-EREBP	TFF
SoffiXsponR570.05Gg127500	BES1	TFF
SoffiXsponR570.05Gg130200	AP2-EREBP	TFF
SoffiXsponR570.05Gg130300	AP2-EREBP	TFF
SoffiXsponR570.05Gg130700	MYB	TFF
SoffiXsponR570.05Gg135900	SET	OTR
SoffiXsponR570.05Gg146300	MYB-related	TFF
SoffiXsponR570.05Gg146400	MYB-related	TFF
SoffiXsponR570.05Gg147200	bZIP	TFF
SoffiXsponR570.05Gg148400	SET	OTR
SoffiXsponR570.05Gg149200	AP2-EREBP	TFF
SoffiXsponR570.05Gg155400	WRKY	TFF
SoffiXsponR570.05Gg155500	WRKY	TFF
SoffiXsponR570.05Gg160700	GNAT	OTR
SoffiXsponR570.05Gg161700	OFP	TFF
SoffiXsponR570.05Gg163400	SET	OTR
SoffiXsponR570.05Gg168500	AP2-EREBP	TFF
SoffiXsponR570.05Gg175300	PHD	OTR
SoffiXsponR570.05Gg175700	Jumonji	OTR
SoffiXsponR570.05Gg178700	MYB	TFF
SoffiXsponR570.05Gg178800	MYB	TFF
SoffiXsponR570.05Gg178900	MYB	TFF
SoffiXsponR570.05Gg179000	Tify	TFF
SoffiXsponR570.05Gg181700	SET	OTR
SoffiXsponR570.05Gg182800	NAC	TFF
SoffiXsponR570.05Gg183300	MYB	TFF
SoffiXsponR570.05Gg183800	zf-HD	TFF
SoffiXsponR570.05Gg185100	WRKY	TFF
SoffiXsponR570.05Gg185200	WRKY	TFF
SoffiXsponR570.05Gg191500	CCAAT	TFF
SoffiXsponR570.05Gg192900	ARID	OTR
SoffiXsponR570.05Gg193100	AP2-EREBP	TFF
SoffiXsponR570.05Gg194400	C2C2-Dof	TFF
SoffiXsponR570.05Gg199900	WRKY	TFF
SoffiXsponR570.05Gg203800	GNAT	OTR
SoffiXsponR570.05Gg205200	MYB-related	TFF
SoffiXsponR570.05Gg206500	C3H	TFF
SoffiXsponR570.06Ag002700	GRAS	TFF
SoffiXsponR570.06Ag002800	GRAS	TFF
SoffiXsponR570.06Ag002900	GRAS	TFF
SoffiXsponR570.06Ag009100	C2C2-Dof	TFF
SoffiXsponR570.06Ag011800	C2H2	TFF
SoffiXsponR570.06Ag012100	MYB-related	TFF
SoffiXsponR570.06Ag012100	MYB	TFF
SoffiXsponR570.06Ag012300	MYB-related	TFF
SoffiXsponR570.06Ag012300	MYB	TFF
SoffiXsponR570.06Ag020600	C2H2	TFF
SoffiXsponR570.06Ag020800	AP2-EREBP	TFF
SoffiXsponR570.06Ag022500	SAP	TFF
SoffiXsponR570.06Ag023600	MYB-related	TFF
SoffiXsponR570.06Ag025100	C3H	TFF
SoffiXsponR570.06Ag027200	HB	TFF
SoffiXsponR570.06Ag029600	MYB	TFF
SoffiXsponR570.06Ag029700	MYB	TFF
SoffiXsponR570.06Ag033100	WRKY	TFF
SoffiXsponR570.06Ag034300	bHLH	TFF
SoffiXsponR570.06Ag038400	Top	TFF
SoffiXsponR570.06Ag045800	bHLH	TFF
SoffiXsponR570.06Ag052900	AUX/IAA	OTR
SoffiXsponR570.06Ag056600	WRKY	TFF
SoffiXsponR570.06Ag057300	AUX/IAA	OTR
SoffiXsponR570.06Ag058500	NAC	TFF
SoffiXsponR570.06Ag059400	MYB-related	TFF
SoffiXsponR570.06Ag060900	bHLH	TFF
SoffiXsponR570.06Ag061000	bHLH	TFF
SoffiXsponR570.06Ag069700	AUX/IAA	OTR
SoffiXsponR570.06Ag070200	GNAT	OTR
SoffiXsponR570.06Ag072200	bHLH	TFF
SoffiXsponR570.06Ag073900	OFP	TFF
SoffiXsponR570.06Ag076800	zf-BED	TFF
SoffiXsponR570.06Ag076900	WRKY	TFF
SoffiXsponR570.06Ag081600	WRKY	TFF
SoffiXsponR570.06Ag082200	AP2-EREBP	TFF
SoffiXsponR570.06Ag083700	MYB	TFF
SoffiXsponR570.06Ag085400	FHA	TFF
SoffiXsponR570.06Ag088700	AP2-EREBP	TFF
SoffiXsponR570.06Ag098400	NAC	TFF
SoffiXsponR570.06Ag101400	AP2-EREBP	TFF
SoffiXsponR570.06Ag105800	TRAF	OTR
SoffiXsponR570.06Ag108500	mTERF	OTR
SoffiXsponR570.06Ag111100	SBP	TFF
SoffiXsponR570.06Ag111300	FAR1	TFF
SoffiXsponR570.06Ag113700	MED26	OTR
SoffiXsponR570.06Ag115800	NAC	TFF
SoffiXsponR570.06Ag116300	NAC	TFF
SoffiXsponR570.06Ag123300	TUB	TFF
SoffiXsponR570.06Ag125000	OFP	TFF
SoffiXsponR570.06Ag125200	MYB-related	TFF
SoffiXsponR570.06Ag125300	MYB-related	TFF
SoffiXsponR570.06Ag126300	C2H2	TFF
SoffiXsponR570.06Ag128500	MYB	TFF
SoffiXsponR570.06Ag130300	HB	TFF
SoffiXsponR570.06Ag130400	bHLH	TFF
SoffiXsponR570.06Ag133000	MYB	TFF
SoffiXsponR570.06Ag136000	CCAAT	TFF
SoffiXsponR570.06Ag141600	WRKY	TFF
SoffiXsponR570.06Ag143200	OFP	TFF
SoffiXsponR570.06Ag144300	WRKY	TFF
SoffiXsponR570.06Ag145500	GNAT	OTR
SoffiXsponR570.06Ag145700	ABI3VP1	TFF
SoffiXsponR570.06Ag147300	NOT2_3_5	OTR
SoffiXsponR570.06Ag147800	MYB-related	TFF
SoffiXsponR570.06Ag148500	bZIP	TFF
SoffiXsponR570.06Ag149400	SET	OTR
SoffiXsponR570.06Ag150200	MYB-related	TFF
SoffiXsponR570.06Ag151700	CCAAT	TFF
SoffiXsponR570.06Ag152400	bZIP	TFF
SoffiXsponR570.06Ag153600	AP2-EREBP	TFF
SoffiXsponR570.06Ag163100	TCP	TFF
SoffiXsponR570.06Ag164100	TUB	TFF
SoffiXsponR570.06Ag180100	AP2-EREBP	TFF
SoffiXsponR570.06Ag185100	MYB	TFF
SoffiXsponR570.06Ag198400	Trihelix	TFF
SoffiXsponR570.06Ag199400	DDT	OTR
SoffiXsponR570.06Ag199600	NAC	TFF
SoffiXsponR570.06Ag200700	C3H	TFF
SoffiXsponR570.06Ag203500	WRKY	TFF
SoffiXsponR570.06Ag207100	WRKY	TFF
SoffiXsponR570.06Ag212700	zf-HD	TFF
SoffiXsponR570.06Ag213400	NAC	TFF
SoffiXsponR570.06Ag215600	WRKY	TFF
SoffiXsponR570.06Ag215900	WRKY	TFF
SoffiXsponR570.06Ag216300	zf-BED	TFF
SoffiXsponR570.06Ag219200	Sigma70-like	TFF
SoffiXsponR570.06Ag219700	SET	OTR
SoffiXsponR570.06Ag220800	MYB-related	TFF
SoffiXsponR570.06Bg000700	C3H	TFF
SoffiXsponR570.06Bg002200	bZIP	TFF
SoffiXsponR570.06Bg004500	bHLH	TFF
SoffiXsponR570.06Bg004700	MYB	TFF
SoffiXsponR570.06Bg008600	Top	TFF
SoffiXsponR570.06Bg021400	Top	TFF
SoffiXsponR570.06Bg022700	C2C2-GATA	TFF
SoffiXsponR570.06Bg027600	Alfin-like	TFF
SoffiXsponR570.06Bg033900	AUX/IAA	OTR
SoffiXsponR570.06Bg037600	WRKY	TFF
SoffiXsponR570.06Bg038400	AUX/IAA	OTR
SoffiXsponR570.06Bg043200	MYB-related	TFF
SoffiXsponR570.06Bg044900	bHLH	TFF
SoffiXsponR570.06Bg045200	bHLH	TFF
SoffiXsponR570.06Bg045500	bHLH	TFF
SoffiXsponR570.06Bg046900	MADS	TFF
SoffiXsponR570.06Cg003100	MYB-related	TFF
SoffiXsponR570.06Cg004100	C3H	TFF
SoffiXsponR570.06Cg005200	bZIP	TFF
SoffiXsponR570.06Cg008000	MYB	TFF
SoffiXsponR570.06Cg011300	WRKY	TFF
SoffiXsponR570.06Cg013000	MYB	TFF
SoffiXsponR570.06Cg016200	MYB-related	TFF
SoffiXsponR570.06Cg017000	Top	TFF
SoffiXsponR570.06Cg019400	GRAS	TFF
SoffiXsponR570.06Cg033400	AUX/IAA	OTR
SoffiXsponR570.06Cg044200	AUX/IAA	OTR
SoffiXsponR570.06Cg044500	GNAT	OTR
SoffiXsponR570.06Cg046600	bHLH	TFF
SoffiXsponR570.06Cg051400	WRKY	TFF
SoffiXsponR570.06Cg055900	WRKY	TFF
SoffiXsponR570.06Cg056800	AP2-EREBP	TFF
SoffiXsponR570.06Cg058400	MYB	TFF
SoffiXsponR570.06Cg059800	FHA	TFF
SoffiXsponR570.06Cg063800	AP2-EREBP	TFF
SoffiXsponR570.06Cg072400	NAC	TFF
SoffiXsponR570.06Cg074500	SRS	TFF
SoffiXsponR570.06Cg075900	AP2-EREBP	TFF
SoffiXsponR570.06Cg080600	TRAF	OTR
SoffiXsponR570.06Cg084200	SBP	TFF
SoffiXsponR570.06Cg084400	FAR1	TFF
SoffiXsponR570.06Cg086700	MED26	OTR
SoffiXsponR570.06Cg089000	NAC	TFF
SoffiXsponR570.06Cg090200	SWI/SNF-BAF60b	OTR
SoffiXsponR570.06Cg090400	NAC	TFF
SoffiXsponR570.06Cg090600	MADS	TFF
SoffiXsponR570.06Cg091400	GRAS	TFF
SoffiXsponR570.06Cg091700	NAC	TFF
SoffiXsponR570.06Cg098900	AP2-EREBP	TFF
SoffiXsponR570.06Cg099500	TUB	TFF
SoffiXsponR570.06Cg099800	MYB-related	TFF
SoffiXsponR570.06Cg100600	C2C2-Dof	TFF
SoffiXsponR570.06Cg101000	OFP	TFF
SoffiXsponR570.06Cg101400	MYB-related	TFF
SoffiXsponR570.06Cg101500	MYB-related	TFF
SoffiXsponR570.06Cg102600	C2H2	TFF
SoffiXsponR570.06Cg104700	MYB	TFF
SoffiXsponR570.06Cg106500	HB	TFF
SoffiXsponR570.06Cg106600	bHLH	TFF
SoffiXsponR570.06Cg110900	C2H2	TFF
SoffiXsponR570.06Cg112500	CCAAT	TFF
SoffiXsponR570.06Cg117400	WRKY	TFF
SoffiXsponR570.06Cg120800	GNAT	OTR
SoffiXsponR570.06Cg121000	ABI3VP1	TFF
SoffiXsponR570.06Cg122900	NOT2_3_5	OTR
SoffiXsponR570.06Cg123400	MYB-related	TFF
SoffiXsponR570.06Cg124200	bZIP	TFF
SoffiXsponR570.06Cg125200	SET	OTR
SoffiXsponR570.06Cg126000	MYB-related	TFF
SoffiXsponR570.06Cg127800	CCAAT	TFF
SoffiXsponR570.06Cg130300	AP2-EREBP	TFF
SoffiXsponR570.06Cg135600	NAC	TFF
SoffiXsponR570.06Cg136700	CPP	TFF
SoffiXsponR570.06Cg138800	BSD	TFF
SoffiXsponR570.06Cg139500	TCP	TFF
SoffiXsponR570.06Cg142400	VOZ	TFF
SoffiXsponR570.06Cg143100	OFP	TFF
SoffiXsponR570.06Cg144600	PHD	OTR
SoffiXsponR570.06Cg146000	C2C2-GATA	TFF
SoffiXsponR570.06Cg147500	AUX/IAA	OTR
SoffiXsponR570.06Cg151600	HSF	TFF
SoffiXsponR570.06Cg156200	AP2-EREBP	TFF
SoffiXsponR570.06Cg156600	WRKY	TFF
SoffiXsponR570.06Cg161000	MYB	TFF
SoffiXsponR570.06Cg164000	zf-BED	TFF
SoffiXsponR570.06Cg164400	ABI3VP1	TFF
SoffiXsponR570.06Cg164400	AP2-EREBP	TFF
SoffiXsponR570.06Cg167800	MYB	TFF
SoffiXsponR570.06Cg171800	AUX/IAA	OTR
SoffiXsponR570.06Cg172900	TUB	TFF
SoffiXsponR570.06Cg174200	DDT	OTR
SoffiXsponR570.06Cg174400	NAC	TFF
SoffiXsponR570.06Cg176000	C3H	TFF
SoffiXsponR570.06Cg178700	WRKY	TFF
SoffiXsponR570.06Cg179100	MYB-related	TFF
SoffiXsponR570.06Cg179800	C2C2-GATA	TFF
SoffiXsponR570.06Cg181000	bZIP	TFF
SoffiXsponR570.06Cg181700	WRKY	TFF
SoffiXsponR570.06Cg182800	CCAAT	TFF
SoffiXsponR570.06Cg186800	MYB-related	TFF
SoffiXsponR570.06Cg186900	MYB-related	TFF
SoffiXsponR570.06Cg187500	NAC	TFF
SoffiXsponR570.06Cg189800	WRKY	TFF
SoffiXsponR570.06Cg193000	Sigma70-like	TFF
SoffiXsponR570.06Cg193500	SET	OTR
SoffiXsponR570.06Cg195300	Sigma70-like	TFF
SoffiXsponR570.06Cg195500	MYB-related	TFF
SoffiXsponR570.06Cg202100	bHLH	TFF
SoffiXsponR570.06Dg002500	GRAS	TFF
SoffiXsponR570.06Dg008500	Top	TFF
SoffiXsponR570.06Dg009400	bHLH	TFF
SoffiXsponR570.06Dg016300	AUX/IAA	OTR
SoffiXsponR570.06Dg019800	WRKY	TFF
SoffiXsponR570.06Dg020800	AUX/IAA	OTR
SoffiXsponR570.06Dg021800	NAC	TFF
SoffiXsponR570.06Dg022700	MYB-related	TFF
SoffiXsponR570.06Dg024300	bHLH	TFF
SoffiXsponR570.06Dg024500	bHLH	TFF
SoffiXsponR570.06Dg025600	MADS	TFF
SoffiXsponR570.06Dg032300	OFP	TFF
SoffiXsponR570.06Dg033300	MYB	TFF
SoffiXsponR570.06Dg034300	AUX/IAA	OTR
SoffiXsponR570.06Dg034700	GNAT	OTR
SoffiXsponR570.06Dg036700	bHLH	TFF
SoffiXsponR570.06Dg047000	AP2-EREBP	TFF
SoffiXsponR570.06Dg048800	MYB	TFF
SoffiXsponR570.06Dg050700	FHA	TFF
SoffiXsponR570.06Dg054500	AP2-EREBP	TFF
SoffiXsponR570.06Dg063300	NAC	TFF
SoffiXsponR570.06Dg065600	SRS	TFF
SoffiXsponR570.06Dg065800	SET	OTR
SoffiXsponR570.06Dg071700	TRAF	OTR
SoffiXsponR570.06Dg074700	mTERF	OTR
SoffiXsponR570.06Dg079300	HB	TFF
SoffiXsponR570.06Dg079400	bHLH	TFF
SoffiXsponR570.06Dg083200	CCAAT	TFF
SoffiXsponR570.06Dg085200	CCAAT	TFF
SoffiXsponR570.06Dg092200	WRKY	TFF
SoffiXsponR570.06Dg094700	WRKY	TFF
SoffiXsponR570.06Dg095600	GNAT	OTR
SoffiXsponR570.06Dg095800	ABI3VP1	TFF
SoffiXsponR570.06Dg097600	NOT2_3_5	OTR
SoffiXsponR570.06Dg099000	bZIP	TFF
SoffiXsponR570.06Dg100000	SET	OTR
SoffiXsponR570.06Dg100800	MYB-related	TFF
SoffiXsponR570.06Dg102800	CCAAT	TFF
SoffiXsponR570.06Dg103500	bZIP	TFF
SoffiXsponR570.06Dg104800	AP2-EREBP	TFF
SoffiXsponR570.06Dg104900	AP2-EREBP	TFF
SoffiXsponR570.06Dg111600	CPP	TFF
SoffiXsponR570.06Dg114800	TCP	TFF
SoffiXsponR570.06Dg115800	TUB	TFF
SoffiXsponR570.06Dg116000	C2C2-Dof	TFF
SoffiXsponR570.06Dg117000	ARF	TFF
SoffiXsponR570.06Dg117700	VOZ	TFF
SoffiXsponR570.06Dg122700	MYB	TFF
SoffiXsponR570.06Dg125900	ABI3VP1	TFF
SoffiXsponR570.06Dg125900	AP2-EREBP	TFF
SoffiXsponR570.06Dg130600	MYB	TFF
SoffiXsponR570.06Dg136500	TUB	TFF
SoffiXsponR570.06Dg137800	DDT	OTR
SoffiXsponR570.06Dg138000	NAC	TFF
SoffiXsponR570.06Dg139200	C3H	TFF
SoffiXsponR570.06Dg139900	AP2-EREBP	TFF
SoffiXsponR570.06Dg142200	WRKY	TFF
SoffiXsponR570.06Dg145100	bZIP	TFF
SoffiXsponR570.06Dg146200	AP2-EREBP	TFF
SoffiXsponR570.06Dg147100	CCAAT	TFF
SoffiXsponR570.06Dg154400	WRKY	TFF
SoffiXsponR570.06Dg154900	WRKY	TFF
SoffiXsponR570.06Dg157100	bHLH	TFF
SoffiXsponR570.06Dg157700	Sigma70-like	TFF
SoffiXsponR570.06Dg158200	SET	OTR
SoffiXsponR570.06Dg159900	Sigma70-like	TFF
SoffiXsponR570.06Eg008900	C2H2	TFF
SoffiXsponR570.06Eg012900	GRAS	TFF
SoffiXsponR570.06Eg013000	GRAS	TFF
SoffiXsponR570.06Eg013100	GRAS	TFF
SoffiXsponR570.06Eg019400	C2H2	TFF
SoffiXsponR570.06Eg019700	MYB-related	TFF
SoffiXsponR570.06Eg019700	MYB	TFF
SoffiXsponR570.06Eg019900	MYB	TFF
SoffiXsponR570.06Eg028800	AP2-EREBP	TFF
SoffiXsponR570.06Eg038400	WRKY	TFF
SoffiXsponR570.06Eg039500	bHLH	TFF
SoffiXsponR570.06Eg039700	bHLH	TFF
SoffiXsponR570.06Eg039800	MYB	TFF
SoffiXsponR570.06Eg044100	MYB-related	TFF
SoffiXsponR570.06Eg044600	Top	TFF
SoffiXsponR570.06Eg048000	GRAS	TFF
SoffiXsponR570.06Eg056200	Top	TFF
SoffiXsponR570.06Eg068500	WRKY	TFF
SoffiXsponR570.06Eg069300	AUX/IAA	OTR
SoffiXsponR570.06Eg071100	MYB-related	TFF
SoffiXsponR570.06Eg077900	AUX/IAA	OTR
SoffiXsponR570.06Eg078400	GNAT	OTR
SoffiXsponR570.06Eg080100	bHLH	TFF
SoffiXsponR570.06Eg086300	WRKY	TFF
SoffiXsponR570.06Eg087100	AP2-EREBP	TFF
SoffiXsponR570.06Eg088900	MYB	TFF
SoffiXsponR570.06Eg090900	FHA	TFF
SoffiXsponR570.06Eg103700	NAC	TFF
SoffiXsponR570.06Eg107100	AP2-EREBP	TFF
SoffiXsponR570.06Eg111600	TRAF	OTR
SoffiXsponR570.06Eg114000	mTERF	OTR
SoffiXsponR570.06Eg114900	mTERF	OTR
SoffiXsponR570.06Eg119400	MYB-related	TFF
SoffiXsponR570.06Eg119800	MED26	OTR
SoffiXsponR570.06Eg122100	Alfin-like	TFF
SoffiXsponR570.06Eg122900	AP2-EREBP	TFF
SoffiXsponR570.06Eg123400	SWI/SNF-BAF60b	OTR
SoffiXsponR570.06Eg123600	NAC	TFF
SoffiXsponR570.06Eg123900	MADS	TFF
SoffiXsponR570.06Eg124900	GRAS	TFF
SoffiXsponR570.06Eg125200	NAC	TFF
SoffiXsponR570.06Eg132300	TUB	TFF
SoffiXsponR570.06Eg134000	OFP	TFF
SoffiXsponR570.06Eg134100	OFP	TFF
SoffiXsponR570.06Eg134300	MYB-related	TFF
SoffiXsponR570.06Eg134400	MYB-related	TFF
SoffiXsponR570.06Eg134500	NAC	TFF
SoffiXsponR570.06Eg135300	bZIP	TFF
SoffiXsponR570.06Eg135400	C2H2	TFF
SoffiXsponR570.06Eg138800	HB	TFF
SoffiXsponR570.06Eg138900	bHLH	TFF
SoffiXsponR570.06Eg144800	CCAAT	TFF
SoffiXsponR570.06Eg149900	WRKY	TFF
SoffiXsponR570.06Eg152000	WRKY	TFF
SoffiXsponR570.06Fg007400	C2H2	TFF
SoffiXsponR570.06Fg011100	GRAS	TFF
SoffiXsponR570.06Fg011300	GRAS	TFF
SoffiXsponR570.06Fg014100	C2C2-Dof	TFF
SoffiXsponR570.06Fg016000	C2H2	TFF
SoffiXsponR570.06Fg016300	MYB-related	TFF
SoffiXsponR570.06Fg016300	MYB	TFF
SoffiXsponR570.06Fg016500	MYB-related	TFF
SoffiXsponR570.06Fg016500	MYB	TFF
SoffiXsponR570.06Fg021500	SAP	TFF
SoffiXsponR570.06Fg022500	MYB-related	TFF
SoffiXsponR570.06Fg027600	MYB	TFF
SoffiXsponR570.06Fg027700	MYB	TFF
SoffiXsponR570.06Fg031600	bHLH	TFF
SoffiXsponR570.06Fg031700	bHLH	TFF
SoffiXsponR570.06Fg034600	Top	TFF
SoffiXsponR570.06Fg043700	Top	TFF
SoffiXsponR570.06Fg050500	Alfin-like	TFF
SoffiXsponR570.06Fg052100	FHA	TFF
SoffiXsponR570.06Fg058600	AUX/IAA	OTR
SoffiXsponR570.06Fg062500	WRKY	TFF
SoffiXsponR570.06Fg063500	AUX/IAA	OTR
SoffiXsponR570.06Fg065400	MYB-related	TFF
SoffiXsponR570.06Fg067000	bHLH	TFF
SoffiXsponR570.06Fg067100	bHLH	TFF
SoffiXsponR570.06Fg067200	bHLH	TFF
SoffiXsponR570.06Fg068400	MADS	TFF
SoffiXsponR570.06Fg075100	AUX/IAA	OTR
SoffiXsponR570.06Fg083800	CCAAT	TFF
SoffiXsponR570.06Fg088800	WRKY	TFF
SoffiXsponR570.06Fg091500	WRKY	TFF
SoffiXsponR570.06Fg092100	SET	OTR
SoffiXsponR570.06Fg092900	MYB-related	TFF
SoffiXsponR570.06Fg094600	CCAAT	TFF
SoffiXsponR570.06Fg095300	bZIP	TFF
SoffiXsponR570.06Fg099100	GRAS	TFF
SoffiXsponR570.06Fg105300	BSD	TFF
SoffiXsponR570.06Fg106000	TCP	TFF
SoffiXsponR570.06Fg107100	C2C2-Dof	TFF
SoffiXsponR570.06Fg111400	PHD	OTR
SoffiXsponR570.06Fg114600	AUX/IAA	OTR
SoffiXsponR570.06Fg125300	WRKY	TFF
SoffiXsponR570.06Fg133400	ABI3VP1	TFF
SoffiXsponR570.06Fg133400	AP2-EREBP	TFF
SoffiXsponR570.06Fg142100	AUX/IAA	OTR
SoffiXsponR570.06Fg144500	DDT	OTR
SoffiXsponR570.06Fg148600	WRKY	TFF
SoffiXsponR570.06Fg149000	MYB-related	TFF
SoffiXsponR570.06Fg151400	Sigma70-like	TFF
SoffiXsponR570.06Fg154200	WRKY	TFF
SoffiXsponR570.06Fg154400	AP2-EREBP	TFF
SoffiXsponR570.06Fg155400	CCAAT	TFF
SoffiXsponR570.06Fg159700	MYB-related	TFF
SoffiXsponR570.06Fg162700	WRKY	TFF
SoffiXsponR570.06Fg162900	OFP	TFF
SoffiXsponR570.06Fg163100	WRKY	TFF
SoffiXsponR570.06Fg165300	bHLH	TFF
SoffiXsponR570.06Fg166000	Sigma70-like	TFF
SoffiXsponR570.06Fg167800	MYB-related	TFF
SoffiXsponR570.06Fg168600	Sigma70-like	TFF
SoffiXsponR570.06Fg168900	MYB-related	TFF
SoffiXsponR570.06Fg169200	SET	OTR
SoffiXsponR570.06Gg010800	AP2-EREBP	TFF
SoffiXsponR570.06Gg012500	MYB	TFF
SoffiXsponR570.06Gg017900	AP2-EREBP	TFF
SoffiXsponR570.06Gg026100	NAC	TFF
SoffiXsponR570.06Gg037200	mTERF	OTR
SoffiXsponR570.06Gg041600	MYB-related	TFF
SoffiXsponR570.06Gg044800	NAC	TFF
SoffiXsponR570.06Gg045000	Alfin-like	TFF
SoffiXsponR570.06Gg045700	AP2-EREBP	TFF
SoffiXsponR570.06Gg046200	NAC	TFF
SoffiXsponR570.06Gg047600	GRAS	TFF
SoffiXsponR570.06Gg047900	NAC	TFF
SoffiXsponR570.06Gg051600	zf-BED	TFF
SoffiXsponR570.06Gg055600	C2C2-Dof	TFF
SoffiXsponR570.06Gg056200	OFP	TFF
SoffiXsponR570.06Gg056300	OFP	TFF
SoffiXsponR570.06Gg056900	NAC	TFF
SoffiXsponR570.06Gg061600	HB	TFF
SoffiXsponR570.06Gg061700	bHLH	TFF
SoffiXsponR570.06Gg066300	C2H2	TFF
SoffiXsponR570.06Gg068300	CCAAT	TFF
SoffiXsponR570.06Gg072700	FAR1	TFF
SoffiXsponR570.06Gg074200	WRKY	TFF
SoffiXsponR570.06Gg075800	OFP	TFF
SoffiXsponR570.06Gg076800	WRKY	TFF
SoffiXsponR570.06Gg077800	GNAT	OTR
SoffiXsponR570.06Gg078000	ABI3VP1	TFF
SoffiXsponR570.06Gg079700	NOT2_3_5	OTR
SoffiXsponR570.06Gg080900	bZIP	TFF
SoffiXsponR570.06Gg083100	bZIP	TFF
SoffiXsponR570.06Gg084400	CCAAT	TFF
SoffiXsponR570.06Gg086500	AP2-EREBP	TFF
SoffiXsponR570.06Gg095800	BSD	TFF
SoffiXsponR570.06Gg096600	TCP	TFF
SoffiXsponR570.06Gg097500	TUB	TFF
SoffiXsponR570.06Gg101600	PHD	OTR
SoffiXsponR570.06Gg113300	AP2-EREBP	TFF
SoffiXsponR570.06Gg114000	WRKY	TFF
SoffiXsponR570.06Gg118400	MYB	TFF
SoffiXsponR570.06Gg121600	zf-BED	TFF
SoffiXsponR570.06Gg131100	TUB	TFF
SoffiXsponR570.06Gg132300	DDT	OTR
SoffiXsponR570.06Gg132500	NAC	TFF
SoffiXsponR570.06Gg132700	ARF	TFF
SoffiXsponR570.06Gg135100	WRKY	TFF
SoffiXsponR570.06Gg137300	bZIP	TFF
SoffiXsponR570.06Gg138300	WRKY	TFF
SoffiXsponR570.06Gg144200	MYB-related	TFF
SoffiXsponR570.06Gg147400	OFP	TFF
SoffiXsponR570.06Gg147500	WRKY	TFF
SoffiXsponR570.06Gg150200	Sigma70-like	TFF
SoffiXsponR570.06Gg150700	SET	OTR
SoffiXsponR570.06Gg152500	Sigma70-like	TFF
SoffiXsponR570.07Ag001100	GeBP	TFF
SoffiXsponR570.07Ag003700	C3H	TFF
SoffiXsponR570.07Ag009100	E2F-DP	TFF
SoffiXsponR570.07Ag015300	SET	OTR
SoffiXsponR570.07Ag019200	Top	TFF
SoffiXsponR570.07Ag019900	ARID	OTR
SoffiXsponR570.07Ag021500	Top	TFF
SoffiXsponR570.07Ag038000	bHLH	TFF
SoffiXsponR570.07Ag045600	bHLH	TFF
SoffiXsponR570.07Ag047800	ABI3VP1	TFF
SoffiXsponR570.07Ag048400	WRKY	TFF
SoffiXsponR570.07Ag059900	S1Fa-like	TFF
SoffiXsponR570.07Ag064200	OFP	TFF
SoffiXsponR570.07Ag067500	SWI/SNF-BAF60b	OTR
SoffiXsponR570.07Ag070500	SET	OTR
SoffiXsponR570.07Ag074800	zf-HD	TFF
SoffiXsponR570.07Ag076100	NAC	TFF
SoffiXsponR570.07Ag077900	ARF	TFF
SoffiXsponR570.07Ag077900	AUX/IAA	OTR
SoffiXsponR570.07Ag079600	AP2-EREBP	TFF
SoffiXsponR570.07Ag082100	GRAS	TFF
SoffiXsponR570.07Ag085500	FHA	TFF
SoffiXsponR570.07Ag090800	EIL	TFF
SoffiXsponR570.07Ag094400	MADS	TFF
SoffiXsponR570.07Ag096900	GNAT	OTR
SoffiXsponR570.07Ag100200	FAR1	TFF
SoffiXsponR570.07Ag101600	WRKY	TFF
SoffiXsponR570.07Ag104800	FAR1	TFF
SoffiXsponR570.07Ag106600	MYB-related	TFF
SoffiXsponR570.07Ag109100	TAZ	TFF
SoffiXsponR570.07Ag111000	GNAT	OTR
SoffiXsponR570.07Ag122900	MYB	TFF
SoffiXsponR570.07Ag123300	C1-4-t1	TFF
SoffiXsponR570.07Ag124900	MYB-related	TFF
SoffiXsponR570.07Ag128000	NAC	TFF
SoffiXsponR570.07Ag128700	MYB	TFF
SoffiXsponR570.07Ag130700	ARF	TFF
SoffiXsponR570.07Ag134600	TCP	TFF
SoffiXsponR570.07Ag136700	Top	TFF
SoffiXsponR570.07Ag140500	MYB	TFF
SoffiXsponR570.07Ag144400	C2C2-GATA	TFF
SoffiXsponR570.07Ag145400	Trihelix	TFF
SoffiXsponR570.07Ag146900	MYB-related	TFF
SoffiXsponR570.07Ag147900	C2C2-GATA	TFF
SoffiXsponR570.07Ag149500	AP2-EREBP	TFF
SoffiXsponR570.07Ag149600	AP2-EREBP	TFF
SoffiXsponR570.07Ag149700	AP2-EREBP	TFF
SoffiXsponR570.07Ag149800	AP2-EREBP	TFF
SoffiXsponR570.07Ag149900	AP2-EREBP	TFF
SoffiXsponR570.07Ag151100	MYB	TFF
SoffiXsponR570.07Ag151400	AP2-EREBP	TFF
SoffiXsponR570.07Ag151600	AP2-EREBP	TFF
SoffiXsponR570.07Ag151700	AP2-EREBP	TFF
SoffiXsponR570.07Ag153500	C2H2	TFF
SoffiXsponR570.07Ag155200	GRAS	TFF
SoffiXsponR570.07Ag157600	bHLH	TFF
SoffiXsponR570.07Ag158200	bHLH	TFF
SoffiXsponR570.07Ag162700	RWP-RK	TFF
SoffiXsponR570.07Ag163900	C2H2	TFF
SoffiXsponR570.07Ag168200	AP2-EREBP	TFF
SoffiXsponR570.07Ag168300	AP2-EREBP	TFF
SoffiXsponR570.07Ag172700	GRAS	TFF
SoffiXsponR570.07Ag180600	C2H2	TFF
SoffiXsponR570.07Ag180800	bHLH	TFF
SoffiXsponR570.07Ag182100	MYB	TFF
SoffiXsponR570.07Ag183100	MYB	TFF
SoffiXsponR570.07Ag184200	WRKY	TFF
SoffiXsponR570.07Ag185900	MYB-related	TFF
SoffiXsponR570.07Ag186600	GRF	TFF
SoffiXsponR570.07Ag189300	WRKY	TFF
SoffiXsponR570.07Ag193100	PHD	OTR
SoffiXsponR570.07Ag193600	AP2-EREBP	TFF
SoffiXsponR570.07Ag196100	Rcd1-like	OTR
SoffiXsponR570.07Ag201800	bHLH	TFF
SoffiXsponR570.07Ag209300	SET	OTR
SoffiXsponR570.07Ag217200	GNAT	OTR
SoffiXsponR570.07Ag219000	bZIP	TFF
SoffiXsponR570.07Ag231300	Tify	TFF
SoffiXsponR570.07Ag231500	AUX/IAA	OTR
SoffiXsponR570.07Ag238900	BSD	TFF
SoffiXsponR570.07Ag245000	AP2-EREBP	TFF
SoffiXsponR570.07Ag248100	ARF	TFF
SoffiXsponR570.07Ag248100	AUX/IAA	OTR
SoffiXsponR570.07Ag252400	ABI3VP1	TFF
SoffiXsponR570.07Ag252500	MYB	TFF
SoffiXsponR570.07Ag253400	Top	TFF
SoffiXsponR570.07Ag260000	OFP	TFF
SoffiXsponR570.07Ag263400	TUB	TFF
SoffiXsponR570.07Ag266100	NAC	TFF
SoffiXsponR570.07Bg004100	NAC	TFF
SoffiXsponR570.07Bg004700	C2H2	TFF
SoffiXsponR570.07Bg008400	MYB-related	TFF
SoffiXsponR570.07Bg015200	SET	OTR
SoffiXsponR570.07Bg019300	Top	TFF
SoffiXsponR570.07Bg019800	ARID	OTR
SoffiXsponR570.07Bg021300	Top	TFF
SoffiXsponR570.07Bg033000	MYB	TFF
SoffiXsponR570.07Bg051200	ABI3VP1	TFF
SoffiXsponR570.07Bg052400	ABI3VP1	TFF
SoffiXsponR570.07Bg053000	TIG	TFF
SoffiXsponR570.07Bg057700	Tify	TFF
SoffiXsponR570.07Bg060500	AP2-EREBP	TFF
SoffiXsponR570.07Bg064400	zf-BED	TFF
SoffiXsponR570.07Bg067300	S1Fa-like	TFF
SoffiXsponR570.07Bg071700	OFP	TFF
SoffiXsponR570.07Bg072500	E2F-DP	TFF
SoffiXsponR570.07Bg075200	SWI/SNF-BAF60b	OTR
SoffiXsponR570.07Bg082700	NAC	TFF
SoffiXsponR570.07Bg085400	FAR1	TFF
SoffiXsponR570.07Bg085700	bHLH	TFF
SoffiXsponR570.07Bg086000	ARF	TFF
SoffiXsponR570.07Bg088000	AP2-EREBP	TFF
SoffiXsponR570.07Bg090200	GRAS	TFF
SoffiXsponR570.07Bg090300	GRAS	TFF
SoffiXsponR570.07Bg093900	FHA	TFF
SoffiXsponR570.07Bg103900	GNAT	OTR
SoffiXsponR570.07Bg107300	FAR1	TFF
SoffiXsponR570.07Bg108300	MYB-related	TFF
SoffiXsponR570.07Bg108300	MYB	TFF
SoffiXsponR570.07Bg108500	C2H2	TFF
SoffiXsponR570.07Bg110700	WRKY	TFF
SoffiXsponR570.07Bg111300	C2H2	TFF
SoffiXsponR570.07Bg112800	FAR1	TFF
SoffiXsponR570.07Bg114800	MYB-related	TFF
SoffiXsponR570.07Bg117100	TAZ	TFF
SoffiXsponR570.07Bg118300	GNAT	OTR
SoffiXsponR570.07Bg119200	Trihelix	TFF
SoffiXsponR570.07Bg120600	bHLH	TFF
SoffiXsponR570.07Bg126000	RWP-RK	TFF
SoffiXsponR570.07Bg127000	C2C2-CO-like	TFF
SoffiXsponR570.07Bg135300	MYB	TFF
SoffiXsponR570.07Bg135700	C1-4-t1	TFF
SoffiXsponR570.07Bg137000	MYB-related	TFF
SoffiXsponR570.07Bg140400	NAC	TFF
SoffiXsponR570.07Bg141200	MYB	TFF
SoffiXsponR570.07Bg146900	TCP	TFF
SoffiXsponR570.07Bg154100	MYB	TFF
SoffiXsponR570.07Bg155700	C2C2-YABBY	TFF
SoffiXsponR570.07Bg158000	C2C2-GATA	TFF
SoffiXsponR570.07Bg158900	Trihelix	TFF
SoffiXsponR570.07Bg160800	SET	OTR
SoffiXsponR570.07Bg161100	C2C2-GATA	TFF
SoffiXsponR570.07Bg163100	AP2-EREBP	TFF
SoffiXsponR570.07Bg163200	AP2-EREBP	TFF
SoffiXsponR570.07Bg164900	AP2-EREBP	TFF
SoffiXsponR570.07Bg165000	AP2-EREBP	TFF
SoffiXsponR570.07Bg165100	AP2-EREBP	TFF
SoffiXsponR570.07Bg171100	bHLH	TFF
SoffiXsponR570.07Bg174900	RWP-RK	TFF
SoffiXsponR570.07Bg175100	HMG	OTR
SoffiXsponR570.07Bg176200	C2H2	TFF
SoffiXsponR570.07Bg179900	AP2-EREBP	TFF
SoffiXsponR570.07Bg180000	AP2-EREBP	TFF
SoffiXsponR570.07Bg183100	OFP	TFF
SoffiXsponR570.07Bg184600	GRAS	TFF
SoffiXsponR570.07Bg185700	ABI3VP1	TFF
SoffiXsponR570.07Bg187100	MYB-related	TFF
SoffiXsponR570.07Bg192000	C2H2	TFF
SoffiXsponR570.07Bg192300	bHLH	TFF
SoffiXsponR570.07Bg193400	Top	TFF
SoffiXsponR570.07Bg193500	MYB-related	TFF
SoffiXsponR570.07Bg193500	MYB	TFF
SoffiXsponR570.07Bg194500	MYB	TFF
SoffiXsponR570.07Bg196000	WRKY	TFF
SoffiXsponR570.07Bg197600	MYB-related	TFF
SoffiXsponR570.07Bg198400	GRF	TFF
SoffiXsponR570.07Bg205400	AP2-EREBP	TFF
SoffiXsponR570.07Bg209100	MADS	TFF
SoffiXsponR570.07Bg215900	zf-BED	TFF
SoffiXsponR570.07Bg217400	FAR1	TFF
SoffiXsponR570.07Bg224100	CSD	TFF
SoffiXsponR570.07Bg230000	bZIP	TFF
SoffiXsponR570.07Bg232900	bHLH	TFF
SoffiXsponR570.07Bg236700	AP2-EREBP	TFF
SoffiXsponR570.07Bg236800	AP2-EREBP	TFF
SoffiXsponR570.07Bg240700	Tify	TFF
SoffiXsponR570.07Bg241100	AUX/IAA	OTR
SoffiXsponR570.07Bg241400	AP2-EREBP	TFF
SoffiXsponR570.07Bg250200	C3H	TFF
SoffiXsponR570.07Bg255600	C3H	TFF
SoffiXsponR570.07Bg255800	ARF	TFF
SoffiXsponR570.07Bg260700	ABI3VP1	TFF
SoffiXsponR570.07Bg260800	MYB	TFF
SoffiXsponR570.07Bg261900	Top	TFF
SoffiXsponR570.07Bg267100	CCAAT	TFF
SoffiXsponR570.07Bg269200	OFP	TFF
SoffiXsponR570.07Bg272500	TUB	TFF
SoffiXsponR570.07Bg280700	bZIP	TFF
SoffiXsponR570.07Cg009900	MYB-related	TFF
SoffiXsponR570.07Cg016500	SET	OTR
SoffiXsponR570.07Cg022400	ARID	OTR
SoffiXsponR570.07Cg026200	ABI3VP1	TFF
SoffiXsponR570.07Cg026300	ABI3VP1	TFF
SoffiXsponR570.07Cg039800	bHLH	TFF
SoffiXsponR570.07Cg039900	bHLH	TFF
SoffiXsponR570.07Cg046400	bHLH	TFF
SoffiXsponR570.07Cg050100	CAMTA	TFF
SoffiXsponR570.07Cg055500	Tify	TFF
SoffiXsponR570.07Cg064600	S1Fa-like	TFF
SoffiXsponR570.07Cg069100	OFP	TFF
SoffiXsponR570.07Cg074100	SET	OTR
SoffiXsponR570.07Cg077400	SET	OTR
SoffiXsponR570.07Cg079500	GRAS	TFF
SoffiXsponR570.07Cg081800	NAC	TFF
SoffiXsponR570.07Cg085100	bHLH	TFF
SoffiXsponR570.07Cg085500	ARF	TFF
SoffiXsponR570.07Cg085600	AUX/IAA	OTR
SoffiXsponR570.07Cg087200	AP2-EREBP	TFF
SoffiXsponR570.07Cg090000	GRAS	TFF
SoffiXsponR570.07Cg093700	FHA	TFF
SoffiXsponR570.07Cg099200	EIL	TFF
SoffiXsponR570.07Cg102900	MYB	TFF
SoffiXsponR570.07Cg106100	GNAT	OTR
SoffiXsponR570.07Cg114800	FAR1	TFF
SoffiXsponR570.07Cg120800	GNAT	OTR
SoffiXsponR570.07Cg127500	RWP-RK	TFF
SoffiXsponR570.07Cg128500	C2C2-CO-like	TFF
SoffiXsponR570.07Cg141700	NAC	TFF
SoffiXsponR570.07Cg142500	MYB	TFF
SoffiXsponR570.07Cg153900	C2C2-YABBY	TFF
SoffiXsponR570.07Cg155800	C2C2-GATA	TFF
SoffiXsponR570.07Cg161200	AP2-EREBP	TFF
SoffiXsponR570.07Cg161500	AP2-EREBP	TFF
SoffiXsponR570.07Cg161600	AP2-EREBP	TFF
SoffiXsponR570.07Cg161700	AP2-EREBP	TFF
SoffiXsponR570.07Cg163200	AP2-EREBP	TFF
SoffiXsponR570.07Cg163400	AP2-EREBP	TFF
SoffiXsponR570.07Cg168800	bHLH	TFF
SoffiXsponR570.07Cg169200	bHLH	TFF
SoffiXsponR570.07Cg173500	RWP-RK	TFF
SoffiXsponR570.07Cg173700	HMG	OTR
SoffiXsponR570.07Cg178700	AP2-EREBP	TFF
SoffiXsponR570.07Cg178800	AP2-EREBP	TFF
SoffiXsponR570.07Cg183700	MADS	TFF
SoffiXsponR570.07Cg185600	MYB-related	TFF
SoffiXsponR570.07Cg190700	bHLH	TFF
SoffiXsponR570.07Cg191100	PLATZ	TFF
SoffiXsponR570.07Cg191800	MYB	TFF
SoffiXsponR570.07Cg194400	WRKY	TFF
SoffiXsponR570.07Cg195700	MYB-related	TFF
SoffiXsponR570.07Cg196400	GRF	TFF
SoffiXsponR570.07Cg212800	NAC	TFF
SoffiXsponR570.07Cg213100	NAC	TFF
SoffiXsponR570.07Cg214600	zf-BED	TFF
SoffiXsponR570.07Cg220600	SET	OTR
SoffiXsponR570.07Cg223200	CSD	TFF
SoffiXsponR570.07Cg228100	GNAT	OTR
SoffiXsponR570.07Cg229900	bZIP	TFF
SoffiXsponR570.07Cg233100	bHLH	TFF
SoffiXsponR570.07Cg236900	AP2-EREBP	TFF
SoffiXsponR570.07Cg237000	AP2-EREBP	TFF
SoffiXsponR570.07Cg242000	Tify	TFF
SoffiXsponR570.07Cg242400	AUX/IAA	OTR
SoffiXsponR570.07Cg242600	AP2-EREBP	TFF
SoffiXsponR570.07Cg243100	FAR1	TFF
SoffiXsponR570.07Cg252100	SWI/SNF-BAF60b	OTR
SoffiXsponR570.07Cg258200	C3H	TFF
SoffiXsponR570.07Cg258400	ARF	TFF
SoffiXsponR570.07Cg258400	AUX/IAA	OTR
SoffiXsponR570.07Cg263700	MYB	TFF
SoffiXsponR570.07Cg271400	OFP	TFF
SoffiXsponR570.07Cg274800	TUB	TFF
SoffiXsponR570.07Cg277500	NAC	TFF
SoffiXsponR570.07Cg278800	PHD	OTR
SoffiXsponR570.07Cg281000	NAC	TFF
SoffiXsponR570.07Dg010100	Top	TFF
SoffiXsponR570.07Dg014400	Top	TFF
SoffiXsponR570.07Dg016900	ABI3VP1	TFF
SoffiXsponR570.07Dg023400	MYB	TFF
SoffiXsponR570.07Dg038200	bHLH	TFF
SoffiXsponR570.07Dg040700	ABI3VP1	TFF
SoffiXsponR570.07Dg040900	ABI3VP1	TFF
SoffiXsponR570.07Dg041100	ABI3VP1	TFF
SoffiXsponR570.07Dg042400	TIG	TFF
SoffiXsponR570.07Dg045200	ARF	TFF
SoffiXsponR570.07Dg047300	Tify	TFF
SoffiXsponR570.07Dg055600	S1Fa-like	TFF
SoffiXsponR570.07Dg059900	OFP	TFF
SoffiXsponR570.07Dg063900	E2F-DP	TFF
SoffiXsponR570.07Dg068700	AP2-EREBP	TFF
SoffiXsponR570.07Dg068800	bHLH	TFF
SoffiXsponR570.07Dg077500	ARF	TFF
SoffiXsponR570.07Dg077500	AUX/IAA	OTR
SoffiXsponR570.07Dg079700	AP2-EREBP	TFF
SoffiXsponR570.07Dg080400	RWP-RK	TFF
SoffiXsponR570.07Dg085900	bHLH	TFF
SoffiXsponR570.07Dg087200	Trihelix	TFF
SoffiXsponR570.07Dg095400	NAC	TFF
SoffiXsponR570.07Dg095500	C2H2	TFF
SoffiXsponR570.07Dg098500	C2H2	TFF
SoffiXsponR570.07Dg098700	MYB-related	TFF
SoffiXsponR570.07Dg099600	FAR1	TFF
SoffiXsponR570.07Dg102900	GNAT	OTR
SoffiXsponR570.07Dg106000	MYB	TFF
SoffiXsponR570.07Dg122300	MYB	TFF
SoffiXsponR570.07Dg122700	C1-4-t1	TFF
SoffiXsponR570.07Dg127600	NAC	TFF
SoffiXsponR570.07Dg128400	MYB	TFF
SoffiXsponR570.07Dg130400	ARF	TFF
SoffiXsponR570.07Dg136100	Top	TFF
SoffiXsponR570.07Dg143700	C2C2-GATA	TFF
SoffiXsponR570.07Dg145500	AP2-EREBP	TFF
SoffiXsponR570.07Dg147400	WRKY	TFF
SoffiXsponR570.07Dg147600	C2C2-GATA	TFF
SoffiXsponR570.07Dg147900	SET	OTR
SoffiXsponR570.07Dg148600	MYB-related	TFF
SoffiXsponR570.07Dg149800	Trihelix	TFF
SoffiXsponR570.07Dg152800	AP2-EREBP	TFF
SoffiXsponR570.07Dg152900	AP2-EREBP	TFF
SoffiXsponR570.07Dg153000	AP2-EREBP	TFF
SoffiXsponR570.07Dg154800	C2H2	TFF
SoffiXsponR570.07Dg158900	bHLH	TFF
SoffiXsponR570.07Dg159100	bHLH	TFF
SoffiXsponR570.07Dg163900	RWP-RK	TFF
SoffiXsponR570.07Dg164100	HMG	OTR
SoffiXsponR570.07Dg164700	C2H2	TFF
SoffiXsponR570.07Dg165800	C2C2-Dof	TFF
SoffiXsponR570.07Dg168400	AP2-EREBP	TFF
SoffiXsponR570.07Dg168500	AP2-EREBP	TFF
SoffiXsponR570.07Dg173100	GRAS	TFF
SoffiXsponR570.07Dg176200	MYB-related	TFF
SoffiXsponR570.07Dg186300	SET	OTR
SoffiXsponR570.07Dg194300	bZIP	TFF
SoffiXsponR570.07Dg201400	AP2-EREBP	TFF
SoffiXsponR570.07Dg205200	Tify	TFF
SoffiXsponR570.07Dg205600	AUX/IAA	OTR
SoffiXsponR570.07Dg205800	AP2-EREBP	TFF
SoffiXsponR570.07Dg209800	TRAF	OTR
SoffiXsponR570.07Dg214000	ARF	TFF
SoffiXsponR570.07Dg214700	SWI/SNF-BAF60b	OTR
SoffiXsponR570.07Dg217500	AP2-EREBP	TFF
SoffiXsponR570.07Dg220400	ARF	TFF
SoffiXsponR570.07Dg224500	MYB	TFF
SoffiXsponR570.07Dg225400	Top	TFF
SoffiXsponR570.07Dg232400	OFP	TFF
SoffiXsponR570.07Dg235600	TUB	TFF
SoffiXsponR570.07Dg237400	NAC	TFF
SoffiXsponR570.07Eg002700	C3H	TFF
SoffiXsponR570.07Eg003700	TCP	TFF
SoffiXsponR570.07Eg009200	MYB	TFF
SoffiXsponR570.07Eg023100	bHLH	TFF
SoffiXsponR570.07Eg025100	ABI3VP1	TFF
SoffiXsponR570.07Eg025600	TIG	TFF
SoffiXsponR570.07Eg028800	AP2-EREBP	TFF
SoffiXsponR570.07Eg029600	zf-BED	TFF
SoffiXsponR570.07Eg034400	S1Fa-like	TFF
SoffiXsponR570.07Eg040500	FHA	TFF
SoffiXsponR570.07Eg049100	MADS	TFF
SoffiXsponR570.07Eg051900	GNAT	OTR
SoffiXsponR570.07Eg055500	MYB-related	TFF
SoffiXsponR570.07Eg058700	C2H2	TFF
SoffiXsponR570.07Eg058800	NAC	TFF
SoffiXsponR570.07Eg060000	FAR1	TFF
SoffiXsponR570.07Eg061900	MYB-related	TFF
SoffiXsponR570.07Eg064200	TAZ	TFF
SoffiXsponR570.07Eg066000	GNAT	OTR
SoffiXsponR570.07Eg068000	bHLH	TFF
SoffiXsponR570.07Eg073900	RWP-RK	TFF
SoffiXsponR570.07Eg074900	C2C2-CO-like	TFF
SoffiXsponR570.07Eg082700	C1-4-t1	TFF
SoffiXsponR570.07Eg087400	NAC	TFF
SoffiXsponR570.07Eg088200	MYB	TFF
SoffiXsponR570.07Eg097000	Top	TFF
SoffiXsponR570.07Eg100600	LIM	TFF
SoffiXsponR570.07Eg105300	Trihelix	TFF
SoffiXsponR570.07Eg106800	MYB-related	TFF
SoffiXsponR570.07Eg107600	SET	OTR
SoffiXsponR570.07Eg107900	C2C2-GATA	TFF
SoffiXsponR570.07Eg108100	WRKY	TFF
SoffiXsponR570.07Eg109700	AP2-EREBP	TFF
SoffiXsponR570.07Eg109900	AP2-EREBP	TFF
SoffiXsponR570.07Eg110000	AP2-EREBP	TFF
SoffiXsponR570.07Eg111100	MYB	TFF
SoffiXsponR570.07Eg111300	AP2-EREBP	TFF
SoffiXsponR570.07Eg113200	C2H2	TFF
SoffiXsponR570.07Eg117700	bHLH	TFF
SoffiXsponR570.07Eg118300	bHLH	TFF
SoffiXsponR570.07Eg123600	HMG	OTR
SoffiXsponR570.07Eg124800	C2H2	TFF
SoffiXsponR570.07Eg125800	C2C2-Dof	TFF
SoffiXsponR570.07Eg128800	AP2-EREBP	TFF
SoffiXsponR570.07Eg133500	GRAS	TFF
SoffiXsponR570.07Eg136000	MYB-related	TFF
SoffiXsponR570.07Eg141700	C2H2	TFF
SoffiXsponR570.07Eg141900	bHLH	TFF
SoffiXsponR570.07Eg142200	PLATZ	TFF
SoffiXsponR570.07Eg143200	Top	TFF
SoffiXsponR570.07Eg144800	WRKY	TFF
SoffiXsponR570.07Eg146600	MYB-related	TFF
SoffiXsponR570.07Eg147400	GRF	TFF
SoffiXsponR570.07Eg150100	WRKY	TFF
SoffiXsponR570.07Eg154100	PHD	OTR
SoffiXsponR570.07Eg154500	AP2-EREBP	TFF
SoffiXsponR570.07Eg157000	Rcd1-like	OTR
SoffiXsponR570.07Eg158200	MADS	TFF
SoffiXsponR570.07Eg162700	bHLH	TFF
SoffiXsponR570.07Eg164500	zf-BED	TFF
SoffiXsponR570.07Eg170200	SET	OTR
SoffiXsponR570.07Eg172800	CSD	TFF
SoffiXsponR570.07Eg176800	GNAT	OTR
SoffiXsponR570.07Eg178700	bZIP	TFF
SoffiXsponR570.07Eg186100	AP2-EREBP	TFF
SoffiXsponR570.07Eg186200	AP2-EREBP	TFF
SoffiXsponR570.07Eg191100	AUX/IAA	OTR
SoffiXsponR570.07Eg191400	AP2-EREBP	TFF
SoffiXsponR570.07Eg191800	FAR1	TFF
SoffiXsponR570.07Eg193300	SBP	TFF
SoffiXsponR570.07Eg197100	MED7	OTR
SoffiXsponR570.07Eg199500	SWI/SNF-BAF60b	OTR
SoffiXsponR570.07Eg199900	C3H	TFF
SoffiXsponR570.07Eg205100	C3H	TFF
SoffiXsponR570.07Eg205300	ARF	TFF
SoffiXsponR570.07Eg205300	AUX/IAA	OTR
SoffiXsponR570.07Eg209600	MYB	TFF
SoffiXsponR570.07Eg210600	Top	TFF
SoffiXsponR570.07Eg211200	C2C2-Dof	TFF
SoffiXsponR570.07Eg221700	TUB	TFF
SoffiXsponR570.08Ag000500	ABI3VP1	TFF
SoffiXsponR570.08Ag001600	GNAT	OTR
SoffiXsponR570.08Ag002500	TUB	TFF
SoffiXsponR570.08Ag003800	Yl1	TFF
SoffiXsponR570.08Ag004000	PHD	OTR
SoffiXsponR570.08Ag008900	AUX/IAA	OTR
SoffiXsponR570.08Ag009900	zf-BED	TFF
SoffiXsponR570.08Ag013700	MADS	TFF
SoffiXsponR570.08Ag021900	MYB-related	TFF
SoffiXsponR570.08Ag031100	TRAF	OTR
SoffiXsponR570.08Ag031700	Top	TFF
SoffiXsponR570.08Ag034800	C3H	TFF
SoffiXsponR570.08Ag038200	bHLH	TFF
SoffiXsponR570.08Ag041000	SWI/SNF-SWI3	OTR
SoffiXsponR570.08Ag041400	MYB-related	TFF
SoffiXsponR570.08Ag041800	TRAF	OTR
SoffiXsponR570.08Ag041900	TRAF	OTR
SoffiXsponR570.08Ag044200	MYB	TFF
SoffiXsponR570.08Ag044300	MYB-related	TFF
SoffiXsponR570.08Ag047700	BSD	TFF
SoffiXsponR570.08Ag053900	MYB-related	TFF
SoffiXsponR570.08Ag054000	ABI3VP1	TFF
SoffiXsponR570.08Ag054200	NAC	TFF
SoffiXsponR570.08Ag054300	MED26	OTR
SoffiXsponR570.08Ag055900	zf-LSD1	TFF
SoffiXsponR570.08Ag056200	C3H	TFF
SoffiXsponR570.08Ag057200	Top	TFF
SoffiXsponR570.08Ag058200	GNAT	OTR
SoffiXsponR570.08Ag058900	Sigma70-like	TFF
SoffiXsponR570.08Ag059400	FAR1	TFF
SoffiXsponR570.08Ag061300	AP2-EREBP	TFF
SoffiXsponR570.08Ag065400	CCAAT	TFF
SoffiXsponR570.08Ag066900	bZIP	TFF
SoffiXsponR570.08Ag069200	SET	OTR
SoffiXsponR570.08Ag069600	CCAAT	TFF
SoffiXsponR570.08Ag076600	ABI3VP1	TFF
SoffiXsponR570.08Ag077900	CCAAT	TFF
SoffiXsponR570.08Ag079200	NAC	TFF
SoffiXsponR570.08Ag084400	ABI3VP1	TFF
SoffiXsponR570.08Ag084600	AP2-EREBP	TFF
SoffiXsponR570.08Ag084700	AP2-EREBP	TFF
SoffiXsponR570.08Ag084900	AP2-EREBP	TFF
SoffiXsponR570.08Ag085100	WRKY	TFF
SoffiXsponR570.08Ag085700	PHD	OTR
SoffiXsponR570.08Ag087800	TRAF	OTR
SoffiXsponR570.08Ag088600	TRAF	OTR
SoffiXsponR570.08Ag088700	TRAF	OTR
SoffiXsponR570.08Ag088900	TRAF	OTR
SoffiXsponR570.08Ag090500	WRKY	TFF
SoffiXsponR570.08Ag094600	TRAF	OTR
SoffiXsponR570.08Ag095200	SET	OTR
SoffiXsponR570.08Ag097600	MYB	TFF
SoffiXsponR570.08Ag098100	GNAT	OTR
SoffiXsponR570.08Ag103200	WRKY	TFF
SoffiXsponR570.08Ag106400	MYB-related	TFF
SoffiXsponR570.08Ag108100	bZIP	TFF
SoffiXsponR570.08Ag110900	MBF1	OTR
SoffiXsponR570.08Ag111800	PAS	TFF
SoffiXsponR570.08Ag115300	WRKY	TFF
SoffiXsponR570.08Ag119800	AP2-EREBP	TFF
SoffiXsponR570.08Ag125800	PHD	OTR
SoffiXsponR570.08Ag130400	MADS	TFF
SoffiXsponR570.08Ag130700	TCP	TFF
SoffiXsponR570.08Ag131300	NAC	TFF
SoffiXsponR570.08Ag131400	MYB	TFF
SoffiXsponR570.08Ag132100	MYB	TFF
SoffiXsponR570.08Ag133300	zf-A20	TFF
SoffiXsponR570.08Ag134100	MYB	TFF
SoffiXsponR570.08Ag134500	zf-HD	TFF
SoffiXsponR570.08Ag138200	AP2-EREBP	TFF
SoffiXsponR570.08Ag138400	SET	OTR
SoffiXsponR570.08Ag144900	C2H2	TFF
SoffiXsponR570.08Ag145400	GeBP	TFF
SoffiXsponR570.08Ag150800	bHLH	TFF
SoffiXsponR570.08Ag151800	zf-HD	TFF
SoffiXsponR570.08Ag153300	SET	OTR
SoffiXsponR570.08Ag156400	NAC	TFF
SoffiXsponR570.08Ag157600	PLATZ	TFF
SoffiXsponR570.08Ag162600	FAR1	TFF
SoffiXsponR570.08Ag163100	C2H2	TFF
SoffiXsponR570.08Ag166500	bZIP	TFF
SoffiXsponR570.08Ag168200	MYB	TFF
SoffiXsponR570.08Ag168600	SRS	TFF
SoffiXsponR570.08Ag170600	AP2-EREBP	TFF
SoffiXsponR570.08Ag170700	AP2-EREBP	TFF
SoffiXsponR570.08Ag172200	bHLH	TFF
SoffiXsponR570.08Ag172300	bHLH	TFF
SoffiXsponR570.08Ag172400	bHLH	TFF
SoffiXsponR570.08Ag179200	bHLH	TFF
SoffiXsponR570.08Ag180900	MADS	TFF
SoffiXsponR570.08Ag181100	MADS	TFF
SoffiXsponR570.08Ag183600	NAC	TFF
SoffiXsponR570.08Ag185200	FHA	TFF
SoffiXsponR570.08Ag187400	bHLH	TFF
SoffiXsponR570.08Ag187900	TRAF	OTR
SoffiXsponR570.08Ag188200	TRAF	OTR
SoffiXsponR570.08Ag188800	TRAF	OTR
SoffiXsponR570.08Ag189000	TRAF	OTR
SoffiXsponR570.08Ag189100	TRAF	OTR
SoffiXsponR570.08Ag189300	TRAF	OTR
SoffiXsponR570.08Ag189500	TRAF	OTR
SoffiXsponR570.08Ag193100	ARF	TFF
SoffiXsponR570.08Ag193100	AUX/IAA	OTR
SoffiXsponR570.08Ag195300	mTERF	OTR
SoffiXsponR570.08Ag197600	SBP	TFF
SoffiXsponR570.08Ag202500	bHLH	TFF
SoffiXsponR570.08Ag203900	zf-A20	TFF
SoffiXsponR570.08Ag205300	SWI/SNF-BAF60b	OTR
SoffiXsponR570.08Ag206600	Pseudo_ARR-B	OTR
SoffiXsponR570.08Ag206800	Pseudo_ARR-B	OTR
SoffiXsponR570.08Ag210700	WRKY	TFF
SoffiXsponR570.08Ag213500	TRAF	OTR
SoffiXsponR570.08Ag215500	CCAAT	TFF
SoffiXsponR570.08Ag217700	bZIP	TFF
SoffiXsponR570.08Ag218000	MYB	TFF
SoffiXsponR570.08Bg000800	ABI3VP1	TFF
SoffiXsponR570.08Bg002000	GNAT	OTR
SoffiXsponR570.08Bg002900	TUB	TFF
SoffiXsponR570.08Bg003200	TRAF	OTR
SoffiXsponR570.08Bg004000	FAR1	TFF
SoffiXsponR570.08Bg004800	PHD	OTR
SoffiXsponR570.08Bg005700	PHD	OTR
SoffiXsponR570.08Bg015500	MADS	TFF
SoffiXsponR570.08Bg016800	NAC	TFF
SoffiXsponR570.08Bg019000	NAC	TFF
SoffiXsponR570.08Bg022600	MYB-related	TFF
SoffiXsponR570.08Bg031600	Top	TFF
SoffiXsponR570.08Bg032100	zf-LSD1	TFF
SoffiXsponR570.08Bg034800	C3H	TFF
SoffiXsponR570.08Bg038500	bHLH	TFF
SoffiXsponR570.08Bg041600	SWI/SNF-SWI3	OTR
SoffiXsponR570.08Bg042000	MYB-related	TFF
SoffiXsponR570.08Bg042400	TRAF	OTR
SoffiXsponR570.08Bg043800	MYB	TFF
SoffiXsponR570.08Bg043900	MYB-related	TFF
SoffiXsponR570.08Bg051300	MYB-related	TFF
SoffiXsponR570.08Bg051600	NAC	TFF
SoffiXsponR570.08Bg053900	zf-LSD1	TFF
SoffiXsponR570.08Bg054100	C3H	TFF
SoffiXsponR570.08Bg055000	Top	TFF
SoffiXsponR570.08Bg055100	Top	TFF
SoffiXsponR570.08Bg055200	Top	TFF
SoffiXsponR570.08Bg055400	bHLH	TFF
SoffiXsponR570.08Bg056200	GNAT	OTR
SoffiXsponR570.08Bg056900	Sigma70-like	TFF
SoffiXsponR570.08Bg057800	FAR1	TFF
SoffiXsponR570.08Bg059700	AP2-EREBP	TFF
SoffiXsponR570.08Bg063400	bZIP	TFF
SoffiXsponR570.08Bg065100	SET	OTR
SoffiXsponR570.08Bg081800	AP2-EREBP	TFF
SoffiXsponR570.08Bg082200	WRKY	TFF
SoffiXsponR570.08Bg085100	TRAF	OTR
SoffiXsponR570.08Bg085300	TRAF	OTR
SoffiXsponR570.08Bg085600	TRAF	OTR
SoffiXsponR570.08Bg086200	TRAF	OTR
SoffiXsponR570.08Bg091100	SET	OTR
SoffiXsponR570.08Bg093400	MYB	TFF
SoffiXsponR570.08Bg098700	WRKY	TFF
SoffiXsponR570.08Bg108100	PAS	TFF
SoffiXsponR570.08Bg111300	CCAAT	TFF
SoffiXsponR570.08Bg112100	WRKY	TFF
SoffiXsponR570.08Bg116500	AP2-EREBP	TFF
SoffiXsponR570.08Bg124500	MYB	TFF
SoffiXsponR570.08Bg124700	Tify	TFF
SoffiXsponR570.08Bg128500	NAC	TFF
SoffiXsponR570.08Bg128700	MYB	TFF
SoffiXsponR570.08Bg128800	MYB	TFF
SoffiXsponR570.08Bg129500	zf-HD	TFF
SoffiXsponR570.08Bg132700	AP2-EREBP	TFF
SoffiXsponR570.08Bg135500	SGT1	OTR
SoffiXsponR570.08Bg136900	ARID	OTR
SoffiXsponR570.08Bg142600	bHLH	TFF
SoffiXsponR570.08Bg143100	bZIP	TFF
SoffiXsponR570.08Bg144500	AP2-EREBP	TFF
SoffiXsponR570.08Bg161500	C2H2	TFF
SoffiXsponR570.08Bg164800	bZIP	TFF
SoffiXsponR570.08Bg165200	MYB	TFF
SoffiXsponR570.08Bg166800	SRS	TFF
SoffiXsponR570.08Bg169100	MYB-related	TFF
SoffiXsponR570.08Bg169300	MADS	TFF
SoffiXsponR570.08Bg171500	NAC	TFF
SoffiXsponR570.08Bg173100	FHA	TFF
SoffiXsponR570.08Bg175200	bHLH	TFF
SoffiXsponR570.08Bg176300	TRAF	OTR
SoffiXsponR570.08Bg176800	TRAF	OTR
SoffiXsponR570.08Bg176900	TRAF	OTR
SoffiXsponR570.08Bg177000	TRAF	OTR
SoffiXsponR570.08Bg177200	TRAF	OTR
SoffiXsponR570.08Bg182000	ARF	TFF
SoffiXsponR570.08Bg182000	AUX/IAA	OTR
SoffiXsponR570.08Bg182500	MYB	TFF
SoffiXsponR570.08Bg184100	mTERF	OTR
SoffiXsponR570.08Bg185400	SBP	TFF
SoffiXsponR570.08Bg189500	EIL	TFF
SoffiXsponR570.08Bg189900	bHLH	TFF
SoffiXsponR570.08Bg191200	zf-A20	TFF
SoffiXsponR570.08Bg192700	SWI/SNF-BAF60b	OTR
SoffiXsponR570.08Bg193600	FAR1	TFF
SoffiXsponR570.08Bg194200	Pseudo_ARR-B	OTR
SoffiXsponR570.08Bg194400	Pseudo_ARR-B	OTR
SoffiXsponR570.08Cg000800	GNAT	OTR
SoffiXsponR570.08Cg004700	Yl1	TFF
SoffiXsponR570.08Cg010200	AUX/IAA	OTR
SoffiXsponR570.08Cg010900	zf-BED	TFF
SoffiXsponR570.08Cg014400	MADS	TFF
SoffiXsponR570.08Cg016000	NAC	TFF
SoffiXsponR570.08Cg022700	MYB-related	TFF
SoffiXsponR570.08Cg026700	TRAF	OTR
SoffiXsponR570.08Cg038200	bHLH	TFF
SoffiXsponR570.08Cg041400	SWI/SNF-SWI3	OTR
SoffiXsponR570.08Cg044000	MYB	TFF
SoffiXsponR570.08Cg044100	MYB-related	TFF
SoffiXsponR570.08Cg047300	BSD	TFF
SoffiXsponR570.08Cg052100	MYB-related	TFF
SoffiXsponR570.08Cg052500	NAC	TFF
SoffiXsponR570.08Cg054400	zf-LSD1	TFF
SoffiXsponR570.08Cg054600	C3H	TFF
SoffiXsponR570.08Cg057400	AP2-EREBP	TFF
SoffiXsponR570.08Cg062900	SET	OTR
SoffiXsponR570.08Cg063200	CCAAT	TFF
SoffiXsponR570.08Cg068500	NAC	TFF
SoffiXsponR570.08Cg070900	SET	OTR
SoffiXsponR570.08Cg074000	AP2-EREBP	TFF
SoffiXsponR570.08Cg074100	AP2-EREBP	TFF
SoffiXsponR570.08Cg074400	AP2-EREBP	TFF
SoffiXsponR570.08Cg074600	WRKY	TFF
SoffiXsponR570.08Cg075200	PHD	OTR
SoffiXsponR570.08Cg078100	ABI3VP1	TFF
SoffiXsponR570.08Cg086700	GNAT	OTR
SoffiXsponR570.08Cg091700	WRKY	TFF
SoffiXsponR570.08Cg095300	PAS	TFF
SoffiXsponR570.08Cg096200	mTERF	OTR
SoffiXsponR570.08Cg098100	CCAAT	TFF
SoffiXsponR570.08Cg103400	AP2-EREBP	TFF
SoffiXsponR570.08Cg111000	MYB	TFF
SoffiXsponR570.08Cg111100	Tify	TFF
SoffiXsponR570.08Cg113400	TCP	TFF
SoffiXsponR570.08Cg113600	TCP	TFF
SoffiXsponR570.08Cg114200	NAC	TFF
SoffiXsponR570.08Cg114300	MYB	TFF
SoffiXsponR570.08Cg115200	MYB	TFF
SoffiXsponR570.08Cg116100	zf-A20	TFF
SoffiXsponR570.08Cg116500	NAC	TFF
SoffiXsponR570.08Cg116700	MYB	TFF
SoffiXsponR570.08Cg117000	zf-HD	TFF
SoffiXsponR570.08Cg120500	AP2-EREBP	TFF
SoffiXsponR570.08Cg122200	SGT1	OTR
SoffiXsponR570.08Cg135200	AP2-EREBP	TFF
SoffiXsponR570.08Cg138700	bHLH	TFF
SoffiXsponR570.08Cg139800	zf-HD	TFF
SoffiXsponR570.08Cg139900	zf-HD	TFF
SoffiXsponR570.08Cg141600	SET	OTR
SoffiXsponR570.08Cg144500	C2H2	TFF
SoffiXsponR570.08Cg146000	PLATZ	TFF
SoffiXsponR570.08Cg151700	C2H2	TFF
SoffiXsponR570.08Cg155100	bZIP	TFF
SoffiXsponR570.08Cg156700	MYB-related	TFF
SoffiXsponR570.08Cg156700	MYB	TFF
SoffiXsponR570.08Cg157300	SRS	TFF
SoffiXsponR570.08Cg158300	HSF	TFF
SoffiXsponR570.08Cg159300	AP2-EREBP	TFF
SoffiXsponR570.08Cg159400	AP2-EREBP	TFF
SoffiXsponR570.08Cg160600	bZIP	TFF
SoffiXsponR570.08Cg161200	bHLH	TFF
SoffiXsponR570.08Cg161400	bHLH	TFF
SoffiXsponR570.08Cg163200	bZIP	TFF
SoffiXsponR570.08Cg168500	AP2-EREBP	TFF
SoffiXsponR570.08Cg170800	MADS	TFF
SoffiXsponR570.08Cg171100	MADS	TFF
SoffiXsponR570.08Cg173200	NAC	TFF
SoffiXsponR570.08Cg174700	FHA	TFF
SoffiXsponR570.08Cg176500	bHLH	TFF
SoffiXsponR570.08Cg177100	TRAF	OTR
SoffiXsponR570.08Cg177500	TRAF	OTR
SoffiXsponR570.08Cg177800	TRAF	OTR
SoffiXsponR570.08Cg178100	TRAF	OTR
SoffiXsponR570.08Cg180100	TRAF	OTR
SoffiXsponR570.08Cg185900	SBP	TFF
SoffiXsponR570.08Cg188400	MYB-related	TFF
SoffiXsponR570.08Cg189200	SBP	TFF
SoffiXsponR570.08Cg189600	EIL	TFF
SoffiXsponR570.08Cg189900	bHLH	TFF
SoffiXsponR570.08Cg191400	zf-A20	TFF
SoffiXsponR570.08Cg194400	Pseudo_ARR-B	OTR
SoffiXsponR570.08Cg196500	MED26	OTR
SoffiXsponR570.08Cg199000	WRKY	TFF
SoffiXsponR570.08Cg200800	CCAAT	TFF
SoffiXsponR570.08Cg201400	TRAF	OTR
SoffiXsponR570.08Cg204100	C2C2-Dof	TFF
SoffiXsponR570.08Cg205300	bZIP	TFF
SoffiXsponR570.08Cg205600	MYB	TFF
SoffiXsponR570.08Dg000300	zf-BED	TFF
SoffiXsponR570.08Dg005000	zf-LSD1	TFF
SoffiXsponR570.08Dg007700	C3H	TFF
SoffiXsponR570.08Dg010300	bHLH	TFF
SoffiXsponR570.08Dg013200	SWI/SNF-SWI3	OTR
SoffiXsponR570.08Dg013600	MYB-related	TFF
SoffiXsponR570.08Dg016100	MYB	TFF
SoffiXsponR570.08Dg019200	BSD	TFF
SoffiXsponR570.08Dg023500	TRAF	OTR
SoffiXsponR570.08Dg024000	MYB-related	TFF
SoffiXsponR570.08Dg024400	NAC	TFF
SoffiXsponR570.08Dg026100	zf-LSD1	TFF
SoffiXsponR570.08Dg026300	C3H	TFF
SoffiXsponR570.08Dg027500	Top	TFF
SoffiXsponR570.08Dg027600	bHLH	TFF
SoffiXsponR570.08Dg028400	GNAT	OTR
SoffiXsponR570.08Dg029200	Sigma70-like	TFF
SoffiXsponR570.08Dg033400	CCAAT	TFF
SoffiXsponR570.08Dg034500	bZIP	TFF
SoffiXsponR570.08Dg036400	SET	OTR
SoffiXsponR570.08Dg036700	CCAAT	TFF
SoffiXsponR570.08Dg045200	NAC	TFF
SoffiXsponR570.08Dg051900	ABI3VP1	TFF
SoffiXsponR570.08Dg052100	AP2-EREBP	TFF
SoffiXsponR570.08Dg052200	AP2-EREBP	TFF
SoffiXsponR570.08Dg052300	AP2-EREBP	TFF
SoffiXsponR570.08Dg052400	AP2-EREBP	TFF
SoffiXsponR570.08Dg055600	TRAF	OTR
SoffiXsponR570.08Dg055900	TRAF	OTR
SoffiXsponR570.08Dg057600	WRKY	TFF
SoffiXsponR570.08Dg061900	SET	OTR
SoffiXsponR570.08Dg064500	MYB	TFF
SoffiXsponR570.08Dg065700	GNAT	OTR
SoffiXsponR570.08Dg077600	bZIP	TFF
SoffiXsponR570.08Dg080700	MBF1	OTR
SoffiXsponR570.08Dg081400	PAS	TFF
SoffiXsponR570.08Dg084500	CCAAT	TFF
SoffiXsponR570.08Dg085200	WRKY	TFF
SoffiXsponR570.08Dg088500	SET	OTR
SoffiXsponR570.08Dg093900	AP2-EREBP	TFF
SoffiXsponR570.08Dg101700	MYB	TFF
SoffiXsponR570.08Dg101900	Tify	TFF
SoffiXsponR570.08Dg104400	NAC	TFF
SoffiXsponR570.08Dg104500	MYB	TFF
SoffiXsponR570.08Dg105200	MYB	TFF
SoffiXsponR570.08Dg105300	MYB-related	TFF
SoffiXsponR570.08Dg106400	NAC	TFF
SoffiXsponR570.08Dg106700	MYB	TFF
SoffiXsponR570.08Dg107100	zf-HD	TFF
SoffiXsponR570.08Dg107400	zf-HD	TFF
SoffiXsponR570.08Dg111600	SET	OTR
SoffiXsponR570.08Dg115700	ARID	OTR
SoffiXsponR570.08Dg121800	C2H2	TFF
SoffiXsponR570.08Dg123500	bHLH	TFF
SoffiXsponR570.08Dg124100	bZIP	TFF
SoffiXsponR570.08Dg127000	AP2-EREBP	TFF
SoffiXsponR570.08Dg130600	bHLH	TFF
SoffiXsponR570.08Dg136400	NAC	TFF
SoffiXsponR570.08Dg137600	PLATZ	TFF
SoffiXsponR570.08Dg143200	C2H2	TFF
SoffiXsponR570.08Dg146900	bZIP	TFF
SoffiXsponR570.08Dg147000	bZIP	TFF
SoffiXsponR570.08Dg147100	bZIP	TFF
SoffiXsponR570.08Dg149400	SRS	TFF
SoffiXsponR570.08Dg151900	TCP	TFF
SoffiXsponR570.08Dg152500	bZIP	TFF
SoffiXsponR570.08Dg152700	bHLH	TFF
SoffiXsponR570.08Dg153000	bHLH	TFF
SoffiXsponR570.08Dg153100	bHLH	TFF
SoffiXsponR570.08Dg155800	bZIP	TFF
SoffiXsponR570.08Dg157900	RB	OTR
SoffiXsponR570.08Dg160800	bHLH	TFF
SoffiXsponR570.08Dg162400	MADS	TFF
SoffiXsponR570.08Dg167400	TRAF	OTR
SoffiXsponR570.08Dg169500	CCAAT	TFF
SoffiXsponR570.08Dg170700	C2C2-Dof	TFF
SoffiXsponR570.08Dg171500	bHLH	TFF
SoffiXsponR570.08Dg171700	bZIP	TFF
SoffiXsponR570.08Dg172100	MYB	TFF
SoffiXsponR570.08Eg001100	bZIP	TFF
SoffiXsponR570.08Eg003300	CCAAT	TFF
SoffiXsponR570.08Eg013500	WRKY	TFF
SoffiXsponR570.08Eg015100	SET	OTR
SoffiXsponR570.08Eg018300	ABI3VP1	TFF
SoffiXsponR570.08Eg018500	AP2-EREBP	TFF
SoffiXsponR570.08Eg018600	AP2-EREBP	TFF
SoffiXsponR570.08Eg018800	AP2-EREBP	TFF
SoffiXsponR570.08Eg019400	PHD	OTR
SoffiXsponR570.08Eg021800	TRAF	OTR
SoffiXsponR570.08Eg022200	TRAF	OTR
SoffiXsponR570.08Eg022300	TRAF	OTR
SoffiXsponR570.08Eg023700	ABI3VP1	TFF
SoffiXsponR570.08Eg029500	SET	OTR
SoffiXsponR570.08Eg032000	MYB	TFF
SoffiXsponR570.08Eg032500	GNAT	OTR
SoffiXsponR570.08Eg039400	MYB-related	TFF
SoffiXsponR570.08Eg044300	MBF1	OTR
SoffiXsponR570.08Eg044800	PAS	TFF
SoffiXsponR570.08Eg048000	CCAAT	TFF
SoffiXsponR570.08Eg048900	WRKY	TFF
SoffiXsponR570.08Eg056000	AP2-EREBP	TFF
SoffiXsponR570.08Eg061100	PHD	OTR
SoffiXsponR570.08Eg063500	MYB	TFF
SoffiXsponR570.08Eg063600	Tify	TFF
SoffiXsponR570.08Eg066100	TCP	TFF
SoffiXsponR570.08Eg066700	NAC	TFF
SoffiXsponR570.08Eg066800	MYB	TFF
SoffiXsponR570.08Eg068500	NAC	TFF
SoffiXsponR570.08Eg068700	MYB	TFF
SoffiXsponR570.08Eg068900	MYB	TFF
SoffiXsponR570.08Eg069200	zf-HD	TFF
SoffiXsponR570.08Eg069400	zf-HD	TFF
SoffiXsponR570.08Eg073600	C2H2	TFF
SoffiXsponR570.08Eg074000	GeBP	TFF
SoffiXsponR570.08Eg076200	bZIP	TFF
SoffiXsponR570.08Eg077600	AP2-EREBP	TFF
SoffiXsponR570.08Eg081100	bHLH	TFF
SoffiXsponR570.08Eg082400	zf-HD	TFF
SoffiXsponR570.08Eg086800	NAC	TFF
SoffiXsponR570.08Eg087200	SOH1	OTR
SoffiXsponR570.08Eg088100	PLATZ	TFF
SoffiXsponR570.08Eg096300	C2H2	TFF
SoffiXsponR570.08Eg099700	bZIP	TFF
SoffiXsponR570.08Eg100100	MYB	TFF
SoffiXsponR570.08Eg101700	SRS	TFF
SoffiXsponR570.08Eg102700	HSF	TFF
SoffiXsponR570.08Eg103700	AP2-EREBP	TFF
SoffiXsponR570.08Eg103800	AP2-EREBP	TFF
SoffiXsponR570.08Eg104500	bZIP	TFF
SoffiXsponR570.08Eg104800	bHLH	TFF
SoffiXsponR570.08Eg105100	bHLH	TFF
SoffiXsponR570.08Eg105400	bHLH	TFF
SoffiXsponR570.08Eg112500	bHLH	TFF
SoffiXsponR570.08Eg114200	MADS	TFF
SoffiXsponR570.08Eg114600	MADS	TFF
SoffiXsponR570.08Eg118300	FHA	TFF
SoffiXsponR570.08Eg120500	bHLH	TFF
SoffiXsponR570.08Eg121200	TRAF	OTR
SoffiXsponR570.08Eg122300	TRAF	OTR
SoffiXsponR570.08Eg122400	TRAF	OTR
SoffiXsponR570.08Eg126300	ARF	TFF
SoffiXsponR570.08Eg126300	AUX/IAA	OTR
SoffiXsponR570.08Eg126800	MYB	TFF
SoffiXsponR570.08Eg128400	mTERF	OTR
SoffiXsponR570.08Eg129500	SBP	TFF
SoffiXsponR570.08Eg133200	EIL	TFF
SoffiXsponR570.08Eg133500	bHLH	TFF
SoffiXsponR570.08Eg135100	zf-A20	TFF
SoffiXsponR570.08Eg138300	Pseudo_ARR-B	OTR
SoffiXsponR570.08Eg142100	WRKY	TFF
SoffiXsponR570.08Eg145600	TRAF	OTR
SoffiXsponR570.08Eg149300	bHLH	TFF
SoffiXsponR570.08Eg149500	bZIP	TFF
SoffiXsponR570.09Ag002700	PAS	TFF
SoffiXsponR570.09Ag004600	SAP	TFF
SoffiXsponR570.09Ag004600	zf-MIZ	OTR
SoffiXsponR570.09Ag006100	MYB-related	TFF
SoffiXsponR570.09Ag016400	TRAF	OTR
SoffiXsponR570.09Ag018300	C2H2	TFF
SoffiXsponR570.09Ag022700	SET	OTR
SoffiXsponR570.09Ag025900	MYB	TFF
SoffiXsponR570.09Ag026100	MYB	TFF
SoffiXsponR570.09Ag026700	FHA	TFF
SoffiXsponR570.09Ag026900	NAC	TFF
SoffiXsponR570.09Ag027400	C3H	TFF
SoffiXsponR570.09Ag028800	GRAS	TFF
SoffiXsponR570.09Ag035600	WRKY	TFF
SoffiXsponR570.09Ag035700	WRKY	TFF
SoffiXsponR570.09Ag035800	SET	OTR
SoffiXsponR570.09Ag036100	WRKY	TFF
SoffiXsponR570.09Ag036200	WRKY	TFF
SoffiXsponR570.09Ag050200	bZIP	TFF
SoffiXsponR570.09Ag050300	GRAS	TFF
SoffiXsponR570.09Ag051000	TUB	TFF
SoffiXsponR570.09Ag051700	MED26	OTR
SoffiXsponR570.09Ag052800	SAP	TFF
SoffiXsponR570.09Ag053400	AP2-EREBP	TFF
SoffiXsponR570.09Ag060300	WRKY	TFF
SoffiXsponR570.09Ag062300	MYB	TFF
SoffiXsponR570.09Ag067600	NAC	TFF
SoffiXsponR570.09Ag068600	MADS	TFF
SoffiXsponR570.09Ag068900	MADS	TFF
SoffiXsponR570.09Ag069300	zf-HD	TFF
SoffiXsponR570.09Ag069700	Alfin-like	TFF
SoffiXsponR570.09Ag076300	bZIP	TFF
SoffiXsponR570.09Ag083800	C3H	TFF
SoffiXsponR570.09Ag085900	NAC	TFF
SoffiXsponR570.09Ag086700	ARF	TFF
SoffiXsponR570.09Ag091900	MADS	TFF
SoffiXsponR570.09Ag095000	WRKY	TFF
SoffiXsponR570.09Ag095200	SWI/SNF-BAF60b	OTR
SoffiXsponR570.09Ag096900	LIM	TFF
SoffiXsponR570.09Ag099200	MYB	TFF
SoffiXsponR570.09Ag100200	PHD	OTR
SoffiXsponR570.09Ag115300	PAS	TFF
SoffiXsponR570.09Ag117400	MYB	TFF
SoffiXsponR570.09Ag123400	MYB	TFF
SoffiXsponR570.09Ag123900	mTERF	OTR
SoffiXsponR570.09Ag124200	mTERF	OTR
SoffiXsponR570.09Ag124700	mTERF	OTR
SoffiXsponR570.09Ag125000	mTERF	OTR
SoffiXsponR570.09Ag125300	mTERF	OTR
SoffiXsponR570.09Ag126000	GRAS	TFF
SoffiXsponR570.09Ag126100	GRAS	TFF
SoffiXsponR570.09Ag134300	AP2-EREBP	TFF
SoffiXsponR570.09Ag135300	MYB-related	TFF
SoffiXsponR570.09Ag136800	ABI3VP1	TFF
SoffiXsponR570.09Ag138100	ABI3VP1	TFF
SoffiXsponR570.09Ag138300	ABI3VP1	TFF
SoffiXsponR570.09Ag140500	CPP	TFF
SoffiXsponR570.09Ag140600	CPP	TFF
SoffiXsponR570.09Ag144700	bHLH	TFF
SoffiXsponR570.09Ag145600	NAC	TFF
SoffiXsponR570.09Ag145800	zf-LSD1	TFF
SoffiXsponR570.09Ag149300	ARF	TFF
SoffiXsponR570.09Ag155000	CCAAT	TFF
SoffiXsponR570.09Ag156400	C2C2-YABBY	TFF
SoffiXsponR570.09Ag159300	TFIID	TFF
SoffiXsponR570.09Ag159400	C2C2-GATA	TFF
SoffiXsponR570.09Ag164400	NAC	TFF
SoffiXsponR570.09Ag166600	bHLH	TFF
SoffiXsponR570.09Ag167400	MYB	TFF
SoffiXsponR570.09Ag169200	HB	TFF
SoffiXsponR570.09Ag173400	TRAF	OTR
SoffiXsponR570.09Bg001900	PAS	TFF
SoffiXsponR570.09Bg005200	MYB-related	TFF
SoffiXsponR570.09Bg015400	TRAF	OTR
SoffiXsponR570.09Bg015600	GRAS	TFF
SoffiXsponR570.09Bg017300	C2H2	TFF
SoffiXsponR570.09Bg019600	FAR1	TFF
SoffiXsponR570.09Bg022200	SET	OTR
SoffiXsponR570.09Bg025200	MYB	TFF
SoffiXsponR570.09Bg026300	FHA	TFF
SoffiXsponR570.09Bg026900	NAC	TFF
SoffiXsponR570.09Bg027400	C3H	TFF
SoffiXsponR570.09Bg028300	GRAS	TFF
SoffiXsponR570.09Bg028800	GRAS	TFF
SoffiXsponR570.09Bg034800	WRKY	TFF
SoffiXsponR570.09Bg035000	SET	OTR
SoffiXsponR570.09Bg035500	WRKY	TFF
SoffiXsponR570.09Bg039800	DDT	OTR
SoffiXsponR570.09Bg039800	PHD	OTR
SoffiXsponR570.09Bg047700	OFP	TFF
SoffiXsponR570.09Bg051500	TUB	TFF
SoffiXsponR570.09Bg052700	MED26	OTR
SoffiXsponR570.09Bg053500	SAP	TFF
SoffiXsponR570.09Bg057100	C2H2	TFF
SoffiXsponR570.09Bg057700	TCP	TFF
SoffiXsponR570.09Bg063400	WRKY	TFF
SoffiXsponR570.09Bg063500	WRKY	TFF
SoffiXsponR570.09Bg065400	MYB	TFF
SoffiXsponR570.09Bg065800	bHLH	TFF
SoffiXsponR570.09Bg071000	MADS	TFF
SoffiXsponR570.09Bg072000	Alfin-like	TFF
SoffiXsponR570.09Bg078700	bZIP	TFF
SoffiXsponR570.09Bg079300	C3H	TFF
SoffiXsponR570.09Bg080200	Jumonji	OTR
SoffiXsponR570.09Bg086200	NAC	TFF
SoffiXsponR570.09Bg086800	ARF	TFF
SoffiXsponR570.09Bg090200	MYB	TFF
SoffiXsponR570.09Bg092100	MADS	TFF
SoffiXsponR570.09Bg099200	bZIP	TFF
SoffiXsponR570.09Bg100000	PAS	TFF
SoffiXsponR570.09Bg101100	MYB	TFF
SoffiXsponR570.09Bg106100	MYB-related	TFF
SoffiXsponR570.09Bg106100	MYB	TFF
SoffiXsponR570.09Bg110400	MYB	TFF
SoffiXsponR570.09Bg110900	mTERF	OTR
SoffiXsponR570.09Bg112100	GRAS	TFF
SoffiXsponR570.09Bg115400	C2H2	TFF
SoffiXsponR570.09Bg119700	AP2-EREBP	TFF
SoffiXsponR570.09Bg122700	ABI3VP1	TFF
SoffiXsponR570.09Bg122900	ABI3VP1	TFF
SoffiXsponR570.09Bg123000	ABI3VP1	TFF
SoffiXsponR570.09Bg123100	ABI3VP1	TFF
SoffiXsponR570.09Bg125900	LIM	TFF
SoffiXsponR570.09Bg129400	AUX/IAA	OTR
SoffiXsponR570.09Bg129500	AUX/IAA	OTR
SoffiXsponR570.09Bg134800	NAC	TFF
SoffiXsponR570.09Bg135000	zf-LSD1	TFF
SoffiXsponR570.09Bg137200	CCAAT	TFF
SoffiXsponR570.09Bg144000	CCAAT	TFF
SoffiXsponR570.09Bg148600	TFIID	TFF
SoffiXsponR570.09Bg148700	C2C2-GATA	TFF
SoffiXsponR570.09Bg154700	NAC	TFF
SoffiXsponR570.09Bg154900	NAC	TFF
SoffiXsponR570.09Bg157600	bHLH	TFF
SoffiXsponR570.09Bg160800	HB	TFF
SoffiXsponR570.09Cg012800	TRAF	OTR
SoffiXsponR570.09Cg012900	GRAS	TFF
SoffiXsponR570.09Cg013000	GRAS	TFF
SoffiXsponR570.09Cg014100	C2H2	TFF
SoffiXsponR570.09Cg016400	FAR1	TFF
SoffiXsponR570.09Cg022400	MYB	TFF
SoffiXsponR570.09Cg022700	MYB	TFF
SoffiXsponR570.09Cg023400	FHA	TFF
SoffiXsponR570.09Cg024000	C3H	TFF
SoffiXsponR570.09Cg029300	WRKY	TFF
SoffiXsponR570.09Cg029700	WRKY	TFF
SoffiXsponR570.09Cg042000	OFP	TFF
SoffiXsponR570.09Cg043900	OFP	TFF
SoffiXsponR570.09Cg048000	TUB	TFF
SoffiXsponR570.09Cg050500	AP2-EREBP	TFF
SoffiXsponR570.09Cg051100	C2C2-GATA	TFF
SoffiXsponR570.09Cg051200	C2C2-GATA	TFF
SoffiXsponR570.09Cg053900	C2H2	TFF
SoffiXsponR570.09Cg054700	TCP	TFF
SoffiXsponR570.09Cg056200	MYB	TFF
SoffiXsponR570.09Cg060800	WRKY	TFF
SoffiXsponR570.09Cg063000	bHLH	TFF
SoffiXsponR570.09Cg063100	PLATZ	TFF
SoffiXsponR570.09Cg063300	bHLH	TFF
SoffiXsponR570.09Cg067400	NAC	TFF
SoffiXsponR570.09Cg068200	MADS	TFF
SoffiXsponR570.09Cg078300	C3H	TFF
SoffiXsponR570.09Cg085100	NAC	TFF
SoffiXsponR570.09Cg085800	ARF	TFF
SoffiXsponR570.09Cg094600	WRKY	TFF
SoffiXsponR570.09Cg094800	SWI/SNF-BAF60b	OTR
SoffiXsponR570.09Cg096500	LIM	TFF
SoffiXsponR570.09Cg098600	MYB	TFF
SoffiXsponR570.09Cg113100	PAS	TFF
SoffiXsponR570.09Cg114500	MYB	TFF
SoffiXsponR570.09Cg117500	MYB-related	TFF
SoffiXsponR570.09Cg117500	MYB	TFF
SoffiXsponR570.09Cg123800	GRAS	TFF
SoffiXsponR570.09Cg127600	NAC	TFF
SoffiXsponR570.09Cg131600	C2H2	TFF
SoffiXsponR570.09Cg133000	MYB-related	TFF
SoffiXsponR570.09Cg135400	ABI3VP1	TFF
SoffiXsponR570.09Cg136000	ABI3VP1	TFF
SoffiXsponR570.09Cg136100	ABI3VP1	TFF
SoffiXsponR570.09Cg136700	TAZ	TFF
SoffiXsponR570.09Cg141600	CPP	TFF
SoffiXsponR570.09Cg141700	CPP	TFF
SoffiXsponR570.09Cg145000	NAC	TFF
SoffiXsponR570.09Cg145300	zf-LSD1	TFF
SoffiXsponR570.09Cg149600	CCAAT	TFF
SoffiXsponR570.09Cg150500	ARF	TFF
SoffiXsponR570.09Cg155900	CCAAT	TFF
SoffiXsponR570.09Cg157300	C2C2-YABBY	TFF
SoffiXsponR570.09Cg159400	TFIID	TFF
SoffiXsponR570.09Cg159500	C2C2-GATA	TFF
SoffiXsponR570.09Cg162900	NAC	TFF
SoffiXsponR570.09Cg166700	MYB	TFF
SoffiXsponR570.09Cg170000	HB	TFF
SoffiXsponR570.09Cg173000	ABI3VP1	TFF
SoffiXsponR570.09Cg173400	TRAF	OTR
SoffiXsponR570.09Dg001600	PAS	TFF
SoffiXsponR570.09Dg004900	MYB-related	TFF
SoffiXsponR570.09Dg014100	TRAF	OTR
SoffiXsponR570.09Dg014200	GRAS	TFF
SoffiXsponR570.09Dg016200	C2H2	TFF
SoffiXsponR570.09Dg020600	SET	OTR
SoffiXsponR570.09Dg024200	GRAS	TFF
SoffiXsponR570.09Dg025200	C3H	TFF
SoffiXsponR570.09Dg025600	NAC	TFF
SoffiXsponR570.09Dg026600	FHA	TFF
SoffiXsponR570.09Dg033000	NAC	TFF
SoffiXsponR570.09Dg035800	MED26	OTR
SoffiXsponR570.09Dg042500	WRKY	TFF
SoffiXsponR570.09Dg042700	SWI/SNF-BAF60b	OTR
SoffiXsponR570.09Dg044200	LIM	TFF
SoffiXsponR570.09Dg046100	MYB	TFF
SoffiXsponR570.09Dg047000	PHD	OTR
SoffiXsponR570.09Dg062000	FHA	TFF
SoffiXsponR570.09Dg068300	PAS	TFF
SoffiXsponR570.09Dg069400	MYB	TFF
SoffiXsponR570.09Dg072300	MYB-related	TFF
SoffiXsponR570.09Dg072300	MYB	TFF
SoffiXsponR570.09Dg083200	NAC	TFF
SoffiXsponR570.09Dg087000	C2H2	TFF
SoffiXsponR570.09Dg088600	MYB-related	TFF
SoffiXsponR570.09Dg090400	ABI3VP1	TFF
SoffiXsponR570.09Dg091300	ABI3VP1	TFF
SoffiXsponR570.09Dg091400	ABI3VP1	TFF
SoffiXsponR570.09Dg091500	ABI3VP1	TFF
SoffiXsponR570.09Dg091900	TAZ	TFF
SoffiXsponR570.09Dg094800	LIM	TFF
SoffiXsponR570.09Dg098400	AUX/IAA	OTR
SoffiXsponR570.09Dg098600	AUX/IAA	OTR
SoffiXsponR570.09Dg100200	CPP	TFF
SoffiXsponR570.09Dg103800	NAC	TFF
SoffiXsponR570.09Dg106500	CCAAT	TFF
SoffiXsponR570.09Dg107300	ARF	TFF
SoffiXsponR570.09Dg114000	CCAAT	TFF
SoffiXsponR570.09Dg115200	C2C2-YABBY	TFF
SoffiXsponR570.09Dg118200	TFIID	TFF
SoffiXsponR570.09Dg118300	C2C2-GATA	TFF
SoffiXsponR570.09Dg121800	NAC	TFF
SoffiXsponR570.09Dg127300	HB	TFF
SoffiXsponR570.09Dg130900	ABI3VP1	TFF
SoffiXsponR570.09Dg131300	TRAF	OTR
SoffiXsponR570.09Eg001300	PAS	TFF
SoffiXsponR570.09Eg003600	SAP	TFF
SoffiXsponR570.09Eg005300	MYB-related	TFF
SoffiXsponR570.09Eg017900	GRAS	TFF
SoffiXsponR570.09Eg020600	FAR1	TFF
SoffiXsponR570.09Eg026200	FHA	TFF
SoffiXsponR570.09Eg026600	NAC	TFF
SoffiXsponR570.09Eg026900	C3H	TFF
SoffiXsponR570.09Eg028100	GRAS	TFF
SoffiXsponR570.09Eg033400	SET	OTR
SoffiXsponR570.09Eg033900	WRKY	TFF
SoffiXsponR570.09Eg034200	WRKY	TFF
SoffiXsponR570.09Eg043100	bZIP	TFF
SoffiXsponR570.09Eg046000	TUB	TFF
SoffiXsponR570.09Eg047000	MED26	OTR
SoffiXsponR570.09Eg048100	SAP	TFF
SoffiXsponR570.09Eg048600	AP2-EREBP	TFF
SoffiXsponR570.09Eg049400	C2C2-GATA	TFF
SoffiXsponR570.09Eg050800	C2H2	TFF
SoffiXsponR570.09Eg051600	TCP	TFF
SoffiXsponR570.09Eg054100	MYB-related	TFF
SoffiXsponR570.09Eg057400	WRKY	TFF
SoffiXsponR570.09Eg057500	WRKY	TFF
SoffiXsponR570.09Eg059600	MYB	TFF
SoffiXsponR570.09Eg066100	Alfin-like	TFF
SoffiXsponR570.09Eg072400	bZIP	TFF
SoffiXsponR570.09Eg077800	Jumonji	OTR
SoffiXsponR570.09Eg082100	MYB	TFF
SoffiXsponR570.09Eg084200	MADS	TFF
SoffiXsponR570.09Eg087500	WRKY	TFF
SoffiXsponR570.09Eg087700	SWI/SNF-BAF60b	OTR
SoffiXsponR570.09Eg089100	LIM	TFF
SoffiXsponR570.09Eg091300	MYB	TFF
SoffiXsponR570.09Eg092100	PHD	OTR
SoffiXsponR570.09Eg094200	FHA	TFF
SoffiXsponR570.09Eg100600	PAS	TFF
SoffiXsponR570.09Eg102500	MYB	TFF
SoffiXsponR570.09Eg104300	MYB-related	TFF
SoffiXsponR570.09Eg104300	MYB	TFF
SoffiXsponR570.09Eg107500	C2C2-Dof	TFF
SoffiXsponR570.09Eg119700	AP2-EREBP	TFF
SoffiXsponR570.09Eg120200	NAC	TFF
SoffiXsponR570.09Eg121800	bHLH	TFF
SoffiXsponR570.09Eg122100	C2C2-Dof	TFF
SoffiXsponR570.09Eg123000	ABI3VP1	TFF
SoffiXsponR570.09Eg123900	ABI3VP1	TFF
SoffiXsponR570.09Eg127800	LIM	TFF
SoffiXsponR570.09Eg130000	CPP	TFF
SoffiXsponR570.09Eg130100	CPP	TFF
SoffiXsponR570.10Ag001600	PAS	TFF
SoffiXsponR570.10Ag002200	C2C2-Dof	TFF
SoffiXsponR570.10Ag013800	TRAF	OTR
SoffiXsponR570.10Ag018600	WRKY	TFF
SoffiXsponR570.10Ag018800	WRKY	TFF
SoffiXsponR570.10Ag019000	WRKY	TFF
SoffiXsponR570.10Ag024200	NAC	TFF
SoffiXsponR570.10Ag025600	MYB	TFF
SoffiXsponR570.10Ag026300	AP2-EREBP	TFF
SoffiXsponR570.10Ag027800	C2C2-GATA	TFF
SoffiXsponR570.10Ag031500	C2H2	TFF
SoffiXsponR570.10Ag042200	DDT	OTR
SoffiXsponR570.10Ag042200	PHD	OTR
SoffiXsponR570.10Ag045600	bZIP	TFF
SoffiXsponR570.10Ag047800	NAC	TFF
SoffiXsponR570.10Ag051300	Pseudo_ARR-B	OTR
SoffiXsponR570.10Ag052100	HB	TFF
SoffiXsponR570.10Ag052900	PHD	OTR
SoffiXsponR570.10Ag055900	TUB	TFF
SoffiXsponR570.10Ag056900	MED26	OTR
SoffiXsponR570.10Ag062500	TCP	TFF
SoffiXsponR570.10Ag066100	MYB-related	TFF
SoffiXsponR570.10Ag066600	NAC	TFF
SoffiXsponR570.10Ag072600	MYB-related	TFF
SoffiXsponR570.10Ag073100	NAC	TFF
SoffiXsponR570.10Ag079800	ABI3VP1	TFF
SoffiXsponR570.10Ag091100	Alfin-like	TFF
SoffiXsponR570.10Ag092800	AP2-EREBP	TFF
SoffiXsponR570.10Ag095100	PHD	OTR
SoffiXsponR570.10Ag101900	AUX/IAA	OTR
SoffiXsponR570.10Ag111100	Sigma70-like	TFF
SoffiXsponR570.10Ag111500	bHLH	TFF
SoffiXsponR570.10Ag113900	C3H	TFF
SoffiXsponR570.10Ag115700	SAP	TFF
SoffiXsponR570.10Ag120700	SBP	TFF
SoffiXsponR570.10Ag129400	ARF	TFF
SoffiXsponR570.10Ag129800	GNAT	OTR
SoffiXsponR570.10Ag138100	CCAAT	TFF
SoffiXsponR570.10Ag139400	PAS	TFF
SoffiXsponR570.10Ag142000	GRF	TFF
SoffiXsponR570.10Ag144600	BSD	TFF
SoffiXsponR570.10Ag145100	MYB	TFF
SoffiXsponR570.10Ag148100	Jumonji	OTR
SoffiXsponR570.10Ag157900	WRKY	TFF
SoffiXsponR570.10Ag164200	bHLH	TFF
SoffiXsponR570.10Ag173400	NAC	TFF
SoffiXsponR570.10Ag196400	FHA	TFF
SoffiXsponR570.10Ag198500	GRAS	TFF
SoffiXsponR570.10Ag198700	GRAS	TFF
SoffiXsponR570.10Ag200100	C2C2-Dof	TFF
SoffiXsponR570.10Ag206900	PAS	TFF
SoffiXsponR570.10Ag211600	MYB	TFF
SoffiXsponR570.10Ag215800	MYB-related	TFF
SoffiXsponR570.10Ag215800	MYB	TFF
SoffiXsponR570.10Ag216500	C2H2	TFF
SoffiXsponR570.10Ag216700	C2H2	TFF
SoffiXsponR570.10Ag222500	MYB-related	TFF
SoffiXsponR570.10Ag222500	MYB	TFF
SoffiXsponR570.10Ag223700	GRAS	TFF
SoffiXsponR570.10Ag224100	GRAS	TFF
SoffiXsponR570.10Ag224200	GRAS	TFF
SoffiXsponR570.10Ag224900	GRAS	TFF
SoffiXsponR570.10Ag225000	GRAS	TFF
SoffiXsponR570.10Ag225700	C2H2	TFF
SoffiXsponR570.10Bg001600	PAS	TFF
SoffiXsponR570.10Bg006300	MYB-related	TFF
SoffiXsponR570.10Bg012800	TRAF	OTR
SoffiXsponR570.10Bg013000	TRAF	OTR
SoffiXsponR570.10Bg017200	WRKY	TFF
SoffiXsponR570.10Bg017400	WRKY	TFF
SoffiXsponR570.10Bg017800	WRKY	TFF
SoffiXsponR570.10Bg018200	WRKY	TFF
SoffiXsponR570.10Bg023000	NAC	TFF
SoffiXsponR570.10Bg023100	NAC	TFF
SoffiXsponR570.10Bg025400	zf-HD	TFF
SoffiXsponR570.10Bg025900	MYB	TFF
SoffiXsponR570.10Bg028600	C2C2-GATA	TFF
SoffiXsponR570.10Bg037700	TRAF	OTR
SoffiXsponR570.10Bg040900	DDT	OTR
SoffiXsponR570.10Bg040900	PHD	OTR
SoffiXsponR570.10Bg044700	bZIP	TFF
SoffiXsponR570.10Bg046700	bZIP	TFF
SoffiXsponR570.10Bg050100	ABI3VP1	TFF
SoffiXsponR570.10Bg051300	OFP	TFF
SoffiXsponR570.10Bg055300	Pseudo_ARR-B	OTR
SoffiXsponR570.10Bg059700	MED26	OTR
SoffiXsponR570.10Bg065700	bHLH	TFF
SoffiXsponR570.10Bg068300	C3H	TFF
SoffiXsponR570.10Bg073200	WRKY	TFF
SoffiXsponR570.10Bg074600	SBP	TFF
SoffiXsponR570.10Bg083200	ARF	TFF
SoffiXsponR570.10Bg083900	GNAT	OTR
SoffiXsponR570.10Bg086500	RB	OTR
SoffiXsponR570.10Bg092000	CCAAT	TFF
SoffiXsponR570.10Bg093300	PAS	TFF
SoffiXsponR570.10Bg096200	GRF	TFF
SoffiXsponR570.10Bg098700	BSD	TFF
SoffiXsponR570.10Bg099200	MYB	TFF
SoffiXsponR570.10Bg104000	Jumonji	OTR
SoffiXsponR570.10Bg105300	zf-HD	TFF
SoffiXsponR570.10Bg106000	Alfin-like	TFF
SoffiXsponR570.10Bg116700	ABI3VP1	TFF
SoffiXsponR570.10Bg124400	MYB-related	TFF
SoffiXsponR570.10Bg130600	PHD	OTR
SoffiXsponR570.10Bg134300	WRKY	TFF
SoffiXsponR570.10Bg135000	NAC	TFF
SoffiXsponR570.10Bg136400	Top	TFF
SoffiXsponR570.10Bg148600	Jumonji	OTR
SoffiXsponR570.10Bg156500	WRKY	TFF
SoffiXsponR570.10Bg171000	TRAF	OTR
SoffiXsponR570.10Bg178200	FAR1	TFF
SoffiXsponR570.10Bg180400	MADS	TFF
SoffiXsponR570.10Bg181900	FHA	TFF
SoffiXsponR570.10Bg182800	GRAS	TFF
SoffiXsponR570.10Bg183000	GRAS	TFF
SoffiXsponR570.10Bg183200	GRAS	TFF
SoffiXsponR570.10Bg184800	C2C2-Dof	TFF
SoffiXsponR570.10Bg192900	MYB	TFF
SoffiXsponR570.10Bg196300	AP2-EREBP	TFF
SoffiXsponR570.10Bg196500	ABI3VP1	TFF
SoffiXsponR570.10Bg200300	MYB-related	TFF
SoffiXsponR570.10Bg200300	MYB	TFF
SoffiXsponR570.10Bg200400	MYB-related	TFF
SoffiXsponR570.10Bg200400	MYB	TFF
SoffiXsponR570.10Bg201400	C2H2	TFF
SoffiXsponR570.10Bg204500	GRAS	TFF
SoffiXsponR570.10Bg205700	GRAS	TFF
SoffiXsponR570.10Bg206000	GRAS	TFF
SoffiXsponR570.10Bg206900	C2H2	TFF
SoffiXsponR570.10Cg005600	WRKY	TFF
SoffiXsponR570.10Cg005800	WRKY	TFF
SoffiXsponR570.10Cg006000	WRKY	TFF
SoffiXsponR570.10Cg006200	WRKY	TFF
SoffiXsponR570.10Cg010900	NAC	TFF
SoffiXsponR570.10Cg011000	NAC	TFF
SoffiXsponR570.10Cg013000	MYB	TFF
SoffiXsponR570.10Cg032300	bZIP	TFF
SoffiXsponR570.10Cg037600	OFP	TFF
SoffiXsponR570.10Cg040200	Pseudo_ARR-B	OTR
SoffiXsponR570.10Cg041100	HB	TFF
SoffiXsponR570.10Cg042600	bZIP	TFF
SoffiXsponR570.10Cg044700	MED26	OTR
SoffiXsponR570.10Cg054100	MYB-related	TFF
SoffiXsponR570.10Cg054600	NAC	TFF
SoffiXsponR570.10Cg061000	ABI3VP1	TFF
SoffiXsponR570.10Cg064200	zf-BED	TFF
SoffiXsponR570.10Cg072200	Alfin-like	TFF
SoffiXsponR570.10Cg079400	Top	TFF
SoffiXsponR570.10Cg086300	MYB	TFF
SoffiXsponR570.10Cg091400	Sigma70-like	TFF
SoffiXsponR570.10Cg091600	bHLH	TFF
SoffiXsponR570.10Cg094100	C3H	TFF
SoffiXsponR570.10Cg099600	WRKY	TFF
SoffiXsponR570.10Cg101700	SBP	TFF
SoffiXsponR570.10Cg115800	ARF	TFF
SoffiXsponR570.10Cg126300	PAS	TFF
SoffiXsponR570.10Cg132500	MYB	TFF
SoffiXsponR570.10Cg161700	MADS	TFF
SoffiXsponR570.10Cg163200	FHA	TFF
SoffiXsponR570.10Cg165400	GRAS	TFF
SoffiXsponR570.10Cg165700	GRAS	TFF
SoffiXsponR570.10Cg166900	C2C2-Dof	TFF
SoffiXsponR570.10Cg167000	C2C2-Dof	TFF
SoffiXsponR570.10Cg171100	PAS	TFF
SoffiXsponR570.10Cg179900	MYB-related	TFF
SoffiXsponR570.10Cg179900	MYB	TFF
SoffiXsponR570.10Cg181200	C2H2	TFF
SoffiXsponR570.10Cg181300	C2H2	TFF
SoffiXsponR570.10Cg186800	MYB-related	TFF
SoffiXsponR570.10Cg186800	MYB	TFF
SoffiXsponR570.10Cg189400	GRAS	TFF
SoffiXsponR570.10Cg189600	GRAS	TFF
SoffiXsponR570.10Cg189700	GRAS	TFF
SoffiXsponR570.10Dg001200	PAS	TFF
SoffiXsponR570.10Dg001800	C2C2-Dof	TFF
SoffiXsponR570.10Dg002700	SAP	TFF
SoffiXsponR570.10Dg005700	MYB-related	TFF
SoffiXsponR570.10Dg016800	WRKY	TFF
SoffiXsponR570.10Dg017100	WRKY	TFF
SoffiXsponR570.10Dg020800	NAC	TFF
SoffiXsponR570.10Dg020900	NAC	TFF
SoffiXsponR570.10Dg022800	zf-HD	TFF
SoffiXsponR570.10Dg023500	MYB	TFF
SoffiXsponR570.10Dg033900	OFP	TFF
SoffiXsponR570.10Dg034100	OFP	TFF
SoffiXsponR570.10Dg034200	OFP	TFF
SoffiXsponR570.10Dg038400	Pseudo_ARR-B	OTR
SoffiXsponR570.10Dg039300	HB	TFF
SoffiXsponR570.10Dg040700	bZIP	TFF
SoffiXsponR570.10Dg040800	GRAS	TFF
SoffiXsponR570.10Dg041600	TUB	TFF
SoffiXsponR570.10Dg042700	MED26	OTR
SoffiXsponR570.10Dg047600	NAC	TFF
SoffiXsponR570.10Dg050000	TCP	TFF
SoffiXsponR570.10Dg055800	ABI3VP1	TFF
SoffiXsponR570.10Dg066900	Alfin-like	TFF
SoffiXsponR570.10Dg068200	AP2-EREBP	TFF
SoffiXsponR570.10Dg074300	Top	TFF
SoffiXsponR570.10Dg077200	AUX/IAA	OTR
SoffiXsponR570.10Dg082400	MYB	TFF
SoffiXsponR570.10Dg086400	zf-BED	TFF
SoffiXsponR570.10Dg087700	bHLH	TFF
SoffiXsponR570.10Dg091000	C3H	TFF
SoffiXsponR570.10Dg097900	WRKY	TFF
SoffiXsponR570.10Dg105400	ARF	TFF
SoffiXsponR570.10Dg108700	RB	OTR
SoffiXsponR570.10Dg115400	CCAAT	TFF
SoffiXsponR570.10Dg116900	PAS	TFF
SoffiXsponR570.10Dg123000	BSD	TFF
SoffiXsponR570.10Dg123500	MYB	TFF
SoffiXsponR570.10Dg132700	bHLH	TFF
SoffiXsponR570.10Dg137100	MADS	TFF
SoffiXsponR570.10Dg137800	Top	TFF
SoffiXsponR570.10Dg150700	bHLH	TFF
SoffiXsponR570.10Dg161000	MADS	TFF
SoffiXsponR570.10Dg165300	GRAS	TFF
SoffiXsponR570.10Dg166700	C2C2-Dof	TFF
SoffiXsponR570.10Dg176200	MYB	TFF
SoffiXsponR570.10Dg176300	AP2-EREBP	TFF
SoffiXsponR570.10Dg180500	bZIP	TFF
SoffiXsponR570.10Dg180800	AP2-EREBP	TFF
SoffiXsponR570.10Dg181400	MYB-related	TFF
SoffiXsponR570.10Dg181400	MYB	TFF
SoffiXsponR570.10Dg185900	GRAS	TFF
SoffiXsponR570.10Dg186700	GRAS	TFF
SoffiXsponR570.10Dg186800	GRAS	TFF
SoffiXsponR570.10Dg186900	GRAS	TFF
SoffiXsponR570.10Dg187000	GRAS	TFF
SoffiXsponR570.10Dg190200	MYB-related	TFF
SoffiXsponR570.10Dg190200	MYB	TFF
SoffiXsponR570.10Dg191800	AP2-EREBP	TFF
SoffiXsponR570.10Dg194300	GRAS	TFF
SoffiXsponR570.10Dg194400	GRAS	TFF
SoffiXsponR570.10Dg194500	GRAS	TFF
SoffiXsponR570.10Dg194600	GRAS	TFF
SoffiXsponR570.10Dg194700	GRAS	TFF
SoffiXsponR570.10Dg194800	GRAS	TFF
SoffiXsponR570.10Dg196200	GRAS	TFF
SoffiXsponR570.10Dg196300	GRAS	TFF
SoffiXsponR570.10Dg196400	GRAS	TFF
SoffiXsponR570.10Dg197200	C2H2	TFF
SoffiXsponR570.10Eg002800	ABI3VP1	TFF
SoffiXsponR570.10Eg013000	Alfin-like	TFF
SoffiXsponR570.10Eg014900	PHD	OTR
SoffiXsponR570.10Eg023400	FAR1	TFF
SoffiXsponR570.10Eg027200	AP2-EREBP	TFF
SoffiXsponR570.10Eg028800	MYB	TFF
SoffiXsponR570.10Eg037000	FHA	TFF
SoffiXsponR570.10Eg037200	C3H	TFF
SoffiXsponR570.10Eg038700	SAP	TFF
SoffiXsponR570.10Eg050500	bHLH	TFF
SoffiXsponR570.10Eg050600	ARF	TFF
SoffiXsponR570.10Eg051100	GNAT	OTR
SoffiXsponR570.10Eg053900	RB	OTR
SoffiXsponR570.10Eg058500	CCAAT	TFF
SoffiXsponR570.10Eg060100	PAS	TFF
SoffiXsponR570.10Eg063200	GRF	TFF
SoffiXsponR570.10Eg066000	BSD	TFF
SoffiXsponR570.10Eg066700	MYB	TFF
SoffiXsponR570.10Eg085600	bHLH	TFF
SoffiXsponR570.10Eg090200	bHLH	TFF
SoffiXsponR570.10Eg100800	MADS	TFF
SoffiXsponR570.10Eg101200	FAR1	TFF
SoffiXsponR570.10Eg103200	FHA	TFF
SoffiXsponR570.10Eg106000	GRAS	TFF
SoffiXsponR570.10Eg106100	GRAS	TFF
SoffiXsponR570.10Eg108100	C2C2-Dof	TFF
SoffiXsponR570.10Eg108700	C2C2-Dof	TFF
SoffiXsponR570.10Eg113100	PAS	TFF
SoffiXsponR570.10Eg117000	MYB	TFF
SoffiXsponR570.10Eg117100	AP2-EREBP	TFF
SoffiXsponR570.10Eg123800	MYB	TFF
SoffiXsponR570.10Eg123900	MYB-related	TFF
SoffiXsponR570.10Eg123900	MYB	TFF
SoffiXsponR570.10Eg125100	C2H2	TFF
SoffiXsponR570.10Eg125400	C2H2	TFF
SoffiXsponR570.10Eg130000	GRAS	TFF
SoffiXsponR570.10Eg130800	GRAS	TFF
SoffiXsponR570.10Eg130900	GRAS	TFF
SoffiXsponR570.10Eg131000	GRAS	TFF
SoffiXsponR570.10Eg132000	C2H2	TFF
SoffiXsponR570.10Fg002300	ABI3VP1	TFF
SoffiXsponR570.10Fg007300	AP2-EREBP	TFF
SoffiXsponR570.10Fg008700	Sigma70-like	TFF
SoffiXsponR570.10Fg011600	C3H	TFF
SoffiXsponR570.10Fg013500	SAP	TFF
SoffiXsponR570.10Fg026600	bHLH	TFF
SoffiXsponR570.10Fg026700	ARF	TFF
SoffiXsponR570.10Fg027300	GNAT	OTR
SoffiXsponR570.10Fg029100	RB	OTR
SoffiXsponR570.10Fg035700	PAS	TFF
SoffiXsponR570.10Fg040300	MYB	TFF
SoffiXsponR570.10Fg058800	Top	TFF
SoffiXsponR570.10Fg087500	MADS	TFF
SoffiXsponR570.10Fg089400	FHA	TFF
SoffiXsponR570.10Fg091500	GRAS	TFF
SoffiXsponR570.10Fg099600	MYB	TFF
SoffiXsponR570.10Fg106700	AP2-EREBP	TFF
SoffiXsponR570.10Fg107100	AP2-EREBP	TFF
SoffiXsponR570.10Fg109800	C2H2	TFF
SoffiXsponR570.10Fg112700	GRAS	TFF
SoffiXsponR570.10Fg113100	GRAS	TFF
SoffiXsponR570.10Fg113200	GRAS	TFF
SoffiXsponR570.10Fg113600	GRAS	TFF
SoffiXsponR570.10Fg113700	GRAS	TFF
SoffiXsponR570.10Fg113800	GRAS	TFF
SoffiXsponR570.10Fg114300	GRAS	TFF
SoffiXsponR570.10Fg114600	GRAS	TFF
SoffiXsponR570.10Fg114700	GRAS	TFF
SoffiXsponR570.10Fg114900	GRAS	TFF
SoffiXsponR570.10Fg115500	C2H2	TFF
SoffiXsponR570.10Fg118900	GRAS	TFF
SoffiXsponR570.10Fg120600	C2H2	TFF
SoffiXsponR570.10Fg125200	C2H2	TFF
SoffiXsponR570.10os1g001500	PAS	TFF
SoffiXsponR570.10os1g002800	SAP	TFF
SoffiXsponR570.10os1g002800	zf-MIZ	OTR
SoffiXsponR570.10os1g005800	MYB-related	TFF
SoffiXsponR570.10os1g012000	MYB-related	TFF
SoffiXsponR570.10os1g012500	NAC	TFF
SoffiXsponR570.10os1g034600	PHD	OTR
SoffiXsponR570.10os1g038600	WRKY	TFF
SoffiXsponR570.10os1g046700	MYB	TFF
SoffiXsponR570.10os1g052200	WRKY	TFF
SoffiXsponR570.10os1g055700	SAP	TFF
SoffiXsponR570.10os1g059000	CCAAT	TFF
SoffiXsponR570.10os1g060500	PAS	TFF
SoffiXsponR570.10os2g003700	MYB	TFF
SoffiXsponR570.10us89g001200	PAS	TFF
SoffiXsponR570.10us89g010900	TRAF	OTR
SoffiXsponR570.10us89g015800	WRKY	TFF
SoffiXsponR570.10us89g016500	WRKY	TFF
SoffiXsponR570.10us89g020700	NAC	TFF
SoffiXsponR570.10us89g020800	NAC	TFF
SoffiXsponR570.10us89g023000	zf-HD	TFF
SoffiXsponR570.10us89g023400	MYB	TFF
SoffiXsponR570.10us89g024100	AP2-EREBP	TFF
SoffiXsponR570.10us89g025700	C2C2-GATA	TFF
SoffiXsponR570.10us89g029800	C2H2	TFF
SoffiXsponR570.10us89g046900	NAC	TFF
SoffiXsponR570.10us89g047000	NAC	TFF
SoffiXsponR570.10us89g047200	bZIP	TFF
SoffiXsponR570.10us89g047600	ABI3VP1	TFF
SoffiXsponR570.10us89g048700	OFP	TFF
SoffiXsponR570.10us89g048800	OFP	TFF
SoffiXsponR570.10us89g050800	Pseudo_ARR-B	OTR
SoffiXsponR570.10us89g051600	HB	TFF
SoffiXsponR570.10us89g052700	GRAS	TFF
SoffiXsponR570.10us89g053500	TUB	TFF
SoffiXsponR570.10us89g054300	MED26	OTR
SoffiXsponR570.10us89g067300	MYB-related	TFF
SoffiXsponR570.10us89g084700	Alfin-like	TFF
SoffiXsponR570.10us89g085200	zf-HD	TFF
SoffiXsponR570.10us89g085800	AP2-EREBP	TFF
SoffiXsponR570.10us89g092200	Top	TFF
SoffiXsponR570.1os1g001700	TRAF	OTR
SoffiXsponR570.1os1g002800	HSF	TFF
SoffiXsponR570.1os1g005300	TRAF	OTR
SoffiXsponR570.1os1g005400	TRAF	OTR
SoffiXsponR570.1os1g009100	SET	OTR
SoffiXsponR570.1os1g010600	C2C2-Dof	TFF
SoffiXsponR570.1Z002700	MYB	TFF
SoffiXsponR570.1Z003200	bHLH	TFF
SoffiXsponR570.1Z003900	bHLH	TFF
SoffiXsponR570.1Z004000	C2C2-Dof	TFF
SoffiXsponR570.1Z005000	CCAAT	TFF
SoffiXsponR570.1Z006800	TRAF	OTR
SoffiXsponR570.1Z009400	WRKY	TFF
SoffiXsponR570.1Z014300	SWI/SNF-BAF60b	OTR
SoffiXsponR570.1Z029300	Tify	TFF
SoffiXsponR570.1Z033800	TIG	TFF
SoffiXsponR570.1Z034500	ABI3VP1	TFF
SoffiXsponR570.1Z036400	Tify	TFF
SoffiXsponR570.1Z040400	ABI3VP1	TFF
SoffiXsponR570.1Z045300	bHLH	TFF
SoffiXsponR570.1Z046800	bZIP	TFF
SoffiXsponR570.1Z048100	HB	TFF
SoffiXsponR570.1Z052200	ABI3VP1	TFF
SoffiXsponR570.1Z054100	SET	OTR
SoffiXsponR570.1Z055800	bZIP	TFF
SoffiXsponR570.1Z056800	CCAAT	TFF
SoffiXsponR570.1Z068800	Trihelix	TFF
SoffiXsponR570.1Z082600	AP2-EREBP	TFF
SoffiXsponR570.1Z083800	BES1	TFF
SoffiXsponR570.1Z085300	MADS	TFF
SoffiXsponR570.1Z105100	SAP	TFF
SoffiXsponR570.1Z105400	ARR-B	TFF
SoffiXsponR570.1Z109300	Sigma70-like	TFF
SoffiXsponR570.1Z110300	GNAT	OTR
SoffiXsponR570.1Z111200	bHLH	TFF
SoffiXsponR570.1Z111300	Top	TFF
SoffiXsponR570.1Z112400	C3H	TFF
SoffiXsponR570.1Z112600	zf-LSD1	TFF
SoffiXsponR570.1Z114100	MED26	OTR
SoffiXsponR570.1Z114200	NAC	TFF
SoffiXsponR570.1Z114500	MYB-related	TFF
SoffiXsponR570.1Z115900	AP2-EREBP	TFF
SoffiXsponR570.1Z123500	Top	TFF
SoffiXsponR570.1Z125500	SAP	TFF
SoffiXsponR570.1Z130300	C2H2	TFF
SoffiXsponR570.1Z138100	NAC	TFF
SoffiXsponR570.1Z140000	WRKY	TFF
SoffiXsponR570.1Z142300	AUX/IAA	OTR
SoffiXsponR570.1Z142400	AUX/IAA	OTR
SoffiXsponR570.1Z145600	Top	TFF
SoffiXsponR570.1Z148300	GeBP	TFF
SoffiXsponR570.1Z150700	Tify	TFF
SoffiXsponR570.1Z150900	Tify	TFF
SoffiXsponR570.1Z151000	Tify	TFF
SoffiXsponR570.1Z151100	Tify	TFF
SoffiXsponR570.1Z151200	Tify	TFF
SoffiXsponR570.1Z152200	Top	TFF
SoffiXsponR570.1Z153300	bHLH	TFF
SoffiXsponR570.1Z153700	C2H2	TFF
SoffiXsponR570.1Z156500	PAS	TFF
SoffiXsponR570.1Z167100	Top	TFF
SoffiXsponR570.1Z173900	E2F-DP	TFF
SoffiXsponR570.1Z174000	zf-BED	TFF
SoffiXsponR570.1Z176000	MYB	TFF
SoffiXsponR570.1Z176700	AP2-EREBP	TFF
SoffiXsponR570.1Z178400	bZIP	TFF
SoffiXsponR570.1Z180100	DBP	TFF
SoffiXsponR570.1Z180200	AUX/IAA	OTR
SoffiXsponR570.1Z182000	Top	TFF
SoffiXsponR570.1Z186800	C2C2-GATA	TFF
SoffiXsponR570.1Z190400	HB	TFF
SoffiXsponR570.1Z195200	BES1	TFF
SoffiXsponR570.1Z196800	MADS	TFF
SoffiXsponR570.1Z203900	bZIP	TFF
SoffiXsponR570.1Z205100	bZIP	TFF
SoffiXsponR570.1Z206900	EIL	TFF
SoffiXsponR570.1Z207300	C2C2-Dof	TFF
SoffiXsponR570.1Z207800	NAC	TFF
SoffiXsponR570.1Z208300	NAC	TFF
SoffiXsponR570.1Z208600	C3H	TFF
SoffiXsponR570.1Z210000	WRKY	TFF
SoffiXsponR570.1Z210300	ABI3VP1	TFF
SoffiXsponR570.1Z210500	bZIP	TFF
SoffiXsponR570.1Z218600	TUB	TFF
SoffiXsponR570.1Z221200	DDT	OTR
SoffiXsponR570.1Z221200	PHD	OTR
SoffiXsponR570.1Z223400	CCAAT	TFF
SoffiXsponR570.1Z226900	TRAF	OTR
SoffiXsponR570.1Z228300	BSD	TFF
SoffiXsponR570.1Z231400	SWI/SNF-BAF60b	OTR
SoffiXsponR570.1Z232300	MED26	OTR
SoffiXsponR570.1Z237900	MYB	TFF
SoffiXsponR570.1Z238100	SART-1	OTR
SoffiXsponR570.1Z241400	bHLH	TFF
SoffiXsponR570.1Z243100	Tudor-knot	OTR
SoffiXsponR570.1Z243600	SAP	TFF
SoffiXsponR570.1Z245800	CAMTA	TFF
SoffiXsponR570.1Z245800	TIG	TFF
SoffiXsponR570.1Z250300	SAP	TFF
SoffiXsponR570.1Z251500	AP2-EREBP	TFF
SoffiXsponR570.1Z252600	zf-BED	TFF
SoffiXsponR570.1Z256800	DBP	TFF
SoffiXsponR570.1Z258300	Top	TFF
SoffiXsponR570.1Z262600	C2C2-GATA	TFF
SoffiXsponR570.1Z265400	HB	TFF
SoffiXsponR570.1Z267100	TRAF	OTR
SoffiXsponR570.1Z267400	TRAF	OTR
SoffiXsponR570.1Z272200	C2C2-Dof	TFF
SoffiXsponR570.1Z274400	HSF	TFF
SoffiXsponR570.1Z275300	TRAF	OTR
SoffiXsponR570.1Z275900	OFP	TFF
SoffiXsponR570.1Z276100	TFIID	TFF
SoffiXsponR570.1Z279300	zf-BED	TFF
SoffiXsponR570.1Z279400	E2F-DP	TFF
SoffiXsponR570.1Z281100	MYB-related	TFF
SoffiXsponR570.1Z282200	bHLH	TFF
SoffiXsponR570.1Z287300	zf-C5HC2	TFF
SoffiXsponR570.1Z288800	MYB-related	TFF
SoffiXsponR570.1Z290000	bHLH	TFF
SoffiXsponR570.1Z291900	MED26	OTR
SoffiXsponR570.1Z292400	MED26	OTR
SoffiXsponR570.1Z293100	NAC	TFF
SoffiXsponR570.1Z295900	zf-LSD1	TFF
SoffiXsponR570.1Z299400	AP2-EREBP	TFF
SoffiXsponR570.1Z299600	HSF	TFF
SoffiXsponR570.2os1g000600	NAC	TFF
SoffiXsponR570.3os1g007700	MYB	TFF
SoffiXsponR570.3os1g012200	GeBP	TFF
SoffiXsponR570.3os3g001400	AP2-EREBP	TFF
SoffiXsponR570.3os3g005200	C2H2	TFF
SoffiXsponR570.3os3g005600	HSF	TFF
SoffiXsponR570.3os4g000300	HSF	TFF
SoffiXsponR570.4os1g001700	G2-like	TFF
SoffiXsponR570.4us91g003100	bHLH	TFF
SoffiXsponR570.4us91g005000	MADS	TFF
SoffiXsponR570.4us91g005500	AP2-EREBP	TFF
SoffiXsponR570.4us91g009400	MADS	TFF
SoffiXsponR570.4us91g011600	bZIP	TFF
SoffiXsponR570.4us91g014100	GRAS	TFF
SoffiXsponR570.4us91g014300	AP2-EREBP	TFF
SoffiXsponR570.4us91g021100	ARF	TFF
SoffiXsponR570.4us91g023000	AP2-EREBP	TFF
SoffiXsponR570.4us91g023100	bHLH	TFF
SoffiXsponR570.4us91g032000	ARR-B	TFF
SoffiXsponR570.4us91g032100	LIM	TFF
SoffiXsponR570.4us91g033100	MYB-related	TFF
SoffiXsponR570.4us91g033900	DBP	TFF
SoffiXsponR570.4us91g037600	BSD	TFF
SoffiXsponR570.4us91g041300	zf-BED	TFF
SoffiXsponR570.4us91g041900	AUX/IAA	OTR
SoffiXsponR570.4us91g042000	AP2-EREBP	TFF
SoffiXsponR570.4us91g042100	C2H2	TFF
SoffiXsponR570.4us91g043000	zf-MIZ	OTR
SoffiXsponR570.4us91g062000	PBF-2-like	TFF
SoffiXsponR570.4us91g063400	Top	TFF
SoffiXsponR570.4us91g069700	MADS	TFF
SoffiXsponR570.5_9Ag002200	bZIP	TFF
SoffiXsponR570.5_9Ag007500	SET	OTR
SoffiXsponR570.5_9Ag014600	bZIP	TFF
SoffiXsponR570.5_9Ag015100	MYB	TFF
SoffiXsponR570.5_9Ag016300	EIL	TFF
SoffiXsponR570.5_9Ag016600	MYB-related	TFF
SoffiXsponR570.5_9Ag016700	C2C2-Dof	TFF
SoffiXsponR570.5_9Ag017000	NAC	TFF
SoffiXsponR570.5_9Ag017600	NAC	TFF
SoffiXsponR570.5_9Ag018000	C3H	TFF
SoffiXsponR570.5_9Ag019300	WRKY	TFF
SoffiXsponR570.5_9Ag019700	ABI3VP1	TFF
SoffiXsponR570.5_9Ag019800	bZIP	TFF
SoffiXsponR570.5_9Ag027900	TUB	TFF
SoffiXsponR570.5_9Ag031700	CCAAT	TFF
SoffiXsponR570.5_9Ag035200	TRAF	OTR
SoffiXsponR570.5_9Ag036300	BSD	TFF
SoffiXsponR570.5_9Ag038700	bZIP	TFF
SoffiXsponR570.5_9Ag040800	MED26	OTR
SoffiXsponR570.5_9Ag045700	GeBP	TFF
SoffiXsponR570.5_9Ag046400	MYB	TFF
SoffiXsponR570.5_9Ag046600	SART-1	OTR
SoffiXsponR570.5_9Ag049700	bHLH	TFF
SoffiXsponR570.5_9Ag050200	MYB	TFF
SoffiXsponR570.5_9Ag051400	Tudor-knot	OTR
SoffiXsponR570.5_9Ag051800	SAP	TFF
SoffiXsponR570.5_9Ag058100	SAP	TFF
SoffiXsponR570.5_9Ag059100	AP2-EREBP	TFF
SoffiXsponR570.5_9Ag060000	FAR1	TFF
SoffiXsponR570.5_9Ag060200	Tify	TFF
SoffiXsponR570.5_9Ag062800	GRAS	TFF
SoffiXsponR570.5_9Ag064000	Alfin-like	TFF
SoffiXsponR570.5_9Ag064300	CCAAT	TFF
SoffiXsponR570.5_9Ag065200	CCAAT	TFF
SoffiXsponR570.5_9Ag066000	MADS	TFF
SoffiXsponR570.5_9Ag075200	C2H2	TFF
SoffiXsponR570.5_9Ag078100	HRT	TFF
SoffiXsponR570.5_9Ag079500	GNAT	OTR
SoffiXsponR570.5_9Ag080600	WRKY	TFF
SoffiXsponR570.5_9Ag080700	GRAS	TFF
SoffiXsponR570.5_9Ag081000	mTERF	OTR
SoffiXsponR570.5_9Ag082000	C2H2	TFF
SoffiXsponR570.5_9Ag082800	BES1	TFF
SoffiXsponR570.5_9Ag091800	C3H	TFF
SoffiXsponR570.5_9Ag092500	GRAS	TFF
SoffiXsponR570.5_9Ag093100	NAC	TFF
SoffiXsponR570.5_9Ag094900	FAR1	TFF
SoffiXsponR570.5_9Ag095200	ABI3VP1	TFF
SoffiXsponR570.5_9Ag098700	bHLH	TFF
SoffiXsponR570.5_9Ag105200	GRAS	TFF
SoffiXsponR570.5_9Ag105400	CCAAT	TFF
SoffiXsponR570.5_9Ag105500	CCAAT	TFF
SoffiXsponR570.5_9Ag123200	SBP	TFF
SoffiXsponR570.5_9Ag126500	PHD	OTR
SoffiXsponR570.5_9Ag126700	MYB	TFF
SoffiXsponR570.5_9Ag134400	SET	OTR
SoffiXsponR570.5_9Ag137600	mTERF	OTR
SoffiXsponR570.5_9Ag138800	C2H2	TFF
SoffiXsponR570.5_9Ag140000	SET	OTR
SoffiXsponR570.5_9Ag140600	C2H2	TFF
SoffiXsponR570.5_9Ag141500	MYB-related	TFF
SoffiXsponR570.5_9Ag142400	NAC	TFF
SoffiXsponR570.5_9Ag142500	NAC	TFF
SoffiXsponR570.5_9Ag143100	HMG	OTR
SoffiXsponR570.5_9Ag144400	RWP-RK	TFF
SoffiXsponR570.5_9Ag156200	Pseudo_ARR-B	OTR
SoffiXsponR570.5_9Ag156300	SRS	TFF
SoffiXsponR570.5_9Ag156900	SRS	TFF
SoffiXsponR570.5_9Ag159500	zf-A20	TFF
SoffiXsponR570.5_9Ag159900	HSF	TFF
SoffiXsponR570.5_9Ag161500	AP2-EREBP	TFF
SoffiXsponR570.5_9Ag161800	AP2-EREBP	TFF
SoffiXsponR570.5_9Ag161900	AP2-EREBP	TFF
SoffiXsponR570.5_9Ag162100	AP2-EREBP	TFF
SoffiXsponR570.5_9Ag164200	bHLH	TFF
SoffiXsponR570.5_9Ag164300	bHLH	TFF
SoffiXsponR570.5_9Ag164400	bHLH	TFF
SoffiXsponR570.5_9Ag164500	bHLH	TFF
SoffiXsponR570.5_9Ag171800	bHLH	TFF
SoffiXsponR570.5_9Ag172500	NAC	TFF
SoffiXsponR570.5_9Ag176900	bHLH	TFF
SoffiXsponR570.5_9Ag180700	NAC	TFF
SoffiXsponR570.5_9Ag182700	C3H	TFF
SoffiXsponR570.5_9Ag184700	EIL	TFF
SoffiXsponR570.5_9Ag184900	bZIP	TFF
SoffiXsponR570.5_9Ag185600	bHLH	TFF
SoffiXsponR570.5_9Ag186300	zf-A20	TFF
SoffiXsponR570.5_9Ag186500	C2H2	TFF
SoffiXsponR570.5_9Ag194500	bHLH	TFF
SoffiXsponR570.5_9Ag195000	bHLH	TFF
SoffiXsponR570.5_9Ag195400	bZIP	TFF
SoffiXsponR570.5_9Ag197700	bHLH	TFF
SoffiXsponR570.5_9Ag200000	bHLH	TFF
SoffiXsponR570.5_9Ag204000	HSF	TFF
SoffiXsponR570.5_9Ag204200	bZIP	TFF
SoffiXsponR570.5_9Ag205000	NAC	TFF
SoffiXsponR570.5_9Ag206900	GeBP	TFF
SoffiXsponR570.5_9Ag214000	Tify	TFF
SoffiXsponR570.5_9Ag215700	AP2-EREBP	TFF
SoffiXsponR570.5_9Ag215900	ARID	OTR
SoffiXsponR570.5_9Ag217300	CCAAT	TFF
SoffiXsponR570.5_9Ag220600	AP2-EREBP	TFF
SoffiXsponR570.5_9Ag224200	WRKY	TFF
SoffiXsponR570.5_9Ag224300	WRKY	TFF
SoffiXsponR570.5_9Ag226100	MYB	TFF
SoffiXsponR570.5_9Ag226700	NAC	TFF
SoffiXsponR570.5_9Ag227600	NAC	TFF
SoffiXsponR570.5_9Ag227800	SET	OTR
SoffiXsponR570.5_9Ag230500	Tify	TFF
SoffiXsponR570.5_9Ag230600	MYB	TFF
SoffiXsponR570.5_9Ag230700	MYB	TFF
SoffiXsponR570.5_9Ag230800	MYB	TFF
SoffiXsponR570.5_9Ag233700	Jumonji	OTR
SoffiXsponR570.5_9Ag234100	NAC	TFF
SoffiXsponR570.5_9Ag234200	PHD	OTR
SoffiXsponR570.5_9Ag241500	AP2-EREBP	TFF
SoffiXsponR570.5_9Ag244100	SET	OTR
SoffiXsponR570.5_9Ag246400	OFP	TFF
SoffiXsponR570.5_9Ag247600	GNAT	OTR
SoffiXsponR570.5_9Ag250500	WRKY	TFF
SoffiXsponR570.5_9Ag250600	WRKY	TFF
SoffiXsponR570.5_9Ag250700	WRKY	TFF
SoffiXsponR570.5_9Ag250800	WRKY	TFF
SoffiXsponR570.5_9Ag258500	AP2-EREBP	TFF
SoffiXsponR570.5_9Ag259200	SET	OTR
SoffiXsponR570.5_9Ag260500	bZIP	TFF
SoffiXsponR570.5_9Ag261700	MYB-related	TFF
SoffiXsponR570.5_9Ag261800	MYB-related	TFF
SoffiXsponR570.5_9Ag269400	ARF	TFF
SoffiXsponR570.5_9Ag270300	NAC	TFF
SoffiXsponR570.5_9Ag273800	C2H2	TFF
SoffiXsponR570.5_9Ag275600	SAP	TFF
SoffiXsponR570.5_9Ag281200	zf-C5HC2	TFF
SoffiXsponR570.5_9Ag284000	MADS	TFF
SoffiXsponR570.5_9Ag292300	ABI3VP1	TFF
SoffiXsponR570.5_9Ag292600	MYB	TFF
SoffiXsponR570.5_9Ag294300	AP2-EREBP	TFF
SoffiXsponR570.5_9Ag294400	AP2-EREBP	TFF
SoffiXsponR570.5_9Ag297200	BES1	TFF
SoffiXsponR570.5_9Ag304300	WRKY	TFF
SoffiXsponR570.5_9Ag304400	WRKY	TFF
SoffiXsponR570.5_9Ag309500	MYB-related	TFF
SoffiXsponR570.5_9Ag310800	TRAF	OTR
SoffiXsponR570.5_9Ag314100	AP2-EREBP	TFF
SoffiXsponR570.5_9Ag325200	GNAT	OTR
SoffiXsponR570.5_9Ag341700	AP2-EREBP	TFF
SoffiXsponR570.5_9Ag344200	AP2-EREBP	TFF
SoffiXsponR570.5_9Ag344700	NAC	TFF
SoffiXsponR570.5_9Ag348100	bHLH	TFF
SoffiXsponR570.5_9Ag348200	FHA	TFF
SoffiXsponR570.5_9Ag351900	AP2-EREBP	TFF
SoffiXsponR570.5_9Ag366800	SAP	TFF
SoffiXsponR570.5_9Ag367800	AUX/IAA	OTR
SoffiXsponR570.5_9Ag368800	bHLH	TFF
SoffiXsponR570.5_9Ag375000	PHD	OTR
SoffiXsponR570.5_9Ag376800	zf-A20	TFF
SoffiXsponR570.5_9Ag378200	TRAF	OTR
SoffiXsponR570.5_9Ag391000	Rcd1-like	OTR
SoffiXsponR570.5_9Ag392600	bHLH	TFF
SoffiXsponR570.5_9Ag394200	MYB	TFF
SoffiXsponR570.5_9Ag394500	NAC	TFF
SoffiXsponR570.5_9Ag395600	mTERF	OTR
SoffiXsponR570.5_9Ag398400	HB	TFF
SoffiXsponR570.5_9Ag405500	C2C2-GATA	TFF
SoffiXsponR570.5_9Ag405600	TFIID	TFF
SoffiXsponR570.5_9Ag407600	C2C2-YABBY	TFF
SoffiXsponR570.5_9Ag409000	CCAAT	TFF
SoffiXsponR570.5_9Ag413700	ARF	TFF
SoffiXsponR570.5_9Ag414800	CCAAT	TFF
SoffiXsponR570.5_9Ag417600	zf-LSD1	TFF
SoffiXsponR570.5_9Ag417800	NAC	TFF
SoffiXsponR570.5_9Ag419100	bHLH	TFF
SoffiXsponR570.5_9Ag422300	CPP	TFF
SoffiXsponR570.5_9Ag424400	bZIP	TFF
SoffiXsponR570.5_9Ag424500	AUX/IAA	OTR
SoffiXsponR570.5_9Ag424600	AUX/IAA	OTR
SoffiXsponR570.5_9Ag428100	WRKY	TFF
SoffiXsponR570.5_9Ag428900	LIM	TFF
SoffiXsponR570.5_9Ag431800	TAZ	TFF
SoffiXsponR570.5_9Ag432100	ABI3VP1	TFF
SoffiXsponR570.5_9Ag432200	ABI3VP1	TFF
SoffiXsponR570.5_9Ag432400	ABI3VP1	TFF
SoffiXsponR570.5_9Ag435400	MYB-related	TFF
SoffiXsponR570.5_9Ag436700	AP2-EREBP	TFF
SoffiXsponR570.5_9Ag443300	GRAS	TFF
SoffiXsponR570.5_9Ag449100	MYB-related	TFF
SoffiXsponR570.5_9Ag449100	MYB	TFF
SoffiXsponR570.5_9Ag452000	MYB	TFF
SoffiXsponR570.5_9Ag453700	PAS	TFF
SoffiXsponR570.5_9Ag454400	bZIP	TFF
SoffiXsponR570.5_9Ag469200	PHD	OTR
SoffiXsponR570.5_9Ag470200	MYB	TFF
SoffiXsponR570.5_9Ag472700	LIM	TFF
SoffiXsponR570.5_9Ag474100	SWI/SNF-BAF60b	OTR
SoffiXsponR570.5_9Ag474300	WRKY	TFF
SoffiXsponR570.5_9Ag477400	MADS	TFF
SoffiXsponR570.5_9Ag477600	MADS	TFF
SoffiXsponR570.5_9Ag478100	TRAF	OTR
SoffiXsponR570.5_9Ag479700	MYB	TFF
SoffiXsponR570.5_9Ag488200	HB	TFF
SoffiXsponR570.5_9Ag490600	MYB	TFF
SoffiXsponR570.5_9Ag495600	NAC	TFF
SoffiXsponR570.5os1g002500	FHA	TFF
SoffiXsponR570.5os1g005600	DDT	OTR
SoffiXsponR570.5os1g005800	bHLH	TFF
SoffiXsponR570.5os2g004600	Top	TFF
SoffiXsponR570.5os2g007000	TRAF	OTR
SoffiXsponR570.6_9Ag001300	PAS	TFF
SoffiXsponR570.6_9Ag003200	SAP	TFF
SoffiXsponR570.6_9Ag019200	C2H2	TFF
SoffiXsponR570.6_9Ag021400	FAR1	TFF
SoffiXsponR570.6_9Ag025300	NAC	TFF
SoffiXsponR570.6_9Ag029000	MYB	TFF
SoffiXsponR570.6_9Ag029200	MYB	TFF
SoffiXsponR570.6_9Ag029400	MYB	TFF
SoffiXsponR570.6_9Ag030200	FHA	TFF
SoffiXsponR570.6_9Ag030500	NAC	TFF
SoffiXsponR570.6_9Ag030900	C3H	TFF
SoffiXsponR570.6_9Ag032400	GRAS	TFF
SoffiXsponR570.6_9Ag036600	WRKY	TFF
SoffiXsponR570.6_9Ag036800	WRKY	TFF
SoffiXsponR570.6_9Ag036900	SET	OTR
SoffiXsponR570.6_9Ag037200	WRKY	TFF
SoffiXsponR570.6_9Ag037400	WRKY	TFF
SoffiXsponR570.6_9Ag037800	WRKY	TFF
SoffiXsponR570.6_9Ag042300	DDT	OTR
SoffiXsponR570.6_9Ag042300	PHD	OTR
SoffiXsponR570.6_9Ag050000	bZIP	TFF
SoffiXsponR570.6_9Ag051400	OFP	TFF
SoffiXsponR570.6_9Ag051500	OFP	TFF
SoffiXsponR570.6_9Ag053800	WRKY	TFF
SoffiXsponR570.6_9Ag054300	bZIP	TFF
SoffiXsponR570.6_9Ag055000	TUB	TFF
SoffiXsponR570.6_9Ag057200	SAP	TFF
SoffiXsponR570.6_9Ag058600	C2C2-GATA	TFF
SoffiXsponR570.6_9Ag061000	TCP	TFF
SoffiXsponR570.6_9Ag062900	MYB-related	TFF
SoffiXsponR570.6_9Ag062900	MYB	TFF
SoffiXsponR570.6_9Ag063600	MYB-related	TFF
SoffiXsponR570.6_9Ag067100	WRKY	TFF
SoffiXsponR570.6_9Ag067200	WRKY	TFF
SoffiXsponR570.6_9Ag067300	WRKY	TFF
SoffiXsponR570.6_9Ag074900	NAC	TFF
SoffiXsponR570.6_9Ag076300	zf-HD	TFF
SoffiXsponR570.6_9Ag077200	Alfin-like	TFF
SoffiXsponR570.6_9Ag077800	Alfin-like	TFF
SoffiXsponR570.6_9Ag086300	bZIP	TFF
SoffiXsponR570.6_9Ag091900	Jumonji	OTR
SoffiXsponR570.6_9Ag092500	C3H	TFF
SoffiXsponR570.6_9Ag102800	GRAS	TFF
SoffiXsponR570.6_9Ag102900	GRAS	TFF
SoffiXsponR570.6_9Ag103000	GRAS	TFF
SoffiXsponR570.6_9Ag105500	C2C2-Dof	TFF
SoffiXsponR570.6_9Ag108400	C2H2	TFF
SoffiXsponR570.6_9Ag108700	MYB-related	TFF
SoffiXsponR570.6_9Ag108700	MYB	TFF
SoffiXsponR570.6_9Ag108900	MYB	TFF
SoffiXsponR570.6_9Ag116600	C2H2	TFF
SoffiXsponR570.6_9Ag116900	AP2-EREBP	TFF
SoffiXsponR570.6_9Ag118600	SAP	TFF
SoffiXsponR570.6_9Ag120200	MYB-related	TFF
SoffiXsponR570.6_9Ag121800	C3H	TFF
SoffiXsponR570.6_9Ag123200	bZIP	TFF
SoffiXsponR570.6_9Ag123300	HB	TFF
SoffiXsponR570.6_9Ag128900	bHLH	TFF
SoffiXsponR570.6_9Ag133100	Top	TFF
SoffiXsponR570.6_9Ag144600	Top	TFF
SoffiXsponR570.6_9Ag145300	C2C2-GATA	TFF
SoffiXsponR570.6_9Ag153600	Alfin-like	TFF
SoffiXsponR570.6_9Ag154500	bHLH	TFF
SoffiXsponR570.6_9Ag160900	HMG	OTR
SoffiXsponR570.6_9Ag161400	WRKY	TFF
SoffiXsponR570.6_9Ag162400	AUX/IAA	OTR
SoffiXsponR570.6_9Ag164200	MYB-related	TFF
SoffiXsponR570.6_9Ag165400	bHLH	TFF
SoffiXsponR570.6_9Ag165600	bHLH	TFF
SoffiXsponR570.6_9Ag166800	MADS	TFF
SoffiXsponR570.6_9Ag173000	OFP	TFF
SoffiXsponR570.6_9Ag174200	MYB	TFF
SoffiXsponR570.6_9Ag175400	AUX/IAA	OTR
SoffiXsponR570.6_9Ag175800	GNAT	OTR
SoffiXsponR570.6_9Ag177800	bHLH	TFF
SoffiXsponR570.6_9Ag183300	WRKY	TFF
SoffiXsponR570.6_9Ag187300	WRKY	TFF
SoffiXsponR570.6_9Ag188000	AP2-EREBP	TFF
SoffiXsponR570.6_9Ag189700	MYB	TFF
SoffiXsponR570.6_9Ag195400	AP2-EREBP	TFF
SoffiXsponR570.6_9Ag199600	PHD	OTR
SoffiXsponR570.6_9Ag206200	SRS	TFF
SoffiXsponR570.6_9Ag207500	AP2-EREBP	TFF
SoffiXsponR570.6_9Ag215300	mTERF	OTR
SoffiXsponR570.6_9Ag216500	mTERF	OTR
SoffiXsponR570.6_9Ag218000	SBP	TFF
SoffiXsponR570.6_9Ag218300	FAR1	TFF
SoffiXsponR570.6_9Ag220800	bZIP	TFF
SoffiXsponR570.6_9Ag221500	MED26	OTR
SoffiXsponR570.6_9Ag223700	NAC	TFF
SoffiXsponR570.6_9Ag224000	Alfin-like	TFF
SoffiXsponR570.6_9Ag224900	AP2-EREBP	TFF
SoffiXsponR570.6_9Ag225200	SWI/SNF-BAF60b	OTR
SoffiXsponR570.6_9Ag225400	NAC	TFF
SoffiXsponR570.6_9Ag225600	MADS	TFF
SoffiXsponR570.6_9Ag226600	GRAS	TFF
SoffiXsponR570.6_9Ag226900	NAC	TFF
SoffiXsponR570.6_9Ag230000	MYB	TFF
SoffiXsponR570.6_9Ag233000	MYB-related	TFF
SoffiXsponR570.6_9Ag234200	MYB-related	TFF
SoffiXsponR570.6_9Ag235100	C2C2-Dof	TFF
SoffiXsponR570.6_9Ag235700	OFP	TFF
SoffiXsponR570.6_9Ag236000	MYB-related	TFF
SoffiXsponR570.6_9Ag236100	MYB-related	TFF
SoffiXsponR570.6_9Ag236200	MYB-related	TFF
SoffiXsponR570.6_9Ag237300	C2H2	TFF
SoffiXsponR570.6_9Ag241200	HB	TFF
SoffiXsponR570.6_9Ag241300	bHLH	TFF
SoffiXsponR570.6_9Ag245700	C2H2	TFF
SoffiXsponR570.6_9Ag247300	CCAAT	TFF
SoffiXsponR570.6_9Ag252400	WRKY	TFF
SoffiXsponR570.6_9Ag254200	OFP	TFF
SoffiXsponR570.6_9Ag255500	WRKY	TFF
SoffiXsponR570.6_9Ag255600	WRKY	TFF
SoffiXsponR570.6_9Ag256600	GNAT	OTR
SoffiXsponR570.6_9Ag256800	ABI3VP1	TFF
SoffiXsponR570.6_9Ag258100	GRAS	TFF
SoffiXsponR570.6_9Ag258500	NOT2_3_5	OTR
SoffiXsponR570.6_9Ag259000	MYB-related	TFF
SoffiXsponR570.6_9Ag260800	SET	OTR
SoffiXsponR570.6_9Ag261400	bZIP	TFF
SoffiXsponR570.6_9Ag264200	bZIP	TFF
SoffiXsponR570.6_9Ag265600	AP2-EREBP	TFF
SoffiXsponR570.6_9Ag272600	CPP	TFF
SoffiXsponR570.6_9Ag274700	BSD	TFF
SoffiXsponR570.6_9Ag275400	TCP	TFF
SoffiXsponR570.6_9Ag276800	C2C2-Dof	TFF
SoffiXsponR570.6_9Ag277900	ARF	TFF
SoffiXsponR570.6_9Ag281300	PHD	OTR
SoffiXsponR570.6_9Ag283900	AUX/IAA	OTR
SoffiXsponR570.6_9Ag288200	HSF	TFF
SoffiXsponR570.6_9Ag292300	WRKY	TFF
SoffiXsponR570.6_9Ag296700	MYB	TFF
SoffiXsponR570.6_9Ag299900	AP2-EREBP	TFF
SoffiXsponR570.6_9Ag302700	MYB	TFF
SoffiXsponR570.6_9Ag307000	AUX/IAA	OTR
SoffiXsponR570.6_9Ag308300	Trihelix	TFF
SoffiXsponR570.6_9Ag309300	DDT	OTR
SoffiXsponR570.6_9Ag309500	NAC	TFF
SoffiXsponR570.6_9Ag309700	ARF	TFF
SoffiXsponR570.6_9Ag310700	C3H	TFF
SoffiXsponR570.6_9Ag313800	MYB-related	TFF
SoffiXsponR570.6_9Ag317000	WRKY	TFF
SoffiXsponR570.6_9Ag318300	CCAAT	TFF
SoffiXsponR570.6_9Ag323300	MYB-related	TFF
SoffiXsponR570.6_9Ag326300	WRKY	TFF
SoffiXsponR570.6_9Ag328900	bHLH	TFF
SoffiXsponR570.6_9Ag329800	Sigma70-like	TFF
SoffiXsponR570.6_9Ag332200	Sigma70-like	TFF
SoffiXsponR570.6os1g001200	Top	TFF
SoffiXsponR570.6os1g002300	C2C2-GATA	TFF
SoffiXsponR570.6us88g002100	FHA	TFF
SoffiXsponR570.6us88g002500	ABI3VP1	TFF
SoffiXsponR570.6us88g003100	bHLH	TFF
SoffiXsponR570.6us88g003800	Alfin-like	TFF
SoffiXsponR570.6us88g012400	Top	TFF
SoffiXsponR570.6us88g014100	AP2-EREBP	TFF
SoffiXsponR570.6us88g020700	GRAS	TFF
SoffiXsponR570.6us88g024100	Top	TFF
SoffiXsponR570.6us88g025100	MYB-related	TFF
SoffiXsponR570.6us88g032800	MYB	TFF
SoffiXsponR570.6us88g034700	HB	TFF
SoffiXsponR570.6us88g037900	MYB-related	TFF
SoffiXsponR570.6us88g038800	SAP	TFF
SoffiXsponR570.6us88g040400	AP2-EREBP	TFF
SoffiXsponR570.6us88g040600	C2H2	TFF
SoffiXsponR570.6us88g046700	MYB	TFF
SoffiXsponR570.6us88g046900	MYB-related	TFF
SoffiXsponR570.6us88g046900	MYB	TFF
SoffiXsponR570.6us88g047200	C2H2	TFF
SoffiXsponR570.6us88g049700	C2C2-Dof	TFF
SoffiXsponR570.6us88g052500	GRAS	TFF
SoffiXsponR570.6us88g057100	C2H2	TFF
SoffiXsponR570.6us88g065000	C3H	TFF
SoffiXsponR570.6us88g070700	bZIP	TFF
SoffiXsponR570.6us88g071600	RWP-RK	TFF
SoffiXsponR570.6us88g078000	Alfin-like	TFF
SoffiXsponR570.6us88g078400	zf-HD	TFF
SoffiXsponR570.6us88g078700	MADS	TFF
SoffiXsponR570.6us88g078900	MADS	TFF
SoffiXsponR570.6us88g083500	MYB	TFF
SoffiXsponR570.6us88g085400	WRKY	TFF
SoffiXsponR570.6us88g088500	MYB-related	TFF
SoffiXsponR570.6us88g096200	TUB	TFF
SoffiXsponR570.6us88g099400	OFP	TFF
SoffiXsponR570.6us88g106800	DDT	OTR
SoffiXsponR570.6us88g106800	PHD	OTR
SoffiXsponR570.6us88g111200	WRKY	TFF
SoffiXsponR570.6us88g111500	WRKY	TFF
SoffiXsponR570.6us88g118300	NAC	TFF
SoffiXsponR570.6us88g118500	FHA	TFF
SoffiXsponR570.6us88g119500	MYB	TFF
SoffiXsponR570.6us88g122300	SET	OTR
SoffiXsponR570.6us88g128300	GRAS	TFF
SoffiXsponR570.6us88g128500	TRAF	OTR
SoffiXsponR570.6us88g138500	MYB-related	TFF
SoffiXsponR570.7_10Ag001300	PAS	TFF
SoffiXsponR570.7_10Ag002200	SAP	TFF
SoffiXsponR570.7_10Ag004200	MYB-related	TFF
SoffiXsponR570.7_10Ag014600	WRKY	TFF
SoffiXsponR570.7_10Ag014700	WRKY	TFF
SoffiXsponR570.7_10Ag015000	WRKY	TFF
SoffiXsponR570.7_10Ag019000	C3H	TFF
SoffiXsponR570.7_10Ag019500	NAC	TFF
SoffiXsponR570.7_10Ag022200	zf-HD	TFF
SoffiXsponR570.7_10Ag022600	MYB	TFF
SoffiXsponR570.7_10Ag023300	AP2-EREBP	TFF
SoffiXsponR570.7_10Ag038100	DDT	OTR
SoffiXsponR570.7_10Ag038100	PHD	OTR
SoffiXsponR570.7_10Ag045300	NAC	TFF
SoffiXsponR570.7_10Ag045600	bZIP	TFF
SoffiXsponR570.7_10Ag046000	ABI3VP1	TFF
SoffiXsponR570.7_10Ag047200	OFP	TFF
SoffiXsponR570.7_10Ag047300	OFP	TFF
SoffiXsponR570.7_10Ag048900	Pseudo_ARR-B	OTR
SoffiXsponR570.7_10Ag049900	HB	TFF
SoffiXsponR570.7_10Ag051700	bZIP	TFF
SoffiXsponR570.7_10Ag052800	TUB	TFF
SoffiXsponR570.7_10Ag054300	MED26	OTR
SoffiXsponR570.7_10Ag060800	NAC	TFF
SoffiXsponR570.7_10Ag064600	TCP	TFF
SoffiXsponR570.7_10Ag067900	MYB	TFF
SoffiXsponR570.7_10Ag070800	NAC	TFF
SoffiXsponR570.7_10Ag079200	ABI3VP1	TFF
SoffiXsponR570.7_10Ag099600	AUX/IAA	OTR
SoffiXsponR570.7_10Ag103000	NAC	TFF
SoffiXsponR570.7_10Ag103900	GeBP	TFF
SoffiXsponR570.7_10Ag106600	C3H	TFF
SoffiXsponR570.7_10Ag110900	TRAF	OTR
SoffiXsponR570.7_10Ag118800	SET	OTR
SoffiXsponR570.7_10Ag123900	Top	TFF
SoffiXsponR570.7_10Ag127300	Top	TFF
SoffiXsponR570.7_10Ag130600	ABI3VP1	TFF
SoffiXsponR570.7_10Ag130700	ABI3VP1	TFF
SoffiXsponR570.7_10Ag132700	TCP	TFF
SoffiXsponR570.7_10Ag138100	MYB	TFF
SoffiXsponR570.7_10Ag145000	bHLH	TFF
SoffiXsponR570.7_10Ag156600	ABI3VP1	TFF
SoffiXsponR570.7_10Ag157300	TIG	TFF
SoffiXsponR570.7_10Ag161900	Tify	TFF
SoffiXsponR570.7_10Ag170800	S1Fa-like	TFF
SoffiXsponR570.7_10Ag175300	OFP	TFF
SoffiXsponR570.7_10Ag180500	bHLH	TFF
SoffiXsponR570.7_10Ag180900	bHLH	TFF
SoffiXsponR570.7_10Ag181800	SET	OTR
SoffiXsponR570.7_10Ag185900	zf-HD	TFF
SoffiXsponR570.7_10Ag187100	NAC	TFF
SoffiXsponR570.7_10Ag188600	TRAF	OTR
SoffiXsponR570.7_10Ag190300	bHLH	TFF
SoffiXsponR570.7_10Ag190400	bHLH	TFF
SoffiXsponR570.7_10Ag190700	ARF	TFF
SoffiXsponR570.7_10Ag192300	AP2-EREBP	TFF
SoffiXsponR570.7_10Ag192600	MADS	TFF
SoffiXsponR570.7_10Ag194700	GRAS	TFF
SoffiXsponR570.7_10Ag197000	OFP	TFF
SoffiXsponR570.7_10Ag197900	FHA	TFF
SoffiXsponR570.7_10Ag205900	MYB	TFF
SoffiXsponR570.7_10Ag212900	C2H2	TFF
SoffiXsponR570.7_10Ag213300	WRKY	TFF
SoffiXsponR570.7_10Ag215700	C2H2	TFF
SoffiXsponR570.7_10Ag215800	NAC	TFF
SoffiXsponR570.7_10Ag219100	MYB-related	TFF
SoffiXsponR570.7_10Ag221800	TAZ	TFF
SoffiXsponR570.7_10Ag223500	GNAT	OTR
SoffiXsponR570.7_10Ag231200	RWP-RK	TFF
SoffiXsponR570.7_10Ag232200	C2C2-CO-like	TFF
SoffiXsponR570.7_10Ag240100	MYB	TFF
SoffiXsponR570.7_10Ag245500	NAC	TFF
SoffiXsponR570.7_10Ag246300	MYB	TFF
SoffiXsponR570.7_10Ag248800	ARF	TFF
SoffiXsponR570.7_10Ag254900	Top	TFF
SoffiXsponR570.7_10Ag259700	NAC	TFF
SoffiXsponR570.7_10Ag261600	C2C2-GATA	TFF
SoffiXsponR570.7_10Ag262700	Trihelix	TFF
SoffiXsponR570.7_10Ag267000	AP2-EREBP	TFF
SoffiXsponR570.7_10Ag267300	AP2-EREBP	TFF
SoffiXsponR570.7_10Ag268800	AP2-EREBP	TFF
SoffiXsponR570.7_10Ag269000	AP2-EREBP	TFF
SoffiXsponR570.7_10Ag272400	GRAS	TFF
SoffiXsponR570.7_10Ag274800	bHLH	TFF
SoffiXsponR570.7_10Ag274900	bHLH	TFF
SoffiXsponR570.7_10Ag279400	HMG	OTR
SoffiXsponR570.7_10Ag280300	C2H2	TFF
SoffiXsponR570.7_10Ag284400	AP2-EREBP	TFF
SoffiXsponR570.7_10Ag284500	AP2-EREBP	TFF
SoffiXsponR570.7_10Ag289100	GRAS	TFF
SoffiXsponR570.7_10Ag291900	MYB-related	TFF
SoffiXsponR570.7_10Ag296800	C2H2	TFF
SoffiXsponR570.7_10Ag302100	MYB-related	TFF
SoffiXsponR570.7_10Ag302900	GRF	TFF
SoffiXsponR570.7_10Ag305700	WRKY	TFF
SoffiXsponR570.7_10Ag309800	PHD	OTR
SoffiXsponR570.7_10Ag312700	Rcd1-like	OTR
SoffiXsponR570.7_10Ag317700	bHLH	TFF
SoffiXsponR570.7_10Ag318300	NAC	TFF
SoffiXsponR570.7_10Ag322900	TRAF	OTR
SoffiXsponR570.7_10Ag326000	SET	OTR
SoffiXsponR570.7_10Ag333100	GNAT	OTR
SoffiXsponR570.7_10Ag334800	bZIP	TFF
SoffiXsponR570.7_10Ag341900	AP2-EREBP	TFF
SoffiXsponR570.7_10Ag342700	AP2-EREBP	TFF
SoffiXsponR570.7_10Ag346700	Tify	TFF
SoffiXsponR570.7_10Ag347100	AUX/IAA	OTR
SoffiXsponR570.7_10Ag348400	AP2-EREBP	TFF
SoffiXsponR570.7_10Ag354700	ARF	TFF
SoffiXsponR570.7_10Ag358400	AP2-EREBP	TFF
SoffiXsponR570.7_10Ag360900	C3H	TFF
SoffiXsponR570.7_10Ag361100	ARF	TFF
SoffiXsponR570.7_10Ag367300	C2C2-Dof	TFF
SoffiXsponR570.7_10Ag374100	OFP	TFF
SoffiXsponR570.7_10Ag377800	TUB	TFF
SoffiXsponR570.7_10Ag380700	NAC	TFF
SoffiXsponR570.7_10Ag381500	PHD	OTR
SoffiXsponR570.7_10Ag383200	NAC	TFF
SoffiXsponR570.7os1g003600	E2F-DP	TFF
SoffiXsponR570.7os1g011900	Top	TFF
SoffiXsponR570.7os1g012400	ARID	OTR
SoffiXsponR570.7os1g014200	Top	TFF
SoffiXsponR570.7os1g016200	ABI3VP1	TFF
SoffiXsponR570.7os1g016300	ABI3VP1	TFF
SoffiXsponR570.7os1g033100	WRKY	TFF
SoffiXsponR570.7os1g036500	PHD	OTR
SoffiXsponR570.7os1g039300	Rcd1-like	OTR
SoffiXsponR570.7os1g044400	ABI3VP1	TFF
SoffiXsponR570.7os1g045100	NAC	TFF
SoffiXsponR570.7os1g052100	SET	OTR
SoffiXsponR570.7os1g054500	CSD	TFF
SoffiXsponR570.7os1g058300	GNAT	OTR
SoffiXsponR570.7os1g060100	bZIP	TFF
SoffiXsponR570.7os1g060500	mTERF	OTR
SoffiXsponR570.7os1g067400	AP2-EREBP	TFF
SoffiXsponR570.7os1g071800	Tify	TFF
SoffiXsponR570.7os1g072200	AUX/IAA	OTR
SoffiXsponR570.7os1g072800	FAR1	TFF
SoffiXsponR570.7os1g076200	TRAF	OTR
SoffiXsponR570.7os1g078200	MED7	OTR
SoffiXsponR570.7os1g078400	BSD	TFF
SoffiXsponR570.7os1g080300	ARF	TFF
SoffiXsponR570.7os1g081200	C3H	TFF
SoffiXsponR570.7os1g083800	AP2-EREBP	TFF
SoffiXsponR570.7os1g086500	C3H	TFF
SoffiXsponR570.7os1g086800	ARF	TFF
SoffiXsponR570.8_10Ag005900	MYB-related	TFF
SoffiXsponR570.8_10Ag010200	NAC	TFF
SoffiXsponR570.8_10Ag011700	MADS	TFF
SoffiXsponR570.8_10Ag023100	PHD	OTR
SoffiXsponR570.8_10Ag024400	Yl1	TFF
SoffiXsponR570.8_10Ag025500	TRAF	OTR
SoffiXsponR570.8_10Ag027100	TUB	TFF
SoffiXsponR570.8_10Ag027700	OFP	TFF
SoffiXsponR570.8_10Ag029000	HMG	OTR
SoffiXsponR570.8_10Ag029100	ABI3VP1	TFF
SoffiXsponR570.8_10Ag029700	Sigma70-like	TFF
SoffiXsponR570.8_10Ag029900	bHLH	TFF
SoffiXsponR570.8_10Ag032300	C3H	TFF
SoffiXsponR570.8_10Ag034000	SAP	TFF
SoffiXsponR570.8_10Ag037100	WRKY	TFF
SoffiXsponR570.8_10Ag039000	SBP	TFF
SoffiXsponR570.8_10Ag039100	SBP	TFF
SoffiXsponR570.8_10Ag047200	bHLH	TFF
SoffiXsponR570.8_10Ag047300	ARF	TFF
SoffiXsponR570.8_10Ag047900	GNAT	OTR
SoffiXsponR570.8_10Ag050200	RB	OTR
SoffiXsponR570.8_10Ag055300	CCAAT	TFF
SoffiXsponR570.8_10Ag056600	PAS	TFF
SoffiXsponR570.8_10Ag063500	MYB	TFF
SoffiXsponR570.8_10Ag074200	WRKY	TFF
SoffiXsponR570.8_10Ag079400	bHLH	TFF
SoffiXsponR570.8_10Ag082600	MADS	TFF
SoffiXsponR570.8_10Ag090300	TRAF	OTR
SoffiXsponR570.8_10Ag109500	MADS	TFF
SoffiXsponR570.8_10Ag111600	PHD	OTR
SoffiXsponR570.8_10Ag112500	FHA	TFF
SoffiXsponR570.8_10Ag114600	GRAS	TFF
SoffiXsponR570.8_10Ag120600	NAC	TFF
SoffiXsponR570.8_10Ag128700	PAS	TFF
SoffiXsponR570.8_10Ag133700	MYB	TFF
SoffiXsponR570.8_10Ag137200	AP2-EREBP	TFF
SoffiXsponR570.8_10Ag139900	MYB	TFF
SoffiXsponR570.8_10Ag141100	C2H2	TFF
SoffiXsponR570.8_10Ag141400	C2H2	TFF
SoffiXsponR570.8_10Ag141500	C2H2	TFF
SoffiXsponR570.8_10Ag141600	C2H2	TFF
SoffiXsponR570.8_10Ag141700	C2H2	TFF
SoffiXsponR570.8_10Ag141800	C2H2	TFF
SoffiXsponR570.8_10Ag142400	AP2-EREBP	TFF
SoffiXsponR570.8_10Ag146500	GRAS	TFF
SoffiXsponR570.8_10Ag146600	GRAS	TFF
SoffiXsponR570.8_10Ag146800	GRAS	TFF
SoffiXsponR570.8_10Ag146900	GRAS	TFF
SoffiXsponR570.8_10Ag147000	GRAS	TFF
SoffiXsponR570.8_10Ag147100	GRAS	TFF
SoffiXsponR570.8_10Ag147800	GRAS	TFF
SoffiXsponR570.8_10Ag147900	GRAS	TFF
SoffiXsponR570.8_10Ag148300	GRAS	TFF
SoffiXsponR570.8_10Ag148500	GRAS	TFF
SoffiXsponR570.8_10Ag153800	Top	TFF
SoffiXsponR570.8_10Ag160000	bHLH	TFF
SoffiXsponR570.8_10Ag163000	SWI/SNF-SWI3	OTR
SoffiXsponR570.8_10Ag163400	MYB-related	TFF
SoffiXsponR570.8_10Ag165800	MYB	TFF
SoffiXsponR570.8_10Ag165900	MYB-related	TFF
SoffiXsponR570.8_10Ag174800	MYB-related	TFF
SoffiXsponR570.8_10Ag175100	NAC	TFF
SoffiXsponR570.8_10Ag177000	zf-LSD1	TFF
SoffiXsponR570.8_10Ag177200	C3H	TFF
SoffiXsponR570.8_10Ag178100	Top	TFF
SoffiXsponR570.8_10Ag178400	bHLH	TFF
SoffiXsponR570.8_10Ag179200	GNAT	OTR
SoffiXsponR570.8_10Ag180100	Sigma70-like	TFF
SoffiXsponR570.8_10Ag181200	MYB-related	TFF
SoffiXsponR570.8_10Ag188300	SET	OTR
SoffiXsponR570.8_10Ag188600	CCAAT	TFF
SoffiXsponR570.8_10Ag204000	AP2-EREBP	TFF
SoffiXsponR570.8_10Ag204100	AP2-EREBP	TFF
SoffiXsponR570.8_10Ag204400	WRKY	TFF
SoffiXsponR570.8_10Ag204800	PHD	OTR
SoffiXsponR570.8_10Ag207400	TRAF	OTR
SoffiXsponR570.8_10Ag213100	TRAF	OTR
SoffiXsponR570.8_10Ag216900	GNAT	OTR
SoffiXsponR570.8_10Ag220400	zf-LSD1	TFF
SoffiXsponR570.8_10Ag227100	MYB-related	TFF
SoffiXsponR570.8_10Ag231600	MBF1	OTR
SoffiXsponR570.8_10Ag232400	PAS	TFF
SoffiXsponR570.8_10Ag233200	mTERF	OTR
SoffiXsponR570.8_10Ag235800	WRKY	TFF
SoffiXsponR570.8_10Ag238900	SET	OTR
SoffiXsponR570.8_10Ag240500	AP2-EREBP	TFF
SoffiXsponR570.8_10Ag247900	MYB	TFF
SoffiXsponR570.8_10Ag250200	MADS	TFF
SoffiXsponR570.8_10Ag250300	TCP	TFF
SoffiXsponR570.8_10Ag251000	NAC	TFF
SoffiXsponR570.8_10Ag251100	MYB-related	TFF
SoffiXsponR570.8_10Ag251100	MYB	TFF
SoffiXsponR570.8_10Ag251800	MYB	TFF
SoffiXsponR570.8_10Ag252600	zf-A20	TFF
SoffiXsponR570.8_10Ag253600	NAC	TFF
SoffiXsponR570.8_10Ag253900	MYB	TFF
SoffiXsponR570.8_10Ag254400	zf-HD	TFF
SoffiXsponR570.8_10Ag257700	AP2-EREBP	TFF
SoffiXsponR570.8_10Ag268500	C2H2	TFF
SoffiXsponR570.8_10Ag270400	bHLH	TFF
SoffiXsponR570.8_10Ag275800	zf-HD	TFF
SoffiXsponR570.8_10Ag287900	C2H2	TFF
SoffiXsponR570.8_10Ag290900	bZIP	TFF
SoffiXsponR570.8_10Ag291100	bZIP	TFF
SoffiXsponR570.8_10Ag291700	MYB	TFF
SoffiXsponR570.8_10Ag296500	bZIP	TFF
SoffiXsponR570.8_10Ag296700	bHLH	TFF
SoffiXsponR570.8_10Ag296800	bHLH	TFF
SoffiXsponR570.8_10Ag296900	bHLH	TFF
SoffiXsponR570.8_10Ag297100	bHLH	TFF
SoffiXsponR570.8_10Ag303300	bHLH	TFF
SoffiXsponR570.8_10Ag305500	MADS	TFF
SoffiXsponR570.8_10Ag307600	NAC	TFF
SoffiXsponR570.8_10Ag311300	bHLH	TFF
SoffiXsponR570.8_10Ag311900	TRAF	OTR
SoffiXsponR570.8_10Ag312300	TRAF	OTR
SoffiXsponR570.8_10Ag317200	ARF	TFF
SoffiXsponR570.8_10Ag317200	AUX/IAA	OTR
SoffiXsponR570.8_10Ag321400	mTERF	OTR
SoffiXsponR570.8_10Ag322500	SBP	TFF
SoffiXsponR570.8_10Ag325200	MYB-related	TFF
SoffiXsponR570.8_10Ag325900	SBP	TFF
SoffiXsponR570.8_10Ag326300	EIL	TFF
SoffiXsponR570.8_10Ag327900	zf-A20	TFF
SoffiXsponR570.8_10Ag328600	C2H2	TFF
SoffiXsponR570.8_10Ag335600	WRKY	TFF
SoffiXsponR570.8_10Ag338200	TRAF	OTR
SoffiXsponR570.8_10Ag339900	CCAAT	TFF
SoffiXsponR570.8_10Ag341200	C2C2-Dof	TFF
SoffiXsponR570.8_10Ag341300	bHLH	TFF
SoffiXsponR570.8_10Ag342300	bHLH	TFF
SoffiXsponR570.8_10Ag342500	bZIP	TFF
SoffiXsponR570.8_10Ag342800	MYB	TFF
SoffiXsponR570.8_10Ag346300	bZIP	TFF
SoffiXsponR570.8_5Ag001400	ABI3VP1	TFF
SoffiXsponR570.8_5Ag001500	HMG	OTR
SoffiXsponR570.8_5Ag002600	GNAT	OTR
SoffiXsponR570.8_5Ag003800	TUB	TFF
SoffiXsponR570.8_5Ag006800	Yl1	TFF
SoffiXsponR570.8_5Ag014400	zf-BED	TFF
SoffiXsponR570.8_5Ag017300	MADS	TFF
SoffiXsponR570.8_5Ag022000	NAC	TFF
SoffiXsponR570.8_5Ag024500	MYB-related	TFF
SoffiXsponR570.8_5Ag036100	Top	TFF
SoffiXsponR570.8_5Ag036500	zf-LSD1	TFF
SoffiXsponR570.8_5Ag039000	C3H	TFF
SoffiXsponR570.8_5Ag041000	bHLH	TFF
SoffiXsponR570.8_5Ag042900	SWI/SNF-SWI3	OTR
SoffiXsponR570.8_5Ag043300	MYB-related	TFF
SoffiXsponR570.8_5Ag046600	MYB	TFF
SoffiXsponR570.8_5Ag046700	MYB-related	TFF
SoffiXsponR570.8_5Ag051400	BSD	TFF
SoffiXsponR570.8_5Ag056000	TRAF	OTR
SoffiXsponR570.8_5Ag056100	TRAF	OTR
SoffiXsponR570.8_5Ag056500	MYB-related	TFF
SoffiXsponR570.8_5Ag056800	NAC	TFF
SoffiXsponR570.8_5Ag058700	zf-LSD1	TFF
SoffiXsponR570.8_5Ag059900	Top	TFF
SoffiXsponR570.8_5Ag060000	bHLH	TFF
SoffiXsponR570.8_5Ag060600	GNAT	OTR
SoffiXsponR570.8_5Ag061600	Sigma70-like	TFF
SoffiXsponR570.8_5Ag064200	AP2-EREBP	TFF
SoffiXsponR570.8_5Ag070000	SET	OTR
SoffiXsponR570.8_5Ag070400	CCAAT	TFF
SoffiXsponR570.8_5Ag078100	NAC	TFF
SoffiXsponR570.8_5Ag085300	AP2-EREBP	TFF
SoffiXsponR570.8_5Ag085700	AP2-EREBP	TFF
SoffiXsponR570.8_5Ag088200	TRAF	OTR
SoffiXsponR570.8_5Ag095400	SET	OTR
SoffiXsponR570.8_5Ag097800	MYB	TFF
SoffiXsponR570.8_5Ag098400	GNAT	OTR
SoffiXsponR570.8_5Ag103800	WRKY	TFF
SoffiXsponR570.8_5Ag108500	MYB-related	TFF
SoffiXsponR570.8_5Ag112400	MBF1	OTR
SoffiXsponR570.8_5Ag113100	PAS	TFF
SoffiXsponR570.8_5Ag115900	CCAAT	TFF
SoffiXsponR570.8_5Ag116500	WRKY	TFF
SoffiXsponR570.8_5Ag119500	SET	OTR
SoffiXsponR570.8_5Ag120000	bHLH	TFF
SoffiXsponR570.8_5Ag121200	AP2-EREBP	TFF
SoffiXsponR570.8_5Ag126300	PHD	OTR
SoffiXsponR570.8_5Ag128100	Tify	TFF
SoffiXsponR570.8_5Ag131200	bHLH	TFF
SoffiXsponR570.8_5Ag131700	NAC	TFF
SoffiXsponR570.8_5Ag131800	MYB	TFF
SoffiXsponR570.8_5Ag132500	MYB	TFF
SoffiXsponR570.8_5Ag132700	MYB-related	TFF
SoffiXsponR570.8_5Ag133500	zf-A20	TFF
SoffiXsponR570.8_5Ag133600	zf-A20	TFF
SoffiXsponR570.8_5Ag136400	AP2-EREBP	TFF
SoffiXsponR570.8_5Ag139800	ARID	OTR
SoffiXsponR570.8_5Ag146400	C2H2	TFF
SoffiXsponR570.8_5Ag146800	GeBP	TFF
SoffiXsponR570.8_5Ag147900	bHLH	TFF
SoffiXsponR570.8_5Ag148400	bZIP	TFF
SoffiXsponR570.8_5Ag150000	AP2-EREBP	TFF
SoffiXsponR570.8_5Ag155200	C2H2	TFF
SoffiXsponR570.8_5Ag155600	SOH1	OTR
SoffiXsponR570.8_5Ag161300	bHLH	TFF
SoffiXsponR570.8_5Ag165600	MYB	TFF
SoffiXsponR570.8_5Ag166100	SRS	TFF
SoffiXsponR570.8_5Ag167300	HSF	TFF
SoffiXsponR570.8_5Ag168600	AP2-EREBP	TFF
SoffiXsponR570.8_5Ag169700	bHLH	TFF
SoffiXsponR570.8_5Ag170300	bHLH	TFF
SoffiXsponR570.8_5Ag172600	bHLH	TFF
SoffiXsponR570.8_5Ag172800	bHLH	TFF
SoffiXsponR570.8_5Ag172900	bHLH	TFF
SoffiXsponR570.8_5Ag178400	SBP	TFF
SoffiXsponR570.8_5Ag178600	MADS	TFF
SoffiXsponR570.8_5Ag178800	MADS	TFF
SoffiXsponR570.8_5Ag181300	NAC	TFF
SoffiXsponR570.8_5Ag184800	bHLH	TFF
SoffiXsponR570.8_5Ag186300	TRAF	OTR
SoffiXsponR570.8_5Ag186700	TRAF	OTR
SoffiXsponR570.8_5Ag187300	TRAF	OTR
SoffiXsponR570.8_5Ag187400	TRAF	OTR
SoffiXsponR570.8_5Ag189400	mTERF	OTR
SoffiXsponR570.8_5Ag191400	ARF	TFF
SoffiXsponR570.8_5Ag191400	AUX/IAA	OTR
SoffiXsponR570.8_5Ag193800	mTERF	OTR
SoffiXsponR570.8_5Ag194700	SBP	TFF
SoffiXsponR570.8_5Ag196700	C2H2	TFF
SoffiXsponR570.8_5Ag204400	FAR1	TFF
SoffiXsponR570.8_5Ag207700	MADS	TFF
SoffiXsponR570.8_5Ag208700	CCAAT	TFF
SoffiXsponR570.8_5Ag209700	CCAAT	TFF
SoffiXsponR570.8_5Ag209900	Alfin-like	TFF
SoffiXsponR570.8_5Ag211300	GRAS	TFF
SoffiXsponR570.8_5Ag213600	Tify	TFF
SoffiXsponR570.8_5Ag213800	FAR1	TFF
SoffiXsponR570.8_5Ag214800	AP2-EREBP	TFF
SoffiXsponR570.8_5Ag221200	CAMTA	TFF
SoffiXsponR570.8_5Ag221200	TIG	TFF
SoffiXsponR570.8_5Ag224000	Tudor-knot	OTR
SoffiXsponR570.8_5Ag225200	MYB	TFF
SoffiXsponR570.8_5Ag225800	bHLH	TFF
SoffiXsponR570.8_5Ag226000	MYB	TFF
SoffiXsponR570.8_5Ag229200	SART-1	OTR
SoffiXsponR570.8_5Ag233300	HSF	TFF
SoffiXsponR570.8_5Ag235300	MED26	OTR
SoffiXsponR570.8_5Ag235800	SWI/SNF-BAF60b	OTR
SoffiXsponR570.8_5Ag239400	BSD	TFF
SoffiXsponR570.8_5Ag250100	TUB	TFF
SoffiXsponR570.8_5Ag258600	bZIP	TFF
SoffiXsponR570.8_5Ag258700	ABI3VP1	TFF
SoffiXsponR570.8_5Ag259100	WRKY	TFF
SoffiXsponR570.8_5Ag261100	C3H	TFF
SoffiXsponR570.8_5Ag261500	NAC	TFF
SoffiXsponR570.8_5Ag261900	NAC	TFF
SoffiXsponR570.8_5Ag262600	MYB-related	TFF
SoffiXsponR570.8_5Ag263100	EIL	TFF
SoffiXsponR570.8_5Ag264700	bZIP	TFF
SoffiXsponR570.8_5Ag266200	bZIP	TFF
SoffiXsponR570.9os1g002400	WRKY	TFF
SoffiXsponR570.9os1g012000	bZIP	TFF
SoffiXsponR570.9os1g012700	ABI3VP1	TFF
SoffiXsponR570.9os1g013200	OFP	TFF
SoffiXsponR570.9os1g017300	bZIP	TFF
SoffiXsponR570.9os1g018100	TUB	TFF
SoffiXsponR570.9os1g019000	MED26	OTR
SoffiXsponR570.9os1g019800	SAP	TFF
SoffiXsponR570.9os1g022600	C2H2	TFF
SoffiXsponR570.9os1g023400	TCP	TFF
SoffiXsponR570.9os1g025400	MYB-related	TFF
SoffiXsponR570.9os1g025400	MYB	TFF
SoffiXsponR570.9os1g026300	MYB-related	TFF
SoffiXsponR570.9os1g030100	WRKY	TFF
SoffiXsponR570.9os1g031700	MYB	TFF
SoffiXsponR570.9os1g035900	SWI/SNF-BAF60b	OTR
SoffiXsponR570.9os1g036100	SWI/SNF-BAF60b	OTR
SoffiXsponR570.9os1g038900	zf-HD	TFF
SoffiXsponR570.9os1g039300	Alfin-like	TFF
SoffiXsponR570.9os1g046100	bZIP	TFF
SoffiXsponR570.9os1g060800	mTERF	OTR
SoffiXsponR570.9os1g061700	GRAS	TFF
SoffiXsponR570.9os1g071700	bHLH	TFF
SoffiXsponR570.9os1g072700	ABI3VP1	TFF
SoffiXsponR570.9os1g073300	ABI3VP1	TFF
SoffiXsponR570.9os1g074000	TAZ	TFF
SoffiXsponR570.9us90g001000	NAC	TFF
SoffiXsponR570.9us90g001500	ARF	TFF
SoffiXsponR570.9us90g003400	MED26	OTR
SoffiXsponR570.9us90g004800	MYB	TFF
SoffiXsponR570.9us90g006600	MADS	TFF
SoffiXsponR570.9us90g009000	WRKY	TFF
SoffiXsponR570.9us90g010600	LIM	TFF
SoffiXsponR570.9us90g012600	MYB	TFF
SoffiXsponR570.9us90g013600	PHD	OTR
SoffiXsponR570.9us90g023500	ARF	TFF
SoffiXsponR570.9us90g025900	bZIP	TFF
SoffiXsponR570.9us90g027900	MYB	TFF
SoffiXsponR570.9us90g030800	MYB-related	TFF
SoffiXsponR570.9us90g030800	MYB	TFF
SoffiXsponR570.9us90g035500	GRAS	TFF
SoffiXsponR570.9us90g035700	GRAS	TFF
SoffiXsponR570.9us90g038900	C2H2	TFF
SoffiXsponR570.9us90g042400	C2H2	TFF
SoffiXsponR570.9us90g044600	bHLH	TFF
SoffiXsponR570.9us90g046100	ABI3VP1	TFF
SoffiXsponR570.9us90g046200	ABI3VP1	TFF
SoffiXsponR570.9us90g046400	ABI3VP1	TFF
SoffiXsponR570.9us90g047300	ABI3VP1	TFF
SoffiXsponR570.9us90g047800	TAZ	TFF
SoffiXsponR570.9us90g050600	LIM	TFF
SoffiXsponR570.9us90g051800	WRKY	TFF
SoffiXsponR570.9us90g054000	AUX/IAA	OTR
SoffiXsponR570.9us90g054100	AUX/IAA	OTR
SoffiXsponR570.9us90g054200	bZIP	TFF
SoffiXsponR570.9us90g056600	CPP	TFF
SoffiXsponR570.9us90g056700	CPP	TFF
SoffiXsponR570.9us90g059500	bHLH	TFF
SoffiXsponR570.9us90g060400	NAC	TFF
SoffiXsponR570.9us90g060600	zf-LSD1	TFF
SoffiXsponR570.9us90g064500	CCAAT	TFF
SoffiXsponR570.9us90g064800	SET	OTR
SoffiXsponR570.9us90g065300	ARF	TFF
SoffiXsponR570.9us90g070700	CCAAT	TFF
SoffiXsponR570.9us90g071700	C2C2-YABBY	TFF
SoffiXsponR570.9us90g075300	TFIID	TFF
SoffiXsponR570.9us90g075400	C2C2-GATA	TFF
