SoffiXsponR570.02Cg375400.1.p	ABI3VP1	TFF
SoffiXsponR570.02Bg326300.1.p	SET	OTR
SoffiXsponR570.01Fg260600.1.p	TRAF	OTR
SoffiXsponR570.01Dg277700.8.p	GRAS	TFF
SoffiXsponR570.04Ag122100.1.p	zf-C5HC2	TFF
SoffiXsponR570.02Fg150800.1.p	bZIP	TFF
SoffiXsponR570.03Bg203500.1.p	GRAS	TFF
SoffiXsponR570.02Bg059900.2.p	MYB-related	TFF
SoffiXsponR570.08Bg051600.1.p	NAC	TFF
SoffiXsponR570.03Bg212300.3.p	MYB-related	TFF
SoffiXsponR570.8_10Ag257700.1.p	AP2-EREBP	TFF
SoffiXsponR570.08Cg199000.1.p	WRKY	TFF
SoffiXsponR570.06Cg122900.3.p	NOT2_3_5	OTR
SoffiXsponR570.01Ag386800.4.p	C3H	TFF
SoffiXsponR570.03Cg003900.1.p	MADS	TFF
SoffiXsponR570.10Dg166800.1.p	C2C2-Dof	TFF
SoffiXsponR570.01Eg141300.2.p	HB	TFF
SoffiXsponR570.5_9Ag029900.1.p	DDT	OTR
SoffiXsponR570.9us90g047400.1.p	ABI3VP1	TFF
SoffiXsponR570.07Dg207600.1.p	SBP	TFF
SoffiXsponR570.06Ag055900.1.p	HMG	OTR
SoffiXsponR570.6_9Ag176400.1.p	NAC	TFF
SoffiXsponR570.8_5Ag229200.1.p	SART-1	OTR
SoffiXsponR570.8_5Ag165600.1.p	MYB	TFF
SoffiXsponR570.10Ag056900.4.p	MED26	OTR
SoffiXsponR570.5_9Ag405500.2.p	C2C2-GATA	TFF
SoffiXsponR570.06Fg091600.1.p	WRKY	TFF
SoffiXsponR570.01Fg289400.4.p	HB	TFF
SoffiXsponR570.05Ag322300.2.p	GRAS	TFF
SoffiXsponR570.05Eg215800.1.p	NAC	TFF
SoffiXsponR570.02Gg274100.2.p	TRAF	OTR
SoffiXsponR570.03Dg179100.1.p	C2H2	TFF
SoffiXsponR570.01Dg122300.1.p	Tify	TFF
SoffiXsponR570.01Bg130000.1.p	HB	TFF
SoffiXsponR570.03Eg270100.3.p	zf-C5HC2	TFF
SoffiXsponR570.03Dg023000.1.p	PHD	OTR
SoffiXsponR570.1Z123500.1.p	Top	TFF
SoffiXsponR570.8_5Ag194700.5.p	SBP	TFF
SoffiXsponR570.03Cg055200.3.p	ARF	TFF
SoffiXsponR570.01Eg368900.1.p	MYB-related	TFF
SoffiXsponR570.03Cg007900.1.p	zf-BED	TFF
SoffiXsponR570.03Cg305700.1.p	bHLH	TFF
SoffiXsponR570.08Cg052500.1.p	NAC	TFF
SoffiXsponR570.08Ag084900.1.p	AP2-EREBP	TFF
SoffiXsponR570.03Dg311600.1.p	AP2-EREBP	TFF
SoffiXsponR570.01Fg092100.5.p	MED26	OTR
SoffiXsponR570.10Dg097900.1.p	WRKY	TFF
SoffiXsponR570.02Cg009800.2.p	MYB	TFF
SoffiXsponR570.09Bg051500.2.p	TUB	TFF
SoffiXsponR570.07Ag048400.3.p	WRKY	TFF
SoffiXsponR570.05Ag083800.3.p	bZIP	TFF
SoffiXsponR570.01Dg346200.1.p	HB	TFF
SoffiXsponR570.02Dg307900.4.p	SET	OTR
SoffiXsponR570.05Eg286500.3.p	GRAS	TFF
SoffiXsponR570.08Bg135500.2.p	SGT1	OTR
SoffiXsponR570.07Ag158100.2.p	bHLH	TFF
SoffiXsponR570.05Fg152000.1.p	NAC	TFF
SoffiXsponR570.01Ag483300.1.p	AP2-EREBP	TFF
SoffiXsponR570.06Ag083600.1.p	AP2-EREBP	TFF
SoffiXsponR570.09Bg101100.1.p	MYB	TFF
SoffiXsponR570.07Bg053000.1.p	TIG	TFF
SoffiXsponR570.03Fg006600.10.p	Jumonji	OTR
SoffiXsponR570.02Dg419500.1.p	WRKY	TFF
SoffiXsponR570.07Dg017000.1.p	ABI3VP1	TFF
SoffiXsponR570.9us90g035700.4.p	GRAS	TFF
SoffiXsponR570.02Dg043200.1.p	OFP	TFF
SoffiXsponR570.05Gg132900.1.p	ABI3VP1	TFF
SoffiXsponR570.01Cg234200.1.p	MYB-related	TFF
SoffiXsponR570.02Gg151700.1.p	MYB-related	TFF
SoffiXsponR570.03Cg270000.1.p	MYB	TFF
SoffiXsponR570.03Gg046200.1.p	ARF	TFF
SoffiXsponR570.5_9Ag184900.1.p	bZIP	TFF
SoffiXsponR570.04Bg190200.2.p	HB	TFF
SoffiXsponR570.01Bg388200.1.p	bHLH	TFF
SoffiXsponR570.03Bg227000.2.p	zf-HD	TFF
SoffiXsponR570.02Dg280700.1.p	TCP	TFF
SoffiXsponR570.01Fg011800.6.p	C2C2-Dof	TFF
SoffiXsponR570.02Cg213100.1.p	GRAS	TFF
SoffiXsponR570.03Cg218000.1.p	PLATZ	TFF
SoffiXsponR570.05Fg173500.1.p	bZIP	TFF
SoffiXsponR570.08Bg129000.1.p	MYB	TFF
SoffiXsponR570.02Eg002500.2.p	ARF	TFF
SoffiXsponR570.03Eg020300.1.p	bHLH	TFF
SoffiXsponR570.02Ag180800.1.p	C2H2	TFF
SoffiXsponR570.04Ag031900.3.p	BBR/BPC	TFF
SoffiXsponR570.06Ag072200.2.p	bHLH	TFF
SoffiXsponR570.03Eg037300.3.p	RWP-RK	TFF
SoffiXsponR570.01Fg319700.1.p	FAR1	TFF
SoffiXsponR570.02Dg082200.1.p	AP2-EREBP	TFF
SoffiXsponR570.01Ag352000.3.p	bHLH	TFF
SoffiXsponR570.1Z097400.1.p	SWI/SNF-BAF60b	OTR
SoffiXsponR570.08Cg116500.1.p	NAC	TFF
SoffiXsponR570.04Dg142800.5.p	Top	TFF
SoffiXsponR570.03Eg200700.1.p	ARR-B	TFF
SoffiXsponR570.6_9Ag330300.1.p	SET	OTR
SoffiXsponR570.01Ag353900.1.p	TIG	TFF
SoffiXsponR570.02Fg127800.2.p	WRKY	TFF
SoffiXsponR570.02Fg330900.2.p	TRAF	OTR
SoffiXsponR570.01Ag340700.1.p	CCAAT	TFF
SoffiXsponR570.7_10Ag022600.1.p	MYB	TFF
SoffiXsponR570.08Eg142100.3.p	WRKY	TFF
SoffiXsponR570.01Cg375100.1.p	NAC	TFF
SoffiXsponR570.02Ag247100.2.p	AP2-EREBP	TFF
SoffiXsponR570.03Ag267200.1.p	C2C2-CO-like	TFF
SoffiXsponR570.02Fg207400.5.p	bZIP	TFF
SoffiXsponR570.6us88g002500.6.p	ABI3VP1	TFF
SoffiXsponR570.03Bg182100.4.p	SET	OTR
SoffiXsponR570.09Dg003600.3.p	SAP	TFF
SoffiXsponR570.05Gg030200.3.p	MYB	TFF
SoffiXsponR570.07Ag185900.1.p	MYB-related	TFF
SoffiXsponR570.10Ag200100.1.p	C2C2-Dof	TFF
SoffiXsponR570.05Bg331800.5.p	Tify	TFF
SoffiXsponR570.01Bg028200.1.p	GRAS	TFF
SoffiXsponR570.08Cg178100.1.p	TRAF	OTR
SoffiXsponR570.02Cg257700.1.p	MADS	TFF
SoffiXsponR570.03Cg061600.1.p	PLATZ	TFF
SoffiXsponR570.05Eg133200.1.p	WRKY	TFF
SoffiXsponR570.07Bg075200.1.p	SWI/SNF-BAF60b	OTR
SoffiXsponR570.10Dg002700.2.p	SAP	TFF
SoffiXsponR570.03Cg228400.4.p	MYB-related	TFF
SoffiXsponR570.08Cg200800.1.p	CCAAT	TFF
SoffiXsponR570.01Fg285400.2.p	C2C2-Dof	TFF
SoffiXsponR570.05Cg228200.1.p	TCP	TFF
SoffiXsponR570.06Ag098400.4.p	NAC	TFF
SoffiXsponR570.05Eg269400.1.p	SBP	TFF
SoffiXsponR570.04Gg052200.1.p	TRAF	OTR
SoffiXsponR570.08Bg004800.2.p	PHD	OTR
SoffiXsponR570.05Ag381000.1.p	MYB-related	TFF
SoffiXsponR570.01Eg216900.3.p	Not1	TFF
SoffiXsponR570.04Dg116500.2.p	zf-C5HC2	TFF
SoffiXsponR570.06Eg131500.2.p	MYB-related	TFF
SoffiXsponR570.06Gg137300.2.p	bZIP	TFF
SoffiXsponR570.01Ag104500.1.p	C2C2-GATA	TFF
SoffiXsponR570.01Eg033600.1.p	mTERF	OTR
SoffiXsponR570.01Cg155000.3.p	GRAS	TFF
SoffiXsponR570.06Dg138200.1.p	ARF	TFF
SoffiXsponR570.5_9Ag292300.3.p	ABI3VP1	TFF
SoffiXsponR570.05Bg295400.1.p	ABI3VP1	TFF
SoffiXsponR570.4us91g063400.1.p	Top	TFF
SoffiXsponR570.6_9Ag263500.1.p	CCAAT	TFF
SoffiXsponR570.02Dg235200.1.p	NAC	TFF
SoffiXsponR570.10os1g034600.2.p	PHD	OTR
SoffiXsponR570.01Fg140600.3.p	CCAAT	TFF
SoffiXsponR570.7_10Ag326000.1.p	SET	OTR
SoffiXsponR570.6us88g111200.1.p	WRKY	TFF
SoffiXsponR570.04Fg133300.2.p	ARF	TFF
SoffiXsponR570.07Dg042400.2.p	TIG	TFF
SoffiXsponR570.05Dg304500.11.p	FAR1	TFF
SoffiXsponR570.05Dg262200.4.p	C2H2	TFF
SoffiXsponR570.7_10Ag231200.1.p	RWP-RK	TFF
SoffiXsponR570.01Eg113900.1.p	GRAS	TFF
SoffiXsponR570.02Ag236900.1.p	AUX/IAA	OTR
SoffiXsponR570.05Cg205700.1.p	C2H2	TFF
SoffiXsponR570.08Ag002500.2.p	TUB	TFF
SoffiXsponR570.06Dg024600.3.p	bHLH	TFF
SoffiXsponR570.01Ag033000.1.p	mTERF	OTR
SoffiXsponR570.03Ag010500.1.p	MYB	TFF
SoffiXsponR570.03Fg072500.2.p	HB	TFF
SoffiXsponR570.10Bg104000.1.p	Jumonji	OTR
SoffiXsponR570.03Gg109700.1.p	BSD	TFF
SoffiXsponR570.05Cg330700.3.p	CCAAT	TFF
SoffiXsponR570.03Ag198300.1.p	SET	OTR
SoffiXsponR570.01Fg144100.1.p	Tify	TFF
SoffiXsponR570.9os1g073200.1.p	ABI3VP1	TFF
SoffiXsponR570.03Dg022200.1.p	FAR1	TFF
SoffiXsponR570.09Dg035800.2.p	MED26	OTR
SoffiXsponR570.02Eg225400.1.p	PAS	TFF
SoffiXsponR570.06Fg021500.4.p	SAP	TFF
SoffiXsponR570.03Dg101100.3.p	AUX/IAA	OTR
SoffiXsponR570.8_5Ag204400.1.p	FAR1	TFF
SoffiXsponR570.02Dg134500.2.p	HB	TFF
SoffiXsponR570.06Eg012800.1.p	GRAS	TFF
SoffiXsponR570.5_9Ag495600.1.p	NAC	TFF
SoffiXsponR570.01Bg275700.2.p	MED26	OTR
SoffiXsponR570.05Dg306600.1.p	NAC	TFF
SoffiXsponR570.04Ag087100.1.p	GRF	TFF
SoffiXsponR570.04Fg123100.1.p	MED26	OTR
SoffiXsponR570.10Bg022600.2.p	C3H	TFF
SoffiXsponR570.07Ag153500.1.p	C2H2	TFF
SoffiXsponR570.05Fg171900.2.p	MYB	TFF
SoffiXsponR570.01Cg285300.4.p	CCAAT	TFF
SoffiXsponR570.08Bg093400.1.p	MYB	TFF
SoffiXsponR570.08Bg005700.2.p	PHD	OTR
SoffiXsponR570.07Dg152600.1.p	MYB	TFF
SoffiXsponR570.05Dg304500.15.p	FAR1	TFF
SoffiXsponR570.05Ag383000.1.p	MYB	TFF
SoffiXsponR570.6us88g012400.2.p	Top	TFF
SoffiXsponR570.02Fg165500.1.p	WRKY	TFF
SoffiXsponR570.02Fg170500.1.p	OFP	TFF
SoffiXsponR570.02Gg230800.1.p	C2H2	TFF
SoffiXsponR570.07Eg055700.1.p	C2H2	TFF
SoffiXsponR570.8_10Ag148400.1.p	GRAS	TFF
SoffiXsponR570.03Dg080100.6.p	C3H	TFF
SoffiXsponR570.07Ag242200.1.p	SWI/SNF-BAF60b	OTR
SoffiXsponR570.10Cg051400.1.p	zf-BED	TFF
SoffiXsponR570.9os1g013300.1.p	OFP	TFF
SoffiXsponR570.05Dg008600.1.p	zf-C5HC2	TFF
SoffiXsponR570.04Bg244100.6.p	TAZ	TFF
SoffiXsponR570.02Cg328700.1.p	MYB	TFF
SoffiXsponR570.07Cg192900.1.p	MYB	TFF
SoffiXsponR570.02Cg271000.3.p	HB	TFF
SoffiXsponR570.03Eg272100.1.p	bHLH	TFF
SoffiXsponR570.02Bg033000.1.p	bHLH	TFF
SoffiXsponR570.01Bg428600.1.p	OFP	TFF
SoffiXsponR570.02Cg329500.1.p	WRKY	TFF
SoffiXsponR570.02Ag195300.2.p	MYB-related	TFF
SoffiXsponR570.04Cg263000.1.p	bHLH	TFF
SoffiXsponR570.02Bg279200.1.p	bZIP	TFF
SoffiXsponR570.05Eg139300.1.p	SET	OTR
SoffiXsponR570.6_9Ag283900.3.p	AUX/IAA	OTR
SoffiXsponR570.08Ag172300.1.p	bHLH	TFF
SoffiXsponR570.01Dg262500.1.p	MYB	TFF
SoffiXsponR570.8_10Ag335600.2.p	WRKY	TFF
SoffiXsponR570.04Cg004200.1.p	MYB-related	TFF
SoffiXsponR570.09Ag124200.1.p	mTERF	OTR
SoffiXsponR570.10Dg196300.2.p	GRAS	TFF
SoffiXsponR570.10Cg106500.1.p	PAS	TFF
SoffiXsponR570.05Bg187600.1.p	zf-HD	TFF
SoffiXsponR570.05Bg247000.4.p	SET	OTR
SoffiXsponR570.06Gg054500.1.p	bZIP	TFF
SoffiXsponR570.07Bg255800.4.p	ARF	TFF
SoffiXsponR570.02Dg027700.1.p	MADS	TFF
SoffiXsponR570.05Dg265400.2.p	mTERF	OTR
SoffiXsponR570.08Cg138700.1.p	bHLH	TFF
SoffiXsponR570.08Dg106400.1.p	NAC	TFF
SoffiXsponR570.08Ag041800.1.p	TRAF	OTR
SoffiXsponR570.06Cg172900.1.p	TUB	TFF
SoffiXsponR570.01Eg265200.3.p	bHLH	TFF
SoffiXsponR570.02Bg335200.1.p	TAZ	TFF
SoffiXsponR570.04Ag101100.1.p	MADS	TFF
SoffiXsponR570.3os1g012200.1.p	GeBP	TFF
SoffiXsponR570.01Bg193000.3.p	C2C2-Dof	TFF
SoffiXsponR570.08Dg136200.1.p	C2H2	TFF
SoffiXsponR570.7_10Ag261600.2.p	C2C2-GATA	TFF
SoffiXsponR570.02Cg175400.1.p	MYB-related	TFF
SoffiXsponR570.02Eg372600.1.p	NAC	TFF
SoffiXsponR570.01Eg435600.1.p	bHLH	TFF
SoffiXsponR570.10Cg075400.1.p	PHD	OTR
SoffiXsponR570.8_5Ag175900.3.p	RB	OTR
SoffiXsponR570.08Dg157900.4.p	RB	OTR
SoffiXsponR570.01Bg368000.3.p	PHD	OTR
SoffiXsponR570.05Cg302200.1.p	NAC	TFF
SoffiXsponR570.04Bg127500.2.p	C3H	TFF
SoffiXsponR570.02Fg335100.2.p	mTERF	OTR
SoffiXsponR570.02Eg002900.1.p	bHLH	TFF
SoffiXsponR570.01Cg150100.1.p	Not1	TFF
SoffiXsponR570.07Bg164900.1.p	AP2-EREBP	TFF
SoffiXsponR570.6_9Ag062900.2.p	MYB-related	TFF
SoffiXsponR570.06Eg069300.1.p	AUX/IAA	OTR
SoffiXsponR570.01Eg437400.1.p	NAC	TFF
SoffiXsponR570.02Fg166200.1.p	CCAAT	TFF
SoffiXsponR570.03Fg082400.6.p	PHD	OTR
SoffiXsponR570.03Fg040300.1.p	TAZ	TFF
SoffiXsponR570.07Eg199900.2.p	C3H	TFF
SoffiXsponR570.07Bg015200.1.p	SET	OTR
SoffiXsponR570.03Ag028300.2.p	BES1	TFF
SoffiXsponR570.1os1g000800.2.p	TFIID	TFF
SoffiXsponR570.05Ag064300.1.p	zf-BED	TFF
SoffiXsponR570.09Bg151400.1.p	NAC	TFF
SoffiXsponR570.10Ag198600.1.p	GRAS	TFF
SoffiXsponR570.6_9Ag323600.1.p	MYB-related	TFF
SoffiXsponR570.02Ag023800.1.p	NOZZLE	TFF
SoffiXsponR570.5_9Ag215900.4.p	ARID	OTR
SoffiXsponR570.03Gg050200.4.p	bHLH	TFF
SoffiXsponR570.1Z191300.1.p	NAC	TFF
SoffiXsponR570.5_9Ag046400.1.p	MYB	TFF
SoffiXsponR570.07Eg048800.1.p	NAC	TFF
SoffiXsponR570.06Dg146800.1.p	MADS	TFF
SoffiXsponR570.07Dg031200.2.p	bHLH	TFF
SoffiXsponR570.03Dg244200.1.p	GRAS	TFF
SoffiXsponR570.8_5Ag167300.1.p	HSF	TFF
SoffiXsponR570.01Ag466500.1.p	GNAT	OTR
SoffiXsponR570.01Fg289400.1.p	HB	TFF
SoffiXsponR570.04Fg098800.1.p	Top	TFF
SoffiXsponR570.06Fg155500.2.p	CCAAT	TFF
SoffiXsponR570.10Eg042100.1.p	WRKY	TFF
SoffiXsponR570.8_5Ag150000.1.p	AP2-EREBP	TFF
SoffiXsponR570.02Fg052000.2.p	bZIP	TFF
SoffiXsponR570.08Dg147100.1.p	bZIP	TFF
SoffiXsponR570.02Eg243900.1.p	HB	TFF
SoffiXsponR570.07Ag111900.2.p	Trihelix	TFF
SoffiXsponR570.6_9Ag283900.4.p	AUX/IAA	OTR
SoffiXsponR570.02Eg330800.2.p	MADS	TFF
SoffiXsponR570.04Gg018400.3.p	SET	OTR
SoffiXsponR570.02Ag030200.1.p	MADS	TFF
SoffiXsponR570.09Cg041400.1.p	ABI3VP1	TFF
SoffiXsponR570.05Dg336000.3.p	FAR1	TFF
SoffiXsponR570.06Fg065400.1.p	MYB-related	TFF
SoffiXsponR570.6us88g070700.1.p	bZIP	TFF
SoffiXsponR570.01Bg447100.1.p	SET	OTR
SoffiXsponR570.02Bg082800.1.p	AP2-EREBP	TFF
SoffiXsponR570.05Bg051300.2.p	CPP	TFF
SoffiXsponR570.05Bg352300.1.p	MED26	OTR
SoffiXsponR570.02Dg194200.4.p	Top	TFF
SoffiXsponR570.09Ag035700.1.p	WRKY	TFF
SoffiXsponR570.6_9Ag076000.1.p	MADS	TFF
SoffiXsponR570.01Eg353900.2.p	C2H2	TFF
SoffiXsponR570.01Fg179400.1.p	OFP	TFF
SoffiXsponR570.05Ag282100.1.p	GRAS	TFF
SoffiXsponR570.07Eg176800.3.p	GNAT	OTR
SoffiXsponR570.09Dg106600.1.p	GRAS	TFF
SoffiXsponR570.02Dg199500.4.p	C3H	TFF
SoffiXsponR570.08Eg099600.1.p	bZIP	TFF
SoffiXsponR570.05Cg319800.1.p	C2H2	TFF
SoffiXsponR570.10Ag193200.1.p	MADS	TFF
SoffiXsponR570.06Cg002000.3.p	SAP	TFF
SoffiXsponR570.01Cg113000.4.p	GRAS	TFF
SoffiXsponR570.02Ag411100.1.p	TRAF	OTR
SoffiXsponR570.10Ag222700.1.p	MYB	TFF
SoffiXsponR570.03Fg082400.1.p	PHD	OTR
SoffiXsponR570.6_9Ag323500.2.p	MYB-related	TFF
SoffiXsponR570.06Cg122900.1.p	NOT2_3_5	OTR
SoffiXsponR570.03Dg198800.1.p	bHLH	TFF
SoffiXsponR570.05Dg346800.1.p	bHLH	TFF
SoffiXsponR570.01Bg449800.1.p	HB	TFF
SoffiXsponR570.03Dg230000.1.p	AP2-EREBP	TFF
SoffiXsponR570.6_9Ag225200.5.p	SWI/SNF-BAF60b	OTR
SoffiXsponR570.02Ag073400.1.p	MADS	TFF
SoffiXsponR570.01Eg394400.3.p	CCAAT	TFF
SoffiXsponR570.01Bg187000.4.p	SET	OTR
SoffiXsponR570.08Bg002200.1.p	OFP	TFF
SoffiXsponR570.10Dg020800.2.p	NAC	TFF
SoffiXsponR570.5_9Ag016700.1.p	C2C2-Dof	TFF
SoffiXsponR570.8_5Ag247800.4.p	DDT	OTR
SoffiXsponR570.05Eg351900.1.p	NAC	TFF
SoffiXsponR570.05Cg381100.1.p	MYB-related	TFF
SoffiXsponR570.01Eg125300.5.p	GRAS	TFF
SoffiXsponR570.05Cg352700.1.p	HSF	TFF
SoffiXsponR570.06Gg138500.1.p	AP2-EREBP	TFF
SoffiXsponR570.08Ag038200.3.p	bHLH	TFF
SoffiXsponR570.9us90g047200.1.p	ABI3VP1	TFF
SoffiXsponR570.01Cg166000.4.p	HB	TFF
SoffiXsponR570.03Cg295200.5.p	zf-C5HC2	TFF
SoffiXsponR570.01Fg275400.1.p	ABI3VP1	TFF
SoffiXsponR570.05Fg153300.1.p	AP2-EREBP	TFF
SoffiXsponR570.03Cg228400.1.p	MYB-related	TFF
SoffiXsponR570.10Dg123000.1.p	BSD	TFF
SoffiXsponR570.06Gg144300.1.p	MYB-related	TFF
SoffiXsponR570.05Eg339000.7.p	PHD	OTR
SoffiXsponR570.05Ag235300.1.p	AP2-EREBP	TFF
SoffiXsponR570.1Z055800.3.p	bZIP	TFF
SoffiXsponR570.09Cg127400.1.p	C2H2	TFF
SoffiXsponR570.05Gg025700.1.p	HB	TFF
SoffiXsponR570.9os1g023400.2.p	TCP	TFF
SoffiXsponR570.03Eg112600.1.p	AP2-EREBP	TFF
SoffiXsponR570.03Eg307300.1.p	bZIP	TFF
SoffiXsponR570.01Fg118300.1.p	SWI/SNF-SWI3	OTR
SoffiXsponR570.02Ag349900.2.p	bZIP	TFF
SoffiXsponR570.10Ag225100.1.p	GRAS	TFF
SoffiXsponR570.05Gg126600.1.p	CCAAT	TFF
SoffiXsponR570.06Eg086300.2.p	WRKY	TFF
SoffiXsponR570.01Cg060300.1.p	MYB	TFF
SoffiXsponR570.08Cg125800.1.p	AP2-EREBP	TFF
SoffiXsponR570.08Ag004000.2.p	PHD	OTR
SoffiXsponR570.02Bg376400.1.p	TRAF	OTR
SoffiXsponR570.01Ag116400.1.p	MYB-related	TFF
SoffiXsponR570.09Dg131300.1.p	TRAF	OTR
SoffiXsponR570.08Bg176900.1.p	TRAF	OTR
SoffiXsponR570.6_9Ag296700.1.p	MYB	TFF
SoffiXsponR570.08Dg024400.2.p	NAC	TFF
SoffiXsponR570.5_9Ag002200.2.p	bZIP	TFF
SoffiXsponR570.10Cg116700.1.p	GNAT	OTR
SoffiXsponR570.01Bg116300.5.p	SET	OTR
SoffiXsponR570.04Ag170000.1.p	bHLH	TFF
SoffiXsponR570.06Gg010800.2.p	AP2-EREBP	TFF
SoffiXsponR570.05Fg129500.2.p	bHLH	TFF
SoffiXsponR570.04Bg184800.3.p	Top	TFF
SoffiXsponR570.05Fg135000.1.p	WRKY	TFF
SoffiXsponR570.07Eg113100.1.p	C2H2	TFF
SoffiXsponR570.08Eg101200.1.p	MYB	TFF
SoffiXsponR570.04Fg083800.3.p	ARID	OTR
SoffiXsponR570.01Bg002600.1.p	Sigma70-like	TFF
SoffiXsponR570.02Gg084200.2.p	mTERF	OTR
SoffiXsponR570.02Gg210300.2.p	bZIP	TFF
SoffiXsponR570.10Cg181200.1.p	C2H2	TFF
SoffiXsponR570.3os2g002400.1.p	MYB	TFF
SoffiXsponR570.04Gg109800.1.p	MYB-related	TFF
SoffiXsponR570.04Cg218600.2.p	TRAF	OTR
SoffiXsponR570.09Cg053900.1.p	C2H2	TFF
SoffiXsponR570.01Ag281200.1.p	bHLH	TFF
SoffiXsponR570.10Eg121900.2.p	AP2-EREBP	TFF
SoffiXsponR570.01Eg184100.8.p	GRAS	TFF
SoffiXsponR570.8_10Ag204400.6.p	WRKY	TFF
SoffiXsponR570.01Ag112200.1.p	Top	TFF
SoffiXsponR570.7_10Ag223500.1.p	GNAT	OTR
SoffiXsponR570.08Bg189500.1.p	EIL	TFF
SoffiXsponR570.8_10Ag029000.2.p	HMG	OTR
SoffiXsponR570.06Gg051200.1.p	MYB	TFF
SoffiXsponR570.04Eg038400.1.p	AUX/IAA	OTR
SoffiXsponR570.03Gg108400.1.p	bZIP	TFF
SoffiXsponR570.04Dg086400.1.p	GRF	TFF
SoffiXsponR570.04Dg190900.1.p	bHLH	TFF
SoffiXsponR570.06Ag144300.1.p	WRKY	TFF
SoffiXsponR570.09Eg001300.1.p	PAS	TFF
SoffiXsponR570.03Cg238400.2.p	MYB-related	TFF
SoffiXsponR570.01Eg091800.1.p	PAS	TFF
SoffiXsponR570.01Bg406500.1.p	bHLH	TFF
SoffiXsponR570.06Cg044200.2.p	AUX/IAA	OTR
SoffiXsponR570.7os1g078200.1.p	MED7	OTR
SoffiXsponR570.04Dg104100.1.p	LIM	TFF
SoffiXsponR570.03Dg242300.1.p	C3H	TFF
SoffiXsponR570.10Eg038700.2.p	SAP	TFF
SoffiXsponR570.06Eg132200.1.p	bZIP	TFF
SoffiXsponR570.06Gg084400.1.p	CCAAT	TFF
SoffiXsponR570.07Eg061900.1.p	MYB-related	TFF
SoffiXsponR570.03Bg068700.1.p	MYB	TFF
SoffiXsponR570.02Cg274600.2.p	ARF	TFF
SoffiXsponR570.06Dg114800.2.p	TCP	TFF
SoffiXsponR570.06Cg005200.1.p	bZIP	TFF
SoffiXsponR570.02Dg196100.1.p	MADS	TFF
SoffiXsponR570.02Cg009000.1.p	AUX/IAA	OTR
SoffiXsponR570.5_9Ag474300.2.p	WRKY	TFF
SoffiXsponR570.01Eg217000.3.p	bHLH	TFF
SoffiXsponR570.02Eg395400.1.p	SET	OTR
SoffiXsponR570.5_9Ag368600.1.p	bZIP	TFF
SoffiXsponR570.05Dg262900.2.p	SET	OTR
SoffiXsponR570.02Cg366800.2.p	mTERF	OTR
SoffiXsponR570.10Dg105400.1.p	ARF	TFF
SoffiXsponR570.02Fg235300.1.p	Coactivator_p15	OTR
SoffiXsponR570.02Gg103800.1.p	bHLH	TFF
SoffiXsponR570.09Ag056100.1.p	C2H2	TFF
SoffiXsponR570.07Ag174100.1.p	ABI3VP1	TFF
SoffiXsponR570.7_10Ag070800.1.p	NAC	TFF
SoffiXsponR570.02Eg349600.1.p	C3H	TFF
SoffiXsponR570.03Eg180000.1.p	NAC	TFF
SoffiXsponR570.06Eg013100.2.p	GRAS	TFF
SoffiXsponR570.06Dg138000.1.p	NAC	TFF
SoffiXsponR570.02Dg147700.1.p	MADS	TFF
SoffiXsponR570.06Ag070800.1.p	NAC	TFF
SoffiXsponR570.03Cg154200.2.p	C2H2	TFF
SoffiXsponR570.01Bg353400.1.p	AP2-EREBP	TFF
SoffiXsponR570.01Eg296400.2.p	WRKY	TFF
SoffiXsponR570.05Eg329700.5.p	CCAAT	TFF
SoffiXsponR570.02Cg359400.1.p	NAC	TFF
SoffiXsponR570.02Fg232700.1.p	MYB	TFF
SoffiXsponR570.02Bg341100.1.p	bHLH	TFF
SoffiXsponR570.01Eg311100.5.p	SET	OTR
SoffiXsponR570.5_9Ag470200.1.p	MYB	TFF
SoffiXsponR570.03Fg041800.3.p	MYB-related	TFF
SoffiXsponR570.01Eg136500.3.p	C3H	TFF
SoffiXsponR570.10us89g015700.1.p	WRKY	TFF
SoffiXsponR570.6_9Ag283900.7.p	AUX/IAA	OTR
SoffiXsponR570.06Dg061900.5.p	GNAT	OTR
SoffiXsponR570.06Eg134500.1.p	NAC	TFF
SoffiXsponR570.05Eg189100.2.p	bHLH	TFF
SoffiXsponR570.5_9Ag284000.2.p	MADS	TFF
SoffiXsponR570.07Cg075800.1.p	bHLH	TFF
SoffiXsponR570.05Dg308700.1.p	TRAF	OTR
SoffiXsponR570.01Ag401400.1.p	MYB	TFF
SoffiXsponR570.10Dg013200.1.p	TRAF	OTR
SoffiXsponR570.08Ag005000.13.p	PHD	OTR
SoffiXsponR570.01Ag258300.1.p	Tify	TFF
SoffiXsponR570.02Fg274700.2.p	Top	TFF
SoffiXsponR570.02Cg425500.1.p	MYB-related	TFF
SoffiXsponR570.06Fg051400.1.p	bHLH	TFF
SoffiXsponR570.05Fg139000.1.p	GNAT	OTR
SoffiXsponR570.03Cg179500.2.p	TRAF	OTR
SoffiXsponR570.02Dg314400.1.p	WRKY	TFF
SoffiXsponR570.09Bg063500.1.p	WRKY	TFF
SoffiXsponR570.8_5Ag181300.1.p	NAC	TFF
SoffiXsponR570.07Bg053000.7.p	TIG	TFF
SoffiXsponR570.09Bg080200.3.p	Jumonji	OTR
SoffiXsponR570.02Fg122200.1.p	MYB-related	TFF
SoffiXsponR570.05Cg309200.1.p	AP2-EREBP	TFF
SoffiXsponR570.04Eg084100.2.p	WRKY	TFF
SoffiXsponR570.10Bg174700.1.p	TRAF	OTR
SoffiXsponR570.02Ag368100.3.p	Alfin-like	TFF
SoffiXsponR570.02Ag041500.2.p	WRKY	TFF
SoffiXsponR570.10Fg099700.1.p	AP2-EREBP	TFF
SoffiXsponR570.07Cg142500.1.p	MYB	TFF
SoffiXsponR570.02Bg082800.2.p	AP2-EREBP	TFF
SoffiXsponR570.02Dg122000.1.p	MYB	TFF
SoffiXsponR570.05Ag039400.1.p	FAR1	TFF
SoffiXsponR570.01Eg287800.3.p	TUB	TFF
SoffiXsponR570.08Bg003200.1.p	TRAF	OTR
SoffiXsponR570.06Eg103700.1.p	NAC	TFF
SoffiXsponR570.03Bg037900.1.p	TAZ	TFF
SoffiXsponR570.03Dg234800.2.p	GRAS	TFF
SoffiXsponR570.04Eg071600.1.p	PLATZ	TFF
SoffiXsponR570.02Bg192800.2.p	bZIP	TFF
SoffiXsponR570.08Bg193600.2.p	FAR1	TFF
SoffiXsponR570.01Bg051000.4.p	FHA	TFF
SoffiXsponR570.01Eg393200.3.p	GNAT	OTR
SoffiXsponR570.03Cg067700.2.p	PLATZ	TFF
SoffiXsponR570.01Cg102500.1.p	C2C2-Dof	TFF
SoffiXsponR570.01Eg136500.5.p	C3H	TFF
SoffiXsponR570.01Cg020100.1.p	AP2-EREBP	TFF
SoffiXsponR570.5_9Ag477600.2.p	MADS	TFF
SoffiXsponR570.02Gg037100.1.p	HB	TFF
SoffiXsponR570.06Ag009100.1.p	C2C2-Dof	TFF
SoffiXsponR570.1Z052600.1.p	TRAF	OTR
SoffiXsponR570.06Eg144800.1.p	CCAAT	TFF
SoffiXsponR570.07Dg149800.5.p	Trihelix	TFF
SoffiXsponR570.02Bg154000.1.p	mTERF	OTR
SoffiXsponR570.02Gg244100.1.p	bZIP	TFF
SoffiXsponR570.08Bg136900.2.p	ARID	OTR
SoffiXsponR570.5_9Ag091800.3.p	C3H	TFF
SoffiXsponR570.03Dg035900.2.p	RWP-RK	TFF
SoffiXsponR570.10Cg043400.2.p	TUB	TFF
SoffiXsponR570.05Cg214600.1.p	bHLH	TFF
SoffiXsponR570.05Dg350100.1.p	MYB	TFF
SoffiXsponR570.07Bg184600.2.p	GRAS	TFF
SoffiXsponR570.02Eg373200.2.p	GRAS	TFF
SoffiXsponR570.04Fg009400.4.p	zf-fF-X1	TFF
SoffiXsponR570.06Ag196900.1.p	AUX/IAA	OTR
SoffiXsponR570.8_5Ag187400.1.p	TRAF	OTR
SoffiXsponR570.03Eg173500.3.p	TCP	TFF
SoffiXsponR570.5_9Ag492200.2.p	bHLH	TFF
SoffiXsponR570.8_10Ag083900.2.p	TRAF	OTR
SoffiXsponR570.10Cg091400.2.p	Sigma70-like	TFF
SoffiXsponR570.05Cg008300.1.p	MYB	TFF
SoffiXsponR570.02Fg061300.3.p	MYB-related	TFF
SoffiXsponR570.01Cg037000.1.p	Rcd1-like	OTR
SoffiXsponR570.01Bg418300.2.p	ABI3VP1	TFF
SoffiXsponR570.5_9Ag161500.1.p	AP2-EREBP	TFF
SoffiXsponR570.09Ag036400.1.p	WRKY	TFF
SoffiXsponR570.10Bg017200.1.p	WRKY	TFF
SoffiXsponR570.10Ag186500.1.p	FHA	TFF
SoffiXsponR570.09Dg015800.2.p	C2H2	TFF
SoffiXsponR570.02Ag383700.1.p	ABI3VP1	TFF
SoffiXsponR570.03Cg039700.1.p	ARF	TFF
SoffiXsponR570.10Ag187600.1.p	FHA	TFF
SoffiXsponR570.04Eg082700.1.p	HB	TFF
SoffiXsponR570.07Bg255600.1.p	C3H	TFF
SoffiXsponR570.05Bg364300.7.p	DDT	OTR
SoffiXsponR570.07Cg202900.1.p	FAR1	TFF
SoffiXsponR570.01Fg278000.5.p	FAR1	TFF
SoffiXsponR570.05Ag217700.1.p	NAC	TFF
SoffiXsponR570.02Ag036500.1.p	TRAF	OTR
SoffiXsponR570.03Ag161800.1.p	NAC	TFF
SoffiXsponR570.01Dg245300.4.p	EIL	TFF
SoffiXsponR570.09Bg127100.2.p	WRKY	TFF
SoffiXsponR570.03Eg224200.1.p	bHLH	TFF
SoffiXsponR570.06Ag057300.1.p	AUX/IAA	OTR
SoffiXsponR570.02Gg023200.1.p	C2C2-Dof	TFF
SoffiXsponR570.06Gg099400.1.p	VOZ	TFF
SoffiXsponR570.03Eg178500.1.p	LIM	TFF
SoffiXsponR570.05Bg124200.6.p	ABI3VP1	TFF
SoffiXsponR570.01Ag058700.3.p	HSF	TFF
SoffiXsponR570.04Ag198700.1.p	MYB	TFF
SoffiXsponR570.05Fg135000.2.p	WRKY	TFF
SoffiXsponR570.01Bg215000.2.p	C2C2-GATA	TFF
SoffiXsponR570.6_9Ag241200.1.p	HB	TFF
SoffiXsponR570.03Bg289800.1.p	AP2-EREBP	TFF
SoffiXsponR570.04Gg087500.1.p	LIM	TFF
SoffiXsponR570.07Bg213600.3.p	ABI3VP1	TFF
SoffiXsponR570.03Eg020300.6.p	bHLH	TFF
SoffiXsponR570.07Ag105700.1.p	NAC	TFF
SoffiXsponR570.10Cg129200.1.p	GRF	TFF
SoffiXsponR570.01Fg186300.3.p	EIL	TFF
SoffiXsponR570.07Dg136000.2.p	AP2-EREBP	TFF
SoffiXsponR570.01Fg206200.3.p	PHD	OTR
SoffiXsponR570.03Ag142700.2.p	SET	OTR
SoffiXsponR570.06Gg144100.1.p	zf-HD	TFF
SoffiXsponR570.03Ag144100.2.p	Trihelix	TFF
SoffiXsponR570.03Bg238100.2.p	C2C2-CO-like	TFF
SoffiXsponR570.01Cg377700.7.p	HB	TFF
SoffiXsponR570.02Bg003000.1.p	G2-like	TFF
SoffiXsponR570.10Cg174800.1.p	MYB	TFF
SoffiXsponR570.7_10Ag289100.2.p	GRAS	TFF
SoffiXsponR570.07Dg068800.1.p	bHLH	TFF
SoffiXsponR570.07Eg117000.1.p	NAC	TFF
SoffiXsponR570.10Ag132700.7.p	RB	OTR
SoffiXsponR570.05Bg299000.3.p	GRAS	TFF
SoffiXsponR570.05Fg161900.1.p	TCP	TFF
SoffiXsponR570.02Dg033300.1.p	C2H2	TFF
SoffiXsponR570.05Dg124100.1.p	CCAAT	TFF
SoffiXsponR570.01Bg017000.7.p	FAR1	TFF
SoffiXsponR570.5_9Ag298000.1.p	CCAAT	TFF
SoffiXsponR570.02Dg332000.1.p	HB	TFF
SoffiXsponR570.02Fg155800.3.p	PHD	OTR
SoffiXsponR570.01Eg081900.1.p	MYB-related	TFF
SoffiXsponR570.8_5Ag130600.1.p	MADS	TFF
SoffiXsponR570.08Dg122200.1.p	GeBP	TFF
SoffiXsponR570.06Cg193000.2.p	Sigma70-like	TFF
SoffiXsponR570.02Gg179500.1.p	TCP	TFF
SoffiXsponR570.01Eg216800.1.p	C2C2-GATA	TFF
SoffiXsponR570.04Gg008400.3.p	ABI3VP1	TFF
SoffiXsponR570.03Cg235300.1.p	GNAT	OTR
SoffiXsponR570.01Cg057900.3.p	bHLH	TFF
SoffiXsponR570.05Eg029000.1.p	MADS	TFF
SoffiXsponR570.04Bg227800.1.p	AP2-EREBP	TFF
SoffiXsponR570.02Gg269700.2.p	AP2-EREBP	TFF
SoffiXsponR570.05Bg052800.1.p	HSF	TFF
SoffiXsponR570.08Cg031700.2.p	Top	TFF
SoffiXsponR570.01Ag172000.1.p	LIM	TFF
SoffiXsponR570.10Ag132700.4.p	RB	OTR
SoffiXsponR570.02Ag157200.1.p	MYB	TFF
SoffiXsponR570.07Eg158200.1.p	MADS	TFF
SoffiXsponR570.02Ag349200.3.p	CCAAT	TFF
SoffiXsponR570.06Fg144900.1.p	ARF	TFF
SoffiXsponR570.6_9Ag051500.1.p	OFP	TFF
SoffiXsponR570.09Ag125000.1.p	mTERF	OTR
SoffiXsponR570.03Bg062900.1.p	TUB	TFF
SoffiXsponR570.02Cg031000.1.p	AP2-EREBP	TFF
SoffiXsponR570.05Bg221700.1.p	bZIP	TFF
SoffiXsponR570.08Bg082800.6.p	PHD	OTR
SoffiXsponR570.05Ag244700.1.p	MYB	TFF
SoffiXsponR570.02Gg127500.1.p	C3H	TFF
SoffiXsponR570.09Bg137300.1.p	GRAS	TFF
SoffiXsponR570.04Bg167000.1.p	MBF1	OTR
SoffiXsponR570.05Fg282000.2.p	SART-1	OTR
SoffiXsponR570.08Dg034500.2.p	bZIP	TFF
SoffiXsponR570.04Gg018400.1.p	SET	OTR
SoffiXsponR570.10os1g038600.3.p	WRKY	TFF
SoffiXsponR570.01Eg044700.1.p	mTERF	OTR
SoffiXsponR570.03Eg035100.2.p	PHD	OTR
SoffiXsponR570.04Ag000300.1.p	NAC	TFF
SoffiXsponR570.5_9Ag156200.5.p	Pseudo_ARR-B	OTR
SoffiXsponR570.02Eg210000.1.p	Top	TFF
SoffiXsponR570.03Eg052000.1.p	PBF-2-like	TFF
SoffiXsponR570.01Fg006600.1.p	SET	OTR
SoffiXsponR570.01Dg375000.1.p	bZIP	TFF
SoffiXsponR570.08Bg022600.8.p	MYB-related	TFF
SoffiXsponR570.10Cg125100.1.p	CCAAT	TFF
SoffiXsponR570.07Cg178800.1.p	AP2-EREBP	TFF
SoffiXsponR570.03Fg012600.2.p	bHLH	TFF
SoffiXsponR570.02Eg306900.1.p	MYB	TFF
SoffiXsponR570.05Bg169500.1.p	CCAAT	TFF
SoffiXsponR570.10us89g024100.2.p	AP2-EREBP	TFF
SoffiXsponR570.02Fg039700.1.p	WRKY	TFF
SoffiXsponR570.10us89g100300.1.p	MYB	TFF
SoffiXsponR570.03Bg307900.1.p	C2H2	TFF
SoffiXsponR570.08Cg073800.1.p	ABI3VP1	TFF
SoffiXsponR570.05Ag237800.1.p	zf-A20	TFF
SoffiXsponR570.01Ag428300.1.p	LIM	TFF
SoffiXsponR570.02Ag149200.2.p	C2C2-GATA	TFF
SoffiXsponR570.05Bg243700.3.p	HMG	OTR
SoffiXsponR570.05Fg029800.1.p	mTERF	OTR
SoffiXsponR570.7os1g003000.2.p	MYB-related	TFF
SoffiXsponR570.05Bg166000.1.p	AP2-EREBP	TFF
SoffiXsponR570.02Cg345500.2.p	bZIP	TFF
SoffiXsponR570.06Gg083100.1.p	bZIP	TFF
SoffiXsponR570.05Eg194200.3.p	WRKY	TFF
SoffiXsponR570.08Cg095300.3.p	PAS	TFF
SoffiXsponR570.06Cg012800.1.p	bHLH	TFF
SoffiXsponR570.03Ag322000.1.p	DBP	TFF
SoffiXsponR570.05Dg078400.1.p	SET	OTR
SoffiXsponR570.05Gg182800.1.p	NAC	TFF
SoffiXsponR570.09Eg025300.1.p	MYB	TFF
SoffiXsponR570.05Dg304200.1.p	ABI3VP1	TFF
SoffiXsponR570.08Bg132900.2.p	SET	OTR
SoffiXsponR570.07Ag072000.1.p	AP2-EREBP	TFF
SoffiXsponR570.03Eg232100.4.p	AP2-EREBP	TFF
SoffiXsponR570.08Eg135900.1.p	C2H2	TFF
SoffiXsponR570.03Dg080100.4.p	C3H	TFF
SoffiXsponR570.05Fg150300.1.p	MADS	TFF
SoffiXsponR570.01Cg306300.2.p	C2C2-YABBY	TFF
SoffiXsponR570.06Eg070500.2.p	NAC	TFF
SoffiXsponR570.6_9Ag144600.4.p	Top	TFF
SoffiXsponR570.9us90g026600.1.p	PAS	TFF
SoffiXsponR570.07Bg110700.2.p	WRKY	TFF
SoffiXsponR570.01Fg180500.2.p	WRKY	TFF
SoffiXsponR570.08Dg162400.1.p	MADS	TFF
SoffiXsponR570.10Bg022600.3.p	C3H	TFF
SoffiXsponR570.07Dg055600.2.p	S1Fa-like	TFF
SoffiXsponR570.03Dg179100.3.p	C2H2	TFF
SoffiXsponR570.09Ag053300.1.p	MYB-related	TFF
SoffiXsponR570.07Eg061900.2.p	MYB-related	TFF
SoffiXsponR570.01Eg359300.2.p	AP2-EREBP	TFF
SoffiXsponR570.03Cg243300.1.p	GeBP	TFF
SoffiXsponR570.7_10Ag342700.3.p	AP2-EREBP	TFF
SoffiXsponR570.05Bg009500.1.p	zf-C5HC2	TFF
SoffiXsponR570.01Cg341900.1.p	SET	OTR
SoffiXsponR570.06Eg008900.1.p	C2H2	TFF
SoffiXsponR570.6_9Ag184200.1.p	OFP	TFF
SoffiXsponR570.09Eg026900.2.p	C3H	TFF
SoffiXsponR570.04Bg199800.2.p	PLATZ	TFF
SoffiXsponR570.04Fg098800.2.p	Top	TFF
SoffiXsponR570.02Eg088400.2.p	BSD	TFF
SoffiXsponR570.10Fg013500.1.p	SAP	TFF
SoffiXsponR570.8_5Ag006800.3.p	Yl1	TFF
SoffiXsponR570.02Gg212300.1.p	MYB	TFF
SoffiXsponR570.7_10Ag274800.2.p	bHLH	TFF
SoffiXsponR570.01Dg248300.2.p	bZIP	TFF
SoffiXsponR570.09Ag035800.4.p	SET	OTR
SoffiXsponR570.7_10Ag254900.1.p	Top	TFF
SoffiXsponR570.01Eg241500.2.p	GNAT	OTR
SoffiXsponR570.01Bg121000.1.p	C3H	TFF
SoffiXsponR570.06Cg140400.1.p	TUB	TFF
SoffiXsponR570.03Dg292000.1.p	AP2-EREBP	TFF
SoffiXsponR570.9os1g020800.5.p	C2C2-GATA	TFF
SoffiXsponR570.05Ag084400.1.p	bHLH	TFF
SoffiXsponR570.01Dg180000.2.p	bZIP	TFF
SoffiXsponR570.02Eg000900.1.p	G2-like	TFF
SoffiXsponR570.03Dg192300.1.p	AP2-EREBP	TFF
SoffiXsponR570.6_9Ag063100.2.p	MYB-related	TFF
SoffiXsponR570.06Cg182500.1.p	MADS	TFF
SoffiXsponR570.07Bg249700.1.p	SWI/SNF-BAF60b	OTR
SoffiXsponR570.04Cg117700.3.p	zf-C5HC2	TFF
SoffiXsponR570.02Fg353700.2.p	TIG	TFF
SoffiXsponR570.08Dg035600.1.p	FAR1	TFF
SoffiXsponR570.03Cg042300.4.p	PHD	OTR
SoffiXsponR570.06Cg044000.1.p	C2H2	TFF
SoffiXsponR570.06Cg193500.1.p	SET	OTR
SoffiXsponR570.01Dg019100.3.p	PHD	OTR
SoffiXsponR570.04Gg014300.1.p	GRF	TFF
SoffiXsponR570.05Ag126200.1.p	WRKY	TFF
SoffiXsponR570.05Bg353200.1.p	SWI/SNF-BAF60b	OTR
SoffiXsponR570.09Dg033000.1.p	NAC	TFF
SoffiXsponR570.07Ag090800.1.p	EIL	TFF
SoffiXsponR570.08Cg189900.1.p	bHLH	TFF
SoffiXsponR570.01Ag033600.4.p	GRAS	TFF
SoffiXsponR570.03Eg153900.1.p	ABI3VP1	TFF
SoffiXsponR570.05Ag305300.1.p	FAR1	TFF
SoffiXsponR570.03Dg302200.1.p	GeBP	TFF
SoffiXsponR570.06Ag034300.2.p	bHLH	TFF
SoffiXsponR570.01Eg104400.4.p	C2C2-GATA	TFF
SoffiXsponR570.02Fg088000.1.p	MYB	TFF
SoffiXsponR570.01Eg340200.1.p	bHLH	TFF
SoffiXsponR570.05Eg051700.1.p	AUX/IAA	OTR
SoffiXsponR570.10Fg125200.1.p	C2H2	TFF
SoffiXsponR570.01Ag477200.1.p	TIG	TFF
SoffiXsponR570.02Fg298600.1.p	OFP	TFF
SoffiXsponR570.08Dg051900.2.p	ABI3VP1	TFF
SoffiXsponR570.05Fg308800.1.p	AP2-EREBP	TFF
SoffiXsponR570.01Fg183200.1.p	MYB-related	TFF
SoffiXsponR570.05Cg234100.1.p	SRS	TFF
SoffiXsponR570.02Dg177500.1.p	HSF	TFF
SoffiXsponR570.05Cg184700.2.p	C2H2	TFF
SoffiXsponR570.03Gg126300.1.p	GRF	TFF
SoffiXsponR570.01Ag391800.1.p	WRKY	TFF
SoffiXsponR570.01Eg436300.1.p	ABI3VP1	TFF
SoffiXsponR570.02Cg148700.2.p	SAP	TFF
SoffiXsponR570.05Cg379300.2.p	C3H	TFF
SoffiXsponR570.6us88g118000.2.p	C3H	TFF
SoffiXsponR570.10Dg020400.1.p	C3H	TFF
SoffiXsponR570.05Cg078000.6.p	SET	OTR
SoffiXsponR570.10us89g010900.1.p	TRAF	OTR
SoffiXsponR570.01Dg265400.1.p	PHD	OTR
SoffiXsponR570.1Z279400.1.p	E2F-DP	TFF
SoffiXsponR570.01Cg230200.1.p	bZIP	TFF
SoffiXsponR570.10Dg040700.1.p	bZIP	TFF
SoffiXsponR570.08Eg144700.1.p	CCAAT	TFF
SoffiXsponR570.08Dg045200.1.p	NAC	TFF
SoffiXsponR570.01Fg081600.2.p	bHLH	TFF
SoffiXsponR570.01Eg168600.1.p	ABI3VP1	TFF
SoffiXsponR570.5_9Ag126700.1.p	MYB	TFF
SoffiXsponR570.07Eg154100.1.p	PHD	OTR
SoffiXsponR570.01Fg324000.1.p	bHLH	TFF
SoffiXsponR570.03Ag084200.1.p	bZIP	TFF
SoffiXsponR570.02Ag229400.1.p	MYB-related	TFF
SoffiXsponR570.02Eg222900.1.p	MYB	TFF
SoffiXsponR570.7_10Ag184800.1.p	GRAS	TFF
SoffiXsponR570.02Ag397600.3.p	ARF	TFF
SoffiXsponR570.07Cg169200.2.p	bHLH	TFF
SoffiXsponR570.05Cg340400.2.p	CAMTA	TFF
SoffiXsponR570.01Bg105100.1.p	CCAAT	TFF
SoffiXsponR570.02Cg039300.2.p	NAC	TFF
SoffiXsponR570.01Eg183500.1.p	MADS	TFF
SoffiXsponR570.03Cg288500.3.p	zf-HD	TFF
SoffiXsponR570.07Eg205100.1.p	C3H	TFF
SoffiXsponR570.8_5Ag193800.2.p	mTERF	OTR
SoffiXsponR570.08Cg132400.2.p	bHLH	TFF
SoffiXsponR570.8_10Ag142600.1.p	AP2-EREBP	TFF
SoffiXsponR570.05Eg230100.1.p	AUX/IAA	OTR
SoffiXsponR570.05Eg083500.3.p	GNAT	OTR
SoffiXsponR570.03Gg128500.1.p	WRKY	TFF
SoffiXsponR570.04Cg266200.1.p	ARF	TFF
SoffiXsponR570.08Cg151700.3.p	C2H2	TFF
SoffiXsponR570.8_10Ag238700.1.p	SET	OTR
SoffiXsponR570.02Eg090600.1.p	MYB	TFF
SoffiXsponR570.08Cg052100.1.p	MYB-related	TFF
SoffiXsponR570.02Bg287400.1.p	WRKY	TFF
SoffiXsponR570.01Ag551200.1.p	Not1	TFF
SoffiXsponR570.05Ag270500.3.p	mTERF	OTR
SoffiXsponR570.01Eg008800.1.p	CCAAT	TFF
SoffiXsponR570.07Ag232300.3.p	FAR1	TFF
SoffiXsponR570.07Ag124900.1.p	MYB-related	TFF
SoffiXsponR570.6_9Ag206200.1.p	SRS	TFF
SoffiXsponR570.6_9Ag144600.1.p	Top	TFF
SoffiXsponR570.01Dg150600.1.p	bHLH	TFF
SoffiXsponR570.05Ag156200.1.p	AP2-EREBP	TFF
SoffiXsponR570.02Gg174100.2.p	HB	TFF
SoffiXsponR570.05Bg107100.1.p	SET	OTR
SoffiXsponR570.01Dg152800.2.p	MED26	OTR
SoffiXsponR570.01Ag159800.1.p	C2C2-YABBY	TFF
SoffiXsponR570.08Ag114700.1.p	CCAAT	TFF
SoffiXsponR570.02Cg076300.2.p	AP2-EREBP	TFF
SoffiXsponR570.03Ag094400.1.p	bHLH	TFF
SoffiXsponR570.02Cg036100.1.p	C2H2	TFF
SoffiXsponR570.01Bg410200.1.p	HSF	TFF
SoffiXsponR570.06Bg037600.1.p	WRKY	TFF
SoffiXsponR570.02Dg033300.2.p	C2H2	TFF
SoffiXsponR570.01Fg180500.1.p	WRKY	TFF
SoffiXsponR570.02Bg368200.1.p	CCAAT	TFF
SoffiXsponR570.5_9Ag292300.4.p	ABI3VP1	TFF
SoffiXsponR570.06Cg156200.1.p	AP2-EREBP	TFF
SoffiXsponR570.05Eg047000.4.p	CPP	TFF
SoffiXsponR570.08Ag146400.1.p	bHLH	TFF
SoffiXsponR570.04Gg072200.1.p	bZIP	TFF
SoffiXsponR570.03Ag257100.1.p	CCAAT	TFF
SoffiXsponR570.02Ag037100.3.p	MYB-related	TFF
SoffiXsponR570.10Bg086500.1.p	RB	OTR
SoffiXsponR570.6us88g037900.2.p	MYB-related	TFF
SoffiXsponR570.05Ag267500.1.p	GRAS	TFF
SoffiXsponR570.07Ag070500.7.p	SET	OTR
SoffiXsponR570.02Eg019000.1.p	TCP	TFF
SoffiXsponR570.04Bg140700.1.p	WRKY	TFF
SoffiXsponR570.8_10Ag276700.1.p	SET	OTR
SoffiXsponR570.01Ag077200.1.p	HB	TFF
SoffiXsponR570.10Bg105300.1.p	zf-HD	TFF
SoffiXsponR570.02Cg079200.1.p	bZIP	TFF
SoffiXsponR570.04Bg206100.1.p	GRAS	TFF
SoffiXsponR570.09Dg002900.1.p	C2C2-Dof	TFF
SoffiXsponR570.02Ag267200.2.p	MADS	TFF
SoffiXsponR570.02Gg218600.1.p	WRKY	TFF
SoffiXsponR570.01Dg204900.1.p	PLATZ	TFF
SoffiXsponR570.04Bg095100.1.p	RWP-RK	TFF
SoffiXsponR570.02Eg200200.1.p	C3H	TFF
SoffiXsponR570.05Bg032200.2.p	bHLH	TFF
SoffiXsponR570.01Fg065200.3.p	GRAS	TFF
SoffiXsponR570.02Fg309900.1.p	bZIP	TFF
SoffiXsponR570.7_10Ag190400.1.p	bHLH	TFF
SoffiXsponR570.03Dg020600.1.p	CSD	TFF
SoffiXsponR570.10Cg178900.1.p	AP2-EREBP	TFF
SoffiXsponR570.10Fg119600.1.p	GRAS	TFF
SoffiXsponR570.10Ag111100.2.p	Sigma70-like	TFF
SoffiXsponR570.04Dg176200.1.p	C3H	TFF
SoffiXsponR570.07Ag184200.2.p	WRKY	TFF
SoffiXsponR570.01Bg087500.4.p	PHD	OTR
SoffiXsponR570.01Bg248100.2.p	GRAS	TFF
SoffiXsponR570.03Cg023400.1.p	GeBP	TFF
SoffiXsponR570.02Cg129300.5.p	SBP	TFF
SoffiXsponR570.09Eg082100.1.p	MYB	TFF
SoffiXsponR570.01Cg039000.2.p	GeBP	TFF
SoffiXsponR570.08Ag193100.2.p	AUX/IAA	OTR
SoffiXsponR570.03Bg226500.2.p	bHLH	TFF
SoffiXsponR570.02Gg273500.1.p	Jumonji	OTR
SoffiXsponR570.02Fg186300.1.p	MYB-related	TFF
SoffiXsponR570.03Bg279800.1.p	NOT2_3_5	OTR
SoffiXsponR570.05Ag067500.2.p	SAP	TFF
SoffiXsponR570.02Bg288800.1.p	OFP	TFF
SoffiXsponR570.04Ag196700.1.p	bZIP	TFF
SoffiXsponR570.01Ag034700.1.p	C2C2-Dof	TFF
SoffiXsponR570.06Fg112700.1.p	C2C2-GATA	TFF
SoffiXsponR570.10Ag139400.1.p	PAS	TFF
SoffiXsponR570.07Eg051900.1.p	GNAT	OTR
SoffiXsponR570.06Cg095900.1.p	MYB	TFF
SoffiXsponR570.1Z054100.1.p	SET	OTR
SoffiXsponR570.01Fg155300.1.p	SAP	TFF
SoffiXsponR570.01Eg051000.3.p	DDT	OTR
SoffiXsponR570.10Bg196000.1.p	AP2-EREBP	TFF
SoffiXsponR570.04Fg030900.3.p	C3H	TFF
SoffiXsponR570.07Dg007800.1.p	C2H2	TFF
SoffiXsponR570.07Cg064600.1.p	S1Fa-like	TFF
SoffiXsponR570.10Dg050000.1.p	TCP	TFF
SoffiXsponR570.1Z112400.1.p	C3H	TFF
SoffiXsponR570.09Ag026900.1.p	NAC	TFF
SoffiXsponR570.06Dg010500.1.p	FHA	TFF
SoffiXsponR570.01Fg097300.1.p	SOH1	OTR
SoffiXsponR570.03Cg314900.1.p	zf-C5HC2	TFF
SoffiXsponR570.03Dg150200.1.p	AP2-EREBP	TFF
SoffiXsponR570.02Gg233000.4.p	GRAS	TFF
SoffiXsponR570.05Fg090600.1.p	MYB	TFF
SoffiXsponR570.9os1g019800.3.p	SAP	TFF
SoffiXsponR570.05Bg291400.2.p	bHLH	TFF
SoffiXsponR570.7_10Ag240100.1.p	MYB	TFF
SoffiXsponR570.03Fg082400.2.p	PHD	OTR
SoffiXsponR570.09Eg020600.3.p	FAR1	TFF
SoffiXsponR570.05Dg130900.1.p	ABI3VP1	TFF
SoffiXsponR570.01Ag316500.3.p	MADS	TFF
SoffiXsponR570.05Bg024900.1.p	AP2-EREBP	TFF
SoffiXsponR570.01Dg069900.2.p	GRAS	TFF
SoffiXsponR570.01Cg332900.2.p	Tify	TFF
SoffiXsponR570.01Eg169700.2.p	ABI3VP1	TFF
SoffiXsponR570.04Cg078900.1.p	ARF	TFF
SoffiXsponR570.05Ag282000.1.p	GRAS	TFF
SoffiXsponR570.04Bg065000.1.p	ARR-B	TFF
SoffiXsponR570.7_10Ag124800.1.p	ARID	OTR
SoffiXsponR570.04Fg015200.2.p	zf-C5HC2	TFF
SoffiXsponR570.03Fg082400.4.p	PHD	OTR
SoffiXsponR570.09Dg037400.1.p	MYB	TFF
SoffiXsponR570.01Cg314900.1.p	bHLH	TFF
SoffiXsponR570.8_5Ag002900.1.p	OFP	TFF
SoffiXsponR570.01Cg069000.2.p	GeBP	TFF
SoffiXsponR570.02Fg129100.1.p	bHLH	TFF
SoffiXsponR570.10Bg174800.1.p	E2F-DP	TFF
SoffiXsponR570.06Eg039800.2.p	MYB	TFF
SoffiXsponR570.03Dg154100.1.p	zf-A20	TFF
SoffiXsponR570.03Ag153800.2.p	E2F-DP	TFF
SoffiXsponR570.02Fg206400.1.p	WRKY	TFF
SoffiXsponR570.03Eg230300.1.p	mTERF	OTR
SoffiXsponR570.05Bg102700.1.p	BBR/BPC	TFF
SoffiXsponR570.03Bg199400.1.p	AP2-EREBP	TFF
SoffiXsponR570.05Gg052500.8.p	PHD	OTR
SoffiXsponR570.03Dg297200.2.p	MADS	TFF
SoffiXsponR570.03Dg246100.1.p	MYB-related	TFF
SoffiXsponR570.02Cg226800.5.p	ARF	TFF
SoffiXsponR570.03Ag161200.5.p	SET	OTR
SoffiXsponR570.03Eg135600.4.p	bHLH	TFF
SoffiXsponR570.8_5Ag132500.1.p	MYB	TFF
SoffiXsponR570.09Ag148300.1.p	GRAS	TFF
SoffiXsponR570.10Ag042200.2.p	PHD	OTR
SoffiXsponR570.10Cg167000.2.p	C2C2-Dof	TFF
SoffiXsponR570.5_9Ag058100.1.p	SAP	TFF
SoffiXsponR570.02Cg362900.3.p	TAZ	TFF
SoffiXsponR570.8_5Ag095400.3.p	SET	OTR
SoffiXsponR570.02Bg248700.1.p	C2C2-Dof	TFF
SoffiXsponR570.1Z145600.4.p	Top	TFF
SoffiXsponR570.10Dg176300.1.p	AP2-EREBP	TFF
SoffiXsponR570.02Fg129100.3.p	bHLH	TFF
SoffiXsponR570.02Cg314500.1.p	WRKY	TFF
SoffiXsponR570.03Bg051400.3.p	ARF	TFF
SoffiXsponR570.02Bg356900.1.p	SBP	TFF
SoffiXsponR570.09Ag096900.1.p	LIM	TFF
SoffiXsponR570.06Dg136600.1.p	Trihelix	TFF
SoffiXsponR570.8_10Ag270900.1.p	bZIP	TFF
SoffiXsponR570.03Ag097700.1.p	bHLH	TFF
SoffiXsponR570.06Fg159000.1.p	C2C2-GATA	TFF
SoffiXsponR570.01Bg248100.3.p	GRAS	TFF
SoffiXsponR570.07Ag145400.2.p	Trihelix	TFF
SoffiXsponR570.05Bg263000.1.p	MYB	TFF
SoffiXsponR570.01Dg116600.1.p	C2C2-Dof	TFF
SoffiXsponR570.02Fg262800.1.p	CPP	TFF
SoffiXsponR570.06Gg034700.2.p	TRAF	OTR
SoffiXsponR570.10us89g020800.1.p	NAC	TFF
SoffiXsponR570.04Gg115700.5.p	ARF	TFF
SoffiXsponR570.05Ag001600.1.p	TRAF	OTR
SoffiXsponR570.07Cg083500.1.p	TRAF	OTR
SoffiXsponR570.01Cg064000.1.p	FAR1	TFF
SoffiXsponR570.02Gg126100.1.p	HMG	OTR
SoffiXsponR570.08Bg063400.1.p	bZIP	TFF
SoffiXsponR570.6_9Ag317000.2.p	WRKY	TFF
SoffiXsponR570.05Eg245300.1.p	HMG	OTR
SoffiXsponR570.01Bg028200.2.p	GRAS	TFF
SoffiXsponR570.02Fg161400.1.p	C3H	TFF
SoffiXsponR570.01Bg347100.4.p	EIL	TFF
SoffiXsponR570.02Dg038800.1.p	WRKY	TFF
SoffiXsponR570.6us88g099400.1.p	OFP	TFF
SoffiXsponR570.10Dg190200.2.p	MYB-related	TFF
SoffiXsponR570.02Dg211200.1.p	MYB	TFF
SoffiXsponR570.04Dg097800.1.p	NAC	TFF
SoffiXsponR570.6us88g046900.1.p	MYB	TFF
SoffiXsponR570.02Eg097400.2.p	bHLH	TFF
SoffiXsponR570.01Bg121000.3.p	C3H	TFF
SoffiXsponR570.01Cg365500.5.p	MYB-related	TFF
SoffiXsponR570.02Bg011700.2.p	OFP	TFF
SoffiXsponR570.05Eg061000.2.p	bHLH	TFF
SoffiXsponR570.04Eg039800.1.p	WRKY	TFF
SoffiXsponR570.02Dg133000.1.p	MYB	TFF
SoffiXsponR570.03Ag055700.2.p	MYB-related	TFF
SoffiXsponR570.04Ag194000.1.p	PLATZ	TFF
SoffiXsponR570.04Ag204500.1.p	HB	TFF
SoffiXsponR570.07Bg274700.1.p	ARF	TFF
SoffiXsponR570.03Bg197400.1.p	AP2-EREBP	TFF
SoffiXsponR570.02Bg223300.1.p	WRKY	TFF
SoffiXsponR570.7_10Ag262700.3.p	Trihelix	TFF
SoffiXsponR570.03Eg216300.11.p	GNAT	OTR
SoffiXsponR570.01Dg048000.6.p	bHLH	TFF
SoffiXsponR570.07Cg074500.1.p	AP2-EREBP	TFF
SoffiXsponR570.04Eg135100.3.p	TAZ	TFF
SoffiXsponR570.01Eg410700.1.p	Jumonji	OTR
SoffiXsponR570.01Bg301200.1.p	GRAS	TFF
SoffiXsponR570.01Cg150000.1.p	C2C2-GATA	TFF
SoffiXsponR570.10Bg205200.1.p	GRAS	TFF
SoffiXsponR570.01Eg384300.3.p	TIG	TFF
SoffiXsponR570.01Bg043000.1.p	bZIP	TFF
SoffiXsponR570.02Gg118300.2.p	C3H	TFF
SoffiXsponR570.01Eg391000.1.p	Tify	TFF
SoffiXsponR570.1Z187200.3.p	bHLH	TFF
SoffiXsponR570.1Z048100.1.p	HB	TFF
SoffiXsponR570.09Eg124400.2.p	TAZ	TFF
SoffiXsponR570.04Cg117700.1.p	zf-C5HC2	TFF
SoffiXsponR570.02Dg391200.1.p	CCAAT	TFF
SoffiXsponR570.7_10Ag092600.2.p	PHD	OTR
SoffiXsponR570.01Ag180200.1.p	C2H2	TFF
SoffiXsponR570.03Ag346000.1.p	zf-fF-X1	TFF
SoffiXsponR570.03Eg186900.1.p	AP2-EREBP	TFF
SoffiXsponR570.03Cg297500.1.p	NOT2_3_5	OTR
SoffiXsponR570.01Ag033600.7.p	GRAS	TFF
SoffiXsponR570.07Cg176000.3.p	C2C2-Dof	TFF
SoffiXsponR570.05Fg311200.2.p	ABI3VP1	TFF
SoffiXsponR570.5_9Ag218100.1.p	MYB	TFF
SoffiXsponR570.02Ag349600.1.p	C2H2	TFF
SoffiXsponR570.03Ag144100.1.p	Trihelix	TFF
SoffiXsponR570.04Cg215600.1.p	TRAF	OTR
SoffiXsponR570.01Eg303100.5.p	EIL	TFF
SoffiXsponR570.05Fg264500.8.p	CCAAT	TFF
SoffiXsponR570.02Cg417000.1.p	Top	TFF
SoffiXsponR570.08Eg067500.1.p	MYB	TFF
SoffiXsponR570.09Dg026600.1.p	FHA	TFF
SoffiXsponR570.01Fg088200.1.p	MYB-related	TFF
SoffiXsponR570.01Fg339500.4.p	Not1	TFF
SoffiXsponR570.01Ag136800.7.p	C3H	TFF
SoffiXsponR570.01Ag353000.3.p	Jumonji	OTR
SoffiXsponR570.01Ag436200.1.p	FAR1	TFF
SoffiXsponR570.03Ag076600.4.p	C3H	TFF
SoffiXsponR570.03Dg289200.1.p	mTERF	OTR
SoffiXsponR570.02Eg198900.1.p	HMG	OTR
SoffiXsponR570.08Bg189900.3.p	bHLH	TFF
SoffiXsponR570.03Ag235700.3.p	MYB-related	TFF
SoffiXsponR570.02Ag430200.1.p	WRKY	TFF
SoffiXsponR570.08Eg083200.1.p	SET	OTR
SoffiXsponR570.02Eg074500.1.p	NAC	TFF
SoffiXsponR570.03Ag161200.1.p	SET	OTR
SoffiXsponR570.1Z053800.1.p	CCAAT	TFF
SoffiXsponR570.5_9Ag050200.2.p	MYB	TFF
SoffiXsponR570.05Cg049600.6.p	PHD	OTR
SoffiXsponR570.01Dg291600.1.p	CCAAT	TFF
SoffiXsponR570.03Dg120500.3.p	MYB	TFF
SoffiXsponR570.03Dg328400.4.p	zf-C5HC2	TFF
SoffiXsponR570.06Cg101700.1.p	NAC	TFF
SoffiXsponR570.02Dg122600.1.p	zf-BED	TFF
SoffiXsponR570.02Fg128900.2.p	SBP	TFF
SoffiXsponR570.02Ag364200.2.p	GRAS	TFF
SoffiXsponR570.1Z095700.2.p	bZIP	TFF
SoffiXsponR570.02Cg107200.1.p	C3H	TFF
SoffiXsponR570.03Cg229100.1.p	MADS	TFF
SoffiXsponR570.05Gg103600.3.p	WRKY	TFF
SoffiXsponR570.02Fg050800.1.p	C3H	TFF
SoffiXsponR570.06Ag199400.1.p	DDT	OTR
SoffiXsponR570.01Cg045400.3.p	AP2-EREBP	TFF
SoffiXsponR570.02Ag400800.1.p	TRAF	OTR
SoffiXsponR570.01Bg286100.3.p	GRAS	TFF
SoffiXsponR570.01Eg154700.1.p	NOT2_3_5	OTR
SoffiXsponR570.06Ag171300.1.p	AUX/IAA	OTR
SoffiXsponR570.04Dg203600.1.p	PHD	OTR
SoffiXsponR570.07Dg168500.1.p	AP2-EREBP	TFF
SoffiXsponR570.03Bg227600.1.p	C2C2-Dof	TFF
SoffiXsponR570.01Eg359300.1.p	AP2-EREBP	TFF
SoffiXsponR570.05Eg156200.1.p	NAC	TFF
SoffiXsponR570.02Cg137200.1.p	AP2-EREBP	TFF
SoffiXsponR570.02Ag264900.2.p	MYB-related	TFF
SoffiXsponR570.02Eg242200.1.p	SWI/SNF-BAF60b	OTR
SoffiXsponR570.05Ag043000.2.p	Rcd1-like	OTR
SoffiXsponR570.02Eg325900.1.p	SET	OTR
SoffiXsponR570.01Ag478600.1.p	bHLH	TFF
SoffiXsponR570.04Eg147100.2.p	bZIP	TFF
SoffiXsponR570.05Dg028900.1.p	HB	TFF
SoffiXsponR570.09Cg067400.1.p	NAC	TFF
SoffiXsponR570.07Cg251500.1.p	ARF	TFF
SoffiXsponR570.10Eg131000.1.p	GRAS	TFF
SoffiXsponR570.06Eg125200.3.p	NAC	TFF
SoffiXsponR570.03Fg112700.1.p	bZIP	TFF
SoffiXsponR570.05Eg166700.2.p	CCAAT	TFF
SoffiXsponR570.02Eg040000.1.p	PHD	OTR
SoffiXsponR570.02Fg159400.1.p	bHLH	TFF
SoffiXsponR570.06Fg167800.3.p	MYB-related	TFF
SoffiXsponR570.02Dg194100.1.p	Top	TFF
SoffiXsponR570.02Eg313400.1.p	bZIP	TFF
SoffiXsponR570.6us88g097000.2.p	bZIP	TFF
SoffiXsponR570.07Ag265500.1.p	ARF	TFF
SoffiXsponR570.10Cg035700.1.p	NAC	TFF
SoffiXsponR570.1Z114200.2.p	NAC	TFF
SoffiXsponR570.02Ag324000.1.p	WRKY	TFF
SoffiXsponR570.05Gg054600.2.p	CPP	TFF
SoffiXsponR570.07Eg088200.1.p	MYB	TFF
SoffiXsponR570.03Gg050200.1.p	bHLH	TFF
SoffiXsponR570.01Dg050600.4.p	AUX/IAA	OTR
SoffiXsponR570.03Bg220300.5.p	zf-C5HC2	TFF
SoffiXsponR570.05Bg036200.1.p	TCP	TFF
SoffiXsponR570.06Ag108400.1.p	mTERF	OTR
SoffiXsponR570.03Dg179100.2.p	C2H2	TFF
SoffiXsponR570.6_9Ag285500.1.p	C3H	TFF
SoffiXsponR570.8_5Ag012600.1.p	bHLH	TFF
SoffiXsponR570.1Z087300.1.p	bHLH	TFF
SoffiXsponR570.03Dg252100.11.p	zf-C5HC2	TFF
SoffiXsponR570.02Eg193400.4.p	bZIP	TFF
SoffiXsponR570.03Cg314900.4.p	zf-C5HC2	TFF
SoffiXsponR570.08Cg103400.1.p	AP2-EREBP	TFF
SoffiXsponR570.01Dg068400.1.p	C2C2-Dof	TFF
SoffiXsponR570.05Bg177800.1.p	bHLH	TFF
SoffiXsponR570.01Bg053100.1.p	AUX/IAA	OTR
SoffiXsponR570.06Ag038400.1.p	Top	TFF
SoffiXsponR570.04Dg074700.1.p	PHD	OTR
SoffiXsponR570.03Bg240100.1.p	C2C2-Dof	TFF
SoffiXsponR570.01Eg157900.3.p	CCAAT	TFF
SoffiXsponR570.8_5Ag163200.3.p	C2H2	TFF
SoffiXsponR570.05Gg192900.1.p	ARID	OTR
SoffiXsponR570.09Cg136000.3.p	ABI3VP1	TFF
SoffiXsponR570.05Fg220600.1.p	GRAS	TFF
SoffiXsponR570.03Dg170900.1.p	C3H	TFF
SoffiXsponR570.7_10Ag309800.1.p	PHD	OTR
SoffiXsponR570.08Cg177500.1.p	TRAF	OTR
SoffiXsponR570.02Gg102700.3.p	C3H	TFF
SoffiXsponR570.04Eg149200.2.p	bHLH	TFF
SoffiXsponR570.05Bg049500.4.p	PHD	OTR
SoffiXsponR570.7_10Ag157300.3.p	TIG	TFF
SoffiXsponR570.05Cg214600.2.p	bHLH	TFF
SoffiXsponR570.7_10Ag280300.8.p	C2H2	TFF
SoffiXsponR570.03Cg333700.1.p	C3H	TFF
SoffiXsponR570.02Gg218700.1.p	WRKY	TFF
SoffiXsponR570.06Eg123600.1.p	NAC	TFF
SoffiXsponR570.05Eg037200.2.p	TCP	TFF
SoffiXsponR570.04Gg105800.1.p	CCAAT	TFF
SoffiXsponR570.05Fg008800.1.p	zf-C5HC2	TFF
SoffiXsponR570.10Eg066700.1.p	MYB	TFF
SoffiXsponR570.09Cg085100.1.p	NAC	TFF
SoffiXsponR570.08Eg114600.1.p	MADS	TFF
SoffiXsponR570.01Ag423600.2.p	GRAS	TFF
SoffiXsponR570.05Cg280400.1.p	MYB-related	TFF
SoffiXsponR570.05Ag079100.1.p	AP2-EREBP	TFF
SoffiXsponR570.02Cg035100.1.p	bHLH	TFF
SoffiXsponR570.03Ag221100.3.p	NAC	TFF
SoffiXsponR570.03Bg029600.2.p	bZIP	TFF
SoffiXsponR570.05Fg299800.3.p	DDT	OTR
SoffiXsponR570.06Cg143100.1.p	OFP	TFF
SoffiXsponR570.02Dg074300.1.p	bHLH	TFF
SoffiXsponR570.02Bg329600.1.p	NAC	TFF
SoffiXsponR570.06Dg019800.1.p	WRKY	TFF
SoffiXsponR570.01Cg040300.4.p	FAR1	TFF
SoffiXsponR570.6_9Ag207500.1.p	AP2-EREBP	TFF
SoffiXsponR570.04Eg014300.2.p	zf-C5HC2	TFF
SoffiXsponR570.01Bg243100.1.p	SAP	TFF
SoffiXsponR570.4us91g053800.1.p	mTERF	OTR
SoffiXsponR570.4us91g039400.1.p	BBR/BPC	TFF
SoffiXsponR570.02Cg075500.1.p	bHLH	TFF
SoffiXsponR570.02Cg370300.3.p	MYB-related	TFF
SoffiXsponR570.03Dg252100.4.p	zf-C5HC2	TFF
SoffiXsponR570.03Eg183200.1.p	SET	OTR
SoffiXsponR570.04Cg220400.3.p	ARF	TFF
SoffiXsponR570.08Ag143200.1.p	AP2-EREBP	TFF
SoffiXsponR570.08Bg086300.1.p	TRAF	OTR
SoffiXsponR570.07Ag248100.6.p	ARF	TFF
SoffiXsponR570.07Eg124800.4.p	C2H2	TFF
SoffiXsponR570.5_9Ag384500.1.p	CCAAT	TFF
SoffiXsponR570.06Cg139500.6.p	TCP	TFF
SoffiXsponR570.09Eg025600.1.p	zf-HD	TFF
SoffiXsponR570.07Ag026000.2.p	TCP	TFF
SoffiXsponR570.07Ag151600.1.p	AP2-EREBP	TFF
SoffiXsponR570.05Ag222900.1.p	bHLH	TFF
SoffiXsponR570.07Eg144800.2.p	WRKY	TFF
SoffiXsponR570.04Eg027100.3.p	TRAF	OTR
SoffiXsponR570.03Dg032900.1.p	bZIP	TFF
SoffiXsponR570.02Eg002900.3.p	bHLH	TFF
SoffiXsponR570.06Dg138200.3.p	ARF	TFF
SoffiXsponR570.01Ag166500.1.p	MYB	TFF
SoffiXsponR570.02Cg174100.2.p	C3H	TFF
SoffiXsponR570.01Cg283000.5.p	FAR1	TFF
SoffiXsponR570.8_10Ag181200.1.p	MYB-related	TFF
SoffiXsponR570.02Fg152200.3.p	Jumonji	OTR
SoffiXsponR570.01Bg125600.3.p	C3H	TFF
SoffiXsponR570.04Bg093300.1.p	mTERF	OTR
SoffiXsponR570.04Gg039000.1.p	TRAF	OTR
SoffiXsponR570.05Cg344500.4.p	MYB-related	TFF
SoffiXsponR570.01Eg303100.3.p	EIL	TFF
SoffiXsponR570.01Cg194300.1.p	PLATZ	TFF
SoffiXsponR570.6_9Ag129100.2.p	MYB	TFF
SoffiXsponR570.7_10Ag333100.1.p	GNAT	OTR
SoffiXsponR570.02Eg313600.1.p	bZIP	TFF
SoffiXsponR570.6us88g122300.1.p	SET	OTR
SoffiXsponR570.02Bg085400.1.p	MYB-related	TFF
SoffiXsponR570.02Ag292700.1.p	BSD	TFF
SoffiXsponR570.02Gg259600.1.p	SWI/SNF-BAF60b	OTR
SoffiXsponR570.04Gg103400.1.p	MYB-related	TFF
SoffiXsponR570.05Bg347600.1.p	GeBP	TFF
SoffiXsponR570.05Cg314300.3.p	GRAS	TFF
SoffiXsponR570.02Dg205600.1.p	HSF	TFF
SoffiXsponR570.06Gg093600.1.p	CPP	TFF
SoffiXsponR570.07Dg098700.1.p	MYB-related	TFF
SoffiXsponR570.8_10Ag346000.1.p	bHLH	TFF
SoffiXsponR570.02Eg082100.1.p	NAC	TFF
SoffiXsponR570.02Dg283000.1.p	NAC	TFF
SoffiXsponR570.05Cg360000.1.p	TRAF	OTR
SoffiXsponR570.05Dg083400.1.p	AP2-EREBP	TFF
SoffiXsponR570.02Dg287500.1.p	SET	OTR
SoffiXsponR570.03Cg298500.2.p	mTERF	OTR
SoffiXsponR570.03Bg151900.1.p	C2H2	TFF
SoffiXsponR570.02Gg260600.2.p	MADS	TFF
SoffiXsponR570.10us89g001200.1.p	PAS	TFF
SoffiXsponR570.03Bg221700.1.p	WRKY	TFF
SoffiXsponR570.03Gg050200.3.p	bHLH	TFF
SoffiXsponR570.05Gg024100.1.p	AP2-EREBP	TFF
SoffiXsponR570.01Eg255300.4.p	CCAAT	TFF
SoffiXsponR570.02Cg236000.1.p	Top	TFF
SoffiXsponR570.09Dg003600.2.p	zf-MIZ	OTR
SoffiXsponR570.05Fg171900.1.p	MYB	TFF
SoffiXsponR570.03Dg240000.2.p	C2H2	TFF
SoffiXsponR570.09Ag050200.1.p	bZIP	TFF
SoffiXsponR570.01Cg202000.1.p	bHLH	TFF
SoffiXsponR570.02Dg141400.2.p	Top	TFF
SoffiXsponR570.02Eg049300.1.p	MED26	OTR
SoffiXsponR570.8_5Ag236800.1.p	bZIP	TFF
SoffiXsponR570.05Dg247700.1.p	MYB	TFF
SoffiXsponR570.05Ag053400.1.p	Tify	TFF
SoffiXsponR570.08Bg189500.2.p	EIL	TFF
SoffiXsponR570.7_10Ag052800.1.p	TUB	TFF
SoffiXsponR570.08Ag216500.1.p	C2C2-Dof	TFF
SoffiXsponR570.10Bg096200.1.p	GRF	TFF
SoffiXsponR570.03Dg080100.2.p	C3H	TFF
SoffiXsponR570.05Bg312500.1.p	GNAT	OTR
SoffiXsponR570.01Eg090900.2.p	MADS	TFF
SoffiXsponR570.05Fg289400.1.p	bZIP	TFF
SoffiXsponR570.03Eg004100.1.p	MADS	TFF
SoffiXsponR570.08Ag044200.1.p	MYB	TFF
SoffiXsponR570.05Eg047000.2.p	CPP	TFF
SoffiXsponR570.6_9Ag187300.2.p	WRKY	TFF
SoffiXsponR570.09Bg059100.1.p	MYB	TFF
SoffiXsponR570.7_10Ag366800.3.p	Top	TFF
SoffiXsponR570.5_9Ag281200.1.p	zf-C5HC2	TFF
SoffiXsponR570.02Ag149200.1.p	C2C2-GATA	TFF
SoffiXsponR570.07Bg249900.4.p	MYB-related	TFF
SoffiXsponR570.01Dg346200.5.p	HB	TFF
SoffiXsponR570.05Ag214800.1.p	MYB-related	TFF
SoffiXsponR570.01Bg360200.3.p	PHD	OTR
SoffiXsponR570.09Eg034200.1.p	WRKY	TFF
SoffiXsponR570.07Cg085100.2.p	bHLH	TFF
SoffiXsponR570.10Fg002000.1.p	AP2-EREBP	TFF
SoffiXsponR570.03Ag006200.6.p	Jumonji	OTR
SoffiXsponR570.02Eg216800.1.p	zf-BED	TFF
SoffiXsponR570.04Ag159400.1.p	MADS	TFF
SoffiXsponR570.02Dg233200.1.p	TUB	TFF
SoffiXsponR570.08Eg148300.2.p	bHLH	TFF
SoffiXsponR570.01Bg148200.1.p	MYB-related	TFF
SoffiXsponR570.05Bg200500.1.p	C3H	TFF
SoffiXsponR570.01Dg178200.3.p	HB	TFF
SoffiXsponR570.08Eg148400.1.p	C2H2	TFF
SoffiXsponR570.5_9Ag490400.1.p	MYB	TFF
SoffiXsponR570.5_9Ag157700.1.p	AUX/IAA	OTR
SoffiXsponR570.10Bg188500.3.p	PAS	TFF
SoffiXsponR570.02Gg087900.1.p	ABI3VP1	TFF
SoffiXsponR570.04Ag076200.3.p	ARR-B	TFF
SoffiXsponR570.5_9Ag488200.2.p	HB	TFF
SoffiXsponR570.01Bg075600.1.p	SWI/SNF-BAF60b	OTR
SoffiXsponR570.02Eg164400.5.p	Top	TFF
SoffiXsponR570.05Ag323900.1.p	GRAS	TFF
SoffiXsponR570.07Cg251500.2.p	ARF	TFF
SoffiXsponR570.8_10Ag250200.1.p	MADS	TFF
SoffiXsponR570.05Dg380700.2.p	EIL	TFF
SoffiXsponR570.06Bg007800.1.p	MYB-related	TFF
SoffiXsponR570.01Bg481600.2.p	Top	TFF
SoffiXsponR570.05Eg125000.1.p	C2H2	TFF
SoffiXsponR570.03Dg241100.1.p	C2C2-Dof	TFF
SoffiXsponR570.03Cg256100.2.p	mTERF	OTR
SoffiXsponR570.03Dg061000.2.p	MYB-related	TFF
SoffiXsponR570.5_9Ag461200.4.p	FHA	TFF
SoffiXsponR570.05Ag170200.1.p	NAC	TFF
SoffiXsponR570.07Cg032800.1.p	MYB	TFF
SoffiXsponR570.06Gg079700.5.p	NOT2_3_5	OTR
SoffiXsponR570.02Eg315500.1.p	NAC	TFF
SoffiXsponR570.01Bg378900.1.p	SART-1	OTR
SoffiXsponR570.02Bg345200.1.p	TAZ	TFF
SoffiXsponR570.06Gg057700.1.p	bZIP	TFF
SoffiXsponR570.01Eg327000.1.p	C2H2	TFF
SoffiXsponR570.04Ag103300.1.p	TCP	TFF
SoffiXsponR570.06Dg061900.6.p	GNAT	OTR
SoffiXsponR570.08Ag133700.1.p	NAC	TFF
SoffiXsponR570.8_5Ag109900.1.p	bZIP	TFF
SoffiXsponR570.08Cg095300.2.p	PAS	TFF
SoffiXsponR570.03Dg223300.1.p	MYB	TFF
SoffiXsponR570.06Fg169200.9.p	SET	OTR
SoffiXsponR570.6_9Ag291900.1.p	AP2-EREBP	TFF
SoffiXsponR570.04Ag063600.1.p	zf-MIZ	OTR
SoffiXsponR570.09Ag025900.1.p	MYB	TFF
SoffiXsponR570.05Ag334700.2.p	CCAAT	TFF
SoffiXsponR570.03Ag288400.1.p	mTERF	OTR
SoffiXsponR570.05Gg203500.1.p	bHLH	TFF
SoffiXsponR570.05Eg243800.1.p	RWP-RK	TFF
SoffiXsponR570.08Eg063500.1.p	MYB	TFF
SoffiXsponR570.08Bg128300.1.p	zf-A20	TFF
SoffiXsponR570.10Dg183200.1.p	AP2-EREBP	TFF
SoffiXsponR570.05Eg029500.1.p	mTERF	OTR
SoffiXsponR570.01Eg241500.1.p	GNAT	OTR
SoffiXsponR570.02Ag129700.2.p	MYB-related	TFF
SoffiXsponR570.08Ag125800.2.p	PHD	OTR
SoffiXsponR570.01Cg052300.1.p	HB	TFF
SoffiXsponR570.03Ag226000.2.p	WRKY	TFF
SoffiXsponR570.03Dg271400.1.p	CCAAT	TFF
SoffiXsponR570.04Bg158100.4.p	HB	TFF
SoffiXsponR570.01Dg306800.2.p	MYB-related	TFF
SoffiXsponR570.07Eg142200.2.p	PLATZ	TFF
SoffiXsponR570.03Cg023400.3.p	GeBP	TFF
SoffiXsponR570.02Eg042300.1.p	MYB-related	TFF
SoffiXsponR570.05Dg264600.1.p	NAC	TFF
SoffiXsponR570.05Bg162800.1.p	bHLH	TFF
SoffiXsponR570.05Eg136100.1.p	GNAT	OTR
SoffiXsponR570.8_5Ag056600.1.p	ABI3VP1	TFF
SoffiXsponR570.06Dg137800.1.p	DDT	OTR
SoffiXsponR570.02Ag049900.1.p	zf-BED	TFF
SoffiXsponR570.03Bg219600.1.p	MYB	TFF
SoffiXsponR570.02Fg072600.1.p	Top	TFF
SoffiXsponR570.02Ag416200.2.p	bHLH	TFF
SoffiXsponR570.01Eg114900.1.p	CCAAT	TFF
SoffiXsponR570.04Bg112300.3.p	bZIP	TFF
SoffiXsponR570.6us88g002500.2.p	ABI3VP1	TFF
SoffiXsponR570.01Cg204800.2.p	bHLH	TFF
SoffiXsponR570.01Dg377800.4.p	HB	TFF
SoffiXsponR570.07Cg174800.2.p	C2H2	TFF
SoffiXsponR570.01Cg107700.3.p	SAP	TFF
SoffiXsponR570.10us89g045000.2.p	bZIP	TFF
SoffiXsponR570.02Dg061300.1.p	Alfin-like	TFF
SoffiXsponR570.10Dg185900.1.p	GRAS	TFF
SoffiXsponR570.06Eg078400.3.p	GNAT	OTR
SoffiXsponR570.01Cg235500.1.p	NAC	TFF
SoffiXsponR570.01Fg331600.2.p	SWI/SNF-BAF60b	OTR
SoffiXsponR570.8_10Ag207800.1.p	TRAF	OTR
SoffiXsponR570.03Cg308800.1.p	DBP	TFF
SoffiXsponR570.04Gg023500.1.p	BBR/BPC	TFF
SoffiXsponR570.06Bg045200.4.p	bHLH	TFF
SoffiXsponR570.09Dg035800.1.p	MED26	OTR
SoffiXsponR570.02Cg040700.2.p	MYB-related	TFF
SoffiXsponR570.06Fg052100.1.p	FHA	TFF
SoffiXsponR570.4us91g062500.2.p	TRAF	OTR
SoffiXsponR570.07Ag233600.1.p	SBP	TFF
SoffiXsponR570.06Eg123400.2.p	SWI/SNF-BAF60b	OTR
SoffiXsponR570.02Gg038100.2.p	MYB	TFF
SoffiXsponR570.01Fg256500.2.p	ABI3VP1	TFF
SoffiXsponR570.01Eg042400.1.p	bHLH	TFF
SoffiXsponR570.07Dg230900.1.p	CCAAT	TFF
SoffiXsponR570.01Bg150100.1.p	zf-LSD1	TFF
SoffiXsponR570.01Eg069500.2.p	mTERF	OTR
SoffiXsponR570.05Fg001300.1.p	C2H2	TFF
SoffiXsponR570.02Fg112500.1.p	C3H	TFF
SoffiXsponR570.02Ag395400.1.p	NAC	TFF
SoffiXsponR570.1Z251500.1.p	AP2-EREBP	TFF
SoffiXsponR570.10us89g060700.1.p	FHA	TFF
SoffiXsponR570.02Fg034200.1.p	C2H2	TFF
SoffiXsponR570.08Dg155800.1.p	bZIP	TFF
SoffiXsponR570.03Eg285000.3.p	zf-C5HC2	TFF
SoffiXsponR570.08Eg001100.3.p	bZIP	TFF
SoffiXsponR570.8_10Ag024400.3.p	Yl1	TFF
SoffiXsponR570.01Ag466200.1.p	TRAF	OTR
SoffiXsponR570.01Ag531400.7.p	HB	TFF
SoffiXsponR570.1Z267400.4.p	TRAF	OTR
SoffiXsponR570.09Eg130100.3.p	CPP	TFF
SoffiXsponR570.06Cg080600.1.p	TRAF	OTR
SoffiXsponR570.03Cg112300.3.p	MYB	TFF
SoffiXsponR570.03Bg304000.1.p	AUX/IAA	OTR
SoffiXsponR570.02Eg257200.1.p	BSD	TFF
SoffiXsponR570.09Ag075500.1.p	RWP-RK	TFF
SoffiXsponR570.5_9Ag173900.1.p	MADS	TFF
SoffiXsponR570.7_10Ag010100.2.p	TRAF	OTR
SoffiXsponR570.02Gg213600.1.p	AP2-EREBP	TFF
SoffiXsponR570.7_10Ag267200.1.p	AP2-EREBP	TFF
SoffiXsponR570.1Z004000.1.p	C2C2-Dof	TFF
SoffiXsponR570.03Dg175500.3.p	bHLH	TFF
SoffiXsponR570.6_9Ag226900.5.p	NAC	TFF
SoffiXsponR570.05Fg251800.1.p	C2H2	TFF
SoffiXsponR570.6_9Ag061000.1.p	TCP	TFF
SoffiXsponR570.03Eg115000.1.p	C2H2	TFF
SoffiXsponR570.06Fg169200.10.p	SET	OTR
SoffiXsponR570.06Fg166500.1.p	SET	OTR
SoffiXsponR570.03Gg124100.1.p	TUB	TFF
SoffiXsponR570.07Eg123600.1.p	HMG	OTR
SoffiXsponR570.01Eg387600.9.p	MADS	TFF
SoffiXsponR570.05Fg208600.1.p	GRAS	TFF
SoffiXsponR570.04Dg000300.2.p	NAC	TFF
SoffiXsponR570.01Ag139900.1.p	C2C2-GATA	TFF
SoffiXsponR570.05Eg329700.7.p	CCAAT	TFF
SoffiXsponR570.04Gg102600.1.p	C2C2-CO-like	TFF
SoffiXsponR570.02Eg261800.1.p	bHLH	TFF
SoffiXsponR570.06Cg083200.3.p	mTERF	OTR
SoffiXsponR570.9os1g036100.2.p	SWI/SNF-BAF60b	OTR
SoffiXsponR570.03Bg073400.1.p	PHD	OTR
SoffiXsponR570.05Dg128400.1.p	AP2-EREBP	TFF
SoffiXsponR570.04Bg024600.1.p	NAC	TFF
SoffiXsponR570.08Cg151700.1.p	C2H2	TFF
SoffiXsponR570.01Fg060400.1.p	Tify	TFF
SoffiXsponR570.05Bg196900.1.p	bHLH	TFF
SoffiXsponR570.08Cg083600.3.p	SET	OTR
SoffiXsponR570.01Dg057300.1.p	ABI3VP1	TFF
SoffiXsponR570.01Bg108700.1.p	PHD	OTR
SoffiXsponR570.06Gg097500.1.p	TUB	TFF
SoffiXsponR570.03Bg228300.5.p	SET	OTR
SoffiXsponR570.03Ag288300.1.p	mTERF	OTR
SoffiXsponR570.05Fg157400.1.p	bZIP	TFF
SoffiXsponR570.5_9Ag137600.2.p	mTERF	OTR
SoffiXsponR570.01Bg157900.1.p	ABI3VP1	TFF
SoffiXsponR570.02Bg175600.2.p	HSF	TFF
SoffiXsponR570.02Eg319200.1.p	AP2-EREBP	TFF
SoffiXsponR570.04Fg019000.1.p	C2C2-CO-like	TFF
SoffiXsponR570.10Cg163200.1.p	FHA	TFF
SoffiXsponR570.01Fg289400.5.p	HB	TFF
SoffiXsponR570.08Bg148200.1.p	bHLH	TFF
SoffiXsponR570.02Cg352500.1.p	PHD	OTR
SoffiXsponR570.05Ag263300.1.p	GRF	TFF
SoffiXsponR570.01Cg272700.2.p	Sigma70-like	TFF
SoffiXsponR570.02Dg196000.1.p	GNAT	OTR
SoffiXsponR570.02Eg100600.2.p	bHLH	TFF
SoffiXsponR570.06Dg117000.2.p	ARF	TFF
SoffiXsponR570.01Cg188900.1.p	CCAAT	TFF
SoffiXsponR570.05Gg121600.1.p	WRKY	TFF
SoffiXsponR570.09Ag016400.1.p	TRAF	OTR
SoffiXsponR570.05Ag379300.2.p	C3H	TFF
SoffiXsponR570.02Fg363900.1.p	CCAAT	TFF
SoffiXsponR570.1Z203900.2.p	bZIP	TFF
SoffiXsponR570.05Cg051400.2.p	CPP	TFF
SoffiXsponR570.02Dg179000.4.p	MYB-related	TFF
SoffiXsponR570.01Fg322300.2.p	HB	TFF
SoffiXsponR570.05Fg093000.1.p	bHLH	TFF
SoffiXsponR570.8_10Ag197400.2.p	CCAAT	TFF
SoffiXsponR570.03Bg034000.1.p	bZIP	TFF
SoffiXsponR570.9us90g013600.1.p	PHD	OTR
SoffiXsponR570.04Fg114300.3.p	ARF	TFF
SoffiXsponR570.06Ag218500.5.p	bHLH	TFF
SoffiXsponR570.05Cg348400.1.p	SART-1	OTR
SoffiXsponR570.01Dg328100.1.p	AP2-EREBP	TFF
SoffiXsponR570.04Fg133300.1.p	ARF	TFF
SoffiXsponR570.07Dg152800.1.p	AP2-EREBP	TFF
SoffiXsponR570.05Gg084000.1.p	MADS	TFF
SoffiXsponR570.04Gg046100.1.p	mTERF	OTR
SoffiXsponR570.06Ag046300.1.p	ABI3VP1	TFF
SoffiXsponR570.05Gg054600.1.p	CPP	TFF
SoffiXsponR570.02Fg291500.2.p	bZIP	TFF
SoffiXsponR570.02Bg115400.1.p	bHLH	TFF
SoffiXsponR570.6_9Ag223700.1.p	NAC	TFF
SoffiXsponR570.01Cg097700.1.p	TRAF	OTR
SoffiXsponR570.02Cg109000.1.p	Top	TFF
SoffiXsponR570.1Z148400.1.p	GeBP	TFF
SoffiXsponR570.03Ag304000.8.p	GNAT	OTR
SoffiXsponR570.6_9Ag161400.1.p	WRKY	TFF
SoffiXsponR570.06Ag098400.3.p	NAC	TFF
SoffiXsponR570.04Bg158100.3.p	HB	TFF
SoffiXsponR570.08Bg173100.2.p	FHA	TFF
SoffiXsponR570.03Eg277600.3.p	MYB-related	TFF
SoffiXsponR570.08Ag106400.1.p	MYB-related	TFF
SoffiXsponR570.8_5Ag161300.1.p	bHLH	TFF
SoffiXsponR570.01Ag242800.1.p	TFIID	TFF
SoffiXsponR570.7_10Ag118800.1.p	SET	OTR
SoffiXsponR570.02Fg338600.2.p	ARR-B	TFF
SoffiXsponR570.01Dg201100.1.p	CCAAT	TFF
SoffiXsponR570.03Dg082200.1.p	GRAS	TFF
SoffiXsponR570.05Eg122800.1.p	MYB-related	TFF
SoffiXsponR570.03Bg040100.2.p	SBP	TFF
SoffiXsponR570.05Cg178700.2.p	Tify	TFF
SoffiXsponR570.5_9Ag247600.1.p	GNAT	OTR
SoffiXsponR570.01Fg217700.1.p	SART-1	OTR
SoffiXsponR570.03Ag055600.1.p	SBP	TFF
SoffiXsponR570.01Bg428800.1.p	C2H2	TFF
SoffiXsponR570.02Ag365100.1.p	MADS	TFF
SoffiXsponR570.05Eg351500.1.p	C3H	TFF
SoffiXsponR570.02Fg060100.1.p	AP2-EREBP	TFF
SoffiXsponR570.10Bg003000.3.p	SAP	TFF
SoffiXsponR570.03Gg104000.2.p	MYB	TFF
SoffiXsponR570.07Bg093900.5.p	FHA	TFF
SoffiXsponR570.02Fg136900.1.p	AP2-EREBP	TFF
SoffiXsponR570.5_9Ag159900.1.p	HSF	TFF
SoffiXsponR570.10us89g047000.1.p	NAC	TFF
SoffiXsponR570.05Cg159100.1.p	Jumonji	OTR
SoffiXsponR570.1Z287300.1.p	zf-C5HC2	TFF
SoffiXsponR570.03Fg132200.1.p	GeBP	TFF
SoffiXsponR570.01Dg056800.1.p	ABI3VP1	TFF
SoffiXsponR570.01Dg331900.3.p	MADS	TFF
SoffiXsponR570.08Dg027600.1.p	bHLH	TFF
SoffiXsponR570.02Ag354500.2.p	TUB	TFF
SoffiXsponR570.09Eg020600.4.p	FAR1	TFF
SoffiXsponR570.7_10Ag144900.2.p	bHLH	TFF
SoffiXsponR570.5_9Ag483800.1.p	ABI3VP1	TFF
SoffiXsponR570.08Dg014100.1.p	TRAF	OTR
SoffiXsponR570.02Dg194100.3.p	Top	TFF
SoffiXsponR570.01Ag531800.2.p	HB	TFF
SoffiXsponR570.5_9Ag182700.1.p	C3H	TFF
SoffiXsponR570.02Dg037700.1.p	MYB-related	TFF
SoffiXsponR570.03Bg310300.1.p	C2H2	TFF
SoffiXsponR570.01Dg052300.2.p	LIM	TFF
SoffiXsponR570.04Dg026600.1.p	BBR/BPC	TFF
SoffiXsponR570.02Eg287700.2.p	WRKY	TFF
SoffiXsponR570.04Dg198300.1.p	HMG	OTR
SoffiXsponR570.5_9Ag348900.1.p	bZIP	TFF
SoffiXsponR570.07Bg260700.1.p	ABI3VP1	TFF
SoffiXsponR570.8_10Ag232400.1.p	PAS	TFF
SoffiXsponR570.10Cg042600.1.p	bZIP	TFF
SoffiXsponR570.10Fg123400.1.p	GRAS	TFF
SoffiXsponR570.01Eg402000.7.p	HB	TFF
SoffiXsponR570.8_5Ag223300.1.p	SAP	TFF
SoffiXsponR570.04Dg137800.3.p	CPP	TFF
SoffiXsponR570.05Ag091400.1.p	Alfin-like	TFF
SoffiXsponR570.07Cg274800.1.p	TUB	TFF
SoffiXsponR570.04Ag200200.1.p	zf-BED	TFF
SoffiXsponR570.03Dg328400.2.p	zf-C5HC2	TFF
SoffiXsponR570.01Ag072400.2.p	FAR1	TFF
SoffiXsponR570.06Fg034300.1.p	MYB-related	TFF
SoffiXsponR570.8_5Ag095400.1.p	SET	OTR
SoffiXsponR570.09Cg085800.3.p	ARF	TFF
SoffiXsponR570.03Eg120600.1.p	MADS	TFF
SoffiXsponR570.05Dg034400.1.p	bHLH	TFF
SoffiXsponR570.6_9Ag203200.1.p	GNAT	OTR
SoffiXsponR570.02Bg309900.1.p	MYB	TFF
SoffiXsponR570.04Bg127500.1.p	C3H	TFF
SoffiXsponR570.05Cg272700.1.p	SBP	TFF
SoffiXsponR570.07Cg169200.3.p	bHLH	TFF
SoffiXsponR570.04Bg243200.4.p	SBP	TFF
SoffiXsponR570.8_5Ag070400.2.p	CCAAT	TFF
SoffiXsponR570.03Cg123200.1.p	WRKY	TFF
SoffiXsponR570.07Cg155800.1.p	C2C2-GATA	TFF
SoffiXsponR570.07Ag201800.1.p	bHLH	TFF
SoffiXsponR570.02Dg245000.1.p	MYB	TFF
SoffiXsponR570.02Bg303000.1.p	WRKY	TFF
SoffiXsponR570.02Bg186200.4.p	C3H	TFF
SoffiXsponR570.05Cg188500.1.p	bZIP	TFF
SoffiXsponR570.08Cg177100.4.p	TRAF	OTR
SoffiXsponR570.1Z130100.1.p	AP2-EREBP	TFF
SoffiXsponR570.05Gg132200.1.p	MYB	TFF
SoffiXsponR570.02Bg325300.1.p	PHD	OTR
SoffiXsponR570.05Gg032000.4.p	bHLH	TFF
SoffiXsponR570.04Fg052100.1.p	MADS	TFF
SoffiXsponR570.07Eg209500.3.p	ABI3VP1	TFF
SoffiXsponR570.05Fg293600.1.p	TRAF	OTR
SoffiXsponR570.05Cg171300.1.p	AP2-EREBP	TFF
SoffiXsponR570.02Ag352000.1.p	OFP	TFF
SoffiXsponR570.01Cg034100.1.p	TRAF	OTR
SoffiXsponR570.10Ag047800.1.p	NAC	TFF
SoffiXsponR570.09Ag055200.2.p	TCP	TFF
SoffiXsponR570.07Bg158000.3.p	C2C2-GATA	TFF
SoffiXsponR570.05Fg162500.1.p	AP2-EREBP	TFF
SoffiXsponR570.02Bg357800.2.p	TIG	TFF
SoffiXsponR570.01Cg140600.1.p	PLATZ	TFF
SoffiXsponR570.04Ag254400.3.p	MYB-related	TFF
SoffiXsponR570.01Dg048000.3.p	bHLH	TFF
SoffiXsponR570.06Ag175700.1.p	HSF	TFF
SoffiXsponR570.03Gg084800.2.p	bHLH	TFF
SoffiXsponR570.03Dg271500.1.p	CCAAT	TFF
SoffiXsponR570.01Bg432800.1.p	GRAS	TFF
SoffiXsponR570.01Dg339000.1.p	AP2-EREBP	TFF
SoffiXsponR570.01Cg354000.2.p	E2F-DP	TFF
SoffiXsponR570.01Ag408200.1.p	MYB	TFF
SoffiXsponR570.10Cg054600.1.p	NAC	TFF
SoffiXsponR570.5_9Ag046600.1.p	SART-1	OTR
SoffiXsponR570.03Dg037900.1.p	MYB-related	TFF
SoffiXsponR570.02Gg204000.2.p	AP2-EREBP	TFF
SoffiXsponR570.10Eg121900.1.p	AP2-EREBP	TFF
SoffiXsponR570.02Fg309900.6.p	bZIP	TFF
SoffiXsponR570.10Cg061000.2.p	ABI3VP1	TFF
SoffiXsponR570.02Gg179900.1.p	bZIP	TFF
SoffiXsponR570.8_10Ag034000.1.p	SAP	TFF
SoffiXsponR570.04Fg014800.2.p	NAC	TFF
SoffiXsponR570.08Dg016100.1.p	MYB	TFF
SoffiXsponR570.01Eg195600.3.p	Trihelix	TFF
SoffiXsponR570.02Bg001000.1.p	C2H2	TFF
SoffiXsponR570.4us91g042200.1.p	SET	OTR
SoffiXsponR570.10Fg117300.2.p	AP2-EREBP	TFF
SoffiXsponR570.05Bg223600.1.p	AP2-EREBP	TFF
SoffiXsponR570.05Ag344000.4.p	CAMTA	TFF
SoffiXsponR570.04Cg018100.1.p	SET	OTR
SoffiXsponR570.01Cg045800.1.p	TRAF	OTR
SoffiXsponR570.03Bg309100.1.p	NAC	TFF
SoffiXsponR570.01Ag317100.3.p	HB	TFF
SoffiXsponR570.06Dg047000.3.p	AP2-EREBP	TFF
SoffiXsponR570.02Ag230900.1.p	WRKY	TFF
SoffiXsponR570.8_5Ag224000.1.p	Tudor-knot	OTR
SoffiXsponR570.07Ag253400.1.p	Top	TFF
SoffiXsponR570.06Gg053800.1.p	MYB-related	TFF
SoffiXsponR570.01Bg275400.2.p	MED26	OTR
SoffiXsponR570.01Cg150100.2.p	Not1	TFF
SoffiXsponR570.06Cg122900.2.p	NOT2_3_5	OTR
SoffiXsponR570.03Eg214000.1.p	CCAAT	TFF
SoffiXsponR570.06Ag078100.1.p	OFP	TFF
SoffiXsponR570.06Ag022500.4.p	SAP	TFF
SoffiXsponR570.04Ag198700.2.p	MYB	TFF
SoffiXsponR570.02Dg224000.1.p	C2C2-GATA	TFF
SoffiXsponR570.06Fg027700.1.p	MYB	TFF
SoffiXsponR570.02Bg313800.1.p	bZIP	TFF
SoffiXsponR570.08Ag084400.1.p	ABI3VP1	TFF
SoffiXsponR570.02Fg209700.1.p	MYB-related	TFF
SoffiXsponR570.05Cg377500.4.p	ABI3VP1	TFF
SoffiXsponR570.01Eg020800.2.p	mTERF	OTR
SoffiXsponR570.02Eg037600.1.p	WRKY	TFF
SoffiXsponR570.05Ag367800.1.p	DDT	OTR
SoffiXsponR570.02Gg143800.1.p	AP2-EREBP	TFF
SoffiXsponR570.06Cg017400.1.p	MYB-related	TFF
SoffiXsponR570.02Fg244600.1.p	MADS	TFF
SoffiXsponR570.03Dg099900.1.p	HB	TFF
SoffiXsponR570.09Bg035000.2.p	SET	OTR
SoffiXsponR570.02Dg367700.1.p	ABI3VP1	TFF
SoffiXsponR570.05Fg140400.2.p	MYB-related	TFF
SoffiXsponR570.03Ag320500.1.p	AP2-EREBP	TFF
SoffiXsponR570.05Ag084300.1.p	FHA	TFF
SoffiXsponR570.08Ag191500.2.p	mTERF	OTR
SoffiXsponR570.08Eg067600.1.p	zf-BED	TFF
SoffiXsponR570.10Bg116700.1.p	ABI3VP1	TFF
SoffiXsponR570.02Dg307900.1.p	SET	OTR
SoffiXsponR570.03Bg214700.1.p	MYB-related	TFF
SoffiXsponR570.5_9Ag123200.1.p	SBP	TFF
SoffiXsponR570.9os1g019800.8.p	SAP	TFF
SoffiXsponR570.02Dg247200.1.p	Coactivator_p15	OTR
SoffiXsponR570.6us88g078700.3.p	MADS	TFF
SoffiXsponR570.02Dg314500.1.p	WRKY	TFF
SoffiXsponR570.8_5Ag086500.2.p	PHD	OTR
SoffiXsponR570.03Ag114800.3.p	MYB	TFF
SoffiXsponR570.02Dg059600.1.p	MYB-related	TFF
SoffiXsponR570.05Bg193200.3.p	WRKY	TFF
SoffiXsponR570.10Fg011600.1.p	C3H	TFF
SoffiXsponR570.02Fg027200.1.p	BES1	TFF
SoffiXsponR570.6us88g093500.2.p	C2C2-GATA	TFF
SoffiXsponR570.08Ag193700.1.p	MYB	TFF
SoffiXsponR570.05Bg049500.1.p	PHD	OTR
SoffiXsponR570.07Bg093900.1.p	FHA	TFF
SoffiXsponR570.08Bg085300.1.p	TRAF	OTR
SoffiXsponR570.06Cg036500.6.p	bHLH	TFF
SoffiXsponR570.10Dg017700.1.p	AP2-EREBP	TFF
SoffiXsponR570.7_10Ag280300.3.p	C2H2	TFF
SoffiXsponR570.01Cg061000.1.p	PAS	TFF
SoffiXsponR570.05Ag333400.2.p	MADS	TFF
SoffiXsponR570.01Dg004100.1.p	GRAS	TFF
SoffiXsponR570.06Ag201400.1.p	AP2-EREBP	TFF
SoffiXsponR570.02Ag038400.1.p	MYB-related	TFF
SoffiXsponR570.5_9Ag292300.2.p	ABI3VP1	TFF
SoffiXsponR570.02Ag355300.1.p	AP2-EREBP	TFF
SoffiXsponR570.01Cg325900.3.p	TIG	TFF
SoffiXsponR570.03Gg070100.5.p	mTERF	OTR
SoffiXsponR570.05Fg062700.1.p	C2H2	TFF
SoffiXsponR570.05Ag369700.2.p	TUB	TFF
SoffiXsponR570.02Fg285600.2.p	bZIP	TFF
SoffiXsponR570.02Dg341200.1.p	MYB-related	TFF
SoffiXsponR570.03Cg227300.1.p	C3H	TFF
SoffiXsponR570.08Ag144900.1.p	C2H2	TFF
SoffiXsponR570.10Bg163000.2.p	bHLH	TFF
SoffiXsponR570.01Dg314400.1.p	ABI3VP1	TFF
SoffiXsponR570.03Cg242100.1.p	Top	TFF
SoffiXsponR570.02Eg393700.1.p	WRKY	TFF
SoffiXsponR570.02Cg369800.1.p	GRAS	TFF
SoffiXsponR570.10Eg050600.1.p	ARF	TFF
SoffiXsponR570.05Bg197800.1.p	bZIP	TFF
SoffiXsponR570.02Dg065200.1.p	CCAAT	TFF
SoffiXsponR570.01Cg199900.1.p	zf-LSD1	TFF
SoffiXsponR570.02Eg164400.12.p	Top	TFF
SoffiXsponR570.01Eg058700.2.p	bHLH	TFF
SoffiXsponR570.10Ag045600.2.p	bZIP	TFF
SoffiXsponR570.01Ag366000.1.p	mTERF	OTR
SoffiXsponR570.02Dg261400.1.p	OFP	TFF
SoffiXsponR570.01Ag341900.1.p	CCAAT	TFF
SoffiXsponR570.05Gg160700.3.p	GNAT	OTR
SoffiXsponR570.01Ag481100.5.p	MADS	TFF
SoffiXsponR570.6_9Ag218300.1.p	FAR1	TFF
SoffiXsponR570.07Dg145700.1.p	AP2-EREBP	TFF
SoffiXsponR570.05Ag115000.1.p	AP2-EREBP	TFF
SoffiXsponR570.01Ag411000.3.p	PHD	OTR
SoffiXsponR570.02Ag106300.1.p	NAC	TFF
SoffiXsponR570.07Eg003700.1.p	TCP	TFF
SoffiXsponR570.04Gg083800.1.p	RWP-RK	TFF
SoffiXsponR570.07Dg106000.1.p	MYB	TFF
SoffiXsponR570.08Ag217500.1.p	bHLH	TFF
SoffiXsponR570.01Ag067900.3.p	mTERF	OTR
SoffiXsponR570.02Ag097500.1.p	bHLH	TFF
SoffiXsponR570.04Cg117700.6.p	zf-C5HC2	TFF
SoffiXsponR570.02Bg115400.2.p	bHLH	TFF
SoffiXsponR570.7os1g074300.1.p	SBP	TFF
SoffiXsponR570.01Eg369000.1.p	ABI3VP1	TFF
SoffiXsponR570.01Bg158200.1.p	C2C2-Dof	TFF
SoffiXsponR570.01Dg269000.1.p	Pseudo_ARR-B	OTR
SoffiXsponR570.07Cg039900.1.p	bHLH	TFF
SoffiXsponR570.09Bg134800.1.p	NAC	TFF
SoffiXsponR570.03Cg209500.2.p	C2C2-GATA	TFF
SoffiXsponR570.06Ag023600.1.p	MYB-related	TFF
SoffiXsponR570.02Ag006500.6.p	ABI3VP1	TFF
SoffiXsponR570.7_10Ag194700.2.p	GRAS	TFF
SoffiXsponR570.8_10Ag074200.1.p	WRKY	TFF
SoffiXsponR570.6_9Ag036900.8.p	SET	OTR
SoffiXsponR570.03Eg128300.2.p	SET	OTR
SoffiXsponR570.08Dg013000.1.p	bHLH	TFF
SoffiXsponR570.6_9Ag263500.3.p	CCAAT	TFF
SoffiXsponR570.08Ag172200.1.p	bHLH	TFF
SoffiXsponR570.9os1g002500.4.p	SET	OTR
SoffiXsponR570.06Fg051900.4.p	ABI3VP1	TFF
SoffiXsponR570.01Fg274400.2.p	MADS	TFF
SoffiXsponR570.05Ag288300.1.p	FHA	TFF
SoffiXsponR570.03Dg243600.2.p	MYB-related	TFF
SoffiXsponR570.5_9Ag411800.1.p	TCP	TFF
SoffiXsponR570.09Dg035800.3.p	MED26	OTR
SoffiXsponR570.10os1g001500.2.p	PAS	TFF
SoffiXsponR570.01Bg316600.1.p	Jumonji	OTR
SoffiXsponR570.10Cg175000.1.p	AP2-EREBP	TFF
SoffiXsponR570.10Ag113200.1.p	NAC	TFF
SoffiXsponR570.06Cg052500.1.p	OFP	TFF
SoffiXsponR570.05Cg384500.1.p	bZIP	TFF
SoffiXsponR570.5_9Ag019700.2.p	ABI3VP1	TFF
SoffiXsponR570.8_10Ag047300.2.p	ARF	TFF
SoffiXsponR570.01Cg283500.3.p	Top	TFF
SoffiXsponR570.01Eg115700.1.p	MYB	TFF
SoffiXsponR570.01Dg178200.1.p	HB	TFF
SoffiXsponR570.03Cg155200.1.p	Coactivator_p15	OTR
SoffiXsponR570.01Cg006600.1.p	WRKY	TFF
SoffiXsponR570.10Bg052200.3.p	MED26	OTR
SoffiXsponR570.9us90g030800.3.p	MYB	TFF
SoffiXsponR570.03Ag060700.1.p	SBP	TFF
SoffiXsponR570.08Bg112100.2.p	WRKY	TFF
SoffiXsponR570.6us88g089100.2.p	MYB-related	TFF
SoffiXsponR570.09Eg049300.3.p	C2C2-GATA	TFF
SoffiXsponR570.01Cg213600.2.p	MYB-related	TFF
SoffiXsponR570.05Fg299800.5.p	DDT	OTR
SoffiXsponR570.07Dg206200.1.p	FAR1	TFF
SoffiXsponR570.05Fg130000.1.p	C2C2-Dof	TFF
SoffiXsponR570.02Cg083400.1.p	AP2-EREBP	TFF
SoffiXsponR570.07Eg164500.2.p	zf-BED	TFF
SoffiXsponR570.04Ag138100.4.p	C3H	TFF
SoffiXsponR570.07Cg163400.1.p	AP2-EREBP	TFF
SoffiXsponR570.07Bg170900.1.p	bHLH	TFF
SoffiXsponR570.09Bg039800.5.p	DDT	OTR
SoffiXsponR570.6_9Ag224900.1.p	AP2-EREBP	TFF
SoffiXsponR570.05Dg042800.1.p	C2C2-YABBY	TFF
SoffiXsponR570.02Fg290400.2.p	SET	OTR
SoffiXsponR570.03Eg020900.1.p	CSD	TFF
SoffiXsponR570.09Cg025000.2.p	GRAS	TFF
SoffiXsponR570.02Eg281800.1.p	AP2-EREBP	TFF
SoffiXsponR570.04Fg135500.1.p	TAZ	TFF
SoffiXsponR570.03Eg139500.1.p	C2H2	TFF
SoffiXsponR570.01Cg291800.2.p	bZIP	TFF
SoffiXsponR570.6us88g052200.1.p	GRAS	TFF
SoffiXsponR570.01Dg286100.1.p	bHLH	TFF
SoffiXsponR570.02Eg164400.3.p	Top	TFF
SoffiXsponR570.01Fg152300.4.p	TIG	TFF
SoffiXsponR570.02Bg112700.1.p	MYB	TFF
SoffiXsponR570.01Bg157200.2.p	ABI3VP1	TFF
SoffiXsponR570.07Eg058800.1.p	NAC	TFF
SoffiXsponR570.7_10Ag274700.3.p	bHLH	TFF
SoffiXsponR570.08Cg185900.3.p	SBP	TFF
SoffiXsponR570.8_5Ag262600.1.p	MYB-related	TFF
SoffiXsponR570.8_10Ag029000.1.p	HMG	OTR
SoffiXsponR570.05Cg382200.1.p	MYB	TFF
SoffiXsponR570.01Eg179500.2.p	mTERF	OTR
SoffiXsponR570.06Ag037900.1.p	MYB-related	TFF
SoffiXsponR570.6us88g106800.1.p	DDT	OTR
SoffiXsponR570.9os1g055900.3.p	MYB	TFF
SoffiXsponR570.02Ag174800.2.p	zf-BED	TFF
SoffiXsponR570.04Bg144500.1.p	NAC	TFF
SoffiXsponR570.08Eg105100.1.p	bHLH	TFF
SoffiXsponR570.09Dg091500.1.p	ABI3VP1	TFF
SoffiXsponR570.08Eg110100.3.p	RB	OTR
SoffiXsponR570.02Gg323400.1.p	SET	OTR
SoffiXsponR570.5_9Ag446200.1.p	C2C2-Dof	TFF
SoffiXsponR570.01Ag542800.1.p	Trihelix	TFF
SoffiXsponR570.02Cg261800.1.p	HSF	TFF
SoffiXsponR570.08Bg115000.3.p	SET	OTR
SoffiXsponR570.01Cg302000.3.p	HSF	TFF
SoffiXsponR570.01Cg302400.3.p	MYB-related	TFF
SoffiXsponR570.01Eg169100.1.p	ABI3VP1	TFF
SoffiXsponR570.10Bg205700.2.p	GRAS	TFF
SoffiXsponR570.10Eg027200.1.p	AP2-EREBP	TFF
SoffiXsponR570.01Eg330500.3.p	C2C2-Dof	TFF
SoffiXsponR570.07Eg112400.1.p	SBP	TFF
SoffiXsponR570.05Ag293700.1.p	CCAAT	TFF
SoffiXsponR570.10Bg037600.1.p	GRAS	TFF
SoffiXsponR570.8_5Ag169800.1.p	bHLH	TFF
SoffiXsponR570.06Eg030300.3.p	SAP	TFF
SoffiXsponR570.03Eg077500.2.p	Top	TFF
SoffiXsponR570.02Bg253000.1.p	TCP	TFF
SoffiXsponR570.01Fg134900.1.p	WRKY	TFF
SoffiXsponR570.6us88g117000.2.p	GRAS	TFF
SoffiXsponR570.01Ag143800.2.p	GRF	TFF
SoffiXsponR570.04Eg007300.1.p	TRAF	OTR
SoffiXsponR570.03Eg175800.1.p	AP2-EREBP	TFF
SoffiXsponR570.03Eg183400.1.p	WRKY	TFF
SoffiXsponR570.03Cg155400.3.p	SET	OTR
SoffiXsponR570.06Dg061900.4.p	GNAT	OTR
SoffiXsponR570.06Ag165200.2.p	ARF	TFF
SoffiXsponR570.04Fg072800.2.p	bZIP	TFF
SoffiXsponR570.01Bg280900.2.p	bHLH	TFF
SoffiXsponR570.02Gg234100.1.p	MYB-related	TFF
SoffiXsponR570.06Ag025100.1.p	C3H	TFF
SoffiXsponR570.02Ag309500.2.p	AP2-EREBP	TFF
SoffiXsponR570.02Ag054800.1.p	bZIP	TFF
SoffiXsponR570.07Ag165100.1.p	C2C2-Dof	TFF
SoffiXsponR570.01Dg057600.1.p	C2C2-Dof	TFF
SoffiXsponR570.02Gg127500.3.p	C3H	TFF
SoffiXsponR570.05Bg156700.1.p	Tify	TFF
SoffiXsponR570.05Bg149400.4.p	AP2-EREBP	TFF
SoffiXsponR570.06Gg044800.1.p	NAC	TFF
SoffiXsponR570.02Gg102700.1.p	C3H	TFF
SoffiXsponR570.01Ag068600.1.p	Rcd1-like	OTR
SoffiXsponR570.5_9Ag345900.1.p	SET	OTR
SoffiXsponR570.01Fg253500.1.p	MADS	TFF
SoffiXsponR570.06Eg125200.2.p	NAC	TFF
SoffiXsponR570.05Dg349900.2.p	SART-1	OTR
SoffiXsponR570.02Bg215400.1.p	zf-BED	TFF
SoffiXsponR570.01Eg450700.1.p	GRAS	TFF
SoffiXsponR570.09Bg053500.4.p	SAP	TFF
SoffiXsponR570.08Bg171500.1.p	NAC	TFF
SoffiXsponR570.03Cg019500.6.p	bHLH	TFF
SoffiXsponR570.03Dg340900.1.p	NAC	TFF
SoffiXsponR570.03Cg116400.2.p	Tudor-knot	OTR
SoffiXsponR570.01Ag458800.2.p	C2C2-YABBY	TFF
SoffiXsponR570.09Ag035800.3.p	SET	OTR
SoffiXsponR570.01Ag461700.2.p	ABI3VP1	TFF
SoffiXsponR570.01Bg410500.4.p	MYB-related	TFF
SoffiXsponR570.03Gg070100.2.p	mTERF	OTR
SoffiXsponR570.6_9Ag276600.1.p	TUB	TFF
SoffiXsponR570.01Ag020000.1.p	C2H2	TFF
SoffiXsponR570.10Cg189400.3.p	GRAS	TFF
SoffiXsponR570.01Dg003600.1.p	mTERF	OTR
SoffiXsponR570.03Cg217400.1.p	C2H2	TFF
SoffiXsponR570.08Ag152500.2.p	SET	OTR
SoffiXsponR570.03Dg257900.1.p	TUB	TFF
SoffiXsponR570.8_5Ag051400.1.p	BSD	TFF
SoffiXsponR570.8_5Ag233300.1.p	HSF	TFF
SoffiXsponR570.05Cg333800.1.p	Tify	TFF
SoffiXsponR570.02Eg097600.1.p	AUX/IAA	OTR
SoffiXsponR570.7_10Ag381400.1.p	SET	OTR
SoffiXsponR570.03Dg174500.1.p	Alfin-like	TFF
SoffiXsponR570.04Eg133000.1.p	SBP	TFF
SoffiXsponR570.06Ag012300.1.p	MYB	TFF
SoffiXsponR570.04Ag157900.1.p	MYB-related	TFF
SoffiXsponR570.02Bg201600.1.p	C2C2-Dof	TFF
SoffiXsponR570.08Ag187400.1.p	bHLH	TFF
SoffiXsponR570.05Dg198400.1.p	NAC	TFF
SoffiXsponR570.02Ag332200.1.p	CCAAT	TFF
SoffiXsponR570.02Gg279000.1.p	bHLH	TFF
SoffiXsponR570.05Bg311100.1.p	GRAS	TFF
SoffiXsponR570.03Cg077300.1.p	AP2-EREBP	TFF
SoffiXsponR570.03Dg078200.4.p	PHD	OTR
SoffiXsponR570.04Eg005000.1.p	E2F-DP	TFF
SoffiXsponR570.02Dg027300.1.p	BES1	TFF
SoffiXsponR570.01Fg289400.2.p	HB	TFF
SoffiXsponR570.1Z003900.3.p	bHLH	TFF
SoffiXsponR570.01Bg054800.1.p	HSF	TFF
SoffiXsponR570.02Eg231500.2.p	MADS	TFF
SoffiXsponR570.10Dg016800.1.p	WRKY	TFF
SoffiXsponR570.10Dg020400.2.p	C3H	TFF
SoffiXsponR570.07Cg251500.3.p	ARF	TFF
SoffiXsponR570.09Eg107500.2.p	C2C2-Dof	TFF
SoffiXsponR570.04Dg026600.2.p	BBR/BPC	TFF
SoffiXsponR570.7_10Ag181900.1.p	AP2-EREBP	TFF
SoffiXsponR570.06Cg091400.1.p	GRAS	TFF
SoffiXsponR570.06Cg080600.4.p	TRAF	OTR
SoffiXsponR570.10Fg026700.3.p	ARF	TFF
SoffiXsponR570.02Cg388500.4.p	Tify	TFF
SoffiXsponR570.02Ag131400.2.p	WRKY	TFF
SoffiXsponR570.01Eg217000.2.p	bHLH	TFF
SoffiXsponR570.08Eg133500.2.p	bHLH	TFF
SoffiXsponR570.02Cg005200.3.p	bHLH	TFF
SoffiXsponR570.1Z296800.1.p	SOH1	OTR
SoffiXsponR570.01Cg331400.1.p	AP2-EREBP	TFF
SoffiXsponR570.05Bg102400.1.p	BBR/BPC	TFF
SoffiXsponR570.01Dg242900.3.p	C3H	TFF
SoffiXsponR570.01Dg084800.1.p	ARF	TFF
SoffiXsponR570.02Fg004400.1.p	RWP-RK	TFF
SoffiXsponR570.07Cg039800.2.p	bHLH	TFF
SoffiXsponR570.02Gg073500.2.p	zf-BED	TFF
SoffiXsponR570.04Cg096100.2.p	MADS	TFF
SoffiXsponR570.02Bg220300.3.p	bHLH	TFF
SoffiXsponR570.07Bg051200.1.p	ABI3VP1	TFF
SoffiXsponR570.1Z243100.1.p	Tudor-knot	OTR
SoffiXsponR570.07Bg193400.1.p	Top	TFF
SoffiXsponR570.07Cg122700.2.p	bHLH	TFF
SoffiXsponR570.02Fg048100.1.p	Top	TFF
SoffiXsponR570.7_10Ag372200.1.p	CCAAT	TFF
SoffiXsponR570.02Ag006500.1.p	ABI3VP1	TFF
SoffiXsponR570.09Dg083000.1.p	C2H2	TFF
SoffiXsponR570.08Eg142100.1.p	WRKY	TFF
SoffiXsponR570.05Bg328300.4.p	CCAAT	TFF
SoffiXsponR570.03Eg302100.2.p	zf-fF-X1	TFF
SoffiXsponR570.02Cg086600.2.p	Top	TFF
SoffiXsponR570.04Bg194800.2.p	AP2-EREBP	TFF
SoffiXsponR570.7_10Ag347700.4.p	FAR1	TFF
SoffiXsponR570.1Z109500.3.p	MYB-related	TFF
SoffiXsponR570.01Fg141300.1.p	MYB	TFF
SoffiXsponR570.08Dg124100.1.p	bZIP	TFF
SoffiXsponR570.09Bg123400.2.p	TAZ	TFF
SoffiXsponR570.09Eg087700.1.p	SWI/SNF-BAF60b	OTR
SoffiXsponR570.02Ag242100.1.p	MYB	TFF
SoffiXsponR570.03Gg016100.1.p	MYB	TFF
SoffiXsponR570.03Dg038900.3.p	ARF	TFF
SoffiXsponR570.5_9Ag155700.1.p	MYB	TFF
SoffiXsponR570.1Z301200.1.p	MADS	TFF
SoffiXsponR570.10Dg154300.1.p	FHA	TFF
SoffiXsponR570.10Ag052100.5.p	HB	TFF
SoffiXsponR570.10Bg050100.1.p	ABI3VP1	TFF
SoffiXsponR570.07Bg107300.1.p	FAR1	TFF
SoffiXsponR570.05Fg302000.3.p	TUB	TFF
SoffiXsponR570.08Bg135500.3.p	SGT1	OTR
SoffiXsponR570.05Bg331800.4.p	Tify	TFF
SoffiXsponR570.02Bg240000.1.p	SWI/SNF-BAF60b	OTR
SoffiXsponR570.08Ag181100.1.p	MADS	TFF
SoffiXsponR570.01Cg045400.2.p	AP2-EREBP	TFF
SoffiXsponR570.01Eg143400.1.p	bZIP	TFF
SoffiXsponR570.08Cg042700.1.p	TRAF	OTR
SoffiXsponR570.02Fg126500.1.p	bHLH	TFF
SoffiXsponR570.8_5Ag085700.1.p	AP2-EREBP	TFF
SoffiXsponR570.02Ag024400.1.p	bZIP	TFF
SoffiXsponR570.07Cg242600.2.p	AP2-EREBP	TFF
SoffiXsponR570.02Dg235700.3.p	ARF	TFF
SoffiXsponR570.10Bg022600.1.p	C3H	TFF
SoffiXsponR570.10Ag223200.2.p	GRAS	TFF
SoffiXsponR570.10Cg090200.1.p	AP2-EREBP	TFF
SoffiXsponR570.01Cg178700.3.p	GRAS	TFF
SoffiXsponR570.01Eg085500.1.p	SWI/SNF-BAF60b	OTR
SoffiXsponR570.08Bg054100.1.p	C3H	TFF
SoffiXsponR570.02Eg204000.1.p	AUX/IAA	OTR
SoffiXsponR570.04Dg115500.1.p	bZIP	TFF
SoffiXsponR570.7_10Ag180500.1.p	bHLH	TFF
SoffiXsponR570.03Dg259700.1.p	SET	OTR
SoffiXsponR570.02Ag006500.5.p	ABI3VP1	TFF
SoffiXsponR570.01Bg478400.2.p	NAC	TFF
SoffiXsponR570.08Dg016200.1.p	MYB-related	TFF
SoffiXsponR570.04Cg069800.1.p	bHLH	TFF
SoffiXsponR570.05Fg248200.1.p	GNAT	OTR
SoffiXsponR570.07Ag140500.1.p	MYB	TFF
SoffiXsponR570.1Z138700.1.p	AP2-EREBP	TFF
SoffiXsponR570.01Eg035400.1.p	C2C2-Dof	TFF
SoffiXsponR570.6us88g014100.1.p	AP2-EREBP	TFF
SoffiXsponR570.06Ag174700.1.p	WRKY	TFF
SoffiXsponR570.01Bg246400.1.p	bHLH	TFF
SoffiXsponR570.04Cg246200.2.p	MYB-related	TFF
SoffiXsponR570.5_9Ag082800.1.p	BES1	TFF
SoffiXsponR570.4us91g004300.1.p	NAC	TFF
SoffiXsponR570.02Bg313600.1.p	bZIP	TFF
SoffiXsponR570.05Dg365600.9.p	DDT	OTR
SoffiXsponR570.02Ag251100.1.p	MYB	TFF
SoffiXsponR570.06Dg139200.1.p	C3H	TFF
SoffiXsponR570.8_10Ag010200.1.p	NAC	TFF
SoffiXsponR570.02Cg113400.1.p	NAC	TFF
SoffiXsponR570.03Ag128400.1.p	bHLH	TFF
SoffiXsponR570.09Ag052800.2.p	SAP	TFF
SoffiXsponR570.10Ag023100.1.p	GRAS	TFF
SoffiXsponR570.01Ag487700.3.p	AP2-EREBP	TFF
SoffiXsponR570.10Ag001600.2.p	PAS	TFF
SoffiXsponR570.04Ag096800.1.p	MADS	TFF
SoffiXsponR570.08Eg059500.2.p	RWP-RK	TFF
SoffiXsponR570.08Eg066700.1.p	NAC	TFF
SoffiXsponR570.4us91g014900.2.p	GeBP	TFF
SoffiXsponR570.02Fg314100.2.p	TUB	TFF
SoffiXsponR570.07Eg096900.2.p	AP2-EREBP	TFF
SoffiXsponR570.03Ag037000.3.p	SBP	TFF
SoffiXsponR570.07Dg214000.2.p	ARF	TFF
SoffiXsponR570.01Eg116300.1.p	PAS	TFF
SoffiXsponR570.03Dg251200.2.p	MYB	TFF
SoffiXsponR570.04Cg279300.1.p	TRAF	OTR
SoffiXsponR570.05Dg067300.1.p	DDT	OTR
SoffiXsponR570.01Cg331600.2.p	AP2-EREBP	TFF
SoffiXsponR570.03Bg019400.2.p	bHLH	TFF
SoffiXsponR570.02Fg325500.1.p	SWI/SNF-BAF60b	OTR
SoffiXsponR570.8_10Ag180500.1.p	FAR1	TFF
SoffiXsponR570.07Ag147900.1.p	C2C2-GATA	TFF
SoffiXsponR570.04Bg072700.2.p	bHLH	TFF
SoffiXsponR570.06Cg195300.1.p	Sigma70-like	TFF
SoffiXsponR570.05Eg089900.1.p	BBR/BPC	TFF
SoffiXsponR570.06Ag126200.4.p	bZIP	TFF
SoffiXsponR570.01Fg203600.1.p	MYB	TFF
SoffiXsponR570.04Dg183300.3.p	SRS	TFF
SoffiXsponR570.02Bg388100.1.p	Top	TFF
SoffiXsponR570.10Dg017100.1.p	WRKY	TFF
SoffiXsponR570.01Ag070100.2.p	bHLH	TFF
SoffiXsponR570.01Fg304700.1.p	MYB	TFF
SoffiXsponR570.07Bg161100.2.p	C2C2-GATA	TFF
SoffiXsponR570.07Eg068000.1.p	bHLH	TFF
SoffiXsponR570.01Dg379500.2.p	bHLH	TFF
SoffiXsponR570.01Fg338000.1.p	GRAS	TFF
SoffiXsponR570.08Ag201500.1.p	SBP	TFF
SoffiXsponR570.02Cg340400.3.p	bZIP	TFF
SoffiXsponR570.01Ag034700.3.p	C2C2-Dof	TFF
SoffiXsponR570.04Cg057900.1.p	AUX/IAA	OTR
SoffiXsponR570.01Eg245100.1.p	C2H2	TFF
SoffiXsponR570.03Bg151900.2.p	C2H2	TFF
SoffiXsponR570.03Dg232900.1.p	C2H2	TFF
SoffiXsponR570.02Cg345500.3.p	bZIP	TFF
SoffiXsponR570.03Ag036600.1.p	MYB-related	TFF
SoffiXsponR570.5_9Ag233700.1.p	Jumonji	OTR
SoffiXsponR570.04Bg223400.1.p	ARF	TFF
SoffiXsponR570.05Cg340400.3.p	TIG	TFF
SoffiXsponR570.09Ag056100.2.p	C2H2	TFF
SoffiXsponR570.8_5Ag211300.1.p	GRAS	TFF
SoffiXsponR570.05Cg195300.1.p	bHLH	TFF
SoffiXsponR570.09Bg035900.1.p	WRKY	TFF
SoffiXsponR570.03Cg071300.1.p	MYB	TFF
SoffiXsponR570.01Dg161900.3.p	bHLH	TFF
SoffiXsponR570.01Ag060700.1.p	GNAT	OTR
SoffiXsponR570.02Gg018100.2.p	Top	TFF
SoffiXsponR570.1Z068800.2.p	Trihelix	TFF
SoffiXsponR570.03Eg007200.3.p	Jumonji	OTR
SoffiXsponR570.07Ag101300.1.p	C2H2	TFF
SoffiXsponR570.02Bg004100.5.p	ARF	TFF
SoffiXsponR570.01Fg189900.2.p	bZIP	TFF
SoffiXsponR570.06Ag145500.1.p	GNAT	OTR
SoffiXsponR570.03Cg050300.1.p	AP2-EREBP	TFF
SoffiXsponR570.04Bg169100.1.p	DBP	TFF
SoffiXsponR570.02Fg247200.1.p	WRKY	TFF
SoffiXsponR570.02Fg316300.3.p	C2H2	TFF
SoffiXsponR570.8_5Ag170300.2.p	bHLH	TFF
SoffiXsponR570.03Dg240000.4.p	C2H2	TFF
SoffiXsponR570.01Dg334800.9.p	FAR1	TFF
SoffiXsponR570.08Cg032200.4.p	zf-LSD1	TFF
SoffiXsponR570.08Ag111800.4.p	PAS	TFF
SoffiXsponR570.08Ag001800.1.p	OFP	TFF
SoffiXsponR570.10Cg073600.1.p	AP2-EREBP	TFF
SoffiXsponR570.07Dg114800.1.p	C2C2-CO-like	TFF
SoffiXsponR570.02Ag126700.1.p	FAR1	TFF
SoffiXsponR570.10Ag129400.5.p	ARF	TFF
SoffiXsponR570.10Fg019000.1.p	SBP	TFF
SoffiXsponR570.05Dg326700.1.p	C2H2	TFF
SoffiXsponR570.05Ag377600.1.p	ABI3VP1	TFF
SoffiXsponR570.03Eg035100.4.p	PHD	OTR
SoffiXsponR570.03Eg271900.1.p	PLATZ	TFF
SoffiXsponR570.08Ag053900.1.p	MYB-related	TFF
SoffiXsponR570.6_9Ag053800.1.p	WRKY	TFF
SoffiXsponR570.03Eg244200.1.p	MYB	TFF
SoffiXsponR570.05Dg304500.3.p	FAR1	TFF
SoffiXsponR570.7os1g003000.1.p	MYB-related	TFF
SoffiXsponR570.6_9Ag245700.1.p	C2H2	TFF
SoffiXsponR570.01Cg374900.2.p	FHA	TFF
SoffiXsponR570.01Dg087900.2.p	Top	TFF
SoffiXsponR570.1Z281100.1.p	MYB-related	TFF
SoffiXsponR570.01Ag125800.1.p	GRAS	TFF
SoffiXsponR570.02Ag038500.4.p	C3H	TFF
SoffiXsponR570.01Eg216900.1.p	Not1	TFF
SoffiXsponR570.02Ag037100.2.p	MYB-related	TFF
SoffiXsponR570.04Dg021600.2.p	SET	OTR
SoffiXsponR570.08Dg034500.3.p	bZIP	TFF
SoffiXsponR570.02Bg276200.1.p	bZIP	TFF
SoffiXsponR570.7_10Ag354700.2.p	ARF	TFF
SoffiXsponR570.01Bg302900.1.p	C2H2	TFF
SoffiXsponR570.08Cg074100.1.p	AP2-EREBP	TFF
SoffiXsponR570.04Ag102400.1.p	mTERF	OTR
SoffiXsponR570.06Eg087100.1.p	AP2-EREBP	TFF
SoffiXsponR570.02Cg230100.1.p	NAC	TFF
SoffiXsponR570.8_10Ag207900.1.p	TRAF	OTR
SoffiXsponR570.02Fg052000.1.p	bZIP	TFF
SoffiXsponR570.07Ag172700.3.p	GRAS	TFF
SoffiXsponR570.3os2g002400.5.p	MYB	TFF
SoffiXsponR570.02Cg101200.1.p	MYB	TFF
SoffiXsponR570.01Cg283000.3.p	FAR1	TFF
SoffiXsponR570.05Eg250800.1.p	NAC	TFF
SoffiXsponR570.07Dg149800.2.p	Trihelix	TFF
SoffiXsponR570.05Dg331100.1.p	CCAAT	TFF
SoffiXsponR570.7os1g013000.1.p	C2H2	TFF
SoffiXsponR570.01Bg079100.1.p	WRKY	TFF
SoffiXsponR570.06Ag208500.1.p	CCAAT	TFF
SoffiXsponR570.06Ag149400.2.p	SET	OTR
SoffiXsponR570.02Ag226600.1.p	AP2-EREBP	TFF
SoffiXsponR570.02Eg065700.1.p	bHLH	TFF
SoffiXsponR570.04Dg138400.1.p	AUX/IAA	OTR
SoffiXsponR570.05Gg199100.1.p	CCAAT	TFF
SoffiXsponR570.01Dg281000.1.p	LIM	TFF
SoffiXsponR570.01Ag402100.2.p	MYB	TFF
SoffiXsponR570.07Bg087500.1.p	FAR1	TFF
SoffiXsponR570.07Ag219000.1.p	bZIP	TFF
SoffiXsponR570.05Cg136900.1.p	SET	OTR
SoffiXsponR570.01Ag040800.1.p	NAC	TFF
SoffiXsponR570.02Gg270400.1.p	bHLH	TFF
SoffiXsponR570.10os1g012000.1.p	MYB-related	TFF
SoffiXsponR570.02Eg135600.1.p	Jumonji	OTR
SoffiXsponR570.01Fg001300.1.p	TFIID	TFF
SoffiXsponR570.02Fg314100.1.p	TUB	TFF
SoffiXsponR570.02Cg228200.1.p	FAR1	TFF
SoffiXsponR570.01Bg442700.4.p	CCAAT	TFF
SoffiXsponR570.07Eg066700.2.p	Trihelix	TFF
SoffiXsponR570.01Fg194900.6.p	SET	OTR
SoffiXsponR570.07Dg174200.1.p	zf-BED	TFF
SoffiXsponR570.03Cg314900.2.p	zf-C5HC2	TFF
SoffiXsponR570.10Bg051300.1.p	OFP	TFF
SoffiXsponR570.6_9Ag233200.1.p	AP2-EREBP	TFF
SoffiXsponR570.02Bg350600.1.p	bHLH	TFF
SoffiXsponR570.05Dg169200.1.p	PHD	OTR
SoffiXsponR570.02Cg174200.2.p	C2H2	TFF
SoffiXsponR570.08Eg099700.1.p	bZIP	TFF
SoffiXsponR570.04Dg058900.2.p	zf-MIZ	OTR
SoffiXsponR570.03Ag175200.2.p	NAC	TFF
SoffiXsponR570.02Gg188000.1.p	TRAF	OTR
SoffiXsponR570.01Eg197800.1.p	SWI/SNF-BAF60b	OTR
SoffiXsponR570.01Ag067900.4.p	mTERF	OTR
SoffiXsponR570.8_10Ag163000.1.p	SWI/SNF-SWI3	OTR
SoffiXsponR570.07Eg107600.4.p	SET	OTR
SoffiXsponR570.10Ag129400.3.p	ARF	TFF
SoffiXsponR570.09Cg068700.1.p	zf-HD	TFF
SoffiXsponR570.02Fg036300.1.p	C3H	TFF
SoffiXsponR570.10Dg070100.2.p	PHD	OTR
SoffiXsponR570.01Cg378500.1.p	MADS	TFF
SoffiXsponR570.04Eg091500.1.p	FAR1	TFF
SoffiXsponR570.01Eg164900.1.p	AUX/IAA	OTR
SoffiXsponR570.02Gg210300.1.p	bZIP	TFF
SoffiXsponR570.01Ag125800.5.p	GRAS	TFF
SoffiXsponR570.08Cg010900.1.p	zf-BED	TFF
SoffiXsponR570.03Bg280600.2.p	AP2-EREBP	TFF
SoffiXsponR570.8_10Ag025400.2.p	NAC	TFF
SoffiXsponR570.01Ag067900.1.p	mTERF	OTR
SoffiXsponR570.02Ag317200.4.p	SET	OTR
SoffiXsponR570.10Bg068000.1.p	FHA	TFF
SoffiXsponR570.01Ag143300.1.p	bZIP	TFF
SoffiXsponR570.1Z138100.1.p	NAC	TFF
SoffiXsponR570.6us88g119100.1.p	zf-HD	TFF
SoffiXsponR570.01Bg005900.1.p	MYB-related	TFF
SoffiXsponR570.01Bg219900.1.p	MYB-related	TFF
SoffiXsponR570.03Gg123300.3.p	zf-HD	TFF
SoffiXsponR570.07Dg096000.1.p	WRKY	TFF
SoffiXsponR570.03Dg306900.2.p	CCAAT	TFF
SoffiXsponR570.06Fg145700.8.p	C3H	TFF
SoffiXsponR570.05Fg141200.2.p	C3H	TFF
SoffiXsponR570.6_9Ag189700.1.p	MYB	TFF
SoffiXsponR570.03Dg203900.1.p	SET	OTR
SoffiXsponR570.03Dg195800.2.p	ABI3VP1	TFF
SoffiXsponR570.06Gg057700.3.p	bZIP	TFF
SoffiXsponR570.03Dg254800.1.p	MYB-related	TFF
SoffiXsponR570.04Dg024100.2.p	TRAF	OTR
SoffiXsponR570.05Bg151900.1.p	zf-BED	TFF
SoffiXsponR570.04Ag070500.1.p	BSD	TFF
SoffiXsponR570.01Eg245300.1.p	C2H2	TFF
SoffiXsponR570.05Bg191800.1.p	bZIP	TFF
SoffiXsponR570.03Ag246900.1.p	C2H2	TFF
SoffiXsponR570.05Eg353000.1.p	EIL	TFF
SoffiXsponR570.09Bg015500.2.p	GRAS	TFF
SoffiXsponR570.06Eg033500.1.p	bZIP	TFF
SoffiXsponR570.04Cg002700.1.p	NAC	TFF
SoffiXsponR570.10Cg061000.1.p	ABI3VP1	TFF
SoffiXsponR570.6_9Ag144600.5.p	Top	TFF
SoffiXsponR570.10Dg044900.1.p	AP2-EREBP	TFF
SoffiXsponR570.02Ag189600.1.p	OFP	TFF
SoffiXsponR570.02Bg357800.1.p	TIG	TFF
SoffiXsponR570.07Bg088300.1.p	MADS	TFF
SoffiXsponR570.07Dg206200.3.p	FAR1	TFF
SoffiXsponR570.02Fg033200.1.p	bHLH	TFF
SoffiXsponR570.1Z205100.1.p	bZIP	TFF
SoffiXsponR570.01Bg170100.1.p	MADS	TFF
SoffiXsponR570.03Ag119300.2.p	Tudor-knot	OTR
SoffiXsponR570.03Eg209700.2.p	AP2-EREBP	TFF
SoffiXsponR570.07Dg224400.3.p	ABI3VP1	TFF
SoffiXsponR570.1Z190400.3.p	HB	TFF
SoffiXsponR570.3os1g007700.2.p	MYB	TFF
SoffiXsponR570.03Dg038900.1.p	ARF	TFF
SoffiXsponR570.05Ag114300.3.p	BBR/BPC	TFF
SoffiXsponR570.07Eg190600.1.p	Tify	TFF
SoffiXsponR570.02Gg196100.4.p	Top	TFF
SoffiXsponR570.03Eg130000.2.p	DDT	OTR
SoffiXsponR570.01Fg011800.4.p	C2C2-Dof	TFF
SoffiXsponR570.4us91g042000.1.p	AP2-EREBP	TFF
SoffiXsponR570.04Cg156900.1.p	AP2-EREBP	TFF
SoffiXsponR570.09Eg111700.1.p	NAC	TFF
SoffiXsponR570.01Ag373900.3.p	TUB	TFF
SoffiXsponR570.05Bg113100.1.p	WRKY	TFF
SoffiXsponR570.06Eg087100.3.p	AP2-EREBP	TFF
SoffiXsponR570.1Z242000.1.p	MYB	TFF
SoffiXsponR570.07Ag105600.1.p	NAC	TFF
SoffiXsponR570.06Cg189800.1.p	WRKY	TFF
SoffiXsponR570.06Cg139500.5.p	TCP	TFF
SoffiXsponR570.06Bg042400.1.p	NAC	TFF
SoffiXsponR570.02Cg340000.1.p	C2H2	TFF
SoffiXsponR570.05Fg288300.1.p	SWI/SNF-BAF60b	OTR
SoffiXsponR570.01Eg366300.2.p	C2C2-YABBY	TFF
SoffiXsponR570.5_9Ag064000.1.p	Alfin-like	TFF
SoffiXsponR570.02Eg034200.2.p	C3H	TFF
SoffiXsponR570.04Ag192000.1.p	ARID	OTR
SoffiXsponR570.10Ag215800.2.p	MYB-related	TFF
SoffiXsponR570.01Eg287800.2.p	TUB	TFF
SoffiXsponR570.08Bg173100.1.p	FHA	TFF
SoffiXsponR570.05Dg049200.3.p	zf-A20	TFF
SoffiXsponR570.05Gg103600.2.p	WRKY	TFF
SoffiXsponR570.01Bg347100.2.p	EIL	TFF
SoffiXsponR570.01Fg061000.1.p	Tify	TFF
SoffiXsponR570.05Ag371700.1.p	AP2-EREBP	TFF
SoffiXsponR570.04Dg100300.1.p	RWP-RK	TFF
SoffiXsponR570.1Z048100.4.p	HB	TFF
SoffiXsponR570.10Fg123900.2.p	GRAS	TFF
SoffiXsponR570.04Ag217900.2.p	CCAAT	TFF
SoffiXsponR570.03Eg244800.1.p	C2C2-CO-like	TFF
SoffiXsponR570.05Bg379400.4.p	EIL	TFF
SoffiXsponR570.05Bg121800.1.p	AP2-EREBP	TFF
SoffiXsponR570.06Cg179100.1.p	MYB-related	TFF
SoffiXsponR570.10os1g046700.1.p	MYB	TFF
SoffiXsponR570.05Gg160700.2.p	GNAT	OTR
SoffiXsponR570.06Dg033300.1.p	MYB	TFF
SoffiXsponR570.06Fg022500.4.p	MYB-related	TFF
SoffiXsponR570.07Dg237000.1.p	ARF	TFF
SoffiXsponR570.02Gg291600.1.p	bHLH	TFF
SoffiXsponR570.09Bg015400.2.p	TRAF	OTR
SoffiXsponR570.5_9Ag134400.1.p	SET	OTR
SoffiXsponR570.01Ag053400.1.p	FHA	TFF
SoffiXsponR570.05Cg107200.1.p	BBR/BPC	TFF
SoffiXsponR570.03Ag076600.2.p	C3H	TFF
SoffiXsponR570.5_9Ag226000.2.p	zf-HD	TFF
SoffiXsponR570.01Bg368000.2.p	PHD	OTR
SoffiXsponR570.03Ag328300.2.p	zf-C5HC2	TFF
SoffiXsponR570.04Dg176300.1.p	GRAS	TFF
SoffiXsponR570.05Ag357900.1.p	SWI/SNF-BAF60b	OTR
SoffiXsponR570.8_5Ag169100.1.p	TCP	TFF
SoffiXsponR570.02Fg341000.2.p	mTERF	OTR
SoffiXsponR570.5_9Ag143100.1.p	HMG	OTR
SoffiXsponR570.08Dg113800.1.p	SGT1	OTR
SoffiXsponR570.6_9Ag036900.6.p	SET	OTR
SoffiXsponR570.09Cg068400.1.p	MADS	TFF
SoffiXsponR570.02Eg334700.1.p	TAZ	TFF
SoffiXsponR570.02Gg033300.6.p	SBP	TFF
SoffiXsponR570.09Cg154200.1.p	C2H2	TFF
SoffiXsponR570.8_5Ag119500.1.p	SET	OTR
SoffiXsponR570.07Dg041800.1.p	ABI3VP1	TFF
SoffiXsponR570.02Bg375600.2.p	GRAS	TFF
SoffiXsponR570.05Eg154900.1.p	C2H2	TFF
SoffiXsponR570.04Cg177900.4.p	MYB	TFF
SoffiXsponR570.04Fg003100.1.p	TCP	TFF
SoffiXsponR570.01Cg150300.2.p	bHLH	TFF
SoffiXsponR570.5_9Ag029900.2.p	DDT	OTR
SoffiXsponR570.02Cg212500.1.p	C3H	TFF
SoffiXsponR570.03Bg210900.1.p	AP2-EREBP	TFF
SoffiXsponR570.01Eg271500.1.p	MYB	TFF
SoffiXsponR570.01Bg358800.3.p	PHD	OTR
SoffiXsponR570.06Eg028800.4.p	AP2-EREBP	TFF
SoffiXsponR570.10Ag101900.2.p	AUX/IAA	OTR
SoffiXsponR570.8_10Ag338200.2.p	TRAF	OTR
SoffiXsponR570.01Bg343900.4.p	C3H	TFF
SoffiXsponR570.03Gg045100.2.p	DDT	OTR
SoffiXsponR570.6_9Ag102600.1.p	GRAS	TFF
SoffiXsponR570.01Eg071800.1.p	bHLH	TFF
SoffiXsponR570.04Bg023200.2.p	BBR/BPC	TFF
SoffiXsponR570.8_10Ag165900.1.p	MYB-related	TFF
SoffiXsponR570.05Gg052500.4.p	PHD	OTR
SoffiXsponR570.1Z291900.3.p	MED26	OTR
SoffiXsponR570.02Cg404200.4.p	GRAS	TFF
SoffiXsponR570.03Eg007200.1.p	Jumonji	OTR
SoffiXsponR570.5_9Ag285600.1.p	GNAT	OTR
SoffiXsponR570.03Ag209600.1.p	ARF	TFF
SoffiXsponR570.07Dg214000.4.p	ARF	TFF
SoffiXsponR570.02Bg117000.1.p	MYB	TFF
SoffiXsponR570.8_10Ag210300.1.p	MADS	TFF
SoffiXsponR570.7os1g067200.3.p	AP2-EREBP	TFF
SoffiXsponR570.04Eg027100.2.p	TRAF	OTR
SoffiXsponR570.06Eg028600.2.p	C2H2	TFF
SoffiXsponR570.08Dg136700.1.p	SOH1	OTR
SoffiXsponR570.1Z267400.1.p	TRAF	OTR
SoffiXsponR570.05Cg039400.1.p	CCAAT	TFF
SoffiXsponR570.05Ag237400.2.p	HSF	TFF
SoffiXsponR570.01Bg317600.1.p	TIG	TFF
SoffiXsponR570.9us90g060600.1.p	zf-LSD1	TFF
SoffiXsponR570.02Fg088500.1.p	MYB-related	TFF
SoffiXsponR570.6_9Ag283900.5.p	AUX/IAA	OTR
SoffiXsponR570.08Eg129500.2.p	SBP	TFF
SoffiXsponR570.4us91g003700.1.p	mTERF	OTR
SoffiXsponR570.05Dg059500.1.p	SAP	TFF
SoffiXsponR570.02Bg329600.2.p	NAC	TFF
SoffiXsponR570.5_9Ag183400.1.p	MYB-related	TFF
SoffiXsponR570.01Cg039000.3.p	GeBP	TFF
SoffiXsponR570.02Ag335300.1.p	C2H2	TFF
SoffiXsponR570.02Gg159700.1.p	ABI3VP1	TFF
SoffiXsponR570.03Ag018800.2.p	bHLH	TFF
SoffiXsponR570.9us90g064500.1.p	CCAAT	TFF
SoffiXsponR570.04Cg197100.1.p	HB	TFF
SoffiXsponR570.6_9Ag258500.3.p	NOT2_3_5	OTR
SoffiXsponR570.03Ag006200.8.p	Jumonji	OTR
SoffiXsponR570.09Ag003900.1.p	Top	TFF
SoffiXsponR570.03Cg227100.1.p	AP2-EREBP	TFF
SoffiXsponR570.6_9Ag326300.1.p	WRKY	TFF
SoffiXsponR570.02Bg229700.1.p	MADS	TFF
SoffiXsponR570.08Eg096300.1.p	C2H2	TFF
SoffiXsponR570.05Ag255300.1.p	HMG	OTR
SoffiXsponR570.01Fg291500.1.p	HSF	TFF
SoffiXsponR570.03Ag049300.2.p	ARF	TFF
SoffiXsponR570.8_10Ag023100.4.p	PHD	OTR
SoffiXsponR570.08Dg024100.1.p	ABI3VP1	TFF
SoffiXsponR570.08Ag000500.3.p	ABI3VP1	TFF
SoffiXsponR570.7_10Ag047300.1.p	OFP	TFF
SoffiXsponR570.10os1g019900.2.p	ABI3VP1	TFF
SoffiXsponR570.03Ag304000.5.p	GNAT	OTR
SoffiXsponR570.05Cg176700.4.p	ARID	OTR
SoffiXsponR570.03Gg020900.2.p	Tudor-knot	OTR
SoffiXsponR570.05Ag181000.2.p	ARID	OTR
SoffiXsponR570.6_9Ag275400.3.p	TCP	TFF
SoffiXsponR570.01Bg156600.4.p	ABI3VP1	TFF
SoffiXsponR570.02Dg070500.1.p	Top	TFF
SoffiXsponR570.06Dg018600.1.p	C2H2	TFF
SoffiXsponR570.02Bg322800.1.p	MYB	TFF
SoffiXsponR570.06Ag204800.1.p	C2C2-GATA	TFF
SoffiXsponR570.6us88g125500.4.p	FAR1	TFF
SoffiXsponR570.05Eg177600.1.p	GeBP	TFF
SoffiXsponR570.03Ag285300.1.p	NAC	TFF
SoffiXsponR570.05Eg185800.1.p	zf-HD	TFF
SoffiXsponR570.01Cg192300.1.p	Tify	TFF
SoffiXsponR570.6_9Ag164200.1.p	MYB-related	TFF
SoffiXsponR570.02Gg321600.1.p	Top	TFF
SoffiXsponR570.9os1g002500.9.p	SET	OTR
SoffiXsponR570.4us91g032000.1.p	ARR-B	TFF
SoffiXsponR570.7_10Ag213300.1.p	WRKY	TFF
SoffiXsponR570.05Cg047600.2.p	zf-A20	TFF
SoffiXsponR570.04Cg091500.2.p	MED6	OTR
SoffiXsponR570.06Cg139500.2.p	TCP	TFF
SoffiXsponR570.03Cg177000.1.p	AP2-EREBP	TFF
SoffiXsponR570.01Cg309600.1.p	ABI3VP1	TFF
SoffiXsponR570.04Cg072900.1.p	PHD	OTR
SoffiXsponR570.05Gg034100.2.p	Rcd1-like	OTR
SoffiXsponR570.08Bg091100.3.p	SET	OTR
SoffiXsponR570.07Eg109800.1.p	AP2-EREBP	TFF
SoffiXsponR570.09Bg154900.1.p	NAC	TFF
SoffiXsponR570.02Ag317200.5.p	SET	OTR
SoffiXsponR570.5_9Ag098700.1.p	bHLH	TFF
SoffiXsponR570.01Ag242800.3.p	TFIID	TFF
SoffiXsponR570.02Fg215000.1.p	DDT	OTR
SoffiXsponR570.01Bg242400.1.p	Tify	TFF
SoffiXsponR570.01Cg262200.2.p	Pseudo_ARR-B	OTR
SoffiXsponR570.03Bg058000.2.p	SBP	TFF
SoffiXsponR570.03Bg168900.1.p	ABI3VP1	TFF
SoffiXsponR570.08Dg052200.1.p	AP2-EREBP	TFF
SoffiXsponR570.03Cg080400.1.p	Top	TFF
SoffiXsponR570.01Fg289400.6.p	HB	TFF
SoffiXsponR570.05Eg339000.3.p	DDT	OTR
SoffiXsponR570.06Dg159900.1.p	Sigma70-like	TFF
SoffiXsponR570.05Fg097200.1.p	WRKY	TFF
SoffiXsponR570.03Bg240200.2.p	BSD	TFF
SoffiXsponR570.01Cg038200.3.p	bHLH	TFF
SoffiXsponR570.6_9Ag235700.1.p	OFP	TFF
SoffiXsponR570.04Dg134500.1.p	mTERF	OTR
SoffiXsponR570.04Ag031900.1.p	BBR/BPC	TFF
SoffiXsponR570.05Fg299800.6.p	DDT	OTR
SoffiXsponR570.07Ag219000.2.p	bZIP	TFF
SoffiXsponR570.01Ag387800.1.p	NAC	TFF
SoffiXsponR570.03Fg072500.1.p	HB	TFF
SoffiXsponR570.04Fg011600.1.p	MYB	TFF
SoffiXsponR570.03Cg259200.1.p	NAC	TFF
SoffiXsponR570.07Bg205100.7.p	PHD	OTR
SoffiXsponR570.08Cg078900.1.p	WRKY	TFF
SoffiXsponR570.01Fg206200.1.p	PHD	OTR
SoffiXsponR570.01Ag232600.2.p	C2C2-GATA	TFF
SoffiXsponR570.06Dg008700.5.p	Top	TFF
SoffiXsponR570.05Fg184800.4.p	SET	OTR
SoffiXsponR570.01Dg024200.2.p	bHLH	TFF
SoffiXsponR570.5_9Ag479700.1.p	MYB	TFF
SoffiXsponR570.04Eg064200.2.p	FAR1	TFF
SoffiXsponR570.04Ag253800.1.p	SBP	TFF
SoffiXsponR570.04Eg133700.1.p	MYB-related	TFF
SoffiXsponR570.09Bg019600.1.p	FAR1	TFF
SoffiXsponR570.02Bg115200.4.p	SBP	TFF
SoffiXsponR570.08Bg051300.2.p	MYB-related	TFF
SoffiXsponR570.6_9Ag224000.1.p	Alfin-like	TFF
SoffiXsponR570.01Fg194000.2.p	PAS	TFF
SoffiXsponR570.01Dg375200.1.p	NAC	TFF
SoffiXsponR570.5_9Ag273700.1.p	TRAF	OTR
SoffiXsponR570.10us89g084700.1.p	Alfin-like	TFF
SoffiXsponR570.01Eg088000.1.p	WRKY	TFF
SoffiXsponR570.07Bg039900.1.p	bHLH	TFF
SoffiXsponR570.02Cg340400.2.p	bZIP	TFF
SoffiXsponR570.02Eg235200.1.p	OFP	TFF
SoffiXsponR570.08Eg019400.1.p	PHD	OTR
SoffiXsponR570.02Ag397600.1.p	ARF	TFF
SoffiXsponR570.02Eg265200.1.p	Top	TFF
SoffiXsponR570.6us88g040600.2.p	C2H2	TFF
SoffiXsponR570.5_9Ag215900.1.p	ARID	OTR
SoffiXsponR570.01Cg393600.2.p	GRAS	TFF
SoffiXsponR570.03Dg307100.2.p	MYB-related	TFF
SoffiXsponR570.08Bg085700.1.p	TRAF	OTR
SoffiXsponR570.4us91g009500.1.p	MED6	OTR
SoffiXsponR570.02Cg133000.1.p	HB	TFF
SoffiXsponR570.08Eg145600.2.p	TRAF	OTR
SoffiXsponR570.06Ag082200.2.p	AP2-EREBP	TFF
SoffiXsponR570.08Ag181200.1.p	MADS	TFF
SoffiXsponR570.03Gg061200.1.p	MYB-related	TFF
SoffiXsponR570.01Ag057600.2.p	bHLH	TFF
SoffiXsponR570.01Bg356200.4.p	SET	OTR
SoffiXsponR570.03Eg139500.2.p	C2H2	TFF
SoffiXsponR570.01Eg399200.1.p	SET	OTR
SoffiXsponR570.02Cg217100.1.p	PHD	OTR
SoffiXsponR570.06Bg021400.2.p	Top	TFF
SoffiXsponR570.02Dg421100.3.p	Top	TFF
SoffiXsponR570.03Bg055500.2.p	MADS	TFF
SoffiXsponR570.02Cg129300.3.p	SBP	TFF
SoffiXsponR570.06Cg147500.2.p	AUX/IAA	OTR
SoffiXsponR570.01Eg266900.2.p	TIG	TFF
SoffiXsponR570.06Fg145700.2.p	C3H	TFF
SoffiXsponR570.02Bg260000.1.p	SET	OTR
SoffiXsponR570.02Fg036300.3.p	C3H	TFF
SoffiXsponR570.5_9Ag194500.4.p	bHLH	TFF
SoffiXsponR570.01Ag094700.1.p	PHD	OTR
SoffiXsponR570.03Bg300700.1.p	MYB-related	TFF
SoffiXsponR570.08Dg136400.1.p	NAC	TFF
SoffiXsponR570.03Dg078200.2.p	PHD	OTR
SoffiXsponR570.01Cg141900.2.p	MED26	OTR
SoffiXsponR570.03Bg040700.4.p	ARF	TFF
SoffiXsponR570.01Bg481200.2.p	HB	TFF
SoffiXsponR570.02Eg313600.2.p	bZIP	TFF
SoffiXsponR570.8_10Ag142500.1.p	AP2-EREBP	TFF
SoffiXsponR570.01Bg439300.1.p	Tify	TFF
SoffiXsponR570.05Bg299900.2.p	C3H	TFF
SoffiXsponR570.8_5Ag097800.1.p	MYB	TFF
SoffiXsponR570.1Z138100.2.p	NAC	TFF
SoffiXsponR570.08Cg062900.1.p	SET	OTR
SoffiXsponR570.02Eg301900.2.p	GRAS	TFF
SoffiXsponR570.08Ag134100.1.p	MYB	TFF
SoffiXsponR570.04Cg083400.1.p	GRF	TFF
SoffiXsponR570.05Dg042000.2.p	CCAAT	TFF
SoffiXsponR570.02Gg259600.2.p	SWI/SNF-BAF60b	OTR
SoffiXsponR570.03Ag255500.2.p	MYB-related	TFF
SoffiXsponR570.05Dg300500.2.p	bHLH	TFF
SoffiXsponR570.9us90g044600.1.p	bHLH	TFF
SoffiXsponR570.8_10Ag291700.1.p	MYB	TFF
SoffiXsponR570.01Fg050300.1.p	TRAF	OTR
SoffiXsponR570.01Fg278000.7.p	FAR1	TFF
SoffiXsponR570.1Z046300.1.p	MYB	TFF
SoffiXsponR570.5_9Ag477400.1.p	MADS	TFF
SoffiXsponR570.01Cg180300.1.p	C2H2	TFF
SoffiXsponR570.04Cg277400.1.p	TRAF	OTR
SoffiXsponR570.04Gg000200.1.p	NAC	TFF
SoffiXsponR570.01Eg359300.3.p	AP2-EREBP	TFF
SoffiXsponR570.8_5Ag258700.2.p	ABI3VP1	TFF
SoffiXsponR570.03Dg062100.1.p	bZIP	TFF
SoffiXsponR570.08Bg005700.1.p	PHD	OTR
SoffiXsponR570.5_9Ag409000.1.p	CCAAT	TFF
SoffiXsponR570.05Cg208800.2.p	C3H	TFF
SoffiXsponR570.04Bg169000.1.p	AUX/IAA	OTR
SoffiXsponR570.05Dg209600.2.p	bHLH	TFF
SoffiXsponR570.08Ag216600.3.p	bHLH	TFF
SoffiXsponR570.05Fg105700.3.p	ARID	OTR
SoffiXsponR570.04Cg214000.2.p	MYB-related	TFF
SoffiXsponR570.03Dg223100.1.p	LIM	TFF
SoffiXsponR570.03Eg007200.11.p	Jumonji	OTR
SoffiXsponR570.01Fg253600.2.p	C2C2-YABBY	TFF
SoffiXsponR570.05Gg155500.1.p	WRKY	TFF
SoffiXsponR570.04Cg161200.2.p	HB	TFF
SoffiXsponR570.03Ag027400.1.p	bZIP	TFF
SoffiXsponR570.02Eg345800.2.p	ABI3VP1	TFF
SoffiXsponR570.01Bg049600.1.p	bHLH	TFF
SoffiXsponR570.9os1g025300.3.p	MYB	TFF
SoffiXsponR570.01Dg374900.1.p	FHA	TFF
SoffiXsponR570.08Cg210400.2.p	ABI3VP1	TFF
SoffiXsponR570.02Dg234900.1.p	DDT	OTR
SoffiXsponR570.5_9Ag309500.1.p	MYB-related	TFF
SoffiXsponR570.05Bg342800.1.p	MYB	TFF
SoffiXsponR570.08Ag133300.1.p	zf-A20	TFF
SoffiXsponR570.08Eg037700.1.p	WRKY	TFF
SoffiXsponR570.8_5Ag182900.4.p	FHA	TFF
SoffiXsponR570.01Eg125700.1.p	TCP	TFF
SoffiXsponR570.09Dg042700.1.p	SWI/SNF-BAF60b	OTR
SoffiXsponR570.03Gg111100.2.p	SET	OTR
SoffiXsponR570.01Eg430900.2.p	NAC	TFF
SoffiXsponR570.1Z221200.10.p	DDT	OTR
SoffiXsponR570.07Cg237000.1.p	AP2-EREBP	TFF
SoffiXsponR570.05Bg192000.1.p	bHLH	TFF
SoffiXsponR570.01Bg059000.1.p	FAR1	TFF
SoffiXsponR570.01Ag401800.1.p	MYB	TFF
SoffiXsponR570.04Eg096500.1.p	MADS	TFF
SoffiXsponR570.10Cg081200.1.p	AUX/IAA	OTR
SoffiXsponR570.01Eg072700.1.p	GeBP	TFF
SoffiXsponR570.03Cg092900.3.p	AUX/IAA	OTR
SoffiXsponR570.07Dg154000.1.p	SBP	TFF
SoffiXsponR570.03Eg056100.1.p	ARF	TFF
SoffiXsponR570.8_5Ag239400.1.p	BSD	TFF
SoffiXsponR570.5_9Ag171800.1.p	bHLH	TFF
SoffiXsponR570.07Ag080400.1.p	NAC	TFF
SoffiXsponR570.10Cg189700.1.p	GRAS	TFF
SoffiXsponR570.06Cg121000.2.p	ABI3VP1	TFF
SoffiXsponR570.07Bg108300.2.p	MYB-related	TFF
SoffiXsponR570.02Eg313400.2.p	bZIP	TFF
SoffiXsponR570.01Cg061000.2.p	PAS	TFF
SoffiXsponR570.03Bg255800.1.p	NAC	TFF
SoffiXsponR570.08Cg080600.1.p	MADS	TFF
SoffiXsponR570.01Bg161200.1.p	AP2-EREBP	TFF
SoffiXsponR570.10Dg067500.2.p	zf-HD	TFF
SoffiXsponR570.01Eg384300.4.p	TIG	TFF
SoffiXsponR570.04Fg070500.1.p	DBP	TFF
SoffiXsponR570.07Bg008400.1.p	MYB-related	TFF
SoffiXsponR570.01Cg302400.2.p	MYB-related	TFF
SoffiXsponR570.1Z108800.3.p	FAR1	TFF
SoffiXsponR570.06Ag171300.8.p	AUX/IAA	OTR
SoffiXsponR570.04Fg058200.1.p	NAC	TFF
SoffiXsponR570.02Fg180300.1.p	GNAT	OTR
SoffiXsponR570.8_5Ag209700.2.p	CCAAT	TFF
SoffiXsponR570.3os1g003900.1.p	WRKY	TFF
SoffiXsponR570.07Ag232300.1.p	FAR1	TFF
SoffiXsponR570.3os1g011900.2.p	Tudor-knot	OTR
SoffiXsponR570.01Ag542800.2.p	Trihelix	TFF
SoffiXsponR570.04Cg205100.1.p	SBP	TFF
SoffiXsponR570.03Ag219900.1.p	MYB	TFF
SoffiXsponR570.01Dg328800.5.p	TIG	TFF
SoffiXsponR570.01Eg452100.2.p	Not1	TFF
SoffiXsponR570.03Bg191200.1.p	MYB	TFF
SoffiXsponR570.05Bg213200.1.p	AP2-EREBP	TFF
SoffiXsponR570.01Fg238600.1.p	MYB-related	TFF
SoffiXsponR570.03Cg255800.2.p	mTERF	OTR
SoffiXsponR570.06Fg108800.1.p	VOZ	TFF
SoffiXsponR570.02Eg134900.1.p	MYB	TFF
SoffiXsponR570.04Ag176100.1.p	TRAF	OTR
SoffiXsponR570.03Eg060000.1.p	MADS	TFF
SoffiXsponR570.08Cg120600.1.p	SET	OTR
SoffiXsponR570.01Bg458000.1.p	Jumonji	OTR
SoffiXsponR570.03Ag166800.1.p	Alfin-like	TFF
SoffiXsponR570.05Ag381700.2.p	EIL	TFF
SoffiXsponR570.10Ag072600.1.p	MYB-related	TFF
SoffiXsponR570.10Dg019900.2.p	GRAS	TFF
SoffiXsponR570.09Ag035800.6.p	SET	OTR
SoffiXsponR570.03Cg286900.2.p	SET	OTR
SoffiXsponR570.02Gg166300.1.p	WRKY	TFF
SoffiXsponR570.04Fg078900.2.p	GRAS	TFF
SoffiXsponR570.02Ag178500.3.p	bHLH	TFF
SoffiXsponR570.8_5Ag263100.3.p	EIL	TFF
SoffiXsponR570.5_9Ag294300.1.p	AP2-EREBP	TFF
SoffiXsponR570.10Fg058200.1.p	MADS	TFF
SoffiXsponR570.05Gg127500.1.p	BES1	TFF
SoffiXsponR570.10Cg189100.2.p	GRAS	TFF
SoffiXsponR570.10Fg113800.1.p	GRAS	TFF
SoffiXsponR570.05Cg029000.1.p	mTERF	OTR
SoffiXsponR570.07Cg233100.1.p	bHLH	TFF
SoffiXsponR570.04Gg086300.4.p	G2-like	TFF
SoffiXsponR570.02Bg165300.3.p	Top	TFF
SoffiXsponR570.08Dg004500.1.p	Top	TFF
SoffiXsponR570.09Cg159500.1.p	C2C2-GATA	TFF
SoffiXsponR570.08Bg057800.3.p	FAR1	TFF
SoffiXsponR570.03Dg120500.5.p	MYB	TFF
SoffiXsponR570.02Gg005600.1.p	bHLH	TFF
SoffiXsponR570.02Ag283000.1.p	VOZ	TFF
SoffiXsponR570.05Ag183000.1.p	Tify	TFF
SoffiXsponR570.01Dg082900.1.p	MYB	TFF
SoffiXsponR570.02Dg107500.1.p	C3H	TFF
SoffiXsponR570.05Ag188800.1.p	PHD	OTR
SoffiXsponR570.05Ag043000.1.p	Rcd1-like	OTR
SoffiXsponR570.03Eg195500.6.p	C2H2	TFF
SoffiXsponR570.08Bg000900.2.p	HMG	OTR
SoffiXsponR570.06Fg068400.1.p	MADS	TFF
SoffiXsponR570.02Fg214500.3.p	ARF	TFF
SoffiXsponR570.01Cg076700.3.p	C3H	TFF
SoffiXsponR570.09Cg058100.1.p	NAC	TFF
SoffiXsponR570.01Cg022000.1.p	bHLH	TFF
SoffiXsponR570.03Dg135300.3.p	bHLH	TFF
SoffiXsponR570.02Ag130600.1.p	MADS	TFF
SoffiXsponR570.09Cg139500.1.p	LIM	TFF
SoffiXsponR570.5_9Ag419100.3.p	bHLH	TFF
SoffiXsponR570.06Cg080600.6.p	TRAF	OTR
SoffiXsponR570.6_9Ag264200.1.p	bZIP	TFF
SoffiXsponR570.6_9Ag108900.1.p	MYB	TFF
SoffiXsponR570.01Fg192400.1.p	AP2-EREBP	TFF
SoffiXsponR570.05Dg138600.1.p	C2H2	TFF
SoffiXsponR570.02Ag129700.3.p	MYB	TFF
SoffiXsponR570.01Bg276900.1.p	MYB-related	TFF
SoffiXsponR570.02Gg080800.5.p	MYB-related	TFF
SoffiXsponR570.01Cg325900.2.p	TIG	TFF
SoffiXsponR570.09Dg098400.1.p	AUX/IAA	OTR
SoffiXsponR570.05Dg241900.1.p	AP2-EREBP	TFF
SoffiXsponR570.08Dg036400.2.p	SET	OTR
SoffiXsponR570.03Ag076600.3.p	C3H	TFF
SoffiXsponR570.04Cg138200.1.p	mTERF	OTR
SoffiXsponR570.09Bg110900.1.p	mTERF	OTR
SoffiXsponR570.05Cg259500.1.p	SET	OTR
SoffiXsponR570.04Dg157000.1.p	mTERF	OTR
SoffiXsponR570.01Eg056400.1.p	WRKY	TFF
SoffiXsponR570.10Ag224900.1.p	GRAS	TFF
SoffiXsponR570.06Fg044400.1.p	C2C2-GATA	TFF
SoffiXsponR570.02Eg334700.2.p	TAZ	TFF
SoffiXsponR570.7_10Ag284500.1.p	AP2-EREBP	TFF
SoffiXsponR570.05Eg247000.1.p	MYB-related	TFF
SoffiXsponR570.01Bg295500.1.p	ABI3VP1	TFF
SoffiXsponR570.03Ag037900.1.p	ARF	TFF
SoffiXsponR570.03Ag239500.3.p	C2H2	TFF
SoffiXsponR570.05Ag322300.3.p	GRAS	TFF
SoffiXsponR570.1Z089300.2.p	NAC	TFF
SoffiXsponR570.05Cg226300.1.p	bHLH	TFF
SoffiXsponR570.09Bg053500.9.p	SAP	TFF
SoffiXsponR570.03Dg276500.1.p	MYB	TFF
SoffiXsponR570.02Dg314300.1.p	WRKY	TFF
SoffiXsponR570.05Fg234100.3.p	GRAS	TFF
SoffiXsponR570.10us89g048700.1.p	OFP	TFF
SoffiXsponR570.09Bg122900.1.p	ABI3VP1	TFF
SoffiXsponR570.06Cg127800.1.p	CCAAT	TFF
SoffiXsponR570.09Bg015600.1.p	GRAS	TFF
SoffiXsponR570.01Dg306800.5.p	MYB-related	TFF
SoffiXsponR570.01Ag058700.1.p	HSF	TFF
SoffiXsponR570.03Ag114800.2.p	MYB	TFF
SoffiXsponR570.07Dg102900.1.p	GNAT	OTR
SoffiXsponR570.10Bg105300.3.p	zf-HD	TFF
SoffiXsponR570.6_9Ag037100.1.p	WRKY	TFF
SoffiXsponR570.08Cg185900.5.p	SBP	TFF
SoffiXsponR570.6_9Ag173000.1.p	OFP	TFF
SoffiXsponR570.05Ag379300.4.p	C3H	TFF
SoffiXsponR570.02Eg092400.1.p	C2C2-Dof	TFF
SoffiXsponR570.07Ag212900.1.p	zf-BED	TFF
SoffiXsponR570.03Ag167800.1.p	bHLH	TFF
SoffiXsponR570.01Dg069400.1.p	MADS	TFF
SoffiXsponR570.08Cg122200.1.p	SGT1	OTR
SoffiXsponR570.05Bg247000.3.p	SET	OTR
SoffiXsponR570.01Ag090100.3.p	MADS	TFF
SoffiXsponR570.07Bg166800.1.p	C2H2	TFF
SoffiXsponR570.04Cg018100.3.p	SET	OTR
SoffiXsponR570.02Cg390100.1.p	ARF	TFF
SoffiXsponR570.01Ag090100.4.p	MADS	TFF
SoffiXsponR570.01Dg101700.1.p	AP2-EREBP	TFF
SoffiXsponR570.04Eg161200.1.p	C2H2	TFF
SoffiXsponR570.02Cg097200.1.p	bHLH	TFF
SoffiXsponR570.01Eg346000.2.p	CCAAT	TFF
SoffiXsponR570.9os1g061700.1.p	GRAS	TFF
SoffiXsponR570.04Ag120900.1.p	bZIP	TFF
SoffiXsponR570.6us88g083500.1.p	MYB	TFF
SoffiXsponR570.03Ag134600.1.p	HSF	TFF
SoffiXsponR570.02Ag140500.1.p	PLATZ	TFF
SoffiXsponR570.04Bg000200.2.p	NAC	TFF
SoffiXsponR570.09Bg123100.1.p	ABI3VP1	TFF
SoffiXsponR570.01Dg328800.3.p	TIG	TFF
SoffiXsponR570.1Z104300.2.p	C2C2-GATA	TFF
SoffiXsponR570.07Ag252400.3.p	ABI3VP1	TFF
SoffiXsponR570.05Bg159000.1.p	TCP	TFF
SoffiXsponR570.05Cg040300.1.p	C2C2-YABBY	TFF
SoffiXsponR570.05Cg329400.2.p	MADS	TFF
SoffiXsponR570.01Bg273700.2.p	bHLH	TFF
SoffiXsponR570.09Ag068900.1.p	MADS	TFF
SoffiXsponR570.02Cg229000.1.p	TUB	TFF
SoffiXsponR570.7_10Ag092600.1.p	PHD	OTR
SoffiXsponR570.01Ag174600.1.p	ABI3VP1	TFF
SoffiXsponR570.04Fg041400.1.p	AUX/IAA	OTR
SoffiXsponR570.7_10Ag334800.3.p	bZIP	TFF
SoffiXsponR570.7_10Ag354700.3.p	ARF	TFF
SoffiXsponR570.03Gg148000.1.p	C2H2	TFF
SoffiXsponR570.09Cg063000.1.p	bHLH	TFF
SoffiXsponR570.04Cg191700.1.p	MYB	TFF
SoffiXsponR570.02Ag006500.10.p	ABI3VP1	TFF
SoffiXsponR570.05Fg270400.2.p	SAP	TFF
SoffiXsponR570.03Bg034700.7.p	PHD	OTR
SoffiXsponR570.10Cg079400.1.p	Top	TFF
SoffiXsponR570.07Cg163200.1.p	AP2-EREBP	TFF
SoffiXsponR570.01Bg115300.4.p	GRAS	TFF
SoffiXsponR570.01Bg056600.1.p	GNAT	OTR
SoffiXsponR570.07Cg277100.1.p	ARF	TFF
SoffiXsponR570.9us90g056700.3.p	CPP	TFF
SoffiXsponR570.06Dg025600.1.p	MADS	TFF
SoffiXsponR570.05Bg213000.1.p	bHLH	TFF
SoffiXsponR570.05Fg220200.1.p	CCAAT	TFF
SoffiXsponR570.05Dg223200.2.p	NAC	TFF
SoffiXsponR570.04Eg104300.1.p	NAC	TFF
SoffiXsponR570.02Bg037200.1.p	NAC	TFF
SoffiXsponR570.06Dg061900.1.p	GNAT	OTR
SoffiXsponR570.01Ag471300.2.p	C2H2	TFF
SoffiXsponR570.01Bg219900.3.p	MYB-related	TFF
SoffiXsponR570.06Ag113100.1.p	bZIP	TFF
SoffiXsponR570.10Dg106300.1.p	GNAT	OTR
SoffiXsponR570.10Ag138100.1.p	CCAAT	TFF
SoffiXsponR570.01Ag042300.1.p	bHLH	TFF
SoffiXsponR570.08Eg068900.1.p	MYB	TFF
SoffiXsponR570.01Eg033300.1.p	mTERF	OTR
SoffiXsponR570.03Eg081800.2.p	AUX/IAA	OTR
SoffiXsponR570.01Ag386800.3.p	C3H	TFF
SoffiXsponR570.05Dg078400.3.p	SET	OTR
SoffiXsponR570.5_9Ag310400.1.p	SET	OTR
SoffiXsponR570.03Gg122700.2.p	C2C2-Dof	TFF
SoffiXsponR570.01Cg237700.2.p	EIL	TFF
SoffiXsponR570.03Ag257000.5.p	SET	OTR
SoffiXsponR570.03Cg034100.1.p	PHD	OTR
SoffiXsponR570.05Ag348400.2.p	bHLH	TFF
SoffiXsponR570.02Dg042300.1.p	WRKY	TFF
SoffiXsponR570.10Fg008700.2.p	Sigma70-like	TFF
SoffiXsponR570.5_9Ag228300.1.p	bHLH	TFF
SoffiXsponR570.10os1g031600.1.p	zf-HD	TFF
SoffiXsponR570.03Cg314900.3.p	zf-C5HC2	TFF
SoffiXsponR570.02Bg328000.1.p	GRAS	TFF
SoffiXsponR570.8_10Ag175100.2.p	NAC	TFF
SoffiXsponR570.10us89g092200.2.p	Top	TFF
SoffiXsponR570.05Bg221200.1.p	bHLH	TFF
SoffiXsponR570.01Bg442100.1.p	AP2-EREBP	TFF
SoffiXsponR570.02Cg260400.1.p	WRKY	TFF
SoffiXsponR570.06Cg083300.1.p	mTERF	OTR
SoffiXsponR570.05Cg315800.1.p	GNAT	OTR
SoffiXsponR570.5_9Ag434700.1.p	bHLH	TFF
SoffiXsponR570.01Eg410700.2.p	Jumonji	OTR
SoffiXsponR570.02Fg002500.1.p	G2-like	TFF
SoffiXsponR570.05Dg075100.1.p	bHLH	TFF
SoffiXsponR570.05Fg230500.1.p	ABI3VP1	TFF
SoffiXsponR570.10Fg040300.1.p	MYB	TFF
SoffiXsponR570.10Dg191800.1.p	AP2-EREBP	TFF
SoffiXsponR570.02Bg219400.1.p	Coactivator_p15	OTR
SoffiXsponR570.08Bg055200.1.p	Top	TFF
SoffiXsponR570.05Eg122900.1.p	MYB-related	TFF
SoffiXsponR570.1Z234200.1.p	HSF	TFF
SoffiXsponR570.02Cg191100.7.p	Top	TFF
SoffiXsponR570.07Ag077900.1.p	ARF	TFF
SoffiXsponR570.05Fg230500.2.p	ABI3VP1	TFF
SoffiXsponR570.06Dg016300.1.p	AUX/IAA	OTR
SoffiXsponR570.09Ag173400.1.p	TRAF	OTR
SoffiXsponR570.02Bg243200.1.p	HSF	TFF
SoffiXsponR570.03Bg167800.1.p	TRAF	OTR
SoffiXsponR570.08Eg015100.1.p	SET	OTR
SoffiXsponR570.06Eg125200.5.p	NAC	TFF
SoffiXsponR570.07Eg186100.1.p	AP2-EREBP	TFF
SoffiXsponR570.01Dg030500.1.p	HB	TFF
SoffiXsponR570.02Gg170200.2.p	AUX/IAA	OTR
SoffiXsponR570.09Cg029900.1.p	WRKY	TFF
SoffiXsponR570.08Dg055500.1.p	TRAF	OTR
SoffiXsponR570.05Ag319200.1.p	GRAS	TFF
SoffiXsponR570.9os1g019800.12.p	SAP	TFF
SoffiXsponR570.06Fg120500.1.p	HSF	TFF
SoffiXsponR570.03Dg170200.4.p	DDT	OTR
SoffiXsponR570.09Ag067600.1.p	NAC	TFF
SoffiXsponR570.06Cg044500.1.p	GNAT	OTR
SoffiXsponR570.02Bg237900.1.p	AUX/IAA	OTR
SoffiXsponR570.03Eg190300.1.p	GRAS	TFF
SoffiXsponR570.06Dg114800.3.p	TCP	TFF
SoffiXsponR570.5_9Ag016300.1.p	EIL	TFF
SoffiXsponR570.02Bg256800.1.p	TRAF	OTR
SoffiXsponR570.10Cg079400.4.p	Top	TFF
SoffiXsponR570.04Ag062400.2.p	MADS	TFF
SoffiXsponR570.03Eg126300.2.p	MYB-related	TFF
SoffiXsponR570.10Bg065100.1.p	NAC	TFF
SoffiXsponR570.06Eg132300.2.p	TUB	TFF
SoffiXsponR570.03Dg087100.1.p	bZIP	TFF
SoffiXsponR570.01Dg003400.1.p	mTERF	OTR
SoffiXsponR570.02Fg309900.3.p	bZIP	TFF
SoffiXsponR570.02Bg197000.1.p	WRKY	TFF
SoffiXsponR570.7_10Ag157300.5.p	TIG	TFF
SoffiXsponR570.08Dg024400.1.p	NAC	TFF
SoffiXsponR570.01Bg080100.1.p	WRKY	TFF
SoffiXsponR570.01Fg036000.1.p	AP2-EREBP	TFF
SoffiXsponR570.06Fg094600.3.p	CCAAT	TFF
SoffiXsponR570.03Dg258700.2.p	zf-HD	TFF
SoffiXsponR570.03Cg227700.1.p	GRF	TFF
SoffiXsponR570.08Bg169300.1.p	MADS	TFF
SoffiXsponR570.5_9Ag376800.3.p	zf-A20	TFF
SoffiXsponR570.6_9Ag277900.1.p	ARF	TFF
SoffiXsponR570.05Bg298100.1.p	NAC	TFF
SoffiXsponR570.03Ag055700.1.p	MYB-related	TFF
SoffiXsponR570.05Fg246600.3.p	GRAS	TFF
SoffiXsponR570.05Ag367800.2.p	DDT	OTR
SoffiXsponR570.8_5Ag247800.2.p	DDT	OTR
SoffiXsponR570.07Dg149800.3.p	Trihelix	TFF
SoffiXsponR570.8_10Ag011700.1.p	MADS	TFF
SoffiXsponR570.02Gg153900.1.p	ABI3VP1	TFF
SoffiXsponR570.07Cg113600.1.p	NAC	TFF
SoffiXsponR570.09Cg091500.1.p	MADS	TFF
SoffiXsponR570.02Bg063500.1.p	MYB-related	TFF
SoffiXsponR570.01Cg184000.1.p	C2H2	TFF
SoffiXsponR570.1Z237900.1.p	MYB	TFF
SoffiXsponR570.01Dg245300.2.p	EIL	TFF
SoffiXsponR570.03Ag167800.4.p	bHLH	TFF
SoffiXsponR570.8_10Ag141100.1.p	C2H2	TFF
SoffiXsponR570.07Bg155800.1.p	NAC	TFF
SoffiXsponR570.07Eg096900.1.p	AP2-EREBP	TFF
SoffiXsponR570.05Fg072300.1.p	SET	OTR
SoffiXsponR570.03Cg225700.2.p	C2C2-Dof	TFF
SoffiXsponR570.06Dg042200.1.p	OFP	TFF
SoffiXsponR570.01Cg370600.1.p	RWP-RK	TFF
SoffiXsponR570.05Ag323400.1.p	C2H2	TFF
SoffiXsponR570.03Cg226800.1.p	AP2-EREBP	TFF
SoffiXsponR570.03Eg216100.1.p	GNAT	OTR
SoffiXsponR570.02Fg207400.7.p	bZIP	TFF
SoffiXsponR570.01Dg064900.1.p	Jumonji	OTR
SoffiXsponR570.02Gg213500.2.p	bZIP	TFF
SoffiXsponR570.02Gg289700.1.p	Tify	TFF
SoffiXsponR570.02Fg004400.3.p	RWP-RK	TFF
SoffiXsponR570.03Bg037900.2.p	TAZ	TFF
SoffiXsponR570.07Ag064800.1.p	E2F-DP	TFF
SoffiXsponR570.1Z052200.1.p	ABI3VP1	TFF
SoffiXsponR570.05Fg162600.1.p	AP2-EREBP	TFF
SoffiXsponR570.03Fg111000.2.p	MYB-related	TFF
SoffiXsponR570.02Bg215400.2.p	zf-BED	TFF
SoffiXsponR570.05Cg228900.1.p	AP2-EREBP	TFF
SoffiXsponR570.07Eg118200.2.p	bHLH	TFF
SoffiXsponR570.07Bg090300.1.p	GRAS	TFF
SoffiXsponR570.5_9Ag345900.4.p	SET	OTR
SoffiXsponR570.09Bg047100.1.p	ABI3VP1	TFF
SoffiXsponR570.09Dg016200.1.p	C2H2	TFF
SoffiXsponR570.02Bg022400.1.p	NOZZLE	TFF
SoffiXsponR570.7_10Ag089800.2.p	zf-HD	TFF
SoffiXsponR570.03Dg035900.1.p	RWP-RK	TFF
SoffiXsponR570.02Fg161500.2.p	C2H2	TFF
SoffiXsponR570.02Fg223800.1.p	Top	TFF
SoffiXsponR570.8_10Ag055300.1.p	CCAAT	TFF
SoffiXsponR570.02Bg320700.4.p	C2H2	TFF
SoffiXsponR570.7_10Ag354700.5.p	ARF	TFF
SoffiXsponR570.07Bg241100.1.p	AUX/IAA	OTR
SoffiXsponR570.03Bg039700.11.p	MYB-related	TFF
SoffiXsponR570.05Bg228900.1.p	SRS	TFF
SoffiXsponR570.03Eg155900.2.p	mTERF	OTR
SoffiXsponR570.10os1g012000.2.p	MYB-related	TFF
SoffiXsponR570.8_5Ag164700.1.p	MYB	TFF
SoffiXsponR570.01Bg286100.1.p	GRAS	TFF
SoffiXsponR570.10Ag047600.1.p	NAC	TFF
SoffiXsponR570.05Dg137900.1.p	bZIP	TFF
SoffiXsponR570.09Eg033400.3.p	SET	OTR
SoffiXsponR570.8_5Ag078100.1.p	NAC	TFF
SoffiXsponR570.02Bg145500.1.p	zf-BED	TFF
SoffiXsponR570.02Bg382100.1.p	SRS	TFF
SoffiXsponR570.5_9Ag156900.1.p	SRS	TFF
SoffiXsponR570.02Dg276100.1.p	bZIP	TFF
SoffiXsponR570.05Ag348000.1.p	MYB	TFF
SoffiXsponR570.7_10Ag054300.1.p	MED26	OTR
SoffiXsponR570.01Fg011800.2.p	C2C2-Dof	TFF
SoffiXsponR570.03Eg135600.3.p	bHLH	TFF
SoffiXsponR570.01Eg327000.3.p	C2H2	TFF
SoffiXsponR570.02Eg097400.1.p	bHLH	TFF
SoffiXsponR570.03Bg066000.2.p	PLATZ	TFF
SoffiXsponR570.10Fg119100.3.p	GRAS	TFF
SoffiXsponR570.03Gg042200.2.p	C2H2	TFF
SoffiXsponR570.04Cg177900.5.p	MYB	TFF
SoffiXsponR570.03Dg070300.1.p	HB	TFF
SoffiXsponR570.07Eg154100.5.p	PHD	OTR
SoffiXsponR570.1Z130100.4.p	AP2-EREBP	TFF
SoffiXsponR570.6_9Ag037200.2.p	WRKY	TFF
SoffiXsponR570.07Dg214000.1.p	ARF	TFF
SoffiXsponR570.01Dg003100.1.p	mTERF	OTR
SoffiXsponR570.05Dg242100.1.p	AP2-EREBP	TFF
SoffiXsponR570.08Bg166300.1.p	MYB	TFF
SoffiXsponR570.03Ag250100.1.p	AP2-EREBP	TFF
SoffiXsponR570.07Eg073900.2.p	RWP-RK	TFF
SoffiXsponR570.5_9Ag204200.2.p	bZIP	TFF
SoffiXsponR570.01Ag263500.3.p	TIG	TFF
SoffiXsponR570.06Fg093200.1.p	bZIP	TFF
SoffiXsponR570.04Cg195800.1.p	Top	TFF
SoffiXsponR570.10Dg115400.2.p	CCAAT	TFF
SoffiXsponR570.03Cg228400.2.p	MYB-related	TFF
SoffiXsponR570.5os1g002500.1.p	FHA	TFF
SoffiXsponR570.09Eg020600.2.p	FAR1	TFF
SoffiXsponR570.5_9Ag180700.1.p	NAC	TFF
SoffiXsponR570.09Cg016400.3.p	FAR1	TFF
SoffiXsponR570.09Eg041700.2.p	MYB-related	TFF
SoffiXsponR570.04Dg175100.3.p	ARF	TFF
SoffiXsponR570.05Eg299200.1.p	NAC	TFF
SoffiXsponR570.02Cg388500.1.p	Tify	TFF
SoffiXsponR570.02Fg283000.1.p	AP2-EREBP	TFF
SoffiXsponR570.05Dg301800.1.p	MYB	TFF
SoffiXsponR570.9us90g025900.1.p	bZIP	TFF
SoffiXsponR570.02Eg249200.1.p	bZIP	TFF
SoffiXsponR570.02Cg124300.1.p	FAR1	TFF
SoffiXsponR570.01Bg371400.1.p	Pseudo_ARR-B	OTR
SoffiXsponR570.08Bg063400.2.p	bZIP	TFF
SoffiXsponR570.1Z232300.1.p	MED26	OTR
SoffiXsponR570.9us90g027900.1.p	MYB	TFF
SoffiXsponR570.03Dg259200.1.p	C2C2-Dof	TFF
SoffiXsponR570.01Bg142700.5.p	NOT2_3_5	OTR
SoffiXsponR570.08Dg080700.1.p	MBF1	OTR
SoffiXsponR570.09Eg033400.1.p	SET	OTR
SoffiXsponR570.8_10Ag307600.1.p	NAC	TFF
SoffiXsponR570.01Cg329000.9.p	MADS	TFF
SoffiXsponR570.8_5Ag070000.2.p	SET	OTR
SoffiXsponR570.02Dg348000.1.p	MYB	TFF
SoffiXsponR570.07Cg173700.1.p	HMG	OTR
SoffiXsponR570.01Dg246000.2.p	bZIP	TFF
SoffiXsponR570.03Eg219700.2.p	bZIP	TFF
SoffiXsponR570.05Cg228700.1.p	AP2-EREBP	TFF
SoffiXsponR570.06Fg133400.3.p	ABI3VP1	TFF
SoffiXsponR570.03Ag299200.1.p	AP2-EREBP	TFF
SoffiXsponR570.7_10Ag355600.1.p	SWI/SNF-BAF60b	OTR
SoffiXsponR570.08Cg204100.1.p	C2C2-Dof	TFF
SoffiXsponR570.9os1g020300.1.p	AP2-EREBP	TFF
SoffiXsponR570.04Cg241000.1.p	C2C2-GATA	TFF
SoffiXsponR570.07Ag067500.1.p	SWI/SNF-BAF60b	OTR
SoffiXsponR570.04Cg231900.1.p	AP2-EREBP	TFF
SoffiXsponR570.09Bg123000.2.p	ABI3VP1	TFF
SoffiXsponR570.9us90g006600.1.p	MADS	TFF
SoffiXsponR570.03Fg100800.1.p	bHLH	TFF
SoffiXsponR570.6_9Ag165600.3.p	bHLH	TFF
SoffiXsponR570.01Fg006600.2.p	SET	OTR
SoffiXsponR570.05Fg162300.1.p	AP2-EREBP	TFF
SoffiXsponR570.05Eg311900.1.p	GRAS	TFF
SoffiXsponR570.10Eg122100.1.p	bZIP	TFF
SoffiXsponR570.02Dg309000.1.p	bZIP	TFF
SoffiXsponR570.07Bg077500.1.p	AP2-EREBP	TFF
SoffiXsponR570.10Ag224600.1.p	GRAS	TFF
SoffiXsponR570.05Fg162400.1.p	AP2-EREBP	TFF
SoffiXsponR570.02Ag125600.1.p	MYB-related	TFF
SoffiXsponR570.06Ag149400.1.p	SET	OTR
SoffiXsponR570.07Dg106100.1.p	NAC	TFF
SoffiXsponR570.10Cg032300.1.p	bZIP	TFF
SoffiXsponR570.07Bg071700.1.p	OFP	TFF
SoffiXsponR570.8_10Ag204400.2.p	WRKY	TFF
SoffiXsponR570.03Bg146800.1.p	Alfin-like	TFF
SoffiXsponR570.03Dg281800.1.p	E2F-DP	TFF
SoffiXsponR570.1Z110300.1.p	GNAT	OTR
SoffiXsponR570.6_9Ag076300.1.p	zf-HD	TFF
SoffiXsponR570.05Cg363000.1.p	CCAAT	TFF
SoffiXsponR570.8_5Ag229400.1.p	MYB	TFF
SoffiXsponR570.07Eg034400.4.p	S1Fa-like	TFF
SoffiXsponR570.09Cg136100.2.p	ABI3VP1	TFF
SoffiXsponR570.05Ag076400.1.p	AP2-EREBP	TFF
SoffiXsponR570.07Bg275900.2.p	PHD	OTR
SoffiXsponR570.02Ag037100.5.p	MYB-related	TFF
SoffiXsponR570.01Fg278500.1.p	Tify	TFF
SoffiXsponR570.05Dg323100.1.p	C2H2	TFF
SoffiXsponR570.08Cg135200.1.p	AP2-EREBP	TFF
SoffiXsponR570.05Cg354700.1.p	MED26	OTR
SoffiXsponR570.08Ag002800.2.p	TRAF	OTR
SoffiXsponR570.6_9Ag331700.1.p	MYB-related	TFF
SoffiXsponR570.07Cg087500.1.p	MADS	TFF
SoffiXsponR570.01Bg457800.1.p	Top	TFF
SoffiXsponR570.09Dg087300.1.p	AP2-EREBP	TFF
SoffiXsponR570.02Bg089400.1.p	C2H2	TFF
SoffiXsponR570.06Eg031600.2.p	MYB-related	TFF
SoffiXsponR570.02Cg127200.2.p	MYB	TFF
SoffiXsponR570.01Bg492100.3.p	Trihelix	TFF
SoffiXsponR570.05Bg123800.1.p	MYB	TFF
SoffiXsponR570.03Dg258100.2.p	bHLH	TFF
SoffiXsponR570.03Bg031000.1.p	SWI/SNF-BAF60b	OTR
SoffiXsponR570.01Cg164900.1.p	ABI3VP1	TFF
SoffiXsponR570.01Bg106200.1.p	PAS	TFF
SoffiXsponR570.01Fg228800.1.p	FAR1	TFF
SoffiXsponR570.02Fg005200.1.p	bHLH	TFF
SoffiXsponR570.03Gg123300.1.p	zf-HD	TFF
SoffiXsponR570.07Bg021300.1.p	Top	TFF
SoffiXsponR570.07Cg277500.2.p	NAC	TFF
SoffiXsponR570.01Fg151600.1.p	zf-LSD1	TFF
SoffiXsponR570.6us88g002600.2.p	ABI3VP1	TFF
SoffiXsponR570.01Cg167100.1.p	OFP	TFF
SoffiXsponR570.08Ag059400.1.p	FAR1	TFF
SoffiXsponR570.07Bg168700.4.p	GRAS	TFF
SoffiXsponR570.08Eg121200.2.p	TRAF	OTR
SoffiXsponR570.7_10Ag225800.2.p	bHLH	TFF
SoffiXsponR570.03Bg195900.1.p	WRKY	TFF
SoffiXsponR570.01Bg128100.3.p	C2C2-GATA	TFF
SoffiXsponR570.07Bg053000.3.p	TIG	TFF
SoffiXsponR570.01Ag292200.3.p	MED26	OTR
SoffiXsponR570.10us89g051600.6.p	HB	TFF
SoffiXsponR570.10Fg114700.1.p	GRAS	TFF
SoffiXsponR570.01Bg006300.2.p	WRKY	TFF
SoffiXsponR570.05Ag062700.1.p	HSF	TFF
SoffiXsponR570.01Bg492100.1.p	Trihelix	TFF
SoffiXsponR570.01Dg024000.2.p	WRKY	TFF
SoffiXsponR570.06Dg008700.2.p	Top	TFF
SoffiXsponR570.05Eg251500.1.p	mTERF	OTR
SoffiXsponR570.06Ag105800.1.p	TRAF	OTR
SoffiXsponR570.02Cg056200.2.p	MYB-related	TFF
SoffiXsponR570.07Cg069100.1.p	OFP	TFF
SoffiXsponR570.08Eg120500.2.p	bHLH	TFF
SoffiXsponR570.06Gg005000.1.p	bHLH	TFF
SoffiXsponR570.10Ag092800.1.p	AP2-EREBP	TFF
SoffiXsponR570.02Cg340400.1.p	bZIP	TFF
SoffiXsponR570.01Dg060000.1.p	C2H2	TFF
SoffiXsponR570.10us89g053500.1.p	TUB	TFF
SoffiXsponR570.01Ag491200.1.p	bHLH	TFF
SoffiXsponR570.05Bg124200.5.p	ABI3VP1	TFF
SoffiXsponR570.01Dg007200.1.p	AP2-EREBP	TFF
SoffiXsponR570.01Bg083200.3.p	MADS	TFF
SoffiXsponR570.03Dg289300.1.p	mTERF	OTR
SoffiXsponR570.06Ag208400.1.p	CCAAT	TFF
SoffiXsponR570.8_10Ag204400.3.p	WRKY	TFF
SoffiXsponR570.02Bg022400.2.p	NOZZLE	TFF
SoffiXsponR570.03Bg039700.7.p	MYB-related	TFF
SoffiXsponR570.03Cg258500.1.p	TCP	TFF
SoffiXsponR570.05Bg311100.4.p	GRAS	TFF
SoffiXsponR570.01Eg308200.1.p	AP2-EREBP	TFF
SoffiXsponR570.10Dg081100.1.p	AP2-EREBP	TFF
SoffiXsponR570.04Fg020200.1.p	FHA	TFF
SoffiXsponR570.05Dg219700.2.p	SBP	TFF
SoffiXsponR570.8_10Ag261300.1.p	ARID	OTR
SoffiXsponR570.08Cg167800.1.p	AP2-EREBP	TFF
SoffiXsponR570.04Gg081400.1.p	NAC	TFF
SoffiXsponR570.02Cg120800.1.p	MYB	TFF
SoffiXsponR570.05Fg053500.1.p	MYB	TFF
SoffiXsponR570.06Ag171300.3.p	AUX/IAA	OTR
SoffiXsponR570.08Dg093900.1.p	AP2-EREBP	TFF
SoffiXsponR570.07Ag163900.5.p	C2H2	TFF
SoffiXsponR570.04Bg113100.1.p	MYB-related	TFF
SoffiXsponR570.01Ag365600.1.p	MYB-related	TFF
SoffiXsponR570.04Ag227900.2.p	MYB	TFF
SoffiXsponR570.03Dg080700.4.p	bZIP	TFF
SoffiXsponR570.07Cg115600.1.p	NAC	TFF
SoffiXsponR570.05Cg187800.1.p	HSF	TFF
SoffiXsponR570.08Cg057400.1.p	AP2-EREBP	TFF
SoffiXsponR570.02Bg156900.2.p	ABI3VP1	TFF
SoffiXsponR570.07Dg050100.1.p	AP2-EREBP	TFF
SoffiXsponR570.04Bg242100.5.p	ARF	TFF
SoffiXsponR570.08Cg191400.1.p	zf-A20	TFF
SoffiXsponR570.04Ag008800.1.p	MYB	TFF
SoffiXsponR570.05Bg310700.2.p	mTERF	OTR
SoffiXsponR570.08Eg142100.4.p	WRKY	TFF
SoffiXsponR570.03Ag325600.1.p	bHLH	TFF
SoffiXsponR570.07Cg176000.1.p	C2C2-Dof	TFF
SoffiXsponR570.08Dg152700.1.p	bHLH	TFF
SoffiXsponR570.02Dg036300.1.p	NAC	TFF
SoffiXsponR570.09Bg035000.7.p	SET	OTR
SoffiXsponR570.07Dg215100.1.p	C3H	TFF
SoffiXsponR570.7_10Ag070200.2.p	MYB-related	TFF
SoffiXsponR570.9os1g020200.1.p	MYB	TFF
SoffiXsponR570.10us89g050800.1.p	Pseudo_ARR-B	OTR
SoffiXsponR570.04Bg216900.1.p	MYB	TFF
SoffiXsponR570.05Dg262900.1.p	SET	OTR
SoffiXsponR570.03Dg255500.1.p	GRF	TFF
SoffiXsponR570.08Ag054200.2.p	NAC	TFF
SoffiXsponR570.07Ag155200.2.p	GRAS	TFF
SoffiXsponR570.05Bg291400.1.p	bHLH	TFF
SoffiXsponR570.02Bg048800.2.p	Top	TFF
SoffiXsponR570.04Fg068400.1.p	MBF1	OTR
SoffiXsponR570.03Cg155400.1.p	SET	OTR
SoffiXsponR570.06Eg132300.1.p	TUB	TFF
SoffiXsponR570.05Cg377100.1.p	OFP	TFF
SoffiXsponR570.02Dg191400.1.p	MYB-related	TFF
SoffiXsponR570.04Bg158100.2.p	HB	TFF
SoffiXsponR570.03Ag286400.1.p	AP2-EREBP	TFF
SoffiXsponR570.5_9Ag167000.2.p	bZIP	TFF
SoffiXsponR570.04Cg192800.7.p	AP2-EREBP	TFF
SoffiXsponR570.10Eg130500.2.p	GRAS	TFF
SoffiXsponR570.05Eg316300.1.p	C2H2	TFF
SoffiXsponR570.5_9Ag214000.2.p	Tify	TFF
SoffiXsponR570.10Ag225700.1.p	C2H2	TFF
SoffiXsponR570.03Dg036600.2.p	TAZ	TFF
SoffiXsponR570.08Ag108100.1.p	bZIP	TFF
SoffiXsponR570.01Ag383000.1.p	WRKY	TFF
SoffiXsponR570.5_9Ag161300.1.p	AP2-EREBP	TFF
SoffiXsponR570.08Eg018800.1.p	AP2-EREBP	TFF
SoffiXsponR570.7_10Ag208800.2.p	GNAT	OTR
SoffiXsponR570.03Ag219800.1.p	MYB	TFF
SoffiXsponR570.02Ag353600.1.p	C2C2-Dof	TFF
SoffiXsponR570.09Bg054000.2.p	MYB	TFF
SoffiXsponR570.03Bg030500.1.p	BES1	TFF
SoffiXsponR570.01Bg114100.1.p	GeBP	TFF
SoffiXsponR570.08Cg139900.1.p	zf-HD	TFF
SoffiXsponR570.08Dg065700.1.p	GNAT	OTR
SoffiXsponR570.01Ag166600.1.p	bHLH	TFF
SoffiXsponR570.05Ag279300.1.p	C2C2-Dof	TFF
SoffiXsponR570.01Cg325200.1.p	AP2-EREBP	TFF
SoffiXsponR570.04Ag187300.1.p	C2H2	TFF
SoffiXsponR570.05Eg300200.1.p	GRAS	TFF
SoffiXsponR570.1Z054100.2.p	SET	OTR
SoffiXsponR570.04Dg023400.1.p	MYB-related	TFF
SoffiXsponR570.03Ag161800.2.p	NAC	TFF
SoffiXsponR570.01Bg024100.1.p	C2C2-GATA	TFF
SoffiXsponR570.02Eg201700.2.p	DDT	OTR
SoffiXsponR570.03Bg261000.1.p	AP2-EREBP	TFF
SoffiXsponR570.04Ag138100.5.p	C3H	TFF
SoffiXsponR570.09Ag140600.4.p	CPP	TFF
SoffiXsponR570.02Eg356700.1.p	TCP	TFF
SoffiXsponR570.7os1g083800.1.p	AP2-EREBP	TFF
SoffiXsponR570.01Bg359500.1.p	MYB	TFF
SoffiXsponR570.03Cg180100.4.p	ABI3VP1	TFF
SoffiXsponR570.07Bg230000.1.p	bZIP	TFF
SoffiXsponR570.8_5Ag001500.2.p	HMG	OTR
SoffiXsponR570.04Bg223400.3.p	ARF	TFF
SoffiXsponR570.1Z258500.1.p	MBF1	OTR
SoffiXsponR570.01Ag531400.6.p	HB	TFF
SoffiXsponR570.10Ag073100.1.p	NAC	TFF
SoffiXsponR570.06Gg056900.1.p	NAC	TFF
SoffiXsponR570.8_5Ag136400.2.p	AP2-EREBP	TFF
SoffiXsponR570.04Eg156200.1.p	HMG	OTR
SoffiXsponR570.03Bg262800.3.p	SWI/SNF-SWI3	OTR
SoffiXsponR570.7_10Ag267000.2.p	AP2-EREBP	TFF
SoffiXsponR570.07Cg002400.1.p	GeBP	TFF
SoffiXsponR570.08Cg155500.1.p	MYB	TFF
SoffiXsponR570.10Eg021900.1.p	AUX/IAA	OTR
SoffiXsponR570.07Ag248100.1.p	ARF	TFF
SoffiXsponR570.05Dg349900.3.p	SART-1	OTR
SoffiXsponR570.03Bg214700.2.p	MYB-related	TFF
SoffiXsponR570.09Eg025500.1.p	MYB	TFF
SoffiXsponR570.02Gg291600.2.p	bHLH	TFF
SoffiXsponR570.08Ag005000.11.p	PHD	OTR
SoffiXsponR570.06Dg141100.1.p	WRKY	TFF
SoffiXsponR570.09Dg107300.2.p	ARF	TFF
SoffiXsponR570.03Fg119100.1.p	HMG	OTR
SoffiXsponR570.02Bg280700.3.p	SET	OTR
SoffiXsponR570.8_10Ag317700.1.p	MYB	TFF
SoffiXsponR570.01Cg107500.1.p	Tify	TFF
SoffiXsponR570.03Eg208400.1.p	MYB	TFF
SoffiXsponR570.08Dg171500.2.p	bHLH	TFF
SoffiXsponR570.02Gg231200.1.p	CCAAT	TFF
SoffiXsponR570.07Dg085900.2.p	bHLH	TFF
SoffiXsponR570.10Bg174800.3.p	E2F-DP	TFF
SoffiXsponR570.02Dg409900.1.p	Top	TFF
SoffiXsponR570.02Ag256900.1.p	Coactivator_p15	OTR
SoffiXsponR570.05Cg001300.1.p	C2H2	TFF
SoffiXsponR570.01Eg443500.1.p	Trihelix	TFF
SoffiXsponR570.10os1g031600.3.p	zf-HD	TFF
SoffiXsponR570.4us91g021100.1.p	ARF	TFF
SoffiXsponR570.09Eg077800.1.p	Jumonji	OTR
SoffiXsponR570.02Eg099100.1.p	WRKY	TFF
SoffiXsponR570.09Eg065800.1.p	zf-HD	TFF
SoffiXsponR570.09Bg137200.1.p	CCAAT	TFF
SoffiXsponR570.04Eg073200.1.p	ABI3VP1	TFF
SoffiXsponR570.02Ag393600.1.p	TCP	TFF
SoffiXsponR570.10us89g048800.1.p	OFP	TFF
SoffiXsponR570.7_10Ag312700.1.p	Rcd1-like	OTR
SoffiXsponR570.01Cg070800.1.p	TCP	TFF
SoffiXsponR570.05Bg212200.1.p	NAC	TFF
SoffiXsponR570.9os1g031700.1.p	MYB	TFF
SoffiXsponR570.05Ag339900.3.p	SAP	TFF
SoffiXsponR570.03Cg092900.4.p	AUX/IAA	OTR
SoffiXsponR570.6_9Ag308200.3.p	TUB	TFF
SoffiXsponR570.09Eg048100.2.p	SAP	TFF
SoffiXsponR570.02Fg040700.1.p	HMG	OTR
SoffiXsponR570.04Ag029400.1.p	TRAF	OTR
SoffiXsponR570.01Ag353000.1.p	Jumonji	OTR
SoffiXsponR570.01Fg278300.1.p	Tify	TFF
SoffiXsponR570.09Ag059500.1.p	MYB	TFF
SoffiXsponR570.1Z238100.1.p	SART-1	OTR
SoffiXsponR570.04Fg042700.1.p	WRKY	TFF
SoffiXsponR570.02Cg359200.1.p	Alfin-like	TFF
SoffiXsponR570.03Gg123600.1.p	MYB-related	TFF
SoffiXsponR570.04Cg098300.1.p	TCP	TFF
SoffiXsponR570.03Gg135900.2.p	C2C2-GATA	TFF
SoffiXsponR570.04Bg058900.1.p	MYB-related	TFF
SoffiXsponR570.09Cg048800.1.p	MED26	OTR
SoffiXsponR570.04Ag252900.3.p	ARF	TFF
SoffiXsponR570.05Bg161500.1.p	MYB	TFF
SoffiXsponR570.10Cg091600.1.p	bHLH	TFF
SoffiXsponR570.01Bg282800.1.p	C2H2	TFF
SoffiXsponR570.03Dg125300.1.p	Tudor-knot	OTR
SoffiXsponR570.05Gg204300.1.p	bZIP	TFF
SoffiXsponR570.05Eg043000.1.p	zf-A20	TFF
SoffiXsponR570.02Eg196900.1.p	C2C2-GATA	TFF
SoffiXsponR570.08Ag069200.5.p	SET	OTR
SoffiXsponR570.09Bg054800.2.p	C2C2-GATA	TFF
SoffiXsponR570.7_10Ag193100.1.p	NAC	TFF
SoffiXsponR570.05Ag119000.1.p	TRAF	OTR
SoffiXsponR570.8_10Ag276700.2.p	SET	OTR
SoffiXsponR570.05Eg258700.1.p	GRAS	TFF
SoffiXsponR570.08Ag195300.1.p	mTERF	OTR
SoffiXsponR570.04Bg112300.2.p	bZIP	TFF
SoffiXsponR570.06Ag125400.1.p	NAC	TFF
SoffiXsponR570.05Fg051900.1.p	MYB	TFF
SoffiXsponR570.02Gg033300.2.p	SBP	TFF
SoffiXsponR570.07Dg235600.2.p	TUB	TFF
SoffiXsponR570.04Eg014000.3.p	NAC	TFF
SoffiXsponR570.10Bg202500.1.p	AP2-EREBP	TFF
SoffiXsponR570.1Z221200.4.p	PHD	OTR
SoffiXsponR570.01Bg185900.1.p	C2C2-YABBY	TFF
SoffiXsponR570.04Ag069800.1.p	MYB-related	TFF
SoffiXsponR570.02Ag365400.2.p	PHD	OTR
SoffiXsponR570.9os1g019800.7.p	SAP	TFF
SoffiXsponR570.06Bg045200.3.p	bHLH	TFF
SoffiXsponR570.04Eg104100.2.p	TRAF	OTR
SoffiXsponR570.04Bg117300.1.p	C2C2-CO-like	TFF
SoffiXsponR570.01Bg358800.4.p	PHD	OTR
SoffiXsponR570.7_10Ag144900.5.p	bHLH	TFF
SoffiXsponR570.08Bg011200.1.p	AUX/IAA	OTR
SoffiXsponR570.01Bg158100.3.p	ABI3VP1	TFF
SoffiXsponR570.01Ag551200.2.p	Not1	TFF
SoffiXsponR570.02Ag098200.1.p	C2H2	TFF
SoffiXsponR570.05Bg107100.3.p	SET	OTR
SoffiXsponR570.6_9Ag262000.1.p	bZIP	TFF
SoffiXsponR570.05Fg184800.1.p	SET	OTR
SoffiXsponR570.03Ag237300.1.p	AP2-EREBP	TFF
SoffiXsponR570.05Ag339000.1.p	AP2-EREBP	TFF
SoffiXsponR570.07Ag045600.1.p	bHLH	TFF
SoffiXsponR570.01Ag297000.1.p	MYB-related	TFF
SoffiXsponR570.1Z111200.1.p	bHLH	TFF
SoffiXsponR570.06Fg114600.1.p	AUX/IAA	OTR
SoffiXsponR570.10Cg184400.1.p	GRAS	TFF
SoffiXsponR570.04Bg231100.1.p	PAS	TFF
SoffiXsponR570.01Fg187800.1.p	WRKY	TFF
SoffiXsponR570.8_5Ag126300.2.p	PHD	OTR
SoffiXsponR570.09Cg117500.1.p	MYB	TFF
SoffiXsponR570.04Bg054000.1.p	zf-MIZ	OTR
SoffiXsponR570.01Eg313600.1.p	PHD	OTR
SoffiXsponR570.04Dg094600.1.p	MADS	TFF
SoffiXsponR570.07Ag077900.3.p	ARF	TFF
SoffiXsponR570.4us91g028000.1.p	PHD	OTR
SoffiXsponR570.10Dg166700.1.p	C2C2-Dof	TFF
SoffiXsponR570.05Fg061600.3.p	bZIP	TFF
SoffiXsponR570.05Gg191500.1.p	CCAAT	TFF
SoffiXsponR570.10Ag157900.1.p	WRKY	TFF
SoffiXsponR570.03Bg046300.1.p	PBF-2-like	TFF
SoffiXsponR570.06Dg074600.2.p	mTERF	OTR
SoffiXsponR570.09Dg098600.1.p	AUX/IAA	OTR
SoffiXsponR570.02Eg240100.1.p	AUX/IAA	OTR
SoffiXsponR570.02Bg084600.2.p	MYB	TFF
SoffiXsponR570.10Fg107100.1.p	AP2-EREBP	TFF
SoffiXsponR570.04Bg210100.1.p	AP2-EREBP	TFF
SoffiXsponR570.7_10Ag189200.5.p	DDT	OTR
SoffiXsponR570.07Eg060800.1.p	NAC	TFF
SoffiXsponR570.02Dg041600.1.p	CCAAT	TFF
SoffiXsponR570.02Dg307900.2.p	SET	OTR
SoffiXsponR570.09Cg029300.1.p	WRKY	TFF
SoffiXsponR570.05Cg202900.1.p	WRKY	TFF
SoffiXsponR570.10Cg106800.2.p	ABI3VP1	TFF
SoffiXsponR570.10Bg006300.1.p	MYB-related	TFF
SoffiXsponR570.01Ag033600.2.p	GRAS	TFF
SoffiXsponR570.06Fg108000.1.p	ARF	TFF
SoffiXsponR570.05Cg184700.1.p	C2H2	TFF
SoffiXsponR570.04Eg157500.1.p	MYB-related	TFF
SoffiXsponR570.10us89g053500.3.p	TUB	TFF
SoffiXsponR570.06Cg116500.1.p	AP2-EREBP	TFF
SoffiXsponR570.01Bg457200.1.p	E2F-DP	TFF
SoffiXsponR570.08Cg004700.2.p	Yl1	TFF
SoffiXsponR570.8_5Ag155600.2.p	SOH1	OTR
SoffiXsponR570.07Dg099600.1.p	FAR1	TFF
SoffiXsponR570.01Ag051500.1.p	bHLH	TFF
SoffiXsponR570.02Cg358100.1.p	AP2-EREBP	TFF
SoffiXsponR570.05Bg295700.2.p	FAR1	TFF
SoffiXsponR570.07Dg205200.1.p	Tify	TFF
SoffiXsponR570.5_9Ag185600.1.p	bHLH	TFF
SoffiXsponR570.03Dg252200.3.p	MYB-related	TFF
SoffiXsponR570.8_10Ag232400.3.p	PAS	TFF
SoffiXsponR570.09Eg107500.3.p	C2C2-Dof	TFF
SoffiXsponR570.09Cg150500.1.p	ARF	TFF
SoffiXsponR570.05Dg263200.1.p	WRKY	TFF
SoffiXsponR570.01Ag422200.2.p	C2C2-Dof	TFF
SoffiXsponR570.04Cg271200.1.p	MYB-related	TFF
SoffiXsponR570.08Dg149400.1.p	SRS	TFF
SoffiXsponR570.06Gg150700.1.p	SET	OTR
SoffiXsponR570.04Dg112800.1.p	MYB	TFF
SoffiXsponR570.6_9Ag165600.4.p	bHLH	TFF
SoffiXsponR570.03Fg085700.3.p	zf-A20	TFF
SoffiXsponR570.01Eg168200.2.p	ABI3VP1	TFF
SoffiXsponR570.04Gg114100.1.p	TRAF	OTR
SoffiXsponR570.01Ag034700.4.p	C2C2-Dof	TFF
SoffiXsponR570.02Gg261900.1.p	NAC	TFF
SoffiXsponR570.04Fg081500.3.p	bZIP	TFF
SoffiXsponR570.02Ag130000.1.p	bHLH	TFF
SoffiXsponR570.01Dg314300.1.p	MYB-related	TFF
SoffiXsponR570.01Bg329300.2.p	Top	TFF
SoffiXsponR570.03Eg170100.1.p	MYB	TFF
SoffiXsponR570.06Eg019700.2.p	MYB-related	TFF
SoffiXsponR570.01Eg330500.2.p	C2C2-Dof	TFF
SoffiXsponR570.01Eg148800.1.p	GNAT	OTR
SoffiXsponR570.10Cg005500.1.p	WRKY	TFF
SoffiXsponR570.02Ag006500.7.p	ABI3VP1	TFF
SoffiXsponR570.01Ag078500.2.p	TRAF	OTR
SoffiXsponR570.06Gg047600.2.p	GRAS	TFF
SoffiXsponR570.5_9Ag031700.1.p	CCAAT	TFF
SoffiXsponR570.08Bg082800.7.p	PHD	OTR
SoffiXsponR570.05Cg026300.1.p	HB	TFF
SoffiXsponR570.6_9Ag309700.1.p	ARF	TFF
SoffiXsponR570.05Eg332000.1.p	BSD	TFF
SoffiXsponR570.5_9Ag359200.1.p	FHA	TFF
SoffiXsponR570.8_5Ag128000.1.p	MYB	TFF
SoffiXsponR570.02Cg421600.2.p	PHD	OTR
SoffiXsponR570.06Cg135600.1.p	NAC	TFF
SoffiXsponR570.05Dg273400.1.p	FAR1	TFF
SoffiXsponR570.01Bg153500.1.p	AUX/IAA	OTR
SoffiXsponR570.02Dg058700.2.p	AP2-EREBP	TFF
SoffiXsponR570.03Dg277300.1.p	SET	OTR
SoffiXsponR570.04Cg259500.1.p	bZIP	TFF
SoffiXsponR570.03Cg131200.1.p	HSF	TFF
SoffiXsponR570.09Cg069100.1.p	Alfin-like	TFF
SoffiXsponR570.10Cg041100.5.p	HB	TFF
SoffiXsponR570.01Dg277700.5.p	GRAS	TFF
SoffiXsponR570.04Dg151500.2.p	PLATZ	TFF
SoffiXsponR570.02Eg299600.1.p	C2H2	TFF
SoffiXsponR570.01Bg399900.1.p	MYB-related	TFF
SoffiXsponR570.02Bg156400.1.p	MYB-related	TFF
SoffiXsponR570.09Bg059200.1.p	MYB	TFF
SoffiXsponR570.8_10Ag250700.1.p	bHLH	TFF
SoffiXsponR570.04Dg088900.2.p	GeBP	TFF
SoffiXsponR570.07Ag248100.4.p	ARF	TFF
SoffiXsponR570.8_5Ag197100.1.p	GRAS	TFF
SoffiXsponR570.05Bg203500.2.p	NAC	TFF
SoffiXsponR570.07Cg138100.1.p	MYB-related	TFF
SoffiXsponR570.10us89g054300.1.p	MED26	OTR
SoffiXsponR570.01Dg058000.1.p	bHLH	TFF
SoffiXsponR570.03Eg007200.8.p	Jumonji	OTR
SoffiXsponR570.02Fg223100.1.p	MYB	TFF
SoffiXsponR570.05Ag357500.1.p	MED26	OTR
SoffiXsponR570.01Dg306500.2.p	HSF	TFF
SoffiXsponR570.05Bg378600.1.p	C2C2-Dof	TFF
SoffiXsponR570.01Bg345400.1.p	NAC	TFF
SoffiXsponR570.09Eg066100.1.p	Alfin-like	TFF
SoffiXsponR570.01Ag399600.1.p	bZIP	TFF
SoffiXsponR570.02Gg038100.1.p	MYB	TFF
SoffiXsponR570.08Cg174700.1.p	FHA	TFF
SoffiXsponR570.02Fg117600.1.p	BSD	TFF
SoffiXsponR570.06Gg029800.1.p	AP2-EREBP	TFF
SoffiXsponR570.02Eg206400.1.p	GeBP	TFF
SoffiXsponR570.07Cg184200.1.p	ABI3VP1	TFF
SoffiXsponR570.01Dg365400.3.p	MYB-related	TFF
SoffiXsponR570.05Cg365000.1.p	DDT	OTR
SoffiXsponR570.01Fg060800.2.p	Tify	TFF
SoffiXsponR570.02Cg231300.1.p	E2F-DP	TFF
SoffiXsponR570.03Ag300100.1.p	bZIP	TFF
SoffiXsponR570.6_9Ag163300.1.p	NAC	TFF
SoffiXsponR570.07Ag077900.7.p	AUX/IAA	OTR
SoffiXsponR570.01Fg128500.3.p	GNAT	OTR
SoffiXsponR570.06Eg119800.2.p	MED26	OTR
SoffiXsponR570.5_9Ag080600.1.p	WRKY	TFF
SoffiXsponR570.09Cg124000.1.p	GRAS	TFF
SoffiXsponR570.02Fg326300.1.p	AP2-EREBP	TFF
SoffiXsponR570.06Cg044200.1.p	AUX/IAA	OTR
SoffiXsponR570.07Dg140100.1.p	MYB	TFF
SoffiXsponR570.01Eg168400.3.p	ABI3VP1	TFF
SoffiXsponR570.07Dg164700.2.p	C2H2	TFF
SoffiXsponR570.01Bg347100.1.p	EIL	TFF
SoffiXsponR570.03Cg139900.1.p	AP2-EREBP	TFF
SoffiXsponR570.01Ag488800.3.p	CCAAT	TFF
SoffiXsponR570.02Gg255300.1.p	PHD	OTR
SoffiXsponR570.05Ag225500.1.p	AP2-EREBP	TFF
SoffiXsponR570.02Gg286500.1.p	TIG	TFF
SoffiXsponR570.05Cg234800.1.p	Pseudo_ARR-B	OTR
SoffiXsponR570.03Dg038900.2.p	ARF	TFF
SoffiXsponR570.05Bg313700.2.p	HRT	TFF
SoffiXsponR570.01Dg273900.1.p	CCAAT	TFF
SoffiXsponR570.01Fg277000.1.p	AP2-EREBP	TFF
SoffiXsponR570.04Cg132500.5.p	PHD	OTR
SoffiXsponR570.06Ag199800.2.p	ABI3VP1	TFF
SoffiXsponR570.02Ag367200.2.p	MADS	TFF
SoffiXsponR570.06Cg192500.1.p	bHLH	TFF
SoffiXsponR570.09Eg100600.2.p	PAS	TFF
SoffiXsponR570.01Cg241100.1.p	bZIP	TFF
SoffiXsponR570.08Ag171100.1.p	TCP	TFF
SoffiXsponR570.7_10Ag333000.1.p	GNAT	OTR
SoffiXsponR570.10os1g002800.2.p	SAP	TFF
SoffiXsponR570.8_5Ag264200.2.p	MYB	TFF
SoffiXsponR570.05Fg313500.1.p	NAC	TFF
SoffiXsponR570.05Fg299800.1.p	DDT	OTR
SoffiXsponR570.09Ag125300.2.p	mTERF	OTR
SoffiXsponR570.01Ag184200.2.p	FHA	TFF
SoffiXsponR570.01Cg302000.4.p	HSF	TFF
SoffiXsponR570.05Dg307200.1.p	GRAS	TFF
SoffiXsponR570.01Eg126300.2.p	SET	OTR
SoffiXsponR570.01Bg193000.8.p	C2C2-Dof	TFF
SoffiXsponR570.05Ag191800.1.p	mTERF	OTR
SoffiXsponR570.06Ag207300.1.p	AP2-EREBP	TFF
SoffiXsponR570.02Fg251200.1.p	C2C2-GATA	TFF
SoffiXsponR570.05Eg247900.1.p	C2H2	TFF
SoffiXsponR570.02Gg272400.1.p	ABI3VP1	TFF
SoffiXsponR570.02Dg222100.2.p	bZIP	TFF
SoffiXsponR570.01Fg339500.2.p	Not1	TFF
SoffiXsponR570.09Ag035800.10.p	SET	OTR
SoffiXsponR570.04Ag178000.1.p	AUX/IAA	OTR
SoffiXsponR570.5_9Ag413700.1.p	ARF	TFF
SoffiXsponR570.02Fg072500.3.p	MED26	OTR
SoffiXsponR570.08Cg078000.1.p	ABI3VP1	TFF
SoffiXsponR570.03Eg040000.3.p	MYB-related	TFF
SoffiXsponR570.7_10Ag342000.3.p	AP2-EREBP	TFF
SoffiXsponR570.7_10Ag240400.1.p	C1-4-t1	TFF
SoffiXsponR570.06Eg013000.1.p	GRAS	TFF
SoffiXsponR570.6_9Ag188000.1.p	AP2-EREBP	TFF
SoffiXsponR570.03Eg284900.1.p	NAC	TFF
SoffiXsponR570.04Dg110400.4.p	zf-fF-X1	TFF
SoffiXsponR570.02Cg188000.2.p	MYB-related	TFF
SoffiXsponR570.04Dg175700.4.p	SBP	TFF
SoffiXsponR570.07Eg186100.3.p	AP2-EREBP	TFF
SoffiXsponR570.01Fg278000.1.p	FAR1	TFF
SoffiXsponR570.07Ag266100.2.p	NAC	TFF
SoffiXsponR570.1Z182200.1.p	MBF1	OTR
SoffiXsponR570.01Dg177700.1.p	MADS	TFF
SoffiXsponR570.05Bg139700.1.p	WRKY	TFF
SoffiXsponR570.04Cg181200.1.p	GRAS	TFF
SoffiXsponR570.02Dg119800.1.p	BSD	TFF
SoffiXsponR570.01Ag136800.4.p	C3H	TFF
SoffiXsponR570.8_10Ag209200.1.p	WRKY	TFF
SoffiXsponR570.06Cg182800.1.p	CCAAT	TFF
SoffiXsponR570.02Fg318600.1.p	MYB	TFF
SoffiXsponR570.07Cg157300.3.p	Trihelix	TFF
SoffiXsponR570.05Dg345000.2.p	Tudor-knot	OTR
SoffiXsponR570.06Gg141500.2.p	C3H	TFF
SoffiXsponR570.03Ag063800.1.p	WRKY	TFF
SoffiXsponR570.02Ag233700.4.p	ARF	TFF
SoffiXsponR570.01Ag518500.2.p	MYB-related	TFF
SoffiXsponR570.01Fg323200.1.p	MADS	TFF
SoffiXsponR570.01Ag072400.3.p	FAR1	TFF
SoffiXsponR570.01Eg395100.1.p	AP2-EREBP	TFF
SoffiXsponR570.03Dg234800.3.p	GRAS	TFF
SoffiXsponR570.03Fg082400.8.p	PHD	OTR
SoffiXsponR570.06Dg019100.1.p	HMG	OTR
SoffiXsponR570.05Bg092800.1.p	GNAT	OTR
SoffiXsponR570.9us90g059500.3.p	bHLH	TFF
SoffiXsponR570.03Dg245800.1.p	FAR1	TFF
SoffiXsponR570.07Bg213800.2.p	bHLH	TFF
SoffiXsponR570.02Cg201500.1.p	WRKY	TFF
SoffiXsponR570.08Ag171600.1.p	bZIP	TFF
SoffiXsponR570.02Bg004100.9.p	ARF	TFF
SoffiXsponR570.4us91g032600.1.p	AP2-EREBP	TFF
SoffiXsponR570.8_10Ag210500.1.p	MADS	TFF
SoffiXsponR570.06Gg034700.5.p	TRAF	OTR
SoffiXsponR570.03Fg042200.2.p	SBP	TFF
SoffiXsponR570.02Fg004400.2.p	RWP-RK	TFF
SoffiXsponR570.05Cg265700.2.p	mTERF	OTR
SoffiXsponR570.02Ag232600.1.p	C3H	TFF
SoffiXsponR570.8_5Ag172700.1.p	bHLH	TFF
SoffiXsponR570.06Gg132300.2.p	DDT	OTR
SoffiXsponR570.04Dg175800.2.p	MYB-related	TFF
SoffiXsponR570.05Dg278300.1.p	C2C2-Dof	TFF
SoffiXsponR570.9us90g050600.1.p	LIM	TFF
SoffiXsponR570.09Ag123400.1.p	MYB	TFF
SoffiXsponR570.01Bg447100.2.p	SET	OTR
SoffiXsponR570.05Dg124000.1.p	CCAAT	TFF
SoffiXsponR570.01Fg221800.1.p	LIM	TFF
SoffiXsponR570.03Gg111100.1.p	SET	OTR
SoffiXsponR570.03Eg140100.1.p	EIL	TFF
SoffiXsponR570.01Bg115300.5.p	GRAS	TFF
SoffiXsponR570.6_9Ag328900.4.p	bHLH	TFF
SoffiXsponR570.7_10Ag289100.1.p	GRAS	TFF
SoffiXsponR570.01Cg246100.6.p	SET	OTR
SoffiXsponR570.04Ag176200.1.p	Top	TFF
SoffiXsponR570.01Dg102400.1.p	MYB-related	TFF
SoffiXsponR570.02Dg000900.2.p	WRKY	TFF
SoffiXsponR570.05Dg109700.1.p	C2H2	TFF
SoffiXsponR570.01Fg198500.1.p	PHD	OTR
SoffiXsponR570.10os2g003700.1.p	MYB	TFF
SoffiXsponR570.05Cg380600.1.p	NAC	TFF
SoffiXsponR570.03Ag342100.2.p	NAC	TFF
SoffiXsponR570.05Ag378500.1.p	NAC	TFF
SoffiXsponR570.04Cg207000.3.p	PHD	OTR
SoffiXsponR570.04Cg246600.2.p	GRAS	TFF
SoffiXsponR570.01Bg479100.2.p	OFP	TFF
SoffiXsponR570.01Fg272500.2.p	bHLH	TFF
SoffiXsponR570.10Bg142400.1.p	AP2-EREBP	TFF
SoffiXsponR570.5_9Ag269400.2.p	ARF	TFF
SoffiXsponR570.04Dg082000.1.p	AP2-EREBP	TFF
SoffiXsponR570.02Fg333800.1.p	zf-BED	TFF
SoffiXsponR570.10Dg099300.2.p	SBP	TFF
SoffiXsponR570.02Eg254000.1.p	TCP	TFF
SoffiXsponR570.02Eg325000.1.p	PHD	OTR
SoffiXsponR570.07Ag155200.4.p	GRAS	TFF
SoffiXsponR570.8_10Ag322500.4.p	SBP	TFF
SoffiXsponR570.05Ag293100.2.p	bHLH	TFF
SoffiXsponR570.8_5Ag013600.1.p	AUX/IAA	OTR
SoffiXsponR570.02Ag260200.1.p	ABI3VP1	TFF
SoffiXsponR570.08Cg155000.1.p	bZIP	TFF
SoffiXsponR570.06Ag203900.1.p	MYB-related	TFF
SoffiXsponR570.09Eg052700.1.p	MYB	TFF
SoffiXsponR570.03Bg228300.2.p	SET	OTR
SoffiXsponR570.02Cg133900.1.p	MYB	TFF
SoffiXsponR570.02Bg004100.7.p	ARF	TFF
SoffiXsponR570.02Ag433100.1.p	MYB	TFF
SoffiXsponR570.01Ag476400.1.p	AP2-EREBP	TFF
SoffiXsponR570.02Eg063600.1.p	zf-BED	TFF
SoffiXsponR570.03Bg226500.1.p	bHLH	TFF
SoffiXsponR570.02Fg327300.2.p	Alfin-like	TFF
SoffiXsponR570.01Ag388900.1.p	MYB-related	TFF
SoffiXsponR570.5_9Ag454400.1.p	bZIP	TFF
SoffiXsponR570.06Cg102500.1.p	bZIP	TFF
SoffiXsponR570.03Bg211200.1.p	C3H	TFF
SoffiXsponR570.10Cg041100.3.p	HB	TFF
SoffiXsponR570.01Cg237700.1.p	EIL	TFF
SoffiXsponR570.02Fg212900.1.p	C3H	TFF
SoffiXsponR570.07Eg113200.1.p	C2H2	TFF
SoffiXsponR570.06Dg024500.7.p	bHLH	TFF
SoffiXsponR570.07Cg252100.1.p	SWI/SNF-BAF60b	OTR
SoffiXsponR570.08Ag005000.3.p	PHD	OTR
SoffiXsponR570.10Cg094100.2.p	C3H	TFF
SoffiXsponR570.02Bg375600.3.p	GRAS	TFF
SoffiXsponR570.08Ag142600.4.p	ARID	OTR
SoffiXsponR570.07Bg240700.1.p	Tify	TFF
SoffiXsponR570.4us91g043000.1.p	zf-MIZ	OTR
SoffiXsponR570.5_9Ag128700.2.p	CAMTA	TFF
SoffiXsponR570.1Z109300.1.p	Sigma70-like	TFF
SoffiXsponR570.01Ag483600.1.p	AP2-EREBP	TFF
SoffiXsponR570.1Z005000.1.p	CCAAT	TFF
SoffiXsponR570.08Eg120500.1.p	bHLH	TFF
SoffiXsponR570.02Ag206600.1.p	MYB-related	TFF
SoffiXsponR570.05Eg314300.1.p	HRT	TFF
SoffiXsponR570.01Ag525000.2.p	bHLH	TFF
SoffiXsponR570.10Bg023100.1.p	NAC	TFF
SoffiXsponR570.02Cg345500.1.p	bZIP	TFF
SoffiXsponR570.01Eg300100.3.p	C3H	TFF
SoffiXsponR570.02Cg219000.2.p	bZIP	TFF
SoffiXsponR570.04Ag220800.1.p	MYB-related	TFF
SoffiXsponR570.01Eg027700.2.p	SBP	TFF
SoffiXsponR570.01Dg036800.1.p	GNAT	OTR
SoffiXsponR570.02Cg044600.1.p	PHD	OTR
SoffiXsponR570.09Ag069300.1.p	zf-HD	TFF
SoffiXsponR570.02Bg172800.1.p	MYB-related	TFF
SoffiXsponR570.02Fg290400.1.p	SET	OTR
SoffiXsponR570.07Cg046400.1.p	bHLH	TFF
SoffiXsponR570.02Bg101000.3.p	zf-BED	TFF
SoffiXsponR570.03Gg155700.1.p	C3H	TFF
SoffiXsponR570.03Bg256700.1.p	bHLH	TFF
SoffiXsponR570.05Cg097100.1.p	GNAT	OTR
SoffiXsponR570.05Dg158200.1.p	GNAT	OTR
SoffiXsponR570.01Dg298800.1.p	C2H2	TFF
SoffiXsponR570.05Eg311900.8.p	GRAS	TFF
SoffiXsponR570.7_10Ag189200.6.p	DDT	OTR
SoffiXsponR570.05Ag240900.1.p	SRS	TFF
SoffiXsponR570.02Gg274100.1.p	TAZ	TFF
SoffiXsponR570.02Bg044400.1.p	OFP	TFF
SoffiXsponR570.5_9Ag071100.1.p	C2H2	TFF
SoffiXsponR570.05Cg192900.1.p	bHLH	TFF
SoffiXsponR570.04Cg204500.1.p	AP2-EREBP	TFF
SoffiXsponR570.08Ag118300.1.p	SET	OTR
SoffiXsponR570.5_9Ag156300.1.p	SRS	TFF
SoffiXsponR570.01Dg107600.1.p	OFP	TFF
SoffiXsponR570.3os1g000200.1.p	bHLH	TFF
SoffiXsponR570.1Z024400.2.p	C2C2-Dof	TFF
SoffiXsponR570.01Bg330900.3.p	TUB	TFF
SoffiXsponR570.01Ag174800.1.p	ABI3VP1	TFF
SoffiXsponR570.04Bg257800.1.p	bZIP	TFF
SoffiXsponR570.02Fg196300.1.p	MYB	TFF
SoffiXsponR570.01Cg070100.3.p	GRAS	TFF
SoffiXsponR570.08Bg124500.1.p	MYB	TFF
SoffiXsponR570.05Eg235200.1.p	MYB	TFF
SoffiXsponR570.7_10Ag051700.1.p	bZIP	TFF
SoffiXsponR570.05Bg010500.1.p	WRKY	TFF
SoffiXsponR570.03Fg084300.2.p	C3H	TFF
SoffiXsponR570.01Dg229300.2.p	Top	TFF
SoffiXsponR570.05Cg302500.1.p	NAC	TFF
SoffiXsponR570.03Fg012600.1.p	bHLH	TFF
SoffiXsponR570.10Dg001200.1.p	PAS	TFF
SoffiXsponR570.02Dg199500.2.p	C3H	TFF
SoffiXsponR570.04Cg245300.4.p	ARF	TFF
SoffiXsponR570.06Fg155100.1.p	MADS	TFF
SoffiXsponR570.09Dg072300.1.p	MYB	TFF
SoffiXsponR570.05Bg269100.1.p	C2C2-Dof	TFF
SoffiXsponR570.05Fg230800.4.p	FAR1	TFF
SoffiXsponR570.05Cg229300.1.p	AP2-EREBP	TFF
SoffiXsponR570.05Eg223500.1.p	bZIP	TFF
SoffiXsponR570.08Bg022600.7.p	MYB-related	TFF
SoffiXsponR570.05Fg012000.1.p	MADS	TFF
SoffiXsponR570.09Cg051100.2.p	C2C2-GATA	TFF
SoffiXsponR570.05Fg047700.1.p	CCAAT	TFF
SoffiXsponR570.7os1g016200.1.p	ABI3VP1	TFF
SoffiXsponR570.01Dg223400.1.p	MYB-related	TFF
SoffiXsponR570.10us89g001200.2.p	PAS	TFF
SoffiXsponR570.05Eg292800.1.p	bHLH	TFF
SoffiXsponR570.07Ag109100.1.p	TAZ	TFF
SoffiXsponR570.5_9Ag007500.1.p	SET	OTR
SoffiXsponR570.04Bg203700.2.p	bZIP	TFF
SoffiXsponR570.09Eg054100.1.p	MYB-related	TFF
SoffiXsponR570.02Dg419600.1.p	Top	TFF
SoffiXsponR570.06Eg121900.2.p	NAC	TFF
SoffiXsponR570.02Gg108600.1.p	WRKY	TFF
SoffiXsponR570.08Dg061900.2.p	SET	OTR
SoffiXsponR570.02Cg307700.3.p	MYB	TFF
SoffiXsponR570.06Dg034100.1.p	C2H2	TFF
SoffiXsponR570.03Cg217300.1.p	C2H2	TFF
SoffiXsponR570.7_10Ag377800.1.p	TUB	TFF
SoffiXsponR570.04Gg105800.2.p	CCAAT	TFF
SoffiXsponR570.06Fg051900.5.p	ABI3VP1	TFF
SoffiXsponR570.02Ag005300.2.p	ARF	TFF
SoffiXsponR570.02Fg038200.2.p	MYB-related	TFF
SoffiXsponR570.01Eg165800.3.p	WRKY	TFF
SoffiXsponR570.10Bg127800.1.p	AP2-EREBP	TFF
SoffiXsponR570.1Z272200.1.p	C2C2-Dof	TFF
SoffiXsponR570.1Z025500.4.p	Top	TFF
SoffiXsponR570.09Ag149300.1.p	ARF	TFF
SoffiXsponR570.05Fg314100.1.p	NAC	TFF
SoffiXsponR570.3os1g007700.1.p	MYB	TFF
SoffiXsponR570.5_9Ag385600.1.p	FAR1	TFF
SoffiXsponR570.01Cg046400.2.p	bHLH	TFF
SoffiXsponR570.04Eg001000.2.p	G2-like	TFF
SoffiXsponR570.03Ag224800.1.p	bHLH	TFF
SoffiXsponR570.05Dg012200.2.p	MADS	TFF
SoffiXsponR570.03Bg316100.1.p	C3H	TFF
SoffiXsponR570.02Eg080200.1.p	C3H	TFF
SoffiXsponR570.03Bg174000.2.p	FAR1	TFF
SoffiXsponR570.03Ag175300.1.p	MYB	TFF
SoffiXsponR570.02Ag122200.1.p	MYB	TFF
SoffiXsponR570.7_10Ag004200.1.p	MYB-related	TFF
SoffiXsponR570.02Dg036300.3.p	NAC	TFF
SoffiXsponR570.04Ag266700.2.p	bZIP	TFF
SoffiXsponR570.09Eg102500.1.p	MYB	TFF
SoffiXsponR570.6_9Ag067100.1.p	WRKY	TFF
SoffiXsponR570.03Eg262500.3.p	SET	OTR
SoffiXsponR570.05Bg328300.3.p	CCAAT	TFF
SoffiXsponR570.02Cg271000.1.p	HB	TFF
SoffiXsponR570.04Bg097900.2.p	G2-like	TFF
SoffiXsponR570.01Dg093500.3.p	FHA	TFF
SoffiXsponR570.09Dg069400.1.p	MYB	TFF
SoffiXsponR570.01Bg083200.4.p	MADS	TFF
SoffiXsponR570.7_10Ag157300.4.p	TIG	TFF
SoffiXsponR570.02Cg389500.1.p	SET	OTR
SoffiXsponR570.05Eg339000.2.p	DDT	OTR
SoffiXsponR570.6us88g094100.1.p	AP2-EREBP	TFF
SoffiXsponR570.05Dg032800.3.p	MYB	TFF
SoffiXsponR570.02Eg395700.1.p	C2C2-GATA	TFF
SoffiXsponR570.8_10Ag027700.1.p	OFP	TFF
SoffiXsponR570.09Dg114000.6.p	CCAAT	TFF
SoffiXsponR570.05Cg031700.2.p	bHLH	TFF
SoffiXsponR570.01Bg492500.3.p	SWI/SNF-BAF60b	OTR
SoffiXsponR570.01Ag057600.1.p	bHLH	TFF
SoffiXsponR570.08Ag206600.1.p	Pseudo_ARR-B	OTR
SoffiXsponR570.02Bg048900.1.p	BES1	TFF
SoffiXsponR570.10Dg091000.3.p	C3H	TFF
SoffiXsponR570.10Ag198500.1.p	GRAS	TFF
SoffiXsponR570.04Fg009400.2.p	zf-fF-X1	TFF
SoffiXsponR570.03Dg287400.2.p	TCP	TFF
SoffiXsponR570.04Ag188100.2.p	bHLH	TFF
SoffiXsponR570.02Dg270700.2.p	HB	TFF
SoffiXsponR570.04Bg213400.1.p	NAC	TFF
SoffiXsponR570.03Gg105300.2.p	MADS	TFF
SoffiXsponR570.05Gg028100.1.p	MADS	TFF
SoffiXsponR570.7_10Ag015600.1.p	AP2-EREBP	TFF
SoffiXsponR570.02Eg301900.3.p	GRAS	TFF
SoffiXsponR570.03Ag272900.1.p	MADS	TFF
SoffiXsponR570.8_10Ag050200.3.p	RB	OTR
SoffiXsponR570.02Bg060800.1.p	bHLH	TFF
SoffiXsponR570.01Bg084800.1.p	MYB-related	TFF
SoffiXsponR570.04Cg177900.3.p	MYB	TFF
SoffiXsponR570.07Bg277900.3.p	NAC	TFF
SoffiXsponR570.04Ag254300.1.p	SBP	TFF
SoffiXsponR570.05Eg189400.1.p	C2C2-Dof	TFF
SoffiXsponR570.7_10Ag056300.1.p	AP2-EREBP	TFF
SoffiXsponR570.02Ag062700.3.p	bHLH	TFF
SoffiXsponR570.03Ag084300.1.p	bZIP	TFF
SoffiXsponR570.05Fg230800.5.p	FAR1	TFF
SoffiXsponR570.5_9Ag270300.1.p	NAC	TFF
SoffiXsponR570.10Fg106500.1.p	AP2-EREBP	TFF
SoffiXsponR570.07Eg136000.1.p	MYB-related	TFF
SoffiXsponR570.09Cg133000.1.p	MYB-related	TFF
SoffiXsponR570.03Ag185000.1.p	NAC	TFF
SoffiXsponR570.6_9Ag206400.2.p	SET	OTR
SoffiXsponR570.02Bg103300.1.p	bHLH	TFF
SoffiXsponR570.06Cg002000.1.p	SAP	TFF
SoffiXsponR570.04Bg112900.2.p	NAC	TFF
SoffiXsponR570.01Bg136000.1.p	MYB-related	TFF
SoffiXsponR570.03Dg210200.1.p	SET	OTR
SoffiXsponR570.10Dg020400.3.p	C3H	TFF
SoffiXsponR570.05Eg001900.2.p	C2H2	TFF
SoffiXsponR570.08Bg085100.1.p	TRAF	OTR
SoffiXsponR570.6_9Ag175000.1.p	C2H2	TFF
SoffiXsponR570.04Dg203100.2.p	zf-C5HC2	TFF
SoffiXsponR570.01Fg032300.2.p	C2C2-GATA	TFF
SoffiXsponR570.03Bg265300.1.p	bHLH	TFF
SoffiXsponR570.01Ag402700.1.p	PHD	OTR
SoffiXsponR570.04Ag154500.1.p	NAC	TFF
SoffiXsponR570.04Cg246100.3.p	SBP	TFF
SoffiXsponR570.05Fg138000.1.p	zf-A20	TFF
SoffiXsponR570.02Bg037200.2.p	NAC	TFF
SoffiXsponR570.06Fg169200.7.p	SET	OTR
SoffiXsponR570.03Fg006600.4.p	Jumonji	OTR
SoffiXsponR570.08Bg022600.1.p	MYB-related	TFF
SoffiXsponR570.04Cg051800.1.p	TRAF	OTR
SoffiXsponR570.05Eg236900.1.p	bZIP	TFF
SoffiXsponR570.04Cg211700.4.p	TRAF	OTR
SoffiXsponR570.8_10Ag342800.1.p	MYB	TFF
SoffiXsponR570.06Dg083600.1.p	C2H2	TFF
SoffiXsponR570.09Bg026300.1.p	FHA	TFF
SoffiXsponR570.06Fg074900.1.p	C2H2	TFF
SoffiXsponR570.08Cg177700.2.p	TRAF	OTR
SoffiXsponR570.02Cg256500.1.p	ABI3VP1	TFF
SoffiXsponR570.05Dg272900.2.p	PHD	OTR
SoffiXsponR570.09Cg029400.7.p	SET	OTR
SoffiXsponR570.5_9Ag140000.6.p	SET	OTR
SoffiXsponR570.01Bg181700.3.p	Trihelix	TFF
SoffiXsponR570.04Cg270400.1.p	HMG	OTR
SoffiXsponR570.06Dg147200.1.p	CCAAT	TFF
SoffiXsponR570.07Eg025600.5.p	TIG	TFF
SoffiXsponR570.05Eg153100.1.p	Tify	TFF
SoffiXsponR570.7_10Ag279400.1.p	HMG	OTR
SoffiXsponR570.09Cg063400.1.p	PLATZ	TFF
SoffiXsponR570.08Eg148200.1.p	C2C2-Dof	TFF
SoffiXsponR570.08Ag142600.2.p	ARID	OTR
SoffiXsponR570.05Cg312800.3.p	C2H2	TFF
SoffiXsponR570.10Bg147500.1.p	AP2-EREBP	TFF
SoffiXsponR570.05Fg048700.1.p	BES1	TFF
SoffiXsponR570.01Eg207800.1.p	C2C2-Dof	TFF
SoffiXsponR570.02Bg005500.2.p	ABI3VP1	TFF
SoffiXsponR570.07Eg100700.1.p	MYB	TFF
SoffiXsponR570.01Fg130400.1.p	GRAS	TFF
SoffiXsponR570.05Bg310700.3.p	mTERF	OTR
SoffiXsponR570.05Bg178200.1.p	mTERF	OTR
SoffiXsponR570.9us90g035700.2.p	GRAS	TFF
SoffiXsponR570.07Eg111400.1.p	AP2-EREBP	TFF
SoffiXsponR570.03Bg208900.8.p	C2H2	TFF
SoffiXsponR570.08Ag077900.1.p	CCAAT	TFF
SoffiXsponR570.07Eg146600.1.p	MYB-related	TFF
SoffiXsponR570.02Bg313800.7.p	bZIP	TFF
SoffiXsponR570.02Fg048200.1.p	BES1	TFF
SoffiXsponR570.07Eg073900.3.p	RWP-RK	TFF
SoffiXsponR570.06Fg144900.4.p	ARF	TFF
SoffiXsponR570.04Fg070400.1.p	AUX/IAA	OTR
SoffiXsponR570.03Bg039700.1.p	MYB-related	TFF
SoffiXsponR570.03Bg007500.8.p	Jumonji	OTR
SoffiXsponR570.07Dg065800.1.p	SWI/SNF-BAF60b	OTR
SoffiXsponR570.01Eg230200.1.p	ABI3VP1	TFF
SoffiXsponR570.02Eg361100.1.p	C2H2	TFF
SoffiXsponR570.08Ag138400.3.p	SET	OTR
SoffiXsponR570.8_5Ag003800.1.p	TUB	TFF
SoffiXsponR570.10Eg013800.2.p	zf-HD	TFF
SoffiXsponR570.09Bg015400.1.p	TRAF	OTR
SoffiXsponR570.01Ag427400.2.p	LIM	TFF
SoffiXsponR570.02Gg324200.1.p	MYB	TFF
SoffiXsponR570.02Dg232400.1.p	NAC	TFF
SoffiXsponR570.03Bg076200.2.p	zf-A20	TFF
SoffiXsponR570.06Dg092200.1.p	WRKY	TFF
SoffiXsponR570.03Bg020000.1.p	CSD	TFF
SoffiXsponR570.05Eg316800.1.p	GRAS	TFF
SoffiXsponR570.1Z167100.1.p	Top	TFF
SoffiXsponR570.08Dg143200.8.p	C2H2	TFF
SoffiXsponR570.08Eg135100.1.p	zf-A20	TFF
SoffiXsponR570.8_10Ag079400.2.p	bHLH	TFF
SoffiXsponR570.05Dg128300.1.p	AP2-EREBP	TFF
SoffiXsponR570.05Fg031900.1.p	SAP	TFF
SoffiXsponR570.03Bg141200.2.p	SET	OTR
SoffiXsponR570.09Ag086700.2.p	ARF	TFF
SoffiXsponR570.01Ag504400.1.p	E2F-DP	TFF
SoffiXsponR570.07Dg215100.2.p	C3H	TFF
SoffiXsponR570.05Dg078400.5.p	SET	OTR
SoffiXsponR570.10us89g016200.1.p	WRKY	TFF
SoffiXsponR570.03Dg181900.1.p	mTERF	OTR
SoffiXsponR570.03Eg043400.5.p	PHD	OTR
SoffiXsponR570.05Eg254400.1.p	GRF	TFF
SoffiXsponR570.02Cg347500.3.p	C2H2	TFF
SoffiXsponR570.07Dg031200.3.p	bHLH	TFF
SoffiXsponR570.05Ag155100.1.p	SET	OTR
SoffiXsponR570.10us89g024100.1.p	AP2-EREBP	TFF
SoffiXsponR570.03Dg029300.1.p	bZIP	TFF
SoffiXsponR570.01Eg117400.1.p	zf-HD	TFF
SoffiXsponR570.10Ag095100.1.p	PHD	OTR
SoffiXsponR570.8_5Ag003800.2.p	TUB	TFF
SoffiXsponR570.03Ag064600.1.p	ARR-B	TFF
SoffiXsponR570.4us91g005500.2.p	AP2-EREBP	TFF
SoffiXsponR570.05Cg168000.1.p	bHLH	TFF
SoffiXsponR570.03Eg277600.5.p	MYB-related	TFF
SoffiXsponR570.05Fg214900.3.p	FHA	TFF
SoffiXsponR570.09Bg112100.3.p	GRAS	TFF
SoffiXsponR570.01Fg118400.1.p	NAC	TFF
SoffiXsponR570.07Eg025100.1.p	ABI3VP1	TFF
SoffiXsponR570.02Ag237100.1.p	NAC	TFF
SoffiXsponR570.01Cg211300.2.p	MED26	OTR
SoffiXsponR570.6us88g002500.5.p	ABI3VP1	TFF
SoffiXsponR570.03Bg129400.1.p	C2H2	TFF
SoffiXsponR570.03Cg007500.3.p	Jumonji	OTR
SoffiXsponR570.05Ag241500.1.p	Pseudo_ARR-B	OTR
SoffiXsponR570.06Ag213400.1.p	NAC	TFF
SoffiXsponR570.04Bg003600.1.p	GRAS	TFF
SoffiXsponR570.04Bg184800.1.p	Top	TFF
SoffiXsponR570.05Eg232000.1.p	MYB	TFF
SoffiXsponR570.06Cg016200.1.p	MYB-related	TFF
SoffiXsponR570.06Cg011300.1.p	WRKY	TFF
SoffiXsponR570.6_9Ag332200.1.p	Sigma70-like	TFF
SoffiXsponR570.01Cg034700.1.p	zf-A20	TFF
SoffiXsponR570.02Eg135600.2.p	Jumonji	OTR
SoffiXsponR570.07Ag217200.1.p	GNAT	OTR
SoffiXsponR570.02Dg300000.1.p	AP2-EREBP	TFF
SoffiXsponR570.05Ag152800.1.p	MYB-related	TFF
SoffiXsponR570.04Fg030400.2.p	TRAF	OTR
SoffiXsponR570.01Bg160600.1.p	C2H2	TFF
SoffiXsponR570.05Dg160100.1.p	mTERF	OTR
SoffiXsponR570.07Bg269200.1.p	OFP	TFF
SoffiXsponR570.03Bg157700.2.p	MADS	TFF
SoffiXsponR570.04Gg086300.3.p	G2-like	TFF
SoffiXsponR570.05Bg031100.1.p	MYB	TFF
SoffiXsponR570.01Dg147300.1.p	zf-C5HC2	TFF
SoffiXsponR570.04Eg135100.2.p	TAZ	TFF
SoffiXsponR570.05Dg370000.1.p	AP2-EREBP	TFF
SoffiXsponR570.04Ag029400.2.p	TRAF	OTR
SoffiXsponR570.06Ag136000.1.p	CCAAT	TFF
SoffiXsponR570.01Bg320200.4.p	CCAAT	TFF
SoffiXsponR570.02Bg319200.1.p	AP2-EREBP	TFF
SoffiXsponR570.05Fg201300.2.p	FAR1	TFF
SoffiXsponR570.04Cg197100.2.p	HB	TFF
SoffiXsponR570.8_5Ag184800.2.p	bHLH	TFF
SoffiXsponR570.8_10Ag264500.1.p	CCAAT	TFF
SoffiXsponR570.10Dg086200.1.p	AP2-EREBP	TFF
SoffiXsponR570.09Bg044400.1.p	bZIP	TFF
SoffiXsponR570.05Cg229200.1.p	AP2-EREBP	TFF
SoffiXsponR570.01Bg248100.4.p	GRAS	TFF
SoffiXsponR570.02Ag351700.1.p	MYB-related	TFF
SoffiXsponR570.07Eg066700.1.p	Trihelix	TFF
SoffiXsponR570.06Dg118300.1.p	OFP	TFF
SoffiXsponR570.04Dg021500.1.p	AP2-EREBP	TFF
SoffiXsponR570.08Bg022600.6.p	MYB-related	TFF
SoffiXsponR570.07Cg169200.4.p	bHLH	TFF
SoffiXsponR570.03Ag087500.1.p	Top	TFF
SoffiXsponR570.03Ag006200.5.p	Jumonji	OTR
SoffiXsponR570.04Ag189000.1.p	bZIP	TFF
SoffiXsponR570.01Ag090100.1.p	MADS	TFF
SoffiXsponR570.03Cg312400.2.p	bHLH	TFF
SoffiXsponR570.06Dg114800.1.p	TCP	TFF
SoffiXsponR570.9us90g070700.1.p	CCAAT	TFF
SoffiXsponR570.01Eg020800.1.p	mTERF	OTR
SoffiXsponR570.01Cg285300.1.p	CCAAT	TFF
SoffiXsponR570.03Eg043400.3.p	PHD	OTR
SoffiXsponR570.04Eg071000.1.p	ARR-B	TFF
SoffiXsponR570.01Ag024300.1.p	C2C2-GATA	TFF
SoffiXsponR570.10Bg183200.1.p	GRAS	TFF
SoffiXsponR570.02Dg150500.2.p	SAP	TFF
SoffiXsponR570.05Dg159100.1.p	OFP	TFF
SoffiXsponR570.07Dg041100.2.p	ABI3VP1	TFF
SoffiXsponR570.05Bg272000.1.p	GRAS	TFF
SoffiXsponR570.03Ag239500.1.p	C2H2	TFF
SoffiXsponR570.6_9Ag042300.2.p	PHD	OTR
SoffiXsponR570.02Dg327800.1.p	MYB	TFF
SoffiXsponR570.03Bg140000.1.p	C2H2	TFF
SoffiXsponR570.6_9Ag165400.5.p	bHLH	TFF
SoffiXsponR570.09Ag035800.2.p	SET	OTR
SoffiXsponR570.04Bg184700.3.p	Top	TFF
SoffiXsponR570.05Ag197700.1.p	bHLH	TFF
SoffiXsponR570.01Ag005800.1.p	WRKY	TFF
SoffiXsponR570.03Cg080400.2.p	Top	TFF
SoffiXsponR570.02Cg202100.1.p	OFP	TFF
SoffiXsponR570.01Ag458800.1.p	C2C2-YABBY	TFF
SoffiXsponR570.01Fg315900.1.p	MYB-related	TFF
SoffiXsponR570.03Bg085200.1.p	bZIP	TFF
SoffiXsponR570.10Bg022200.1.p	GRAS	TFF
SoffiXsponR570.02Gg176100.1.p	OFP	TFF
SoffiXsponR570.03Eg233200.1.p	NAC	TFF
SoffiXsponR570.04Cg246600.1.p	GRAS	TFF
SoffiXsponR570.02Bg115400.3.p	bHLH	TFF
SoffiXsponR570.6us88g111500.1.p	WRKY	TFF
SoffiXsponR570.02Cg377800.2.p	bHLH	TFF
SoffiXsponR570.07Eg109900.1.p	AP2-EREBP	TFF
SoffiXsponR570.02Bg036600.1.p	MYB	TFF
SoffiXsponR570.02Dg094900.1.p	bHLH	TFF
SoffiXsponR570.10Eg128900.3.p	GRAS	TFF
SoffiXsponR570.08Dg055900.1.p	TRAF	OTR
SoffiXsponR570.05Dg320400.2.p	HRT	TFF
SoffiXsponR570.01Ag264900.2.p	GRAS	TFF
SoffiXsponR570.02Gg030000.1.p	MYB	TFF
SoffiXsponR570.02Eg011100.1.p	AP2-EREBP	TFF
SoffiXsponR570.01Eg168400.1.p	ABI3VP1	TFF
SoffiXsponR570.04Gg019200.4.p	GRAS	TFF
SoffiXsponR570.01Ag070100.10.p	bHLH	TFF
SoffiXsponR570.09Bg039800.1.p	DDT	OTR
SoffiXsponR570.05Cg012100.1.p	GNAT	OTR
SoffiXsponR570.01Cg378500.2.p	MADS	TFF
SoffiXsponR570.1Z176000.2.p	MYB	TFF
SoffiXsponR570.03Ag098200.1.p	HSF	TFF
SoffiXsponR570.04Fg134400.1.p	SBP	TFF
SoffiXsponR570.5_9Ag226000.1.p	zf-HD	TFF
SoffiXsponR570.08Cg046800.4.p	BSD	TFF
SoffiXsponR570.03Bg075100.7.p	C3H	TFF
SoffiXsponR570.02Ag010000.1.p	MYB	TFF
SoffiXsponR570.02Fg212900.4.p	C3H	TFF
SoffiXsponR570.05Dg304500.6.p	FAR1	TFF
SoffiXsponR570.02Eg052900.2.p	MYB	TFF
SoffiXsponR570.06Dg035300.1.p	NAC	TFF
SoffiXsponR570.1Z206900.1.p	EIL	TFF
SoffiXsponR570.03Eg040000.1.p	MYB-related	TFF
SoffiXsponR570.04Cg183000.1.p	bHLH	TFF
SoffiXsponR570.04Ag266600.2.p	bZIP	TFF
SoffiXsponR570.01Ag387600.1.p	NAC	TFF
SoffiXsponR570.03Ag269200.1.p	CCAAT	TFF
SoffiXsponR570.08Ag058200.1.p	GNAT	OTR
SoffiXsponR570.08Ag054300.1.p	MED26	OTR
SoffiXsponR570.10Bg017100.1.p	WRKY	TFF
SoffiXsponR570.04Cg192200.1.p	mTERF	OTR
SoffiXsponR570.02Cg281100.1.p	TCP	TFF
SoffiXsponR570.02Bg368100.1.p	CCAAT	TFF
SoffiXsponR570.8_10Ag222100.1.p	WRKY	TFF
SoffiXsponR570.8_10Ag137200.1.p	AP2-EREBP	TFF
SoffiXsponR570.05Cg208800.1.p	C3H	TFF
SoffiXsponR570.6_9Ag323300.1.p	MYB-related	TFF
SoffiXsponR570.10Eg129600.1.p	GRAS	TFF
SoffiXsponR570.08Bg129500.1.p	zf-HD	TFF
SoffiXsponR570.05Dg148000.1.p	bZIP	TFF
SoffiXsponR570.02Fg126200.1.p	MYB	TFF
SoffiXsponR570.7_10Ag218300.1.p	NAC	TFF
SoffiXsponR570.7_10Ag274800.1.p	bHLH	TFF
SoffiXsponR570.02Eg152200.1.p	CCAAT	TFF
SoffiXsponR570.07Ag201400.1.p	ABI3VP1	TFF
SoffiXsponR570.03Ag083400.1.p	AP2-EREBP	TFF
SoffiXsponR570.3os3g001400.1.p	AP2-EREBP	TFF
SoffiXsponR570.07Ag268500.2.p	NAC	TFF
SoffiXsponR570.10Cg136200.2.p	Jumonji	OTR
SoffiXsponR570.01Eg195600.6.p	Trihelix	TFF
SoffiXsponR570.02Bg004500.3.p	bHLH	TFF
SoffiXsponR570.03Eg278400.1.p	GRF	TFF
SoffiXsponR570.09Cg136100.1.p	ABI3VP1	TFF
SoffiXsponR570.01Ag455600.2.p	NAC	TFF
SoffiXsponR570.01Bg193000.6.p	C2C2-Dof	TFF
SoffiXsponR570.10us89g004400.1.p	MYB-related	TFF
SoffiXsponR570.07Bg158900.4.p	Trihelix	TFF
SoffiXsponR570.05Cg290000.2.p	GRAS	TFF
SoffiXsponR570.1Z208300.2.p	NAC	TFF
SoffiXsponR570.05Ag213700.1.p	bZIP	TFF
SoffiXsponR570.08Cg108800.2.p	PHD	OTR
SoffiXsponR570.04Eg085000.1.p	GNAT	OTR
SoffiXsponR570.02Ag257900.2.p	MYB-related	TFF
SoffiXsponR570.06Cg176000.6.p	C3H	TFF
SoffiXsponR570.02Gg084700.1.p	CCAAT	TFF
SoffiXsponR570.02Dg307900.3.p	SET	OTR
SoffiXsponR570.07Ag153400.1.p	C2H2	TFF
SoffiXsponR570.08Ag005000.7.p	PHD	OTR
SoffiXsponR570.01Cg176400.1.p	OFP	TFF
SoffiXsponR570.03Bg013000.1.p	bHLH	TFF
SoffiXsponR570.02Bg165200.3.p	Top	TFF
SoffiXsponR570.04Ag206300.1.p	Top	TFF
SoffiXsponR570.01Eg299600.2.p	MYB-related	TFF
SoffiXsponR570.01Cg142200.4.p	MED26	OTR
SoffiXsponR570.01Bg056900.1.p	GNAT	OTR
SoffiXsponR570.04Dg112800.2.p	MYB	TFF
SoffiXsponR570.06Bg045200.2.p	bHLH	TFF
SoffiXsponR570.01Ag114200.3.p	GRAS	TFF
SoffiXsponR570.03Eg258300.3.p	ARID	OTR
SoffiXsponR570.01Ag481100.7.p	MADS	TFF
SoffiXsponR570.05Cg164700.1.p	SET	OTR
SoffiXsponR570.05Bg299900.3.p	C3H	TFF
SoffiXsponR570.04Cg199600.1.p	GNAT	OTR
SoffiXsponR570.10Cg179900.1.p	MYB	TFF
SoffiXsponR570.9us90g035700.1.p	GRAS	TFF
SoffiXsponR570.05Fg314400.1.p	C2C2-Dof	TFF
SoffiXsponR570.05Bg346800.1.p	MYB	TFF
SoffiXsponR570.04Cg222900.1.p	PLATZ	TFF
SoffiXsponR570.03Bg239700.1.p	CCAAT	TFF
SoffiXsponR570.03Dg242000.1.p	AP2-EREBP	TFF
SoffiXsponR570.02Ag266200.2.p	ABI3VP1	TFF
SoffiXsponR570.03Ag307500.1.p	GRF	TFF
SoffiXsponR570.08Bg185400.1.p	SBP	TFF
SoffiXsponR570.03Gg093600.1.p	TCP	TFF
SoffiXsponR570.5_9Ag431800.3.p	TAZ	TFF
SoffiXsponR570.03Eg267300.1.p	MYB-related	TFF
SoffiXsponR570.05Ag045100.1.p	TCP	TFF
SoffiXsponR570.10Bg206100.1.p	GRAS	TFF
SoffiXsponR570.07Ag197200.2.p	MADS	TFF
SoffiXsponR570.06Cg025500.1.p	AP2-EREBP	TFF
SoffiXsponR570.03Eg302500.1.p	TCP	TFF
SoffiXsponR570.08Bg167700.1.p	HSF	TFF
SoffiXsponR570.01Dg334800.1.p	FAR1	TFF
SoffiXsponR570.02Dg379400.1.p	MADS	TFF
SoffiXsponR570.03Dg289600.1.p	mTERF	OTR
SoffiXsponR570.03Gg123300.2.p	zf-HD	TFF
SoffiXsponR570.08Bg098700.1.p	WRKY	TFF
SoffiXsponR570.10Bg052200.2.p	MED26	OTR
SoffiXsponR570.07Bg224100.1.p	CSD	TFF
SoffiXsponR570.7_10Ag107800.1.p	NAC	TFF
SoffiXsponR570.01Bg193900.3.p	Top	TFF
SoffiXsponR570.01Cg095500.2.p	HSF	TFF
SoffiXsponR570.04Ag059600.1.p	AP2-EREBP	TFF
SoffiXsponR570.04Gg008400.1.p	ABI3VP1	TFF
SoffiXsponR570.01Cg248900.1.p	MYB	TFF
SoffiXsponR570.01Eg100000.1.p	WRKY	TFF
SoffiXsponR570.10Fg072100.2.p	E2F-DP	TFF
SoffiXsponR570.08Cg044100.2.p	MYB-related	TFF
SoffiXsponR570.01Ag106100.7.p	HB	TFF
SoffiXsponR570.1Z221200.2.p	DDT	OTR
SoffiXsponR570.01Dg111400.1.p	TRAF	OTR
SoffiXsponR570.05Dg057400.1.p	bHLH	TFF
SoffiXsponR570.10os1g055700.1.p	SAP	TFF
SoffiXsponR570.03Ag270000.1.p	bHLH	TFF
SoffiXsponR570.6_9Ag247300.1.p	CCAAT	TFF
SoffiXsponR570.01Cg372200.2.p	MYB-related	TFF
SoffiXsponR570.01Bg106200.5.p	PAS	TFF
SoffiXsponR570.07Bg110700.1.p	WRKY	TFF
SoffiXsponR570.10Ag018900.2.p	MYB	TFF
SoffiXsponR570.02Gg204100.1.p	AP2-EREBP	TFF
SoffiXsponR570.02Ag339400.1.p	MYB-related	TFF
SoffiXsponR570.01Eg083000.1.p	C2C2-Dof	TFF
SoffiXsponR570.03Bg055500.1.p	MADS	TFF
SoffiXsponR570.08Cg168200.1.p	AP2-EREBP	TFF
SoffiXsponR570.08Dg103900.1.p	TCP	TFF
SoffiXsponR570.06Ag180600.1.p	WRKY	TFF
SoffiXsponR570.06Dg077300.3.p	SWI/SNF-BAF60b	OTR
SoffiXsponR570.10Dg150700.1.p	bHLH	TFF
SoffiXsponR570.07Ag196100.2.p	Rcd1-like	OTR
SoffiXsponR570.08Ag088700.1.p	TRAF	OTR
SoffiXsponR570.01Fg103900.1.p	C2H2	TFF
SoffiXsponR570.10Eg069500.1.p	Jumonji	OTR
SoffiXsponR570.03Cg154200.3.p	C2H2	TFF
SoffiXsponR570.7_10Ag347700.1.p	FAR1	TFF
SoffiXsponR570.03Cg276200.2.p	SET	OTR
SoffiXsponR570.06Fg159700.1.p	MYB-related	TFF
SoffiXsponR570.6_9Ag030900.1.p	C3H	TFF
SoffiXsponR570.02Bg343200.2.p	MYB-related	TFF
SoffiXsponR570.02Bg074100.1.p	MYB-related	TFF
SoffiXsponR570.01Bg444700.1.p	bHLH	TFF
SoffiXsponR570.04Ag254300.8.p	SBP	TFF
SoffiXsponR570.08Cg168500.1.p	AP2-EREBP	TFF
SoffiXsponR570.01Dg277700.6.p	GRAS	TFF
SoffiXsponR570.07Ag005300.1.p	GeBP	TFF
SoffiXsponR570.04Ag226700.4.p	ARF	TFF
SoffiXsponR570.01Ag505900.1.p	AP2-EREBP	TFF
SoffiXsponR570.02Gg233400.1.p	WRKY	TFF
SoffiXsponR570.08Bg043900.2.p	MYB-related	TFF
SoffiXsponR570.04Eg082700.3.p	HB	TFF
SoffiXsponR570.04Eg147100.1.p	bZIP	TFF
SoffiXsponR570.08Bg065400.1.p	CCAAT	TFF
SoffiXsponR570.05Cg217300.2.p	SBP	TFF
SoffiXsponR570.01Ag026900.2.p	SBP	TFF
SoffiXsponR570.03Fg094800.1.p	Top	TFF
SoffiXsponR570.04Bg243200.6.p	SBP	TFF
SoffiXsponR570.06Gg038000.3.p	mTERF	OTR
SoffiXsponR570.03Eg181900.1.p	Trihelix	TFF
SoffiXsponR570.04Gg082500.1.p	bHLH	TFF
SoffiXsponR570.09Cg133600.1.p	bHLH	TFF
SoffiXsponR570.05Bg052800.2.p	HSF	TFF
SoffiXsponR570.02Bg191800.2.p	WRKY	TFF
SoffiXsponR570.6_9Ag312500.1.p	WRKY	TFF
SoffiXsponR570.07Ag003700.1.p	C3H	TFF
SoffiXsponR570.01Bg114100.2.p	GeBP	TFF
SoffiXsponR570.07Ag070500.2.p	SET	OTR
SoffiXsponR570.01Ag175900.1.p	ABI3VP1	TFF
SoffiXsponR570.5_9Ag345900.3.p	SET	OTR
SoffiXsponR570.01Bg125600.2.p	C3H	TFF
SoffiXsponR570.05Dg226500.1.p	bHLH	TFF
SoffiXsponR570.02Ag379200.2.p	ABI3VP1	TFF
SoffiXsponR570.5_9Ag016300.2.p	EIL	TFF
SoffiXsponR570.02Dg058700.1.p	AP2-EREBP	TFF
SoffiXsponR570.03Eg243300.3.p	SET	OTR
SoffiXsponR570.02Dg356600.1.p	Alfin-like	TFF
SoffiXsponR570.03Cg209500.1.p	C2C2-GATA	TFF
SoffiXsponR570.09Bg052700.2.p	MED26	OTR
SoffiXsponR570.10Ag173400.1.p	NAC	TFF
SoffiXsponR570.02Cg191000.1.p	Top	TFF
SoffiXsponR570.07Cg178700.1.p	AP2-EREBP	TFF
SoffiXsponR570.4us91g062500.3.p	TRAF	OTR
SoffiXsponR570.06Gg118400.1.p	MYB	TFF
SoffiXsponR570.02Ag050300.7.p	Top	TFF
SoffiXsponR570.02Bg028500.1.p	MADS	TFF
SoffiXsponR570.04Ag112000.1.p	E2F-DP	TFF
SoffiXsponR570.6_9Ag057700.1.p	AP2-EREBP	TFF
SoffiXsponR570.02Ag224600.1.p	PHD	OTR
SoffiXsponR570.02Fg251300.3.p	SWI/SNF-BAF60b	OTR
SoffiXsponR570.01Ag090000.1.p	MADS	TFF
SoffiXsponR570.10Bg086500.2.p	RB	OTR
SoffiXsponR570.01Ag295400.1.p	zf-LSD1	TFF
SoffiXsponR570.07Bg205100.9.p	PHD	OTR
SoffiXsponR570.07Dg235600.1.p	TUB	TFF
SoffiXsponR570.08Ag152500.4.p	SET	OTR
SoffiXsponR570.02Fg357800.1.p	SET	OTR
SoffiXsponR570.05Cg134800.1.p	MYB-related	TFF
SoffiXsponR570.01Bg384300.1.p	LIM	TFF
SoffiXsponR570.06Gg125400.1.p	MYB	TFF
SoffiXsponR570.02Dg419200.1.p	MYB-related	TFF
SoffiXsponR570.1Z025500.6.p	Top	TFF
SoffiXsponR570.01Ag451400.2.p	AP2-EREBP	TFF
SoffiXsponR570.04Fg045300.1.p	bHLH	TFF
SoffiXsponR570.7_10Ag317700.1.p	bHLH	TFF
SoffiXsponR570.5_9Ag376800.1.p	zf-A20	TFF
SoffiXsponR570.05Bg078500.2.p	PHD	OTR
SoffiXsponR570.05Gg139100.2.p	bZIP	TFF
SoffiXsponR570.05Fg249500.3.p	GRAS	TFF
SoffiXsponR570.03Bg234400.1.p	GNAT	OTR
SoffiXsponR570.01Eg080400.1.p	TRAF	OTR
SoffiXsponR570.01Cg020600.1.p	NAC	TFF
SoffiXsponR570.07Cg281000.1.p	NAC	TFF
SoffiXsponR570.07Ag145400.4.p	Trihelix	TFF
SoffiXsponR570.7os1g086800.2.p	ARF	TFF
SoffiXsponR570.1Z180100.1.p	DBP	TFF
SoffiXsponR570.02Dg353700.1.p	MADS	TFF
SoffiXsponR570.06Cg016400.1.p	MYB-related	TFF
SoffiXsponR570.02Dg321300.1.p	bHLH	TFF
SoffiXsponR570.01Bg296700.2.p	HB	TFF
SoffiXsponR570.07Dg136000.1.p	AP2-EREBP	TFF
SoffiXsponR570.08Ag163100.7.p	C2H2	TFF
SoffiXsponR570.06Dg138200.2.p	ABI3VP1	TFF
SoffiXsponR570.03Dg226000.1.p	C2C2-GATA	TFF
SoffiXsponR570.07Ag168300.1.p	AP2-EREBP	TFF
SoffiXsponR570.08Bg122000.2.p	PHD	OTR
SoffiXsponR570.6us88g111200.2.p	WRKY	TFF
SoffiXsponR570.03Cg007500.4.p	Jumonji	OTR
SoffiXsponR570.04Fg071000.1.p	FAR1	TFF
SoffiXsponR570.03Eg209700.1.p	AP2-EREBP	TFF
SoffiXsponR570.8_10Ag251100.2.p	MYB-related	TFF
SoffiXsponR570.9os1g061800.2.p	GRAS	TFF
SoffiXsponR570.09Eg092100.1.p	PHD	OTR
SoffiXsponR570.1Z207200.1.p	MYB-related	TFF
SoffiXsponR570.7_10Ag381500.5.p	PHD	OTR
SoffiXsponR570.07Dg077500.1.p	ARF	TFF
SoffiXsponR570.10Bg017800.1.p	WRKY	TFF
SoffiXsponR570.05Bg153400.2.p	PHD	OTR
SoffiXsponR570.02Gg150800.1.p	Coactivator_p15	OTR
SoffiXsponR570.06Ag171300.7.p	AUX/IAA	OTR
SoffiXsponR570.05Fg095600.1.p	zf-HD	TFF
SoffiXsponR570.05Dg175100.1.p	TCP	TFF
SoffiXsponR570.03Dg322800.1.p	DBP	TFF
SoffiXsponR570.01Ag481100.4.p	MADS	TFF
SoffiXsponR570.07Ag242800.1.p	C3H	TFF
SoffiXsponR570.09Cg113100.2.p	PAS	TFF
SoffiXsponR570.06Bg002200.1.p	bZIP	TFF
SoffiXsponR570.09Cg057500.1.p	MYB-related	TFF
SoffiXsponR570.02Cg273700.1.p	AP2-EREBP	TFF
SoffiXsponR570.07Dg076000.1.p	DDT	OTR
SoffiXsponR570.06Fg067000.2.p	bHLH	TFF
SoffiXsponR570.03Dg311600.2.p	AP2-EREBP	TFF
SoffiXsponR570.08Eg133200.1.p	EIL	TFF
SoffiXsponR570.05Dg059500.2.p	SAP	TFF
SoffiXsponR570.07Dg077500.2.p	ARF	TFF
SoffiXsponR570.01Ag032900.1.p	mTERF	OTR
SoffiXsponR570.08Bg180200.1.p	mTERF	OTR
SoffiXsponR570.9us90g054200.1.p	bZIP	TFF
SoffiXsponR570.06Eg028600.3.p	C2H2	TFF
SoffiXsponR570.04Ag004000.1.p	GRAS	TFF
SoffiXsponR570.6_9Ag225600.1.p	MADS	TFF
SoffiXsponR570.09Eg078900.1.p	C3H	TFF
SoffiXsponR570.01Bg222500.1.p	E2F-DP	TFF
SoffiXsponR570.07Dg215100.6.p	C3H	TFF
SoffiXsponR570.05Gg115400.1.p	TRAF	OTR
SoffiXsponR570.01Bg307100.2.p	MYB-related	TFF
SoffiXsponR570.05Cg227100.1.p	bZIP	TFF
SoffiXsponR570.05Bg379400.3.p	EIL	TFF
SoffiXsponR570.8_5Ag182900.2.p	FHA	TFF
SoffiXsponR570.01Cg254900.1.p	MYB	TFF
SoffiXsponR570.03Bg220300.10.p	zf-C5HC2	TFF
SoffiXsponR570.03Ag037900.2.p	ARF	TFF
SoffiXsponR570.7_10Ag348400.1.p	AP2-EREBP	TFF
SoffiXsponR570.03Bg220300.1.p	zf-C5HC2	TFF
SoffiXsponR570.05Dg074500.3.p	bZIP	TFF
SoffiXsponR570.01Fg298100.1.p	GNAT	OTR
SoffiXsponR570.06Ag111300.1.p	FAR1	TFF
SoffiXsponR570.02Dg256700.1.p	ABI3VP1	TFF
SoffiXsponR570.02Eg329600.1.p	SWI/SNF-BAF60b	OTR
SoffiXsponR570.03Bg316100.3.p	C3H	TFF
SoffiXsponR570.05Cg240000.1.p	bZIP	TFF
SoffiXsponR570.04Fg133300.5.p	ARF	TFF
SoffiXsponR570.01Fg184400.1.p	NAC	TFF
SoffiXsponR570.06Fg119300.1.p	WRKY	TFF
SoffiXsponR570.04Dg021600.4.p	SET	OTR
SoffiXsponR570.01Eg266900.1.p	TIG	TFF
SoffiXsponR570.02Dg369000.2.p	TRAF	OTR
SoffiXsponR570.03Eg014100.1.p	bHLH	TFF
SoffiXsponR570.01Cg095500.5.p	HSF	TFF
SoffiXsponR570.04Ag064800.2.p	SET	OTR
SoffiXsponR570.05Eg204500.1.p	NAC	TFF
SoffiXsponR570.10Dg070100.1.p	PHD	OTR
SoffiXsponR570.8_10Ag163400.1.p	MYB-related	TFF
SoffiXsponR570.02Bg000400.3.p	TUB	TFF
SoffiXsponR570.02Gg124300.1.p	MYB-related	TFF
SoffiXsponR570.01Dg377800.5.p	HB	TFF
SoffiXsponR570.6_9Ag036900.7.p	SET	OTR
SoffiXsponR570.01Fg218900.3.p	GRAS	TFF
SoffiXsponR570.03Gg000300.2.p	AUX/IAA	OTR
SoffiXsponR570.05Bg379300.1.p	EIL	TFF
SoffiXsponR570.05Cg317600.2.p	GRAS	TFF
SoffiXsponR570.03Eg169400.1.p	SET	OTR
SoffiXsponR570.03Ag022500.1.p	GeBP	TFF
SoffiXsponR570.03Dg243600.4.p	MYB-related	TFF
SoffiXsponR570.01Bg166900.1.p	mTERF	OTR
SoffiXsponR570.05Eg132800.2.p	WRKY	TFF
SoffiXsponR570.5_9Ag038700.1.p	bZIP	TFF
SoffiXsponR570.03Gg001700.2.p	HB	TFF
SoffiXsponR570.5_9Ag138500.1.p	NAC	TFF
SoffiXsponR570.07Ag094400.1.p	MADS	TFF
SoffiXsponR570.09Eg064400.1.p	NAC	TFF
SoffiXsponR570.01Dg048700.3.p	CPP	TFF
SoffiXsponR570.05Eg141800.3.p	AP2-EREBP	TFF
SoffiXsponR570.05Eg091900.1.p	C2H2	TFF
SoffiXsponR570.8_5Ag148400.1.p	bZIP	TFF
SoffiXsponR570.02Dg382500.1.p	NAC	TFF
SoffiXsponR570.04Eg061500.1.p	MBF1	OTR
SoffiXsponR570.02Cg292800.2.p	Top	TFF
SoffiXsponR570.8_5Ag002600.1.p	GNAT	OTR
SoffiXsponR570.02Bg075400.1.p	AP2-EREBP	TFF
SoffiXsponR570.01Eg002100.2.p	Sigma70-like	TFF
SoffiXsponR570.03Dg020000.2.p	bHLH	TFF
SoffiXsponR570.01Dg221600.1.p	MED26	OTR
SoffiXsponR570.10Bg052200.1.p	MED26	OTR
SoffiXsponR570.06Cg059800.1.p	FHA	TFF
SoffiXsponR570.02Ag252100.2.p	zf-BED	TFF
SoffiXsponR570.04Bg109300.1.p	MYB	TFF
SoffiXsponR570.07Dg023400.1.p	MYB	TFF
SoffiXsponR570.10Bg178200.1.p	FAR1	TFF
SoffiXsponR570.1Z111300.1.p	Top	TFF
SoffiXsponR570.02Fg256500.1.p	VOZ	TFF
SoffiXsponR570.03Bg182100.2.p	SET	OTR
SoffiXsponR570.06Gg028300.3.p	SET	OTR
SoffiXsponR570.03Eg062400.2.p	MYB-related	TFF
SoffiXsponR570.04Cg117300.1.p	NAC	TFF
SoffiXsponR570.1Z068800.1.p	Trihelix	TFF
SoffiXsponR570.05Ag253700.2.p	RWP-RK	TFF
SoffiXsponR570.05Ag217700.2.p	NAC	TFF
SoffiXsponR570.06Cg150400.1.p	WRKY	TFF
SoffiXsponR570.07Bg093000.1.p	OFP	TFF
SoffiXsponR570.01Ag401300.5.p	PHD	OTR
SoffiXsponR570.03Dg257900.2.p	TUB	TFF
SoffiXsponR570.02Gg163600.2.p	WRKY	TFF
SoffiXsponR570.5_9Ag019300.1.p	WRKY	TFF
SoffiXsponR570.02Eg177100.1.p	WRKY	TFF
SoffiXsponR570.8_10Ag302800.1.p	AP2-EREBP	TFF
SoffiXsponR570.02Dg260500.1.p	WRKY	TFF
SoffiXsponR570.02Eg339900.1.p	bHLH	TFF
SoffiXsponR570.10us89g051600.9.p	HB	TFF
SoffiXsponR570.08Ag176400.1.p	RB	OTR
SoffiXsponR570.07Cg009900.2.p	MYB-related	TFF
SoffiXsponR570.05Ag316100.1.p	MADS	TFF
SoffiXsponR570.02Ag084700.1.p	C2H2	TFF
SoffiXsponR570.10Eg132000.1.p	C2H2	TFF
SoffiXsponR570.8_5Ag056000.2.p	TRAF	OTR
SoffiXsponR570.02Gg134300.1.p	GeBP	TFF
SoffiXsponR570.07Cg263600.2.p	ABI3VP1	TFF
SoffiXsponR570.01Dg087900.6.p	Top	TFF
SoffiXsponR570.04Ag004400.1.p	MYB-related	TFF
SoffiXsponR570.02Gg158700.1.p	MYB	TFF
SoffiXsponR570.02Dg292300.1.p	Top	TFF
SoffiXsponR570.02Cg076300.1.p	AP2-EREBP	TFF
SoffiXsponR570.01Fg238600.2.p	MYB-related	TFF
SoffiXsponR570.02Fg190500.1.p	WRKY	TFF
SoffiXsponR570.05Dg304500.5.p	FAR1	TFF
SoffiXsponR570.05Eg214300.1.p	MADS	TFF
SoffiXsponR570.02Dg194200.8.p	Top	TFF
SoffiXsponR570.01Bg310800.1.p	CCAAT	TFF
SoffiXsponR570.08Bg194400.1.p	Pseudo_ARR-B	OTR
SoffiXsponR570.06Ag126200.5.p	bZIP	TFF
SoffiXsponR570.03Ag006200.2.p	Jumonji	OTR
SoffiXsponR570.02Eg256700.1.p	zf-A20	TFF
SoffiXsponR570.01Fg320300.1.p	OFP	TFF
SoffiXsponR570.02Bg037800.1.p	AUX/IAA	OTR
SoffiXsponR570.01Ag090800.1.p	PAS	TFF
SoffiXsponR570.06Gg045000.1.p	Alfin-like	TFF
SoffiXsponR570.8_10Ag247900.1.p	MYB	TFF
SoffiXsponR570.08Eg104900.1.p	bHLH	TFF
SoffiXsponR570.10Bg074600.2.p	SBP	TFF
SoffiXsponR570.02Dg200700.1.p	bHLH	TFF
SoffiXsponR570.10Dg002700.5.p	SAP	TFF
SoffiXsponR570.05Ag138200.2.p	ABI3VP1	TFF
SoffiXsponR570.7_10Ag215200.1.p	WRKY	TFF
SoffiXsponR570.04Eg071000.3.p	ARR-B	TFF
SoffiXsponR570.07Bg153800.1.p	LIM	TFF
SoffiXsponR570.03Dg061100.1.p	SBP	TFF
SoffiXsponR570.05Ag031700.1.p	AP2-EREBP	TFF
SoffiXsponR570.09Dg112000.1.p	C2H2	TFF
SoffiXsponR570.1Z267400.5.p	TRAF	OTR
SoffiXsponR570.02Dg232300.1.p	NAC	TFF
SoffiXsponR570.07Ag252400.1.p	ABI3VP1	TFF
SoffiXsponR570.10Bg065700.1.p	bHLH	TFF
SoffiXsponR570.06Cg167800.1.p	MYB	TFF
SoffiXsponR570.02Fg042500.2.p	PHD	OTR
SoffiXsponR570.02Cg191000.4.p	Top	TFF
SoffiXsponR570.06Eg123400.4.p	SWI/SNF-BAF60b	OTR
SoffiXsponR570.05Fg167600.1.p	SRS	TFF
SoffiXsponR570.05Bg378600.2.p	C2C2-Dof	TFF
SoffiXsponR570.08Eg116800.1.p	NAC	TFF
SoffiXsponR570.10Dg086200.2.p	AP2-EREBP	TFF
SoffiXsponR570.02Ag050300.6.p	Top	TFF
SoffiXsponR570.05Cg382900.2.p	bZIP	TFF
SoffiXsponR570.05Ag193700.1.p	AP2-EREBP	TFF
SoffiXsponR570.04Bg199800.1.p	PLATZ	TFF
SoffiXsponR570.6_9Ag308200.1.p	TUB	TFF
SoffiXsponR570.01Eg058700.1.p	bHLH	TFF
SoffiXsponR570.03Ag164800.1.p	AP2-EREBP	TFF
SoffiXsponR570.02Dg279500.3.p	CPP	TFF
SoffiXsponR570.02Bg299800.1.p	C2H2	TFF
SoffiXsponR570.06Ag022500.3.p	SAP	TFF
SoffiXsponR570.03Gg155700.2.p	C3H	TFF
SoffiXsponR570.03Bg076200.1.p	zf-A20	TFF
SoffiXsponR570.04Dg175800.3.p	MYB-related	TFF
SoffiXsponR570.10Ag193200.2.p	MADS	TFF
SoffiXsponR570.08Ag057200.1.p	Top	TFF
SoffiXsponR570.02Dg221500.1.p	bZIP	TFF
SoffiXsponR570.03Cg243300.2.p	GeBP	TFF
SoffiXsponR570.1Z139100.1.p	AP2-EREBP	TFF
SoffiXsponR570.08Eg040800.1.p	bZIP	TFF
SoffiXsponR570.05Ag146500.1.p	C2H2	TFF
SoffiXsponR570.01Cg243200.1.p	AP2-EREBP	TFF
SoffiXsponR570.6_9Ag313300.2.p	WRKY	TFF
SoffiXsponR570.04Cg091600.1.p	MADS	TFF
SoffiXsponR570.7os1g048900.1.p	TRAF	OTR
SoffiXsponR570.10Cg028500.2.p	DDT	OTR
SoffiXsponR570.03Gg050200.2.p	bHLH	TFF
SoffiXsponR570.03Dg245800.2.p	FAR1	TFF
SoffiXsponR570.07Dg134000.1.p	TCP	TFF
SoffiXsponR570.01Ag291900.1.p	MED26	OTR
SoffiXsponR570.06Dg136500.1.p	TUB	TFF
SoffiXsponR570.05Cg251100.1.p	MYB-related	TFF
SoffiXsponR570.08Cg032200.1.p	zf-LSD1	TFF
SoffiXsponR570.02Eg258000.1.p	TRAF	OTR
SoffiXsponR570.07Eg105300.2.p	Trihelix	TFF
SoffiXsponR570.09Bg144000.2.p	CCAAT	TFF
SoffiXsponR570.03Eg020300.4.p	bHLH	TFF
SoffiXsponR570.03Ag159700.2.p	C2H2	TFF
SoffiXsponR570.01Bg193000.5.p	C2C2-Dof	TFF
SoffiXsponR570.6_9Ag283900.1.p	AUX/IAA	OTR
SoffiXsponR570.05Ag257600.1.p	C2H2	TFF
SoffiXsponR570.8_5Ag250100.1.p	TUB	TFF
SoffiXsponR570.05Eg341000.1.p	TUB	TFF
SoffiXsponR570.05Cg049600.5.p	PHD	OTR
SoffiXsponR570.05Gg181100.1.p	TCP	TFF
SoffiXsponR570.03Eg195500.3.p	C2H2	TFF
SoffiXsponR570.06Cg100600.1.p	C2C2-Dof	TFF
SoffiXsponR570.09Cg016400.4.p	FAR1	TFF
SoffiXsponR570.03Cg182900.1.p	bHLH	TFF
SoffiXsponR570.04Bg187800.1.p	GNAT	OTR
SoffiXsponR570.03Fg106100.1.p	AP2-EREBP	TFF
SoffiXsponR570.01Fg331600.1.p	SWI/SNF-BAF60b	OTR
SoffiXsponR570.02Ag137000.1.p	MYB	TFF
SoffiXsponR570.02Eg139300.1.p	zf-BED	TFF
SoffiXsponR570.04Dg060700.1.p	C2H2	TFF
SoffiXsponR570.06Cg083200.2.p	mTERF	OTR
SoffiXsponR570.02Fg053100.1.p	bZIP	TFF
SoffiXsponR570.08Ag206800.7.p	Pseudo_ARR-B	OTR
SoffiXsponR570.01Cg271400.7.p	GRAS	TFF
SoffiXsponR570.7_10Ag218200.1.p	NAC	TFF
SoffiXsponR570.06Gg077800.1.p	GNAT	OTR
SoffiXsponR570.01Eg083300.1.p	SWI/SNF-BAF60b	OTR
SoffiXsponR570.03Fg082400.3.p	PHD	OTR
SoffiXsponR570.03Dg193300.2.p	NAC	TFF
SoffiXsponR570.05Dg272900.1.p	PHD	OTR
SoffiXsponR570.01Ag032600.1.p	mTERF	OTR
SoffiXsponR570.01Cg309500.3.p	MYB-related	TFF
SoffiXsponR570.09Bg065800.1.p	bHLH	TFF
SoffiXsponR570.06Cg117400.1.p	WRKY	TFF
SoffiXsponR570.01Fg151300.1.p	Jumonji	OTR
SoffiXsponR570.01Eg351300.2.p	MYB-related	TFF
SoffiXsponR570.08Bg031600.2.p	Top	TFF
SoffiXsponR570.5_9Ag394200.2.p	MYB	TFF
SoffiXsponR570.06Gg034700.9.p	TRAF	OTR
SoffiXsponR570.02Ag061300.2.p	AP2-EREBP	TFF
SoffiXsponR570.4us91g021100.3.p	ARF	TFF
SoffiXsponR570.8_5Ag139800.1.p	ARID	OTR
SoffiXsponR570.08Cg001900.1.p	TUB	TFF
SoffiXsponR570.01Fg146100.1.p	PLATZ	TFF
SoffiXsponR570.02Fg161500.1.p	C2H2	TFF
SoffiXsponR570.05Cg166400.1.p	MYB	TFF
SoffiXsponR570.02Ag365700.1.p	NAC	TFF
SoffiXsponR570.08Bg176800.1.p	TRAF	OTR
SoffiXsponR570.03Gg135900.3.p	C2C2-GATA	TFF
SoffiXsponR570.07Dg080400.3.p	RWP-RK	TFF
SoffiXsponR570.01Dg355200.1.p	AP2-EREBP	TFF
SoffiXsponR570.01Ag258700.1.p	SAP	TFF
SoffiXsponR570.09Cg054700.1.p	TCP	TFF
SoffiXsponR570.05Eg248500.2.p	SET	OTR
SoffiXsponR570.8_5Ag139800.9.p	ARID	OTR
SoffiXsponR570.02Bg048800.1.p	Top	TFF
SoffiXsponR570.01Bg298100.1.p	NAC	TFF
SoffiXsponR570.01Eg131600.2.p	C3H	TFF
SoffiXsponR570.08Ag058800.1.p	MYB-related	TFF
SoffiXsponR570.9os1g055900.2.p	MYB-related	TFF
SoffiXsponR570.6us88g057100.1.p	C2H2	TFF
SoffiXsponR570.09Ag108400.1.p	FHA	TFF
SoffiXsponR570.05Fg061700.2.p	zf-BED	TFF
SoffiXsponR570.08Bg085600.1.p	TRAF	OTR
SoffiXsponR570.04Dg142800.1.p	Top	TFF
SoffiXsponR570.01Fg102300.1.p	bHLH	TFF
SoffiXsponR570.04Ag027100.1.p	SET	OTR
SoffiXsponR570.05Bg252800.2.p	GRF	TFF
SoffiXsponR570.04Eg097300.3.p	TRAF	OTR
SoffiXsponR570.04Gg008400.2.p	ABI3VP1	TFF
SoffiXsponR570.03Ag304000.1.p	GNAT	OTR
SoffiXsponR570.04Bg035900.2.p	Top	TFF
SoffiXsponR570.6us88g079600.1.p	NAC	TFF
SoffiXsponR570.01Bg017000.6.p	FAR1	TFF
SoffiXsponR570.04Eg026000.2.p	PHD	OTR
SoffiXsponR570.02Gg248300.2.p	TUB	TFF
SoffiXsponR570.01Fg277200.1.p	AP2-EREBP	TFF
SoffiXsponR570.05Cg122600.1.p	BES1	TFF
SoffiXsponR570.02Fg314100.5.p	TUB	TFF
SoffiXsponR570.05Dg052900.1.p	CPP	TFF
SoffiXsponR570.07Cg255300.1.p	AP2-EREBP	TFF
SoffiXsponR570.04Bg255700.1.p	bZIP	TFF
SoffiXsponR570.05Dg179700.1.p	WRKY	TFF
SoffiXsponR570.5_9Ag094900.5.p	FAR1	TFF
SoffiXsponR570.05Eg347100.1.p	AP2-EREBP	TFF
SoffiXsponR570.8_10Ag142700.1.p	AP2-EREBP	TFF
SoffiXsponR570.07Dg098100.3.p	WRKY	TFF
SoffiXsponR570.10Fg120600.1.p	C2H2	TFF
SoffiXsponR570.05Ag073600.1.p	FHA	TFF
SoffiXsponR570.01Bg225800.2.p	TFIID	TFF
SoffiXsponR570.09Bg086200.1.p	NAC	TFF
SoffiXsponR570.01Ag178200.1.p	AP2-EREBP	TFF
SoffiXsponR570.02Ag178500.4.p	bHLH	TFF
SoffiXsponR570.02Fg217000.1.p	TUB	TFF
SoffiXsponR570.01Ag249100.1.p	GNAT	OTR
SoffiXsponR570.01Bg280500.6.p	Not1	TFF
SoffiXsponR570.3os1g007700.5.p	MYB	TFF
SoffiXsponR570.01Dg005300.1.p	C2C2-Dof	TFF
SoffiXsponR570.08Bg073800.1.p	CCAAT	TFF
SoffiXsponR570.03Cg315000.1.p	NAC	TFF
SoffiXsponR570.08Ag118200.1.p	SET	OTR
SoffiXsponR570.6_9Ag329200.1.p	Sigma70-like	TFF
SoffiXsponR570.9us90g046200.1.p	ABI3VP1	TFF
SoffiXsponR570.5_9Ag292300.1.p	ABI3VP1	TFF
SoffiXsponR570.02Ag349900.4.p	bZIP	TFF
SoffiXsponR570.01Eg277900.1.p	MED26	OTR
SoffiXsponR570.05Gg130700.1.p	MYB	TFF
SoffiXsponR570.07Eg074900.1.p	C2C2-CO-like	TFF
SoffiXsponR570.01Bg190800.1.p	GNAT	OTR
SoffiXsponR570.10Ag063300.1.p	NAC	TFF
SoffiXsponR570.7_10Ag067900.1.p	MYB	TFF
SoffiXsponR570.01Eg389700.2.p	AP2-EREBP	TFF
SoffiXsponR570.06Fg016300.2.p	MYB-related	TFF
SoffiXsponR570.10us89g052700.1.p	GRAS	TFF
SoffiXsponR570.9os1g012700.1.p	ABI3VP1	TFF
SoffiXsponR570.05Fg304200.1.p	AP2-EREBP	TFF
SoffiXsponR570.03Cg242500.1.p	WRKY	TFF
SoffiXsponR570.02Fg291600.1.p	AP2-EREBP	TFF
SoffiXsponR570.03Cg169100.3.p	NAC	TFF
SoffiXsponR570.7_10Ag342700.4.p	AP2-EREBP	TFF
SoffiXsponR570.10Cg115800.3.p	ARF	TFF
SoffiXsponR570.02Cg333300.1.p	MYB	TFF
SoffiXsponR570.05Ag230300.2.p	bZIP	TFF
SoffiXsponR570.02Cg226800.2.p	ARF	TFF
SoffiXsponR570.01Fg152300.1.p	TIG	TFF
SoffiXsponR570.01Bg305600.2.p	WRKY	TFF
SoffiXsponR570.10Fg034100.1.p	CCAAT	TFF
SoffiXsponR570.6_9Ag177800.1.p	bHLH	TFF
SoffiXsponR570.06Ag171300.4.p	AUX/IAA	OTR
SoffiXsponR570.02Bg299500.1.p	C2H2	TFF
SoffiXsponR570.08Bg031600.3.p	Top	TFF
SoffiXsponR570.02Fg314100.6.p	TUB	TFF
SoffiXsponR570.04Eg134200.1.p	C3H	TFF
SoffiXsponR570.01Bg177200.1.p	MYB-related	TFF
SoffiXsponR570.05Cg031700.1.p	bHLH	TFF
SoffiXsponR570.07Cg127500.1.p	RWP-RK	TFF
SoffiXsponR570.5_9Ag079500.1.p	GNAT	OTR
SoffiXsponR570.10Eg090200.1.p	bHLH	TFF
SoffiXsponR570.05Cg217400.1.p	MADS	TFF
SoffiXsponR570.07Ag015300.1.p	SET	OTR
SoffiXsponR570.08Cg005800.6.p	PHD	OTR
SoffiXsponR570.10Dg072900.1.p	NAC	TFF
SoffiXsponR570.09Cg043200.3.p	ABI3VP1	TFF
SoffiXsponR570.10Ag119000.1.p	WRKY	TFF
SoffiXsponR570.03Gg001700.1.p	HB	TFF
SoffiXsponR570.05Gg040500.1.p	CCAAT	TFF
SoffiXsponR570.02Gg069100.1.p	MYB	TFF
SoffiXsponR570.05Dg172900.2.p	MYB	TFF
SoffiXsponR570.04Bg195600.1.p	mTERF	OTR
SoffiXsponR570.03Dg102900.2.p	HSF	TFF
SoffiXsponR570.06Fg007400.1.p	C2H2	TFF
SoffiXsponR570.03Cg333700.3.p	C3H	TFF
SoffiXsponR570.03Cg219300.1.p	GRAS	TFF
SoffiXsponR570.04Cg098000.1.p	bHLH	TFF
SoffiXsponR570.04Eg133000.3.p	SBP	TFF
SoffiXsponR570.07Bg272500.3.p	TUB	TFF
SoffiXsponR570.08Ag009900.1.p	zf-BED	TFF
SoffiXsponR570.07Bg146900.1.p	TCP	TFF
SoffiXsponR570.09Bg059300.2.p	MYB-related	TFF
SoffiXsponR570.02Gg260900.1.p	AP2-EREBP	TFF
SoffiXsponR570.08Cg074000.1.p	AP2-EREBP	TFF
SoffiXsponR570.01Ag099800.3.p	WRKY	TFF
SoffiXsponR570.01Ag258100.1.p	Tify	TFF
SoffiXsponR570.05Cg184500.1.p	PHD	OTR
SoffiXsponR570.05Cg233200.1.p	AUX/IAA	OTR
SoffiXsponR570.07Dg042400.4.p	TIG	TFF
SoffiXsponR570.04Eg071600.3.p	PLATZ	TFF
SoffiXsponR570.01Ag533500.2.p	bHLH	TFF
SoffiXsponR570.01Dg041900.4.p	NOT2_3_5	OTR
SoffiXsponR570.09Cg141600.1.p	CPP	TFF
SoffiXsponR570.01Ag453700.3.p	HSF	TFF
SoffiXsponR570.09Dg091900.1.p	TAZ	TFF
SoffiXsponR570.04Cg024400.1.p	BBR/BPC	TFF
SoffiXsponR570.1Z221200.6.p	DDT	OTR
SoffiXsponR570.10Ag048400.1.p	ABI3VP1	TFF
SoffiXsponR570.8_10Ag301600.2.p	RB	OTR
SoffiXsponR570.05Cg306400.1.p	C2C2-YABBY	TFF
SoffiXsponR570.6us88g038800.2.p	SAP	TFF
SoffiXsponR570.07Dg171500.1.p	OFP	TFF
SoffiXsponR570.05Cg176900.1.p	AP2-EREBP	TFF
SoffiXsponR570.05Dg304500.1.p	FAR1	TFF
SoffiXsponR570.7_10Ag231000.2.p	bZIP	TFF
SoffiXsponR570.06Dg157700.2.p	Sigma70-like	TFF
SoffiXsponR570.06Dg097100.1.p	GRAS	TFF
SoffiXsponR570.07Bg196000.1.p	WRKY	TFF
SoffiXsponR570.07Eg154100.2.p	PHD	OTR
SoffiXsponR570.01Fg001200.3.p	Trihelix	TFF
SoffiXsponR570.10Cg064200.1.p	zf-BED	TFF
SoffiXsponR570.5_9Ag341900.1.p	Alfin-like	TFF
SoffiXsponR570.01Eg006600.1.p	HSF	TFF
SoffiXsponR570.04Eg105700.6.p	ARF	TFF
SoffiXsponR570.8_10Ag031600.1.p	NAC	TFF
SoffiXsponR570.08Ag206800.2.p	Pseudo_ARR-B	OTR
SoffiXsponR570.01Eg390600.5.p	FAR1	TFF
SoffiXsponR570.03Ag018800.3.p	bHLH	TFF
SoffiXsponR570.8_10Ag115700.3.p	C2C2-Dof	TFF
SoffiXsponR570.04Bg112900.1.p	NAC	TFF
SoffiXsponR570.04Ag262400.1.p	MADS	TFF
SoffiXsponR570.01Eg215500.1.p	AP2-EREBP	TFF
SoffiXsponR570.02Eg318400.1.p	TUB	TFF
SoffiXsponR570.05Cg319500.1.p	GRAS	TFF
SoffiXsponR570.06Eg088900.1.p	MYB	TFF
SoffiXsponR570.04Bg243200.5.p	SBP	TFF
SoffiXsponR570.02Bg114100.1.p	WRKY	TFF
SoffiXsponR570.6_9Ag057200.4.p	SAP	TFF
SoffiXsponR570.06Cg173000.1.p	Trihelix	TFF
SoffiXsponR570.07Bg250200.1.p	C3H	TFF
SoffiXsponR570.08Bg169400.1.p	MADS	TFF
SoffiXsponR570.03Cg252100.2.p	SWI/SNF-SWI3	OTR
SoffiXsponR570.7_10Ag287500.1.p	OFP	TFF
SoffiXsponR570.04Eg017100.2.p	PHD	OTR
SoffiXsponR570.03Eg175800.3.p	AP2-EREBP	TFF
SoffiXsponR570.06Dg147100.2.p	CCAAT	TFF
SoffiXsponR570.7_10Ag367300.1.p	C2C2-Dof	TFF
SoffiXsponR570.06Gg039600.1.p	FAR1	TFF
SoffiXsponR570.6_9Ag328900.2.p	bHLH	TFF
SoffiXsponR570.01Bg238200.1.p	C2C2-Dof	TFF
SoffiXsponR570.05Bg356700.2.p	BSD	TFF
SoffiXsponR570.04Ag058500.1.p	TRAF	OTR
SoffiXsponR570.02Ag281100.1.p	HSF	TFF
SoffiXsponR570.03Fg011700.1.p	MYB	TFF
SoffiXsponR570.06Ag199800.3.p	ABI3VP1	TFF
SoffiXsponR570.08Eg086800.1.p	NAC	TFF
SoffiXsponR570.01Bg316900.1.p	zf-LSD1	TFF
SoffiXsponR570.06Gg026100.2.p	NAC	TFF
SoffiXsponR570.03Bg223300.1.p	MYB-related	TFF
SoffiXsponR570.04Ag205900.1.p	WRKY	TFF
SoffiXsponR570.09Cg131600.1.p	C2H2	TFF
SoffiXsponR570.02Cg076400.1.p	AP2-EREBP	TFF
SoffiXsponR570.03Fg058500.1.p	ARF	TFF
SoffiXsponR570.05Fg168400.3.p	Pseudo_ARR-B	OTR
SoffiXsponR570.04Dg092600.2.p	bZIP	TFF
SoffiXsponR570.03Dg120500.1.p	MYB	TFF
SoffiXsponR570.6us88g027600.1.p	MYB	TFF
SoffiXsponR570.08Bg002900.3.p	TUB	TFF
SoffiXsponR570.07Ag103500.1.p	NAC	TFF
SoffiXsponR570.08Ag218000.1.p	MYB	TFF
SoffiXsponR570.8_5Ag172300.1.p	bZIP	TFF
SoffiXsponR570.05Ag294300.1.p	GRAS	TFF
SoffiXsponR570.01Eg333200.1.p	Sigma70-like	TFF
SoffiXsponR570.01Ag389500.2.p	EIL	TFF
SoffiXsponR570.01Ag316500.1.p	MADS	TFF
SoffiXsponR570.06Gg097700.1.p	C2C2-Dof	TFF
SoffiXsponR570.10us89g016500.1.p	WRKY	TFF
SoffiXsponR570.02Ag235400.1.p	C2C2-Dof	TFF
SoffiXsponR570.02Cg056200.1.p	MYB	TFF
SoffiXsponR570.02Bg233900.1.p	WRKY	TFF
SoffiXsponR570.6_9Ag226900.4.p	NAC	TFF
SoffiXsponR570.6_9Ag236200.1.p	MYB-related	TFF
SoffiXsponR570.7os1g067400.2.p	AP2-EREBP	TFF
SoffiXsponR570.01Ag114200.1.p	GRAS	TFF
SoffiXsponR570.01Dg303500.1.p	bHLH	TFF
SoffiXsponR570.7_10Ag015000.1.p	WRKY	TFF
SoffiXsponR570.09Ag091900.1.p	MADS	TFF
SoffiXsponR570.07Dg031200.6.p	bHLH	TFF
SoffiXsponR570.08Eg129500.3.p	SBP	TFF
SoffiXsponR570.03Dg201400.2.p	FAR1	TFF
SoffiXsponR570.1Z054100.6.p	SET	OTR
SoffiXsponR570.07Cg245900.1.p	TRAF	OTR
SoffiXsponR570.04Cg068100.1.p	MYB-related	TFF
SoffiXsponR570.5_9Ag364100.1.p	PHD	OTR
SoffiXsponR570.5_9Ag341900.2.p	Alfin-like	TFF
SoffiXsponR570.05Ag259900.1.p	NAC	TFF
SoffiXsponR570.02Cg110700.1.p	C3H	TFF
SoffiXsponR570.8_10Ag197400.1.p	CCAAT	TFF
SoffiXsponR570.05Fg094800.1.p	NAC	TFF
SoffiXsponR570.01Bg001800.1.p	AP2-EREBP	TFF
SoffiXsponR570.08Ag153300.1.p	SET	OTR
SoffiXsponR570.02Fg309400.1.p	C2H2	TFF
SoffiXsponR570.4us91g005500.1.p	AP2-EREBP	TFF
SoffiXsponR570.10Fg112700.2.p	GRAS	TFF
SoffiXsponR570.05Ag328700.2.p	C2H2	TFF
SoffiXsponR570.05Cg330700.5.p	CCAAT	TFF
SoffiXsponR570.01Fg289400.3.p	HB	TFF
SoffiXsponR570.04Bg139400.1.p	CPP	TFF
SoffiXsponR570.02Cg111400.1.p	C3H	TFF
SoffiXsponR570.05Ag114300.2.p	BBR/BPC	TFF
SoffiXsponR570.02Dg073800.1.p	MYB	TFF
SoffiXsponR570.06Cg202100.1.p	bHLH	TFF
SoffiXsponR570.03Bg224000.1.p	GRF	TFF
SoffiXsponR570.01Eg169700.1.p	ABI3VP1	TFF
SoffiXsponR570.07Dg149800.9.p	Trihelix	TFF
SoffiXsponR570.02Dg317900.1.p	WRKY	TFF
SoffiXsponR570.09Cg170000.4.p	HB	TFF
SoffiXsponR570.07Bg135300.2.p	MYB	TFF
SoffiXsponR570.1os1g002200.2.p	TRAF	OTR
SoffiXsponR570.05Eg105800.1.p	CCAAT	TFF
SoffiXsponR570.04Eg105700.3.p	ARF	TFF
SoffiXsponR570.01Fg277100.1.p	AP2-EREBP	TFF
SoffiXsponR570.1Z263000.1.p	bHLH	TFF
SoffiXsponR570.03Dg233800.1.p	PLATZ	TFF
SoffiXsponR570.02Dg221500.3.p	bZIP	TFF
SoffiXsponR570.01Eg157900.1.p	CCAAT	TFF
SoffiXsponR570.01Fg044000.1.p	TFIID	TFF
SoffiXsponR570.07Cg169000.1.p	bHLH	TFF
SoffiXsponR570.10Ag042200.1.p	DDT	OTR
SoffiXsponR570.05Ag060900.2.p	CPP	TFF
SoffiXsponR570.6_9Ag226900.3.p	NAC	TFF
SoffiXsponR570.03Dg233000.1.p	C2H2	TFF
SoffiXsponR570.01Ag187800.1.p	MADS	TFF
SoffiXsponR570.10Ag120800.1.p	SBP	TFF
SoffiXsponR570.05Gg148400.2.p	SET	OTR
SoffiXsponR570.08Dg029800.1.p	FAR1	TFF
SoffiXsponR570.03Bg039700.9.p	MYB-related	TFF
SoffiXsponR570.05Dg239000.1.p	bHLH	TFF
SoffiXsponR570.01Dg112800.1.p	GNAT	OTR
SoffiXsponR570.06Cg056800.3.p	AP2-EREBP	TFF
SoffiXsponR570.01Fg194900.5.p	SET	OTR
SoffiXsponR570.05Ag294300.2.p	GRAS	TFF
SoffiXsponR570.05Eg033100.1.p	bHLH	TFF
SoffiXsponR570.05Eg061000.4.p	bHLH	TFF
SoffiXsponR570.03Bg011400.1.p	zf-BED	TFF
SoffiXsponR570.04Gg095600.1.p	MYB	TFF
SoffiXsponR570.02Eg360800.1.p	CCAAT	TFF
SoffiXsponR570.05Ag040100.6.p	bHLH	TFF
SoffiXsponR570.07Ag150000.1.p	AP2-EREBP	TFF
SoffiXsponR570.03Ag062600.1.p	TUB	TFF
SoffiXsponR570.7_10Ag212900.1.p	C2H2	TFF
SoffiXsponR570.8_5Ag061600.2.p	Sigma70-like	TFF
SoffiXsponR570.6us88g096200.2.p	TUB	TFF
SoffiXsponR570.7_10Ag257700.1.p	LIM	TFF
SoffiXsponR570.01Cg329000.3.p	MADS	TFF
SoffiXsponR570.01Bg399900.2.p	MYB-related	TFF
SoffiXsponR570.6us88g037900.3.p	MYB-related	TFF
SoffiXsponR570.05Cg314300.2.p	GRAS	TFF
SoffiXsponR570.02Bg376400.2.p	TRAF	OTR
SoffiXsponR570.08Ag138200.1.p	AP2-EREBP	TFF
SoffiXsponR570.01Dg177200.1.p	ABI3VP1	TFF
SoffiXsponR570.05Ag377500.1.p	bZIP	TFF
SoffiXsponR570.02Fg205800.2.p	PHD	OTR
SoffiXsponR570.01Ag471100.1.p	OFP	TFF
SoffiXsponR570.01Cg167600.1.p	bZIP	TFF
SoffiXsponR570.01Bg092000.2.p	bHLH	TFF
SoffiXsponR570.02Ag171300.2.p	Jumonji	OTR
SoffiXsponR570.07Ag247800.1.p	C3H	TFF
SoffiXsponR570.5_9Ag016600.1.p	MYB-related	TFF
SoffiXsponR570.01Bg247400.1.p	AP2-EREBP	TFF
SoffiXsponR570.02Gg183500.1.p	CPP	TFF
SoffiXsponR570.01Fg209900.1.p	Pseudo_ARR-B	OTR
SoffiXsponR570.05Dg350700.1.p	GeBP	TFF
SoffiXsponR570.04Fg149400.2.p	bHLH	TFF
SoffiXsponR570.05Bg159600.1.p	SET	OTR
SoffiXsponR570.03Cg157300.2.p	DDT	OTR
SoffiXsponR570.04Dg183400.1.p	MADS	TFF
SoffiXsponR570.06Gg061700.3.p	bHLH	TFF
SoffiXsponR570.02Fg035000.5.p	MYB-related	TFF
SoffiXsponR570.04Ag194000.4.p	PLATZ	TFF
SoffiXsponR570.08Ag087800.2.p	TRAF	OTR
SoffiXsponR570.02Bg302600.2.p	GRAS	TFF
SoffiXsponR570.05Eg168200.1.p	AP2-EREBP	TFF
SoffiXsponR570.04Fg160400.2.p	zf-C5HC2	TFF
SoffiXsponR570.05Dg336000.2.p	FAR1	TFF
SoffiXsponR570.05Eg286000.1.p	CCAAT	TFF
SoffiXsponR570.01Eg114300.1.p	MYB-related	TFF
SoffiXsponR570.8_5Ag166100.1.p	SRS	TFF
SoffiXsponR570.01Cg269500.1.p	C2C2-Dof	TFF
SoffiXsponR570.02Dg038700.2.p	WRKY	TFF
SoffiXsponR570.6_9Ag206400.3.p	SET	OTR
SoffiXsponR570.01Eg327800.1.p	CCAAT	TFF
SoffiXsponR570.01Dg096300.1.p	ARR-B	TFF
SoffiXsponR570.05Cg031700.3.p	bHLH	TFF
SoffiXsponR570.04Ag075600.1.p	AP2-EREBP	TFF
SoffiXsponR570.10Eg050600.2.p	ARF	TFF
SoffiXsponR570.08Cg046800.1.p	BSD	TFF
SoffiXsponR570.08Cg046800.3.p	BSD	TFF
SoffiXsponR570.05Eg115400.1.p	C2H2	TFF
SoffiXsponR570.08Cg005800.2.p	PHD	OTR
SoffiXsponR570.02Eg053200.1.p	bHLH	TFF
SoffiXsponR570.08Dg088500.2.p	SET	OTR
SoffiXsponR570.02Ag281500.1.p	WRKY	TFF
SoffiXsponR570.8_5Ag067900.1.p	CCAAT	TFF
SoffiXsponR570.02Fg035000.4.p	MYB-related	TFF
SoffiXsponR570.04Bg188900.1.p	WRKY	TFF
SoffiXsponR570.8_5Ag095400.2.p	SET	OTR
SoffiXsponR570.04Eg007900.2.p	zf-fF-X1	TFF
SoffiXsponR570.04Ag226700.1.p	ARF	TFF
SoffiXsponR570.10Cg116400.1.p	GNAT	OTR
SoffiXsponR570.05Dg098200.1.p	GNAT	OTR
SoffiXsponR570.05Fg230800.2.p	FAR1	TFF
SoffiXsponR570.04Cg061200.3.p	BBR/BPC	TFF
SoffiXsponR570.03Bg073400.3.p	PHD	OTR
SoffiXsponR570.01Fg061300.1.p	SAP	TFF
SoffiXsponR570.5_9Ag488200.1.p	HB	TFF
SoffiXsponR570.03Dg165000.1.p	AP2-EREBP	TFF
SoffiXsponR570.07Eg209500.2.p	ABI3VP1	TFF
SoffiXsponR570.01Ag147900.1.p	MYB-related	TFF
SoffiXsponR570.04Eg013100.2.p	bZIP	TFF
SoffiXsponR570.09Ag040500.2.p	DDT	OTR
SoffiXsponR570.03Bg170800.4.p	mTERF	OTR
SoffiXsponR570.01Eg378700.1.p	OFP	TFF
SoffiXsponR570.06Ag130300.1.p	HB	TFF
SoffiXsponR570.06Cg195500.1.p	MYB-related	TFF
SoffiXsponR570.01Cg098900.1.p	zf-BED	TFF
SoffiXsponR570.10Cg073000.2.p	zf-HD	TFF
SoffiXsponR570.9os1g017400.1.p	GRAS	TFF
SoffiXsponR570.6_9Ag036900.2.p	SET	OTR
SoffiXsponR570.04Cg132500.2.p	PHD	OTR
SoffiXsponR570.09Bg097600.1.p	TRAF	OTR
SoffiXsponR570.02Bg313600.3.p	bZIP	TFF
SoffiXsponR570.02Fg051200.1.p	bZIP	TFF
SoffiXsponR570.6_9Ag318300.1.p	CCAAT	TFF
SoffiXsponR570.06Gg075800.1.p	OFP	TFF
SoffiXsponR570.01Cg089300.1.p	MYB-related	TFF
SoffiXsponR570.01Fg132500.1.p	C2H2	TFF
SoffiXsponR570.06Ag208500.2.p	CCAAT	TFF
SoffiXsponR570.07Dg188800.1.p	CSD	TFF
SoffiXsponR570.07Dg149800.6.p	Trihelix	TFF
SoffiXsponR570.07Cg152400.1.p	MYB	TFF
SoffiXsponR570.04Gg104400.1.p	MYB-related	TFF
SoffiXsponR570.09Bg086800.2.p	ARF	TFF
SoffiXsponR570.05Dg196200.1.p	GeBP	TFF
SoffiXsponR570.01Cg036500.2.p	mTERF	OTR
SoffiXsponR570.04Bg113700.4.p	zf-C5HC2	TFF
SoffiXsponR570.08Bg116500.1.p	AP2-EREBP	TFF
SoffiXsponR570.10Cg189600.1.p	GRAS	TFF
SoffiXsponR570.09Eg123800.1.p	ABI3VP1	TFF
SoffiXsponR570.05Eg269300.1.p	SBP	TFF
SoffiXsponR570.01Fg272500.1.p	bHLH	TFF
SoffiXsponR570.02Bg316300.1.p	OFP	TFF
SoffiXsponR570.03Eg041300.3.p	ARF	TFF
SoffiXsponR570.04Cg132700.1.p	TRAF	OTR
SoffiXsponR570.06Fg063500.1.p	AUX/IAA	OTR
SoffiXsponR570.09Eg052900.1.p	MYB	TFF
SoffiXsponR570.05Ag056300.1.p	TRAF	OTR
SoffiXsponR570.07Bg160800.3.p	SET	OTR
SoffiXsponR570.05Ag040100.2.p	bHLH	TFF
SoffiXsponR570.03Cg104000.1.p	NAC	TFF
SoffiXsponR570.09Eg092100.4.p	PHD	OTR
SoffiXsponR570.08Eg081100.1.p	bHLH	TFF
SoffiXsponR570.03Fg071200.1.p	WRKY	TFF
SoffiXsponR570.01Ag136800.1.p	C3H	TFF
SoffiXsponR570.09Ag096900.2.p	LIM	TFF
SoffiXsponR570.03Ag257000.2.p	SET	OTR
SoffiXsponR570.02Fg259300.1.p	bZIP	TFF
SoffiXsponR570.03Cg044800.3.p	PAS	TFF
SoffiXsponR570.05Ag038500.2.p	MYB	TFF
SoffiXsponR570.02Dg282900.1.p	NAC	TFF
SoffiXsponR570.05Bg247000.7.p	SET	OTR
SoffiXsponR570.03Eg188100.1.p	C2H2	TFF
SoffiXsponR570.6_9Ag105500.1.p	C2C2-Dof	TFF
SoffiXsponR570.01Bg329300.1.p	Top	TFF
SoffiXsponR570.02Ag062200.1.p	MYB-related	TFF
SoffiXsponR570.01Fg331600.3.p	SWI/SNF-BAF60b	OTR
SoffiXsponR570.06Eg080100.3.p	bHLH	TFF
SoffiXsponR570.08Ag032100.2.p	zf-LSD1	TFF
SoffiXsponR570.03Fg003500.1.p	MADS	TFF
SoffiXsponR570.07Bg149000.1.p	AP2-EREBP	TFF
SoffiXsponR570.04Dg146500.1.p	bHLH	TFF
SoffiXsponR570.02Dg036300.2.p	NAC	TFF
SoffiXsponR570.09Dg004900.2.p	MYB-related	TFF
SoffiXsponR570.08Ag087800.1.p	TRAF	OTR
SoffiXsponR570.7_10Ag197900.4.p	FHA	TFF
SoffiXsponR570.10Bg201400.1.p	C2H2	TFF
SoffiXsponR570.01Eg169300.1.p	ABI3VP1	TFF
SoffiXsponR570.07Ag158100.3.p	bHLH	TFF
SoffiXsponR570.05Fg306400.1.p	WRKY	TFF
SoffiXsponR570.02Cg277900.1.p	C2C2-Dof	TFF
SoffiXsponR570.03Ag226900.2.p	MYB-related	TFF
SoffiXsponR570.10Eg060100.1.p	PAS	TFF
SoffiXsponR570.09Ag068600.1.p	MADS	TFF
SoffiXsponR570.03Bg313000.1.p	zf-fF-X1	TFF
SoffiXsponR570.02Cg022200.2.p	TCP	TFF
SoffiXsponR570.06Cg135600.2.p	NAC	TFF
SoffiXsponR570.03Ag244500.2.p	GRAS	TFF
SoffiXsponR570.04Bg255600.3.p	bZIP	TFF
SoffiXsponR570.03Bg079500.1.p	AP2-EREBP	TFF
SoffiXsponR570.7os1g036500.5.p	PHD	OTR
SoffiXsponR570.09Dg072300.3.p	MYB-related	TFF
SoffiXsponR570.04Ag194000.3.p	PLATZ	TFF
SoffiXsponR570.02Eg034200.1.p	C3H	TFF
SoffiXsponR570.05Bg153400.1.p	PHD	OTR
SoffiXsponR570.02Dg122100.1.p	MYB	TFF
SoffiXsponR570.01Ag174900.2.p	ABI3VP1	TFF
SoffiXsponR570.05Cg247400.2.p	RWP-RK	TFF
SoffiXsponR570.09Bg100000.2.p	PAS	TFF
SoffiXsponR570.03Cg210300.1.p	Trihelix	TFF
SoffiXsponR570.01Bg193900.5.p	Top	TFF
SoffiXsponR570.10Ag129400.1.p	ARF	TFF
SoffiXsponR570.04Cg235100.1.p	PAS	TFF
SoffiXsponR570.1Z167000.1.p	SET	OTR
SoffiXsponR570.01Dg378800.2.p	MADS	TFF
SoffiXsponR570.07Ag163900.2.p	C2H2	TFF
SoffiXsponR570.01Bg360200.2.p	PHD	OTR
SoffiXsponR570.03Cg038300.2.p	MYB-related	TFF
SoffiXsponR570.09Ag051000.3.p	TUB	TFF
SoffiXsponR570.01Ag109400.1.p	bHLH	TFF
SoffiXsponR570.08Dg091100.1.p	AP2-EREBP	TFF
SoffiXsponR570.03Cg105000.1.p	C3H	TFF
SoffiXsponR570.5_9Ag419100.1.p	bHLH	TFF
SoffiXsponR570.05Bg375500.1.p	ABI3VP1	TFF
SoffiXsponR570.05Fg168400.2.p	Pseudo_ARR-B	OTR
SoffiXsponR570.10Cg115800.1.p	ARF	TFF
SoffiXsponR570.09Ag052800.5.p	SAP	TFF
SoffiXsponR570.07Dg045200.1.p	ARF	TFF
SoffiXsponR570.05Cg375000.1.p	AP2-EREBP	TFF
SoffiXsponR570.8_5Ag007000.1.p	PHD	OTR
SoffiXsponR570.01Dg163500.1.p	C2H2	TFF
SoffiXsponR570.05Ag334900.1.p	Alfin-like	TFF
SoffiXsponR570.8_5Ag132700.1.p	MYB-related	TFF
SoffiXsponR570.03Dg036600.3.p	TAZ	TFF
SoffiXsponR570.07Ag232300.2.p	FAR1	TFF
SoffiXsponR570.03Cg215500.1.p	AP2-EREBP	TFF
SoffiXsponR570.10Eg053900.6.p	RB	OTR
SoffiXsponR570.09Bg129400.1.p	AUX/IAA	OTR
SoffiXsponR570.01Ag156500.4.p	NOT2_3_5	OTR
SoffiXsponR570.8_10Ag311300.1.p	bHLH	TFF
SoffiXsponR570.03Cg213600.1.p	AP2-EREBP	TFF
SoffiXsponR570.04Eg027100.1.p	TRAF	OTR
SoffiXsponR570.07Ag008400.1.p	MYB-related	TFF
SoffiXsponR570.02Dg338700.1.p	C2H2	TFF
SoffiXsponR570.01Ag450000.1.p	bHLH	TFF
SoffiXsponR570.10os2g002400.1.p	AP2-EREBP	TFF
SoffiXsponR570.01Bg305600.1.p	WRKY	TFF
SoffiXsponR570.02Eg313200.1.p	C2H2	TFF
SoffiXsponR570.05Cg266300.1.p	CAMTA	TFF
SoffiXsponR570.07Bg021400.2.p	Top	TFF
SoffiXsponR570.10Ag076900.1.p	zf-BED	TFF
SoffiXsponR570.08Eg076200.2.p	bZIP	TFF
SoffiXsponR570.01Bg296700.1.p	HB	TFF
SoffiXsponR570.02Eg182400.1.p	MYB	TFF
SoffiXsponR570.08Dg114900.1.p	MYB	TFF
SoffiXsponR570.03Eg232000.1.p	bHLH	TFF
SoffiXsponR570.02Dg077900.1.p	bZIP	TFF
SoffiXsponR570.02Dg384900.2.p	bHLH	TFF
SoffiXsponR570.05Eg354600.1.p	bZIP	TFF
SoffiXsponR570.06Dg134900.1.p	AUX/IAA	OTR
SoffiXsponR570.01Dg276400.4.p	C2C2-Dof	TFF
SoffiXsponR570.06Dg071700.1.p	TRAF	OTR
SoffiXsponR570.03Bg090200.1.p	bHLH	TFF
SoffiXsponR570.9us90g023500.1.p	ARF	TFF
SoffiXsponR570.01Bg343900.1.p	C3H	TFF
SoffiXsponR570.05Dg380700.3.p	EIL	TFF
SoffiXsponR570.02Ag215500.1.p	MYB	TFF
SoffiXsponR570.8_5Ag213600.2.p	Tify	TFF
SoffiXsponR570.08Ag212800.1.p	CCAAT	TFF
SoffiXsponR570.05Cg137700.1.p	AP2-EREBP	TFF
SoffiXsponR570.01Ag401300.4.p	PHD	OTR
SoffiXsponR570.04Bg244100.2.p	TAZ	TFF
SoffiXsponR570.8_10Ag282300.1.p	PLATZ	TFF
SoffiXsponR570.02Gg152400.1.p	MYB	TFF
SoffiXsponR570.03Ag328400.1.p	NAC	TFF
SoffiXsponR570.05Eg026800.2.p	HB	TFF
SoffiXsponR570.1Z205600.1.p	MYB	TFF
SoffiXsponR570.03Gg134800.1.p	bHLH	TFF
SoffiXsponR570.08Ag085100.2.p	WRKY	TFF
SoffiXsponR570.01Fg001200.4.p	Trihelix	TFF
SoffiXsponR570.02Dg187000.1.p	OFP	TFF
SoffiXsponR570.05Eg136300.1.p	GNAT	OTR
SoffiXsponR570.09Bg053500.3.p	SAP	TFF
SoffiXsponR570.01Bg153400.1.p	AUX/IAA	OTR
SoffiXsponR570.07Ag193600.1.p	AP2-EREBP	TFF
SoffiXsponR570.04Cg183000.2.p	bHLH	TFF
SoffiXsponR570.05Cg159100.2.p	Jumonji	OTR
SoffiXsponR570.07Bg205100.6.p	PHD	OTR
SoffiXsponR570.07Cg263700.1.p	MYB	TFF
SoffiXsponR570.04Cg277100.1.p	TRAF	OTR
SoffiXsponR570.07Eg073900.1.p	RWP-RK	TFF
SoffiXsponR570.7os1g036500.9.p	PHD	OTR
SoffiXsponR570.5_9Ag161900.1.p	AP2-EREBP	TFF
SoffiXsponR570.7_10Ag355800.2.p	MYB-related	TFF
SoffiXsponR570.02Eg354500.1.p	SBP	TFF
SoffiXsponR570.7_10Ag048900.1.p	Pseudo_ARR-B	OTR
SoffiXsponR570.01Ag094700.2.p	PHD	OTR
SoffiXsponR570.5_9Ag371400.1.p	HSF	TFF
SoffiXsponR570.01Dg023000.2.p	AUX/IAA	OTR
SoffiXsponR570.1Z096700.4.p	BES1	TFF
SoffiXsponR570.02Bg240000.4.p	SWI/SNF-BAF60b	OTR
SoffiXsponR570.01Bg071500.2.p	HB	TFF
SoffiXsponR570.8_5Ag178500.1.p	MADS	TFF
SoffiXsponR570.8_10Ag047900.1.p	GNAT	OTR
SoffiXsponR570.01Cg017100.3.p	AP2-EREBP	TFF
SoffiXsponR570.5_9Ag409000.2.p	CCAAT	TFF
SoffiXsponR570.05Bg284500.1.p	CCAAT	TFF
SoffiXsponR570.02Fg111000.2.p	Top	TFF
SoffiXsponR570.9us90g035600.2.p	GRAS	TFF
SoffiXsponR570.08Dg048000.1.p	SET	OTR
SoffiXsponR570.02Gg184500.1.p	TCP	TFF
SoffiXsponR570.04Eg067800.3.p	MYB	TFF
SoffiXsponR570.08Bg169100.1.p	MYB-related	TFF
SoffiXsponR570.07Ag105800.1.p	NAC	TFF
SoffiXsponR570.6us88g100600.1.p	bZIP	TFF
SoffiXsponR570.01Dg346200.4.p	HB	TFF
SoffiXsponR570.05Eg045400.1.p	PHD	OTR
SoffiXsponR570.10Dg137800.1.p	Top	TFF
SoffiXsponR570.7_10Ag268600.1.p	MYB	TFF
SoffiXsponR570.02Gg196100.1.p	Top	TFF
SoffiXsponR570.02Cg128100.1.p	WRKY	TFF
SoffiXsponR570.02Cg274100.1.p	VOZ	TFF
SoffiXsponR570.6us88g034700.1.p	HB	TFF
SoffiXsponR570.01Ag107600.1.p	FHA	TFF
SoffiXsponR570.05Ag293100.3.p	bHLH	TFF
SoffiXsponR570.02Dg257800.2.p	MADS	TFF
SoffiXsponR570.05Dg270200.1.p	mTERF	OTR
SoffiXsponR570.8_10Ag251100.1.p	MYB	TFF
SoffiXsponR570.07Bg194500.1.p	MYB	TFF
SoffiXsponR570.02Eg389100.3.p	GNAT	OTR
SoffiXsponR570.02Eg033000.2.p	MYB-related	TFF
SoffiXsponR570.08Bg136900.3.p	ARID	OTR
SoffiXsponR570.05Cg314400.1.p	WRKY	TFF
SoffiXsponR570.07Eg154100.8.p	PHD	OTR
SoffiXsponR570.02Gg296100.1.p	C2H2	TFF
SoffiXsponR570.6_9Ag166800.1.p	MADS	TFF
SoffiXsponR570.01Fg032300.3.p	C2C2-GATA	TFF
SoffiXsponR570.01Fg092100.2.p	MED26	OTR
SoffiXsponR570.07Bg158000.2.p	C2C2-GATA	TFF
SoffiXsponR570.01Bg317600.2.p	TIG	TFF
SoffiXsponR570.10Dg048100.1.p	FHA	TFF
SoffiXsponR570.05Cg292000.1.p	bHLH	TFF
SoffiXsponR570.03Fg063600.1.p	PLATZ	TFF
SoffiXsponR570.06Ag199600.1.p	NAC	TFF
SoffiXsponR570.01Eg245000.1.p	C2H2	TFF
SoffiXsponR570.06Gg010200.1.p	WRKY	TFF
SoffiXsponR570.01Bg378900.2.p	SART-1	OTR
SoffiXsponR570.04Cg275500.1.p	C2H2	TFF
SoffiXsponR570.05Ag192100.1.p	HSF	TFF
SoffiXsponR570.01Dg328800.8.p	TIG	TFF
SoffiXsponR570.07Dg063100.2.p	OFP	TFF
SoffiXsponR570.01Eg059300.2.p	bZIP	TFF
SoffiXsponR570.6_9Ag239400.1.p	MYB	TFF
SoffiXsponR570.10Eg131500.1.p	GRAS	TFF
SoffiXsponR570.03Ag235700.4.p	MYB-related	TFF
SoffiXsponR570.07Ag064200.2.p	OFP	TFF
SoffiXsponR570.6_9Ag165600.2.p	bHLH	TFF
SoffiXsponR570.02Eg204200.1.p	NAC	TFF
SoffiXsponR570.02Gg003100.1.p	bHLH	TFF
SoffiXsponR570.1Z166700.1.p	C2C2-GATA	TFF
SoffiXsponR570.05Bg332800.2.p	AP2-EREBP	TFF
SoffiXsponR570.7_10Ag163500.1.p	AP2-EREBP	TFF
SoffiXsponR570.8_5Ag223300.3.p	SAP	TFF
SoffiXsponR570.06Cg090200.3.p	SWI/SNF-BAF60b	OTR
SoffiXsponR570.7_10Ag380300.2.p	ARF	TFF
SoffiXsponR570.03Bg195700.2.p	SET	OTR
SoffiXsponR570.05Cg334900.3.p	AP2-EREBP	TFF
SoffiXsponR570.03Eg291300.2.p	AUX/IAA	OTR
SoffiXsponR570.8_10Ag186300.2.p	bZIP	TFF
SoffiXsponR570.01Ag299700.1.p	AP2-EREBP	TFF
SoffiXsponR570.01Eg165800.4.p	WRKY	TFF
SoffiXsponR570.5_9Ag080700.2.p	GRAS	TFF
SoffiXsponR570.6_9Ag071500.1.p	PLATZ	TFF
SoffiXsponR570.02Bg362500.1.p	SET	OTR
SoffiXsponR570.03Bg208900.6.p	C2H2	TFF
SoffiXsponR570.01Ag528300.1.p	bZIP	TFF
SoffiXsponR570.08Cg163200.1.p	bZIP	TFF
SoffiXsponR570.07Ag008400.2.p	MYB-related	TFF
SoffiXsponR570.02Ag187800.1.p	MYB-related	TFF
SoffiXsponR570.04Cg173400.1.p	FAR1	TFF
SoffiXsponR570.02Gg248600.2.p	bZIP	TFF
SoffiXsponR570.05Ag307100.1.p	NAC	TFF
SoffiXsponR570.03Ag311400.1.p	AP2-EREBP	TFF
SoffiXsponR570.08Ag007700.1.p	bHLH	TFF
SoffiXsponR570.6us88g047200.1.p	C2H2	TFF
SoffiXsponR570.5_9Ag144400.2.p	RWP-RK	TFF
SoffiXsponR570.6_9Ag165600.5.p	bHLH	TFF
SoffiXsponR570.01Cg387700.1.p	SWI/SNF-BAF60b	OTR
SoffiXsponR570.10Ag220400.1.p	GRAS	TFF
SoffiXsponR570.07Bg108500.1.p	C2H2	TFF
SoffiXsponR570.5_9Ag200000.1.p	bHLH	TFF
SoffiXsponR570.02Fg212900.2.p	C3H	TFF
SoffiXsponR570.02Dg364800.1.p	AP2-EREBP	TFF
SoffiXsponR570.01Cg205100.1.p	MYB	TFF
SoffiXsponR570.05Dg080600.1.p	AP2-EREBP	TFF
SoffiXsponR570.01Eg141800.1.p	WRKY	TFF
SoffiXsponR570.01Eg083200.1.p	MYB-related	TFF
SoffiXsponR570.03Ag195500.5.p	FAR1	TFF
SoffiXsponR570.06Cg139500.1.p	TCP	TFF
SoffiXsponR570.01Cg249800.1.p	PHD	OTR
SoffiXsponR570.02Dg235700.4.p	ARF	TFF
SoffiXsponR570.01Dg346200.7.p	HB	TFF
SoffiXsponR570.5_9Ag314800.1.p	BBR/BPC	TFF
SoffiXsponR570.01Bg478200.1.p	bZIP	TFF
SoffiXsponR570.03Bg238700.2.p	SET	OTR
SoffiXsponR570.04Fg122100.1.p	PAS	TFF
SoffiXsponR570.04Cg211700.5.p	TRAF	OTR
SoffiXsponR570.04Eg090600.1.p	SBP	TFF
SoffiXsponR570.01Cg245000.1.p	PAS	TFF
SoffiXsponR570.04Ag017500.3.p	GRF	TFF
SoffiXsponR570.7_10Ag160000.1.p	ARF	TFF
SoffiXsponR570.03Cg213500.1.p	AP2-EREBP	TFF
SoffiXsponR570.03Eg185900.2.p	PHD	OTR
SoffiXsponR570.10Dg099300.1.p	SBP	TFF
SoffiXsponR570.8_10Ag147000.1.p	GRAS	TFF
SoffiXsponR570.09Cg112400.1.p	bZIP	TFF
SoffiXsponR570.01Fg215100.1.p	CCAAT	TFF
SoffiXsponR570.05Cg197400.2.p	bHLH	TFF
SoffiXsponR570.09Eg033400.5.p	SET	OTR
SoffiXsponR570.03Fg031600.5.p	BES1	TFF
SoffiXsponR570.01Dg242900.5.p	C3H	TFF
SoffiXsponR570.01Dg159600.1.p	MYB-related	TFF
SoffiXsponR570.07Eg143200.1.p	Top	TFF
SoffiXsponR570.6us88g071600.1.p	RWP-RK	TFF
SoffiXsponR570.7os1g074100.1.p	AP2-EREBP	TFF
SoffiXsponR570.04Cg210800.1.p	MADS	TFF
SoffiXsponR570.03Gg153400.1.p	TCP	TFF
SoffiXsponR570.05Dg177600.1.p	MYB	TFF
SoffiXsponR570.10os1g032200.1.p	AP2-EREBP	TFF
SoffiXsponR570.02Bg227400.2.p	MYB-related	TFF
SoffiXsponR570.06Ag113700.3.p	MED26	OTR
SoffiXsponR570.09Cg022800.1.p	zf-HD	TFF
SoffiXsponR570.08Dg151200.1.p	AP2-EREBP	TFF
SoffiXsponR570.07Ag145400.1.p	Trihelix	TFF
SoffiXsponR570.06Dg079300.1.p	HB	TFF
SoffiXsponR570.08Eg066100.1.p	TCP	TFF
SoffiXsponR570.03Cg211600.3.p	SET	OTR
SoffiXsponR570.09Ag028800.1.p	GRAS	TFF
SoffiXsponR570.05Dg243600.2.p	HSF	TFF
SoffiXsponR570.01Ag427400.3.p	LIM	TFF
SoffiXsponR570.01Dg256000.1.p	MYB	TFF
SoffiXsponR570.08Eg003300.1.p	CCAAT	TFF
SoffiXsponR570.06Gg096600.3.p	TCP	TFF
SoffiXsponR570.02Cg423800.1.p	AP2-EREBP	TFF
SoffiXsponR570.7_10Ag190300.1.p	bHLH	TFF
SoffiXsponR570.09Ag004600.2.p	zf-MIZ	OTR
SoffiXsponR570.01Cg059500.1.p	MYB-related	TFF
SoffiXsponR570.02Bg156900.1.p	ABI3VP1	TFF
SoffiXsponR570.01Eg274300.1.p	MYB	TFF
SoffiXsponR570.06Gg028300.4.p	SET	OTR
SoffiXsponR570.05Dg322600.1.p	GRAS	TFF
SoffiXsponR570.02Fg297300.1.p	WRKY	TFF
SoffiXsponR570.03Dg231600.1.p	AP2-EREBP	TFF
SoffiXsponR570.02Ag050300.4.p	Top	TFF
SoffiXsponR570.01Eg034700.1.p	mTERF	OTR
SoffiXsponR570.8_10Ag059700.1.p	GRF	TFF
SoffiXsponR570.03Gg091800.1.p	mTERF	OTR
SoffiXsponR570.05Bg315800.1.p	GRAS	TFF
SoffiXsponR570.03Ag204800.1.p	MYB	TFF
SoffiXsponR570.03Bg193800.4.p	C2C2-GATA	TFF
SoffiXsponR570.08Ag150800.1.p	bHLH	TFF
SoffiXsponR570.06Dg115800.1.p	TUB	TFF
SoffiXsponR570.09Bg054100.1.p	AP2-EREBP	TFF
SoffiXsponR570.02Dg314200.1.p	WRKY	TFF
SoffiXsponR570.07Ag128000.2.p	NAC	TFF
SoffiXsponR570.02Fg035000.1.p	MYB-related	TFF
SoffiXsponR570.8_10Ag254100.1.p	MYB	TFF
SoffiXsponR570.09Ag125300.1.p	mTERF	OTR
SoffiXsponR570.04Dg176900.2.p	TAZ	TFF
SoffiXsponR570.02Gg218400.1.p	WRKY	TFF
SoffiXsponR570.02Ag345900.1.p	MYB	TFF
SoffiXsponR570.02Ag053700.1.p	bZIP	TFF
SoffiXsponR570.05Cg304000.1.p	C3H	TFF
SoffiXsponR570.03Ag037900.3.p	ARF	TFF
SoffiXsponR570.01Dg048700.1.p	CPP	TFF
SoffiXsponR570.04Gg038200.3.p	Top	TFF
SoffiXsponR570.02Dg249100.2.p	MYB	TFF
SoffiXsponR570.03Bg039700.2.p	MYB-related	TFF
SoffiXsponR570.8_10Ag294800.1.p	HSF	TFF
SoffiXsponR570.5_9Ag080700.1.p	GRAS	TFF
SoffiXsponR570.04Fg080500.3.p	zf-A20	TFF
SoffiXsponR570.10Ag066100.1.p	MYB-related	TFF
SoffiXsponR570.01Bg033000.2.p	mTERF	OTR
SoffiXsponR570.02Bg245400.1.p	VOZ	TFF
SoffiXsponR570.01Fg150600.7.p	bHLH	TFF
SoffiXsponR570.1Z251500.2.p	AP2-EREBP	TFF
SoffiXsponR570.05Fg214900.4.p	FHA	TFF
SoffiXsponR570.04Bg091600.1.p	AP2-EREBP	TFF
SoffiXsponR570.10Eg130800.1.p	GRAS	TFF
SoffiXsponR570.05Eg316800.2.p	GRAS	TFF
SoffiXsponR570.03Cg244100.1.p	AP2-EREBP	TFF
SoffiXsponR570.01Bg231900.1.p	TRAF	OTR
SoffiXsponR570.06Fg169200.5.p	SET	OTR
SoffiXsponR570.03Eg142400.1.p	NAC	TFF
SoffiXsponR570.02Cg172500.4.p	bHLH	TFF
SoffiXsponR570.01Cg340100.1.p	C2C2-Dof	TFF
SoffiXsponR570.02Fg311700.1.p	NAC	TFF
SoffiXsponR570.10Cg131200.1.p	BSD	TFF
SoffiXsponR570.02Bg331700.1.p	NAC	TFF
SoffiXsponR570.07Ag206400.1.p	TRAF	OTR
SoffiXsponR570.05Ag135800.1.p	AP2-EREBP	TFF
SoffiXsponR570.03Cg062900.1.p	SBP	TFF
SoffiXsponR570.07Cg159500.1.p	C2C2-GATA	TFF
SoffiXsponR570.04Dg059800.1.p	bHLH	TFF
SoffiXsponR570.06Gg082100.2.p	SET	OTR
SoffiXsponR570.01Bg215000.3.p	C2C2-GATA	TFF
SoffiXsponR570.5_9Ag182700.4.p	C3H	TFF
SoffiXsponR570.07Eg025600.1.p	TIG	TFF
SoffiXsponR570.1Z221200.8.p	PHD	OTR
SoffiXsponR570.07Ag248100.5.p	ARF	TFF
SoffiXsponR570.08Ag189000.1.p	TRAF	OTR
SoffiXsponR570.9os1g025300.1.p	MYB	TFF
SoffiXsponR570.1os1g001700.1.p	TRAF	OTR
SoffiXsponR570.02Eg006800.2.p	MYB	TFF
SoffiXsponR570.08Eg029500.5.p	SET	OTR
SoffiXsponR570.10Dg194400.1.p	GRAS	TFF
SoffiXsponR570.02Ag040600.2.p	MYB-related	TFF
SoffiXsponR570.06Eg057000.1.p	C2C2-GATA	TFF
SoffiXsponR570.01Dg318700.1.p	TRAF	OTR
SoffiXsponR570.10Fg124600.1.p	GRAS	TFF
SoffiXsponR570.03Cg286900.4.p	SET	OTR
SoffiXsponR570.05Fg072300.2.p	SET	OTR
SoffiXsponR570.02Dg397500.1.p	NAC	TFF
SoffiXsponR570.5_9Ag313000.1.p	C2H2	TFF
SoffiXsponR570.5_9Ag075200.1.p	C2H2	TFF
SoffiXsponR570.09Ag002700.5.p	PAS	TFF
SoffiXsponR570.3os4g000300.1.p	HSF	TFF
SoffiXsponR570.9os1g025300.2.p	MYB	TFF
SoffiXsponR570.02Gg269700.1.p	AP2-EREBP	TFF
SoffiXsponR570.07Eg198900.1.p	ARF	TFF
SoffiXsponR570.02Cg029500.2.p	MADS	TFF
SoffiXsponR570.07Bg067300.1.p	S1Fa-like	TFF
SoffiXsponR570.05Eg083500.1.p	GNAT	OTR
SoffiXsponR570.04Dg175100.5.p	ARF	TFF
SoffiXsponR570.08Dg036400.1.p	SET	OTR
SoffiXsponR570.05Ag379300.1.p	C3H	TFF
SoffiXsponR570.03Dg252100.2.p	zf-C5HC2	TFF
SoffiXsponR570.08Ag005000.4.p	PHD	OTR
SoffiXsponR570.05Dg218600.1.p	GNAT	OTR
SoffiXsponR570.02Ag085400.1.p	MYB	TFF
SoffiXsponR570.7os1g011900.1.p	Top	TFF
SoffiXsponR570.5_9Ag049500.1.p	MYB	TFF
SoffiXsponR570.02Fg061300.2.p	MYB-related	TFF
SoffiXsponR570.06Fg022500.2.p	MYB-related	TFF
SoffiXsponR570.09Ag155000.3.p	CCAAT	TFF
SoffiXsponR570.08Eg148300.3.p	bHLH	TFF
SoffiXsponR570.05Cg047600.1.p	zf-A20	TFF
SoffiXsponR570.07Dg080700.1.p	bZIP	TFF
SoffiXsponR570.08Cg059600.1.p	CCAAT	TFF
SoffiXsponR570.02Eg097100.1.p	MYB	TFF
SoffiXsponR570.01Eg034200.2.p	GRAS	TFF
SoffiXsponR570.05Ag193800.1.p	AP2-EREBP	TFF
SoffiXsponR570.01Dg356200.3.p	C2H2	TFF
SoffiXsponR570.09Ag027400.1.p	C3H	TFF
SoffiXsponR570.02Gg049800.1.p	C2C2-GATA	TFF
SoffiXsponR570.02Dg220500.1.p	WRKY	TFF
SoffiXsponR570.01Fg278000.3.p	FAR1	TFF
SoffiXsponR570.05Gg058900.1.p	bHLH	TFF
SoffiXsponR570.8_10Ag174800.1.p	MYB-related	TFF
SoffiXsponR570.01Fg092100.4.p	MED26	OTR
SoffiXsponR570.5_9Ag348200.1.p	FHA	TFF
SoffiXsponR570.07Eg097000.1.p	Top	TFF
SoffiXsponR570.01Dg348100.1.p	HSF	TFF
SoffiXsponR570.02Eg306900.2.p	MYB	TFF
SoffiXsponR570.03Eg142700.1.p	MYB	TFF
SoffiXsponR570.02Cg384400.1.p	MADS	TFF
SoffiXsponR570.8_10Ag235200.1.p	CCAAT	TFF
SoffiXsponR570.04Fg029300.1.p	PHD	OTR
SoffiXsponR570.02Cg357300.2.p	SWI/SNF-BAF60b	OTR
SoffiXsponR570.01Eg390600.3.p	FAR1	TFF
SoffiXsponR570.05Bg153900.2.p	Jumonji	OTR
SoffiXsponR570.05Fg246200.2.p	mTERF	OTR
SoffiXsponR570.08Cg116000.1.p	zf-A20	TFF
SoffiXsponR570.03Bg142900.2.p	DDT	OTR
SoffiXsponR570.7os1g067200.2.p	AP2-EREBP	TFF
SoffiXsponR570.01Bg121600.1.p	CCAAT	TFF
SoffiXsponR570.05Ag075600.1.p	DDT	OTR
SoffiXsponR570.02Ag075800.1.p	MYB-related	TFF
SoffiXsponR570.02Fg189600.1.p	WRKY	TFF
SoffiXsponR570.8_5Ag266200.1.p	bZIP	TFF
SoffiXsponR570.01Ag132900.2.p	CCAAT	TFF
SoffiXsponR570.09Dg114000.3.p	CCAAT	TFF
SoffiXsponR570.8_10Ag122600.1.p	PAS	TFF
SoffiXsponR570.10Dg039300.1.p	HB	TFF
SoffiXsponR570.02Cg127700.1.p	AUX/IAA	OTR
SoffiXsponR570.6_9Ag165600.7.p	bHLH	TFF
SoffiXsponR570.8_5Ag139800.5.p	ARID	OTR
SoffiXsponR570.02Fg134000.1.p	MYB	TFF
SoffiXsponR570.04Dg175700.3.p	SBP	TFF
SoffiXsponR570.08Eg126300.2.p	ARF	TFF
SoffiXsponR570.10Cg165700.1.p	GRAS	TFF
SoffiXsponR570.06Gg106000.1.p	C3H	TFF
SoffiXsponR570.06Ag020600.1.p	C2H2	TFF
SoffiXsponR570.01Ag072900.1.p	NAC	TFF
SoffiXsponR570.06Fg169200.4.p	SET	OTR
SoffiXsponR570.05Ag235700.1.p	AP2-EREBP	TFF
SoffiXsponR570.02Bg212100.1.p	AP2-EREBP	TFF
SoffiXsponR570.02Bg327500.1.p	NAC	TFF
SoffiXsponR570.04Ag096600.1.p	MED6	OTR
SoffiXsponR570.10Dg165300.1.p	GRAS	TFF
SoffiXsponR570.08Ag059400.2.p	FAR1	TFF
SoffiXsponR570.03Ag286200.2.p	TCP	TFF
SoffiXsponR570.5_9Ag144400.5.p	RWP-RK	TFF
SoffiXsponR570.05Dg179500.1.p	bHLH	TFF
SoffiXsponR570.09Ag004600.1.p	SAP	TFF
SoffiXsponR570.08Ag094600.1.p	TRAF	OTR
SoffiXsponR570.09Bg047700.1.p	OFP	TFF
SoffiXsponR570.09Eg089100.1.p	LIM	TFF
SoffiXsponR570.01Eg270200.2.p	SAP	TFF
SoffiXsponR570.6us88g122900.1.p	NAC	TFF
SoffiXsponR570.02Dg359400.1.p	TAZ	TFF
SoffiXsponR570.08Cg205600.1.p	MYB	TFF
SoffiXsponR570.06Gg073400.1.p	AP2-EREBP	TFF
SoffiXsponR570.7_10Ag019000.3.p	C3H	TFF
SoffiXsponR570.10us89g015900.1.p	WRKY	TFF
SoffiXsponR570.04Cg207000.2.p	PHD	OTR
SoffiXsponR570.01Fg285400.1.p	C2C2-Dof	TFF
SoffiXsponR570.01Dg109500.1.p	HSF	TFF
SoffiXsponR570.02Cg225700.2.p	C3H	TFF
SoffiXsponR570.07Bg180000.1.p	AP2-EREBP	TFF
SoffiXsponR570.01Dg007400.1.p	Alfin-like	TFF
SoffiXsponR570.05Ag075600.2.p	DDT	OTR
SoffiXsponR570.7os1g016300.2.p	ABI3VP1	TFF
SoffiXsponR570.05Gg206500.2.p	C3H	TFF
SoffiXsponR570.01Bg280500.5.p	Not1	TFF
SoffiXsponR570.05Ag308800.3.p	C3H	TFF
SoffiXsponR570.06Cg187500.1.p	NAC	TFF
SoffiXsponR570.8_5Ag131200.1.p	bHLH	TFF
SoffiXsponR570.8_5Ag056900.1.p	MED26	OTR
SoffiXsponR570.6_9Ag108400.1.p	C2H2	TFF
SoffiXsponR570.06Gg011200.1.p	MADS	TFF
SoffiXsponR570.05Bg199900.2.p	MYB-related	TFF
SoffiXsponR570.9os1g002500.3.p	SET	OTR
SoffiXsponR570.04Fg063200.1.p	C2C2-GATA	TFF
SoffiXsponR570.08Bg032100.2.p	zf-LSD1	TFF
SoffiXsponR570.01Cg285300.2.p	CCAAT	TFF
SoffiXsponR570.7_10Ag014600.1.p	WRKY	TFF
SoffiXsponR570.04Bg132000.1.p	mTERF	OTR
SoffiXsponR570.02Gg218500.2.p	WRKY	TFF
SoffiXsponR570.9os1g002500.6.p	SET	OTR
SoffiXsponR570.8_5Ag113100.1.p	PAS	TFF
SoffiXsponR570.06Cg090200.1.p	SWI/SNF-BAF60b	OTR
SoffiXsponR570.5_9Ag094900.2.p	FAR1	TFF
SoffiXsponR570.04Dg110400.3.p	zf-fF-X1	TFF
SoffiXsponR570.07Ag248100.8.p	ARF	TFF
SoffiXsponR570.07Cg277500.1.p	NAC	TFF
SoffiXsponR570.02Dg289100.1.p	bHLH	TFF
SoffiXsponR570.5_9Ag449100.1.p	MYB	TFF
SoffiXsponR570.01Eg425000.1.p	NAC	TFF
SoffiXsponR570.03Dg327300.5.p	C2C2-GATA	TFF
SoffiXsponR570.06Dg024600.6.p	bHLH	TFF
SoffiXsponR570.06Ag126200.8.p	bZIP	TFF
SoffiXsponR570.10Fg089400.3.p	FHA	TFF
SoffiXsponR570.07Dg068700.1.p	AP2-EREBP	TFF
SoffiXsponR570.01Eg035400.2.p	C2C2-Dof	TFF
SoffiXsponR570.05Fg072200.1.p	C2H2	TFF
SoffiXsponR570.02Gg073500.3.p	PHD	OTR
SoffiXsponR570.05Ag172500.2.p	bHLH	TFF
SoffiXsponR570.01Ag174300.2.p	ABI3VP1	TFF
SoffiXsponR570.01Fg155300.2.p	SAP	TFF
SoffiXsponR570.6us88g097000.1.p	bZIP	TFF
SoffiXsponR570.10Cg189000.2.p	GRAS	TFF
SoffiXsponR570.05Bg199900.1.p	MYB-related	TFF
SoffiXsponR570.03Eg072400.1.p	AP2-EREBP	TFF
SoffiXsponR570.09Ag060300.1.p	WRKY	TFF
SoffiXsponR570.05Dg376800.1.p	bZIP	TFF
SoffiXsponR570.03Eg275200.2.p	MYB-related	TFF
SoffiXsponR570.07Dg214800.2.p	MYB-related	TFF
SoffiXsponR570.01Eg160300.2.p	MYB-related	TFF
SoffiXsponR570.8_5Ag201500.1.p	C2H2	TFF
SoffiXsponR570.01Ag156500.1.p	NOT2_3_5	OTR
SoffiXsponR570.01Ag363800.4.p	MED26	OTR
SoffiXsponR570.08Bg150800.1.p	SET	OTR
SoffiXsponR570.07Bg076800.4.p	SET	OTR
SoffiXsponR570.10Bg148600.1.p	Jumonji	OTR
SoffiXsponR570.6_9Ag237300.2.p	C2H2	TFF
SoffiXsponR570.04Fg155700.2.p	HMG	OTR
SoffiXsponR570.02Ag383700.2.p	ABI3VP1	TFF
SoffiXsponR570.08Cg026700.1.p	TRAF	OTR
SoffiXsponR570.06Gg046000.3.p	SWI/SNF-BAF60b	OTR
SoffiXsponR570.04Bg112800.1.p	MYB-related	TFF
SoffiXsponR570.07Eg107600.1.p	SET	OTR
SoffiXsponR570.03Eg219700.1.p	bZIP	TFF
SoffiXsponR570.6_9Ag144600.3.p	Top	TFF
SoffiXsponR570.09Cg068200.1.p	MADS	TFF
SoffiXsponR570.04Ag115400.1.p	zf-fF-X1	TFF
SoffiXsponR570.07Cg206600.1.p	Rcd1-like	OTR
SoffiXsponR570.03Bg208300.1.p	HMG	OTR
SoffiXsponR570.4us91g032100.1.p	LIM	TFF
SoffiXsponR570.03Eg183200.5.p	SET	OTR
SoffiXsponR570.9us90g001000.1.p	NAC	TFF
SoffiXsponR570.05Eg208000.1.p	NAC	TFF
SoffiXsponR570.7_10Ag127300.2.p	Top	TFF
SoffiXsponR570.01Cg258000.1.p	PHD	OTR
SoffiXsponR570.09Bg051500.4.p	TUB	TFF
SoffiXsponR570.7_10Ag014900.1.p	MYB	TFF
SoffiXsponR570.05Ag385000.1.p	bZIP	TFF
SoffiXsponR570.01Ag317100.2.p	HB	TFF
SoffiXsponR570.01Bg320200.2.p	CCAAT	TFF
SoffiXsponR570.05Ag377900.1.p	WRKY	TFF
SoffiXsponR570.03Bg220300.4.p	zf-C5HC2	TFF
SoffiXsponR570.04Bg242100.2.p	ARF	TFF
SoffiXsponR570.03Bg203300.1.p	GRAS	TFF
SoffiXsponR570.05Gg052500.7.p	PHD	OTR
SoffiXsponR570.03Cg224800.1.p	C2H2	TFF
SoffiXsponR570.3os3g002300.1.p	C2H2	TFF
SoffiXsponR570.09Eg122100.1.p	C2C2-Dof	TFF
SoffiXsponR570.02Dg171300.6.p	zf-BED	TFF
SoffiXsponR570.8_5Ag194700.2.p	SBP	TFF
SoffiXsponR570.05Ag293900.1.p	CCAAT	TFF
SoffiXsponR570.8_5Ag059100.3.p	C3H	TFF
SoffiXsponR570.02Bg186200.3.p	C3H	TFF
SoffiXsponR570.04Ag137600.1.p	TRAF	OTR
SoffiXsponR570.05Gg052500.6.p	PHD	OTR
SoffiXsponR570.1Z082600.1.p	AP2-EREBP	TFF
SoffiXsponR570.01Ag251900.1.p	SET	OTR
SoffiXsponR570.02Cg219000.3.p	bZIP	TFF
SoffiXsponR570.02Gg033500.1.p	bHLH	TFF
SoffiXsponR570.02Bg300800.1.p	CCAAT	TFF
SoffiXsponR570.05Dg185100.1.p	MYB	TFF
SoffiXsponR570.10Bg049500.1.p	bZIP	TFF
SoffiXsponR570.01Eg034200.6.p	GRAS	TFF
SoffiXsponR570.07Dg079700.1.p	AP2-EREBP	TFF
SoffiXsponR570.10us89g090400.1.p	MYB-related	TFF
SoffiXsponR570.06Ag061100.5.p	bHLH	TFF
SoffiXsponR570.01Fg011800.3.p	C2C2-Dof	TFF
SoffiXsponR570.02Ag002300.1.p	C2H2	TFF
SoffiXsponR570.01Ag036000.1.p	C2H2	TFF
SoffiXsponR570.01Ag098700.2.p	AUX/IAA	OTR
SoffiXsponR570.6_9Ag226900.2.p	NAC	TFF
SoffiXsponR570.02Ag277700.4.p	SWI/SNF-BAF60b	OTR
SoffiXsponR570.03Ag235700.2.p	MYB-related	TFF
SoffiXsponR570.02Ag312400.1.p	bZIP	TFF
SoffiXsponR570.02Dg018900.1.p	bHLH	TFF
SoffiXsponR570.8_5Ag059100.2.p	C3H	TFF
SoffiXsponR570.01Eg131600.3.p	C3H	TFF
SoffiXsponR570.10Cg093300.1.p	NAC	TFF
SoffiXsponR570.8_10Ag216300.1.p	MYB	TFF
SoffiXsponR570.05Bg353200.2.p	SWI/SNF-BAF60b	OTR
SoffiXsponR570.01Eg233500.2.p	NAC	TFF
SoffiXsponR570.05Dg199300.2.p	HSF	TFF
SoffiXsponR570.06Fg074300.2.p	MYB	TFF
SoffiXsponR570.07Bg277900.2.p	NAC	TFF
SoffiXsponR570.05Bg309500.1.p	C2H2	TFF
SoffiXsponR570.02Fg183700.2.p	C3H	TFF
SoffiXsponR570.8_10Ag341200.1.p	C2C2-Dof	TFF
SoffiXsponR570.10Fg106700.1.p	AP2-EREBP	TFF
SoffiXsponR570.09Ag004600.4.p	SAP	TFF
SoffiXsponR570.02Fg001900.1.p	NAC	TFF
SoffiXsponR570.05Bg060400.1.p	PHD	OTR
SoffiXsponR570.08Cg177100.2.p	TRAF	OTR
SoffiXsponR570.03Ag065100.1.p	HB	TFF
SoffiXsponR570.03Fg031600.3.p	BES1	TFF
SoffiXsponR570.01Bg039500.1.p	NAC	TFF
SoffiXsponR570.07Cg263600.1.p	ABI3VP1	TFF
SoffiXsponR570.6_9Ag036900.5.p	SET	OTR
SoffiXsponR570.06Cg176000.7.p	C3H	TFF
SoffiXsponR570.08Bg038500.1.p	bHLH	TFF
SoffiXsponR570.8_10Ag204400.5.p	WRKY	TFF
SoffiXsponR570.10Cg115800.2.p	ARF	TFF
SoffiXsponR570.08Ag115300.1.p	WRKY	TFF
SoffiXsponR570.5_9Ag140000.1.p	SET	OTR
SoffiXsponR570.7os1g072800.1.p	FAR1	TFF
SoffiXsponR570.02Fg338600.3.p	MYB-related	TFF
SoffiXsponR570.01Cg040300.3.p	FAR1	TFF
SoffiXsponR570.06Cg174200.1.p	DDT	OTR
SoffiXsponR570.03Ag148300.1.p	HSF	TFF
SoffiXsponR570.07Cg085500.2.p	ARF	TFF
SoffiXsponR570.04Cg122900.1.p	PHD	OTR
SoffiXsponR570.10Ag181200.1.p	bHLH	TFF
SoffiXsponR570.09Ag124700.1.p	mTERF	OTR
SoffiXsponR570.01Dg319000.2.p	GNAT	OTR
SoffiXsponR570.03Cg238100.2.p	GRF	TFF
SoffiXsponR570.10Cg072200.1.p	Alfin-like	TFF
SoffiXsponR570.03Fg022700.1.p	PHD	OTR
SoffiXsponR570.02Bg229700.2.p	MADS	TFF
SoffiXsponR570.01Bg187000.2.p	SET	OTR
SoffiXsponR570.02Ag198500.4.p	Top	TFF
SoffiXsponR570.02Bg106400.1.p	NAC	TFF
SoffiXsponR570.06Dg085200.1.p	CCAAT	TFF
SoffiXsponR570.6_9Ag103000.1.p	GRAS	TFF
SoffiXsponR570.05Cg379300.1.p	C3H	TFF
SoffiXsponR570.09Ag054000.3.p	C2C2-GATA	TFF
SoffiXsponR570.04Eg048000.1.p	HSF	TFF
SoffiXsponR570.05Fg051500.1.p	AP2-EREBP	TFF
SoffiXsponR570.09Ag096900.3.p	LIM	TFF
SoffiXsponR570.6us88g138500.1.p	MYB-related	TFF
SoffiXsponR570.01Eg078900.1.p	HB	TFF
SoffiXsponR570.8_5Ag136700.4.p	SET	OTR
SoffiXsponR570.07Cg110000.1.p	C2H2	TFF
SoffiXsponR570.02Fg155800.5.p	PHD	OTR
SoffiXsponR570.01Dg276400.1.p	C2C2-Dof	TFF
SoffiXsponR570.02Dg341500.1.p	OFP	TFF
SoffiXsponR570.06Cg177900.1.p	WRKY	TFF
SoffiXsponR570.01Bg181900.1.p	TFIID	TFF
SoffiXsponR570.03Cg230900.1.p	MYB-related	TFF
SoffiXsponR570.01Ag551200.3.p	Not1	TFF
SoffiXsponR570.04Bg054200.2.p	bHLH	TFF
SoffiXsponR570.07Ag248100.7.p	ARF	TFF
SoffiXsponR570.05Eg339000.4.p	DDT	OTR
SoffiXsponR570.08Ag189200.1.p	TRAF	OTR
SoffiXsponR570.02Cg111200.1.p	C3H	TFF
SoffiXsponR570.01Bg132000.1.p	GRF	TFF
SoffiXsponR570.1Z173900.1.p	E2F-DP	TFF
SoffiXsponR570.6_9Ag261400.1.p	bZIP	TFF
SoffiXsponR570.9us90g065300.2.p	ARF	TFF
SoffiXsponR570.01Cg050300.1.p	C2C2-GATA	TFF
SoffiXsponR570.07Cg083800.3.p	DDT	OTR
SoffiXsponR570.08Eg022300.1.p	TRAF	OTR
SoffiXsponR570.7_10Ag258000.1.p	MYB	TFF
SoffiXsponR570.02Eg280500.1.p	SET	OTR
SoffiXsponR570.7_10Ag274500.1.p	bHLH	TFF
SoffiXsponR570.03Cg313600.3.p	C2C2-GATA	TFF
SoffiXsponR570.06Dg009900.2.p	ABI3VP1	TFF
SoffiXsponR570.05Gg097300.1.p	TRAF	OTR
SoffiXsponR570.05Eg340900.1.p	TUB	TFF
SoffiXsponR570.6_9Ag165400.6.p	bHLH	TFF
SoffiXsponR570.06Dg151400.1.p	MYB-related	TFF
SoffiXsponR570.8_5Ag058700.1.p	zf-LSD1	TFF
SoffiXsponR570.02Gg164600.1.p	OFP	TFF
SoffiXsponR570.8_10Ag029700.1.p	Sigma70-like	TFF
SoffiXsponR570.04Gg023500.2.p	BBR/BPC	TFF
SoffiXsponR570.05Ag009100.2.p	zf-C5HC2	TFF
SoffiXsponR570.06Dg083200.1.p	CCAAT	TFF
SoffiXsponR570.01Bg350800.2.p	bZIP	TFF
SoffiXsponR570.08Cg188400.1.p	MYB-related	TFF
SoffiXsponR570.02Ag130500.1.p	MADS	TFF
SoffiXsponR570.07Cg009900.1.p	MYB-related	TFF
SoffiXsponR570.05Bg364300.2.p	DDT	OTR
SoffiXsponR570.07Eg110000.1.p	AP2-EREBP	TFF
SoffiXsponR570.07Eg162700.1.p	bHLH	TFF
SoffiXsponR570.8_5Ag174200.1.p	PAS	TFF
SoffiXsponR570.01Eg343400.3.p	FAR1	TFF
SoffiXsponR570.01Cg250400.1.p	C3H	TFF
SoffiXsponR570.5_9Ag309500.3.p	MYB-related	TFF
SoffiXsponR570.01Cg258000.3.p	PHD	OTR
SoffiXsponR570.1Z190400.2.p	HB	TFF
SoffiXsponR570.02Ag429800.1.p	MYB-related	TFF
SoffiXsponR570.06Eg134000.1.p	OFP	TFF
SoffiXsponR570.04Bg035900.1.p	Top	TFF
SoffiXsponR570.03Ag149900.1.p	zf-A20	TFF
SoffiXsponR570.03Cg162200.4.p	bHLH	TFF
SoffiXsponR570.01Bg275700.3.p	MED26	OTR
SoffiXsponR570.05Fg297500.1.p	CCAAT	TFF
SoffiXsponR570.04Cg211800.3.p	TRAF	OTR
SoffiXsponR570.7_10Ag280300.9.p	C2H2	TFF
SoffiXsponR570.09Eg110500.1.p	GRAS	TFF
SoffiXsponR570.03Bg090500.2.p	HMG	OTR
SoffiXsponR570.07Cg190700.1.p	bHLH	TFF
SoffiXsponR570.02Cg183100.1.p	OFP	TFF
SoffiXsponR570.05Dg177700.2.p	zf-HD	TFF
SoffiXsponR570.01Ag099900.1.p	bHLH	TFF
SoffiXsponR570.06Gg131100.2.p	TUB	TFF
SoffiXsponR570.02Dg220000.3.p	PHD	OTR
SoffiXsponR570.02Gg303000.2.p	GRAS	TFF
SoffiXsponR570.04Ag000700.4.p	TRAF	OTR
SoffiXsponR570.1Z194800.1.p	HSF	TFF
SoffiXsponR570.7_10Ag221800.3.p	TAZ	TFF
SoffiXsponR570.08Eg085500.1.p	AP2-EREBP	TFF
SoffiXsponR570.03Dg240000.5.p	C2H2	TFF
SoffiXsponR570.01Bg400400.3.p	bZIP	TFF
SoffiXsponR570.01Bg227300.1.p	TRAF	OTR
SoffiXsponR570.02Ag143100.1.p	Top	TFF
SoffiXsponR570.05Cg312800.2.p	C2H2	TFF
SoffiXsponR570.04Cg083700.2.p	MYB	TFF
SoffiXsponR570.10Eg130200.1.p	GRAS	TFF
SoffiXsponR570.02Cg226800.1.p	ARF	TFF
SoffiXsponR570.04Ag108600.1.p	LIM	TFF
SoffiXsponR570.5_9Ag431800.1.p	TAZ	TFF
SoffiXsponR570.06Gg054900.1.p	MYB-related	TFF
SoffiXsponR570.6_9Ag226900.1.p	NAC	TFF
SoffiXsponR570.03Fg058500.2.p	ARF	TFF
SoffiXsponR570.8_5Ag064200.1.p	AP2-EREBP	TFF
SoffiXsponR570.01Bg191000.1.p	MYB	TFF
SoffiXsponR570.02Gg230600.1.p	C2H2	TFF
SoffiXsponR570.05Bg366700.2.p	TUB	TFF
SoffiXsponR570.01Bg378700.1.p	C2C2-Dof	TFF
SoffiXsponR570.05Fg310600.1.p	OFP	TFF
SoffiXsponR570.04Bg081000.1.p	GeBP	TFF
SoffiXsponR570.04Ag165800.1.p	NAC	TFF
SoffiXsponR570.02Dg060200.1.p	bHLH	TFF
SoffiXsponR570.09Cg167400.1.p	bZIP	TFF
SoffiXsponR570.08Cg114200.1.p	NAC	TFF
SoffiXsponR570.06Dg065800.1.p	SET	OTR
SoffiXsponR570.07Dg092200.2.p	MYB-related	TFF
SoffiXsponR570.01Eg309900.1.p	PAS	TFF
SoffiXsponR570.04Eg070200.1.p	bHLH	TFF
SoffiXsponR570.01Ag244800.1.p	C2H2	TFF
SoffiXsponR570.03Dg258300.2.p	MYB-related	TFF
SoffiXsponR570.8_5Ag133500.1.p	zf-A20	TFF
SoffiXsponR570.05Bg229000.2.p	Pseudo_ARR-B	OTR
SoffiXsponR570.03Ag183900.1.p	AP2-EREBP	TFF
SoffiXsponR570.03Dg079700.1.p	MYB-related	TFF
SoffiXsponR570.7_10Ag280300.6.p	C2H2	TFF
SoffiXsponR570.03Eg093100.1.p	NAC	TFF
SoffiXsponR570.04Fg105400.1.p	NAC	TFF
SoffiXsponR570.05Cg035700.1.p	TCP	TFF
SoffiXsponR570.05Bg326300.1.p	MADS	TFF
SoffiXsponR570.08Cg114300.1.p	MYB	TFF
SoffiXsponR570.02Ag180800.2.p	C2H2	TFF
SoffiXsponR570.03Bg040700.3.p	ARF	TFF
SoffiXsponR570.02Cg413900.2.p	FAR1	TFF
SoffiXsponR570.04Cg038100.1.p	PBF-2-like	TFF
SoffiXsponR570.02Eg245500.1.p	WRKY	TFF
SoffiXsponR570.02Ag083500.2.p	AP2-EREBP	TFF
SoffiXsponR570.02Bg037200.5.p	NAC	TFF
SoffiXsponR570.01Bg034400.2.p	C2C2-Dof	TFF
SoffiXsponR570.05Cg250100.1.p	NAC	TFF
SoffiXsponR570.08Cg054600.1.p	C3H	TFF
SoffiXsponR570.7_10Ag043200.1.p	bZIP	TFF
SoffiXsponR570.08Cg067300.1.p	CCAAT	TFF
SoffiXsponR570.05Eg095700.2.p	MYB-related	TFF
SoffiXsponR570.08Bg082000.1.p	AP2-EREBP	TFF
SoffiXsponR570.02Cg100300.1.p	NAC	TFF
SoffiXsponR570.10us89g067800.1.p	NAC	TFF
SoffiXsponR570.03Bg294700.1.p	AUX/IAA	OTR
SoffiXsponR570.03Eg261100.1.p	bHLH	TFF
SoffiXsponR570.05Fg096900.3.p	bHLH	TFF
SoffiXsponR570.01Ag332700.1.p	C2H2	TFF
SoffiXsponR570.09Eg124400.3.p	TAZ	TFF
SoffiXsponR570.01Dg087900.3.p	Top	TFF
SoffiXsponR570.01Eg313700.1.p	MYB	TFF
SoffiXsponR570.04Dg116200.1.p	NAC	TFF
SoffiXsponR570.5_9Ag182700.3.p	C3H	TFF
SoffiXsponR570.01Eg390600.7.p	FAR1	TFF
SoffiXsponR570.04Bg078600.2.p	MYB	TFF
SoffiXsponR570.08Ag167500.2.p	NAC	TFF
SoffiXsponR570.8_10Ag188600.1.p	CCAAT	TFF
SoffiXsponR570.05Cg147300.1.p	mTERF	OTR
SoffiXsponR570.03Ag194200.4.p	C3H	TFF
SoffiXsponR570.8_5Ag155200.1.p	C2H2	TFF
SoffiXsponR570.04Bg263900.1.p	C2H2	TFF
SoffiXsponR570.09Eg005300.1.p	MYB-related	TFF
SoffiXsponR570.08Ag157600.1.p	PLATZ	TFF
SoffiXsponR570.01Fg001200.1.p	Trihelix	TFF
SoffiXsponR570.8_10Ag240500.1.p	AP2-EREBP	TFF
SoffiXsponR570.8_10Ag312200.1.p	TRAF	OTR
SoffiXsponR570.01Cg017100.4.p	AP2-EREBP	TFF
SoffiXsponR570.01Dg276400.3.p	C2C2-Dof	TFF
SoffiXsponR570.5_9Ag398400.1.p	HB	TFF
SoffiXsponR570.07Bg192600.1.p	PLATZ	TFF
SoffiXsponR570.05Gg079200.2.p	bHLH	TFF
SoffiXsponR570.8_10Ag147100.1.p	GRAS	TFF
SoffiXsponR570.07Ag201800.2.p	bHLH	TFF
SoffiXsponR570.01Eg216900.2.p	Not1	TFF
SoffiXsponR570.04Bg184700.1.p	Top	TFF
SoffiXsponR570.1Z033800.3.p	TIG	TFF
SoffiXsponR570.02Cg269500.2.p	SWI/SNF-BAF60b	OTR
SoffiXsponR570.01Dg238300.1.p	OFP	TFF
SoffiXsponR570.04Ag138100.2.p	C3H	TFF
SoffiXsponR570.09Cg023600.1.p	NAC	TFF
SoffiXsponR570.03Dg113400.1.p	HMG	OTR
SoffiXsponR570.06Ag171300.5.p	AUX/IAA	OTR
SoffiXsponR570.01Bg020300.1.p	C2H2	TFF
SoffiXsponR570.01Cg302000.1.p	HSF	TFF
SoffiXsponR570.04Eg161100.4.p	PHD	OTR
SoffiXsponR570.03Ag225700.1.p	GRF	TFF
SoffiXsponR570.08Bg078200.2.p	SET	OTR
SoffiXsponR570.03Ag220800.1.p	C2C2-YABBY	TFF
SoffiXsponR570.09Eg130100.4.p	CPP	TFF
SoffiXsponR570.01Bg407600.1.p	bHLH	TFF
SoffiXsponR570.1Z139100.2.p	AP2-EREBP	TFF
SoffiXsponR570.09Dg039500.1.p	MADS	TFF
SoffiXsponR570.07Cg093700.1.p	FHA	TFF
SoffiXsponR570.05Bg371800.1.p	AP2-EREBP	TFF
SoffiXsponR570.10Eg125100.1.p	C2H2	TFF
SoffiXsponR570.02Ag397100.2.p	SET	OTR
SoffiXsponR570.03Dg310700.3.p	NOT2_3_5	OTR
SoffiXsponR570.03Bg117200.1.p	HSF	TFF
SoffiXsponR570.02Eg301500.1.p	MYB	TFF
SoffiXsponR570.07Bg213800.1.p	bHLH	TFF
SoffiXsponR570.09Eg060100.1.p	bHLH	TFF
SoffiXsponR570.09Bg047100.2.p	ABI3VP1	TFF
SoffiXsponR570.05Cg377800.1.p	WRKY	TFF
SoffiXsponR570.05Gg057000.1.p	HSF	TFF
SoffiXsponR570.03Cg166600.1.p	EIL	TFF
SoffiXsponR570.4us91g069300.1.p	CCAAT	TFF
SoffiXsponR570.01Fg268500.1.p	GNAT	OTR
SoffiXsponR570.05Eg045400.2.p	PHD	OTR
SoffiXsponR570.05Cg334000.1.p	FAR1	TFF
SoffiXsponR570.03Eg098800.2.p	ARID	OTR
SoffiXsponR570.02Bg175600.1.p	HSF	TFF
SoffiXsponR570.05Dg365600.2.p	DDT	OTR
SoffiXsponR570.02Eg329300.1.p	NAC	TFF
SoffiXsponR570.02Ag343500.2.p	MYB-related	TFF
SoffiXsponR570.02Ag068300.2.p	CCAAT	TFF
SoffiXsponR570.07Bg143100.1.p	ARF	TFF
SoffiXsponR570.05Gg139100.4.p	bZIP	TFF
SoffiXsponR570.02Cg076300.3.p	ABI3VP1	TFF
SoffiXsponR570.09Eg100600.1.p	PAS	TFF
SoffiXsponR570.06Gg100000.1.p	OFP	TFF
SoffiXsponR570.09Ag123900.1.p	mTERF	OTR
SoffiXsponR570.10Eg129800.1.p	GRAS	TFF
SoffiXsponR570.02Cg109000.2.p	Top	TFF
SoffiXsponR570.04Cg005800.1.p	ABI3VP1	TFF
SoffiXsponR570.04Fg153900.1.p	NAC	TFF
SoffiXsponR570.03Cg169300.1.p	MADS	TFF
SoffiXsponR570.01Eg344100.1.p	Top	TFF
SoffiXsponR570.03Gg077700.1.p	GeBP	TFF
SoffiXsponR570.10Ag023700.2.p	C3H	TFF
SoffiXsponR570.05Dg217500.1.p	C2H2	TFF
SoffiXsponR570.5_9Ag025800.1.p	AP2-EREBP	TFF
SoffiXsponR570.07Cg088200.1.p	NAC	TFF
SoffiXsponR570.02Dg035700.1.p	C3H	TFF
SoffiXsponR570.01Cg071300.4.p	SET	OTR
SoffiXsponR570.09Cg029400.5.p	SET	OTR
SoffiXsponR570.10os1g062800.1.p	GRF	TFF
SoffiXsponR570.02Fg338900.4.p	ABI3VP1	TFF
SoffiXsponR570.09Eg130000.1.p	CPP	TFF
SoffiXsponR570.07Eg096900.3.p	AP2-EREBP	TFF
SoffiXsponR570.07Ag048600.1.p	TIG	TFF
SoffiXsponR570.08Ag138200.2.p	AP2-EREBP	TFF
SoffiXsponR570.04Bg180600.3.p	PHD	OTR
SoffiXsponR570.04Fg103200.1.p	TRAF	OTR
SoffiXsponR570.8_5Ag086500.7.p	PHD	OTR
SoffiXsponR570.08Eg138300.6.p	Pseudo_ARR-B	OTR
SoffiXsponR570.06Fg025300.1.p	HB	TFF
SoffiXsponR570.02Ag077000.1.p	AP2-EREBP	TFF
SoffiXsponR570.02Fg162100.1.p	bHLH	TFF
SoffiXsponR570.04Gg076800.2.p	MED6	OTR
SoffiXsponR570.02Eg123900.1.p	MYB	TFF
SoffiXsponR570.03Cg004100.1.p	MADS	TFF
SoffiXsponR570.04Bg072800.1.p	AP2-EREBP	TFF
SoffiXsponR570.02Gg152400.2.p	MYB	TFF
SoffiXsponR570.08Dg010300.1.p	bHLH	TFF
SoffiXsponR570.03Ag311400.2.p	AP2-EREBP	TFF
SoffiXsponR570.08Dg106100.1.p	zf-A20	TFF
SoffiXsponR570.08Ag166200.1.p	bZIP	TFF
SoffiXsponR570.02Cg049200.2.p	AUX/IAA	OTR
SoffiXsponR570.05Bg267700.1.p	SBP	TFF
SoffiXsponR570.07Ag101100.1.p	MYB	TFF
SoffiXsponR570.01Dg194400.1.p	WRKY	TFF
SoffiXsponR570.6us88g094200.1.p	MYB	TFF
SoffiXsponR570.10Fg081600.1.p	FHA	TFF
SoffiXsponR570.01Ag382400.1.p	bZIP	TFF
SoffiXsponR570.8_10Ag207400.1.p	TRAF	OTR
SoffiXsponR570.02Fg017600.1.p	PHD	OTR
SoffiXsponR570.5_9Ag050200.1.p	MYB	TFF
SoffiXsponR570.04Dg107100.1.p	E2F-DP	TFF
SoffiXsponR570.02Eg098200.1.p	MADS	TFF
SoffiXsponR570.1Z053800.2.p	CCAAT	TFF
SoffiXsponR570.01Ag086600.1.p	WRKY	TFF
SoffiXsponR570.02Bg033900.1.p	C2H2	TFF
SoffiXsponR570.1Z130300.4.p	C2H2	TFF
SoffiXsponR570.05Fg157400.2.p	bZIP	TFF
SoffiXsponR570.09Bg078700.1.p	bZIP	TFF
SoffiXsponR570.05Fg246700.1.p	WRKY	TFF
SoffiXsponR570.08Cg185900.4.p	SBP	TFF
SoffiXsponR570.05Ag088100.1.p	NAC	TFF
SoffiXsponR570.07Dg067900.2.p	SET	OTR
SoffiXsponR570.03Ag207100.1.p	NAC	TFF
SoffiXsponR570.6_9Ag029200.1.p	MYB	TFF
SoffiXsponR570.6_9Ag310700.1.p	C3H	TFF
SoffiXsponR570.02Bg253000.2.p	TCP	TFF
SoffiXsponR570.10Fg021700.1.p	GRAS	TFF
SoffiXsponR570.02Eg247800.1.p	ARF	TFF
SoffiXsponR570.03Ag304000.10.p	GNAT	OTR
SoffiXsponR570.8_5Ag186300.4.p	TRAF	OTR
SoffiXsponR570.10Eg130700.1.p	GRAS	TFF
SoffiXsponR570.04Fg087600.1.p	ABI3VP1	TFF
SoffiXsponR570.01Ag291900.4.p	MED26	OTR
SoffiXsponR570.08Dg170800.1.p	bHLH	TFF
SoffiXsponR570.02Dg173800.3.p	TRAF	OTR
SoffiXsponR570.02Bg154600.1.p	CCAAT	TFF
SoffiXsponR570.10Cg010500.2.p	C3H	TFF
SoffiXsponR570.02Gg008700.1.p	NAC	TFF
SoffiXsponR570.8_5Ag169900.1.p	bHLH	TFF
SoffiXsponR570.09Eg049300.2.p	C2C2-GATA	TFF
SoffiXsponR570.05Fg118900.1.p	bZIP	TFF
SoffiXsponR570.01Eg412100.2.p	C2H2	TFF
SoffiXsponR570.05Eg152800.1.p	MYB	TFF
SoffiXsponR570.02Dg333100.1.p	MYB	TFF
SoffiXsponR570.01Ag438400.2.p	CCAAT	TFF
SoffiXsponR570.1Z210000.1.p	WRKY	TFF
SoffiXsponR570.05Dg028900.2.p	HB	TFF
SoffiXsponR570.02Eg032400.1.p	TRAF	OTR
SoffiXsponR570.7os1g036500.10.p	PHD	OTR
SoffiXsponR570.1os1g002200.3.p	TRAF	OTR
SoffiXsponR570.02Ag317200.3.p	SET	OTR
SoffiXsponR570.8_5Ag247800.3.p	PHD	OTR
SoffiXsponR570.01Bg378700.3.p	C2C2-Dof	TFF
SoffiXsponR570.02Ag286400.1.p	C2C2-Dof	TFF
SoffiXsponR570.02Cg063900.1.p	MYB-related	TFF
SoffiXsponR570.10Ag052100.7.p	HB	TFF
SoffiXsponR570.10Ag052100.1.p	HB	TFF
SoffiXsponR570.10Eg046300.1.p	GRAS	TFF
SoffiXsponR570.7_10Ag145000.2.p	bHLH	TFF
SoffiXsponR570.10Eg131100.1.p	GRAS	TFF
SoffiXsponR570.1Z003900.1.p	bHLH	TFF
SoffiXsponR570.02Eg193400.7.p	bZIP	TFF
SoffiXsponR570.02Ag432700.1.p	C2C2-GATA	TFF
SoffiXsponR570.02Eg152300.1.p	CCAAT	TFF
SoffiXsponR570.7_10Ag380700.2.p	NAC	TFF
SoffiXsponR570.04Dg081800.2.p	ARF	TFF
SoffiXsponR570.5_9Ag409000.4.p	CCAAT	TFF
SoffiXsponR570.07Eg178700.3.p	bZIP	TFF
SoffiXsponR570.6_9Ag047700.1.p	bZIP	TFF
SoffiXsponR570.1os1g002200.1.p	TRAF	OTR
SoffiXsponR570.9os1g019800.1.p	SAP	TFF
SoffiXsponR570.08Ag000600.2.p	HMG	OTR
SoffiXsponR570.08Bg189500.3.p	EIL	TFF
SoffiXsponR570.01Bg418300.1.p	ABI3VP1	TFF
SoffiXsponR570.8_5Ag214800.2.p	AP2-EREBP	TFF
SoffiXsponR570.03Cg313600.4.p	C2C2-GATA	TFF
SoffiXsponR570.8_5Ag041000.1.p	bHLH	TFF
SoffiXsponR570.01Bg442700.3.p	CCAAT	TFF
SoffiXsponR570.01Ag051600.1.p	DDT	OTR
SoffiXsponR570.02Eg358800.1.p	Tify	TFF
SoffiXsponR570.08Bg004000.1.p	FAR1	TFF
SoffiXsponR570.01Eg430600.2.p	FHA	TFF
SoffiXsponR570.05Ag235200.1.p	AP2-EREBP	TFF
SoffiXsponR570.07Bg137000.1.p	MYB-related	TFF
SoffiXsponR570.06Dg010000.2.p	ABI3VP1	TFF
SoffiXsponR570.05Eg095700.1.p	MYB-related	TFF
SoffiXsponR570.03Bg217800.2.p	bHLH	TFF
SoffiXsponR570.07Ag157800.1.p	bHLH	TFF
SoffiXsponR570.02Dg194200.7.p	Top	TFF
SoffiXsponR570.05Ag351500.3.p	SART-1	OTR
SoffiXsponR570.01Bg033400.3.p	GRAS	TFF
SoffiXsponR570.10Cg119500.2.p	RB	OTR
SoffiXsponR570.02Bg302600.5.p	GRAS	TFF
SoffiXsponR570.07Dg194300.3.p	bZIP	TFF
SoffiXsponR570.8_10Ag325200.1.p	MYB-related	TFF
SoffiXsponR570.01Bg156800.4.p	ABI3VP1	TFF
SoffiXsponR570.09Dg100200.1.p	CPP	TFF
SoffiXsponR570.03Dg258100.1.p	bHLH	TFF
SoffiXsponR570.1os1g002800.2.p	HSF	TFF
SoffiXsponR570.7_10Ag361100.1.p	ARF	TFF
SoffiXsponR570.02Ag198400.2.p	Top	TFF
SoffiXsponR570.03Gg028800.1.p	HSF	TFF
SoffiXsponR570.8_5Ag189400.1.p	mTERF	OTR
SoffiXsponR570.01Dg177700.2.p	MADS	TFF
SoffiXsponR570.02Dg375400.1.p	C3H	TFF
SoffiXsponR570.07Dg149800.10.p	Trihelix	TFF
SoffiXsponR570.02Ag247100.3.p	AP2-EREBP	TFF
SoffiXsponR570.04Dg098500.1.p	mTERF	OTR
SoffiXsponR570.06Eg065000.1.p	AUX/IAA	OTR
SoffiXsponR570.03Bg239800.1.p	CCAAT	TFF
SoffiXsponR570.08Eg121900.1.p	TRAF	OTR
SoffiXsponR570.04Bg036700.1.p	TRAF	OTR
SoffiXsponR570.09Eg121800.1.p	bHLH	TFF
SoffiXsponR570.04Fg094800.1.p	NAC	TFF
SoffiXsponR570.7_10Ag018500.1.p	GRAS	TFF
SoffiXsponR570.03Bg198500.2.p	PHD	OTR
SoffiXsponR570.02Cg050200.2.p	Top	TFF
SoffiXsponR570.05Bg140200.1.p	WRKY	TFF
SoffiXsponR570.07Bg019300.1.p	Top	TFF
SoffiXsponR570.05Cg345100.1.p	bHLH	TFF
SoffiXsponR570.04Fg083800.2.p	ARID	OTR
SoffiXsponR570.05Cg207400.1.p	EIL	TFF
SoffiXsponR570.01Ag144700.3.p	HB	TFF
SoffiXsponR570.01Cg148200.1.p	MYB-related	TFF
SoffiXsponR570.08Dg053100.2.p	PHD	OTR
SoffiXsponR570.03Bg038000.1.p	TAZ	TFF
SoffiXsponR570.01Dg257000.1.p	PHD	OTR
SoffiXsponR570.06Dg065600.2.p	SRS	TFF
SoffiXsponR570.07Eg040500.4.p	FHA	TFF
SoffiXsponR570.04Eg048000.2.p	HSF	TFF
SoffiXsponR570.06Bg045500.6.p	bHLH	TFF
SoffiXsponR570.01Eg060200.2.p	HSF	TFF
SoffiXsponR570.06Dg024600.7.p	bHLH	TFF
SoffiXsponR570.05Dg178000.1.p	zf-HD	TFF
SoffiXsponR570.01Eg387600.5.p	MADS	TFF
SoffiXsponR570.03Bg208900.5.p	C2H2	TFF
SoffiXsponR570.6_9Ag069300.1.p	MYB	TFF
SoffiXsponR570.02Bg208000.1.p	MYB	TFF
SoffiXsponR570.02Bg245900.1.p	ARF	TFF
SoffiXsponR570.08Dg024000.1.p	MYB-related	TFF
SoffiXsponR570.03Fg045600.1.p	PHD	OTR
SoffiXsponR570.4us91g014900.1.p	GeBP	TFF
SoffiXsponR570.06Cg147500.1.p	AUX/IAA	OTR
SoffiXsponR570.04Eg133500.7.p	SBP	TFF
SoffiXsponR570.03Eg263200.2.p	C2C2-Dof	TFF
SoffiXsponR570.02Eg317500.1.p	C2C2-Dof	TFF
SoffiXsponR570.01Cg141900.1.p	MED26	OTR
SoffiXsponR570.02Dg309000.3.p	bZIP	TFF
SoffiXsponR570.10Cg136200.1.p	Jumonji	OTR
SoffiXsponR570.02Bg203200.1.p	NAC	TFF
SoffiXsponR570.02Bg313800.3.p	bZIP	TFF
SoffiXsponR570.06Ag098400.1.p	NAC	TFF
SoffiXsponR570.06Dg146000.1.p	WRKY	TFF
SoffiXsponR570.8_5Ag221200.1.p	CAMTA	TFF
SoffiXsponR570.01Ag188400.3.p	GRAS	TFF
SoffiXsponR570.10Dg165200.1.p	GRAS	TFF
SoffiXsponR570.04Cg186100.2.p	ARID	OTR
SoffiXsponR570.05Ag119300.1.p	SET	OTR
SoffiXsponR570.02Gg196100.2.p	Top	TFF
SoffiXsponR570.04Cg152600.1.p	MYB-related	TFF
SoffiXsponR570.09Eg033200.1.p	WRKY	TFF
SoffiXsponR570.01Dg014300.1.p	bZIP	TFF
SoffiXsponR570.07Ag100200.1.p	FAR1	TFF
SoffiXsponR570.8_5Ag139800.3.p	ARID	OTR
SoffiXsponR570.07Bg135700.3.p	C1-4-t1	TFF
SoffiXsponR570.07Bg260700.2.p	ABI3VP1	TFF
SoffiXsponR570.5_9Ag138800.1.p	C2H2	TFF
SoffiXsponR570.4us91g023000.1.p	AP2-EREBP	TFF
SoffiXsponR570.09Bg110400.1.p	MYB	TFF
SoffiXsponR570.03Bg269600.1.p	bZIP	TFF
SoffiXsponR570.06Ag098400.7.p	NAC	TFF
SoffiXsponR570.02Ag220600.1.p	GRAS	TFF
SoffiXsponR570.7os1g072800.2.p	FAR1	TFF
SoffiXsponR570.05Fg145000.1.p	NAC	TFF
SoffiXsponR570.07Eg205300.2.p	ARF	TFF
SoffiXsponR570.02Bg302200.1.p	MYB	TFF
SoffiXsponR570.5_9Ag452000.1.p	MYB	TFF
SoffiXsponR570.01Dg340600.1.p	bHLH	TFF
SoffiXsponR570.10Fg114200.1.p	GRAS	TFF
SoffiXsponR570.05Ag351500.1.p	SART-1	OTR
SoffiXsponR570.01Ag026900.3.p	SBP	TFF
SoffiXsponR570.7os1g044400.3.p	ABI3VP1	TFF
SoffiXsponR570.04Cg220400.6.p	ARF	TFF
SoffiXsponR570.03Eg298200.1.p	NAC	TFF
SoffiXsponR570.1Z292400.1.p	MED26	OTR
SoffiXsponR570.04Ag100500.2.p	AP2-EREBP	TFF
SoffiXsponR570.07Cg103200.1.p	MADS	TFF
SoffiXsponR570.02Fg035000.2.p	MYB-related	TFF
SoffiXsponR570.08Ag112600.1.p	mTERF	OTR
SoffiXsponR570.07Dg089700.1.p	TAZ	TFF
SoffiXsponR570.03Eg213500.1.p	GRF	TFF
SoffiXsponR570.05Dg245600.2.p	AUX/IAA	OTR
SoffiXsponR570.05Bg225400.2.p	HSF	TFF
SoffiXsponR570.06Cg182900.1.p	CCAAT	TFF
SoffiXsponR570.04Bg072700.1.p	bHLH	TFF
SoffiXsponR570.02Ag397100.3.p	SET	OTR
SoffiXsponR570.10Bg124400.2.p	MYB-related	TFF
SoffiXsponR570.05Bg065800.1.p	bHLH	TFF
SoffiXsponR570.01Cg366500.1.p	bHLH	TFF
SoffiXsponR570.03Bg147800.6.p	bHLH	TFF
SoffiXsponR570.1Z290000.1.p	bHLH	TFF
SoffiXsponR570.03Cg296000.1.p	AP2-EREBP	TFF
SoffiXsponR570.5_9Ag443300.1.p	GRAS	TFF
SoffiXsponR570.09Eg084200.1.p	MADS	TFF
SoffiXsponR570.03Dg251200.1.p	MYB	TFF
SoffiXsponR570.09Cg036900.2.p	MYB-related	TFF
SoffiXsponR570.6us88g003100.1.p	bHLH	TFF
SoffiXsponR570.02Gg172200.3.p	SWI/SNF-BAF60b	OTR
SoffiXsponR570.02Eg303100.2.p	MYB-related	TFF
SoffiXsponR570.06Gg153100.1.p	SET	OTR
SoffiXsponR570.01Fg011800.1.p	C2C2-Dof	TFF
SoffiXsponR570.01Cg238400.2.p	bZIP	TFF
SoffiXsponR570.07Dg165800.1.p	C2C2-Dof	TFF
SoffiXsponR570.04Dg004100.1.p	GRAS	TFF
SoffiXsponR570.5_9Ag059100.1.p	AP2-EREBP	TFF
SoffiXsponR570.07Eg133500.1.p	GRAS	TFF
SoffiXsponR570.10Ag115700.1.p	SAP	TFF
SoffiXsponR570.06Gg047600.1.p	GRAS	TFF
SoffiXsponR570.1Z086600.1.p	MYB-related	TFF
SoffiXsponR570.7_10Ag051900.1.p	GRAS	TFF
SoffiXsponR570.01Dg306500.3.p	HSF	TFF
SoffiXsponR570.02Cg178400.1.p	WRKY	TFF
SoffiXsponR570.05Gg029700.1.p	NAC	TFF
SoffiXsponR570.01Eg331900.1.p	GRAS	TFF
SoffiXsponR570.09Ag022700.1.p	SET	OTR
SoffiXsponR570.01Cg015400.3.p	SBP	TFF
SoffiXsponR570.03Fg094800.2.p	Top	TFF
SoffiXsponR570.01Dg115300.1.p	SET	OTR
SoffiXsponR570.8_10Ag204800.3.p	PHD	OTR
SoffiXsponR570.01Dg334800.6.p	FAR1	TFF
SoffiXsponR570.01Cg210600.1.p	HSF	TFF
SoffiXsponR570.08Ag156400.1.p	NAC	TFF
SoffiXsponR570.08Dg130600.1.p	bHLH	TFF
SoffiXsponR570.04Cg133200.3.p	C3H	TFF
SoffiXsponR570.10Bg023000.1.p	NAC	TFF
SoffiXsponR570.03Bg060600.2.p	SBP	TFF
SoffiXsponR570.1Z156500.1.p	PAS	TFF
SoffiXsponR570.10Eg037200.1.p	C3H	TFF
SoffiXsponR570.07Bg262500.1.p	C2C2-Dof	TFF
SoffiXsponR570.03Bg058800.2.p	bZIP	TFF
SoffiXsponR570.10Cg171100.3.p	PAS	TFF
SoffiXsponR570.03Gg140900.1.p	MYB-related	TFF
SoffiXsponR570.07Eg016300.1.p	bHLH	TFF
SoffiXsponR570.05Fg160200.1.p	bHLH	TFF
SoffiXsponR570.7_10Ag106600.1.p	C3H	TFF
SoffiXsponR570.6us88g089100.1.p	MYB	TFF
SoffiXsponR570.05Bg107100.2.p	SET	OTR
SoffiXsponR570.8_5Ag085000.1.p	ABI3VP1	TFF
SoffiXsponR570.07Bg261900.1.p	Top	TFF
SoffiXsponR570.05Eg231100.1.p	SRS	TFF
SoffiXsponR570.07Eg034400.1.p	S1Fa-like	TFF
SoffiXsponR570.01Ag296200.1.p	SOH1	OTR
SoffiXsponR570.05Bg057900.1.p	SAP	TFF
SoffiXsponR570.01Ag438400.1.p	CCAAT	TFF
SoffiXsponR570.03Ag227000.5.p	zf-C5HC2	TFF
SoffiXsponR570.02Cg315800.1.p	OFP	TFF
SoffiXsponR570.10Dg120300.1.p	GRF	TFF
SoffiXsponR570.09Cg099400.4.p	PHD	OTR
SoffiXsponR570.05Ag319200.3.p	GRAS	TFF
SoffiXsponR570.05Bg106800.1.p	TRAF	OTR
SoffiXsponR570.06Gg046000.1.p	SWI/SNF-BAF60b	OTR
SoffiXsponR570.03Bg197700.1.p	AP2-EREBP	TFF
SoffiXsponR570.8_5Ag039000.1.p	C3H	TFF
SoffiXsponR570.02Dg179000.2.p	MYB-related	TFF
SoffiXsponR570.02Ag075700.2.p	MYB	TFF
SoffiXsponR570.7_10Ag225800.1.p	bHLH	TFF
SoffiXsponR570.7_10Ag215800.1.p	NAC	TFF
SoffiXsponR570.07Ag096900.1.p	GNAT	OTR
SoffiXsponR570.07Ag158100.1.p	bHLH	TFF
SoffiXsponR570.02Fg009400.1.p	MYB	TFF
SoffiXsponR570.05Cg381400.3.p	EIL	TFF
SoffiXsponR570.01Bg158100.6.p	ABI3VP1	TFF
SoffiXsponR570.06Gg135100.1.p	WRKY	TFF
SoffiXsponR570.06Cg192500.4.p	bHLH	TFF
SoffiXsponR570.06Bg008800.1.p	MYB-related	TFF
SoffiXsponR570.10Cg165400.1.p	GRAS	TFF
SoffiXsponR570.6_9Ag292300.1.p	WRKY	TFF
SoffiXsponR570.03Ag175200.1.p	NAC	TFF
SoffiXsponR570.01Dg104200.1.p	E2F-DP	TFF
SoffiXsponR570.8_5Ag036100.4.p	Top	TFF
SoffiXsponR570.02Bg115200.2.p	SBP	TFF
SoffiXsponR570.08Eg129500.1.p	SBP	TFF
SoffiXsponR570.01Cg368400.1.p	NAC	TFF
SoffiXsponR570.01Bg193900.4.p	Top	TFF
SoffiXsponR570.03Dg007100.5.p	Jumonji	OTR
SoffiXsponR570.10Cg179000.1.p	AP2-EREBP	TFF
SoffiXsponR570.06Gg152500.1.p	Sigma70-like	TFF
SoffiXsponR570.06Cg176000.5.p	C3H	TFF
SoffiXsponR570.10Dg143100.1.p	TRAF	OTR
SoffiXsponR570.04Eg047500.1.p	BES1	TFF
SoffiXsponR570.03Ag037900.5.p	ARF	TFF
SoffiXsponR570.1os1g000800.1.p	TFIID	TFF
SoffiXsponR570.02Cg202600.1.p	WRKY	TFF
SoffiXsponR570.09Cg155900.3.p	CCAAT	TFF
SoffiXsponR570.02Cg006300.2.p	ABI3VP1	TFF
SoffiXsponR570.01Bg280500.3.p	Not1	TFF
SoffiXsponR570.5_9Ag309500.4.p	MYB-related	TFF
SoffiXsponR570.6_9Ag252400.1.p	WRKY	TFF
SoffiXsponR570.06Eg082400.1.p	OFP	TFF
SoffiXsponR570.1Z108800.1.p	FAR1	TFF
SoffiXsponR570.02Eg305400.1.p	HB	TFF
SoffiXsponR570.6us88g093500.1.p	C2C2-GATA	TFF
SoffiXsponR570.04Gg047500.1.p	mTERF	OTR
SoffiXsponR570.01Ag318800.1.p	bZIP	TFF
SoffiXsponR570.10Fg060200.1.p	TRAF	OTR
SoffiXsponR570.01Bg128100.2.p	C2C2-GATA	TFF
SoffiXsponR570.01Eg313600.2.p	PHD	OTR
SoffiXsponR570.06Cg146000.1.p	C2C2-GATA	TFF
SoffiXsponR570.10Dg190200.1.p	MYB	TFF
SoffiXsponR570.01Cg071300.2.p	SET	OTR
SoffiXsponR570.03Dg030800.1.p	SWI/SNF-BAF60b	OTR
SoffiXsponR570.01Eg062200.1.p	GNAT	OTR
SoffiXsponR570.8_5Ag136700.8.p	SET	OTR
SoffiXsponR570.02Eg359900.1.p	SET	OTR
SoffiXsponR570.05Cg029000.2.p	mTERF	OTR
SoffiXsponR570.02Dg363900.1.p	mTERF	OTR
SoffiXsponR570.6_9Ag188500.1.p	MADS	TFF
SoffiXsponR570.01Ag210900.1.p	GNAT	OTR
SoffiXsponR570.04Ag090400.1.p	GeBP	TFF
SoffiXsponR570.05Gg082400.1.p	SET	OTR
SoffiXsponR570.7_10Ag144900.4.p	bHLH	TFF
SoffiXsponR570.07Bg093900.2.p	FHA	TFF
SoffiXsponR570.10Fg114000.1.p	GRAS	TFF
SoffiXsponR570.03Eg299400.2.p	C2H2	TFF
SoffiXsponR570.03Dg102100.1.p	AP2-EREBP	TFF
SoffiXsponR570.06Gg025200.1.p	GNAT	OTR
SoffiXsponR570.8_5Ag036500.1.p	zf-LSD1	TFF
SoffiXsponR570.01Bg064200.1.p	Rcd1-like	OTR
SoffiXsponR570.01Fg223200.1.p	LIM	TFF
SoffiXsponR570.8_10Ag047300.4.p	ARF	TFF
SoffiXsponR570.7os1g074300.2.p	SBP	TFF
SoffiXsponR570.07Cg114800.1.p	FAR1	TFF
SoffiXsponR570.05Cg335800.1.p	SAP	TFF
SoffiXsponR570.04Dg004900.1.p	MYB-related	TFF
SoffiXsponR570.10Ag066100.2.p	MYB-related	TFF
SoffiXsponR570.01Ag094700.3.p	PHD	OTR
SoffiXsponR570.05Eg187300.1.p	bHLH	TFF
SoffiXsponR570.03Cg156000.1.p	NAC	TFF
SoffiXsponR570.08Dg127000.1.p	AP2-EREBP	TFF
SoffiXsponR570.01Eg443500.2.p	Trihelix	TFF
SoffiXsponR570.03Bg039700.6.p	MYB-related	TFF
SoffiXsponR570.10Dg005700.1.p	MYB-related	TFF
SoffiXsponR570.05Dg335800.2.p	Tify	TFF
SoffiXsponR570.08Bg084700.1.p	TRAF	OTR
SoffiXsponR570.01Eg378800.1.p	C2H2	TFF
SoffiXsponR570.02Bg061700.1.p	Alfin-like	TFF
SoffiXsponR570.10Cg006200.1.p	WRKY	TFF
SoffiXsponR570.07Ag237600.1.p	MED7	OTR
SoffiXsponR570.04Gg008100.1.p	MYB	TFF
SoffiXsponR570.02Gg131700.1.p	AUX/IAA	OTR
SoffiXsponR570.9us90g046400.1.p	ABI3VP1	TFF
SoffiXsponR570.09Bg035000.1.p	SET	OTR
SoffiXsponR570.02Dg037000.1.p	AUX/IAA	OTR
SoffiXsponR570.05Dg331900.1.p	CCAAT	TFF
SoffiXsponR570.03Eg217000.1.p	GeBP	TFF
SoffiXsponR570.01Bg275700.6.p	MED26	OTR
SoffiXsponR570.02Dg366900.1.p	GRAS	TFF
SoffiXsponR570.02Dg061200.2.p	zf-fF-X1	TFF
SoffiXsponR570.7_10Ag001300.1.p	PAS	TFF
SoffiXsponR570.01Bg275700.5.p	MED26	OTR
SoffiXsponR570.10Dg196500.1.p	GRAS	TFF
SoffiXsponR570.7_10Ag103500.1.p	GeBP	TFF
SoffiXsponR570.01Fg239200.3.p	bZIP	TFF
SoffiXsponR570.03Ag102300.1.p	bZIP	TFF
SoffiXsponR570.05Cg008200.1.p	zf-C5HC2	TFF
SoffiXsponR570.01Ag175000.1.p	C2C2-Dof	TFF
SoffiXsponR570.05Bg065500.1.p	DDT	OTR
SoffiXsponR570.02Eg006800.3.p	MYB	TFF
SoffiXsponR570.10Dg171500.2.p	PAS	TFF
SoffiXsponR570.9os1g018100.1.p	TUB	TFF
SoffiXsponR570.05Eg352800.1.p	MYB-related	TFF
SoffiXsponR570.04Fg142700.1.p	MADS	TFF
SoffiXsponR570.08Dg088400.1.p	SET	OTR
SoffiXsponR570.08Ag041400.1.p	MYB-related	TFF
SoffiXsponR570.8_10Ag047300.3.p	ARF	TFF
SoffiXsponR570.04Cg006100.2.p	HB	TFF
SoffiXsponR570.09Dg095900.3.p	WRKY	TFF
SoffiXsponR570.01Eg044900.1.p	bZIP	TFF
SoffiXsponR570.01Eg319500.1.p	MYB	TFF
SoffiXsponR570.01Eg169000.1.p	ABI3VP1	TFF
SoffiXsponR570.05Cg269500.1.p	FAR1	TFF
SoffiXsponR570.05Eg179900.1.p	NAC	TFF
SoffiXsponR570.06Dg008500.1.p	Top	TFF
SoffiXsponR570.04Gg080800.2.p	MADS	TFF
SoffiXsponR570.01Eg233200.1.p	OFP	TFF
SoffiXsponR570.02Dg194200.9.p	Top	TFF
SoffiXsponR570.06Fg145700.9.p	C3H	TFF
SoffiXsponR570.02Cg061500.1.p	bHLH	TFF
SoffiXsponR570.06Ag027200.2.p	HB	TFF
SoffiXsponR570.02Gg272200.1.p	ARR-B	TFF
SoffiXsponR570.03Bg074600.1.p	bZIP	TFF
SoffiXsponR570.01Bg415300.1.p	C2C2-YABBY	TFF
SoffiXsponR570.02Ag037600.1.p	C2C2-Dof	TFF
SoffiXsponR570.1Z142500.1.p	bZIP	TFF
SoffiXsponR570.07Cg064600.3.p	S1Fa-like	TFF
SoffiXsponR570.10Eg050500.1.p	bHLH	TFF
SoffiXsponR570.02Cg342900.1.p	OFP	TFF
SoffiXsponR570.01Bg286100.2.p	GRAS	TFF
SoffiXsponR570.01Ag358400.1.p	MYB	TFF
SoffiXsponR570.01Cg024800.1.p	mTERF	OTR
SoffiXsponR570.01Cg054300.2.p	GRF	TFF
SoffiXsponR570.01Cg213900.1.p	mTERF	OTR
SoffiXsponR570.09Bg059300.1.p	MYB	TFF
SoffiXsponR570.03Dg240000.6.p	C2H2	TFF
SoffiXsponR570.03Dg041000.1.p	PHD	OTR
SoffiXsponR570.03Eg216300.9.p	GNAT	OTR
SoffiXsponR570.02Ag148800.1.p	MADS	TFF
SoffiXsponR570.08Ag088600.2.p	TRAF	OTR
SoffiXsponR570.01Dg041900.1.p	NOT2_3_5	OTR
SoffiXsponR570.05Fg093500.1.p	SET	OTR
SoffiXsponR570.01Eg080400.2.p	TRAF	OTR
SoffiXsponR570.05Ag305000.2.p	ABI3VP1	TFF
SoffiXsponR570.01Cg056400.1.p	HB	TFF
SoffiXsponR570.01Ag355300.1.p	bHLH	TFF
SoffiXsponR570.04Fg068600.1.p	TRAF	OTR
SoffiXsponR570.07Dg098100.2.p	WRKY	TFF
SoffiXsponR570.02Cg229900.1.p	AUX/IAA	OTR
SoffiXsponR570.09Dg025600.1.p	NAC	TFF
SoffiXsponR570.09Cg063300.1.p	bHLH	TFF
SoffiXsponR570.02Bg051800.1.p	bZIP	TFF
SoffiXsponR570.05Cg106900.1.p	BBR/BPC	TFF
SoffiXsponR570.09Ag086700.1.p	ARF	TFF
SoffiXsponR570.04Cg221100.1.p	MYB	TFF
SoffiXsponR570.03Eg285000.1.p	zf-C5HC2	TFF
SoffiXsponR570.03Eg159100.1.p	FAR1	TFF
SoffiXsponR570.01Cg219700.2.p	Top	TFF
SoffiXsponR570.10Cg090200.2.p	AP2-EREBP	TFF
SoffiXsponR570.08Bg150800.3.p	SET	OTR
SoffiXsponR570.02Gg131800.1.p	NAC	TFF
SoffiXsponR570.02Ag375400.1.p	mTERF	OTR
SoffiXsponR570.05Eg054900.2.p	PHD	OTR
SoffiXsponR570.07Bg033000.1.p	MYB	TFF
SoffiXsponR570.07Cg058300.1.p	AP2-EREBP	TFF
SoffiXsponR570.01Cg336900.4.p	CCAAT	TFF
SoffiXsponR570.02Bg245900.2.p	ARF	TFF
SoffiXsponR570.10os1g005800.1.p	MYB-related	TFF
SoffiXsponR570.07Eg048900.1.p	MYB	TFF
SoffiXsponR570.6_9Ag116900.2.p	AP2-EREBP	TFF
SoffiXsponR570.08Ag124200.1.p	RWP-RK	TFF
SoffiXsponR570.8_5Ag056500.1.p	MYB-related	TFF
SoffiXsponR570.03Fg143900.1.p	ARID	OTR
SoffiXsponR570.05Dg240500.1.p	TCP	TFF
SoffiXsponR570.05Cg255400.1.p	mTERF	OTR
SoffiXsponR570.04Eg118400.1.p	MED26	OTR
SoffiXsponR570.03Ag144100.4.p	Trihelix	TFF
SoffiXsponR570.02Ag279500.1.p	HB	TFF
SoffiXsponR570.02Gg008700.2.p	NAC	TFF
SoffiXsponR570.07Dg092200.1.p	MYB-related	TFF
SoffiXsponR570.02Ag042700.1.p	HMG	OTR
SoffiXsponR570.8_5Ag131700.1.p	NAC	TFF
SoffiXsponR570.5_9Ag314100.1.p	AP2-EREBP	TFF
SoffiXsponR570.01Bg401800.1.p	C2H2	TFF
SoffiXsponR570.6us88g126700.2.p	C2H2	TFF
SoffiXsponR570.9os1g013800.2.p	E2F-DP	TFF
SoffiXsponR570.09Eg107500.1.p	C2C2-Dof	TFF
SoffiXsponR570.03Eg277600.6.p	MYB-related	TFF
SoffiXsponR570.09Dg033900.2.p	ARF	TFF
SoffiXsponR570.05Eg069700.1.p	AP2-EREBP	TFF
SoffiXsponR570.02Cg038700.1.p	C3H	TFF
SoffiXsponR570.01Ag389500.1.p	EIL	TFF
SoffiXsponR570.05Ag293100.1.p	bHLH	TFF
SoffiXsponR570.8_5Ag264700.1.p	bZIP	TFF
SoffiXsponR570.08Ag031700.1.p	Top	TFF
SoffiXsponR570.03Fg083800.1.p	MYB-related	TFF
SoffiXsponR570.04Eg148500.1.p	bZIP	TFF
SoffiXsponR570.01Bg142700.3.p	NOT2_3_5	OTR
SoffiXsponR570.1Z125500.1.p	SAP	TFF
SoffiXsponR570.01Dg214100.1.p	SAP	TFF
SoffiXsponR570.7_10Ag217300.1.p	FAR1	TFF
SoffiXsponR570.05Cg082000.1.p	Alfin-like	TFF
SoffiXsponR570.01Dg211400.2.p	TIG	TFF
SoffiXsponR570.02Ag410300.2.p	GRAS	TFF
SoffiXsponR570.03Gg011800.1.p	WRKY	TFF
SoffiXsponR570.01Bg181700.4.p	Trihelix	TFF
SoffiXsponR570.05Eg243800.2.p	RWP-RK	TFF
SoffiXsponR570.6_9Ag237200.4.p	bZIP	TFF
SoffiXsponR570.08Dg055700.1.p	TRAF	OTR
SoffiXsponR570.10Ag023700.1.p	C3H	TFF
SoffiXsponR570.6us88g002500.4.p	ABI3VP1	TFF
SoffiXsponR570.06Ag125200.1.p	MYB-related	TFF
SoffiXsponR570.6_9Ag029500.1.p	zf-HD	TFF
SoffiXsponR570.05Ag377000.1.p	OFP	TFF
SoffiXsponR570.05Dg219100.1.p	bZIP	TFF
SoffiXsponR570.05Ag038100.1.p	NAC	TFF
SoffiXsponR570.03Bg088300.1.p	NAC	TFF
SoffiXsponR570.10Cg041100.6.p	HB	TFF
SoffiXsponR570.02Dg185200.1.p	MYB-related	TFF
SoffiXsponR570.05Fg267800.1.p	Tify	TFF
SoffiXsponR570.05Ag241400.1.p	SRS	TFF
SoffiXsponR570.01Ag299000.1.p	MYB-related	TFF
SoffiXsponR570.09Bg050800.1.p	bZIP	TFF
SoffiXsponR570.01Ag332400.1.p	C2H2	TFF
SoffiXsponR570.1Z096700.3.p	BES1	TFF
SoffiXsponR570.08Cg192900.1.p	SWI/SNF-BAF60b	OTR
SoffiXsponR570.03Eg195500.2.p	C2H2	TFF
SoffiXsponR570.07Eg128800.1.p	AP2-EREBP	TFF
SoffiXsponR570.10Dg195000.1.p	GRAS	TFF
SoffiXsponR570.10Dg195200.1.p	GRAS	TFF
SoffiXsponR570.05Gg161700.1.p	OFP	TFF
SoffiXsponR570.10Ag111100.3.p	Sigma70-like	TFF
SoffiXsponR570.5_9Ag207600.1.p	C2H2	TFF
SoffiXsponR570.03Cg193800.1.p	MYB	TFF
SoffiXsponR570.06Cg178700.1.p	WRKY	TFF
SoffiXsponR570.02Cg231500.1.p	E2F-DP	TFF
SoffiXsponR570.3os1g011900.1.p	Tudor-knot	OTR
SoffiXsponR570.02Cg396000.2.p	C2H2	TFF
SoffiXsponR570.06Ag156200.1.p	GRAS	TFF
SoffiXsponR570.01Eg359100.2.p	bHLH	TFF
SoffiXsponR570.02Fg039800.1.p	WRKY	TFF
SoffiXsponR570.6_9Ag225200.3.p	SWI/SNF-BAF60b	OTR
SoffiXsponR570.03Bg156600.1.p	mTERF	OTR
SoffiXsponR570.03Cg295200.2.p	zf-C5HC2	TFF
SoffiXsponR570.6_9Ag206400.1.p	SET	OTR
SoffiXsponR570.05Eg225500.1.p	AP2-EREBP	TFF
SoffiXsponR570.06Eg081300.1.p	WRKY	TFF
SoffiXsponR570.01Fg150600.6.p	bHLH	TFF
SoffiXsponR570.06Ag082200.3.p	AP2-EREBP	TFF
SoffiXsponR570.02Fg151500.1.p	MYB	TFF
SoffiXsponR570.03Ag239500.5.p	C2H2	TFF
SoffiXsponR570.5_9Ag399700.1.p	AP2-EREBP	TFF
SoffiXsponR570.10Fg119200.2.p	GRAS	TFF
SoffiXsponR570.07Eg060900.1.p	NAC	TFF
SoffiXsponR570.05Cg335800.4.p	SAP	TFF
SoffiXsponR570.04Bg201100.1.p	bZIP	TFF
SoffiXsponR570.01Eg036300.1.p	C2H2	TFF
SoffiXsponR570.02Eg287300.1.p	WRKY	TFF
SoffiXsponR570.06Gg034700.7.p	TRAF	OTR
SoffiXsponR570.1Z285500.1.p	WRKY	TFF
SoffiXsponR570.10Dg099200.1.p	SBP	TFF
SoffiXsponR570.05Dg217800.1.p	zf-A20	TFF
SoffiXsponR570.08Eg023600.1.p	ABI3VP1	TFF
SoffiXsponR570.02Fg078700.3.p	ABI3VP1	TFF
SoffiXsponR570.04Gg082900.2.p	TCP	TFF
SoffiXsponR570.07Bg140400.1.p	NAC	TFF
SoffiXsponR570.07Bg166700.1.p	C2H2	TFF
SoffiXsponR570.05Cg037500.1.p	Tify	TFF
SoffiXsponR570.01Fg171800.1.p	TUB	TFF
SoffiXsponR570.04Dg063500.1.p	BBR/BPC	TFF
SoffiXsponR570.02Gg222200.1.p	WRKY	TFF
SoffiXsponR570.01Eg145500.1.p	bHLH	TFF
SoffiXsponR570.02Gg057400.1.p	MYB	TFF
SoffiXsponR570.08Dg075700.1.p	MYB-related	TFF
SoffiXsponR570.08Eg124700.1.p	mTERF	OTR
SoffiXsponR570.10Eg125900.1.p	AP2-EREBP	TFF
SoffiXsponR570.04Eg052300.7.p	HB	TFF
SoffiXsponR570.01Cg037000.3.p	Rcd1-like	OTR
SoffiXsponR570.08Bg129200.1.p	zf-HD	TFF
SoffiXsponR570.01Fg128000.1.p	OFP	TFF
SoffiXsponR570.04Eg014300.1.p	zf-C5HC2	TFF
SoffiXsponR570.06Ag034300.1.p	bHLH	TFF
SoffiXsponR570.09Bg065400.1.p	MYB	TFF
SoffiXsponR570.05Bg316100.1.p	C2H2	TFF
SoffiXsponR570.10os1g002800.1.p	SAP	TFF
SoffiXsponR570.01Cg070100.1.p	GRAS	TFF
SoffiXsponR570.06Eg028800.3.p	AP2-EREBP	TFF
SoffiXsponR570.02Ag239100.1.p	GeBP	TFF
SoffiXsponR570.08Eg104800.1.p	bHLH	TFF
SoffiXsponR570.07Dg141800.1.p	C2C2-YABBY	TFF
SoffiXsponR570.03Fg019500.3.p	bHLH	TFF
SoffiXsponR570.03Eg222600.1.p	MADS	TFF
SoffiXsponR570.08Eg129500.7.p	SBP	TFF
SoffiXsponR570.03Dg102900.1.p	HSF	TFF
SoffiXsponR570.04Fg019600.1.p	bZIP	TFF
SoffiXsponR570.1Z182000.1.p	Top	TFF
SoffiXsponR570.02Bg003800.2.p	RWP-RK	TFF
SoffiXsponR570.02Fg353700.1.p	TIG	TFF
SoffiXsponR570.7_10Ag284400.1.p	AP2-EREBP	TFF
SoffiXsponR570.01Eg069500.3.p	mTERF	OTR
SoffiXsponR570.06Dg046300.2.p	WRKY	TFF
SoffiXsponR570.05Bg379000.1.p	EIL	TFF
SoffiXsponR570.01Fg065200.2.p	GRAS	TFF
SoffiXsponR570.10Cg001600.1.p	TRAF	OTR
SoffiXsponR570.08Dg150300.1.p	HSF	TFF
SoffiXsponR570.05Eg354100.1.p	MYB	TFF
SoffiXsponR570.02Eg327500.1.p	GRAS	TFF
SoffiXsponR570.04Ag142800.1.p	mTERF	OTR
SoffiXsponR570.03Ag011500.1.p	bHLH	TFF
SoffiXsponR570.02Cg001600.1.p	NAC	TFF
SoffiXsponR570.08Dg132700.1.p	SET	OTR
SoffiXsponR570.02Cg019700.2.p	bHLH	TFF
SoffiXsponR570.03Cg112800.2.p	CPP	TFF
SoffiXsponR570.6_9Ag077800.1.p	Alfin-like	TFF
SoffiXsponR570.5_9Ag393200.2.p	FAR1	TFF
SoffiXsponR570.6_9Ag002300.1.p	C2C2-Dof	TFF
SoffiXsponR570.02Eg016200.1.p	bHLH	TFF
SoffiXsponR570.04Ag238600.1.p	MED26	OTR
SoffiXsponR570.02Dg001100.1.p	RWP-RK	TFF
SoffiXsponR570.01Dg050600.2.p	AUX/IAA	OTR
SoffiXsponR570.05Fg278600.2.p	MYB	TFF
SoffiXsponR570.7_10Ag305700.1.p	WRKY	TFF
SoffiXsponR570.01Eg387600.2.p	MADS	TFF
SoffiXsponR570.01Eg304500.2.p	WRKY	TFF
SoffiXsponR570.10Cg106800.1.p	ABI3VP1	TFF
SoffiXsponR570.05Eg225200.1.p	AP2-EREBP	TFF
SoffiXsponR570.08Ag088500.1.p	TRAF	OTR
SoffiXsponR570.02Eg318400.2.p	TUB	TFF
SoffiXsponR570.01Bg275400.1.p	MED26	OTR
SoffiXsponR570.05Fg285800.1.p	HSF	TFF
SoffiXsponR570.5_9Ag376800.2.p	zf-A20	TFF
SoffiXsponR570.02Ag178500.6.p	bHLH	TFF
SoffiXsponR570.07Ag144400.1.p	C2C2-GATA	TFF
SoffiXsponR570.08Dg053100.3.p	PHD	OTR
SoffiXsponR570.01Ag188000.2.p	MADS	TFF
SoffiXsponR570.05Bg242200.2.p	RWP-RK	TFF
SoffiXsponR570.04Eg131200.6.p	ARF	TFF
SoffiXsponR570.02Gg049800.2.p	C2C2-GATA	TFF
SoffiXsponR570.1Z267400.2.p	TRAF	OTR
SoffiXsponR570.7_10Ag004200.2.p	MYB-related	TFF
SoffiXsponR570.07Ag094200.1.p	MYB	TFF
SoffiXsponR570.03Ag238200.2.p	C2C2-Dof	TFF
SoffiXsponR570.03Gg087400.1.p	MYB	TFF
SoffiXsponR570.06Dg062200.1.p	GNAT	OTR
SoffiXsponR570.02Cg362900.1.p	TAZ	TFF
SoffiXsponR570.02Dg216200.1.p	GRAS	TFF
SoffiXsponR570.8_5Ag182900.3.p	FHA	TFF
SoffiXsponR570.10Bg206000.1.p	GRAS	TFF
SoffiXsponR570.08Dg152900.1.p	bHLH	TFF
SoffiXsponR570.5_9Ag159500.1.p	zf-A20	TFF
SoffiXsponR570.05Eg199600.1.p	zf-BED	TFF
SoffiXsponR570.05Dg169600.2.p	Jumonji	OTR
SoffiXsponR570.02Eg027500.1.p	AP2-EREBP	TFF
SoffiXsponR570.06Fg167800.1.p	MYB-related	TFF
SoffiXsponR570.02Fg358200.2.p	ARF	TFF
SoffiXsponR570.05Eg251500.3.p	mTERF	OTR
SoffiXsponR570.04Dg089400.1.p	AP2-EREBP	TFF
SoffiXsponR570.05Dg308000.5.p	C3H	TFF
SoffiXsponR570.6_9Ag199600.1.p	PHD	OTR
SoffiXsponR570.5_9Ag241500.2.p	AP2-EREBP	TFF
SoffiXsponR570.07Dg042400.3.p	TIG	TFF
SoffiXsponR570.02Ag397900.2.p	bHLH	TFF
SoffiXsponR570.01Cg088500.1.p	AP2-EREBP	TFF
SoffiXsponR570.05Fg228300.1.p	MYB	TFF
SoffiXsponR570.02Dg084800.1.p	MYB-related	TFF
SoffiXsponR570.03Ag342100.3.p	NAC	TFF
SoffiXsponR570.03Bg295800.3.p	C2C2-GATA	TFF
SoffiXsponR570.04Ag266700.1.p	bZIP	TFF
SoffiXsponR570.01Fg186300.1.p	EIL	TFF
SoffiXsponR570.7_10Ag019000.2.p	C3H	TFF
SoffiXsponR570.10Fg113300.1.p	GRAS	TFF
SoffiXsponR570.8_10Ag204800.4.p	PHD	OTR
SoffiXsponR570.05Dg260900.1.p	MYB-related	TFF
SoffiXsponR570.01Cg234600.1.p	C3H	TFF
SoffiXsponR570.04Dg034200.1.p	MADS	TFF
SoffiXsponR570.04Cg227000.3.p	ARF	TFF
SoffiXsponR570.05Eg339000.1.p	DDT	OTR
SoffiXsponR570.01Fg098700.1.p	AP2-EREBP	TFF
SoffiXsponR570.04Bg059400.1.p	BSD	TFF
SoffiXsponR570.02Dg343800.2.p	bZIP	TFF
SoffiXsponR570.01Ag182100.1.p	GRAS	TFF
SoffiXsponR570.01Ag318700.1.p	NAC	TFF
SoffiXsponR570.09Eg038000.2.p	PHD	OTR
SoffiXsponR570.07Bg197600.1.p	MYB-related	TFF
SoffiXsponR570.09Dg016800.1.p	NAC	TFF
SoffiXsponR570.03Dg259700.4.p	SET	OTR
SoffiXsponR570.07Ag142300.1.p	C2C2-YABBY	TFF
SoffiXsponR570.05Gg070900.1.p	bHLH	TFF
SoffiXsponR570.05Cg377400.1.p	bZIP	TFF
SoffiXsponR570.07Eg205300.3.p	ARF	TFF
SoffiXsponR570.8_5Ag056800.4.p	NAC	TFF
SoffiXsponR570.02Ag337500.1.p	MYB	TFF
SoffiXsponR570.04Fg015200.1.p	zf-C5HC2	TFF
SoffiXsponR570.02Eg088400.1.p	BSD	TFF
SoffiXsponR570.08Dg160800.1.p	bHLH	TFF
SoffiXsponR570.01Bg298200.1.p	bZIP	TFF
SoffiXsponR570.03Eg030400.1.p	bZIP	TFF
SoffiXsponR570.08Eg024600.1.p	WRKY	TFF
SoffiXsponR570.01Cg331500.1.p	AP2-EREBP	TFF
SoffiXsponR570.03Dg226000.3.p	C2C2-GATA	TFF
SoffiXsponR570.07Eg115000.1.p	GRAS	TFF
SoffiXsponR570.08Cg086700.1.p	GNAT	OTR
SoffiXsponR570.04Fg081000.2.p	bHLH	TFF
SoffiXsponR570.06Ag210400.2.p	C3H	TFF
SoffiXsponR570.05Cg207300.2.p	bZIP	TFF
SoffiXsponR570.9os1g002500.12.p	SET	OTR
SoffiXsponR570.09Ag166600.2.p	bHLH	TFF
SoffiXsponR570.02Dg384600.2.p	ARF	TFF
SoffiXsponR570.01Bg154100.3.p	WRKY	TFF
SoffiXsponR570.04Cg018000.1.p	AP2-EREBP	TFF
SoffiXsponR570.05Dg259900.1.p	NAC	TFF
SoffiXsponR570.02Dg382800.1.p	Tify	TFF
SoffiXsponR570.06Fg153200.1.p	bZIP	TFF
SoffiXsponR570.01Bg474900.2.p	bHLH	TFF
SoffiXsponR570.06Ag192900.1.p	MYB	TFF
SoffiXsponR570.8_10Ag091600.1.p	NAC	TFF
SoffiXsponR570.08Cg113400.1.p	TCP	TFF
SoffiXsponR570.6_9Ag129100.3.p	MYB	TFF
SoffiXsponR570.05Cg136900.2.p	SET	OTR
SoffiXsponR570.05Dg008900.1.p	MYB	TFF
SoffiXsponR570.05Ag258100.2.p	SET	OTR
SoffiXsponR570.01Cg002500.1.p	AP2-EREBP	TFF
SoffiXsponR570.7os1g081200.1.p	C3H	TFF
SoffiXsponR570.10Ag056900.1.p	MED26	OTR
SoffiXsponR570.01Eg381600.1.p	GNAT	OTR
SoffiXsponR570.10Dg077200.1.p	AUX/IAA	OTR
SoffiXsponR570.07Bg160200.1.p	MYB-related	TFF
SoffiXsponR570.02Ag200400.1.p	MADS	TFF
SoffiXsponR570.03Ag028300.3.p	BES1	TFF
SoffiXsponR570.08Eg099500.1.p	bZIP	TFF
SoffiXsponR570.7_10Ag205800.2.p	NAC	TFF
SoffiXsponR570.02Dg284800.1.p	TRAF	OTR
SoffiXsponR570.06Gg046200.1.p	NAC	TFF
SoffiXsponR570.06Cg147500.3.p	AUX/IAA	OTR
SoffiXsponR570.01Fg274400.3.p	MADS	TFF
SoffiXsponR570.01Bg017000.5.p	FAR1	TFF
SoffiXsponR570.01Eg175000.1.p	C2H2	TFF
SoffiXsponR570.01Cg012600.2.p	C2C2-GATA	TFF
SoffiXsponR570.07Cg157300.1.p	Trihelix	TFF
SoffiXsponR570.02Eg143100.3.p	bHLH	TFF
SoffiXsponR570.10us89g103500.3.p	AP2-EREBP	TFF
SoffiXsponR570.06Fg067000.1.p	bHLH	TFF
SoffiXsponR570.02Fg340000.1.p	Jumonji	OTR
SoffiXsponR570.05Bg108300.2.p	MYB-related	TFF
SoffiXsponR570.08Cg075200.2.p	PHD	OTR
SoffiXsponR570.02Gg109700.1.p	WRKY	TFF
SoffiXsponR570.1Z054100.5.p	SET	OTR
SoffiXsponR570.03Bg280600.1.p	AP2-EREBP	TFF
SoffiXsponR570.04Eg133000.2.p	SBP	TFF
SoffiXsponR570.03Gg016100.2.p	MYB	TFF
SoffiXsponR570.08Bg019000.2.p	NAC	TFF
SoffiXsponR570.07Cg236900.1.p	AP2-EREBP	TFF
SoffiXsponR570.03Ag348800.1.p	C3H	TFF
SoffiXsponR570.04Dg158000.1.p	zf-BED	TFF
SoffiXsponR570.01Bg137600.1.p	GNAT	OTR
SoffiXsponR570.02Bg358800.1.p	Top	TFF
SoffiXsponR570.07Bg176200.3.p	C2H2	TFF
SoffiXsponR570.04Eg007900.3.p	zf-fF-X1	TFF
SoffiXsponR570.07Bg103900.1.p	GNAT	OTR
SoffiXsponR570.02Dg308100.1.p	MYB	TFF
SoffiXsponR570.01Bg339100.1.p	bZIP	TFF
SoffiXsponR570.01Ag422400.2.p	SART-1	OTR
SoffiXsponR570.02Gg289800.1.p	Tify	TFF
SoffiXsponR570.05Eg180600.1.p	bZIP	TFF
SoffiXsponR570.10Bg116700.3.p	ABI3VP1	TFF
SoffiXsponR570.08Eg001100.2.p	bZIP	TFF
SoffiXsponR570.03Eg185200.1.p	AP2-EREBP	TFF
SoffiXsponR570.06Ag199800.4.p	ARF	TFF
SoffiXsponR570.01Dg050500.1.p	AUX/IAA	OTR
SoffiXsponR570.08Cg115200.2.p	MYB	TFF
SoffiXsponR570.06Bg002300.2.p	HB	TFF
SoffiXsponR570.07Ag113300.3.p	bHLH	TFF
SoffiXsponR570.03Ag227000.8.p	zf-C5HC2	TFF
SoffiXsponR570.02Dg343600.3.p	TUB	TFF
SoffiXsponR570.02Gg029800.1.p	MYB	TFF
SoffiXsponR570.05Ag277900.1.p	SBP	TFF
SoffiXsponR570.5_9Ag422200.1.p	CPP	TFF
SoffiXsponR570.03Ag039400.1.p	PAS	TFF
SoffiXsponR570.04Cg214000.1.p	MYB-related	TFF
SoffiXsponR570.01Ag531400.3.p	HB	TFF
SoffiXsponR570.01Ag454000.2.p	MYB-related	TFF
SoffiXsponR570.6us88g118000.1.p	C3H	TFF
SoffiXsponR570.02Ag111400.1.p	C3H	TFF
SoffiXsponR570.02Gg237700.1.p	MYB	TFF
SoffiXsponR570.05Fg168400.1.p	Pseudo_ARR-B	OTR
SoffiXsponR570.7_10Ag259700.1.p	NAC	TFF
SoffiXsponR570.01Fg045900.6.p	HSF	TFF
SoffiXsponR570.07Cg258400.2.p	ARF	TFF
SoffiXsponR570.04Cg014700.2.p	GRF	TFF
SoffiXsponR570.05Bg197900.1.p	EIL	TFF
SoffiXsponR570.03Bg244500.1.p	C2C2-CO-like	TFF
SoffiXsponR570.08Cg005800.5.p	PHD	OTR
SoffiXsponR570.03Dg252100.8.p	zf-C5HC2	TFF
SoffiXsponR570.10Bg204500.1.p	GRAS	TFF
SoffiXsponR570.07Cg075600.1.p	AP2-EREBP	TFF
SoffiXsponR570.05Ag348600.1.p	MYB	TFF
SoffiXsponR570.01Bg072700.2.p	TRAF	OTR
SoffiXsponR570.01Cg097600.1.p	TRAF	OTR
SoffiXsponR570.6us88g096200.1.p	TUB	TFF
SoffiXsponR570.10Bg074600.1.p	SBP	TFF
SoffiXsponR570.03Cg022700.1.p	PHD	OTR
SoffiXsponR570.06Cg063900.1.p	AP2-EREBP	TFF
SoffiXsponR570.07Ag048600.2.p	TIG	TFF
SoffiXsponR570.05Gg060200.1.p	AUX/IAA	OTR
SoffiXsponR570.03Dg033600.1.p	PHD	OTR
SoffiXsponR570.01Bg163100.1.p	C2H2	TFF
SoffiXsponR570.03Ag307500.2.p	GRF	TFF
SoffiXsponR570.02Cg368400.1.p	bHLH	TFF
SoffiXsponR570.01Eg387600.7.p	MADS	TFF
SoffiXsponR570.01Bg017000.2.p	FAR1	TFF
SoffiXsponR570.05Ag235600.1.p	AP2-EREBP	TFF
SoffiXsponR570.07Ag175300.1.p	MYB-related	TFF
SoffiXsponR570.04Ag254300.3.p	SBP	TFF
SoffiXsponR570.01Fg217500.2.p	C2C2-Dof	TFF
SoffiXsponR570.02Gg068500.1.p	bZIP	TFF
SoffiXsponR570.02Gg303800.2.p	TRAF	OTR
SoffiXsponR570.02Gg218500.1.p	WRKY	TFF
SoffiXsponR570.9os1g018100.2.p	TUB	TFF
SoffiXsponR570.02Bg280700.2.p	SET	OTR
SoffiXsponR570.02Dg037000.2.p	AUX/IAA	OTR
SoffiXsponR570.1Z282300.1.p	bHLH	TFF
SoffiXsponR570.9us90g065300.1.p	ARF	TFF
SoffiXsponR570.03Cg152000.1.p	AP2-EREBP	TFF
SoffiXsponR570.10os1g034600.1.p	PHD	OTR
SoffiXsponR570.7_10Ag313700.1.p	MADS	TFF
SoffiXsponR570.05Dg229300.2.p	SBP	TFF
SoffiXsponR570.03Gg072000.1.p	AP2-EREBP	TFF
SoffiXsponR570.02Eg215700.1.p	MYB	TFF
SoffiXsponR570.05Bg242200.3.p	RWP-RK	TFF
SoffiXsponR570.07Dg076000.4.p	DDT	OTR
SoffiXsponR570.02Gg079300.1.p	C3H	TFF
SoffiXsponR570.01Bg115700.1.p	TCP	TFF
SoffiXsponR570.09Dg079400.2.p	GRAS	TFF
SoffiXsponR570.01Ag402700.2.p	PHD	OTR
SoffiXsponR570.05Eg008900.1.p	zf-C5HC2	TFF
SoffiXsponR570.01Eg301200.1.p	NAC	TFF
SoffiXsponR570.01Dg354400.1.p	Top	TFF
SoffiXsponR570.01Cg167500.1.p	NAC	TFF
SoffiXsponR570.03Gg137100.1.p	zf-C5HC2	TFF
SoffiXsponR570.01Eg052400.1.p	bHLH	TFF
SoffiXsponR570.09Ag059500.2.p	MYB-related	TFF
SoffiXsponR570.01Ag237900.1.p	MYB-related	TFF
SoffiXsponR570.07Eg209500.1.p	ABI3VP1	TFF
SoffiXsponR570.05Fg032100.1.p	PHD	OTR
SoffiXsponR570.05Bg225400.1.p	HSF	TFF
SoffiXsponR570.02Bg070200.2.p	MED26	OTR
SoffiXsponR570.07Dg214000.3.p	ARF	TFF
SoffiXsponR570.03Eg012100.1.p	MYB	TFF
SoffiXsponR570.04Cg117100.1.p	MYB-related	TFF
SoffiXsponR570.08Ag090500.1.p	WRKY	TFF
SoffiXsponR570.02Bg107300.1.p	MYB	TFF
SoffiXsponR570.05Dg130900.3.p	ABI3VP1	TFF
SoffiXsponR570.10Dg041600.2.p	TUB	TFF
SoffiXsponR570.01Cg271400.6.p	GRAS	TFF
SoffiXsponR570.04Cg111100.3.p	zf-fF-X1	TFF
SoffiXsponR570.8_5Ag186600.1.p	TRAF	OTR
SoffiXsponR570.04Ag170500.1.p	C2C2-GATA	TFF
SoffiXsponR570.03Cg195900.1.p	NAC	TFF
SoffiXsponR570.06Ag069700.1.p	AUX/IAA	OTR
SoffiXsponR570.7_10Ag154000.1.p	bHLH	TFF
SoffiXsponR570.8_10Ag178100.1.p	Top	TFF
SoffiXsponR570.06Gg005000.2.p	bHLH	TFF
SoffiXsponR570.01Ag390700.1.p	bZIP	TFF
SoffiXsponR570.09Bg112000.2.p	GRAS	TFF
SoffiXsponR570.10Ag024200.1.p	NAC	TFF
SoffiXsponR570.07Bg236800.1.p	AP2-EREBP	TFF
SoffiXsponR570.01Fg286600.1.p	SET	OTR
SoffiXsponR570.7os1g030100.1.p	bHLH	TFF
SoffiXsponR570.8_10Ag142800.1.p	AP2-EREBP	TFF
SoffiXsponR570.01Cg007400.1.p	HSF	TFF
SoffiXsponR570.05Dg209600.3.p	bHLH	TFF
SoffiXsponR570.05Gg181700.2.p	SET	OTR
SoffiXsponR570.5_9Ag424600.2.p	AUX/IAA	OTR
SoffiXsponR570.07Bg176200.2.p	C2H2	TFF
SoffiXsponR570.02Dg300100.1.p	AP2-EREBP	TFF
SoffiXsponR570.9os1g069700.1.p	AP2-EREBP	TFF
SoffiXsponR570.06Ag210400.3.p	C3H	TFF
SoffiXsponR570.05Cg348400.3.p	SART-1	OTR
SoffiXsponR570.01Fg304700.2.p	MYB-related	TFF
SoffiXsponR570.04Bg263400.1.p	NAC	TFF
SoffiXsponR570.02Ag301000.1.p	Top	TFF
SoffiXsponR570.04Dg149800.3.p	ARID	OTR
SoffiXsponR570.01Fg281200.1.p	AP2-EREBP	TFF
SoffiXsponR570.02Bg396600.2.p	WRKY	TFF
SoffiXsponR570.05Fg187200.2.p	mTERF	OTR
SoffiXsponR570.02Fg178400.3.p	Top	TFF
SoffiXsponR570.05Ag377600.2.p	ABI3VP1	TFF
SoffiXsponR570.08Eg021800.3.p	TRAF	OTR
SoffiXsponR570.08Ag005000.14.p	PHD	OTR
SoffiXsponR570.01Eg125300.6.p	GRAS	TFF
SoffiXsponR570.08Dg052600.1.p	WRKY	TFF
SoffiXsponR570.03Bg228300.1.p	SET	OTR
SoffiXsponR570.05Fg001200.1.p	TRAF	OTR
SoffiXsponR570.03Bg288800.1.p	bHLH	TFF
SoffiXsponR570.5_9Ag250700.1.p	WRKY	TFF
SoffiXsponR570.08Ag112600.2.p	mTERF	OTR
SoffiXsponR570.05Ag362200.1.p	TRAF	OTR
SoffiXsponR570.04Cg164500.1.p	bHLH	TFF
SoffiXsponR570.01Ag062900.1.p	TRAF	OTR
SoffiXsponR570.07Eg028800.1.p	AP2-EREBP	TFF
SoffiXsponR570.07Eg102500.1.p	C2C2-YABBY	TFF
SoffiXsponR570.02Cg095100.1.p	zf-BED	TFF
SoffiXsponR570.02Cg022200.1.p	TCP	TFF
SoffiXsponR570.03Fg081200.1.p	bZIP	TFF
SoffiXsponR570.03Ag097400.1.p	AP2-EREBP	TFF
SoffiXsponR570.7_10Ag381500.3.p	PHD	OTR
SoffiXsponR570.02Ag174800.6.p	zf-BED	TFF
SoffiXsponR570.5_9Ag453700.2.p	PAS	TFF
SoffiXsponR570.03Bg166100.1.p	NAC	TFF
SoffiXsponR570.08Ag142600.1.p	ARID	OTR
SoffiXsponR570.03Dg249700.2.p	PLATZ	TFF
SoffiXsponR570.5_9Ag141500.1.p	MYB-related	TFF
SoffiXsponR570.5_9Ag078100.1.p	HRT	TFF
SoffiXsponR570.02Gg323700.1.p	C2C2-GATA	TFF
SoffiXsponR570.01Fg036900.1.p	MYB-related	TFF
SoffiXsponR570.09Bg122200.1.p	ABI3VP1	TFF
SoffiXsponR570.7_10Ag190700.4.p	ARF	TFF
SoffiXsponR570.05Eg012900.1.p	GNAT	OTR
SoffiXsponR570.03Bg218900.1.p	GNAT	OTR
SoffiXsponR570.01Bg034100.1.p	mTERF	OTR
SoffiXsponR570.02Fg064300.1.p	MYB-related	TFF
SoffiXsponR570.02Gg118300.4.p	C3H	TFF
SoffiXsponR570.03Bg240600.1.p	bHLH	TFF
SoffiXsponR570.01Eg195600.1.p	Trihelix	TFF
SoffiXsponR570.03Bg083500.1.p	MYB-related	TFF
SoffiXsponR570.05Ag307400.1.p	NAC	TFF
SoffiXsponR570.7_10Ag347700.3.p	FAR1	TFF
SoffiXsponR570.01Bg087500.3.p	PHD	OTR
SoffiXsponR570.07Ag163900.3.p	C2H2	TFF
SoffiXsponR570.02Cg097400.2.p	bHLH	TFF
SoffiXsponR570.8_5Ag136700.9.p	SET	OTR
SoffiXsponR570.08Ag002900.1.p	NAC	TFF
SoffiXsponR570.1Z171000.1.p	NAC	TFF
SoffiXsponR570.01Fg010600.1.p	GeBP	TFF
SoffiXsponR570.01Bg102700.1.p	Top	TFF
SoffiXsponR570.09Ag082800.3.p	Jumonji	OTR
SoffiXsponR570.02Dg328100.3.p	GRAS	TFF
SoffiXsponR570.03Ag003500.1.p	MADS	TFF
SoffiXsponR570.02Bg039700.1.p	PAS	TFF
SoffiXsponR570.03Ag304000.13.p	GNAT	OTR
SoffiXsponR570.01Ag428300.2.p	LIM	TFF
SoffiXsponR570.07Cg022400.1.p	ARID	OTR
SoffiXsponR570.01Bg029700.1.p	C3H	TFF
SoffiXsponR570.05Cg148600.2.p	SET	OTR
SoffiXsponR570.7_10Ag313700.3.p	MADS	TFF
SoffiXsponR570.04Bg243200.1.p	SBP	TFF
SoffiXsponR570.9os1g073200.2.p	ABI3VP1	TFF
SoffiXsponR570.8_10Ag094100.2.p	E2F-DP	TFF
SoffiXsponR570.7_10Ag268800.1.p	AP2-EREBP	TFF
SoffiXsponR570.02Fg236500.2.p	MYB-related	TFF
SoffiXsponR570.09Cg051200.1.p	C2C2-GATA	TFF
SoffiXsponR570.04Gg004400.1.p	MYB-related	TFF
SoffiXsponR570.05Dg304500.7.p	FAR1	TFF
SoffiXsponR570.05Ag225300.1.p	bHLH	TFF
SoffiXsponR570.05Bg332800.1.p	AP2-EREBP	TFF
SoffiXsponR570.5_9Ag183400.2.p	MYB-related	TFF
SoffiXsponR570.02Cg174100.1.p	C3H	TFF
SoffiXsponR570.03Eg252000.1.p	C2C2-CO-like	TFF
SoffiXsponR570.8_5Ag175900.2.p	RB	OTR
SoffiXsponR570.6_9Ag225400.2.p	NAC	TFF
SoffiXsponR570.06Fg108000.6.p	ARF	TFF
SoffiXsponR570.05Bg233700.1.p	bZIP	TFF
SoffiXsponR570.01Dg051200.2.p	WRKY	TFF
SoffiXsponR570.01Ag243900.1.p	TRAF	OTR
SoffiXsponR570.01Bg091000.1.p	AUX/IAA	OTR
SoffiXsponR570.01Bg159000.2.p	ABI3VP1	TFF
SoffiXsponR570.05Dg258200.3.p	RWP-RK	TFF
SoffiXsponR570.01Ag518500.1.p	MYB-related	TFF
SoffiXsponR570.01Bg247000.4.p	TIG	TFF
SoffiXsponR570.05Cg059800.1.p	PHD	OTR
SoffiXsponR570.04Eg131200.3.p	ARF	TFF
SoffiXsponR570.01Fg089700.1.p	bHLH	TFF
SoffiXsponR570.07Dg225400.3.p	Top	TFF
SoffiXsponR570.09Cg018700.1.p	NAC	TFF
SoffiXsponR570.01Dg167800.1.p	GRAS	TFF
SoffiXsponR570.02Dg309000.4.p	bZIP	TFF
SoffiXsponR570.03Gg000300.1.p	AUX/IAA	OTR
SoffiXsponR570.06Dg000200.1.p	MYB-related	TFF
SoffiXsponR570.01Cg329000.8.p	MADS	TFF
SoffiXsponR570.02Eg301900.1.p	GRAS	TFF
SoffiXsponR570.07Cg161700.1.p	AP2-EREBP	TFF
SoffiXsponR570.03Dg042400.1.p	HB	TFF
SoffiXsponR570.05Dg221000.3.p	C3H	TFF
SoffiXsponR570.09Dg127300.5.p	HB	TFF
SoffiXsponR570.08Dg104400.1.p	NAC	TFF
SoffiXsponR570.07Cg214600.3.p	zf-BED	TFF
SoffiXsponR570.02Bg303800.2.p	MYB-related	TFF
SoffiXsponR570.02Fg111000.1.p	Top	TFF
SoffiXsponR570.06Ag020600.2.p	C2H2	TFF
SoffiXsponR570.08Ag008900.1.p	AUX/IAA	OTR
SoffiXsponR570.07Cg191100.3.p	PLATZ	TFF
SoffiXsponR570.08Cg161200.1.p	bHLH	TFF
SoffiXsponR570.05Ag120400.2.p	MYB-related	TFF
SoffiXsponR570.02Ag006500.2.p	ABI3VP1	TFF
SoffiXsponR570.5_9Ag199000.1.p	zf-HD	TFF
SoffiXsponR570.9os1g073000.1.p	ABI3VP1	TFF
SoffiXsponR570.01Bg170400.2.p	GRAS	TFF
SoffiXsponR570.07Bg192000.1.p	C2H2	TFF
SoffiXsponR570.1Z281200.2.p	MYB-related	TFF
SoffiXsponR570.04Ag207100.1.p	GNAT	OTR
SoffiXsponR570.06Eg019700.3.p	MYB-related	TFF
SoffiXsponR570.03Eg159200.1.p	FAR1	TFF
SoffiXsponR570.7os1g080300.2.p	ARF	TFF
SoffiXsponR570.01Cg336900.2.p	CCAAT	TFF
SoffiXsponR570.7_10Ag125700.1.p	C2H2	TFF
SoffiXsponR570.01Fg269300.2.p	GRAS	TFF
SoffiXsponR570.05Ag166200.1.p	MYB	TFF
SoffiXsponR570.5_9Ag220600.1.p	AP2-EREBP	TFF
SoffiXsponR570.03Eg007200.12.p	Jumonji	OTR
SoffiXsponR570.8_10Ag325900.1.p	SBP	TFF
SoffiXsponR570.07Cg176000.2.p	C2C2-Dof	TFF
SoffiXsponR570.02Bg170000.2.p	C3H	TFF
SoffiXsponR570.01Dg010100.1.p	TFIIS	TFF
SoffiXsponR570.01Ag183300.1.p	FAR1	TFF
SoffiXsponR570.03Dg326400.1.p	bHLH	TFF
SoffiXsponR570.04Dg042400.1.p	TRAF	OTR
SoffiXsponR570.05Eg198700.1.p	bZIP	TFF
SoffiXsponR570.06Dg036700.1.p	bHLH	TFF
SoffiXsponR570.05Gg010300.1.p	MADS	TFF
SoffiXsponR570.8_10Ag315200.1.p	mTERF	OTR
SoffiXsponR570.6_9Ag051400.1.p	OFP	TFF
SoffiXsponR570.05Eg243800.4.p	RWP-RK	TFF
SoffiXsponR570.08Bg164800.1.p	bZIP	TFF
SoffiXsponR570.04Fg147000.1.p	bZIP	TFF
SoffiXsponR570.06Fg051900.3.p	ABI3VP1	TFF
SoffiXsponR570.10Cg040200.1.p	Pseudo_ARR-B	OTR
SoffiXsponR570.04Dg128400.2.p	PHD	OTR
SoffiXsponR570.3os4g005400.1.p	E2F-DP	TFF
SoffiXsponR570.03Bg209900.1.p	C2C2-Dof	TFF
SoffiXsponR570.03Cg256600.1.p	mTERF	OTR
SoffiXsponR570.01Fg045900.3.p	HSF	TFF
SoffiXsponR570.05Cg126000.1.p	AP2-EREBP	TFF
SoffiXsponR570.01Bg099500.1.p	BSD	TFF
SoffiXsponR570.01Eg168800.1.p	ABI3VP1	TFF
SoffiXsponR570.01Bg286100.4.p	GRAS	TFF
SoffiXsponR570.05Ag244700.2.p	MYB	TFF
SoffiXsponR570.02Eg281800.3.p	AP2-EREBP	TFF
SoffiXsponR570.05Eg339000.5.p	DDT	OTR
SoffiXsponR570.05Dg317700.1.p	mTERF	OTR
SoffiXsponR570.04Bg183000.1.p	AP2-EREBP	TFF
SoffiXsponR570.10Fg114900.1.p	GRAS	TFF
SoffiXsponR570.05Ag030400.1.p	bZIP	TFF
SoffiXsponR570.8_10Ag184900.1.p	CCAAT	TFF
SoffiXsponR570.06Cg190100.2.p	OFP	TFF
SoffiXsponR570.05Ag083800.1.p	bZIP	TFF
SoffiXsponR570.7_10Ag206100.1.p	MADS	TFF
SoffiXsponR570.01Eg247700.1.p	WRKY	TFF
SoffiXsponR570.07Dg154800.1.p	C2H2	TFF
SoffiXsponR570.03Cg327200.1.p	NAC	TFF
SoffiXsponR570.8_5Ag088800.1.p	TRAF	OTR
SoffiXsponR570.9us90g045000.1.p	C2C2-Dof	TFF
SoffiXsponR570.04Dg080100.2.p	bHLH	TFF
SoffiXsponR570.01Ag328200.2.p	GNAT	OTR
SoffiXsponR570.01Ag304500.1.p	C2H2	TFF
SoffiXsponR570.07Cg185600.1.p	MYB-related	TFF
SoffiXsponR570.09Bg026900.1.p	NAC	TFF
SoffiXsponR570.01Fg064100.2.p	TIG	TFF
SoffiXsponR570.01Fg270900.6.p	TIG	TFF
SoffiXsponR570.02Dg384100.2.p	SET	OTR
SoffiXsponR570.09Dg114000.7.p	CCAAT	TFF
SoffiXsponR570.03Eg127000.1.p	C2H2	TFF
SoffiXsponR570.02Gg033300.3.p	SBP	TFF
SoffiXsponR570.1Z006800.2.p	TRAF	OTR
SoffiXsponR570.04Cg235100.2.p	PAS	TFF
SoffiXsponR570.02Bg039900.1.p	WRKY	TFF
SoffiXsponR570.09Dg018700.8.p	FAR1	TFF
SoffiXsponR570.04Eg026000.3.p	PHD	OTR
SoffiXsponR570.02Cg314200.1.p	WRKY	TFF
SoffiXsponR570.04Bg243300.1.p	MYB-related	TFF
SoffiXsponR570.06Cg122900.5.p	NOT2_3_5	OTR
SoffiXsponR570.09Dg100100.1.p	CPP	TFF
SoffiXsponR570.02Gg005700.2.p	bHLH	TFF
SoffiXsponR570.8_10Ag296800.1.p	bHLH	TFF
SoffiXsponR570.03Dg201300.5.p	FAR1	TFF
SoffiXsponR570.08Bg161500.8.p	C2H2	TFF
SoffiXsponR570.05Gg179000.1.p	Tify	TFF
SoffiXsponR570.01Dg060600.2.p	AP2-EREBP	TFF
SoffiXsponR570.10Eg130900.1.p	GRAS	TFF
SoffiXsponR570.8_5Ag270500.1.p	PHD	OTR
SoffiXsponR570.07Dg016900.1.p	ABI3VP1	TFF
SoffiXsponR570.05Eg247900.3.p	C2H2	TFF
SoffiXsponR570.03Cg177900.1.p	NAC	TFF
SoffiXsponR570.02Bg085200.1.p	MYB-related	TFF
SoffiXsponR570.09Bg106100.1.p	MYB	TFF
SoffiXsponR570.06Fg016500.2.p	MYB-related	TFF
SoffiXsponR570.10Cg037700.1.p	OFP	TFF
SoffiXsponR570.07Dg183600.1.p	TRAF	OTR
SoffiXsponR570.02Gg129200.1.p	DDT	OTR
SoffiXsponR570.06Gg132700.1.p	ARF	TFF
SoffiXsponR570.01Bg101500.2.p	HB	TFF
SoffiXsponR570.01Cg101500.1.p	SET	OTR
SoffiXsponR570.02Fg316300.2.p	C2H2	TFF
SoffiXsponR570.03Cg219200.1.p	GRAS	TFF
SoffiXsponR570.09Eg092100.5.p	PHD	OTR
SoffiXsponR570.08Eg110100.1.p	RB	OTR
SoffiXsponR570.02Bg203100.1.p	NAC	TFF
SoffiXsponR570.08Ag055900.1.p	zf-LSD1	TFF
SoffiXsponR570.08Ag000500.1.p	ABI3VP1	TFF
SoffiXsponR570.03Cg106200.1.p	HMG	OTR
SoffiXsponR570.04Dg164700.1.p	PAS	TFF
SoffiXsponR570.05Ag091700.2.p	AP2-EREBP	TFF
SoffiXsponR570.02Ag174800.4.p	PHD	OTR
SoffiXsponR570.06Eg078400.1.p	GNAT	OTR
SoffiXsponR570.08Cg062900.4.p	SET	OTR
SoffiXsponR570.5_9Ag228900.1.p	C2H2	TFF
SoffiXsponR570.02Dg261700.1.p	HSF	TFF
SoffiXsponR570.1Z203900.1.p	bZIP	TFF
SoffiXsponR570.04Bg117600.1.p	bZIP	TFF
SoffiXsponR570.08Cg016200.1.p	NAC	TFF
SoffiXsponR570.8_10Ag115600.2.p	C2C2-Dof	TFF
SoffiXsponR570.05Bg263900.2.p	FAR1	TFF
SoffiXsponR570.05Cg381400.2.p	EIL	TFF
SoffiXsponR570.01Bg492500.1.p	SWI/SNF-BAF60b	OTR
SoffiXsponR570.10Ag051300.1.p	Pseudo_ARR-B	OTR
SoffiXsponR570.03Eg001300.1.p	bZIP	TFF
SoffiXsponR570.04Fg068700.6.p	Top	TFF
SoffiXsponR570.10Bg086500.3.p	RB	OTR
SoffiXsponR570.9os1g037500.1.p	NAC	TFF
SoffiXsponR570.9us90g030800.2.p	MYB-related	TFF
SoffiXsponR570.6_9Ag113800.1.p	FAR1	TFF
SoffiXsponR570.02Gg280100.1.p	C3H	TFF
SoffiXsponR570.09Cg141700.5.p	CPP	TFF
SoffiXsponR570.10Dg166800.2.p	C2C2-Dof	TFF
SoffiXsponR570.01Cg079100.2.p	ARF	TFF
SoffiXsponR570.06Ag163100.4.p	TCP	TFF
SoffiXsponR570.02Ag198500.2.p	Top	TFF
SoffiXsponR570.04Ag225200.1.p	NAC	TFF
SoffiXsponR570.02Dg351200.1.p	SET	OTR
SoffiXsponR570.03Ag301800.1.p	GeBP	TFF
SoffiXsponR570.03Bg034700.5.p	PHD	OTR
SoffiXsponR570.07Ag263400.2.p	TUB	TFF
SoffiXsponR570.05Dg209900.1.p	C2C2-Dof	TFF
SoffiXsponR570.07Cg244100.1.p	AP2-EREBP	TFF
SoffiXsponR570.03Dg259200.3.p	C2C2-Dof	TFF
SoffiXsponR570.07Eg176800.1.p	GNAT	OTR
SoffiXsponR570.03Bg211000.1.p	AP2-EREBP	TFF
SoffiXsponR570.10Eg085600.2.p	bHLH	TFF
SoffiXsponR570.07Dg100400.1.p	PHD	OTR
SoffiXsponR570.08Ag151800.1.p	zf-HD	TFF
SoffiXsponR570.09Ag054000.1.p	C2C2-GATA	TFF
SoffiXsponR570.01Dg209700.4.p	bHLH	TFF
SoffiXsponR570.04Ag254300.6.p	SBP	TFF
SoffiXsponR570.03Cg331000.1.p	zf-fF-X1	TFF
SoffiXsponR570.1Z036400.1.p	Tify	TFF
SoffiXsponR570.05Fg264500.7.p	CCAAT	TFF
SoffiXsponR570.04Dg137800.2.p	CPP	TFF
SoffiXsponR570.05Dg383700.1.p	bZIP	TFF
SoffiXsponR570.05Fg246500.1.p	C3H	TFF
SoffiXsponR570.09Cg062500.1.p	MYB	TFF
SoffiXsponR570.03Gg130600.2.p	MYB-related	TFF
SoffiXsponR570.04Cg008600.1.p	ABI3VP1	TFF
SoffiXsponR570.6us88g095000.2.p	MED26	OTR
SoffiXsponR570.01Ag172000.3.p	LIM	TFF
SoffiXsponR570.5_9Ag045700.1.p	GeBP	TFF
SoffiXsponR570.09Ag052800.19.p	SAP	TFF
SoffiXsponR570.8_10Ag293700.1.p	SRS	TFF
SoffiXsponR570.07Eg118300.1.p	bHLH	TFF
SoffiXsponR570.8_10Ag180100.2.p	Sigma70-like	TFF
SoffiXsponR570.07Eg025600.3.p	TIG	TFF
SoffiXsponR570.10Fg123200.1.p	GRAS	TFF
SoffiXsponR570.10Fg109800.1.p	C2H2	TFF
SoffiXsponR570.1Z194300.1.p	AP2-EREBP	TFF
SoffiXsponR570.5_9Ag413700.2.p	ARF	TFF
SoffiXsponR570.02Fg061900.2.p	bHLH	TFF
SoffiXsponR570.01Ag291900.5.p	MED26	OTR
SoffiXsponR570.02Ag229300.1.p	C2C2-GATA	TFF
SoffiXsponR570.1Z266200.1.p	NAC	TFF
SoffiXsponR570.04Fg095000.1.p	GNAT	OTR
SoffiXsponR570.8_5Ag139800.2.p	ARID	OTR
SoffiXsponR570.03Ag221100.2.p	NAC	TFF
SoffiXsponR570.04Gg057900.4.p	C2H2	TFF
SoffiXsponR570.02Bg328000.3.p	GRAS	TFF
SoffiXsponR570.02Bg112500.1.p	MYB	TFF
SoffiXsponR570.02Fg257900.1.p	ARF	TFF
SoffiXsponR570.03Ag077700.2.p	zf-A20	TFF
SoffiXsponR570.02Dg255500.1.p	MYB	TFF
SoffiXsponR570.07Eg025600.4.p	TIG	TFF
SoffiXsponR570.6_9Ag102800.1.p	GRAS	TFF
SoffiXsponR570.05Dg068400.1.p	AP2-EREBP	TFF
SoffiXsponR570.07Bg213600.5.p	ABI3VP1	TFF
SoffiXsponR570.06Dg048600.1.p	AP2-EREBP	TFF
SoffiXsponR570.02Ag290100.3.p	TCP	TFF
SoffiXsponR570.01Ag044600.1.p	bZIP	TFF
SoffiXsponR570.01Ag474200.1.p	GNAT	OTR
SoffiXsponR570.05Fg264500.1.p	CCAAT	TFF
SoffiXsponR570.10Bg001600.3.p	PAS	TFF
SoffiXsponR570.10Bg206900.1.p	C2H2	TFF
SoffiXsponR570.03Eg282000.2.p	bHLH	TFF
SoffiXsponR570.7_10Ag289100.3.p	GRAS	TFF
SoffiXsponR570.01Fg116100.1.p	MADS	TFF
SoffiXsponR570.02Eg176600.1.p	HSF	TFF
SoffiXsponR570.01Dg057200.1.p	ABI3VP1	TFF
SoffiXsponR570.02Eg117300.1.p	C2C2-GATA	TFF
SoffiXsponR570.02Dg355800.1.p	MADS	TFF
SoffiXsponR570.03Bg065100.2.p	HB	TFF
SoffiXsponR570.06Eg114100.1.p	mTERF	OTR
SoffiXsponR570.09Ag159400.1.p	C2C2-GATA	TFF
SoffiXsponR570.05Dg300500.3.p	bHLH	TFF
SoffiXsponR570.7os1g072400.1.p	AP2-EREBP	TFF
SoffiXsponR570.04Eg096000.1.p	PLATZ	TFF
SoffiXsponR570.6_9Ag275400.1.p	TCP	TFF
SoffiXsponR570.02Gg073500.1.p	zf-BED	TFF
SoffiXsponR570.01Ag126700.2.p	SET	OTR
SoffiXsponR570.7_10Ag318300.1.p	NAC	TFF
SoffiXsponR570.05Fg278600.4.p	MYB	TFF
SoffiXsponR570.07Ag071900.1.p	SET	OTR
SoffiXsponR570.08Cg032200.2.p	zf-LSD1	TFF
SoffiXsponR570.6_9Ag234000.2.p	TUB	TFF
SoffiXsponR570.08Eg101700.1.p	SRS	TFF
SoffiXsponR570.01Fg061100.2.p	Tify	TFF
SoffiXsponR570.01Dg242900.1.p	C3H	TFF
SoffiXsponR570.09Dg018700.4.p	FAR1	TFF
SoffiXsponR570.04Ag227900.1.p	MYB	TFF
SoffiXsponR570.04Ag084500.2.p	bHLH	TFF
SoffiXsponR570.8_10Ag094100.1.p	E2F-DP	TFF
SoffiXsponR570.10Ag056900.3.p	MED26	OTR
SoffiXsponR570.07Cg191700.1.p	Top	TFF
SoffiXsponR570.01Fg139300.1.p	CCAAT	TFF
SoffiXsponR570.09Cg144500.3.p	bHLH	TFF
SoffiXsponR570.02Eg200200.2.p	C3H	TFF
SoffiXsponR570.01Ag174300.1.p	ABI3VP1	TFF
SoffiXsponR570.08Bg187800.1.p	NAC	TFF
SoffiXsponR570.04Cg279300.3.p	TRAF	OTR
SoffiXsponR570.02Bg036400.1.p	MYB-related	TFF
SoffiXsponR570.04Ag165800.4.p	NAC	TFF
SoffiXsponR570.05Dg137900.2.p	bZIP	TFF
SoffiXsponR570.03Eg227100.1.p	MYB	TFF
SoffiXsponR570.8_10Ag066700.1.p	Jumonji	OTR
SoffiXsponR570.03Cg069800.2.p	mTERF	OTR
SoffiXsponR570.01Ag461700.3.p	ABI3VP1	TFF
SoffiXsponR570.05Fg179900.1.p	RWP-RK	TFF
SoffiXsponR570.8_5Ag163200.4.p	C2H2	TFF
SoffiXsponR570.6_9Ag323500.1.p	MYB-related	TFF
SoffiXsponR570.05Fg251500.1.p	GRAS	TFF
SoffiXsponR570.07Eg209600.2.p	MYB	TFF
SoffiXsponR570.05Gg025700.3.p	HB	TFF
SoffiXsponR570.5_9Ag310800.1.p	TRAF	OTR
SoffiXsponR570.02Eg139300.2.p	zf-BED	TFF
SoffiXsponR570.7_10Ag259600.1.p	C2C2-YABBY	TFF
SoffiXsponR570.06Gg028300.2.p	SET	OTR
SoffiXsponR570.02Dg167400.2.p	Jumonji	OTR
SoffiXsponR570.05Eg310700.1.p	C2H2	TFF
SoffiXsponR570.01Ag097200.1.p	HSF	TFF
SoffiXsponR570.03Dg326200.1.p	AUX/IAA	OTR
SoffiXsponR570.07Dg038200.1.p	bHLH	TFF
SoffiXsponR570.01Ag386300.1.p	MYB-related	TFF
SoffiXsponR570.01Bg157800.4.p	ABI3VP1	TFF
SoffiXsponR570.04Bg169500.2.p	FAR1	TFF
SoffiXsponR570.05Dg203400.1.p	bHLH	TFF
SoffiXsponR570.01Cg262200.4.p	Pseudo_ARR-B	OTR
SoffiXsponR570.03Bg023300.3.p	GeBP	TFF
SoffiXsponR570.04Eg097600.1.p	TRAF	OTR
SoffiXsponR570.08Cg171100.1.p	MADS	TFF
SoffiXsponR570.02Gg257700.1.p	GRAS	TFF
SoffiXsponR570.01Ag077900.1.p	bZIP	TFF
SoffiXsponR570.03Bg223100.1.p	bHLH	TFF
SoffiXsponR570.04Gg107000.1.p	TRAF	OTR
SoffiXsponR570.1Z221200.1.p	DDT	OTR
SoffiXsponR570.05Dg335800.1.p	Tify	TFF
SoffiXsponR570.01Eg277900.4.p	MED26	OTR
SoffiXsponR570.10Ag066600.1.p	NAC	TFF
SoffiXsponR570.07Ag242500.1.p	MYB-related	TFF
SoffiXsponR570.06Ag218500.1.p	bHLH	TFF
SoffiXsponR570.01Fg238600.4.p	MYB-related	TFF
SoffiXsponR570.8_5Ag046700.2.p	MYB-related	TFF
SoffiXsponR570.09Cg016400.5.p	FAR1	TFF
SoffiXsponR570.6us88g085400.1.p	WRKY	TFF
SoffiXsponR570.03Cg162200.5.p	bHLH	TFF
SoffiXsponR570.02Ag038500.3.p	C3H	TFF
SoffiXsponR570.03Gg131200.2.p	GNAT	OTR
SoffiXsponR570.04Ag101100.2.p	MADS	TFF
SoffiXsponR570.01Eg160300.4.p	MYB-related	TFF
SoffiXsponR570.01Dg306800.4.p	MYB-related	TFF
SoffiXsponR570.04Ag114800.1.p	TRAF	OTR
SoffiXsponR570.02Bg204300.1.p	E2F-DP	TFF
SoffiXsponR570.02Ag003200.2.p	G2-like	TFF
SoffiXsponR570.06Cg147500.4.p	AUX/IAA	OTR
SoffiXsponR570.04Gg074300.1.p	bZIP	TFF
SoffiXsponR570.04Eg133500.6.p	SBP	TFF
SoffiXsponR570.8_5Ag197100.2.p	GRAS	TFF
SoffiXsponR570.01Bg475200.1.p	MYB-related	TFF
SoffiXsponR570.10Bg204900.1.p	GRAS	TFF
SoffiXsponR570.03Eg038100.1.p	TAZ	TFF
SoffiXsponR570.8_10Ag301600.1.p	RB	OTR
SoffiXsponR570.04Dg109800.1.p	TRAF	OTR
SoffiXsponR570.9us90g064800.1.p	SET	OTR
SoffiXsponR570.08Dg104400.3.p	NAC	TFF
SoffiXsponR570.03Ag167800.2.p	bHLH	TFF
SoffiXsponR570.02Bg149700.1.p	bHLH	TFF
SoffiXsponR570.08Cg083600.6.p	SET	OTR
SoffiXsponR570.01Eg051000.2.p	DDT	OTR
SoffiXsponR570.06Gg152500.2.p	Sigma70-like	TFF
SoffiXsponR570.02Dg274100.1.p	VOZ	TFF
SoffiXsponR570.8_10Ag025500.1.p	TRAF	OTR
SoffiXsponR570.02Ag236100.1.p	TUB	TFF
SoffiXsponR570.07Cg228100.1.p	GNAT	OTR
SoffiXsponR570.01Cg230800.2.p	WRKY	TFF
SoffiXsponR570.03Dg157300.1.p	MADS	TFF
SoffiXsponR570.10Cg111700.2.p	ABI3VP1	TFF
SoffiXsponR570.01Eg108800.1.p	GRF	TFF
SoffiXsponR570.08Ag180900.1.p	MADS	TFF
SoffiXsponR570.6us88g052300.1.p	GRAS	TFF
SoffiXsponR570.02Gg172200.1.p	SWI/SNF-BAF60b	OTR
SoffiXsponR570.02Cg396000.1.p	C2H2	TFF
SoffiXsponR570.02Fg322200.1.p	SET	OTR
SoffiXsponR570.03Bg067300.2.p	mTERF	OTR
SoffiXsponR570.05Bg368600.1.p	AP2-EREBP	TFF
SoffiXsponR570.02Fg300900.2.p	WRKY	TFF
SoffiXsponR570.02Gg087900.2.p	ABI3VP1	TFF
SoffiXsponR570.03Ag144100.3.p	Trihelix	TFF
SoffiXsponR570.05Eg058900.1.p	FHA	TFF
SoffiXsponR570.02Ag130300.1.p	AUX/IAA	OTR
SoffiXsponR570.01Dg032300.2.p	bHLH	TFF
SoffiXsponR570.08Eg100500.1.p	NAC	TFF
SoffiXsponR570.06Cg173000.2.p	Trihelix	TFF
SoffiXsponR570.02Gg243900.2.p	bZIP	TFF
SoffiXsponR570.06Dg008700.4.p	Top	TFF
SoffiXsponR570.03Bg007500.2.p	Jumonji	OTR
SoffiXsponR570.01Eg168000.1.p	MYB-related	TFF
SoffiXsponR570.05Ag181000.4.p	ARID	OTR
SoffiXsponR570.05Fg117900.1.p	mTERF	OTR
SoffiXsponR570.04Bg250900.1.p	SRS	TFF
SoffiXsponR570.4os1g000600.2.p	LIM	TFF
SoffiXsponR570.03Fg035400.1.p	bZIP	TFF
SoffiXsponR570.08Cg070900.1.p	SET	OTR
SoffiXsponR570.03Bg040700.1.p	ARF	TFF
SoffiXsponR570.01Cg309500.4.p	MYB-related	TFF
SoffiXsponR570.05Bg377100.2.p	C3H	TFF
SoffiXsponR570.01Bg083000.1.p	MADS	TFF
SoffiXsponR570.07Ag163900.1.p	C2H2	TFF
SoffiXsponR570.03Bg155200.1.p	EIL	TFF
SoffiXsponR570.06Gg026100.3.p	NAC	TFF
SoffiXsponR570.01Eg157900.2.p	CCAAT	TFF
SoffiXsponR570.04Ag120900.2.p	bZIP	TFF
SoffiXsponR570.05Dg125500.1.p	BES1	TFF
SoffiXsponR570.1Z022000.1.p	MYB	TFF
SoffiXsponR570.04Cg144500.1.p	CPP	TFF
SoffiXsponR570.8_5Ag085900.1.p	WRKY	TFF
SoffiXsponR570.01Bg484700.1.p	NAC	TFF
SoffiXsponR570.04Fg050700.1.p	MYB-related	TFF
SoffiXsponR570.03Eg007200.13.p	Jumonji	OTR
SoffiXsponR570.02Ag063600.1.p	Alfin-like	TFF
SoffiXsponR570.01Fg322300.8.p	HB	TFF
SoffiXsponR570.05Fg115000.1.p	PHD	OTR
SoffiXsponR570.06Ag081600.1.p	WRKY	TFF
SoffiXsponR570.02Bg328000.2.p	GRAS	TFF
SoffiXsponR570.06Ag097500.1.p	GNAT	OTR
SoffiXsponR570.01Cg003100.1.p	Sigma70-like	TFF
SoffiXsponR570.10Cg042800.1.p	GRAS	TFF
SoffiXsponR570.09Bg025600.1.p	zf-HD	TFF
SoffiXsponR570.5_9Ag217300.1.p	CCAAT	TFF
SoffiXsponR570.05Cg035700.2.p	TCP	TFF
SoffiXsponR570.05Fg249500.2.p	GRAS	TFF
SoffiXsponR570.03Dg209000.1.p	MYB	TFF
SoffiXsponR570.01Cg171500.1.p	AP2-EREBP	TFF
SoffiXsponR570.06Cg138800.1.p	BSD	TFF
SoffiXsponR570.03Dg201400.1.p	FAR1	TFF
SoffiXsponR570.03Dg061100.2.p	SBP	TFF
SoffiXsponR570.01Eg330500.1.p	C2C2-Dof	TFF
SoffiXsponR570.03Cg238400.5.p	MYB-related	TFF
SoffiXsponR570.03Ag114800.4.p	MYB	TFF
SoffiXsponR570.05Cg197400.3.p	bHLH	TFF
SoffiXsponR570.02Fg344000.1.p	ABI3VP1	TFF
SoffiXsponR570.10Eg023400.2.p	FAR1	TFF
SoffiXsponR570.7_10Ag347700.5.p	FAR1	TFF
SoffiXsponR570.01Ag531400.4.p	HB	TFF
SoffiXsponR570.06Fg133400.2.p	AP2-EREBP	TFF
SoffiXsponR570.10Dg171500.3.p	PAS	TFF
SoffiXsponR570.05Ag172500.1.p	bHLH	TFF
SoffiXsponR570.07Bg215900.2.p	zf-BED	TFF
SoffiXsponR570.03Bg268900.1.p	AP2-EREBP	TFF
SoffiXsponR570.02Cg242000.1.p	MYB	TFF
SoffiXsponR570.04Cg158900.1.p	HSF	TFF
SoffiXsponR570.09Eg123600.1.p	ABI3VP1	TFF
SoffiXsponR570.5_9Ag076100.1.p	C2H2	TFF
SoffiXsponR570.7os1g072800.5.p	FAR1	TFF
SoffiXsponR570.6_9Ag235600.1.p	OFP	TFF
SoffiXsponR570.02Bg306400.3.p	HB	TFF
SoffiXsponR570.04Cg209200.1.p	MYB-related	TFF
SoffiXsponR570.03Fg031600.2.p	BES1	TFF
SoffiXsponR570.03Dg071000.2.p	PLATZ	TFF
SoffiXsponR570.04Ag191200.1.p	C3H	TFF
SoffiXsponR570.02Fg048100.3.p	Top	TFF
SoffiXsponR570.10Bg200300.2.p	MYB-related	TFF
SoffiXsponR570.03Cg219300.3.p	GRAS	TFF
SoffiXsponR570.07Bg255800.1.p	ARF	TFF
SoffiXsponR570.01Ag543300.4.p	SWI/SNF-BAF60b	OTR
SoffiXsponR570.05Cg049600.9.p	PHD	OTR
SoffiXsponR570.08Dg115700.4.p	ARID	OTR
SoffiXsponR570.04Dg157800.1.p	AP2-EREBP	TFF
SoffiXsponR570.01Eg363500.4.p	NAC	TFF
SoffiXsponR570.03Eg066800.1.p	bZIP	TFF
SoffiXsponR570.08Cg083600.2.p	SET	OTR
SoffiXsponR570.01Eg265200.1.p	bHLH	TFF
SoffiXsponR570.09Dg106500.1.p	CCAAT	TFF
SoffiXsponR570.08Ag041900.2.p	TRAF	OTR
SoffiXsponR570.09Cg123800.1.p	GRAS	TFF
SoffiXsponR570.01Cg344700.1.p	HB	TFF
SoffiXsponR570.06Cg186900.1.p	MYB-related	TFF
SoffiXsponR570.08Dg167400.1.p	TRAF	OTR
SoffiXsponR570.8_10Ag133700.1.p	MYB	TFF
SoffiXsponR570.7_10Ag089800.1.p	zf-HD	TFF
SoffiXsponR570.01Ag077700.2.p	AP2-EREBP	TFF
SoffiXsponR570.10Cg073000.1.p	zf-HD	TFF
SoffiXsponR570.01Ag070100.3.p	bHLH	TFF
SoffiXsponR570.01Dg333900.1.p	AP2-EREBP	TFF
SoffiXsponR570.06Gg079700.1.p	NOT2_3_5	OTR
SoffiXsponR570.02Gg204000.1.p	AP2-EREBP	TFF
SoffiXsponR570.01Cg063100.3.p	PHD	OTR
SoffiXsponR570.10Eg123900.1.p	MYB	TFF
SoffiXsponR570.03Gg094400.1.p	NAC	TFF
SoffiXsponR570.06Ag146900.1.p	GRAS	TFF
SoffiXsponR570.05Ag212300.1.p	zf-A20	TFF
SoffiXsponR570.05Eg111800.1.p	MYB	TFF
SoffiXsponR570.07Ag252500.1.p	MYB	TFF
SoffiXsponR570.01Bg280500.1.p	Not1	TFF
SoffiXsponR570.06Bg008000.1.p	MYB-related	TFF
SoffiXsponR570.02Fg243200.2.p	ABI3VP1	TFF
SoffiXsponR570.05Cg067000.1.p	DDT	OTR
SoffiXsponR570.03Cg210300.4.p	Trihelix	TFF
SoffiXsponR570.01Dg378800.1.p	MADS	TFF
SoffiXsponR570.02Cg174200.1.p	C2H2	TFF
SoffiXsponR570.07Bg021300.2.p	Top	TFF
SoffiXsponR570.05Ag067500.1.p	SAP	TFF
SoffiXsponR570.05Bg200500.3.p	C3H	TFF
SoffiXsponR570.04Cg187400.2.p	PLATZ	TFF
SoffiXsponR570.9os1g019800.13.p	SAP	TFF
SoffiXsponR570.7_10Ag064600.1.p	TCP	TFF
SoffiXsponR570.01Ag373900.4.p	TUB	TFF
SoffiXsponR570.05Gg163400.1.p	SET	OTR
SoffiXsponR570.08Bg153900.1.p	SOH1	OTR
SoffiXsponR570.07Cg243100.2.p	FAR1	TFF
SoffiXsponR570.01Fg023900.1.p	MYB	TFF
SoffiXsponR570.07Ag064200.1.p	OFP	TFF
SoffiXsponR570.02Bg284500.1.p	NAC	TFF
SoffiXsponR570.01Dg323600.2.p	C2H2	TFF
SoffiXsponR570.6us88g099100.1.p	E2F-DP	TFF
SoffiXsponR570.07Eg039700.1.p	OFP	TFF
SoffiXsponR570.10Bg046700.2.p	bZIP	TFF
SoffiXsponR570.3os3g002000.1.p	AP2-EREBP	TFF
SoffiXsponR570.01Eg390600.1.p	FAR1	TFF
SoffiXsponR570.07Ag071100.1.p	AP2-EREBP	TFF
SoffiXsponR570.02Cg165400.1.p	Jumonji	OTR
SoffiXsponR570.05Bg287100.1.p	bHLH	TFF
SoffiXsponR570.8_5Ag085900.2.p	WRKY	TFF
SoffiXsponR570.01Dg223600.1.p	mTERF	OTR
SoffiXsponR570.01Ag072400.1.p	FAR1	TFF
SoffiXsponR570.01Fg284100.1.p	bHLH	TFF
SoffiXsponR570.02Bg001900.2.p	WRKY	TFF
SoffiXsponR570.4us91g020900.1.p	AP2-EREBP	TFF
SoffiXsponR570.01Fg274400.1.p	MADS	TFF
SoffiXsponR570.01Eg141300.4.p	HB	TFF
SoffiXsponR570.01Ag077300.1.p	MYB	TFF
SoffiXsponR570.06Eg122900.1.p	AP2-EREBP	TFF
SoffiXsponR570.8_10Ag339900.1.p	CCAAT	TFF
SoffiXsponR570.01Cg055000.1.p	bHLH	TFF
SoffiXsponR570.07Cg173500.1.p	RWP-RK	TFF
SoffiXsponR570.8_10Ag238900.2.p	SET	OTR
SoffiXsponR570.05Bg246400.4.p	C2H2	TFF
SoffiXsponR570.04Ag217900.3.p	CCAAT	TFF
SoffiXsponR570.03Eg007200.6.p	Jumonji	OTR
SoffiXsponR570.04Cg037500.2.p	TRAF	OTR
SoffiXsponR570.04Fg160700.1.p	PHD	OTR
SoffiXsponR570.6_9Ag118600.2.p	SAP	TFF
SoffiXsponR570.04Ag225000.4.p	TRAF	OTR
SoffiXsponR570.1Z048100.2.p	HB	TFF
SoffiXsponR570.01Bg115300.2.p	GRAS	TFF
SoffiXsponR570.09Cg043200.1.p	ABI3VP1	TFF
SoffiXsponR570.01Ag264900.4.p	GRAS	TFF
SoffiXsponR570.06Eg132200.2.p	bZIP	TFF
SoffiXsponR570.07Dg095300.1.p	NAC	TFF
SoffiXsponR570.02Bg061600.1.p	zf-fF-X1	TFF
SoffiXsponR570.02Eg287500.1.p	WRKY	TFF
SoffiXsponR570.06Ag038000.1.p	MYB-related	TFF
SoffiXsponR570.01Dg096700.1.p	SAP	TFF
SoffiXsponR570.01Dg284700.1.p	GRAS	TFF
SoffiXsponR570.08Bg142600.1.p	bHLH	TFF
SoffiXsponR570.03Eg303300.1.p	NAC	TFF
SoffiXsponR570.08Bg062100.1.p	CCAAT	TFF
SoffiXsponR570.02Eg341900.1.p	ABI3VP1	TFF
SoffiXsponR570.07Eg128700.1.p	AP2-EREBP	TFF
SoffiXsponR570.10Dg186900.1.p	GRAS	TFF
SoffiXsponR570.02Gg009500.1.p	MYB	TFF
SoffiXsponR570.04Cg003800.1.p	GRAS	TFF
SoffiXsponR570.07Cg264700.1.p	Top	TFF
SoffiXsponR570.01Cg028900.2.p	bZIP	TFF
SoffiXsponR570.7_10Ag355800.4.p	MYB-related	TFF
SoffiXsponR570.09Cg034000.2.p	PHD	OTR
SoffiXsponR570.01Dg311400.1.p	MADS	TFF
SoffiXsponR570.03Dg175500.6.p	bHLH	TFF
SoffiXsponR570.05Ag273700.1.p	PHD	OTR
SoffiXsponR570.02Gg085600.1.p	PLATZ	TFF
SoffiXsponR570.01Dg151200.1.p	PLATZ	TFF
SoffiXsponR570.03Eg171900.1.p	ARF	TFF
SoffiXsponR570.02Ag203900.2.p	C3H	TFF
SoffiXsponR570.03Bg227000.1.p	zf-HD	TFF
SoffiXsponR570.04Bg006000.1.p	ABI3VP1	TFF
SoffiXsponR570.03Dg312900.1.p	MYB	TFF
SoffiXsponR570.02Cg076300.4.p	ABI3VP1	TFF
SoffiXsponR570.1Z112600.1.p	zf-LSD1	TFF
SoffiXsponR570.6_9Ag165600.8.p	bHLH	TFF
SoffiXsponR570.07Dg093100.1.p	NAC	TFF
SoffiXsponR570.8_10Ag250300.1.p	TCP	TFF
SoffiXsponR570.05Bg314100.2.p	GRAS	TFF
SoffiXsponR570.03Fg107300.1.p	bHLH	TFF
SoffiXsponR570.8_10Ag293100.1.p	MYB	TFF
SoffiXsponR570.03Eg183200.4.p	SET	OTR
SoffiXsponR570.06Eg123400.6.p	SWI/SNF-BAF60b	OTR
SoffiXsponR570.1Z276100.1.p	TFIID	TFF
SoffiXsponR570.05Dg320700.1.p	GRAS	TFF
SoffiXsponR570.06Cg004100.1.p	C3H	TFF
SoffiXsponR570.02Bg165200.1.p	Top	TFF
SoffiXsponR570.02Ag323900.1.p	WRKY	TFF
SoffiXsponR570.08Eg103700.1.p	AP2-EREBP	TFF
SoffiXsponR570.02Gg093100.1.p	MYB-related	TFF
SoffiXsponR570.05Eg066700.1.p	MADS	TFF
SoffiXsponR570.04Dg043000.2.p	PBF-2-like	TFF
SoffiXsponR570.02Ag277700.2.p	SWI/SNF-BAF60b	OTR
SoffiXsponR570.6_9Ag108700.1.p	MYB	TFF
SoffiXsponR570.3os2g008300.1.p	GeBP	TFF
SoffiXsponR570.09Dg089600.1.p	C2C2-Dof	TFF
SoffiXsponR570.1Z104300.1.p	C2C2-GATA	TFF
SoffiXsponR570.06Eg134300.1.p	MYB-related	TFF
SoffiXsponR570.10Eg130500.3.p	GRAS	TFF
SoffiXsponR570.04Ag065000.1.p	C2H2	TFF
SoffiXsponR570.6us88g096200.3.p	TUB	TFF
SoffiXsponR570.05Eg035500.1.p	Rcd1-like	OTR
SoffiXsponR570.05Cg344500.1.p	MYB	TFF
SoffiXsponR570.8_10Ag027100.3.p	TUB	TFF
SoffiXsponR570.03Bg147800.3.p	bHLH	TFF
SoffiXsponR570.04Ag017500.2.p	GRF	TFF
SoffiXsponR570.05Dg380100.1.p	C2C2-Dof	TFF
SoffiXsponR570.08Bg136500.1.p	MYB	TFF
SoffiXsponR570.7_10Ag356100.2.p	C3H	TFF
SoffiXsponR570.8_5Ag186300.2.p	TRAF	OTR
SoffiXsponR570.01Eg394400.1.p	CCAAT	TFF
SoffiXsponR570.02Ag378900.2.p	MYB-related	TFF
SoffiXsponR570.01Dg153000.2.p	MED26	OTR
SoffiXsponR570.8_10Ag198600.1.p	NAC	TFF
SoffiXsponR570.02Ag041600.1.p	WRKY	TFF
SoffiXsponR570.06Cg083200.1.p	mTERF	OTR
SoffiXsponR570.01Ag125800.4.p	GRAS	TFF
SoffiXsponR570.02Cg308700.1.p	bZIP	TFF
SoffiXsponR570.03Dg120300.1.p	MYB	TFF
SoffiXsponR570.05Bg140100.1.p	WRKY	TFF
SoffiXsponR570.02Fg325300.1.p	NAC	TFF
SoffiXsponR570.09Eg033900.1.p	WRKY	TFF
SoffiXsponR570.02Gg015500.1.p	GeBP	TFF
SoffiXsponR570.07Cg242600.1.p	AP2-EREBP	TFF
SoffiXsponR570.03Ag022500.2.p	GeBP	TFF
SoffiXsponR570.02Eg393200.1.p	MYB-related	TFF
SoffiXsponR570.07Ag163900.6.p	C2H2	TFF
SoffiXsponR570.01Cg045000.1.p	HB	TFF
SoffiXsponR570.02Ag356800.3.p	C2H2	TFF
SoffiXsponR570.03Cg238600.1.p	CCAAT	TFF
SoffiXsponR570.01Cg180600.1.p	C2H2	TFF
SoffiXsponR570.02Bg339500.2.p	mTERF	OTR
SoffiXsponR570.01Eg024600.1.p	C2C2-GATA	TFF
SoffiXsponR570.8_5Ag070000.3.p	SET	OTR
SoffiXsponR570.07Eg107600.3.p	SET	OTR
SoffiXsponR570.03Eg298200.2.p	NAC	TFF
SoffiXsponR570.02Fg112500.2.p	C3H	TFF
SoffiXsponR570.10Dg196200.2.p	GRAS	TFF
SoffiXsponR570.05Cg078000.7.p	SET	OTR
SoffiXsponR570.04Bg019300.1.p	GRAS	TFF
SoffiXsponR570.01Cg148200.2.p	MYB-related	TFF
SoffiXsponR570.07Eg191100.1.p	AUX/IAA	OTR
SoffiXsponR570.10Bg044700.1.p	bZIP	TFF
SoffiXsponR570.02Bg282000.1.p	bZIP	TFF
SoffiXsponR570.01Fg065200.1.p	GRAS	TFF
SoffiXsponR570.07Bg241400.1.p	AP2-EREBP	TFF
SoffiXsponR570.04Bg127000.2.p	TRAF	OTR
SoffiXsponR570.5_9Ag461200.3.p	FHA	TFF
SoffiXsponR570.01Ag037500.1.p	Alfin-like	TFF
SoffiXsponR570.02Ag122400.1.p	MYB	TFF
SoffiXsponR570.05Ag213700.2.p	bZIP	TFF
SoffiXsponR570.01Bg418200.2.p	MYB-related	TFF
SoffiXsponR570.06Dg074600.1.p	mTERF	OTR
SoffiXsponR570.07Bg272500.1.p	TUB	TFF
SoffiXsponR570.08Bg054100.2.p	C3H	TFF
SoffiXsponR570.08Bg041600.1.p	SWI/SNF-SWI3	OTR
SoffiXsponR570.02Ag038500.2.p	C3H	TFF
SoffiXsponR570.05Cg097100.2.p	GNAT	OTR
SoffiXsponR570.7_10Ag046000.1.p	ABI3VP1	TFF
SoffiXsponR570.9os1g073300.1.p	ABI3VP1	TFF
SoffiXsponR570.01Dg281000.2.p	LIM	TFF
SoffiXsponR570.10Dg067500.1.p	zf-HD	TFF
SoffiXsponR570.05Dg241300.1.p	AP2-EREBP	TFF
SoffiXsponR570.02Ag371400.4.p	TAZ	TFF
SoffiXsponR570.06Ag200700.1.p	C3H	TFF
SoffiXsponR570.02Bg034400.1.p	TRAF	OTR
SoffiXsponR570.5_9Ag461200.1.p	FHA	TFF
SoffiXsponR570.07Ag158200.1.p	bHLH	TFF
SoffiXsponR570.09Ag052800.4.p	SAP	TFF
SoffiXsponR570.02Gg128800.1.p	NAC	TFF
SoffiXsponR570.01Eg132600.2.p	CCAAT	TFF
SoffiXsponR570.02Eg229400.1.p	MYB	TFF
SoffiXsponR570.05Cg258100.1.p	GRF	TFF
SoffiXsponR570.02Cg251000.1.p	WRKY	TFF
SoffiXsponR570.02Bg004100.2.p	ARF	TFF
SoffiXsponR570.8_5Ag139300.1.p	MYB	TFF
SoffiXsponR570.10us89g016100.1.p	WRKY	TFF
SoffiXsponR570.05Bg146900.3.p	SET	OTR
SoffiXsponR570.03Bg140000.3.p	C2H2	TFF
SoffiXsponR570.03Eg135600.2.p	bHLH	TFF
SoffiXsponR570.04Dg057800.1.p	CCAAT	TFF
SoffiXsponR570.09Dg014200.2.p	GRAS	TFF
SoffiXsponR570.1Z120400.2.p	PHD	OTR
SoffiXsponR570.02Bg145500.4.p	zf-BED	TFF
SoffiXsponR570.1Z264600.1.p	HSF	TFF
SoffiXsponR570.05Bg329500.1.p	GRAS	TFF
SoffiXsponR570.02Cg393300.3.p	TRAF	OTR
SoffiXsponR570.09Dg124000.1.p	bHLH	TFF
SoffiXsponR570.03Ag303000.1.p	Top	TFF
SoffiXsponR570.01Fg218900.2.p	GRAS	TFF
SoffiXsponR570.8_10Ag182600.1.p	AP2-EREBP	TFF
SoffiXsponR570.01Ag533500.1.p	bHLH	TFF
SoffiXsponR570.08Cg044100.1.p	MYB-related	TFF
SoffiXsponR570.03Cg039700.2.p	ARF	TFF
SoffiXsponR570.03Gg042200.3.p	C2H2	TFF
SoffiXsponR570.08Cg038200.1.p	bHLH	TFF
SoffiXsponR570.07Ag186600.1.p	GRF	TFF
SoffiXsponR570.05Dg304500.17.p	FAR1	TFF
SoffiXsponR570.01Dg215500.1.p	MYB	TFF
SoffiXsponR570.03Eg224000.1.p	mTERF	OTR
SoffiXsponR570.6_9Ag329800.1.p	Sigma70-like	TFF
SoffiXsponR570.01Cg177000.1.p	GNAT	OTR
SoffiXsponR570.02Fg181900.1.p	zf-LSD1	TFF
SoffiXsponR570.1Z112400.2.p	C3H	TFF
SoffiXsponR570.06Ag116300.2.p	NAC	TFF
SoffiXsponR570.05Fg046200.2.p	bZIP	TFF
SoffiXsponR570.01Cg040800.1.p	NAC	TFF
SoffiXsponR570.9os1g025400.2.p	MYB-related	TFF
SoffiXsponR570.01Bg157100.1.p	ABI3VP1	TFF
SoffiXsponR570.08Dg111500.1.p	AP2-EREBP	TFF
SoffiXsponR570.09Cg124000.2.p	GRAS	TFF
SoffiXsponR570.06Eg151100.1.p	OFP	TFF
SoffiXsponR570.7_10Ag262700.1.p	Trihelix	TFF
SoffiXsponR570.06Dg139200.5.p	C3H	TFF
SoffiXsponR570.06Eg068100.1.p	HMG	OTR
SoffiXsponR570.5_9Ag140600.2.p	C2H2	TFF
SoffiXsponR570.02Cg129300.2.p	SBP	TFF
SoffiXsponR570.6_9Ag174200.2.p	MYB	TFF
SoffiXsponR570.02Ag203900.3.p	C3H	TFF
SoffiXsponR570.04Bg270400.1.p	PHD	OTR
SoffiXsponR570.04Bg094200.2.p	TCP	TFF
SoffiXsponR570.02Cg129500.1.p	bHLH	TFF
SoffiXsponR570.05Fg263200.1.p	CCAAT	TFF
SoffiXsponR570.05Dg058600.1.p	AUX/IAA	OTR
SoffiXsponR570.07Dg095500.1.p	C2H2	TFF
SoffiXsponR570.02Cg357300.1.p	SWI/SNF-BAF60b	OTR
SoffiXsponR570.5_9Ag355500.1.p	bHLH	TFF
SoffiXsponR570.07Ag193100.5.p	PHD	OTR
SoffiXsponR570.02Fg078700.2.p	AP2-EREBP	TFF
SoffiXsponR570.1Z138900.1.p	AP2-EREBP	TFF
SoffiXsponR570.09Bg035000.4.p	SET	OTR
SoffiXsponR570.10Cg044700.1.p	MED26	OTR
SoffiXsponR570.02Eg026100.1.p	MADS	TFF
SoffiXsponR570.07Bg275800.1.p	SET	OTR
SoffiXsponR570.05Ag323900.3.p	GRAS	TFF
SoffiXsponR570.07Cg214600.1.p	zf-BED	TFF
SoffiXsponR570.6us88g024700.1.p	MYB-related	TFF
SoffiXsponR570.01Dg289400.2.p	FAR1	TFF
SoffiXsponR570.04Bg191400.1.p	Top	TFF
SoffiXsponR570.01Eg145100.1.p	bHLH	TFF
SoffiXsponR570.09Cg173000.1.p	ABI3VP1	TFF
SoffiXsponR570.05Dg376900.1.p	ABI3VP1	TFF
SoffiXsponR570.05Cg329400.1.p	MADS	TFF
SoffiXsponR570.01Eg141400.1.p	C2C2-GATA	TFF
SoffiXsponR570.05Ag132700.1.p	BES1	TFF
SoffiXsponR570.08Bg056800.2.p	MYB-related	TFF
SoffiXsponR570.04Bg157300.1.p	NAC	TFF
SoffiXsponR570.5_9Ag050200.3.p	MYB	TFF
SoffiXsponR570.06Eg030300.1.p	SAP	TFF
SoffiXsponR570.01Ag070100.1.p	bHLH	TFF
SoffiXsponR570.01Ag200700.1.p	TFIID	TFF
SoffiXsponR570.01Bg248100.1.p	GRAS	TFF
SoffiXsponR570.01Fg314100.1.p	RWP-RK	TFF
SoffiXsponR570.09Bg123400.3.p	TAZ	TFF
SoffiXsponR570.05Bg186500.1.p	bHLH	TFF
SoffiXsponR570.07Ag237800.1.p	BSD	TFF
SoffiXsponR570.05Bg299900.1.p	C3H	TFF
SoffiXsponR570.03Dg097300.1.p	C2C2-GATA	TFF
SoffiXsponR570.08Bg091100.2.p	SET	OTR
SoffiXsponR570.01Cg283000.4.p	FAR1	TFF
SoffiXsponR570.05Fg039400.1.p	bHLH	TFF
SoffiXsponR570.02Cg262100.2.p	WRKY	TFF
SoffiXsponR570.01Eg071800.4.p	bHLH	TFF
SoffiXsponR570.03Dg321000.1.p	AP2-EREBP	TFF
SoffiXsponR570.01Eg338700.1.p	GRAS	TFF
SoffiXsponR570.01Eg422200.3.p	MYB-related	TFF
SoffiXsponR570.06Dg154400.1.p	WRKY	TFF
SoffiXsponR570.02Cg127400.1.p	bHLH	TFF
SoffiXsponR570.10Fg119100.2.p	GRAS	TFF
SoffiXsponR570.03Cg298500.1.p	mTERF	OTR
SoffiXsponR570.6_9Ag302700.1.p	MYB	TFF
SoffiXsponR570.01Ag330400.2.p	GRAS	TFF
SoffiXsponR570.03Cg142100.1.p	C2H2	TFF
SoffiXsponR570.06Dg142200.2.p	WRKY	TFF
SoffiXsponR570.06Gg131100.1.p	TUB	TFF
SoffiXsponR570.10us89g025700.1.p	C2C2-GATA	TFF
SoffiXsponR570.04Cg218900.1.p	NAC	TFF
SoffiXsponR570.7_10Ag190700.5.p	ARF	TFF
SoffiXsponR570.02Ag178500.1.p	bHLH	TFF
SoffiXsponR570.07Dg194300.2.p	bZIP	TFF
SoffiXsponR570.04Cg089700.2.p	bZIP	TFF
SoffiXsponR570.02Cg362900.4.p	TAZ	TFF
SoffiXsponR570.08Eg131900.1.p	NAC	TFF
SoffiXsponR570.07Cg181600.2.p	OFP	TFF
SoffiXsponR570.06Eg119800.1.p	MED26	OTR
SoffiXsponR570.01Bg077700.1.p	SWI/SNF-BAF60b	OTR
SoffiXsponR570.01Bg130100.2.p	C2C2-GATA	TFF
SoffiXsponR570.10os1g009400.1.p	NAC	TFF
SoffiXsponR570.02Fg257900.2.p	ARF	TFF
SoffiXsponR570.04Dg170400.2.p	C2C2-GATA	TFF
SoffiXsponR570.1Z115900.1.p	AP2-EREBP	TFF
SoffiXsponR570.03Gg091100.1.p	mTERF	OTR
SoffiXsponR570.03Fg092100.1.p	bZIP	TFF
SoffiXsponR570.03Ag304000.4.p	GNAT	OTR
SoffiXsponR570.04Dg114600.1.p	C2C2-CO-like	TFF
SoffiXsponR570.01Bg157200.1.p	ABI3VP1	TFF
SoffiXsponR570.03Cg019500.2.p	bHLH	TFF
SoffiXsponR570.01Fg086900.1.p	zf-C5HC2	TFF
SoffiXsponR570.01Ag431100.1.p	GRAS	TFF
SoffiXsponR570.03Ag205900.2.p	SET	OTR
SoffiXsponR570.03Eg220400.1.p	AP2-EREBP	TFF
SoffiXsponR570.07Bg101000.1.p	NAC	TFF
SoffiXsponR570.05Bg103400.1.p	AP2-EREBP	TFF
SoffiXsponR570.05Dg080400.1.p	MADS	TFF
SoffiXsponR570.09Eg038000.1.p	DDT	OTR
SoffiXsponR570.02Eg318700.1.p	bZIP	TFF
SoffiXsponR570.05Bg153900.1.p	Jumonji	OTR
SoffiXsponR570.04Fg058200.2.p	NAC	TFF
SoffiXsponR570.03Ag011500.3.p	bHLH	TFF
SoffiXsponR570.02Dg082200.2.p	AP2-EREBP	TFF
SoffiXsponR570.06Cg056800.2.p	AP2-EREBP	TFF
SoffiXsponR570.01Dg048000.4.p	bHLH	TFF
SoffiXsponR570.03Bg203300.4.p	GRAS	TFF
SoffiXsponR570.05Gg103600.5.p	WRKY	TFF
SoffiXsponR570.05Dg259300.2.p	HMG	OTR
SoffiXsponR570.06Cg130300.2.p	AP2-EREBP	TFF
SoffiXsponR570.01Ag484700.1.p	Tify	TFF
SoffiXsponR570.02Bg168200.1.p	zf-LSD1	TFF
SoffiXsponR570.03Eg135600.1.p	bHLH	TFF
SoffiXsponR570.05Cg037600.1.p	Tify	TFF
SoffiXsponR570.8_5Ag088500.1.p	TRAF	OTR
SoffiXsponR570.5_9Ag422300.1.p	CPP	TFF
SoffiXsponR570.07Eg051900.2.p	GNAT	OTR
SoffiXsponR570.02Dg239900.1.p	AP2-EREBP	TFF
SoffiXsponR570.1os1g009100.1.p	SET	OTR
SoffiXsponR570.07Cg212800.1.p	NAC	TFF
SoffiXsponR570.08Ag054000.1.p	ABI3VP1	TFF
SoffiXsponR570.05Dg262300.1.p	C2H2	TFF
SoffiXsponR570.05Cg365000.3.p	PHD	OTR
SoffiXsponR570.02Cg114700.1.p	C2C2-Dof	TFF
SoffiXsponR570.01Eg410500.1.p	Top	TFF
SoffiXsponR570.02Eg168700.1.p	zf-LSD1	TFF
SoffiXsponR570.05Eg265000.2.p	PHD	OTR
SoffiXsponR570.01Bg157100.4.p	ABI3VP1	TFF
SoffiXsponR570.6_9Ag258100.1.p	GRAS	TFF
SoffiXsponR570.01Cg045800.5.p	TRAF	OTR
SoffiXsponR570.03Eg020300.2.p	bHLH	TFF
SoffiXsponR570.05Eg296700.2.p	ABI3VP1	TFF
SoffiXsponR570.05Bg379300.3.p	EIL	TFF
SoffiXsponR570.8_5Ag017300.1.p	MADS	TFF
SoffiXsponR570.05Eg285300.2.p	bHLH	TFF
SoffiXsponR570.06Fg108000.4.p	ARF	TFF
SoffiXsponR570.10Fg108400.1.p	MYB	TFF
SoffiXsponR570.03Fg087000.1.p	GRAS	TFF
SoffiXsponR570.06Dg126700.1.p	Sigma70-like	TFF
SoffiXsponR570.10Bg057500.1.p	GRAS	TFF
SoffiXsponR570.05Cg356300.1.p	bZIP	TFF
SoffiXsponR570.03Cg020000.1.p	CSD	TFF
SoffiXsponR570.03Fg108700.1.p	BES1	TFF
SoffiXsponR570.09Ag052800.18.p	SAP	TFF
SoffiXsponR570.05Dg336900.2.p	AP2-EREBP	TFF
SoffiXsponR570.02Bg090000.1.p	MYB	TFF
SoffiXsponR570.08Eg129500.4.p	SBP	TFF
SoffiXsponR570.06Cg080600.5.p	TRAF	OTR
SoffiXsponR570.02Cg172500.5.p	bHLH	TFF
SoffiXsponR570.01Dg337300.2.p	GNAT	OTR
SoffiXsponR570.02Eg001900.1.p	RWP-RK	TFF
SoffiXsponR570.04Cg211700.3.p	TRAF	OTR
SoffiXsponR570.02Cg308800.1.p	AP2-EREBP	TFF
SoffiXsponR570.03Ag037900.4.p	ARF	TFF
SoffiXsponR570.6_9Ag258500.5.p	NOT2_3_5	OTR
SoffiXsponR570.01Eg343400.2.p	FAR1	TFF
SoffiXsponR570.02Fg087400.1.p	C2H2	TFF
SoffiXsponR570.5_9Ag205000.1.p	NAC	TFF
SoffiXsponR570.01Cg269700.2.p	SART-1	OTR
SoffiXsponR570.06Ag027100.1.p	bZIP	TFF
SoffiXsponR570.05Eg355900.1.p	bZIP	TFF
SoffiXsponR570.05Cg312100.1.p	BES1	TFF
SoffiXsponR570.06Gg136200.1.p	C2C2-GATA	TFF
SoffiXsponR570.09Ag035800.5.p	SET	OTR
SoffiXsponR570.10Bg165800.1.p	MADS	TFF
SoffiXsponR570.08Ag003800.1.p	Yl1	TFF
SoffiXsponR570.05Bg313700.3.p	HRT	TFF
SoffiXsponR570.03Cg306400.1.p	ARR-B	TFF
SoffiXsponR570.07Dg080400.2.p	RWP-RK	TFF
SoffiXsponR570.07Cg223200.1.p	CSD	TFF
SoffiXsponR570.02Cg196000.2.p	C3H	TFF
SoffiXsponR570.01Eg091800.3.p	PAS	TFF
SoffiXsponR570.08Ag076600.1.p	ABI3VP1	TFF
SoffiXsponR570.03Dg249400.1.p	bHLH	TFF
SoffiXsponR570.8_10Ag271900.1.p	AP2-EREBP	TFF
SoffiXsponR570.01Ag166300.1.p	zf-LSD1	TFF
SoffiXsponR570.07Eg107900.3.p	C2C2-GATA	TFF
SoffiXsponR570.8_10Ag115700.4.p	C2C2-Dof	TFF
SoffiXsponR570.03Gg143800.1.p	AUX/IAA	OTR
SoffiXsponR570.03Dg226700.3.p	Trihelix	TFF
SoffiXsponR570.02Cg062500.1.p	Alfin-like	TFF
SoffiXsponR570.8_10Ag207900.2.p	TRAF	OTR
SoffiXsponR570.09Ag052800.16.p	SAP	TFF
SoffiXsponR570.05Bg346600.1.p	SART-1	OTR
SoffiXsponR570.5_9Ag094900.3.p	FAR1	TFF
SoffiXsponR570.02Bg000400.4.p	TUB	TFF
SoffiXsponR570.06Ag159000.1.p	NAC	TFF
SoffiXsponR570.05Fg047800.1.p	CCAAT	TFF
SoffiXsponR570.05Ag171100.1.p	zf-HD	TFF
SoffiXsponR570.05Fg311200.3.p	ABI3VP1	TFF
SoffiXsponR570.05Bg278800.1.p	FHA	TFF
SoffiXsponR570.5_9Ag472700.1.p	LIM	TFF
SoffiXsponR570.03Gg034400.1.p	AP2-EREBP	TFF
SoffiXsponR570.01Bg072700.3.p	TRAF	OTR
SoffiXsponR570.01Ag170200.2.p	AUX/IAA	OTR
SoffiXsponR570.8_5Ag186900.1.p	TRAF	OTR
SoffiXsponR570.02Ag367500.1.p	AP2-EREBP	TFF
SoffiXsponR570.04Eg078000.1.p	AP2-EREBP	TFF
SoffiXsponR570.02Cg292800.4.p	Top	TFF
SoffiXsponR570.10os1g041900.2.p	AUX/IAA	OTR
SoffiXsponR570.03Eg115500.1.p	HSF	TFF
SoffiXsponR570.08Cg177800.1.p	TRAF	OTR
SoffiXsponR570.03Dg168000.1.p	Coactivator_p15	OTR
SoffiXsponR570.03Ag227000.3.p	zf-C5HC2	TFF
SoffiXsponR570.04Fg014800.3.p	NAC	TFF
SoffiXsponR570.08Bg063400.3.p	bZIP	TFF
SoffiXsponR570.09Dg003600.1.p	SAP	TFF
SoffiXsponR570.07Dg074600.1.p	NAC	TFF
SoffiXsponR570.03Eg299400.1.p	C2H2	TFF
SoffiXsponR570.10Cg044700.4.p	MED26	OTR
SoffiXsponR570.04Eg089900.1.p	AP2-EREBP	TFF
SoffiXsponR570.03Ag307200.2.p	MYB-related	TFF
SoffiXsponR570.03Ag062600.2.p	TUB	TFF
SoffiXsponR570.05Dg346100.4.p	MYB	TFF
SoffiXsponR570.05Eg251500.2.p	mTERF	OTR
SoffiXsponR570.06Ag148500.2.p	bZIP	TFF
SoffiXsponR570.01Fg325900.1.p	NAC	TFF
SoffiXsponR570.05Dg111700.1.p	TRAF	OTR
SoffiXsponR570.01Eg266900.3.p	TIG	TFF
SoffiXsponR570.7_10Ag194700.1.p	GRAS	TFF
SoffiXsponR570.05Dg052900.2.p	CPP	TFF
SoffiXsponR570.05Dg318000.3.p	GRAS	TFF
SoffiXsponR570.01Bg446000.1.p	C2C2-Dof	TFF
SoffiXsponR570.01Eg303100.2.p	EIL	TFF
SoffiXsponR570.02Dg148100.1.p	C2C2-GATA	TFF
SoffiXsponR570.06Gg144200.1.p	MYB-related	TFF
SoffiXsponR570.04Fg001100.2.p	MADS	TFF
SoffiXsponR570.08Ag188200.1.p	TRAF	OTR
SoffiXsponR570.8_10Ag291200.1.p	bZIP	TFF
SoffiXsponR570.09Cg050500.1.p	AP2-EREBP	TFF
SoffiXsponR570.01Dg066400.1.p	mTERF	OTR
SoffiXsponR570.02Ag234100.1.p	DDT	OTR
SoffiXsponR570.03Cg165900.2.p	C2H2	TFF
SoffiXsponR570.01Cg061000.3.p	PAS	TFF
SoffiXsponR570.08Ag066900.1.p	bZIP	TFF
SoffiXsponR570.5_9Ag269400.1.p	ARF	TFF
SoffiXsponR570.01Eg384300.2.p	TIG	TFF
SoffiXsponR570.03Cg044800.1.p	PAS	TFF
SoffiXsponR570.10Ag052100.3.p	HB	TFF
SoffiXsponR570.04Ag092400.1.p	bZIP	TFF
SoffiXsponR570.07Dg173100.2.p	GRAS	TFF
SoffiXsponR570.02Eg309500.1.p	MYB	TFF
SoffiXsponR570.01Bg393800.3.p	CCAAT	TFF
SoffiXsponR570.01Dg253500.1.p	SET	OTR
SoffiXsponR570.08Cg182600.1.p	ARF	TFF
SoffiXsponR570.02Dg069500.1.p	MED26	OTR
SoffiXsponR570.06Gg085200.2.p	bZIP	TFF
SoffiXsponR570.09Cg113100.1.p	PAS	TFF
SoffiXsponR570.06Dg148800.1.p	C3H	TFF
SoffiXsponR570.02Eg248900.1.p	TCP	TFF
SoffiXsponR570.6_9Ag030900.3.p	C3H	TFF
SoffiXsponR570.05Fg181900.1.p	NAC	TFF
SoffiXsponR570.04Cg220400.5.p	ARF	TFF
SoffiXsponR570.01Bg115300.3.p	GRAS	TFF
SoffiXsponR570.07Ag180600.1.p	C2H2	TFF
SoffiXsponR570.06Gg132300.1.p	DDT	OTR
SoffiXsponR570.05Ag193300.1.p	HSF	TFF
SoffiXsponR570.09Dg014100.1.p	TRAF	OTR
SoffiXsponR570.01Cg266500.1.p	C2H2	TFF
SoffiXsponR570.05Gg102300.1.p	GNAT	OTR
SoffiXsponR570.01Ag363800.2.p	MED26	OTR
SoffiXsponR570.9us90g047300.2.p	ABI3VP1	TFF
SoffiXsponR570.07Dg076000.2.p	DDT	OTR
SoffiXsponR570.08Ag133200.1.p	zf-A20	TFF
SoffiXsponR570.05Fg079500.2.p	WRKY	TFF
SoffiXsponR570.08Bg040200.1.p	FAR1	TFF
SoffiXsponR570.10Bg083900.1.p	GNAT	OTR
SoffiXsponR570.1Z033800.4.p	TIG	TFF
SoffiXsponR570.07Cg166900.3.p	GRAS	TFF
SoffiXsponR570.02Dg235700.2.p	ARF	TFF
SoffiXsponR570.09Cg157300.1.p	C2C2-YABBY	TFF
SoffiXsponR570.01Eg095600.3.p	PHD	OTR
SoffiXsponR570.01Bg101500.1.p	HB	TFF
SoffiXsponR570.04Bg244100.3.p	TAZ	TFF
SoffiXsponR570.03Dg259800.1.p	CCAAT	TFF
SoffiXsponR570.06Cg120800.1.p	GNAT	OTR
SoffiXsponR570.01Ag078500.3.p	TRAF	OTR
SoffiXsponR570.5_9Ag142500.1.p	NAC	TFF
SoffiXsponR570.02Dg327800.2.p	MYB	TFF
SoffiXsponR570.06Fg163100.1.p	WRKY	TFF
SoffiXsponR570.05Fg233300.1.p	NAC	TFF
SoffiXsponR570.03Cg007500.2.p	Jumonji	OTR
SoffiXsponR570.08Eg118300.1.p	FHA	TFF
SoffiXsponR570.02Fg021300.1.p	NOZZLE	TFF
SoffiXsponR570.03Bg157600.1.p	MYB	TFF
SoffiXsponR570.08Ag131300.1.p	NAC	TFF
SoffiXsponR570.08Cg070900.3.p	SET	OTR
SoffiXsponR570.05Gg113100.1.p	AP2-EREBP	TFF
SoffiXsponR570.3os1g000500.1.p	HMG	OTR
SoffiXsponR570.08Ag130400.1.p	MADS	TFF
SoffiXsponR570.1Z290500.1.p	PLATZ	TFF
SoffiXsponR570.02Dg171300.2.p	zf-BED	TFF
SoffiXsponR570.05Ag255300.2.p	HMG	OTR
SoffiXsponR570.10Ag045600.1.p	bZIP	TFF
SoffiXsponR570.09Ag052800.11.p	SAP	TFF
SoffiXsponR570.03Dg116200.1.p	WRKY	TFF
SoffiXsponR570.04Ag266600.3.p	bZIP	TFF
SoffiXsponR570.04Cg147500.1.p	bHLH	TFF
SoffiXsponR570.10Fg124000.1.p	GRAS	TFF
SoffiXsponR570.07Cg127500.3.p	RWP-RK	TFF
SoffiXsponR570.05Eg329700.8.p	CCAAT	TFF
SoffiXsponR570.06Eg077700.1.p	C2H2	TFF
SoffiXsponR570.02Ag343500.1.p	MYB	TFF
SoffiXsponR570.05Dg336000.1.p	FAR1	TFF
SoffiXsponR570.05Ag065500.1.p	bZIP	TFF
SoffiXsponR570.01Bg442700.2.p	CCAAT	TFF
SoffiXsponR570.02Dg171300.4.p	zf-BED	TFF
SoffiXsponR570.04Dg188600.1.p	bZIP	TFF
SoffiXsponR570.07Cg278800.1.p	PHD	OTR
SoffiXsponR570.01Ag315800.1.p	ABI3VP1	TFF
SoffiXsponR570.02Eg139300.5.p	PHD	OTR
SoffiXsponR570.08Bg002000.1.p	GNAT	OTR
SoffiXsponR570.9us90g047800.1.p	TAZ	TFF
SoffiXsponR570.01Dg057100.1.p	ABI3VP1	TFF
SoffiXsponR570.05Eg132800.1.p	WRKY	TFF
SoffiXsponR570.08Cg074400.1.p	AP2-EREBP	TFF
SoffiXsponR570.07Cg028200.1.p	TCP	TFF
SoffiXsponR570.01Ag481100.1.p	MADS	TFF
SoffiXsponR570.02Dg001600.1.p	C2H2	TFF
SoffiXsponR570.03Dg172000.1.p	AP2-EREBP	TFF
SoffiXsponR570.8_10Ag142400.1.p	AP2-EREBP	TFF
SoffiXsponR570.1Z242000.2.p	MYB	TFF
SoffiXsponR570.01Eg402000.4.p	HB	TFF
SoffiXsponR570.5_9Ag453700.1.p	PAS	TFF
SoffiXsponR570.01Ag419600.1.p	CCAAT	TFF
SoffiXsponR570.01Ag505100.1.p	GNAT	OTR
SoffiXsponR570.02Eg069200.1.p	NAC	TFF
SoffiXsponR570.07Ag064800.3.p	E2F-DP	TFF
SoffiXsponR570.05Bg331800.7.p	Tify	TFF
SoffiXsponR570.06Gg057700.2.p	bZIP	TFF
SoffiXsponR570.06Cg109500.1.p	MYB	TFF
SoffiXsponR570.01Ag136800.5.p	C3H	TFF
SoffiXsponR570.05Fg264500.4.p	CCAAT	TFF
SoffiXsponR570.03Dg038300.2.p	SBP	TFF
SoffiXsponR570.03Eg262500.1.p	SET	OTR
SoffiXsponR570.03Fg006600.2.p	Jumonji	OTR
SoffiXsponR570.03Cg091800.3.p	HB	TFF
SoffiXsponR570.02Cg085400.1.p	MYB	TFF
SoffiXsponR570.02Dg138500.1.p	AP2-EREBP	TFF
SoffiXsponR570.05Gg060900.1.p	SAP	TFF
SoffiXsponR570.09Dg091300.1.p	ABI3VP1	TFF
SoffiXsponR570.5_9Ag163800.1.p	bZIP	TFF
SoffiXsponR570.03Ag037000.1.p	SBP	TFF
SoffiXsponR570.02Gg236500.2.p	HB	TFF
SoffiXsponR570.02Cg148700.1.p	SAP	TFF
SoffiXsponR570.03Cg238400.1.p	MYB-related	TFF
SoffiXsponR570.08Dg171700.1.p	bZIP	TFF
SoffiXsponR570.06Fg067200.2.p	bHLH	TFF
SoffiXsponR570.05Ag033500.1.p	HB	TFF
SoffiXsponR570.01Dg039700.1.p	TFIID	TFF
SoffiXsponR570.02Ag426000.1.p	PHD	OTR
SoffiXsponR570.05Cg206700.1.p	bHLH	TFF
SoffiXsponR570.05Dg128700.1.p	MYB	TFF
SoffiXsponR570.05Ag233000.1.p	bHLH	TFF
SoffiXsponR570.09Eg047000.1.p	MED26	OTR
SoffiXsponR570.06Fg154400.1.p	AP2-EREBP	TFF
SoffiXsponR570.6_9Ag165600.6.p	bHLH	TFF
SoffiXsponR570.8_5Ag207700.1.p	MADS	TFF
SoffiXsponR570.07Dg080400.1.p	RWP-RK	TFF
SoffiXsponR570.08Cg058800.1.p	AP2-EREBP	TFF
SoffiXsponR570.01Eg087100.1.p	WRKY	TFF
SoffiXsponR570.8_10Ag295600.1.p	AP2-EREBP	TFF
SoffiXsponR570.8_5Ag059900.1.p	Top	TFF
SoffiXsponR570.04Bg092200.2.p	MADS	TFF
SoffiXsponR570.01Ag543300.2.p	SWI/SNF-BAF60b	OTR
SoffiXsponR570.01Cg381200.2.p	NAC	TFF
SoffiXsponR570.8_10Ag059700.2.p	GRF	TFF
SoffiXsponR570.02Bg115200.1.p	SBP	TFF
SoffiXsponR570.06Ag020800.3.p	AP2-EREBP	TFF
SoffiXsponR570.9us90g046100.1.p	ABI3VP1	TFF
SoffiXsponR570.05Cg330700.4.p	CCAAT	TFF
SoffiXsponR570.09Cg042600.2.p	E2F-DP	TFF
SoffiXsponR570.10Fg113400.1.p	GRAS	TFF
SoffiXsponR570.05Cg340400.4.p	CAMTA	TFF
SoffiXsponR570.08Dg172100.1.p	MYB	TFF
SoffiXsponR570.02Eg230400.1.p	ABI3VP1	TFF
SoffiXsponR570.10Fg008900.2.p	bHLH	TFF
SoffiXsponR570.10Ag223700.2.p	GRAS	TFF
SoffiXsponR570.02Dg014400.1.p	AP2-EREBP	TFF
SoffiXsponR570.01Eg107500.4.p	FHA	TFF
SoffiXsponR570.08Cg166100.3.p	RB	OTR
SoffiXsponR570.04Ag255300.1.p	TAZ	TFF
SoffiXsponR570.08Bg056900.3.p	Sigma70-like	TFF
SoffiXsponR570.03Eg098800.4.p	ARID	OTR
SoffiXsponR570.05Dg099400.3.p	WRKY	TFF
SoffiXsponR570.6_9Ag162400.1.p	AUX/IAA	OTR
SoffiXsponR570.10Dg116900.1.p	PAS	TFF
SoffiXsponR570.5_9Ag164500.1.p	bHLH	TFF
SoffiXsponR570.10Ag148100.1.p	Jumonji	OTR
SoffiXsponR570.9us90g035500.1.p	GRAS	TFF
SoffiXsponR570.07Ag136600.1.p	AP2-EREBP	TFF
SoffiXsponR570.03Dg250600.2.p	GNAT	OTR
SoffiXsponR570.02Dg354400.1.p	NAC	TFF
SoffiXsponR570.07Bg261900.3.p	Top	TFF
SoffiXsponR570.08Ag146900.1.p	bZIP	TFF
SoffiXsponR570.01Bg106200.4.p	PAS	TFF
SoffiXsponR570.04Ag126300.1.p	C2C2-CO-like	TFF
SoffiXsponR570.01Ag019900.2.p	mTERF	OTR
SoffiXsponR570.06Ag153500.1.p	AP2-EREBP	TFF
SoffiXsponR570.01Bg468700.1.p	MYB-related	TFF
SoffiXsponR570.03Cg157900.3.p	ARF	TFF
SoffiXsponR570.04Gg093400.2.p	zf-fF-X1	TFF
SoffiXsponR570.05Cg073400.1.p	bZIP	TFF
SoffiXsponR570.03Dg036700.1.p	TAZ	TFF
SoffiXsponR570.05Cg144100.1.p	WRKY	TFF
SoffiXsponR570.04Eg007900.1.p	zf-fF-X1	TFF
SoffiXsponR570.8_10Ag111600.1.p	PHD	OTR
SoffiXsponR570.6_9Ag225200.4.p	SWI/SNF-BAF60b	OTR
SoffiXsponR570.04Gg092700.1.p	TRAF	OTR
SoffiXsponR570.02Eg166800.1.p	GNAT	OTR
SoffiXsponR570.08Ag217500.3.p	bHLH	TFF
SoffiXsponR570.09Eg084200.2.p	MADS	TFF
SoffiXsponR570.03Dg328400.3.p	zf-C5HC2	TFF
SoffiXsponR570.03Eg283000.1.p	C2C2-GATA	TFF
SoffiXsponR570.01Ag081500.1.p	C2H2	TFF
SoffiXsponR570.6_9Ag036600.1.p	WRKY	TFF
SoffiXsponR570.8_10Ag188300.3.p	SET	OTR
SoffiXsponR570.07Bg040000.1.p	bHLH	TFF
SoffiXsponR570.06Cg176000.1.p	C3H	TFF
SoffiXsponR570.07Dg072300.1.p	GRAS	TFF
SoffiXsponR570.02Fg207400.1.p	bZIP	TFF
SoffiXsponR570.05Dg306500.1.p	NAC	TFF
SoffiXsponR570.02Ag396000.3.p	Tify	TFF
SoffiXsponR570.03Eg067400.1.p	zf-A20	TFF
SoffiXsponR570.07Dg215100.4.p	C3H	TFF
SoffiXsponR570.10Dg086400.1.p	zf-BED	TFF
SoffiXsponR570.02Fg036500.1.p	MYB	TFF
SoffiXsponR570.05Bg376400.1.p	NAC	TFF
SoffiXsponR570.01Cg238400.1.p	bZIP	TFF
SoffiXsponR570.02Cg328700.3.p	MYB	TFF
SoffiXsponR570.04Ag206300.2.p	Top	TFF
SoffiXsponR570.02Eg054200.1.p	AP2-EREBP	TFF
SoffiXsponR570.01Bg187000.5.p	SET	OTR
SoffiXsponR570.02Ag290100.1.p	TCP	TFF
SoffiXsponR570.06Eg132200.3.p	bZIP	TFF
SoffiXsponR570.02Cg370600.1.p	ABI3VP1	TFF
SoffiXsponR570.05Eg311900.9.p	GRAS	TFF
SoffiXsponR570.04Cg210100.1.p	PLATZ	TFF
SoffiXsponR570.05Fg311200.1.p	ABI3VP1	TFF
SoffiXsponR570.07Eg125800.1.p	C2C2-Dof	TFF
SoffiXsponR570.01Dg109400.1.p	C2H2	TFF
SoffiXsponR570.10Ag144600.1.p	BSD	TFF
SoffiXsponR570.09Cg029400.9.p	SET	OTR
SoffiXsponR570.02Bg245000.1.p	AP2-EREBP	TFF
SoffiXsponR570.6_9Ag244100.1.p	MYB	TFF
SoffiXsponR570.7_10Ag092600.4.p	PHD	OTR
SoffiXsponR570.05Bg028200.1.p	MADS	TFF
SoffiXsponR570.02Gg177700.1.p	AP2-EREBP	TFF
SoffiXsponR570.01Bg165300.1.p	Jumonji	OTR
SoffiXsponR570.02Gg246100.1.p	OFP	TFF
SoffiXsponR570.05Fg061700.1.p	zf-BED	TFF
SoffiXsponR570.01Ag080800.1.p	C2C2-Dof	TFF
SoffiXsponR570.05Eg152900.1.p	MYB	TFF
SoffiXsponR570.04Ag065000.5.p	C2H2	TFF
SoffiXsponR570.06Eg119200.1.p	bZIP	TFF
SoffiXsponR570.03Fg019500.2.p	bHLH	TFF
SoffiXsponR570.05Cg234700.1.p	SRS	TFF
SoffiXsponR570.05Cg229000.1.p	AP2-EREBP	TFF
SoffiXsponR570.09Ag149300.2.p	ARF	TFF
SoffiXsponR570.03Ag175400.1.p	MADS	TFF
SoffiXsponR570.03Dg351400.1.p	zf-fF-X1	TFF
SoffiXsponR570.09Eg092100.2.p	PHD	OTR
SoffiXsponR570.01Dg004100.3.p	GRAS	TFF
SoffiXsponR570.06Fg159600.1.p	MYB-related	TFF
SoffiXsponR570.02Fg020500.1.p	TCP	TFF
SoffiXsponR570.7_10Ag060800.1.p	NAC	TFF
SoffiXsponR570.04Cg259700.2.p	bZIP	TFF
SoffiXsponR570.04Ag079800.2.p	PHD	OTR
SoffiXsponR570.04Bg154000.1.p	AP2-EREBP	TFF
SoffiXsponR570.01Ag345400.1.p	Tify	TFF
SoffiXsponR570.02Fg088000.2.p	MYB	TFF
SoffiXsponR570.08Cg205300.1.p	bZIP	TFF
SoffiXsponR570.09Bg054800.4.p	C2C2-GATA	TFF
SoffiXsponR570.02Cg005200.1.p	bHLH	TFF
SoffiXsponR570.05Fg152900.1.p	bHLH	TFF
SoffiXsponR570.07Cg055500.1.p	Tify	TFF
SoffiXsponR570.01Dg209700.3.p	bHLH	TFF
SoffiXsponR570.06Cg084200.2.p	SBP	TFF
SoffiXsponR570.06Fg145700.1.p	C3H	TFF
SoffiXsponR570.02Ag133000.7.p	SBP	TFF
SoffiXsponR570.01Cg329000.7.p	MADS	TFF
SoffiXsponR570.10Cg119500.1.p	RB	OTR
SoffiXsponR570.04Gg020200.1.p	MYB-related	TFF
SoffiXsponR570.05Cg126300.1.p	MYB	TFF
SoffiXsponR570.8_10Ag180000.4.p	MYB-related	TFF
SoffiXsponR570.8_10Ag222100.2.p	WRKY	TFF
SoffiXsponR570.10Cg013900.1.p	AP2-EREBP	TFF
SoffiXsponR570.05Ag257600.3.p	C2H2	TFF
SoffiXsponR570.01Eg307200.1.p	MYB	TFF
SoffiXsponR570.04Bg244100.1.p	TAZ	TFF
SoffiXsponR570.03Dg354700.1.p	C3H	TFF
SoffiXsponR570.08Ag069200.2.p	SET	OTR
SoffiXsponR570.05Fg197300.2.p	mTERF	OTR
SoffiXsponR570.04Ag176200.4.p	Top	TFF
SoffiXsponR570.05Fg274400.1.p	CAMTA	TFF
SoffiXsponR570.03Gg043500.2.p	SET	OTR
SoffiXsponR570.05Ag215500.2.p	C3H	TFF
SoffiXsponR570.05Eg227700.1.p	zf-A20	TFF
SoffiXsponR570.07Dg130400.1.p	ARF	TFF
SoffiXsponR570.7_10Ag180600.1.p	bHLH	TFF
SoffiXsponR570.05Bg001800.2.p	C2H2	TFF
SoffiXsponR570.01Cg378100.1.p	Top	TFF
SoffiXsponR570.02Cg168900.2.p	PHD	OTR
SoffiXsponR570.03Bg228300.4.p	SET	OTR
SoffiXsponR570.09Dg018700.1.p	FAR1	TFF
SoffiXsponR570.09Ag148200.1.p	CCAAT	TFF
SoffiXsponR570.09Bg131700.1.p	CPP	TFF
SoffiXsponR570.07Bg090300.2.p	GRAS	TFF
SoffiXsponR570.05Ag040100.5.p	bHLH	TFF
SoffiXsponR570.02Bg200500.1.p	DDT	OTR
SoffiXsponR570.5_9Ag156200.4.p	Pseudo_ARR-B	OTR
SoffiXsponR570.5_9Ag258500.1.p	AP2-EREBP	TFF
SoffiXsponR570.07Dg207400.1.p	AP2-EREBP	TFF
SoffiXsponR570.10Dg180500.1.p	bZIP	TFF
SoffiXsponR570.09Bg129500.1.p	AUX/IAA	OTR
SoffiXsponR570.05Ag183000.2.p	Tify	TFF
SoffiXsponR570.01Eg079700.1.p	bZIP	TFF
SoffiXsponR570.09Cg166700.1.p	MYB	TFF
SoffiXsponR570.01Bg051000.3.p	FHA	TFF
SoffiXsponR570.04Fg003900.1.p	RWP-RK	TFF
SoffiXsponR570.08Dg027500.2.p	Top	TFF
SoffiXsponR570.10Bg050000.1.p	ABI3VP1	TFF
SoffiXsponR570.03Dg078200.3.p	PHD	OTR
SoffiXsponR570.08Ag163100.3.p	C2H2	TFF
SoffiXsponR570.10Eg094400.1.p	FHA	TFF
SoffiXsponR570.01Dg269000.2.p	Pseudo_ARR-B	OTR
SoffiXsponR570.8_5Ag255700.1.p	AP2-EREBP	TFF
SoffiXsponR570.6_9Ag153600.2.p	Alfin-like	TFF
SoffiXsponR570.06Ag124900.1.p	OFP	TFF
SoffiXsponR570.04Ag209500.1.p	FAR1	TFF
SoffiXsponR570.06Ag199800.5.p	ABI3VP1	TFF
SoffiXsponR570.8_10Ag254200.1.p	zf-HD	TFF
SoffiXsponR570.02Dg381100.2.p	TCP	TFF
SoffiXsponR570.05Cg300100.4.p	FAR1	TFF
SoffiXsponR570.09Eg084200.4.p	MADS	TFF
SoffiXsponR570.01Eg422200.5.p	MYB-related	TFF
SoffiXsponR570.07Ag151700.1.p	AP2-EREBP	TFF
SoffiXsponR570.05Fg079600.1.p	WRKY	TFF
SoffiXsponR570.03Dg201300.2.p	FAR1	TFF
SoffiXsponR570.10Bg126200.1.p	MYB	TFF
SoffiXsponR570.08Bg047000.1.p	BSD	TFF
SoffiXsponR570.07Bg111300.1.p	C2H2	TFF
SoffiXsponR570.07Dg060700.1.p	E2F-DP	TFF
SoffiXsponR570.1Z153300.1.p	bHLH	TFF
SoffiXsponR570.04Cg245300.5.p	ARF	TFF
SoffiXsponR570.07Bg057700.1.p	Tify	TFF
SoffiXsponR570.02Bg345700.1.p	mTERF	OTR
SoffiXsponR570.05Fg279500.1.p	MYB	TFF
SoffiXsponR570.04Cg211800.1.p	TRAF	OTR
SoffiXsponR570.07Eg073900.4.p	RWP-RK	TFF
SoffiXsponR570.06Dg020800.1.p	AUX/IAA	OTR
SoffiXsponR570.10os1g002800.5.p	SAP	TFF
SoffiXsponR570.05Ag168100.1.p	C2H2	TFF
SoffiXsponR570.10os2g006600.1.p	AP2-EREBP	TFF
SoffiXsponR570.04Cg247100.2.p	TAZ	TFF
SoffiXsponR570.03Ag162800.1.p	DDT	OTR
SoffiXsponR570.03Dg240000.3.p	C2H2	TFF
SoffiXsponR570.03Eg130000.1.p	DDT	OTR
SoffiXsponR570.06Gg082800.1.p	MYB-related	TFF
SoffiXsponR570.05Bg149400.1.p	AP2-EREBP	TFF
SoffiXsponR570.03Gg135900.1.p	C2C2-GATA	TFF
SoffiXsponR570.7_10Ag181800.1.p	SET	OTR
SoffiXsponR570.01Fg282500.1.p	AP2-EREBP	TFF
SoffiXsponR570.03Eg097300.1.p	bHLH	TFF
SoffiXsponR570.01Ag125800.3.p	GRAS	TFF
SoffiXsponR570.03Ag074500.1.p	PHD	OTR
SoffiXsponR570.01Eg418000.1.p	MYB	TFF
SoffiXsponR570.05Dg294600.1.p	GRAS	TFF
SoffiXsponR570.05Fg278600.5.p	MYB	TFF
SoffiXsponR570.02Fg314900.1.p	AP2-EREBP	TFF
SoffiXsponR570.09Bg100000.3.p	PAS	TFF
SoffiXsponR570.02Ag226200.1.p	WRKY	TFF
SoffiXsponR570.6_9Ag058300.1.p	C2C2-GATA	TFF
SoffiXsponR570.03Ag272900.2.p	MADS	TFF
SoffiXsponR570.9os1g027400.1.p	NAC	TFF
SoffiXsponR570.03Gg016700.2.p	CPP	TFF
SoffiXsponR570.01Eg413400.1.p	C2C2-GATA	TFF
SoffiXsponR570.02Bg302600.3.p	GRAS	TFF
SoffiXsponR570.10Ag006900.1.p	MYB-related	TFF
SoffiXsponR570.05Eg147800.1.p	zf-BED	TFF
SoffiXsponR570.07Eg105300.1.p	Trihelix	TFF
SoffiXsponR570.5_9Ag244100.2.p	SET	OTR
SoffiXsponR570.02Bg186200.2.p	C3H	TFF
SoffiXsponR570.05Eg184800.1.p	bHLH	TFF
SoffiXsponR570.01Dg276600.1.p	SART-1	OTR
SoffiXsponR570.06Fg114600.2.p	AUX/IAA	OTR
SoffiXsponR570.7_10Ag103000.2.p	NAC	TFF
SoffiXsponR570.06Cg037600.1.p	MADS	TFF
SoffiXsponR570.9us90g042400.1.p	C2H2	TFF
SoffiXsponR570.03Cg126100.3.p	ARID	OTR
SoffiXsponR570.08Cg117000.1.p	zf-HD	TFF
SoffiXsponR570.06Dg032300.1.p	OFP	TFF
SoffiXsponR570.02Bg131300.1.p	MADS	TFF
SoffiXsponR570.02Cg165400.2.p	Jumonji	OTR
SoffiXsponR570.02Gg096300.1.p	Top	TFF
SoffiXsponR570.05Gg112200.2.p	BBR/BPC	TFF
SoffiXsponR570.03Eg276800.1.p	MADS	TFF
SoffiXsponR570.04Ag268800.1.p	bHLH	TFF
SoffiXsponR570.06Ag126200.1.p	bZIP	TFF
SoffiXsponR570.08Cg127200.1.p	CCAAT	TFF
SoffiXsponR570.03Dg303000.1.p	WRKY	TFF
SoffiXsponR570.8_10Ag180100.1.p	Sigma70-like	TFF
SoffiXsponR570.04Bg085400.2.p	bZIP	TFF
SoffiXsponR570.06Eg012900.1.p	GRAS	TFF
SoffiXsponR570.06Ag060900.2.p	bHLH	TFF
SoffiXsponR570.01Bg483700.1.p	ABI3VP1	TFF
SoffiXsponR570.10Fg089400.1.p	FHA	TFF
SoffiXsponR570.02Fg062700.1.p	Alfin-like	TFF
SoffiXsponR570.05Cg151300.2.p	AP2-EREBP	TFF
SoffiXsponR570.08Cg194400.1.p	Pseudo_ARR-B	OTR
SoffiXsponR570.01Ag174000.2.p	ABI3VP1	TFF
SoffiXsponR570.01Ag414400.1.p	Pseudo_ARR-B	OTR
SoffiXsponR570.10Cg005900.1.p	WRKY	TFF
SoffiXsponR570.01Dg158700.1.p	AP2-EREBP	TFF
SoffiXsponR570.4us91g005000.2.p	MADS	TFF
SoffiXsponR570.02Ag005700.1.p	bHLH	TFF
SoffiXsponR570.03Cg042300.1.p	PHD	OTR
SoffiXsponR570.05Bg328300.1.p	CCAAT	TFF
SoffiXsponR570.05Bg180300.1.p	GeBP	TFF
SoffiXsponR570.8_5Ag006800.2.p	Yl1	TFF
SoffiXsponR570.05Dg179600.1.p	WRKY	TFF
SoffiXsponR570.07Eg124800.3.p	C2H2	TFF
SoffiXsponR570.02Gg184500.5.p	TCP	TFF
SoffiXsponR570.05Fg262100.1.p	MADS	TFF
SoffiXsponR570.05Gg079200.4.p	bHLH	TFF
SoffiXsponR570.02Dg194100.2.p	Top	TFF
SoffiXsponR570.02Ag364200.3.p	GRAS	TFF
SoffiXsponR570.7_10Ag189200.3.p	DDT	OTR
SoffiXsponR570.03Ag006200.4.p	Jumonji	OTR
SoffiXsponR570.05Ag274500.2.p	FAR1	TFF
SoffiXsponR570.03Cg037000.3.p	TAZ	TFF
SoffiXsponR570.8_10Ag268900.1.p	GeBP	TFF
SoffiXsponR570.02Bg021700.2.p	TCP	TFF
SoffiXsponR570.10os1g059000.1.p	CCAAT	TFF
SoffiXsponR570.01Eg153300.1.p	FAR1	TFF
SoffiXsponR570.02Fg005200.2.p	bHLH	TFF
SoffiXsponR570.09Cg106800.1.p	FHA	TFF
SoffiXsponR570.8_5Ag235800.1.p	SWI/SNF-BAF60b	OTR
SoffiXsponR570.09Bg148700.1.p	C2C2-GATA	TFF
SoffiXsponR570.9us90g054100.1.p	AUX/IAA	OTR
SoffiXsponR570.03Bg092700.1.p	WRKY	TFF
SoffiXsponR570.10Fg058800.1.p	Top	TFF
SoffiXsponR570.01Dg056100.1.p	ABI3VP1	TFF
SoffiXsponR570.8_5Ag194700.3.p	SBP	TFF
SoffiXsponR570.01Cg221700.2.p	TUB	TFF
SoffiXsponR570.03Bg256600.1.p	AP2-EREBP	TFF
SoffiXsponR570.01Cg059500.3.p	MYB-related	TFF
SoffiXsponR570.5_9Ag092500.1.p	GRAS	TFF
SoffiXsponR570.02Bg318400.2.p	TUB	TFF
SoffiXsponR570.06Gg080200.1.p	MYB-related	TFF
SoffiXsponR570.02Ag356800.4.p	C2H2	TFF
SoffiXsponR570.07Bg112800.1.p	FAR1	TFF
SoffiXsponR570.03Dg300300.1.p	bZIP	TFF
SoffiXsponR570.10Dg180700.1.p	AP2-EREBP	TFF
SoffiXsponR570.07Eg090100.1.p	ARF	TFF
SoffiXsponR570.03Bg188900.1.p	AP2-EREBP	TFF
SoffiXsponR570.05Eg329700.6.p	CCAAT	TFF
SoffiXsponR570.01Bg378700.2.p	C2C2-Dof	TFF
SoffiXsponR570.03Dg080100.3.p	C3H	TFF
SoffiXsponR570.01Fg116600.2.p	HB	TFF
SoffiXsponR570.05Dg034400.4.p	bHLH	TFF
SoffiXsponR570.06Dg065800.9.p	SET	OTR
SoffiXsponR570.01Ag091800.2.p	MYB-related	TFF
SoffiXsponR570.05Eg047000.6.p	CPP	TFF
SoffiXsponR570.03Dg113100.1.p	bHLH	TFF
SoffiXsponR570.01Ag361700.1.p	GeBP	TFF
SoffiXsponR570.8_10Ag024400.1.p	Yl1	TFF
SoffiXsponR570.03Bg101200.1.p	Tudor-knot	OTR
SoffiXsponR570.01Eg373500.1.p	GNAT	OTR
SoffiXsponR570.6us88g089200.1.p	MYB	TFF
SoffiXsponR570.02Bg392500.1.p	PHD	OTR
SoffiXsponR570.07Eg016300.3.p	bHLH	TFF
SoffiXsponR570.03Ag270000.2.p	bHLH	TFF
SoffiXsponR570.7_10Ag190700.3.p	ARF	TFF
SoffiXsponR570.10os1g019900.1.p	ABI3VP1	TFF
SoffiXsponR570.02Eg076500.1.p	C3H	TFF
SoffiXsponR570.01Dg297400.3.p	bZIP	TFF
SoffiXsponR570.6us88g078400.1.p	zf-HD	TFF
SoffiXsponR570.04Ag138100.3.p	C3H	TFF
SoffiXsponR570.01Ag432500.2.p	bHLH	TFF
SoffiXsponR570.10Cg161700.1.p	MADS	TFF
SoffiXsponR570.04Fg094000.2.p	WRKY	TFF
SoffiXsponR570.02Ag100800.1.p	NAC	TFF
SoffiXsponR570.01Cg394600.3.p	Not1	TFF
SoffiXsponR570.09Ag155000.2.p	CCAAT	TFF
SoffiXsponR570.01Eg344100.2.p	Top	TFF
SoffiXsponR570.04Cg186100.1.p	ARID	OTR
SoffiXsponR570.02Dg100700.1.p	NAC	TFF
SoffiXsponR570.01Ag302600.1.p	Not1	TFF
SoffiXsponR570.02Bg256800.2.p	TRAF	OTR
SoffiXsponR570.5_9Ag162200.1.p	AP2-EREBP	TFF
SoffiXsponR570.03Bg297300.1.p	NAC	TFF
SoffiXsponR570.07Eg087400.2.p	NAC	TFF
SoffiXsponR570.05Eg032500.1.p	FAR1	TFF
SoffiXsponR570.8_10Ag235800.1.p	WRKY	TFF
SoffiXsponR570.03Cg154200.1.p	C2H2	TFF
SoffiXsponR570.04Dg081800.1.p	ARF	TFF
SoffiXsponR570.04Eg051600.2.p	NAC	TFF
SoffiXsponR570.08Ag054200.1.p	NAC	TFF
SoffiXsponR570.07Dg186300.1.p	SET	OTR
SoffiXsponR570.05Dg209100.1.p	bHLH	TFF
SoffiXsponR570.01Dg161900.1.p	bHLH	TFF
SoffiXsponR570.04Dg203100.1.p	zf-C5HC2	TFF
SoffiXsponR570.01Fg289400.7.p	HB	TFF
SoffiXsponR570.09Cg075000.1.p	RWP-RK	TFF
SoffiXsponR570.02Gg084200.1.p	mTERF	OTR
SoffiXsponR570.08Bg124700.1.p	Tify	TFF
SoffiXsponR570.08Bg081500.1.p	ABI3VP1	TFF
SoffiXsponR570.03Cg306800.1.p	AP2-EREBP	TFF
SoffiXsponR570.10Ag047900.1.p	bZIP	TFF
SoffiXsponR570.7os1g072200.1.p	AUX/IAA	OTR
SoffiXsponR570.03Ag269100.1.p	CCAAT	TFF
SoffiXsponR570.05Bg210500.1.p	MADS	TFF
SoffiXsponR570.06Bg022700.1.p	C2C2-GATA	TFF
SoffiXsponR570.07Dg073300.1.p	zf-HD	TFF
SoffiXsponR570.02Cg022200.4.p	TCP	TFF
SoffiXsponR570.8_10Ag342300.1.p	bHLH	TFF
SoffiXsponR570.02Dg355600.1.p	AP2-EREBP	TFF
SoffiXsponR570.05Ag260600.2.p	mTERF	OTR
SoffiXsponR570.08Bg161500.5.p	C2H2	TFF
SoffiXsponR570.02Dg095000.1.p	zf-BED	TFF
SoffiXsponR570.06Gg064400.1.p	MYB	TFF
SoffiXsponR570.05Ag294300.3.p	GRAS	TFF
SoffiXsponR570.5_9Ag414500.1.p	SET	OTR
SoffiXsponR570.01Ag343000.1.p	GRAS	TFF
SoffiXsponR570.05Eg065100.2.p	SET	OTR
SoffiXsponR570.8_10Ag207400.2.p	TRAF	OTR
SoffiXsponR570.05Cg029800.2.p	NAC	TFF
SoffiXsponR570.05Bg247000.8.p	SET	OTR
SoffiXsponR570.01Dg127500.3.p	GRAS	TFF
SoffiXsponR570.02Ag050300.3.p	Top	TFF
SoffiXsponR570.04Eg027600.2.p	C3H	TFF
SoffiXsponR570.03Eg062700.3.p	bZIP	TFF
SoffiXsponR570.06Gg096600.1.p	TCP	TFF
SoffiXsponR570.08Eg003000.3.p	SET	OTR
SoffiXsponR570.04Ag221200.1.p	MYB-related	TFF
SoffiXsponR570.02Eg356700.2.p	TCP	TFF
SoffiXsponR570.03Eg270100.5.p	zf-C5HC2	TFF
SoffiXsponR570.01Dg306800.3.p	ARR-B	TFF
SoffiXsponR570.05Bg284900.1.p	GRAS	TFF
SoffiXsponR570.05Dg031500.1.p	mTERF	OTR
SoffiXsponR570.06Fg109600.1.p	OFP	TFF
SoffiXsponR570.08Eg149300.3.p	bHLH	TFF
SoffiXsponR570.05Eg030600.1.p	NAC	TFF
SoffiXsponR570.09Dg018700.6.p	FAR1	TFF
SoffiXsponR570.02Cg340200.1.p	bZIP	TFF
SoffiXsponR570.01Eg161500.2.p	TRAF	OTR
SoffiXsponR570.08Cg008900.1.p	bHLH	TFF
SoffiXsponR570.05Ag381600.3.p	EIL	TFF
SoffiXsponR570.08Eg142100.2.p	WRKY	TFF
SoffiXsponR570.7_10Ag038100.3.p	PHD	OTR
SoffiXsponR570.07Eg118200.1.p	bHLH	TFF
SoffiXsponR570.07Dg085900.1.p	bHLH	TFF
SoffiXsponR570.06Dg160200.1.p	MYB-related	TFF
SoffiXsponR570.02Bg195100.1.p	C2C2-GATA	TFF
SoffiXsponR570.04Ag252900.7.p	AUX/IAA	OTR
SoffiXsponR570.01Ag118700.1.p	PHD	OTR
SoffiXsponR570.03Dg332500.1.p	MYB-related	TFF
SoffiXsponR570.09Bg015500.1.p	GRAS	TFF
SoffiXsponR570.05Dg163600.2.p	AP2-EREBP	TFF
SoffiXsponR570.03Ag100700.1.p	MYB-related	TFF
SoffiXsponR570.1Z018100.5.p	SET	OTR
SoffiXsponR570.02Cg075100.1.p	MYB	TFF
SoffiXsponR570.02Bg375600.4.p	GRAS	TFF
SoffiXsponR570.03Cg330400.1.p	MYB	TFF
SoffiXsponR570.8_10Ag287900.6.p	C2H2	TFF
SoffiXsponR570.8_10Ag141700.1.p	C2H2	TFF
SoffiXsponR570.06Fg094600.2.p	CCAAT	TFF
SoffiXsponR570.6_9Ag310700.4.p	C3H	TFF
SoffiXsponR570.05Ag202500.1.p	bZIP	TFF
SoffiXsponR570.01Bg452000.1.p	HSF	TFF
SoffiXsponR570.01Dg142000.2.p	bHLH	TFF
SoffiXsponR570.02Gg206700.2.p	bZIP	TFF
SoffiXsponR570.7_10Ag342000.1.p	AP2-EREBP	TFF
SoffiXsponR570.8_10Ag128700.5.p	PAS	TFF
SoffiXsponR570.04Fg107400.1.p	MYB	TFF
SoffiXsponR570.08Dg170700.1.p	C2C2-Dof	TFF
SoffiXsponR570.7os1g036500.1.p	PHD	OTR
SoffiXsponR570.08Eg129500.5.p	SBP	TFF
SoffiXsponR570.09Bg115400.1.p	C2H2	TFF
SoffiXsponR570.09Ag036200.1.p	WRKY	TFF
SoffiXsponR570.02Bg168200.2.p	zf-LSD1	TFF
SoffiXsponR570.08Ag118300.2.p	SET	OTR
SoffiXsponR570.03Bg039700.8.p	MYB-related	TFF
SoffiXsponR570.08Eg082400.1.p	zf-HD	TFF
SoffiXsponR570.07Eg209600.1.p	MYB	TFF
SoffiXsponR570.04Cg245300.6.p	ARF	TFF
SoffiXsponR570.09Cg139500.2.p	LIM	TFF
SoffiXsponR570.8_5Ag258100.1.p	OFP	TFF
SoffiXsponR570.01Eg070200.1.p	Rcd1-like	OTR
SoffiXsponR570.07Ag149500.1.p	AP2-EREBP	TFF
SoffiXsponR570.02Dg004300.2.p	ARF	TFF
SoffiXsponR570.02Ag232600.3.p	C3H	TFF
SoffiXsponR570.07Cg141700.1.p	NAC	TFF
SoffiXsponR570.05Eg110000.1.p	AP2-EREBP	TFF
SoffiXsponR570.7_10Ag208800.1.p	GNAT	OTR
SoffiXsponR570.03Eg258300.2.p	ARID	OTR
SoffiXsponR570.6_9Ag050500.1.p	ABI3VP1	TFF
SoffiXsponR570.5_9Ag428900.1.p	LIM	TFF
SoffiXsponR570.8_10Ag039000.1.p	SBP	TFF
SoffiXsponR570.01Fg045900.1.p	HSF	TFF
SoffiXsponR570.01Ag232600.1.p	C2C2-GATA	TFF
SoffiXsponR570.05Gg149200.1.p	AP2-EREBP	TFF
SoffiXsponR570.06Ag185100.1.p	MYB	TFF
SoffiXsponR570.03Cg124200.2.p	bHLH	TFF
SoffiXsponR570.05Ag170800.1.p	MYB	TFF
SoffiXsponR570.07Cg196400.1.p	GRF	TFF
SoffiXsponR570.06Eg044000.1.p	MYB-related	TFF
SoffiXsponR570.08Eg126300.3.p	AUX/IAA	OTR
SoffiXsponR570.04Fg014200.2.p	bZIP	TFF
SoffiXsponR570.04Ag162600.1.p	AP2-EREBP	TFF
SoffiXsponR570.02Bg191200.3.p	PHD	OTR
SoffiXsponR570.03Eg060000.2.p	MADS	TFF
SoffiXsponR570.04Eg067800.1.p	MYB	TFF
SoffiXsponR570.9os1g038400.1.p	MADS	TFF
SoffiXsponR570.02Cg178600.1.p	mTERF	OTR
SoffiXsponR570.01Cg299100.1.p	bHLH	TFF
SoffiXsponR570.02Bg074000.2.p	MYB	TFF
SoffiXsponR570.02Fg072500.1.p	MED26	OTR
SoffiXsponR570.8_10Ag137000.1.p	AP2-EREBP	TFF
SoffiXsponR570.02Bg176100.1.p	WRKY	TFF
SoffiXsponR570.10Ag221300.1.p	C2H2	TFF
SoffiXsponR570.07Dg224400.2.p	ABI3VP1	TFF
SoffiXsponR570.08Dg091100.2.p	AP2-EREBP	TFF
SoffiXsponR570.01Bg492500.2.p	SWI/SNF-BAF60b	OTR
SoffiXsponR570.01Bg280400.1.p	C2C2-GATA	TFF
SoffiXsponR570.10Cg012500.1.p	zf-HD	TFF
SoffiXsponR570.07Bg003300.1.p	C3H	TFF
SoffiXsponR570.01Bg156800.3.p	ABI3VP1	TFF
SoffiXsponR570.01Cg323800.1.p	GRAS	TFF
SoffiXsponR570.02Cg012000.1.p	OFP	TFF
SoffiXsponR570.08Cg004900.1.p	PHD	OTR
SoffiXsponR570.04Gg081900.1.p	mTERF	OTR
SoffiXsponR570.05Bg196000.1.p	C2H2	TFF
SoffiXsponR570.01Ag206500.1.p	SET	OTR
SoffiXsponR570.03Eg040500.1.p	SBP	TFF
SoffiXsponR570.03Ag351300.1.p	bZIP	TFF
SoffiXsponR570.04Ag062400.1.p	MADS	TFF
SoffiXsponR570.8_5Ag139800.8.p	ARID	OTR
SoffiXsponR570.02Gg247200.1.p	C2C2-Dof	TFF
SoffiXsponR570.1Z145600.3.p	Top	TFF
SoffiXsponR570.07Bg275900.1.p	PHD	OTR
SoffiXsponR570.1Z180200.1.p	AUX/IAA	OTR
SoffiXsponR570.6_9Ag308200.2.p	TUB	TFF
SoffiXsponR570.05Ag091700.1.p	AP2-EREBP	TFF
SoffiXsponR570.05Fg103600.1.p	MYB	TFF
SoffiXsponR570.09Eg001300.2.p	PAS	TFF
SoffiXsponR570.02Dg354600.1.p	SWI/SNF-BAF60b	OTR
SoffiXsponR570.02Bg004100.8.p	ARF	TFF
SoffiXsponR570.1Z007500.1.p	CCAAT	TFF
SoffiXsponR570.06Ag061100.4.p	bHLH	TFF
SoffiXsponR570.01Dg195500.1.p	C2H2	TFF
SoffiXsponR570.01Dg369900.4.p	RWP-RK	TFF
SoffiXsponR570.6_9Ag077200.1.p	Alfin-like	TFF
SoffiXsponR570.8_10Ag146600.2.p	GRAS	TFF
SoffiXsponR570.6_9Ag123300.1.p	HB	TFF
SoffiXsponR570.01Fg239200.5.p	bZIP	TFF
SoffiXsponR570.05Eg311600.1.p	mTERF	OTR
SoffiXsponR570.02Fg061300.1.p	MYB-related	TFF
SoffiXsponR570.06Gg149700.2.p	bHLH	TFF
SoffiXsponR570.6us88g091900.1.p	C2H2	TFF
SoffiXsponR570.03Cg011900.1.p	MYB	TFF
SoffiXsponR570.07Cg269600.1.p	CCAAT	TFF
SoffiXsponR570.02Ag040600.1.p	MYB-related	TFF
SoffiXsponR570.02Dg171300.3.p	zf-BED	TFF
SoffiXsponR570.03Dg234800.1.p	GRAS	TFF
SoffiXsponR570.07Eg164500.3.p	zf-BED	TFF
SoffiXsponR570.02Eg146000.1.p	C2H2	TFF
SoffiXsponR570.07Eg108100.1.p	WRKY	TFF
SoffiXsponR570.01Dg365400.1.p	MYB-related	TFF
SoffiXsponR570.02Ag368100.1.p	Alfin-like	TFF
SoffiXsponR570.5_9Ag424500.1.p	AUX/IAA	OTR
SoffiXsponR570.05Eg313200.1.p	GNAT	OTR
SoffiXsponR570.06Fg157100.1.p	C3H	TFF
SoffiXsponR570.04Fg036400.1.p	mTERF	OTR
SoffiXsponR570.02Ag396000.2.p	Tify	TFF
SoffiXsponR570.6us88g083000.1.p	PLATZ	TFF
SoffiXsponR570.07Bg120600.1.p	bHLH	TFF
SoffiXsponR570.8_5Ag042900.1.p	SWI/SNF-SWI3	OTR
SoffiXsponR570.05Ag264400.1.p	SET	OTR
SoffiXsponR570.03Ag228100.1.p	MYB	TFF
SoffiXsponR570.01Bg410500.2.p	MYB-related	TFF
SoffiXsponR570.04Eg105700.5.p	ARF	TFF
SoffiXsponR570.03Cg091800.1.p	HB	TFF
SoffiXsponR570.03Bg170800.1.p	mTERF	OTR
SoffiXsponR570.01Bg348400.1.p	WRKY	TFF
SoffiXsponR570.04Ag044200.3.p	Top	TFF
SoffiXsponR570.01Bg017000.3.p	FAR1	TFF
SoffiXsponR570.7_10Ag070200.1.p	MYB-related	TFF
SoffiXsponR570.08Bg003300.1.p	NAC	TFF
SoffiXsponR570.08Bg065400.2.p	CCAAT	TFF
SoffiXsponR570.06Fg031600.1.p	bHLH	TFF
SoffiXsponR570.02Ag227100.1.p	bZIP	TFF
SoffiXsponR570.03Gg121900.1.p	CCAAT	TFF
SoffiXsponR570.8_10Ag180000.3.p	MYB-related	TFF
SoffiXsponR570.10us89g051600.5.p	HB	TFF
SoffiXsponR570.05Eg311600.2.p	mTERF	OTR
SoffiXsponR570.07Dg164700.4.p	C2H2	TFF
SoffiXsponR570.03Cg331400.1.p	TCP	TFF
SoffiXsponR570.08Dg174600.1.p	bHLH	TFF
SoffiXsponR570.05Dg337800.1.p	SAP	TFF
SoffiXsponR570.02Gg109100.1.p	OFP	TFF
SoffiXsponR570.01Eg030100.1.p	C3H	TFF
SoffiXsponR570.03Fg031600.1.p	BES1	TFF
SoffiXsponR570.05Eg159300.1.p	WRKY	TFF
SoffiXsponR570.08Eg066400.1.p	bHLH	TFF
SoffiXsponR570.10Fg008900.1.p	bHLH	TFF
SoffiXsponR570.01Eg040400.1.p	TFIIS	TFF
SoffiXsponR570.06Fg051900.1.p	ABI3VP1	TFF
SoffiXsponR570.01Eg343400.1.p	FAR1	TFF
SoffiXsponR570.8_10Ag154400.1.p	zf-LSD1	TFF
SoffiXsponR570.02Cg316600.1.p	FAR1	TFF
SoffiXsponR570.5_9Ag383800.1.p	C2C2-YABBY	TFF
SoffiXsponR570.02Bg134500.1.p	SAP	TFF
SoffiXsponR570.02Eg026100.2.p	MADS	TFF
SoffiXsponR570.10Cg091400.1.p	Sigma70-like	TFF
SoffiXsponR570.10Fg112700.4.p	GRAS	TFF
SoffiXsponR570.07Cg174800.4.p	C2H2	TFF
SoffiXsponR570.05Dg198600.1.p	bHLH	TFF
SoffiXsponR570.08Ag206600.3.p	Pseudo_ARR-B	OTR
SoffiXsponR570.07Ag085500.2.p	FHA	TFF
SoffiXsponR570.01Fg164200.2.p	MYB-related	TFF
SoffiXsponR570.07Eg055500.1.p	MYB-related	TFF
SoffiXsponR570.02Gg178500.3.p	ARF	TFF
SoffiXsponR570.07Eg163100.1.p	NAC	TFF
SoffiXsponR570.01Ag528800.2.p	NAC	TFF
SoffiXsponR570.10Eg053900.5.p	RB	OTR
SoffiXsponR570.03Cg197800.1.p	ARF	TFF
SoffiXsponR570.5_9Ag029900.3.p	PHD	OTR
SoffiXsponR570.03Fg058500.3.p	ARF	TFF
SoffiXsponR570.9os1g071700.1.p	bHLH	TFF
SoffiXsponR570.10Bg180400.2.p	MADS	TFF
SoffiXsponR570.5_9Ag083600.1.p	MADS	TFF
SoffiXsponR570.01Ag070100.9.p	bHLH	TFF
SoffiXsponR570.01Eg106100.1.p	HB	TFF
SoffiXsponR570.05Fg190500.1.p	SET	OTR
SoffiXsponR570.03Dg099900.3.p	HB	TFF
SoffiXsponR570.03Ag161200.3.p	SET	OTR
SoffiXsponR570.03Ag190300.1.p	bHLH	TFF
SoffiXsponR570.07Dg012400.1.p	ARID	OTR
SoffiXsponR570.06Cg008000.1.p	MYB	TFF
SoffiXsponR570.03Fg143900.2.p	ARID	OTR
SoffiXsponR570.02Eg242200.2.p	SWI/SNF-BAF60b	OTR
SoffiXsponR570.3os3g005600.1.p	HSF	TFF
SoffiXsponR570.07Cg076400.1.p	bHLH	TFF
SoffiXsponR570.09Dg079400.3.p	GRAS	TFF
SoffiXsponR570.03Cg126100.1.p	ARID	OTR
SoffiXsponR570.03Bg058800.1.p	bZIP	TFF
SoffiXsponR570.5_9Ag123300.1.p	SBP	TFF
SoffiXsponR570.03Dg169300.1.p	NAC	TFF
SoffiXsponR570.08Cg115200.3.p	MYB	TFF
SoffiXsponR570.01Dg127500.1.p	GRAS	TFF
SoffiXsponR570.04Cg275800.2.p	PHD	OTR
SoffiXsponR570.03Dg319800.1.p	bHLH	TFF
SoffiXsponR570.05Cg296100.1.p	bHLH	TFF
SoffiXsponR570.09Ag035600.1.p	WRKY	TFF
SoffiXsponR570.02Cg075100.2.p	MYB	TFF
SoffiXsponR570.01Eg260500.1.p	PLATZ	TFF
SoffiXsponR570.03Dg120500.2.p	MYB	TFF
SoffiXsponR570.7_10Ag360900.1.p	C3H	TFF
SoffiXsponR570.01Eg393200.1.p	GNAT	OTR
SoffiXsponR570.8_10Ag177200.1.p	C3H	TFF
SoffiXsponR570.02Bg361300.1.p	Tify	TFF
SoffiXsponR570.05Dg368100.1.p	TUB	TFF
SoffiXsponR570.01Eg265200.2.p	bHLH	TFF
SoffiXsponR570.10Bg175700.1.p	TRAF	OTR
SoffiXsponR570.05Bg040500.1.p	CCAAT	TFF
SoffiXsponR570.05Fg241500.1.p	AP2-EREBP	TFF
SoffiXsponR570.04Eg097300.4.p	TRAF	OTR
SoffiXsponR570.03Cg112300.7.p	MYB	TFF
SoffiXsponR570.05Dg094100.1.p	TRAF	OTR
SoffiXsponR570.02Dg035600.1.p	MYB-related	TFF
SoffiXsponR570.5_9Ag162100.1.p	AP2-EREBP	TFF
SoffiXsponR570.07Bg020400.1.p	C2H2	TFF
SoffiXsponR570.06Cg036500.4.p	bHLH	TFF
SoffiXsponR570.03Ag159100.1.p	MYB-related	TFF
SoffiXsponR570.02Bg150800.1.p	MYB-related	TFF
SoffiXsponR570.03Bg040700.2.p	ARF	TFF
SoffiXsponR570.07Cg191100.1.p	PLATZ	TFF
SoffiXsponR570.7_10Ag015000.2.p	WRKY	TFF
SoffiXsponR570.01Cg009700.1.p	CCAAT	TFF
SoffiXsponR570.01Bg036600.1.p	AP2-EREBP	TFF
SoffiXsponR570.05Ag179200.1.p	MYB	TFF
SoffiXsponR570.04Gg106100.1.p	CCAAT	TFF
SoffiXsponR570.05Fg278600.3.p	MYB	TFF
SoffiXsponR570.06Ag123500.2.p	MYB-related	TFF
SoffiXsponR570.01Bg275400.3.p	MED26	OTR
SoffiXsponR570.09Dg077900.1.p	mTERF	OTR
SoffiXsponR570.10Ag224100.1.p	GRAS	TFF
SoffiXsponR570.02Fg109200.1.p	C3H	TFF
SoffiXsponR570.01Cg271400.5.p	GRAS	TFF
SoffiXsponR570.02Dg379300.1.p	SBP	TFF
SoffiXsponR570.03Dg264100.1.p	ARID	OTR
SoffiXsponR570.01Fg322300.6.p	HB	TFF
SoffiXsponR570.9os1g066100.1.p	NAC	TFF
SoffiXsponR570.5_9Ag428100.3.p	WRKY	TFF
SoffiXsponR570.03Fg053400.1.p	AP2-EREBP	TFF
SoffiXsponR570.06Fg157100.2.p	C3H	TFF
SoffiXsponR570.8_5Ag229200.2.p	SART-1	OTR
SoffiXsponR570.08Ag183600.1.p	NAC	TFF
SoffiXsponR570.02Fg072500.2.p	MED26	OTR
SoffiXsponR570.02Fg211600.1.p	HMG	OTR
SoffiXsponR570.04Gg071000.1.p	AP2-EREBP	TFF
SoffiXsponR570.06Cg045200.1.p	NAC	TFF
SoffiXsponR570.05Eg349700.3.p	ABI3VP1	TFF
SoffiXsponR570.05Bg108300.1.p	MYB-related	TFF
SoffiXsponR570.01Bg393800.2.p	CCAAT	TFF
SoffiXsponR570.01Cg354000.1.p	E2F-DP	TFF
SoffiXsponR570.03Eg083900.1.p	HSF	TFF
SoffiXsponR570.08Bg108100.1.p	PAS	TFF
SoffiXsponR570.07Cg039800.1.p	bHLH	TFF
SoffiXsponR570.7os1g072400.2.p	AP2-EREBP	TFF
SoffiXsponR570.07Cg113500.1.p	NAC	TFF
SoffiXsponR570.6_9Ag259000.1.p	MYB-related	TFF
SoffiXsponR570.7os1g072800.3.p	FAR1	TFF
SoffiXsponR570.01Dg377800.7.p	HB	TFF
SoffiXsponR570.04Cg207900.1.p	bZIP	TFF
SoffiXsponR570.05Gg146400.1.p	MYB-related	TFF
SoffiXsponR570.05Gg175300.1.p	PHD	OTR
SoffiXsponR570.03Dg106600.1.p	MYB-related	TFF
SoffiXsponR570.02Gg271700.1.p	GRAS	TFF
SoffiXsponR570.1Z223400.1.p	CCAAT	TFF
SoffiXsponR570.03Eg159100.2.p	FAR1	TFF
SoffiXsponR570.04Fg045300.2.p	bHLH	TFF
SoffiXsponR570.09Cg136700.1.p	TAZ	TFF
SoffiXsponR570.09Eg059600.1.p	MYB	TFF
SoffiXsponR570.08Ag217500.2.p	bHLH	TFF
SoffiXsponR570.01Ag482000.1.p	ABI3VP1	TFF
SoffiXsponR570.07Dg149800.7.p	Trihelix	TFF
SoffiXsponR570.02Bg331000.1.p	AP2-EREBP	TFF
SoffiXsponR570.5_9Ag077700.1.p	GRAS	TFF
SoffiXsponR570.01Eg207800.2.p	C2C2-Dof	TFF
SoffiXsponR570.10Cg106500.2.p	PAS	TFF
SoffiXsponR570.03Bg039700.10.p	MYB-related	TFF
SoffiXsponR570.03Ag257000.4.p	SET	OTR
SoffiXsponR570.03Ag034500.1.p	RWP-RK	TFF
SoffiXsponR570.10Cg189900.1.p	GRAS	TFF
SoffiXsponR570.09Dg089300.1.p	bHLH	TFF
SoffiXsponR570.02Ag023800.2.p	NOZZLE	TFF
SoffiXsponR570.10Dg186800.1.p	GRAS	TFF
SoffiXsponR570.08Ag001600.1.p	GNAT	OTR
SoffiXsponR570.10us89g051600.1.p	HB	TFF
SoffiXsponR570.09Eg048500.1.p	MYB	TFF
SoffiXsponR570.02Dg328500.2.p	WRKY	TFF
SoffiXsponR570.01Ag002000.1.p	Sigma70-like	TFF
SoffiXsponR570.05Eg157300.1.p	NAC	TFF
SoffiXsponR570.02Eg205600.1.p	E2F-DP	TFF
SoffiXsponR570.01Ag106100.1.p	HB	TFF
SoffiXsponR570.01Ag401300.6.p	PHD	OTR
SoffiXsponR570.03Ag021700.1.p	PHD	OTR
SoffiXsponR570.9os1g019800.5.p	SAP	TFF
SoffiXsponR570.06Eg122100.1.p	Alfin-like	TFF
SoffiXsponR570.06Gg132500.1.p	NAC	TFF
SoffiXsponR570.01Fg221800.4.p	LIM	TFF
SoffiXsponR570.06Fg155400.1.p	CCAAT	TFF
SoffiXsponR570.01Fg006600.3.p	SET	OTR
SoffiXsponR570.04Ag087300.2.p	MYB	TFF
SoffiXsponR570.5_9Ag422200.3.p	CPP	TFF
SoffiXsponR570.09Dg072300.4.p	MYB-related	TFF
SoffiXsponR570.08Cg098800.1.p	WRKY	TFF
SoffiXsponR570.07Bg000300.1.p	GeBP	TFF
SoffiXsponR570.04Bg171100.1.p	bZIP	TFF
SoffiXsponR570.01Dg043600.1.p	C2C2-YABBY	TFF
SoffiXsponR570.03Ag077300.1.p	bZIP	TFF
SoffiXsponR570.03Fg020600.1.p	NAC	TFF
SoffiXsponR570.08Cg170800.1.p	MADS	TFF
SoffiXsponR570.05Eg052500.2.p	SAP	TFF
SoffiXsponR570.07Eg186200.2.p	AP2-EREBP	TFF
SoffiXsponR570.03Bg194400.2.p	Trihelix	TFF
SoffiXsponR570.09Cg159500.2.p	C2C2-GATA	TFF
SoffiXsponR570.09Cg004200.1.p	MYB-related	TFF
SoffiXsponR570.02Fg355900.1.p	NAC	TFF
SoffiXsponR570.04Bg074300.1.p	ARF	TFF
SoffiXsponR570.05Fg197300.1.p	mTERF	OTR
SoffiXsponR570.01Cg379300.1.p	bHLH	TFF
SoffiXsponR570.03Eg111700.1.p	AP2-EREBP	TFF
SoffiXsponR570.05Bg245500.1.p	MYB-related	TFF
SoffiXsponR570.01Dg369900.1.p	RWP-RK	TFF
SoffiXsponR570.01Dg334800.2.p	FAR1	TFF
SoffiXsponR570.08Cg116700.1.p	MYB	TFF
SoffiXsponR570.08Cg116900.1.p	MYB	TFF
SoffiXsponR570.03Gg129800.1.p	MYB-related	TFF
SoffiXsponR570.08Cg054600.2.p	C3H	TFF
SoffiXsponR570.02Dg075100.1.p	AP2-EREBP	TFF
SoffiXsponR570.05Cg202900.3.p	WRKY	TFF
SoffiXsponR570.05Eg261800.1.p	mTERF	OTR
SoffiXsponR570.01Cg354600.1.p	GNAT	OTR
SoffiXsponR570.06Fg169200.1.p	SET	OTR
SoffiXsponR570.01Fg239200.2.p	bZIP	TFF
SoffiXsponR570.04Gg115700.3.p	ARF	TFF
SoffiXsponR570.06Gg143600.1.p	C2C2-GATA	TFF
SoffiXsponR570.09Eg022600.1.p	SET	OTR
SoffiXsponR570.03Ag035400.3.p	TAZ	TFF
SoffiXsponR570.6_9Ag309500.1.p	NAC	TFF
SoffiXsponR570.05Dg320400.1.p	HRT	TFF
SoffiXsponR570.7_10Ag264800.1.p	SET	OTR
SoffiXsponR570.01Ag258200.1.p	Tify	TFF
SoffiXsponR570.10Eg034500.1.p	bHLH	TFF
SoffiXsponR570.03Eg181900.4.p	Trihelix	TFF
SoffiXsponR570.8_10Ag287900.1.p	C2H2	TFF
SoffiXsponR570.05Fg087300.1.p	PHD	OTR
SoffiXsponR570.08Ag065400.1.p	CCAAT	TFF
SoffiXsponR570.05Eg296900.1.p	FAR1	TFF
SoffiXsponR570.01Dg289400.3.p	FAR1	TFF
SoffiXsponR570.07Bg077700.1.p	bHLH	TFF
SoffiXsponR570.01Ag034200.1.p	mTERF	OTR
SoffiXsponR570.9os1g009300.1.p	bZIP	TFF
SoffiXsponR570.02Dg034400.3.p	MYB-related	TFF
SoffiXsponR570.05Dg232100.1.p	AP2-EREBP	TFF
SoffiXsponR570.05Bg162800.2.p	bHLH	TFF
SoffiXsponR570.8_10Ag178400.1.p	bHLH	TFF
SoffiXsponR570.01Eg433900.2.p	HB	TFF
SoffiXsponR570.01Dg374900.2.p	FHA	TFF
SoffiXsponR570.01Dg125800.1.p	bHLH	TFF
SoffiXsponR570.06Cg043100.1.p	MYB	TFF
SoffiXsponR570.04Ag027100.3.p	SET	OTR
SoffiXsponR570.05Fg095500.1.p	MYB	TFF
SoffiXsponR570.04Dg070900.3.p	LIM	TFF
SoffiXsponR570.01Dg331900.4.p	MADS	TFF
SoffiXsponR570.08Bg189900.2.p	bHLH	TFF
SoffiXsponR570.01Bg156600.2.p	ABI3VP1	TFF
SoffiXsponR570.6os1g002300.1.p	C2C2-GATA	TFF
SoffiXsponR570.02Dg050200.2.p	bZIP	TFF
SoffiXsponR570.5_9Ag230800.1.p	MYB	TFF
SoffiXsponR570.01Dg358700.1.p	C2C2-GATA	TFF
SoffiXsponR570.04Gg106200.1.p	MADS	TFF
SoffiXsponR570.07Ag148100.1.p	WRKY	TFF
SoffiXsponR570.04Eg016100.2.p	FHA	TFF
SoffiXsponR570.01Cg099400.1.p	GNAT	OTR
SoffiXsponR570.08Cg155100.1.p	bZIP	TFF
SoffiXsponR570.03Cg238400.4.p	MYB-related	TFF
SoffiXsponR570.05Bg029700.1.p	mTERF	OTR
SoffiXsponR570.04Gg103300.1.p	FHA	TFF
SoffiXsponR570.09Dg025200.3.p	C3H	TFF
SoffiXsponR570.01Fg232300.1.p	bHLH	TFF
SoffiXsponR570.02Cg041900.1.p	PAS	TFF
SoffiXsponR570.01Ag064000.2.p	C2C2-GATA	TFF
SoffiXsponR570.05Gg030200.1.p	MYB	TFF
SoffiXsponR570.02Gg170200.1.p	AUX/IAA	OTR
SoffiXsponR570.01Fg278600.1.p	Tify	TFF
SoffiXsponR570.10Ag129800.1.p	GNAT	OTR
SoffiXsponR570.10Fg112700.3.p	GRAS	TFF
SoffiXsponR570.05Ag323900.2.p	GRAS	TFF
SoffiXsponR570.03Ag054500.2.p	bZIP	TFF
SoffiXsponR570.03Cg112300.6.p	MYB	TFF
SoffiXsponR570.02Fg124600.1.p	MED26	OTR
SoffiXsponR570.8_5Ag263100.2.p	EIL	TFF
SoffiXsponR570.01Eg034200.1.p	GRAS	TFF
SoffiXsponR570.05Dg171900.1.p	FAR1	TFF
SoffiXsponR570.5_9Ag394200.1.p	MYB	TFF
SoffiXsponR570.01Eg110700.1.p	HB	TFF
SoffiXsponR570.6_9Ag338400.1.p	bHLH	TFF
SoffiXsponR570.06Fg106900.1.p	TUB	TFF
SoffiXsponR570.06Cg119700.1.p	WRKY	TFF
SoffiXsponR570.01Eg452100.3.p	Not1	TFF
SoffiXsponR570.02Dg421100.2.p	Top	TFF
SoffiXsponR570.7_10Ag145100.1.p	bHLH	TFF
SoffiXsponR570.01Cg027900.1.p	AUX/IAA	OTR
SoffiXsponR570.10Dg041600.3.p	TUB	TFF
SoffiXsponR570.03Fg042200.3.p	SBP	TFF
SoffiXsponR570.09Cg038300.2.p	bZIP	TFF
SoffiXsponR570.6us88g128500.1.p	TRAF	OTR
SoffiXsponR570.09Bg142700.1.p	C2H2	TFF
SoffiXsponR570.10Ag062500.1.p	TCP	TFF
SoffiXsponR570.02Cg371800.1.p	Jumonji	OTR
SoffiXsponR570.05Eg080100.1.p	TRAF	OTR
SoffiXsponR570.01Fg198500.3.p	PHD	OTR
SoffiXsponR570.03Dg041000.3.p	PHD	OTR
SoffiXsponR570.01Ag454000.3.p	MYB-related	TFF
SoffiXsponR570.04Fg091500.2.p	AP2-EREBP	TFF
SoffiXsponR570.1Z279300.1.p	zf-BED	TFF
SoffiXsponR570.05Cg376900.1.p	FAR1	TFF
SoffiXsponR570.03Ag227000.4.p	zf-C5HC2	TFF
SoffiXsponR570.06Gg056200.1.p	OFP	TFF
SoffiXsponR570.01Bg326100.1.p	PLATZ	TFF
SoffiXsponR570.01Cg080700.1.p	MYB	TFF
SoffiXsponR570.03Ag159100.2.p	MYB-related	TFF
SoffiXsponR570.8_10Ag005900.1.p	MYB-related	TFF
SoffiXsponR570.02Dg354600.2.p	SWI/SNF-BAF60b	OTR
SoffiXsponR570.08Ag038200.2.p	bHLH	TFF
SoffiXsponR570.1Z245800.6.p	TIG	TFF
SoffiXsponR570.10Dg181400.2.p	MYB-related	TFF
SoffiXsponR570.02Ag284600.1.p	TCP	TFF
SoffiXsponR570.7_10Ag047300.2.p	OFP	TFF
SoffiXsponR570.09Bg052700.1.p	MED26	OTR
SoffiXsponR570.04Cg086400.1.p	GeBP	TFF
SoffiXsponR570.01Cg309500.2.p	MYB-related	TFF
SoffiXsponR570.04Eg048400.1.p	AP2-EREBP	TFF
SoffiXsponR570.02Ag233700.1.p	ARF	TFF
SoffiXsponR570.07Bg064400.1.p	zf-BED	TFF
SoffiXsponR570.05Fg046200.1.p	bZIP	TFF
SoffiXsponR570.02Cg040700.1.p	MYB-related	TFF
SoffiXsponR570.05Bg223400.1.p	AP2-EREBP	TFF
SoffiXsponR570.9os1g019800.4.p	SAP	TFF
SoffiXsponR570.01Eg092700.1.p	MYB-related	TFF
SoffiXsponR570.02Dg275800.1.p	TCP	TFF
SoffiXsponR570.01Bg065400.2.p	bHLH	TFF
SoffiXsponR570.03Bg141900.2.p	NAC	TFF
SoffiXsponR570.08Ag085100.1.p	WRKY	TFF
SoffiXsponR570.05Dg378800.1.p	C3H	TFF
SoffiXsponR570.8_5Ag221200.4.p	TIG	TFF
SoffiXsponR570.05Ag046900.1.p	Tify	TFF
SoffiXsponR570.05Dg308000.3.p	C3H	TFF
SoffiXsponR570.03Ag288800.2.p	mTERF	OTR
SoffiXsponR570.6_9Ag237200.3.p	bZIP	TFF
SoffiXsponR570.02Fg190200.1.p	OFP	TFF
SoffiXsponR570.7_10Ag358400.1.p	AP2-EREBP	TFF
SoffiXsponR570.07Eg154500.1.p	AP2-EREBP	TFF
SoffiXsponR570.03Bg056900.1.p	PLATZ	TFF
SoffiXsponR570.05Gg178800.1.p	MYB	TFF
SoffiXsponR570.01Eg280300.6.p	MYB-related	TFF
SoffiXsponR570.03Gg093300.1.p	bHLH	TFF
SoffiXsponR570.05Bg366700.1.p	TUB	TFF
SoffiXsponR570.05Bg158300.1.p	C2H2	TFF
SoffiXsponR570.04Bg006400.1.p	HB	TFF
SoffiXsponR570.07Bg236700.2.p	AP2-EREBP	TFF
SoffiXsponR570.08Cg120500.2.p	AP2-EREBP	TFF
SoffiXsponR570.04Eg099100.1.p	MYB-related	TFF
SoffiXsponR570.01Eg196000.1.p	TFIID	TFF
SoffiXsponR570.03Bg182100.3.p	SET	OTR
SoffiXsponR570.01Eg166800.1.p	LIM	TFF
SoffiXsponR570.01Cg152000.1.p	C2H2	TFF
SoffiXsponR570.01Eg221400.2.p	GRAS	TFF
SoffiXsponR570.01Cg113000.5.p	GRAS	TFF
SoffiXsponR570.05Eg048300.1.p	HSF	TFF
SoffiXsponR570.7_10Ag089300.1.p	Alfin-like	TFF
SoffiXsponR570.01Eg001400.1.p	AP2-EREBP	TFF
SoffiXsponR570.06Cg148800.1.p	C3H	TFF
SoffiXsponR570.03Cg291400.1.p	GRF	TFF
SoffiXsponR570.5_9Ag424600.1.p	AUX/IAA	OTR
SoffiXsponR570.02Gg080800.2.p	MYB-related	TFF
SoffiXsponR570.01Fg195900.1.p	bZIP	TFF
SoffiXsponR570.10Dg176200.1.p	MYB	TFF
SoffiXsponR570.01Eg352000.2.p	bZIP	TFF
SoffiXsponR570.02Gg146600.2.p	zf-BED	TFF
SoffiXsponR570.03Dg058800.3.p	MADS	TFF
SoffiXsponR570.8_10Ag112500.2.p	FHA	TFF
SoffiXsponR570.07Ag193100.1.p	PHD	OTR
SoffiXsponR570.04Ag118400.1.p	MYB	TFF
SoffiXsponR570.07Bg193500.1.p	MYB	TFF
SoffiXsponR570.03Cg007500.1.p	Jumonji	OTR
SoffiXsponR570.07Ag047800.1.p	ABI3VP1	TFF
SoffiXsponR570.5_9Ag184300.1.p	SBP	TFF
SoffiXsponR570.05Ag215500.1.p	C3H	TFF
SoffiXsponR570.02Fg248800.1.p	WRKY	TFF
SoffiXsponR570.8_5Ag056100.3.p	TRAF	OTR
SoffiXsponR570.09Eg033300.1.p	WRKY	TFF
SoffiXsponR570.08Dg159800.1.p	AP2-EREBP	TFF
SoffiXsponR570.6us88g027600.2.p	MYB	TFF
SoffiXsponR570.01Ag535500.2.p	NAC	TFF
SoffiXsponR570.6us88g089300.1.p	MYB	TFF
SoffiXsponR570.07Bg175100.1.p	HMG	OTR
SoffiXsponR570.01Bg072700.1.p	TRAF	OTR
SoffiXsponR570.01Bg083200.1.p	MADS	TFF
SoffiXsponR570.06Ag034200.2.p	bHLH	TFF
SoffiXsponR570.01Fg060900.1.p	Tify	TFF
SoffiXsponR570.06Gg138300.1.p	WRKY	TFF
SoffiXsponR570.03Bg275900.1.p	CCAAT	TFF
SoffiXsponR570.05Gg030200.2.p	MYB	TFF
SoffiXsponR570.06Cg091400.3.p	GRAS	TFF
SoffiXsponR570.05Bg381000.2.p	bZIP	TFF
SoffiXsponR570.01Dg191900.1.p	C2H2	TFF
SoffiXsponR570.09Bg035000.3.p	SET	OTR
SoffiXsponR570.01Bg280900.1.p	bHLH	TFF
SoffiXsponR570.05Bg267600.1.p	SBP	TFF
SoffiXsponR570.08Eg044300.1.p	MBF1	OTR
SoffiXsponR570.02Bg065300.1.p	CCAAT	TFF
SoffiXsponR570.7_10Ag180900.1.p	bHLH	TFF
SoffiXsponR570.04Bg113000.1.p	MYB-related	TFF
SoffiXsponR570.07Ag077900.4.p	ARF	TFF
SoffiXsponR570.02Dg345900.3.p	C2H2	TFF
SoffiXsponR570.01Eg106100.3.p	HB	TFF
SoffiXsponR570.09Bg035700.1.p	WRKY	TFF
SoffiXsponR570.8_10Ag203800.1.p	ABI3VP1	TFF
SoffiXsponR570.09Bg027400.2.p	C3H	TFF
SoffiXsponR570.01Ag498900.1.p	HSF	TFF
SoffiXsponR570.08Ag217700.1.p	bZIP	TFF
SoffiXsponR570.02Bg165300.4.p	Top	TFF
SoffiXsponR570.01Cg150300.3.p	bHLH	TFF
SoffiXsponR570.5_9Ag135600.1.p	GRF	TFF
SoffiXsponR570.08Bg129200.2.p	zf-HD	TFF
SoffiXsponR570.06Gg151800.2.p	MYB-related	TFF
SoffiXsponR570.02Dg222100.4.p	bZIP	TFF
SoffiXsponR570.02Fg096000.1.p	zf-BED	TFF
SoffiXsponR570.02Bg200100.3.p	ARF	TFF
SoffiXsponR570.07Bg021400.1.p	Top	TFF
SoffiXsponR570.01Cg378000.1.p	HB	TFF
SoffiXsponR570.02Dg030900.1.p	MYB-related	TFF
SoffiXsponR570.5_9Ag230500.1.p	Tify	TFF
SoffiXsponR570.08Eg073600.1.p	C2H2	TFF
SoffiXsponR570.01Eg038000.1.p	Alfin-like	TFF
SoffiXsponR570.05Dg026900.1.p	AP2-EREBP	TFF
SoffiXsponR570.03Ag273600.1.p	C2C2-CO-like	TFF
SoffiXsponR570.06Gg149700.3.p	bHLH	TFF
SoffiXsponR570.01Ag525200.1.p	MYB-related	TFF
SoffiXsponR570.02Dg345900.2.p	C2H2	TFF
SoffiXsponR570.8_5Ag178400.1.p	SBP	TFF
SoffiXsponR570.02Bg043600.2.p	WRKY	TFF
SoffiXsponR570.06Eg106000.2.p	SET	OTR
SoffiXsponR570.10Eg124900.1.p	C2H2	TFF
SoffiXsponR570.08Cg176500.2.p	bHLH	TFF
SoffiXsponR570.10Bg057400.1.p	bZIP	TFF
SoffiXsponR570.04Fg074900.1.p	AP2-EREBP	TFF
SoffiXsponR570.01Ag292200.2.p	MED26	OTR
SoffiXsponR570.8_5Ag046700.1.p	MYB-related	TFF
SoffiXsponR570.03Bg125900.1.p	AP2-EREBP	TFF
SoffiXsponR570.05Fg124300.1.p	zf-HD	TFF
SoffiXsponR570.07Dg225400.4.p	Top	TFF
SoffiXsponR570.01Dg087900.7.p	Top	TFF
SoffiXsponR570.01Eg430600.1.p	FHA	TFF
SoffiXsponR570.05Bg046900.2.p	TRAF	OTR
SoffiXsponR570.10Dg115400.1.p	CCAAT	TFF
SoffiXsponR570.6us88g002500.1.p	ABI3VP1	TFF
SoffiXsponR570.07Ag263400.3.p	TUB	TFF
SoffiXsponR570.06Eg031600.3.p	MYB-related	TFF
SoffiXsponR570.08Ag169600.1.p	HSF	TFF
SoffiXsponR570.02Eg260300.1.p	SET	OTR
SoffiXsponR570.02Fg077800.1.p	bHLH	TFF
SoffiXsponR570.06Cg071300.2.p	GNAT	OTR
SoffiXsponR570.04Dg119700.1.p	C2C2-CO-like	TFF
SoffiXsponR570.1Z009400.2.p	WRKY	TFF
SoffiXsponR570.01Eg351300.1.p	MYB-related	TFF
SoffiXsponR570.02Fg112700.1.p	C3H	TFF
SoffiXsponR570.05Cg312800.1.p	C2H2	TFF
SoffiXsponR570.02Bg192800.4.p	bZIP	TFF
SoffiXsponR570.01Eg091000.2.p	MADS	TFF
SoffiXsponR570.08Dg005000.2.p	zf-LSD1	TFF
SoffiXsponR570.07Ag232300.5.p	FAR1	TFF
SoffiXsponR570.03Gg074600.4.p	MYB-related	TFF
SoffiXsponR570.06Fg108000.5.p	ARF	TFF
SoffiXsponR570.05Fg115200.1.p	C2H2	TFF
SoffiXsponR570.01Dg375200.2.p	NAC	TFF
SoffiXsponR570.03Eg113000.1.p	C2H2	TFF
SoffiXsponR570.05Dg276600.1.p	SBP	TFF
SoffiXsponR570.01Eg195600.2.p	Trihelix	TFF
SoffiXsponR570.08Cg161000.1.p	bHLH	TFF
SoffiXsponR570.02Bg392700.1.p	GNAT	OTR
SoffiXsponR570.01Eg243500.2.p	GRAS	TFF
SoffiXsponR570.5_9Ag115000.1.p	MYB-related	TFF
SoffiXsponR570.01Cg309500.1.p	MYB-related	TFF
SoffiXsponR570.05Fg031100.1.p	MYB	TFF
SoffiXsponR570.09Eg071200.2.p	RWP-RK	TFF
SoffiXsponR570.10Ag064900.1.p	MYB	TFF
SoffiXsponR570.05Gg103600.4.p	WRKY	TFF
SoffiXsponR570.05Dg276700.1.p	SBP	TFF
SoffiXsponR570.07Bg205100.3.p	PHD	OTR
SoffiXsponR570.05Eg042400.1.p	TRAF	OTR
SoffiXsponR570.01Fg013000.2.p	Top	TFF
SoffiXsponR570.06Fg129900.1.p	MYB	TFF
SoffiXsponR570.1Z024400.3.p	C2C2-Dof	TFF
SoffiXsponR570.01Fg270900.1.p	TIG	TFF
SoffiXsponR570.05Dg276600.2.p	SBP	TFF
SoffiXsponR570.02Bg115200.3.p	SBP	TFF
SoffiXsponR570.6_9Ag233800.1.p	bZIP	TFF
SoffiXsponR570.09Ag035800.8.p	SET	OTR
SoffiXsponR570.01Cg278000.1.p	AP2-EREBP	TFF
SoffiXsponR570.02Gg291300.1.p	ARF	TFF
SoffiXsponR570.04Ag136900.1.p	PHD	OTR
SoffiXsponR570.8_10Ag204100.1.p	AP2-EREBP	TFF
SoffiXsponR570.03Ag325600.2.p	bHLH	TFF
SoffiXsponR570.01Dg333800.1.p	AP2-EREBP	TFF
SoffiXsponR570.07Dg139800.1.p	LIM	TFF
SoffiXsponR570.05Eg329700.2.p	CCAAT	TFF
SoffiXsponR570.06Cg084200.1.p	SBP	TFF
SoffiXsponR570.03Ag107500.1.p	bHLH	TFF
SoffiXsponR570.02Eg339100.1.p	AP2-EREBP	TFF
SoffiXsponR570.03Ag063300.1.p	GNAT	OTR
SoffiXsponR570.02Eg373900.1.p	TRAF	OTR
SoffiXsponR570.05Bg041200.2.p	C2C2-YABBY	TFF
SoffiXsponR570.01Bg204900.1.p	MYB	TFF
SoffiXsponR570.6_9Ag036800.1.p	WRKY	TFF
SoffiXsponR570.02Dg262300.1.p	WRKY	TFF
SoffiXsponR570.02Fg238700.1.p	ABI3VP1	TFF
SoffiXsponR570.01Eg313900.1.p	MYB	TFF
SoffiXsponR570.04Bg197900.1.p	bZIP	TFF
SoffiXsponR570.03Bg063900.1.p	WRKY	TFF
SoffiXsponR570.05Dg034400.3.p	bHLH	TFF
SoffiXsponR570.07Ag242800.2.p	C3H	TFF
SoffiXsponR570.03Cg061600.2.p	PLATZ	TFF
SoffiXsponR570.02Eg034800.2.p	NAC	TFF
SoffiXsponR570.03Bg256400.1.p	TCP	TFF
SoffiXsponR570.05Bg197800.2.p	bZIP	TFF
SoffiXsponR570.10Eg058500.1.p	CCAAT	TFF
SoffiXsponR570.05Ag215500.3.p	C3H	TFF
SoffiXsponR570.01Eg154700.2.p	NOT2_3_5	OTR
SoffiXsponR570.04Cg053200.1.p	AP2-EREBP	TFF
SoffiXsponR570.01Bg063600.2.p	mTERF	OTR
SoffiXsponR570.03Ag301100.1.p	AP2-EREBP	TFF
SoffiXsponR570.10Fg010800.1.p	NAC	TFF
SoffiXsponR570.10Dg137300.1.p	WRKY	TFF
SoffiXsponR570.02Dg111200.1.p	C3H	TFF
SoffiXsponR570.04Dg129500.2.p	TRAF	OTR
SoffiXsponR570.06Eg033600.2.p	HB	TFF
SoffiXsponR570.02Dg121900.1.p	MYB	TFF
SoffiXsponR570.01Dg048000.5.p	bHLH	TFF
SoffiXsponR570.05Dg322200.1.p	C2H2	TFF
SoffiXsponR570.06Eg019700.1.p	MYB	TFF
SoffiXsponR570.07Eg198900.5.p	ARF	TFF
SoffiXsponR570.7os1g078400.1.p	BSD	TFF
SoffiXsponR570.05Ag145900.1.p	bZIP	TFF
SoffiXsponR570.01Dg346200.8.p	HB	TFF
SoffiXsponR570.05Eg311900.4.p	GRAS	TFF
SoffiXsponR570.08Dg115700.5.p	ARID	OTR
SoffiXsponR570.6us88g078000.1.p	Alfin-like	TFF
SoffiXsponR570.01Ag422400.1.p	SART-1	OTR
SoffiXsponR570.03Dg254600.1.p	bHLH	TFF
SoffiXsponR570.05Cg268600.1.p	MYB	TFF
SoffiXsponR570.7os1g016300.1.p	ABI3VP1	TFF
SoffiXsponR570.02Cg052500.1.p	C3H	TFF
SoffiXsponR570.02Dg381100.1.p	TCP	TFF
SoffiXsponR570.09Ag036100.1.p	WRKY	TFF
SoffiXsponR570.02Bg037200.4.p	NAC	TFF
SoffiXsponR570.04Cg198700.2.p	Top	TFF
SoffiXsponR570.01Dg122400.1.p	Tify	TFF
SoffiXsponR570.06Gg095800.1.p	BSD	TFF
SoffiXsponR570.04Bg055100.1.p	AP2-EREBP	TFF
SoffiXsponR570.09Dg047000.4.p	PHD	OTR
SoffiXsponR570.03Fg070200.1.p	TUB	TFF
SoffiXsponR570.03Eg128300.1.p	SET	OTR
SoffiXsponR570.01Ag026900.1.p	SBP	TFF
SoffiXsponR570.08Dg079100.1.p	AP2-EREBP	TFF
SoffiXsponR570.01Ag184200.1.p	FHA	TFF
SoffiXsponR570.01Ag396100.1.p	AP2-EREBP	TFF
SoffiXsponR570.03Gg109200.1.p	bHLH	TFF
SoffiXsponR570.08Cg010200.1.p	AUX/IAA	OTR
SoffiXsponR570.05Bg247000.5.p	SET	OTR
SoffiXsponR570.01Dg394200.1.p	GRAS	TFF
SoffiXsponR570.7os1g036500.3.p	PHD	OTR
SoffiXsponR570.07Dg055600.1.p	S1Fa-like	TFF
SoffiXsponR570.06Ag126200.7.p	bZIP	TFF
SoffiXsponR570.06Gg056900.2.p	NAC	TFF
SoffiXsponR570.01Cg377700.6.p	HB	TFF
SoffiXsponR570.01Cg333100.1.p	Tify	TFF
SoffiXsponR570.08Ag125800.1.p	PHD	OTR
SoffiXsponR570.7_10Ag002200.2.p	SAP	TFF
SoffiXsponR570.01Cg107400.1.p	Tify	TFF
SoffiXsponR570.03Eg037300.2.p	RWP-RK	TFF
SoffiXsponR570.08Bg031600.4.p	Top	TFF
SoffiXsponR570.01Ag258000.1.p	Tify	TFF
SoffiXsponR570.02Bg170000.3.p	C3H	TFF
SoffiXsponR570.05Bg332000.1.p	FAR1	TFF
SoffiXsponR570.6_9Ag326600.1.p	WRKY	TFF
SoffiXsponR570.07Eg025100.2.p	ABI3VP1	TFF
SoffiXsponR570.03Dg234700.1.p	GRAS	TFF
SoffiXsponR570.03Ag229600.1.p	PLATZ	TFF
SoffiXsponR570.01Bg358800.7.p	PHD	OTR
SoffiXsponR570.04Cg005700.1.p	ABI3VP1	TFF
SoffiXsponR570.08Dg105300.1.p	MYB-related	TFF
SoffiXsponR570.05Gg084200.1.p	AP2-EREBP	TFF
SoffiXsponR570.1Z208600.1.p	C3H	TFF
SoffiXsponR570.01Dg308400.1.p	NAC	TFF
SoffiXsponR570.09Bg065900.1.p	PLATZ	TFF
SoffiXsponR570.05Fg128400.1.p	bHLH	TFF
SoffiXsponR570.5_9Ag129300.1.p	mTERF	OTR
SoffiXsponR570.01Cg302000.2.p	HSF	TFF
SoffiXsponR570.10Ag061200.1.p	NAC	TFF
SoffiXsponR570.05Dg049200.1.p	zf-A20	TFF
SoffiXsponR570.06Ag088800.1.p	AP2-EREBP	TFF
SoffiXsponR570.04Cg099600.1.p	RWP-RK	TFF
SoffiXsponR570.05Fg246200.4.p	mTERF	OTR
SoffiXsponR570.03Cg276200.1.p	SET	OTR
SoffiXsponR570.09Ag052800.12.p	SAP	TFF
SoffiXsponR570.06Eg125200.1.p	NAC	TFF
SoffiXsponR570.01Cg101500.2.p	SET	OTR
SoffiXsponR570.9os1g036100.1.p	SWI/SNF-BAF60b	OTR
SoffiXsponR570.02Eg396300.1.p	MYB	TFF
SoffiXsponR570.02Cg283400.1.p	zf-A20	TFF
SoffiXsponR570.03Ag076200.1.p	MYB-related	TFF
SoffiXsponR570.02Eg139300.4.p	zf-BED	TFF
SoffiXsponR570.8_10Ag200900.1.p	SET	OTR
SoffiXsponR570.03Fg127500.1.p	CPP	TFF
SoffiXsponR570.07Cg243100.3.p	FAR1	TFF
SoffiXsponR570.05Cg082100.1.p	AP2-EREBP	TFF
SoffiXsponR570.03Ag195500.1.p	FAR1	TFF
SoffiXsponR570.04Eg120700.1.p	PAS	TFF
SoffiXsponR570.06Ag088700.1.p	AP2-EREBP	TFF
SoffiXsponR570.04Bg171100.2.p	bZIP	TFF
SoffiXsponR570.01Eg388700.1.p	ABI3VP1	TFF
SoffiXsponR570.06Gg096600.2.p	TCP	TFF
SoffiXsponR570.10us89g015600.1.p	WRKY	TFF
SoffiXsponR570.06Ag062400.1.p	MADS	TFF
SoffiXsponR570.05Fg141200.3.p	C3H	TFF
SoffiXsponR570.01Dg149200.1.p	MYB-related	TFF
SoffiXsponR570.5_9Ag019700.1.p	ABI3VP1	TFF
SoffiXsponR570.01Ag035800.1.p	C2H2	TFF
SoffiXsponR570.03Dg060000.1.p	PLATZ	TFF
SoffiXsponR570.06Cg035300.3.p	NAC	TFF
SoffiXsponR570.07Bg067300.2.p	S1Fa-like	TFF
SoffiXsponR570.01Ag451400.1.p	AP2-EREBP	TFF
SoffiXsponR570.04Cg211400.1.p	TRAF	OTR
SoffiXsponR570.05Cg188700.1.p	HSF	TFF
SoffiXsponR570.10Dg195800.1.p	GRAS	TFF
SoffiXsponR570.04Dg145800.1.p	C2H2	TFF
SoffiXsponR570.03Dg304300.3.p	GNAT	OTR
SoffiXsponR570.08Bg137600.1.p	AP2-EREBP	TFF
SoffiXsponR570.08Cg159300.1.p	AP2-EREBP	TFF
SoffiXsponR570.06Dg075400.2.p	mTERF	OTR
SoffiXsponR570.05Bg078700.1.p	AP2-EREBP	TFF
SoffiXsponR570.10Ag224300.1.p	GRAS	TFF
SoffiXsponR570.01Cg040300.2.p	FAR1	TFF
SoffiXsponR570.7_10Ag046000.2.p	ABI3VP1	TFF
SoffiXsponR570.05Dg344600.1.p	SAP	TFF
SoffiXsponR570.03Cg067700.1.p	PLATZ	TFF
SoffiXsponR570.9us90g069000.1.p	C2H2	TFF
SoffiXsponR570.1Z187200.2.p	bHLH	TFF
SoffiXsponR570.02Cg373000.1.p	mTERF	OTR
SoffiXsponR570.03Dg327300.2.p	C2C2-GATA	TFF
SoffiXsponR570.01Fg289400.8.p	HB	TFF
SoffiXsponR570.01Dg387800.2.p	SWI/SNF-BAF60b	OTR
SoffiXsponR570.02Fg239300.1.p	WRKY	TFF
SoffiXsponR570.01Dg306800.1.p	ARR-B	TFF
SoffiXsponR570.03Gg115500.1.p	GNAT	OTR
SoffiXsponR570.10Dg123900.1.p	MYB	TFF
SoffiXsponR570.07Ag111900.1.p	Trihelix	TFF
SoffiXsponR570.01Ag126200.2.p	TCP	TFF
SoffiXsponR570.5_9Ag245400.1.p	mTERF	OTR
SoffiXsponR570.8_10Ag297100.1.p	bHLH	TFF
SoffiXsponR570.10Eg066000.1.p	BSD	TFF
SoffiXsponR570.03Ag195600.1.p	FAR1	TFF
SoffiXsponR570.01Eg209000.2.p	Top	TFF
SoffiXsponR570.02Cg191000.2.p	Top	TFF
SoffiXsponR570.07Dg028500.1.p	TFIID	TFF
SoffiXsponR570.10Ag215800.1.p	MYB	TFF
SoffiXsponR570.08Ag088600.3.p	TRAF	OTR
SoffiXsponR570.03Fg042200.1.p	SBP	TFF
SoffiXsponR570.01Bg132700.1.p	HB	TFF
SoffiXsponR570.06Dg033300.2.p	MYB	TFF
SoffiXsponR570.08Ag066900.2.p	bZIP	TFF
SoffiXsponR570.6_9Ag025700.1.p	SET	OTR
SoffiXsponR570.01Bg098800.1.p	FHA	TFF
SoffiXsponR570.08Bg034800.2.p	C3H	TFF
SoffiXsponR570.7_10Ag280300.1.p	C2H2	TFF
SoffiXsponR570.04Dg130200.1.p	FAR1	TFF
SoffiXsponR570.01Bg034400.1.p	C2C2-Dof	TFF
SoffiXsponR570.06Gg005000.3.p	bHLH	TFF
SoffiXsponR570.09Eg123000.1.p	ABI3VP1	TFF
SoffiXsponR570.01Ag383000.2.p	WRKY	TFF
SoffiXsponR570.07Dg136100.1.p	Top	TFF
SoffiXsponR570.08Bg055400.2.p	bHLH	TFF
SoffiXsponR570.01Dg024000.1.p	WRKY	TFF
SoffiXsponR570.03Bg101500.2.p	GeBP	TFF
SoffiXsponR570.01Bg104900.1.p	MYB-related	TFF
SoffiXsponR570.03Dg208800.1.p	Pseudo_ARR-B	OTR
SoffiXsponR570.01Dg303500.2.p	bHLH	TFF
SoffiXsponR570.05Cg167900.1.p	bHLH	TFF
SoffiXsponR570.02Gg073500.6.p	PHD	OTR
SoffiXsponR570.01Ag363800.1.p	MED26	OTR
SoffiXsponR570.7_10Ag269000.1.p	AP2-EREBP	TFF
SoffiXsponR570.04Fg090300.1.p	MYB	TFF
SoffiXsponR570.07Cg161600.1.p	AP2-EREBP	TFF
SoffiXsponR570.01Eg433900.4.p	HB	TFF
SoffiXsponR570.05Eg352400.1.p	NAC	TFF
SoffiXsponR570.7_10Ag281400.1.p	C2C2-Dof	TFF
SoffiXsponR570.08Cg210400.4.p	ABI3VP1	TFF
SoffiXsponR570.03Dg079600.1.p	bZIP	TFF
SoffiXsponR570.08Dg146900.1.p	bZIP	TFF
SoffiXsponR570.07Ag168200.1.p	AP2-EREBP	TFF
SoffiXsponR570.7os1g067400.1.p	AP2-EREBP	TFF
SoffiXsponR570.05Dg189200.1.p	Tify	TFF
SoffiXsponR570.01Eg410700.3.p	Jumonji	OTR
SoffiXsponR570.07Dg166100.1.p	HSF	TFF
SoffiXsponR570.01Dg048700.4.p	CPP	TFF
SoffiXsponR570.05Dg051600.1.p	PHD	OTR
SoffiXsponR570.01Ag001600.1.p	AP2-EREBP	TFF
SoffiXsponR570.01Bg181700.2.p	Trihelix	TFF
SoffiXsponR570.07Ag048400.2.p	WRKY	TFF
SoffiXsponR570.9os1g002800.1.p	WRKY	TFF
SoffiXsponR570.02Cg004800.1.p	ARF	TFF
SoffiXsponR570.05Ag012000.2.p	MADS	TFF
SoffiXsponR570.8_5Ag235300.1.p	MED26	OTR
SoffiXsponR570.04Cg072900.2.p	PHD	OTR
SoffiXsponR570.05Gg139100.1.p	bZIP	TFF
SoffiXsponR570.05Fg233200.1.p	NAC	TFF
SoffiXsponR570.05Cg187500.2.p	mTERF	OTR
SoffiXsponR570.02Eg320600.1.p	C2H2	TFF
SoffiXsponR570.01Cg132300.1.p	bHLH	TFF
SoffiXsponR570.05Ag087100.1.p	SET	OTR
SoffiXsponR570.05Bg300700.1.p	TRAF	OTR
SoffiXsponR570.04Gg109300.1.p	MYB-related	TFF
SoffiXsponR570.02Fg227500.2.p	ABI3VP1	TFF
SoffiXsponR570.02Fg036900.2.p	NAC	TFF
SoffiXsponR570.8_5Ag085300.1.p	AP2-EREBP	TFF
SoffiXsponR570.04Cg031700.1.p	MADS	TFF
SoffiXsponR570.04Bg243300.2.p	MYB-related	TFF
SoffiXsponR570.02Eg152800.1.p	WRKY	TFF
SoffiXsponR570.01Eg289900.1.p	Jumonji	OTR
SoffiXsponR570.05Eg214200.2.p	SBP	TFF
SoffiXsponR570.8_10Ag207600.1.p	TRAF	OTR
SoffiXsponR570.01Fg031400.1.p	SAP	TFF
SoffiXsponR570.03Ag119300.1.p	Tudor-knot	OTR
SoffiXsponR570.5_9Ag284000.1.p	MADS	TFF
SoffiXsponR570.02Bg396600.1.p	WRKY	TFF
SoffiXsponR570.6_9Ag188000.2.p	AP2-EREBP	TFF
SoffiXsponR570.06Fg075500.2.p	GNAT	OTR
SoffiXsponR570.08Cg083600.4.p	SET	OTR
SoffiXsponR570.06Dg111600.1.p	CPP	TFF
SoffiXsponR570.8_5Ag264200.1.p	MYB	TFF
SoffiXsponR570.01Dg056000.1.p	ABI3VP1	TFF
SoffiXsponR570.02Cg172500.1.p	bHLH	TFF
SoffiXsponR570.08Eg087200.1.p	SOH1	OTR
SoffiXsponR570.04Fg078900.1.p	GRAS	TFF
SoffiXsponR570.07Ag070500.4.p	SET	OTR
SoffiXsponR570.8_10Ag232400.4.p	PAS	TFF
SoffiXsponR570.9os1g074000.3.p	TAZ	TFF
SoffiXsponR570.07Dg031200.7.p	bHLH	TFF
SoffiXsponR570.09Ag020500.1.p	FAR1	TFF
SoffiXsponR570.01Fg032300.1.p	C2C2-GATA	TFF
SoffiXsponR570.06Ag093100.1.p	PHD	OTR
SoffiXsponR570.08Ag098100.2.p	GNAT	OTR
SoffiXsponR570.08Dg019200.1.p	BSD	TFF
SoffiXsponR570.03Ag279900.2.p	E2F-DP	TFF
SoffiXsponR570.06Bg045500.5.p	bHLH	TFF
SoffiXsponR570.03Dg241100.2.p	C2C2-Dof	TFF
SoffiXsponR570.03Cg030000.2.p	BES1	TFF
SoffiXsponR570.01Fg310500.1.p	bHLH	TFF
SoffiXsponR570.02Gg033300.4.p	SBP	TFF
SoffiXsponR570.05Bg146000.1.p	mTERF	OTR
SoffiXsponR570.6_9Ag218000.1.p	SBP	TFF
SoffiXsponR570.4us91g021100.4.p	ARF	TFF
SoffiXsponR570.10Fg029100.1.p	RB	OTR
SoffiXsponR570.05Bg283800.2.p	bHLH	TFF
SoffiXsponR570.05Cg185500.1.p	GeBP	TFF
SoffiXsponR570.01Bg187000.1.p	SET	OTR
SoffiXsponR570.02Gg021800.2.p	NAC	TFF
SoffiXsponR570.1Z033800.2.p	TIG	TFF
SoffiXsponR570.02Eg373200.1.p	GRAS	TFF
SoffiXsponR570.08Dg106200.1.p	zf-A20	TFF
SoffiXsponR570.07Eg178700.4.p	bZIP	TFF
SoffiXsponR570.06Dg077300.1.p	SWI/SNF-BAF60b	OTR
SoffiXsponR570.05Cg161500.1.p	MYB	TFF
SoffiXsponR570.02Eg222200.1.p	MYB-related	TFF
SoffiXsponR570.09Ag134300.1.p	AP2-EREBP	TFF
SoffiXsponR570.02Cg023700.1.p	bZIP	TFF
SoffiXsponR570.02Ag041500.1.p	WRKY	TFF
SoffiXsponR570.08Ag111800.3.p	PAS	TFF
SoffiXsponR570.04Ag008600.1.p	ABI3VP1	TFF
SoffiXsponR570.6us88g106800.2.p	PHD	OTR
SoffiXsponR570.03Ag127400.1.p	WRKY	TFF
SoffiXsponR570.03Gg077800.2.p	Top	TFF
SoffiXsponR570.02Eg000900.2.p	G2-like	TFF
SoffiXsponR570.02Ag044500.1.p	CCAAT	TFF
SoffiXsponR570.02Fg048100.2.p	Top	TFF
SoffiXsponR570.02Bg017500.1.p	PHD	OTR
SoffiXsponR570.04Cg144000.1.p	AUX/IAA	OTR
SoffiXsponR570.02Dg371900.1.p	ABI3VP1	TFF
SoffiXsponR570.05Dg177000.1.p	NAC	TFF
SoffiXsponR570.06Ag076900.1.p	WRKY	TFF
SoffiXsponR570.04Fg014800.1.p	NAC	TFF
SoffiXsponR570.01Cg221700.3.p	TUB	TFF
SoffiXsponR570.03Fg070900.1.p	GNAT	OTR
SoffiXsponR570.01Ag322800.1.p	AP2-EREBP	TFF
SoffiXsponR570.01Fg091800.2.p	MED26	OTR
SoffiXsponR570.04Bg176500.1.p	CCAAT	TFF
SoffiXsponR570.01Dg161800.1.p	Not1	TFF
SoffiXsponR570.03Cg182000.1.p	mTERF	OTR
SoffiXsponR570.06Ag002600.1.p	GRAS	TFF
SoffiXsponR570.01Eg108300.1.p	BSD	TFF
SoffiXsponR570.02Cg371800.2.p	Jumonji	OTR
SoffiXsponR570.9os1g058800.1.p	C2C2-Dof	TFF
SoffiXsponR570.04Eg097300.1.p	TRAF	OTR
SoffiXsponR570.10Bg205400.1.p	GRAS	TFF
SoffiXsponR570.08Ag193100.1.p	ARF	TFF
SoffiXsponR570.01Dg050600.3.p	AUX/IAA	OTR
SoffiXsponR570.02Cg217800.1.p	WRKY	TFF
SoffiXsponR570.05Fg092900.1.p	TCP	TFF
SoffiXsponR570.08Ag166600.1.p	bZIP	TFF
SoffiXsponR570.02Cg201900.1.p	HSF	TFF
SoffiXsponR570.10Dg002700.4.p	SAP	TFF
SoffiXsponR570.04Dg007000.1.p	HB	TFF
SoffiXsponR570.05Ag057100.2.p	zf-A20	TFF
SoffiXsponR570.01Bg193900.2.p	Top	TFF
SoffiXsponR570.05Cg030400.2.p	MYB	TFF
SoffiXsponR570.02Bg061600.2.p	zf-fF-X1	TFF
SoffiXsponR570.04Gg002800.1.p	NAC	TFF
SoffiXsponR570.05Gg049800.1.p	zf-A20	TFF
SoffiXsponR570.03Fg106300.1.p	bHLH	TFF
SoffiXsponR570.02Eg279200.2.p	bZIP	TFF
SoffiXsponR570.01Ag318300.2.p	OFP	TFF
SoffiXsponR570.01Cg050300.2.p	C2C2-GATA	TFF
SoffiXsponR570.10Eg108200.1.p	C2C2-Dof	TFF
SoffiXsponR570.06Dg065800.11.p	SET	OTR
SoffiXsponR570.6us88g002600.1.p	ABI3VP1	TFF
SoffiXsponR570.02Dg001900.1.p	NAC	TFF
SoffiXsponR570.5_9Ag013100.2.p	zf-BED	TFF
SoffiXsponR570.01Cg015400.1.p	SBP	TFF
SoffiXsponR570.05Dg304500.4.p	FAR1	TFF
SoffiXsponR570.07Ag201800.3.p	bHLH	TFF
SoffiXsponR570.04Bg237300.1.p	C2C2-GATA	TFF
SoffiXsponR570.02Gg233000.2.p	GRAS	TFF
SoffiXsponR570.04Ag183000.1.p	MYB	TFF
SoffiXsponR570.01Eg126300.3.p	SET	OTR
SoffiXsponR570.06Dg125900.1.p	AP2-EREBP	TFF
SoffiXsponR570.02Eg116900.1.p	MADS	TFF
SoffiXsponR570.01Bg100300.1.p	bHLH	TFF
SoffiXsponR570.06Ag220800.1.p	MYB-related	TFF
SoffiXsponR570.01Fg185700.1.p	MYB-related	TFF
SoffiXsponR570.04Bg228400.1.p	MED26	OTR
SoffiXsponR570.06Gg121700.1.p	AP2-EREBP	TFF
SoffiXsponR570.01Bg169200.1.p	C2C2-Dof	TFF
SoffiXsponR570.01Dg153600.1.p	NAC	TFF
SoffiXsponR570.09Ag052800.6.p	SAP	TFF
SoffiXsponR570.06Ag208400.2.p	CCAAT	TFF
SoffiXsponR570.03Dg069800.1.p	ARR-B	TFF
SoffiXsponR570.9os1g020800.1.p	C2C2-GATA	TFF
SoffiXsponR570.05Bg075500.1.p	MADS	TFF
SoffiXsponR570.05Cg197400.4.p	bHLH	TFF
SoffiXsponR570.05Fg096900.2.p	bHLH	TFF
SoffiXsponR570.04Dg142700.1.p	TRAF	OTR
SoffiXsponR570.8_10Ag180000.2.p	MYB-related	TFF
SoffiXsponR570.02Gg178500.2.p	ARF	TFF
SoffiXsponR570.07Ag019200.1.p	Top	TFF
SoffiXsponR570.07Bg161400.1.p	WRKY	TFF
SoffiXsponR570.01Fg051700.2.p	GNAT	OTR
SoffiXsponR570.9os1g072800.2.p	ABI3VP1	TFF
SoffiXsponR570.04Cg254000.1.p	MADS	TFF
SoffiXsponR570.01Ag285100.1.p	WRKY	TFF
SoffiXsponR570.09Ag002700.3.p	PAS	TFF
SoffiXsponR570.08Bg082800.4.p	PHD	OTR
SoffiXsponR570.01Dg346200.2.p	HB	TFF
SoffiXsponR570.06Eg087100.4.p	AP2-EREBP	TFF
SoffiXsponR570.06Fg142100.1.p	AUX/IAA	OTR
SoffiXsponR570.03Gg077800.1.p	Top	TFF
SoffiXsponR570.06Bg045500.1.p	bHLH	TFF
SoffiXsponR570.7os1g010500.1.p	C2H2	TFF
SoffiXsponR570.4us91g062500.1.p	TRAF	OTR
SoffiXsponR570.1Z176000.3.p	MYB	TFF
SoffiXsponR570.10Bg001600.2.p	PAS	TFF
SoffiXsponR570.09Dg027200.1.p	zf-HD	TFF
SoffiXsponR570.6_9Ag332500.2.p	MYB-related	TFF
SoffiXsponR570.03Eg014100.2.p	bHLH	TFF
SoffiXsponR570.01Bg121400.1.p	C2H2	TFF
SoffiXsponR570.10Cg022800.1.p	GRAS	TFF
SoffiXsponR570.01Fg239200.1.p	bZIP	TFF
SoffiXsponR570.06Cg075900.2.p	AP2-EREBP	TFF
SoffiXsponR570.06Ag133000.2.p	MYB	TFF
SoffiXsponR570.05Ag038500.1.p	MYB	TFF
SoffiXsponR570.07Cg122700.1.p	bHLH	TFF
SoffiXsponR570.1Z116000.1.p	bHLH	TFF
SoffiXsponR570.6_9Ag017100.1.p	GRAS	TFF
SoffiXsponR570.07Cg093700.2.p	FHA	TFF
SoffiXsponR570.01Fg152300.3.p	TIG	TFF
SoffiXsponR570.05Cg168100.1.p	WRKY	TFF
SoffiXsponR570.07Ag146900.1.p	MYB-related	TFF
SoffiXsponR570.06Fg031700.1.p	bHLH	TFF
SoffiXsponR570.04Fg091500.3.p	AP2-EREBP	TFF
SoffiXsponR570.07Dg077200.1.p	bHLH	TFF
SoffiXsponR570.10Eg130300.1.p	GRAS	TFF
SoffiXsponR570.05Cg168200.1.p	WRKY	TFF
SoffiXsponR570.02Fg304500.1.p	bHLH	TFF
SoffiXsponR570.01Ag033600.1.p	GRAS	TFF
SoffiXsponR570.08Dg115700.3.p	ARID	OTR
SoffiXsponR570.05Fg012000.2.p	MADS	TFF
SoffiXsponR570.09Cg117500.3.p	MYB	TFF
SoffiXsponR570.02Dg398300.1.p	GRAS	TFF
SoffiXsponR570.02Dg027700.2.p	MADS	TFF
SoffiXsponR570.05Gg206500.4.p	C3H	TFF
SoffiXsponR570.09Cg043900.1.p	OFP	TFF
SoffiXsponR570.10Bg025900.1.p	MYB	TFF
SoffiXsponR570.10Dg164300.3.p	FHA	TFF
SoffiXsponR570.02Bg053000.1.p	bZIP	TFF
SoffiXsponR570.02Bg363300.1.p	bHLH	TFF
SoffiXsponR570.8_5Ag085500.1.p	AP2-EREBP	TFF
SoffiXsponR570.05Ag319300.1.p	WRKY	TFF
SoffiXsponR570.8_10Ag281200.1.p	NAC	TFF
SoffiXsponR570.07Eg058200.1.p	WRKY	TFF
SoffiXsponR570.06Dg117000.3.p	ARF	TFF
SoffiXsponR570.09Eg053000.1.p	MYB	TFF
SoffiXsponR570.02Bg165300.6.p	Top	TFF
SoffiXsponR570.03Dg226700.1.p	Trihelix	TFF
SoffiXsponR570.05Cg252000.1.p	C2H2	TFF
SoffiXsponR570.08Eg133500.1.p	bHLH	TFF
SoffiXsponR570.07Eg040500.1.p	FHA	TFF
SoffiXsponR570.09Ag052800.17.p	SAP	TFF
SoffiXsponR570.01Bg276500.1.p	NAC	TFF
SoffiXsponR570.05Cg252000.2.p	C2H2	TFF
SoffiXsponR570.7_10Ag099500.1.p	AUX/IAA	OTR
SoffiXsponR570.10Bg138500.1.p	AUX/IAA	OTR
SoffiXsponR570.04Gg086300.5.p	G2-like	TFF
SoffiXsponR570.01Eg177600.1.p	GRAS	TFF
SoffiXsponR570.06Ag105800.2.p	TRAF	OTR
SoffiXsponR570.5_9Ag259200.1.p	SET	OTR
SoffiXsponR570.03Ag006200.1.p	Jumonji	OTR
SoffiXsponR570.02Fg298100.1.p	EIL	TFF
SoffiXsponR570.02Ag368100.2.p	Alfin-like	TFF
SoffiXsponR570.02Dg179000.3.p	MYB-related	TFF
SoffiXsponR570.10Dg137400.1.p	MADS	TFF
SoffiXsponR570.05Cg252000.3.p	C2H2	TFF
SoffiXsponR570.02Cg356400.1.p	MADS	TFF
SoffiXsponR570.08Ag138400.2.p	SET	OTR
SoffiXsponR570.06Cg005300.2.p	HB	TFF
SoffiXsponR570.7_10Ag297100.1.p	bHLH	TFF
SoffiXsponR570.08Bg128700.1.p	MYB	TFF
SoffiXsponR570.02Fg098300.1.p	bHLH	TFF
SoffiXsponR570.06Fg145700.7.p	C3H	TFF
SoffiXsponR570.07Bg185700.1.p	ABI3VP1	TFF
SoffiXsponR570.01Cg017300.1.p	Alfin-like	TFF
SoffiXsponR570.01Ag258600.1.p	Tify	TFF
SoffiXsponR570.06Ag083700.1.p	MYB	TFF
SoffiXsponR570.01Eg382300.2.p	GRAS	TFF
SoffiXsponR570.03Gg077800.3.p	Top	TFF
SoffiXsponR570.06Eg135300.1.p	bZIP	TFF
SoffiXsponR570.02Fg288900.1.p	bZIP	TFF
SoffiXsponR570.01Dg161800.2.p	Not1	TFF
SoffiXsponR570.05Gg032000.3.p	bHLH	TFF
SoffiXsponR570.09Bg047800.1.p	OFP	TFF
SoffiXsponR570.06Fg083800.1.p	CCAAT	TFF
SoffiXsponR570.04Cg133200.1.p	C3H	TFF
SoffiXsponR570.01Bg232300.1.p	TRAF	OTR
SoffiXsponR570.02Bg313400.1.p	C2H2	TFF
SoffiXsponR570.05Fg039200.1.p	DDT	OTR
SoffiXsponR570.09Ag126100.1.p	GRAS	TFF
SoffiXsponR570.10Eg108700.1.p	C2C2-Dof	TFF
SoffiXsponR570.03Ag035400.4.p	TAZ	TFF
SoffiXsponR570.05Ag367800.5.p	DDT	OTR
SoffiXsponR570.06Cg184400.2.p	C3H	TFF
SoffiXsponR570.05Dg346800.2.p	bHLH	TFF
SoffiXsponR570.10Ag224500.1.p	GRAS	TFF
SoffiXsponR570.01Dg097600.2.p	C2C2-GATA	TFF
SoffiXsponR570.01Eg069100.1.p	TCP	TFF
SoffiXsponR570.02Cg388500.2.p	Tify	TFF
SoffiXsponR570.05Ag065300.1.p	bHLH	TFF
SoffiXsponR570.03Cg224800.3.p	C2H2	TFF
SoffiXsponR570.04Fg009400.1.p	zf-fF-X1	TFF
SoffiXsponR570.6_9Ag237200.1.p	bZIP	TFF
SoffiXsponR570.01Dg249200.1.p	MYB	TFF
SoffiXsponR570.09Bg071000.1.p	MADS	TFF
SoffiXsponR570.03Ag054500.1.p	bZIP	TFF
SoffiXsponR570.05Eg222900.1.p	bHLH	TFF
SoffiXsponR570.06Ag210400.1.p	C3H	TFF
SoffiXsponR570.06Ag150200.3.p	MYB-related	TFF
SoffiXsponR570.01Eg387600.4.p	MADS	TFF
SoffiXsponR570.6_9Ag316100.2.p	bZIP	TFF
SoffiXsponR570.05Dg307200.2.p	GRAS	TFF
SoffiXsponR570.04Gg080400.1.p	AP2-EREBP	TFF
SoffiXsponR570.05Eg301600.1.p	C3H	TFF
SoffiXsponR570.03Bg278900.1.p	AP2-EREBP	TFF
SoffiXsponR570.10Eg130000.3.p	GRAS	TFF
SoffiXsponR570.8_10Ag341300.1.p	bHLH	TFF
SoffiXsponR570.06Eg031600.4.p	MYB-related	TFF
SoffiXsponR570.7os1g044600.1.p	bHLH	TFF
SoffiXsponR570.05Eg309400.1.p	MADS	TFF
SoffiXsponR570.02Bg302600.1.p	GRAS	TFF
SoffiXsponR570.02Ag315700.2.p	bZIP	TFF
SoffiXsponR570.5_9Ag144400.1.p	RWP-RK	TFF
SoffiXsponR570.05Gg032000.2.p	bHLH	TFF
SoffiXsponR570.04Bg068700.1.p	PHD	OTR
SoffiXsponR570.01Ag115600.2.p	MYB	TFF
SoffiXsponR570.03Dg293200.1.p	MYB	TFF
SoffiXsponR570.02Gg264300.1.p	TAZ	TFF
SoffiXsponR570.05Gg036100.1.p	TCP	TFF
SoffiXsponR570.08Dg059400.1.p	MADS	TFF
SoffiXsponR570.02Cg286400.1.p	NAC	TFF
SoffiXsponR570.02Cg004800.2.p	ARF	TFF
SoffiXsponR570.8_10Ag298900.1.p	bZIP	TFF
SoffiXsponR570.02Bg131600.1.p	C2C2-GATA	TFF
SoffiXsponR570.01Dg109500.3.p	HSF	TFF
SoffiXsponR570.05Eg114700.1.p	bZIP	TFF
SoffiXsponR570.02Ag292100.1.p	NAC	TFF
SoffiXsponR570.09Dg047000.6.p	PHD	OTR
SoffiXsponR570.06Dg041000.1.p	WRKY	TFF
SoffiXsponR570.03Cg157900.1.p	ARF	TFF
SoffiXsponR570.04Fg041700.1.p	CPP	TFF
SoffiXsponR570.1Z068800.4.p	Trihelix	TFF
SoffiXsponR570.08Ag111800.1.p	PAS	TFF
SoffiXsponR570.1Z221200.3.p	DDT	OTR
SoffiXsponR570.04Bg255600.5.p	bZIP	TFF
SoffiXsponR570.01Cg027500.1.p	WRKY	TFF
SoffiXsponR570.02Dg165800.1.p	bZIP	TFF
SoffiXsponR570.04Ag254300.4.p	SBP	TFF
SoffiXsponR570.5_9Ag076200.1.p	bHLH	TFF
SoffiXsponR570.06Bg028800.2.p	ABI3VP1	TFF
SoffiXsponR570.06Ag068800.5.p	MYB	TFF
SoffiXsponR570.5_9Ag049700.2.p	bHLH	TFF
SoffiXsponR570.08Eg061100.1.p	PHD	OTR
SoffiXsponR570.10Dg171500.1.p	PAS	TFF
SoffiXsponR570.09Dg118300.1.p	C2C2-GATA	TFF
SoffiXsponR570.01Ag244900.2.p	HSF	TFF
SoffiXsponR570.07Eg205300.5.p	ARF	TFF
SoffiXsponR570.10Cg041100.1.p	HB	TFF
SoffiXsponR570.07Eg118200.3.p	bHLH	TFF
SoffiXsponR570.01Cg291800.1.p	bZIP	TFF
SoffiXsponR570.06Ag212300.1.p	C2C2-GATA	TFF
SoffiXsponR570.04Eg026000.1.p	PHD	OTR
SoffiXsponR570.6_9Ag258500.4.p	NOT2_3_5	OTR
SoffiXsponR570.08Dg029800.2.p	FAR1	TFF
SoffiXsponR570.02Eg341900.2.p	ABI3VP1	TFF
SoffiXsponR570.01Cg233200.1.p	FAR1	TFF
SoffiXsponR570.02Gg213500.3.p	bZIP	TFF
SoffiXsponR570.02Ag075700.1.p	MYB	TFF
SoffiXsponR570.02Fg155800.1.p	zf-BED	TFF
SoffiXsponR570.01Cg290900.2.p	MYB-related	TFF
SoffiXsponR570.03Cg055200.1.p	ARF	TFF
SoffiXsponR570.10Cg049200.1.p	NAC	TFF
SoffiXsponR570.5_9Ag121600.1.p	C2C2-Dof	TFF
SoffiXsponR570.05Dg071100.1.p	AP2-EREBP	TFF
SoffiXsponR570.02Bg002500.1.p	NAC	TFF
SoffiXsponR570.02Cg084700.1.p	C2H2	TFF
SoffiXsponR570.05Bg308800.1.p	BES1	TFF
SoffiXsponR570.05Eg110300.1.p	MYB	TFF
SoffiXsponR570.8_5Ag061500.2.p	MYB-related	TFF
SoffiXsponR570.06Fg051800.1.p	ABI3VP1	TFF
SoffiXsponR570.07Ag184200.1.p	WRKY	TFF
SoffiXsponR570.09Ag082800.1.p	Jumonji	OTR
SoffiXsponR570.01Dg346200.9.p	HB	TFF
SoffiXsponR570.05Bg242200.1.p	RWP-RK	TFF
SoffiXsponR570.08Eg111600.1.p	AP2-EREBP	TFF
SoffiXsponR570.01Bg265200.2.p	bHLH	TFF
SoffiXsponR570.03Ag164000.1.p	ARF	TFF
SoffiXsponR570.05Eg301600.2.p	C3H	TFF
SoffiXsponR570.08Cg151700.8.p	C2H2	TFF
SoffiXsponR570.01Fg269300.1.p	GRAS	TFF
SoffiXsponR570.04Fg068700.1.p	Top	TFF
SoffiXsponR570.01Ag173900.1.p	ABI3VP1	TFF
SoffiXsponR570.05Bg320800.1.p	C2H2	TFF
SoffiXsponR570.03Bg037100.1.p	RWP-RK	TFF
SoffiXsponR570.07Ag193100.4.p	PHD	OTR
SoffiXsponR570.02Bg303800.3.p	MYB-related	TFF
SoffiXsponR570.07Eg111500.1.p	AP2-EREBP	TFF
SoffiXsponR570.6us88g024600.1.p	MYB-related	TFF
SoffiXsponR570.03Bg111100.1.p	bHLH	TFF
SoffiXsponR570.8_10Ag153800.2.p	Top	TFF
SoffiXsponR570.1Z256800.1.p	DBP	TFF
SoffiXsponR570.02Ag174800.1.p	zf-BED	TFF
SoffiXsponR570.04Cg061200.2.p	BBR/BPC	TFF
SoffiXsponR570.06Ag198400.2.p	Trihelix	TFF
SoffiXsponR570.08Bg032100.1.p	zf-LSD1	TFF
SoffiXsponR570.05Dg308000.1.p	C3H	TFF
SoffiXsponR570.08Bg022600.9.p	MYB-related	TFF
SoffiXsponR570.07Eg058700.1.p	C2H2	TFF
SoffiXsponR570.01Ag264900.1.p	GRAS	TFF
SoffiXsponR570.02Ag410300.1.p	GRAS	TFF
SoffiXsponR570.8_10Ag260700.1.p	MYB	TFF
SoffiXsponR570.05Cg365000.2.p	DDT	OTR
SoffiXsponR570.04Dg043000.1.p	PBF-2-like	TFF
SoffiXsponR570.09Bg129600.1.p	bZIP	TFF
SoffiXsponR570.06Fg111400.1.p	PHD	OTR
SoffiXsponR570.08Cg185900.2.p	SBP	TFF
SoffiXsponR570.06Eg123400.3.p	SWI/SNF-BAF60b	OTR
SoffiXsponR570.05Gg031400.1.p	FAR1	TFF
SoffiXsponR570.02Gg005400.1.p	bHLH	TFF
SoffiXsponR570.01Fg225900.1.p	AP2-EREBP	TFF
SoffiXsponR570.04Dg110400.1.p	zf-fF-X1	TFF
SoffiXsponR570.7_10Ag188600.1.p	TRAF	OTR
SoffiXsponR570.05Bg160700.1.p	NAC	TFF
SoffiXsponR570.01Ag423600.6.p	GRAS	TFF
SoffiXsponR570.01Eg433900.1.p	HB	TFF
SoffiXsponR570.10Eg113100.3.p	PAS	TFF
SoffiXsponR570.06Eg094700.1.p	AP2-EREBP	TFF
SoffiXsponR570.05Gg183800.1.p	zf-HD	TFF
SoffiXsponR570.03Fg073300.2.p	PLATZ	TFF
SoffiXsponR570.01Ag516300.1.p	BES1	TFF
SoffiXsponR570.04Fg134600.2.p	MYB-related	TFF
SoffiXsponR570.04Dg161900.1.p	AP2-EREBP	TFF
SoffiXsponR570.07Bg255800.3.p	ARF	TFF
SoffiXsponR570.07Ag103400.1.p	C2H2	TFF
SoffiXsponR570.04Cg192800.1.p	AP2-EREBP	TFF
SoffiXsponR570.6_9Ag175800.1.p	GNAT	OTR
SoffiXsponR570.04Fg062800.1.p	bHLH	TFF
SoffiXsponR570.7_10Ag038100.1.p	DDT	OTR
SoffiXsponR570.05Dg223200.1.p	NAC	TFF
SoffiXsponR570.02Gg234100.2.p	MYB-related	TFF
SoffiXsponR570.10Ag220400.3.p	GRAS	TFF
SoffiXsponR570.02Eg330800.1.p	MADS	TFF
SoffiXsponR570.07Eg105300.4.p	Trihelix	TFF
SoffiXsponR570.02Bg029800.1.p	AP2-EREBP	TFF
SoffiXsponR570.01Cg277900.1.p	GRAS	TFF
SoffiXsponR570.06Gg102900.1.p	C2C2-GATA	TFF
SoffiXsponR570.10Ag206900.1.p	PAS	TFF
SoffiXsponR570.05Dg363800.1.p	CCAAT	TFF
SoffiXsponR570.03Eg040500.2.p	SBP	TFF
SoffiXsponR570.1Z210800.1.p	OFP	TFF
SoffiXsponR570.01Ag360900.1.p	MYB	TFF
SoffiXsponR570.06Fg147700.1.p	WRKY	TFF
SoffiXsponR570.03Bg112900.4.p	HMG	OTR
SoffiXsponR570.05Ag344000.1.p	CAMTA	TFF
SoffiXsponR570.08Cg098100.1.p	CCAAT	TFF
SoffiXsponR570.03Dg170200.1.p	DDT	OTR
SoffiXsponR570.03Bg258500.1.p	mTERF	OTR
SoffiXsponR570.03Bg137800.1.p	bHLH	TFF
SoffiXsponR570.03Cg210300.2.p	Trihelix	TFF
SoffiXsponR570.02Cg245100.1.p	MYB	TFF
SoffiXsponR570.08Bg051600.2.p	NAC	TFF
SoffiXsponR570.05Ag119300.3.p	SET	OTR
SoffiXsponR570.07Dg060700.2.p	E2F-DP	TFF
SoffiXsponR570.02Fg251300.2.p	SWI/SNF-BAF60b	OTR
SoffiXsponR570.8_10Ag146700.2.p	GRAS	TFF
SoffiXsponR570.03Ag187700.1.p	ABI3VP1	TFF
SoffiXsponR570.05Eg047000.3.p	CPP	TFF
SoffiXsponR570.10us89g040300.1.p	DDT	OTR
SoffiXsponR570.02Gg233000.3.p	GRAS	TFF
SoffiXsponR570.01Bg307000.1.p	C2H2	TFF
SoffiXsponR570.04Ag000300.3.p	NAC	TFF
SoffiXsponR570.03Ag105300.1.p	NAC	TFF
SoffiXsponR570.07Ag019900.1.p	ARID	OTR
SoffiXsponR570.08Cg031700.1.p	Top	TFF
SoffiXsponR570.10Ag013500.1.p	TRAF	OTR
SoffiXsponR570.6us88g091100.1.p	TCP	TFF
SoffiXsponR570.02Eg204100.1.p	NAC	TFF
SoffiXsponR570.01Eg184100.2.p	GRAS	TFF
SoffiXsponR570.6_9Ag331700.2.p	MYB-related	TFF
SoffiXsponR570.05Bg046900.1.p	TRAF	OTR
SoffiXsponR570.09Ag052800.8.p	SAP	TFF
SoffiXsponR570.01Cg246100.1.p	SET	OTR
SoffiXsponR570.05Ag172400.1.p	bHLH	TFF
SoffiXsponR570.04Bg023200.1.p	BBR/BPC	TFF
SoffiXsponR570.09Dg018700.7.p	FAR1	TFF
SoffiXsponR570.05Fg168300.1.p	SRS	TFF
SoffiXsponR570.01Fg150600.1.p	bHLH	TFF
SoffiXsponR570.01Ag401300.3.p	PHD	OTR
SoffiXsponR570.9os1g002400.1.p	WRKY	TFF
SoffiXsponR570.07Bg245000.1.p	TRAF	OTR
SoffiXsponR570.01Bg035000.1.p	C2H2	TFF
SoffiXsponR570.05Bg342800.2.p	MYB	TFF
SoffiXsponR570.01Bg468700.3.p	MYB-related	TFF
SoffiXsponR570.8_5Ag133600.1.p	zf-A20	TFF
SoffiXsponR570.01Eg110500.1.p	HB	TFF
SoffiXsponR570.02Bg316400.1.p	OFP	TFF
SoffiXsponR570.06Gg131100.3.p	TUB	TFF
SoffiXsponR570.06Eg119800.3.p	MED26	OTR
SoffiXsponR570.02Bg043100.1.p	CCAAT	TFF
SoffiXsponR570.08Bg161500.7.p	C2H2	TFF
SoffiXsponR570.04Bg265800.1.p	MYB-related	TFF
SoffiXsponR570.03Bg297200.2.p	zf-C5HC2	TFF
SoffiXsponR570.05Bg168800.1.p	MYB	TFF
SoffiXsponR570.5_9Ag142400.1.p	NAC	TFF
SoffiXsponR570.05Bg049500.6.p	PHD	OTR
SoffiXsponR570.07Dg158500.1.p	NAC	TFF
SoffiXsponR570.07Cg190500.1.p	C2H2	TFF
SoffiXsponR570.07Bg230000.3.p	bZIP	TFF
SoffiXsponR570.03Ag307200.1.p	MYB-related	TFF
SoffiXsponR570.03Dg167000.3.p	C2H2	TFF
SoffiXsponR570.03Bg007500.9.p	Jumonji	OTR
SoffiXsponR570.02Gg027900.1.p	BSD	TFF
SoffiXsponR570.02Eg235500.1.p	HSF	TFF
SoffiXsponR570.8_5Ag001500.1.p	HMG	OTR
SoffiXsponR570.03Bg097600.2.p	CPP	TFF
SoffiXsponR570.05Dg075100.3.p	bHLH	TFF
SoffiXsponR570.09Cg173400.1.p	TRAF	OTR
SoffiXsponR570.05Cg300100.2.p	FAR1	TFF
SoffiXsponR570.07Ag163900.4.p	C2H2	TFF
SoffiXsponR570.01Ag034700.2.p	C2C2-Dof	TFF
SoffiXsponR570.02Ag224600.2.p	PHD	OTR
SoffiXsponR570.05Ag381600.1.p	EIL	TFF
SoffiXsponR570.06Gg068300.1.p	CCAAT	TFF
SoffiXsponR570.02Bg200100.1.p	ARF	TFF
SoffiXsponR570.5_9Ag325200.1.p	GNAT	OTR
SoffiXsponR570.10Fg099800.1.p	AP2-EREBP	TFF
SoffiXsponR570.07Cg191100.2.p	PLATZ	TFF
SoffiXsponR570.7_10Ag215900.1.p	NAC	TFF
SoffiXsponR570.10Ag036800.1.p	GRAS	TFF
SoffiXsponR570.07Dg149800.1.p	Trihelix	TFF
SoffiXsponR570.04Bg201300.2.p	ARID	OTR
SoffiXsponR570.04Fg000600.1.p	AP2-EREBP	TFF
SoffiXsponR570.05Cg330900.1.p	Alfin-like	TFF
SoffiXsponR570.8_10Ag277500.1.p	SET	OTR
SoffiXsponR570.6_9Ag322800.1.p	C2C2-GATA	TFF
SoffiXsponR570.5_9Ag410200.1.p	C2H2	TFF
SoffiXsponR570.02Ag186900.1.p	PLATZ	TFF
SoffiXsponR570.08Eg132800.1.p	SBP	TFF
SoffiXsponR570.01Dg127500.4.p	GRAS	TFF
SoffiXsponR570.02Cg045300.1.p	WRKY	TFF
SoffiXsponR570.06Gg101600.1.p	PHD	OTR
SoffiXsponR570.1Z040400.1.p	ABI3VP1	TFF
SoffiXsponR570.05Ag324300.1.p	C2H2	TFF
SoffiXsponR570.03Bg266900.1.p	MADS	TFF
SoffiXsponR570.06Ag148500.3.p	bZIP	TFF
SoffiXsponR570.03Eg278800.1.p	C3H	TFF
SoffiXsponR570.01Ag317100.1.p	HB	TFF
SoffiXsponR570.02Fg263900.1.p	TCP	TFF
SoffiXsponR570.5_9Ag422200.5.p	CPP	TFF
SoffiXsponR570.07Dg205600.1.p	AUX/IAA	OTR
SoffiXsponR570.05Bg118900.1.p	BES1	TFF
SoffiXsponR570.02Cg329100.1.p	GRAS	TFF
SoffiXsponR570.01Bg247000.3.p	TIG	TFF
SoffiXsponR570.05Bg366700.3.p	TUB	TFF
SoffiXsponR570.02Dg404700.1.p	SRS	TFF
SoffiXsponR570.8_10Ag025400.3.p	NAC	TFF
SoffiXsponR570.03Eg270800.1.p	MYB	TFF
SoffiXsponR570.06Eg119400.1.p	MYB-related	TFF
SoffiXsponR570.06Dg009900.4.p	ABI3VP1	TFF
SoffiXsponR570.10Ag036900.2.p	TRAF	OTR
SoffiXsponR570.02Eg001900.2.p	RWP-RK	TFF
SoffiXsponR570.7_10Ag108600.1.p	GeBP	TFF
SoffiXsponR570.06Gg147500.1.p	WRKY	TFF
SoffiXsponR570.10Ag220400.2.p	GRAS	TFF
SoffiXsponR570.05Bg379300.2.p	EIL	TFF
SoffiXsponR570.04Bg180600.1.p	PHD	OTR
SoffiXsponR570.08Ag131300.2.p	NAC	TFF
SoffiXsponR570.03Bg034700.4.p	PHD	OTR
SoffiXsponR570.01Dg256200.1.p	MYB	TFF
SoffiXsponR570.05Cg252600.5.p	SET	OTR
SoffiXsponR570.05Ag324200.1.p	C2H2	TFF
SoffiXsponR570.03Eg179600.1.p	C2C2-YABBY	TFF
SoffiXsponR570.02Gg125700.1.p	WRKY	TFF
SoffiXsponR570.5_9Ag354500.1.p	AP2-EREBP	TFF
SoffiXsponR570.02Gg303800.1.p	TRAF	OTR
SoffiXsponR570.01Ag094700.4.p	PHD	OTR
SoffiXsponR570.01Cg098100.1.p	TRAF	OTR
SoffiXsponR570.02Bg001900.1.p	WRKY	TFF
SoffiXsponR570.05Eg043000.2.p	zf-A20	TFF
SoffiXsponR570.08Cg075200.1.p	PHD	OTR
SoffiXsponR570.01Bg087500.2.p	PHD	OTR
SoffiXsponR570.09Cg029700.1.p	WRKY	TFF
SoffiXsponR570.06Gg078000.1.p	ABI3VP1	TFF
SoffiXsponR570.02Cg022200.3.p	TCP	TFF
SoffiXsponR570.02Gg248300.3.p	TUB	TFF
SoffiXsponR570.03Ag225000.1.p	MYB-related	TFF
SoffiXsponR570.08Dg116300.1.p	AP2-EREBP	TFF
SoffiXsponR570.08Ag080500.1.p	WRKY	TFF
SoffiXsponR570.01Ag081300.1.p	SWI/SNF-BAF60b	OTR
SoffiXsponR570.05Cg249400.2.p	HMG	OTR
SoffiXsponR570.04Ag126700.1.p	bZIP	TFF
SoffiXsponR570.05Ag258100.1.p	SET	OTR
SoffiXsponR570.03Cg179500.1.p	TRAF	OTR
SoffiXsponR570.03Bg226300.1.p	TUB	TFF
SoffiXsponR570.01Cg274500.1.p	LIM	TFF
SoffiXsponR570.08Cg005800.1.p	PHD	OTR
SoffiXsponR570.09Eg046000.2.p	TUB	TFF
SoffiXsponR570.06Dg139200.2.p	C3H	TFF
SoffiXsponR570.06Bg028800.3.p	ABI3VP1	TFF
SoffiXsponR570.03Ag227000.7.p	zf-C5HC2	TFF
SoffiXsponR570.03Eg007200.10.p	Jumonji	OTR
SoffiXsponR570.05Ag367800.3.p	PHD	OTR
SoffiXsponR570.06Dg154900.1.p	WRKY	TFF
SoffiXsponR570.03Bg039700.12.p	MYB-related	TFF
SoffiXsponR570.09Cg170000.3.p	HB	TFF
SoffiXsponR570.1Z056800.1.p	CCAAT	TFF
SoffiXsponR570.08Eg102700.1.p	HSF	TFF
SoffiXsponR570.03Fg006600.3.p	Jumonji	OTR
SoffiXsponR570.8_10Ag305500.1.p	MADS	TFF
SoffiXsponR570.02Eg380700.1.p	SRS	TFF
SoffiXsponR570.06Gg079700.2.p	NOT2_3_5	OTR
SoffiXsponR570.03Bg244000.4.p	MADS	TFF
SoffiXsponR570.02Ag072900.1.p	Top	TFF
SoffiXsponR570.10Fg087500.1.p	MADS	TFF
SoffiXsponR570.8_5Ag163200.5.p	C2H2	TFF
SoffiXsponR570.06Eg132500.1.p	MYB-related	TFF
SoffiXsponR570.01Eg052500.1.p	DDT	OTR
SoffiXsponR570.04Cg220400.1.p	ARF	TFF
SoffiXsponR570.1Z243600.1.p	SAP	TFF
SoffiXsponR570.03Ag031600.1.p	bZIP	TFF
SoffiXsponR570.02Cg174100.3.p	C3H	TFF
SoffiXsponR570.01Fg106300.4.p	GRAS	TFF
SoffiXsponR570.05Dg008600.2.p	zf-C5HC2	TFF
SoffiXsponR570.10os1g001500.1.p	PAS	TFF
SoffiXsponR570.07Bg051500.1.p	ABI3VP1	TFF
SoffiXsponR570.09Ag114800.1.p	bZIP	TFF
SoffiXsponR570.1Z252600.1.p	zf-BED	TFF
SoffiXsponR570.01Fg299900.1.p	C2H2	TFF
SoffiXsponR570.6_9Ag332500.1.p	MYB-related	TFF
SoffiXsponR570.08Eg029500.2.p	SET	OTR
SoffiXsponR570.02Dg177700.1.p	C2H2	TFF
SoffiXsponR570.6_9Ag057600.1.p	MYB	TFF
SoffiXsponR570.8_10Ag028000.1.p	GNAT	OTR
SoffiXsponR570.10Dg194800.1.p	GRAS	TFF
SoffiXsponR570.07Bg162800.1.p	AP2-EREBP	TFF
SoffiXsponR570.06Cg036500.7.p	bHLH	TFF
SoffiXsponR570.07Bg155700.1.p	C2C2-YABBY	TFF
SoffiXsponR570.07Dg164100.1.p	HMG	OTR
SoffiXsponR570.8_10Ag220400.2.p	zf-LSD1	TFF
SoffiXsponR570.01Bg092000.1.p	bHLH	TFF
SoffiXsponR570.01Eg351300.4.p	MYB-related	TFF
SoffiXsponR570.03Cg157300.3.p	DDT	OTR
SoffiXsponR570.06Ag124400.1.p	C2C2-Dof	TFF
SoffiXsponR570.08Eg018500.1.p	AP2-EREBP	TFF
SoffiXsponR570.02Cg284700.1.p	TRAF	OTR
SoffiXsponR570.01Ag099800.4.p	WRKY	TFF
SoffiXsponR570.06Ag163100.3.p	TCP	TFF
SoffiXsponR570.1Z096700.1.p	BES1	TFF
SoffiXsponR570.7_10Ag014700.1.p	WRKY	TFF
SoffiXsponR570.07Cg249600.1.p	BSD	TFF
SoffiXsponR570.08Cg078100.1.p	ABI3VP1	TFF
SoffiXsponR570.03Fg117700.1.p	C3H	TFF
SoffiXsponR570.06Gg114000.1.p	WRKY	TFF
SoffiXsponR570.05Gg139100.5.p	bZIP	TFF
SoffiXsponR570.02Bg175800.1.p	OFP	TFF
SoffiXsponR570.01Eg391000.2.p	Tify	TFF
SoffiXsponR570.10Bg067500.1.p	NAC	TFF
SoffiXsponR570.01Dg127500.2.p	GRAS	TFF
SoffiXsponR570.03Fg103400.1.p	HB	TFF
SoffiXsponR570.05Eg206200.1.p	C3H	TFF
SoffiXsponR570.05Ag138200.3.p	ABI3VP1	TFF
SoffiXsponR570.03Ag255300.1.p	bHLH	TFF
SoffiXsponR570.09Cg159400.1.p	TFIID	TFF
SoffiXsponR570.04Gg105200.1.p	PLATZ	TFF
SoffiXsponR570.05Dg133800.1.p	SET	OTR
SoffiXsponR570.8_5Ag116500.1.p	WRKY	TFF
SoffiXsponR570.6us88g028400.1.p	MADS	TFF
SoffiXsponR570.01Bg368000.1.p	PHD	OTR
SoffiXsponR570.01Dg211400.3.p	TIG	TFF
SoffiXsponR570.6_9Ag204100.1.p	NAC	TFF
SoffiXsponR570.07Bg209100.1.p	MADS	TFF
SoffiXsponR570.05Gg052500.2.p	PHD	OTR
SoffiXsponR570.01Fg164200.1.p	MYB-related	TFF
SoffiXsponR570.6_9Ag260800.1.p	SET	OTR
SoffiXsponR570.05Dg036700.1.p	Rcd1-like	OTR
SoffiXsponR570.01Bg481200.4.p	HB	TFF
SoffiXsponR570.08Cg180600.1.p	mTERF	OTR
SoffiXsponR570.06Cg084400.1.p	FAR1	TFF
SoffiXsponR570.05Eg270800.1.p	C2C2-Dof	TFF
SoffiXsponR570.7os1g003600.1.p	E2F-DP	TFF
SoffiXsponR570.02Fg363700.1.p	C2H2	TFF
SoffiXsponR570.02Ag006500.4.p	ABI3VP1	TFF
SoffiXsponR570.08Bg185400.4.p	SBP	TFF
SoffiXsponR570.6_9Ag258500.1.p	NOT2_3_5	OTR
SoffiXsponR570.9us90g075300.1.p	TFIID	TFF
SoffiXsponR570.02Fg028400.2.p	MADS	TFF
SoffiXsponR570.01Ag170800.2.p	WRKY	TFF
SoffiXsponR570.03Eg183200.2.p	SET	OTR
SoffiXsponR570.02Ag003200.1.p	G2-like	TFF
SoffiXsponR570.08Cg144800.1.p	NAC	TFF
SoffiXsponR570.05Eg248500.4.p	SET	OTR
SoffiXsponR570.05Ag209200.3.p	WRKY	TFF
SoffiXsponR570.5_9Ag091800.1.p	C3H	TFF
SoffiXsponR570.04Cg056900.1.p	bHLH	TFF
SoffiXsponR570.06Ag034500.1.p	MYB	TFF
SoffiXsponR570.01Ag028300.1.p	GRAS	TFF
SoffiXsponR570.9us90g026600.3.p	PAS	TFF
SoffiXsponR570.02Cg198600.1.p	MYB-related	TFF
SoffiXsponR570.05Bg121900.1.p	AP2-EREBP	TFF
SoffiXsponR570.04Eg068500.1.p	GRAS	TFF
SoffiXsponR570.04Gg019200.1.p	GRAS	TFF
SoffiXsponR570.8_5Ag086500.3.p	PHD	OTR
SoffiXsponR570.07Dg018500.1.p	TCP	TFF
SoffiXsponR570.7_10Ag156600.1.p	ABI3VP1	TFF
SoffiXsponR570.05Gg115700.1.p	SET	OTR
SoffiXsponR570.05Fg201300.1.p	FAR1	TFF
SoffiXsponR570.01Ag363800.3.p	MED26	OTR
SoffiXsponR570.02Bg306400.1.p	HB	TFF
SoffiXsponR570.06Fg022500.5.p	MYB-related	TFF
SoffiXsponR570.8_5Ag194700.6.p	SBP	TFF
SoffiXsponR570.7_10Ag270700.1.p	C2H2	TFF
SoffiXsponR570.02Fg291500.1.p	bZIP	TFF
SoffiXsponR570.09Eg017700.3.p	TRAF	OTR
SoffiXsponR570.06Fg058600.1.p	AUX/IAA	OTR
SoffiXsponR570.5_9Ag194500.2.p	bHLH	TFF
SoffiXsponR570.01Dg209700.2.p	bHLH	TFF
SoffiXsponR570.10Cg125100.3.p	CCAAT	TFF
SoffiXsponR570.04Ag274700.1.p	HMG	OTR
SoffiXsponR570.03Eg230800.1.p	mTERF	OTR
SoffiXsponR570.03Cg112300.5.p	MYB	TFF
SoffiXsponR570.01Dg031400.1.p	HB	TFF
SoffiXsponR570.06Dg067000.1.p	AP2-EREBP	TFF
SoffiXsponR570.10Dg194900.1.p	GRAS	TFF
SoffiXsponR570.03Eg275200.1.p	MYB-related	TFF
SoffiXsponR570.01Dg053400.1.p	NAC	TFF
SoffiXsponR570.04Eg104100.1.p	TRAF	OTR
SoffiXsponR570.05Dg247400.1.p	Pseudo_ARR-B	OTR
SoffiXsponR570.03Bg258200.1.p	mTERF	OTR
SoffiXsponR570.09Eg043100.2.p	bZIP	TFF
SoffiXsponR570.01Cg248600.1.p	MYB	TFF
SoffiXsponR570.02Cg219000.1.p	bZIP	TFF
SoffiXsponR570.05Fg311500.1.p	WRKY	TFF
SoffiXsponR570.03Ag110900.1.p	WRKY	TFF
SoffiXsponR570.02Gg249100.1.p	AP2-EREBP	TFF
SoffiXsponR570.02Gg005700.3.p	bHLH	TFF
SoffiXsponR570.01Cg365500.3.p	MYB-related	TFF
SoffiXsponR570.06Cg003100.3.p	MYB-related	TFF
SoffiXsponR570.08Bg022600.3.p	MYB-related	TFF
SoffiXsponR570.09Ag149300.3.p	ARF	TFF
SoffiXsponR570.08Eg128400.1.p	mTERF	OTR
SoffiXsponR570.05Eg333200.1.p	TRAF	OTR
SoffiXsponR570.02Ag201900.1.p	zf-LSD1	TFF
SoffiXsponR570.06Dg100000.2.p	SET	OTR
SoffiXsponR570.03Ag335000.2.p	AUX/IAA	OTR
SoffiXsponR570.10Bg171000.1.p	TRAF	OTR
SoffiXsponR570.06Ag133000.1.p	MYB	TFF
SoffiXsponR570.01Dg077500.1.p	MYB-related	TFF
SoffiXsponR570.01Eg352000.3.p	bZIP	TFF
SoffiXsponR570.02Gg182200.1.p	TUB	TFF
SoffiXsponR570.01Fg250500.2.p	NAC	TFF
SoffiXsponR570.01Fg036700.1.p	MYB-related	TFF
SoffiXsponR570.05Gg025700.2.p	HB	TFF
SoffiXsponR570.05Cg319500.2.p	GRAS	TFF
SoffiXsponR570.05Bg203500.1.p	NAC	TFF
SoffiXsponR570.07Bg085400.1.p	FAR1	TFF
SoffiXsponR570.01Dg190300.1.p	GRAS	TFF
SoffiXsponR570.05Ag188800.2.p	PHD	OTR
SoffiXsponR570.04Bg112300.1.p	bZIP	TFF
SoffiXsponR570.10Fg114800.1.p	GRAS	TFF
SoffiXsponR570.02Bg200200.1.p	NAC	TFF
SoffiXsponR570.06Dg065800.8.p	SET	OTR
SoffiXsponR570.01Ag353000.2.p	Jumonji	OTR
SoffiXsponR570.04Gg115700.4.p	ARF	TFF
SoffiXsponR570.10Eg108400.1.p	C2C2-Dof	TFF
SoffiXsponR570.02Fg214700.1.p	NAC	TFF
SoffiXsponR570.8_5Ag056800.1.p	NAC	TFF
SoffiXsponR570.02Cg227200.1.p	DDT	OTR
SoffiXsponR570.03Cg060100.1.p	MADS	TFF
SoffiXsponR570.02Eg284400.1.p	NAC	TFF
SoffiXsponR570.08Cg166100.1.p	RB	OTR
SoffiXsponR570.06Cg033400.1.p	AUX/IAA	OTR
SoffiXsponR570.10Dg194700.1.p	GRAS	TFF
SoffiXsponR570.03Bg144700.1.p	AP2-EREBP	TFF
SoffiXsponR570.05Eg280200.3.p	FHA	TFF
SoffiXsponR570.06Cg058400.1.p	MYB	TFF
SoffiXsponR570.04Cg246500.1.p	C3H	TFF
SoffiXsponR570.05Eg211500.1.p	bHLH	TFF
SoffiXsponR570.01Ag187700.1.p	MADS	TFF
SoffiXsponR570.03Dg303500.1.p	GeBP	TFF
SoffiXsponR570.02Dg034400.1.p	MYB-related	TFF
SoffiXsponR570.08Bg051700.1.p	MED26	OTR
SoffiXsponR570.1os1g002800.3.p	HSF	TFF
SoffiXsponR570.7_10Ag170800.1.p	S1Fa-like	TFF
SoffiXsponR570.02Cg332200.1.p	HB	TFF
SoffiXsponR570.03Fg042700.1.p	ARF	TFF
SoffiXsponR570.03Dg182900.1.p	MYB	TFF
SoffiXsponR570.03Bg258900.2.p	mTERF	OTR
SoffiXsponR570.05Bg156500.1.p	MYB	TFF
SoffiXsponR570.03Cg029000.1.p	bZIP	TFF
SoffiXsponR570.08Bg140400.1.p	CCAAT	TFF
SoffiXsponR570.01Ag422200.1.p	C2C2-Dof	TFF
SoffiXsponR570.05Dg378800.2.p	C3H	TFF
SoffiXsponR570.04Cg192800.4.p	AP2-EREBP	TFF
SoffiXsponR570.02Cg387900.1.p	NAC	TFF
SoffiXsponR570.03Bg294900.2.p	bHLH	TFF
SoffiXsponR570.04Ag180400.1.p	bZIP	TFF
SoffiXsponR570.08Cg019000.3.p	NAC	TFF
SoffiXsponR570.01Cg077100.1.p	C2H2	TFF
SoffiXsponR570.05Cg249400.1.p	HMG	OTR
SoffiXsponR570.05Fg090500.1.p	MYB	TFF
SoffiXsponR570.02Eg164300.1.p	Top	TFF
SoffiXsponR570.06Cg091400.2.p	GRAS	TFF
SoffiXsponR570.01Cg309500.5.p	MYB-related	TFF
SoffiXsponR570.02Eg242100.1.p	C2C2-GATA	TFF
SoffiXsponR570.03Cg007500.5.p	Jumonji	OTR
SoffiXsponR570.6_9Ag055000.1.p	TUB	TFF
SoffiXsponR570.08Eg021600.1.p	TRAF	OTR
SoffiXsponR570.07Bg241800.3.p	FAR1	TFF
SoffiXsponR570.8_10Ag177200.2.p	C3H	TFF
SoffiXsponR570.02Eg221100.1.p	Coactivator_p15	OTR
SoffiXsponR570.07Ag103600.1.p	NAC	TFF
SoffiXsponR570.07Eg107900.1.p	C2C2-GATA	TFF
SoffiXsponR570.03Cg054900.1.p	MADS	TFF
SoffiXsponR570.01Bg442700.1.p	CCAAT	TFF
SoffiXsponR570.06Fg067200.6.p	bHLH	TFF
SoffiXsponR570.01Dg330400.2.p	bHLH	TFF
SoffiXsponR570.06Fg021500.1.p	SAP	TFF
SoffiXsponR570.09Dg118300.2.p	C2C2-GATA	TFF
SoffiXsponR570.01Dg023000.1.p	AUX/IAA	OTR
SoffiXsponR570.07Cg258400.1.p	ARF	TFF
SoffiXsponR570.10us89g016400.1.p	MYB	TFF
SoffiXsponR570.7_10Ag145000.1.p	bHLH	TFF
SoffiXsponR570.01Eg107500.2.p	FHA	TFF
SoffiXsponR570.6_9Ag019200.1.p	C2H2	TFF
SoffiXsponR570.09Cg029400.6.p	SET	OTR
SoffiXsponR570.05Bg327200.1.p	CCAAT	TFF
SoffiXsponR570.07Dg147600.1.p	C2C2-GATA	TFF
SoffiXsponR570.01Ag131900.2.p	C3H	TFF
SoffiXsponR570.07Ag149700.1.p	AP2-EREBP	TFF
SoffiXsponR570.03Bg057800.2.p	MYB-related	TFF
SoffiXsponR570.04Cg177900.2.p	MYB	TFF
SoffiXsponR570.1Z176000.1.p	MYB	TFF
SoffiXsponR570.06Eg141500.1.p	MYB	TFF
SoffiXsponR570.09Ag035800.9.p	SET	OTR
SoffiXsponR570.07Ag081500.3.p	Alfin-like	TFF
SoffiXsponR570.06Ag215800.1.p	OFP	TFF
SoffiXsponR570.07Cg176400.1.p	HSF	TFF
SoffiXsponR570.01Fg324000.2.p	bHLH	TFF
SoffiXsponR570.04Ag027900.1.p	GRAS	TFF
SoffiXsponR570.04Ag214200.1.p	SBP	TFF
SoffiXsponR570.02Cg355200.1.p	GRAS	TFF
SoffiXsponR570.03Bg208900.4.p	C2H2	TFF
SoffiXsponR570.01Fg152300.2.p	TIG	TFF
SoffiXsponR570.01Dg047500.1.p	zf-LSD1	TFF
SoffiXsponR570.7_10Ag132700.1.p	TCP	TFF
SoffiXsponR570.08Bg189900.4.p	bHLH	TFF
SoffiXsponR570.06Ag082200.1.p	AP2-EREBP	TFF
SoffiXsponR570.4os1g001700.3.p	G2-like	TFF
SoffiXsponR570.09Bg019500.1.p	FAR1	TFF
SoffiXsponR570.02Cg284700.2.p	TRAF	OTR
SoffiXsponR570.06Fg088800.1.p	WRKY	TFF
SoffiXsponR570.03Cg298100.1.p	AP2-EREBP	TFF
SoffiXsponR570.06Ag058500.2.p	NAC	TFF
SoffiXsponR570.6_9Ag046500.1.p	MYB-related	TFF
SoffiXsponR570.1Z292400.3.p	MED26	OTR
SoffiXsponR570.07Bg241800.4.p	FAR1	TFF
SoffiXsponR570.01Cg199000.1.p	bHLH	TFF
SoffiXsponR570.10Cg043400.4.p	TUB	TFF
SoffiXsponR570.02Bg186700.1.p	GRAS	TFF
SoffiXsponR570.04Eg154500.1.p	NAC	TFF
SoffiXsponR570.02Bg232200.1.p	WRKY	TFF
SoffiXsponR570.03Eg038000.2.p	TAZ	TFF
SoffiXsponR570.06Bg052200.1.p	OFP	TFF
SoffiXsponR570.6_9Ag328900.1.p	bHLH	TFF
SoffiXsponR570.07Eg193000.1.p	AP2-EREBP	TFF
SoffiXsponR570.05Bg177900.1.p	HSF	TFF
SoffiXsponR570.05Cg314300.1.p	GRAS	TFF
SoffiXsponR570.03Fg084300.1.p	C3H	TFF
SoffiXsponR570.01Fg278000.9.p	FAR1	TFF
SoffiXsponR570.3os2g002400.4.p	MYB	TFF
SoffiXsponR570.09Eg033900.2.p	WRKY	TFF
SoffiXsponR570.03Cg275000.1.p	CCAAT	TFF
SoffiXsponR570.03Cg108400.1.p	WRKY	TFF
SoffiXsponR570.04Bg054900.1.p	SET	OTR
SoffiXsponR570.5_9Ag089200.1.p	C2C2-YABBY	TFF
SoffiXsponR570.08Cg101500.1.p	SET	OTR
SoffiXsponR570.08Ag088900.1.p	TRAF	OTR
SoffiXsponR570.01Fg312200.1.p	NAC	TFF
SoffiXsponR570.01Eg167700.1.p	NAC	TFF
SoffiXsponR570.02Cg129500.2.p	bHLH	TFF
SoffiXsponR570.5_9Ag376900.1.p	zf-A20	TFF
SoffiXsponR570.6_9Ag215300.2.p	mTERF	OTR
SoffiXsponR570.07Cg251500.4.p	ARF	TFF
SoffiXsponR570.01Cg025100.1.p	bZIP	TFF
SoffiXsponR570.05Dg346100.2.p	MYB	TFF
SoffiXsponR570.04Bg216200.1.p	FAR1	TFF
SoffiXsponR570.9us90g047300.1.p	ABI3VP1	TFF
SoffiXsponR570.04Ag121800.1.p	NAC	TFF
SoffiXsponR570.07Cg252700.1.p	C3H	TFF
SoffiXsponR570.07Cg024300.1.p	Top	TFF
SoffiXsponR570.6_9Ag183300.1.p	WRKY	TFF
SoffiXsponR570.08Ag132100.1.p	MYB	TFF
SoffiXsponR570.06Cg101700.2.p	NAC	TFF
SoffiXsponR570.8_10Ag146800.1.p	GRAS	TFF
SoffiXsponR570.10Dg001800.1.p	C2C2-Dof	TFF
SoffiXsponR570.6_9Ag236000.1.p	MYB-related	TFF
SoffiXsponR570.01Eg314400.4.p	PHD	OTR
SoffiXsponR570.06Cg123400.1.p	MYB-related	TFF
SoffiXsponR570.04Cg161200.3.p	HB	TFF
SoffiXsponR570.06Cg007200.2.p	PLATZ	TFF
SoffiXsponR570.08Bg056900.2.p	Sigma70-like	TFF
SoffiXsponR570.04Cg275300.1.p	zf-C5HC2	TFF
SoffiXsponR570.01Bg157000.1.p	ABI3VP1	TFF
SoffiXsponR570.08Cg151700.4.p	C2H2	TFF
SoffiXsponR570.05Dg236100.3.p	bZIP	TFF
SoffiXsponR570.07Ag076100.1.p	NAC	TFF
SoffiXsponR570.05Bg181500.1.p	PHD	OTR
SoffiXsponR570.05Ag381300.1.p	EIL	TFF
SoffiXsponR570.06Ag037500.1.p	MYB-related	TFF
SoffiXsponR570.06Dg166300.1.p	bHLH	TFF
SoffiXsponR570.05Cg211200.1.p	NAC	TFF
SoffiXsponR570.05Cg348600.1.p	MYB	TFF
SoffiXsponR570.8_10Ag231600.1.p	MBF1	OTR
SoffiXsponR570.03Cg211600.2.p	SET	OTR
SoffiXsponR570.09Cg145300.1.p	zf-LSD1	TFF
SoffiXsponR570.07Ag241500.3.p	ARF	TFF
SoffiXsponR570.05Dg221000.1.p	C3H	TFF
SoffiXsponR570.04Ag238000.1.p	AP2-EREBP	TFF
SoffiXsponR570.07Bg243200.1.p	SBP	TFF
SoffiXsponR570.01Bg033000.1.p	mTERF	OTR
SoffiXsponR570.10Dg020800.1.p	NAC	TFF
SoffiXsponR570.01Eg179500.1.p	mTERF	OTR
SoffiXsponR570.07Cg181600.1.p	OFP	TFF
SoffiXsponR570.10Dg023500.1.p	MYB	TFF
SoffiXsponR570.02Gg188000.2.p	TRAF	OTR
SoffiXsponR570.03Ag171900.2.p	C2H2	TFF
SoffiXsponR570.07Cg166900.4.p	GRAS	TFF
SoffiXsponR570.05Bg311100.2.p	GRAS	TFF
SoffiXsponR570.05Bg089500.1.p	TRAF	OTR
SoffiXsponR570.05Dg078400.4.p	SET	OTR
SoffiXsponR570.07Cg159100.3.p	SET	OTR
SoffiXsponR570.10Ag018400.1.p	WRKY	TFF
SoffiXsponR570.03Cg286900.3.p	SET	OTR
SoffiXsponR570.03Cg044800.2.p	PAS	TFF
SoffiXsponR570.07Dg220400.2.p	ARF	TFF
SoffiXsponR570.8_5Ag258600.1.p	bZIP	TFF
SoffiXsponR570.08Bg082600.1.p	TRAF	OTR
SoffiXsponR570.01Eg221400.1.p	GRAS	TFF
SoffiXsponR570.4os1g001700.2.p	G2-like	TFF
SoffiXsponR570.03Eg305500.1.p	C3H	TFF
SoffiXsponR570.06Eg131700.1.p	AP2-EREBP	TFF
SoffiXsponR570.07Ag248100.2.p	ARF	TFF
SoffiXsponR570.01Ag336300.2.p	MYB-related	TFF
SoffiXsponR570.05Cg313900.1.p	mTERF	OTR
SoffiXsponR570.03Dg101100.2.p	AUX/IAA	OTR
SoffiXsponR570.05Fg183100.2.p	MYB-related	TFF
SoffiXsponR570.02Eg002500.1.p	ARF	TFF
SoffiXsponR570.02Dg369600.1.p	mTERF	OTR
SoffiXsponR570.1Z114200.1.p	NAC	TFF
SoffiXsponR570.02Ag198500.8.p	Top	TFF
SoffiXsponR570.01Bg226800.1.p	TRAF	OTR
SoffiXsponR570.04Fg149400.1.p	bHLH	TFF
SoffiXsponR570.06Dg033300.4.p	MYB	TFF
SoffiXsponR570.08Ag167100.1.p	MYB	TFF
SoffiXsponR570.03Eg264100.1.p	MYB-related	TFF
SoffiXsponR570.02Dg073800.2.p	MYB	TFF
SoffiXsponR570.03Bg313600.2.p	TCP	TFF
SoffiXsponR570.01Bg399900.3.p	MYB-related	TFF
SoffiXsponR570.02Fg055800.1.p	MYB	TFF
SoffiXsponR570.04Cg259500.3.p	bZIP	TFF
SoffiXsponR570.8_10Ag251800.1.p	MYB	TFF
SoffiXsponR570.8_10Ag331500.5.p	Pseudo_ARR-B	OTR
SoffiXsponR570.09Eg121000.1.p	MYB-related	TFF
SoffiXsponR570.05Cg276900.1.p	GRAS	TFF
SoffiXsponR570.04Cg018100.2.p	SET	OTR
SoffiXsponR570.03Eg031200.1.p	BES1	TFF
SoffiXsponR570.05Ag271400.1.p	CAMTA	TFF
SoffiXsponR570.03Eg270000.1.p	MYB-related	TFF
SoffiXsponR570.03Fg032400.1.p	SWI/SNF-BAF60b	OTR
SoffiXsponR570.05Bg247000.1.p	SET	OTR
SoffiXsponR570.08Bg143100.1.p	bZIP	TFF
SoffiXsponR570.03Ag351300.2.p	bZIP	TFF
SoffiXsponR570.06Cg174400.1.p	NAC	TFF
SoffiXsponR570.02Fg098500.1.p	bHLH	TFF
SoffiXsponR570.01Eg141300.3.p	HB	TFF
SoffiXsponR570.02Cg191000.3.p	Top	TFF
SoffiXsponR570.7_10Ag380300.1.p	ARF	TFF
SoffiXsponR570.05Cg106900.2.p	BBR/BPC	TFF
SoffiXsponR570.02Ag355300.2.p	AP2-EREBP	TFF
SoffiXsponR570.1Z150900.1.p	Tify	TFF
SoffiXsponR570.05Dg304500.10.p	FAR1	TFF
SoffiXsponR570.01Ag418800.1.p	C2H2	TFF
SoffiXsponR570.01Fg179900.1.p	bZIP	TFF
SoffiXsponR570.05Ag087100.3.p	SET	OTR
SoffiXsponR570.03Dg033600.3.p	PHD	OTR
SoffiXsponR570.7_10Ag187100.1.p	NAC	TFF
SoffiXsponR570.08Dg028400.1.p	GNAT	OTR
SoffiXsponR570.03Gg001700.4.p	HB	TFF
SoffiXsponR570.01Dg346200.3.p	HB	TFF
SoffiXsponR570.02Fg086200.1.p	AP2-EREBP	TFF
SoffiXsponR570.6_9Ag177800.2.p	bHLH	TFF
SoffiXsponR570.7_10Ag347100.1.p	AUX/IAA	OTR
SoffiXsponR570.04Bg175800.1.p	TRAF	OTR
SoffiXsponR570.02Ag062700.2.p	bHLH	TFF
SoffiXsponR570.02Bg233500.1.p	HSF	TFF
SoffiXsponR570.09Dg091100.1.p	ABI3VP1	TFF
SoffiXsponR570.03Dg101100.1.p	AUX/IAA	OTR
SoffiXsponR570.03Dg068600.1.p	GNAT	OTR
SoffiXsponR570.03Ag256300.3.p	C2C2-Dof	TFF
SoffiXsponR570.05Cg381400.1.p	EIL	TFF
SoffiXsponR570.10Cg190000.1.p	GRAS	TFF
SoffiXsponR570.07Ag070500.3.p	SET	OTR
SoffiXsponR570.02Ag233700.2.p	ARF	TFF
SoffiXsponR570.05Ag176100.2.p	AP2-EREBP	TFF
SoffiXsponR570.05Bg178200.2.p	mTERF	OTR
SoffiXsponR570.05Ag039400.2.p	FAR1	TFF
SoffiXsponR570.03Cg306400.2.p	MYB-related	TFF
SoffiXsponR570.08Ag163100.6.p	C2H2	TFF
SoffiXsponR570.03Eg151100.1.p	NAC	TFF
SoffiXsponR570.06Dg093600.1.p	OFP	TFF
SoffiXsponR570.07Bg176200.1.p	C2H2	TFF
SoffiXsponR570.02Bg318400.4.p	TUB	TFF
SoffiXsponR570.01Dg377800.6.p	HB	TFF
SoffiXsponR570.05Gg178900.1.p	MYB	TFF
SoffiXsponR570.03Bg112900.1.p	ARID	OTR
SoffiXsponR570.05Fg057000.1.p	SET	OTR
SoffiXsponR570.05Gg007800.1.p	zf-C5HC2	TFF
SoffiXsponR570.01Eg131600.1.p	C3H	TFF
SoffiXsponR570.02Bg318400.1.p	TUB	TFF
SoffiXsponR570.03Bg147800.7.p	bHLH	TFF
SoffiXsponR570.09Bg158800.1.p	MYB	TFF
SoffiXsponR570.9us90g004800.1.p	MYB	TFF
SoffiXsponR570.07Ag136700.1.p	Top	TFF
SoffiXsponR570.04Fg058800.1.p	HB	TFF
SoffiXsponR570.01Cg299300.2.p	AP2-EREBP	TFF
SoffiXsponR570.04Fg085400.1.p	PLATZ	TFF
SoffiXsponR570.9os1g012700.2.p	ABI3VP1	TFF
SoffiXsponR570.05Dg145000.1.p	MYB-related	TFF
SoffiXsponR570.02Dg283500.1.p	zf-A20	TFF
SoffiXsponR570.6_9Ag055000.3.p	TUB	TFF
SoffiXsponR570.5_9Ag432200.2.p	ABI3VP1	TFF
SoffiXsponR570.03Ag189500.1.p	mTERF	OTR
SoffiXsponR570.07Cg102900.1.p	MYB	TFF
SoffiXsponR570.04Ag161700.1.p	HSF	TFF
SoffiXsponR570.08Ag000500.2.p	ABI3VP1	TFF
SoffiXsponR570.03Ag171900.1.p	C2H2	TFF
SoffiXsponR570.05Eg045400.3.p	PHD	OTR
SoffiXsponR570.09Cg029400.8.p	SET	OTR
SoffiXsponR570.09Dg095900.1.p	WRKY	TFF
SoffiXsponR570.02Cg049200.3.p	AUX/IAA	OTR
SoffiXsponR570.06Fg108000.3.p	ARF	TFF
SoffiXsponR570.7_10Ag354700.1.p	ARF	TFF
SoffiXsponR570.04Dg183300.1.p	SRS	TFF
SoffiXsponR570.5_9Ag156200.1.p	Pseudo_ARR-B	OTR
SoffiXsponR570.03Ag200900.1.p	AP2-EREBP	TFF
SoffiXsponR570.06Gg006300.1.p	WRKY	TFF
SoffiXsponR570.07Ag263400.1.p	TUB	TFF
SoffiXsponR570.09Eg049300.4.p	C2C2-GATA	TFF
SoffiXsponR570.8_10Ag311300.2.p	bHLH	TFF
SoffiXsponR570.02Fg207400.3.p	bZIP	TFF
SoffiXsponR570.7_10Ag298300.1.p	MYB	TFF
SoffiXsponR570.01Eg258400.3.p	Tify	TFF
SoffiXsponR570.07Cg278600.1.p	SET	OTR
SoffiXsponR570.02Fg107700.1.p	NAC	TFF
SoffiXsponR570.06Dg024500.8.p	bHLH	TFF
SoffiXsponR570.01Dg353800.1.p	E2F-DP	TFF
SoffiXsponR570.02Eg280700.1.p	MYB	TFF
SoffiXsponR570.01Fg322700.1.p	Top	TFF
SoffiXsponR570.01Dg109500.4.p	HSF	TFF
SoffiXsponR570.05Ag320600.1.p	GNAT	OTR
SoffiXsponR570.1Z114100.1.p	MED26	OTR
SoffiXsponR570.02Cg122800.1.p	C2C2-Dof	TFF
SoffiXsponR570.08Eg148300.1.p	bHLH	TFF
SoffiXsponR570.07Dg215100.3.p	C3H	TFF
SoffiXsponR570.02Fg263900.3.p	TCP	TFF
SoffiXsponR570.05Bg307700.1.p	MADS	TFF
SoffiXsponR570.01Fg141700.1.p	GRAS	TFF
SoffiXsponR570.3os4g001800.1.p	zf-A20	TFF
SoffiXsponR570.06Ag052900.1.p	AUX/IAA	OTR
SoffiXsponR570.01Cg348000.1.p	HSF	TFF
SoffiXsponR570.06Cg174800.5.p	ABI3VP1	TFF
SoffiXsponR570.05Gg135900.1.p	SET	OTR
SoffiXsponR570.07Ag094100.3.p	NAC	TFF
SoffiXsponR570.06Gg096600.4.p	TCP	TFF
SoffiXsponR570.05Dg208800.1.p	bZIP	TFF
SoffiXsponR570.8_10Ag259600.1.p	SGT1	OTR
SoffiXsponR570.09Ag051700.1.p	MED26	OTR
SoffiXsponR570.02Gg272200.2.p	MYB-related	TFF
SoffiXsponR570.04Ag077000.1.p	bHLH	TFF
SoffiXsponR570.03Eg270100.1.p	zf-C5HC2	TFF
SoffiXsponR570.6_9Ag215300.1.p	mTERF	OTR
SoffiXsponR570.01Eg402000.1.p	HB	TFF
SoffiXsponR570.01Bg087500.1.p	PHD	OTR
SoffiXsponR570.07Bg187100.1.p	MYB-related	TFF
SoffiXsponR570.07Eg029600.1.p	zf-BED	TFF
SoffiXsponR570.10Eg023400.1.p	FAR1	TFF
SoffiXsponR570.06Fg145700.4.p	C3H	TFF
SoffiXsponR570.09Ag016500.1.p	GRAS	TFF
SoffiXsponR570.04Fg047100.2.p	NAC	TFF
SoffiXsponR570.1Z109500.1.p	MYB-related	TFF
SoffiXsponR570.02Gg021800.5.p	NAC	TFF
SoffiXsponR570.04Bg044000.1.p	mTERF	OTR
SoffiXsponR570.7_10Ag189200.2.p	DDT	OTR
SoffiXsponR570.02Cg104700.1.p	mTERF	OTR
SoffiXsponR570.05Fg134100.2.p	CCAAT	TFF
SoffiXsponR570.02Eg031400.1.p	bHLH	TFF
SoffiXsponR570.02Bg241700.1.p	HB	TFF
SoffiXsponR570.01Eg312000.1.p	bZIP	TFF
SoffiXsponR570.1Z255100.1.p	bZIP	TFF
SoffiXsponR570.01Cg211300.1.p	MED26	OTR
SoffiXsponR570.05Ag339900.2.p	SAP	TFF
SoffiXsponR570.04Dg175800.1.p	MYB-related	TFF
SoffiXsponR570.03Cg168200.2.p	mTERF	OTR
SoffiXsponR570.07Eg198900.2.p	ARF	TFF
SoffiXsponR570.01Ag398600.4.p	SET	OTR
SoffiXsponR570.04Dg060800.1.p	AP2-EREBP	TFF
SoffiXsponR570.05Ag208400.2.p	CCAAT	TFF
SoffiXsponR570.02Cg261300.1.p	OFP	TFF
SoffiXsponR570.6us88g078900.2.p	MADS	TFF
SoffiXsponR570.05Bg072100.1.p	bZIP	TFF
SoffiXsponR570.02Gg259400.1.p	NAC	TFF
SoffiXsponR570.02Ag083500.1.p	AP2-EREBP	TFF
SoffiXsponR570.02Fg288900.2.p	bZIP	TFF
SoffiXsponR570.03Bg075100.6.p	C3H	TFF
SoffiXsponR570.04Gg038200.1.p	Top	TFF
SoffiXsponR570.08Dg143200.4.p	C2H2	TFF
SoffiXsponR570.02Dg249100.1.p	MYB	TFF
SoffiXsponR570.02Gg321000.1.p	MYB-related	TFF
SoffiXsponR570.10Ag024300.1.p	NAC	TFF
SoffiXsponR570.9os1g017300.1.p	bZIP	TFF
SoffiXsponR570.09Cg096500.1.p	LIM	TFF
SoffiXsponR570.09Bg063400.1.p	WRKY	TFF
SoffiXsponR570.9os1g014700.1.p	CCAAT	TFF
SoffiXsponR570.02Gg184500.3.p	TCP	TFF
SoffiXsponR570.10os1g065100.2.p	Jumonji	OTR
SoffiXsponR570.02Bg258700.1.p	NAC	TFF
SoffiXsponR570.01Eg074400.3.p	FAR1	TFF
SoffiXsponR570.02Eg147500.3.p	MYB-related	TFF
SoffiXsponR570.6_9Ag331700.3.p	MYB-related	TFF
SoffiXsponR570.01Fg184700.1.p	NAC	TFF
SoffiXsponR570.03Eg283000.5.p	C2C2-GATA	TFF
SoffiXsponR570.03Gg074200.1.p	GRF	TFF
SoffiXsponR570.05Fg140400.1.p	MYB-related	TFF
SoffiXsponR570.10Dg181400.1.p	MYB	TFF
SoffiXsponR570.03Eg061500.1.p	PLATZ	TFF
SoffiXsponR570.03Ag161200.7.p	SET	OTR
SoffiXsponR570.04Eg061600.1.p	Top	TFF
SoffiXsponR570.6_9Ag098800.1.p	C2H2	TFF
SoffiXsponR570.02Bg316000.1.p	MYB-related	TFF
SoffiXsponR570.03Fg036200.1.p	PHD	OTR
SoffiXsponR570.1os1g002700.1.p	C2H2	TFF
SoffiXsponR570.07Dg225400.5.p	Top	TFF
SoffiXsponR570.10Cg179900.2.p	MYB-related	TFF
SoffiXsponR570.09Ag006100.1.p	MYB-related	TFF
SoffiXsponR570.02Fg330900.1.p	TAZ	TFF
SoffiXsponR570.02Eg280500.2.p	SET	OTR
SoffiXsponR570.08Dg061900.1.p	SET	OTR
SoffiXsponR570.06Dg100000.1.p	SET	OTR
SoffiXsponR570.02Cg428200.1.p	MYB	TFF
SoffiXsponR570.10Cg094100.1.p	C3H	TFF
SoffiXsponR570.08Eg021800.1.p	TRAF	OTR
SoffiXsponR570.04Cg083700.1.p	MYB	TFF
SoffiXsponR570.02Cg219000.5.p	bZIP	TFF
SoffiXsponR570.06Fg153200.2.p	bZIP	TFF
SoffiXsponR570.01Bg391600.2.p	FAR1	TFF
SoffiXsponR570.02Cg247000.1.p	bHLH	TFF
SoffiXsponR570.01Ag531900.3.p	Top	TFF
SoffiXsponR570.01Eg301400.1.p	NAC	TFF
SoffiXsponR570.02Bg040800.1.p	HMG	OTR
SoffiXsponR570.02Gg080800.3.p	MYB-related	TFF
SoffiXsponR570.04Gg021100.1.p	TRAF	OTR
SoffiXsponR570.02Fg067100.1.p	CCAAT	TFF
SoffiXsponR570.03Bg272500.1.p	GeBP	TFF
SoffiXsponR570.02Fg037300.1.p	AUX/IAA	OTR
SoffiXsponR570.05Dg057600.1.p	bZIP	TFF
SoffiXsponR570.09Ag126100.3.p	GRAS	TFF
SoffiXsponR570.06Gg028100.1.p	SRS	TFF
SoffiXsponR570.02Bg313800.5.p	bZIP	TFF
SoffiXsponR570.06Cg174800.3.p	ABI3VP1	TFF
SoffiXsponR570.05Gg130200.1.p	AP2-EREBP	TFF
SoffiXsponR570.04Eg013900.3.p	NAC	TFF
SoffiXsponR570.09Ag164400.1.p	NAC	TFF
SoffiXsponR570.02Cg196000.1.p	C3H	TFF
SoffiXsponR570.04Cg149500.1.p	NAC	TFF
SoffiXsponR570.02Eg028800.2.p	FAR1	TFF
SoffiXsponR570.01Eg054400.1.p	FHA	TFF
SoffiXsponR570.6_9Ag234200.1.p	MYB-related	TFF
SoffiXsponR570.01Fg092800.1.p	NAC	TFF
SoffiXsponR570.09Dg127300.2.p	HB	TFF
SoffiXsponR570.05Cg334900.2.p	AP2-EREBP	TFF
SoffiXsponR570.03Dg252100.1.p	zf-C5HC2	TFF
SoffiXsponR570.08Bg042000.1.p	MYB-related	TFF
SoffiXsponR570.05Cg223800.2.p	bZIP	TFF
SoffiXsponR570.03Dg275900.1.p	C2C2-CO-like	TFF
SoffiXsponR570.07Bg179900.1.p	AP2-EREBP	TFF
SoffiXsponR570.06Eg055800.1.p	Top	TFF
SoffiXsponR570.01Bg036800.1.p	Alfin-like	TFF
SoffiXsponR570.02Fg056100.1.p	MYB	TFF
SoffiXsponR570.04Eg101300.1.p	TRAF	OTR
SoffiXsponR570.10Dg196200.3.p	GRAS	TFF
SoffiXsponR570.04Ag266600.1.p	bZIP	TFF
SoffiXsponR570.07Bg230300.1.p	mTERF	OTR
SoffiXsponR570.04Bg205100.1.p	zf-A20	TFF
SoffiXsponR570.02Dg384900.1.p	bHLH	TFF
SoffiXsponR570.05Cg134700.1.p	MYB-related	TFF
SoffiXsponR570.05Ag040100.3.p	bHLH	TFF
SoffiXsponR570.02Bg282000.4.p	bZIP	TFF
SoffiXsponR570.06Bg043200.1.p	MYB-related	TFF
SoffiXsponR570.03Ag035400.1.p	TAZ	TFF
SoffiXsponR570.6us88g098800.1.p	CCAAT	TFF
SoffiXsponR570.04Ag279800.1.p	PHD	OTR
SoffiXsponR570.04Eg161500.1.p	PHD	OTR
SoffiXsponR570.9os1g073400.1.p	ABI3VP1	TFF
SoffiXsponR570.05Bg163000.1.p	WRKY	TFF
SoffiXsponR570.01Eg110500.2.p	HB	TFF
SoffiXsponR570.09Ag089900.1.p	MYB	TFF
SoffiXsponR570.05Fg053800.4.p	ABI3VP1	TFF
SoffiXsponR570.05Ag235500.1.p	AP2-EREBP	TFF
SoffiXsponR570.07Cg161400.1.p	AP2-EREBP	TFF
SoffiXsponR570.02Dg205400.1.p	WRKY	TFF
SoffiXsponR570.08Eg104100.1.p	TCP	TFF
SoffiXsponR570.07Eg186200.1.p	AP2-EREBP	TFF
SoffiXsponR570.01Cg269500.2.p	C2C2-Dof	TFF
SoffiXsponR570.03Bg201300.1.p	C2H2	TFF
SoffiXsponR570.01Cg319800.1.p	OFP	TFF
SoffiXsponR570.02Eg053900.1.p	AP2-EREBP	TFF
SoffiXsponR570.06Eg030300.5.p	SAP	TFF
SoffiXsponR570.06Eg152000.1.p	WRKY	TFF
SoffiXsponR570.1Z126300.1.p	C2C2-GATA	TFF
SoffiXsponR570.02Bg154800.1.p	WRKY	TFF
SoffiXsponR570.07Dg163900.2.p	RWP-RK	TFF
SoffiXsponR570.8_10Ag331500.1.p	Pseudo_ARR-B	OTR
SoffiXsponR570.05Cg125900.1.p	AP2-EREBP	TFF
SoffiXsponR570.02Dg128600.1.p	MYB	TFF
SoffiXsponR570.02Fg109200.2.p	C3H	TFF
SoffiXsponR570.03Cg292100.1.p	MYB-related	TFF
SoffiXsponR570.01Eg034200.3.p	GRAS	TFF
SoffiXsponR570.8_5Ag001400.1.p	ABI3VP1	TFF
SoffiXsponR570.06Dg158200.1.p	SET	OTR
SoffiXsponR570.09Ag035800.7.p	SET	OTR
SoffiXsponR570.05Dg030900.1.p	MADS	TFF
SoffiXsponR570.01Cg337500.1.p	AP2-EREBP	TFF
SoffiXsponR570.02Bg287500.1.p	WRKY	TFF
SoffiXsponR570.07Bg241400.2.p	AP2-EREBP	TFF
SoffiXsponR570.04Dg041600.1.p	Top	TFF
SoffiXsponR570.02Bg363000.3.p	ARF	TFF
SoffiXsponR570.08Cg189900.2.p	bHLH	TFF
SoffiXsponR570.01Ag551200.6.p	Not1	TFF
SoffiXsponR570.6_9Ag165400.1.p	bHLH	TFF
SoffiXsponR570.02Gg098800.1.p	GNAT	OTR
SoffiXsponR570.02Fg129100.2.p	bHLH	TFF
SoffiXsponR570.06Fg143500.2.p	Trihelix	TFF
SoffiXsponR570.06Bg004500.1.p	bHLH	TFF
SoffiXsponR570.03Eg270100.9.p	zf-C5HC2	TFF
SoffiXsponR570.02Ag005300.1.p	ARF	TFF
SoffiXsponR570.8_10Ag180500.2.p	FAR1	TFF
SoffiXsponR570.07Dg209800.1.p	TRAF	OTR
SoffiXsponR570.03Bg101200.2.p	Tudor-knot	OTR
SoffiXsponR570.6_9Ag255500.1.p	WRKY	TFF
SoffiXsponR570.01Bg120200.1.p	GNAT	OTR
SoffiXsponR570.01Eg411200.1.p	AP2-EREBP	TFF
SoffiXsponR570.08Bg135500.1.p	SGT1	OTR
SoffiXsponR570.03Dg297200.1.p	MADS	TFF
SoffiXsponR570.02Cg052900.1.p	bZIP	TFF
SoffiXsponR570.03Bg208900.7.p	C2H2	TFF
SoffiXsponR570.02Fg243600.1.p	ABI3VP1	TFF
SoffiXsponR570.05Gg168500.1.p	AP2-EREBP	TFF
SoffiXsponR570.07Bg272500.2.p	TUB	TFF
SoffiXsponR570.01Cg336900.1.p	CCAAT	TFF
SoffiXsponR570.01Dg328800.4.p	TIG	TFF
SoffiXsponR570.06Fg051900.2.p	ABI3VP1	TFF
SoffiXsponR570.06Cg104700.1.p	MYB	TFF
SoffiXsponR570.10os1g009800.1.p	MYB	TFF
SoffiXsponR570.6_9Ag259700.1.p	bZIP	TFF
SoffiXsponR570.03Cg313600.2.p	C2C2-GATA	TFF
SoffiXsponR570.02Eg315900.1.p	OFP	TFF
SoffiXsponR570.05Dg032400.1.p	NAC	TFF
SoffiXsponR570.09Bg053500.6.p	SAP	TFF
SoffiXsponR570.04Eg038700.2.p	CPP	TFF
SoffiXsponR570.1Z174000.1.p	zf-BED	TFF
SoffiXsponR570.01Dg156500.1.p	zf-LSD1	TFF
SoffiXsponR570.06Cg090400.1.p	NAC	TFF
SoffiXsponR570.03Ag195600.2.p	FAR1	TFF
SoffiXsponR570.03Gg153100.1.p	zf-fF-X1	TFF
SoffiXsponR570.10Bg188500.2.p	PAS	TFF
SoffiXsponR570.01Fg278000.10.p	FAR1	TFF
SoffiXsponR570.08Bg132900.1.p	SET	OTR
SoffiXsponR570.01Fg281900.2.p	CCAAT	TFF
SoffiXsponR570.8_10Ag252700.1.p	zf-A20	TFF
SoffiXsponR570.05Ag237400.3.p	HSF	TFF
SoffiXsponR570.02Ag169700.1.p	bZIP	TFF
SoffiXsponR570.02Eg251000.1.p	C2C2-Dof	TFF
SoffiXsponR570.01Cg380000.1.p	ABI3VP1	TFF
SoffiXsponR570.8_10Ag253900.1.p	MYB	TFF
SoffiXsponR570.02Bg306400.4.p	HB	TFF
SoffiXsponR570.04Ag064100.1.p	bHLH	TFF
SoffiXsponR570.05Eg216600.1.p	bHLH	TFF
SoffiXsponR570.8_5Ag139800.7.p	ARID	OTR
SoffiXsponR570.3os2g002000.1.p	MYB	TFF
SoffiXsponR570.6_9Ag259700.2.p	bZIP	TFF
SoffiXsponR570.07Ag165600.1.p	HSF	TFF
SoffiXsponR570.10Bg156500.2.p	WRKY	TFF
SoffiXsponR570.05Bg145500.1.p	OFP	TFF
SoffiXsponR570.01Eg083800.2.p	GNAT	OTR
SoffiXsponR570.03Cg299400.1.p	MYB	TFF
SoffiXsponR570.07Dg042400.1.p	TIG	TFF
SoffiXsponR570.04Bg097900.1.p	G2-like	TFF
SoffiXsponR570.08Eg066700.2.p	NAC	TFF
SoffiXsponR570.02Fg363800.1.p	C2H2	TFF
SoffiXsponR570.02Fg133100.1.p	HB	TFF
SoffiXsponR570.8_5Ag155600.1.p	SOH1	OTR
SoffiXsponR570.1Z085300.1.p	MADS	TFF
SoffiXsponR570.02Fg008600.1.p	AUX/IAA	OTR
SoffiXsponR570.09Dg088600.1.p	MYB-related	TFF
SoffiXsponR570.03Gg074600.2.p	MYB-related	TFF
SoffiXsponR570.06Eg106000.1.p	SET	OTR
SoffiXsponR570.05Dg270800.1.p	CAMTA	TFF
SoffiXsponR570.02Fg081600.3.p	bZIP	TFF
SoffiXsponR570.08Dg170800.4.p	bHLH	TFF
SoffiXsponR570.01Ag244900.4.p	HSF	TFF
SoffiXsponR570.06Dg024600.1.p	bHLH	TFF
SoffiXsponR570.04Eg055400.1.p	bHLH	TFF
SoffiXsponR570.03Eg126300.1.p	MYB-related	TFF
SoffiXsponR570.5_9Ag015100.1.p	MYB	TFF
SoffiXsponR570.03Eg024500.2.p	GeBP	TFF
SoffiXsponR570.06Cg080600.2.p	TRAF	OTR
SoffiXsponR570.02Dg277600.1.p	C2C2-Dof	TFF
SoffiXsponR570.5_9Ag174000.2.p	SBP	TFF
SoffiXsponR570.02Cg355200.2.p	GRAS	TFF
SoffiXsponR570.07Eg144800.1.p	WRKY	TFF
SoffiXsponR570.03Eg243300.2.p	SET	OTR
SoffiXsponR570.02Bg375600.1.p	GRAS	TFF
SoffiXsponR570.8_10Ag200900.3.p	SET	OTR
SoffiXsponR570.06Ag060900.1.p	bHLH	TFF
SoffiXsponR570.01Fg331200.2.p	Trihelix	TFF
SoffiXsponR570.01Cg017100.2.p	AP2-EREBP	TFF
SoffiXsponR570.03Gg020900.1.p	Tudor-knot	OTR
SoffiXsponR570.08Bg055400.1.p	bHLH	TFF
SoffiXsponR570.06Fg168600.1.p	Sigma70-like	TFF
SoffiXsponR570.05Dg262200.2.p	C2H2	TFF
SoffiXsponR570.05Cg055700.1.p	bZIP	TFF
SoffiXsponR570.01Bg071700.1.p	MYB	TFF
SoffiXsponR570.7_10Ag090000.1.p	AP2-EREBP	TFF
SoffiXsponR570.02Fg162800.3.p	MYB-related	TFF
SoffiXsponR570.01Fg117900.1.p	OFP	TFF
SoffiXsponR570.9us90g051800.1.p	WRKY	TFF
SoffiXsponR570.07Ag142400.1.p	NAC	TFF
SoffiXsponR570.07Bg230300.2.p	mTERF	OTR
SoffiXsponR570.5_9Ag234100.1.p	NAC	TFF
SoffiXsponR570.8_5Ag108500.1.p	MYB-related	TFF
SoffiXsponR570.02Gg317900.1.p	PHD	OTR
SoffiXsponR570.08Ag205300.4.p	SWI/SNF-BAF60b	OTR
SoffiXsponR570.02Cg384300.1.p	SBP	TFF
SoffiXsponR570.03Bg075100.5.p	C3H	TFF
SoffiXsponR570.03Eg262400.1.p	CCAAT	TFF
SoffiXsponR570.7_10Ag267400.1.p	AP2-EREBP	TFF
SoffiXsponR570.06Gg047900.1.p	NAC	TFF
SoffiXsponR570.8_10Ag204400.7.p	WRKY	TFF
SoffiXsponR570.01Bg317600.3.p	TIG	TFF
SoffiXsponR570.02Cg404200.1.p	GRAS	TFF
SoffiXsponR570.3os4g005100.1.p	MADS	TFF
SoffiXsponR570.02Bg228400.2.p	ABI3VP1	TFF
SoffiXsponR570.8_10Ag018000.1.p	bHLH	TFF
SoffiXsponR570.07Bg208000.2.p	Rcd1-like	OTR
SoffiXsponR570.08Cg083600.1.p	SET	OTR
SoffiXsponR570.04Ag268800.2.p	bHLH	TFF
SoffiXsponR570.02Ag198500.3.p	Top	TFF
SoffiXsponR570.04Gg093400.5.p	zf-fF-X1	TFF
SoffiXsponR570.06Gg147400.1.p	OFP	TFF
SoffiXsponR570.09Bg067300.1.p	PLATZ	TFF
SoffiXsponR570.02Cg342800.1.p	OFP	TFF
SoffiXsponR570.06Dg024500.5.p	bHLH	TFF
SoffiXsponR570.03Eg031200.3.p	BES1	TFF
SoffiXsponR570.01Cg200600.2.p	TIG	TFF
SoffiXsponR570.08Bg081700.1.p	AP2-EREBP	TFF
SoffiXsponR570.07Dg122700.1.p	C1-4-t1	TFF
SoffiXsponR570.02Fg077300.2.p	MYB	TFF
SoffiXsponR570.02Ag072800.1.p	MED26	OTR
SoffiXsponR570.03Cg156000.2.p	NAC	TFF
SoffiXsponR570.1Z045300.1.p	bHLH	TFF
SoffiXsponR570.01Eg277200.1.p	MADS	TFF
SoffiXsponR570.04Cg173400.2.p	FAR1	TFF
SoffiXsponR570.01Eg168500.1.p	ABI3VP1	TFF
SoffiXsponR570.7_10Ag334800.2.p	bZIP	TFF
SoffiXsponR570.08Bg122000.3.p	PHD	OTR
SoffiXsponR570.07Eg131800.2.p	OFP	TFF
SoffiXsponR570.02Fg039600.1.p	PAS	TFF
SoffiXsponR570.08Bg194400.6.p	Pseudo_ARR-B	OTR
SoffiXsponR570.05Gg199900.2.p	WRKY	TFF
SoffiXsponR570.8_10Ag253400.1.p	zf-A20	TFF
SoffiXsponR570.08Cg205100.2.p	bHLH	TFF
SoffiXsponR570.02Dg315700.1.p	OFP	TFF
SoffiXsponR570.5_9Ag461200.2.p	FHA	TFF
SoffiXsponR570.03Ag071700.1.p	AP2-EREBP	TFF
SoffiXsponR570.04Ag204500.3.p	HB	TFF
SoffiXsponR570.07Bg215900.5.p	zf-BED	TFF
SoffiXsponR570.8_5Ag186900.2.p	TRAF	OTR
SoffiXsponR570.07Bg093900.4.p	FHA	TFF
SoffiXsponR570.7_10Ag309800.4.p	PHD	OTR
SoffiXsponR570.02Dg382900.2.p	Tify	TFF
SoffiXsponR570.02Eg224500.1.p	ABI3VP1	TFF
SoffiXsponR570.01Dg338400.3.p	CCAAT	TFF
SoffiXsponR570.7_10Ag157300.2.p	TIG	TFF
SoffiXsponR570.03Bg258600.2.p	mTERF	OTR
SoffiXsponR570.02Cg005200.2.p	bHLH	TFF
SoffiXsponR570.02Cg028600.1.p	BES1	TFF
SoffiXsponR570.01Bg484700.2.p	NAC	TFF
SoffiXsponR570.02Dg354100.1.p	PHD	OTR
SoffiXsponR570.05Dg179100.1.p	bHLH	TFF
SoffiXsponR570.02Cg403400.1.p	NAC	TFF
SoffiXsponR570.07Cg116700.1.p	MYB-related	TFF
SoffiXsponR570.01Eg125600.1.p	TCP	TFF
SoffiXsponR570.10Dg108700.4.p	RB	OTR
SoffiXsponR570.01Bg275700.4.p	MED26	OTR
SoffiXsponR570.02Cg192900.1.p	GNAT	OTR
SoffiXsponR570.06Fg067100.3.p	bHLH	TFF
SoffiXsponR570.6_9Ag128800.1.p	bHLH	TFF
SoffiXsponR570.01Eg056900.1.p	MYB	TFF
SoffiXsponR570.06Ag215600.1.p	WRKY	TFF
SoffiXsponR570.01Cg137600.1.p	zf-C5HC2	TFF
SoffiXsponR570.01Bg458700.1.p	AP2-EREBP	TFF
SoffiXsponR570.7_10Ag225800.3.p	bHLH	TFF
SoffiXsponR570.05Cg049600.3.p	PHD	OTR
SoffiXsponR570.05Eg349600.1.p	bZIP	TFF
SoffiXsponR570.07Ag155200.3.p	GRAS	TFF
SoffiXsponR570.04Bg000200.1.p	NAC	TFF
SoffiXsponR570.07Cg076000.1.p	bHLH	TFF
SoffiXsponR570.03Eg073500.1.p	bZIP	TFF
SoffiXsponR570.02Cg300600.1.p	AP2-EREBP	TFF
SoffiXsponR570.02Eg145800.1.p	HSF	TFF
SoffiXsponR570.01Bg156800.2.p	ABI3VP1	TFF
SoffiXsponR570.01Dg004900.1.p	mTERF	OTR
SoffiXsponR570.02Cg123500.1.p	MYB-related	TFF
SoffiXsponR570.09Bg113500.2.p	NAC	TFF
SoffiXsponR570.04Bg113700.5.p	zf-C5HC2	TFF
SoffiXsponR570.01Fg060700.1.p	Tify	TFF
SoffiXsponR570.05Dg199300.1.p	HSF	TFF
SoffiXsponR570.06Cg019400.1.p	GRAS	TFF
SoffiXsponR570.03Bg112900.2.p	ARID	OTR
SoffiXsponR570.03Eg214000.2.p	CCAAT	TFF
SoffiXsponR570.02Eg002900.2.p	bHLH	TFF
SoffiXsponR570.01Ag551200.9.p	Not1	TFF
SoffiXsponR570.8_10Ag112500.1.p	FHA	TFF
SoffiXsponR570.7_10Ag224400.1.p	Trihelix	TFF
SoffiXsponR570.07Eg221700.2.p	TUB	TFF
SoffiXsponR570.06Cg130300.1.p	AP2-EREBP	TFF
SoffiXsponR570.01Cg147000.1.p	AP2-EREBP	TFF
SoffiXsponR570.02Eg154300.1.p	MYB-related	TFF
SoffiXsponR570.01Cg107100.1.p	Tify	TFF
SoffiXsponR570.8_5Ag172900.1.p	bHLH	TFF
SoffiXsponR570.10us89g015800.1.p	WRKY	TFF
SoffiXsponR570.05Eg225300.1.p	AP2-EREBP	TFF
SoffiXsponR570.6_9Ag308300.1.p	Trihelix	TFF
SoffiXsponR570.07Ag128700.1.p	MYB	TFF
SoffiXsponR570.8_10Ag118900.1.p	NAC	TFF
SoffiXsponR570.9os1g002500.2.p	SET	OTR
SoffiXsponR570.04Eg133500.1.p	SBP	TFF
SoffiXsponR570.04Cg067000.1.p	DBP	TFF
SoffiXsponR570.08Cg131300.2.p	GeBP	TFF
SoffiXsponR570.6_9Ag317200.2.p	AP2-EREBP	TFF
SoffiXsponR570.03Cg256300.1.p	mTERF	OTR
SoffiXsponR570.09Cg123100.1.p	mTERF	OTR
SoffiXsponR570.03Dg099900.4.p	HB	TFF
SoffiXsponR570.02Dg335500.1.p	MYB	TFF
SoffiXsponR570.5_9Ag228400.1.p	TCP	TFF
SoffiXsponR570.05Dg247400.2.p	Pseudo_ARR-B	OTR
SoffiXsponR570.01Eg311100.1.p	SET	OTR
SoffiXsponR570.01Dg297400.2.p	bZIP	TFF
SoffiXsponR570.03Cg242000.1.p	GeBP	TFF
SoffiXsponR570.01Fg186300.2.p	EIL	TFF
SoffiXsponR570.02Fg001600.1.p	C2H2	TFF
SoffiXsponR570.5_9Ag059100.2.p	AP2-EREBP	TFF
SoffiXsponR570.8_5Ag111400.1.p	AP2-EREBP	TFF
SoffiXsponR570.07Eg105300.6.p	Trihelix	TFF
SoffiXsponR570.07Dg154800.2.p	C2H2	TFF
SoffiXsponR570.01Dg375900.1.p	OFP	TFF
SoffiXsponR570.8_10Ag221000.1.p	PLATZ	TFF
SoffiXsponR570.05Dg373800.1.p	AP2-EREBP	TFF
SoffiXsponR570.04Fg006700.1.p	E2F-DP	TFF
SoffiXsponR570.02Gg289100.2.p	NAC	TFF
SoffiXsponR570.02Dg306400.1.p	bZIP	TFF
SoffiXsponR570.02Fg072600.2.p	Top	TFF
SoffiXsponR570.01Eg074400.5.p	FAR1	TFF
SoffiXsponR570.01Dg160100.1.p	AP2-EREBP	TFF
SoffiXsponR570.6_9Ag055000.2.p	TUB	TFF
SoffiXsponR570.05Ag153600.1.p	bZIP	TFF
SoffiXsponR570.07Cg252300.4.p	MYB-related	TFF
SoffiXsponR570.07Dg237400.1.p	NAC	TFF
SoffiXsponR570.6us88g141700.1.p	C2C2-Dof	TFF
SoffiXsponR570.01Dg319400.1.p	bHLH	TFF
SoffiXsponR570.06Ag162300.1.p	BSD	TFF
SoffiXsponR570.04Cg111100.1.p	zf-fF-X1	TFF
SoffiXsponR570.5_9Ag093100.2.p	NAC	TFF
SoffiXsponR570.08Ag084700.1.p	AP2-EREBP	TFF
SoffiXsponR570.07Bg078000.1.p	bHLH	TFF
SoffiXsponR570.01Ag242800.2.p	TFIID	TFF
SoffiXsponR570.02Gg020100.2.p	C3H	TFF
SoffiXsponR570.04Cg218600.1.p	TRAF	OTR
SoffiXsponR570.06Ag126200.6.p	bZIP	TFF
SoffiXsponR570.10Cg035300.1.p	NAC	TFF
SoffiXsponR570.04Cg199400.1.p	NAC	TFF
SoffiXsponR570.03Bg175900.1.p	C2C2-CO-like	TFF
SoffiXsponR570.09Cg170000.1.p	HB	TFF
SoffiXsponR570.1Z105400.1.p	ARR-B	TFF
SoffiXsponR570.02Cg019700.1.p	bHLH	TFF
SoffiXsponR570.01Eg409900.1.p	E2F-DP	TFF
SoffiXsponR570.01Bg063600.1.p	mTERF	OTR
SoffiXsponR570.03Eg195500.7.p	C2H2	TFF
SoffiXsponR570.03Eg038000.3.p	TAZ	TFF
SoffiXsponR570.5_9Ag137600.1.p	mTERF	OTR
SoffiXsponR570.02Dg328100.1.p	GRAS	TFF
SoffiXsponR570.1Z166100.1.p	MYB	TFF
SoffiXsponR570.09Cg056400.2.p	MYB-related	TFF
SoffiXsponR570.05Cg064300.2.p	FHA	TFF
SoffiXsponR570.08Cg132400.1.p	bHLH	TFF
SoffiXsponR570.07Cg050100.1.p	CAMTA	TFF
SoffiXsponR570.06Ag143200.1.p	OFP	TFF
SoffiXsponR570.07Bg198400.1.p	GRF	TFF
SoffiXsponR570.10Cg129200.2.p	GRF	TFF
SoffiXsponR570.03Cg126100.2.p	ARID	OTR
SoffiXsponR570.04Gg057900.1.p	C2H2	TFF
SoffiXsponR570.05Bg331800.6.p	Tify	TFF
SoffiXsponR570.07Cg252300.1.p	MYB-related	TFF
SoffiXsponR570.05Dg074500.2.p	bZIP	TFF
SoffiXsponR570.10Cg171100.1.p	PAS	TFF
SoffiXsponR570.01Fg183600.2.p	C3H	TFF
SoffiXsponR570.05Bg328300.2.p	CCAAT	TFF
SoffiXsponR570.07Dg059900.1.p	OFP	TFF
SoffiXsponR570.09Bg054000.3.p	MYB	TFF
SoffiXsponR570.6us88g095000.1.p	MED26	OTR
SoffiXsponR570.05Cg161700.1.p	Tify	TFF
SoffiXsponR570.02Eg135600.3.p	Jumonji	OTR
SoffiXsponR570.10Dg067500.3.p	zf-HD	TFF
SoffiXsponR570.06Gg139700.2.p	CCAAT	TFF
SoffiXsponR570.06Ag212800.1.p	MYB-related	TFF
SoffiXsponR570.02Dg222100.5.p	bZIP	TFF
SoffiXsponR570.02Cg362900.2.p	TAZ	TFF
SoffiXsponR570.6_9Ag059900.2.p	C2H2	TFF
SoffiXsponR570.6_9Ag030200.1.p	FHA	TFF
SoffiXsponR570.03Ag238200.1.p	C2C2-Dof	TFF
SoffiXsponR570.02Ag231300.1.p	HMG	OTR
SoffiXsponR570.02Cg004300.1.p	RWP-RK	TFF
SoffiXsponR570.4us91g014300.1.p	AP2-EREBP	TFF
SoffiXsponR570.01Fg270900.5.p	TIG	TFF
SoffiXsponR570.10Ag198700.1.p	GRAS	TFF
SoffiXsponR570.03Fg040200.2.p	TAZ	TFF
SoffiXsponR570.9os1g030100.1.p	WRKY	TFF
SoffiXsponR570.05Eg228000.1.p	zf-A20	TFF
SoffiXsponR570.05Dg048500.1.p	TRAF	OTR
SoffiXsponR570.03Gg058900.1.p	DBP	TFF
SoffiXsponR570.03Eg270100.10.p	zf-C5HC2	TFF
SoffiXsponR570.01Ag487700.2.p	AP2-EREBP	TFF
SoffiXsponR570.10Cg005600.1.p	WRKY	TFF
SoffiXsponR570.02Dg095300.1.p	zf-BED	TFF
SoffiXsponR570.04Dg142800.2.p	Top	TFF
SoffiXsponR570.1Z152200.1.p	Top	TFF
SoffiXsponR570.04Cg122200.1.p	FHA	TFF
SoffiXsponR570.02Cg197000.1.p	bHLH	TFF
SoffiXsponR570.02Eg345800.1.p	ABI3VP1	TFF
SoffiXsponR570.05Fg313100.1.p	C3H	TFF
SoffiXsponR570.03Eg249500.1.p	C2C2-Dof	TFF
SoffiXsponR570.7os1g052100.1.p	SET	OTR
SoffiXsponR570.04Cg172700.1.p	AUX/IAA	OTR
SoffiXsponR570.09Eg130100.2.p	CPP	TFF
SoffiXsponR570.03Bg058800.4.p	bZIP	TFF
SoffiXsponR570.04Eg063700.1.p	DBP	TFF
SoffiXsponR570.08Dg027500.1.p	Top	TFF
SoffiXsponR570.07Bg027700.1.p	TCP	TFF
SoffiXsponR570.04Cg117300.3.p	NAC	TFF
SoffiXsponR570.06Ag126200.3.p	bZIP	TFF
SoffiXsponR570.02Bg078500.3.p	bZIP	TFF
SoffiXsponR570.01Fg116100.2.p	MADS	TFF
SoffiXsponR570.03Gg111700.1.p	C2C2-CO-like	TFF
SoffiXsponR570.03Dg075600.1.p	AP2-EREBP	TFF
SoffiXsponR570.04Ag086200.1.p	ARF	TFF
SoffiXsponR570.10os1g062800.2.p	GRF	TFF
SoffiXsponR570.06Ag219700.1.p	SET	OTR
SoffiXsponR570.10Cg041100.7.p	HB	TFF
SoffiXsponR570.01Cg387700.3.p	SWI/SNF-BAF60b	OTR
SoffiXsponR570.01Cg229400.1.p	OFP	TFF
SoffiXsponR570.05Dg304500.21.p	FAR1	TFF
SoffiXsponR570.08Dg143200.7.p	C2H2	TFF
SoffiXsponR570.03Eg161500.1.p	C2C2-CO-like	TFF
SoffiXsponR570.06Ag012100.3.p	MYB-related	TFF
SoffiXsponR570.02Bg070200.1.p	MED26	OTR
SoffiXsponR570.09Cg029700.2.p	WRKY	TFF
SoffiXsponR570.02Cg219000.6.p	bZIP	TFF
SoffiXsponR570.03Fg142100.2.p	bHLH	TFF
SoffiXsponR570.06Fg143500.1.p	Trihelix	TFF
SoffiXsponR570.7_10Ag212700.1.p	MYB	TFF
SoffiXsponR570.08Ag005000.1.p	PHD	OTR
SoffiXsponR570.06Fg151400.1.p	Sigma70-like	TFF
SoffiXsponR570.08Cg156700.2.p	MYB-related	TFF
SoffiXsponR570.05Fg283000.1.p	GeBP	TFF
SoffiXsponR570.03Cg169100.2.p	NAC	TFF
SoffiXsponR570.04Cg061200.1.p	BBR/BPC	TFF
SoffiXsponR570.07Ag258200.2.p	CCAAT	TFF
SoffiXsponR570.02Cg279900.1.p	CPP	TFF
SoffiXsponR570.06Ag062400.4.p	MADS	TFF
SoffiXsponR570.02Ag180800.3.p	C2H2	TFF
SoffiXsponR570.09Bg164500.1.p	ABI3VP1	TFF
SoffiXsponR570.09Cg060800.1.p	WRKY	TFF
SoffiXsponR570.02Ag131400.1.p	WRKY	TFF
SoffiXsponR570.02Eg389100.2.p	GNAT	OTR
SoffiXsponR570.09Bg122700.1.p	ABI3VP1	TFF
SoffiXsponR570.03Dg061000.1.p	MYB-related	TFF
SoffiXsponR570.02Ag110200.1.p	Jumonji	OTR
SoffiXsponR570.03Bg134900.1.p	E2F-DP	TFF
SoffiXsponR570.04Bg142900.1.p	bHLH	TFF
SoffiXsponR570.05Cg165800.1.p	NAC	TFF
SoffiXsponR570.06Ag029600.1.p	MYB	TFF
SoffiXsponR570.7_10Ag192300.1.p	AP2-EREBP	TFF
SoffiXsponR570.02Eg201700.1.p	DDT	OTR
SoffiXsponR570.06Cg089000.1.p	NAC	TFF
SoffiXsponR570.07Bg076800.2.p	SET	OTR
SoffiXsponR570.03Eg200300.1.p	AP2-EREBP	TFF
SoffiXsponR570.10Cg032300.2.p	bZIP	TFF
SoffiXsponR570.03Gg070100.4.p	mTERF	OTR
SoffiXsponR570.01Bg132700.2.p	HB	TFF
SoffiXsponR570.04Bg175600.1.p	TRAF	OTR
SoffiXsponR570.05Gg063300.1.p	PHD	OTR
SoffiXsponR570.05Fg204500.2.p	SBP	TFF
SoffiXsponR570.05Bg350700.1.p	HSF	TFF
SoffiXsponR570.05Fg212100.1.p	MYB-related	TFF
SoffiXsponR570.02Eg201200.1.p	ARF	TFF
SoffiXsponR570.5_9Ag392600.1.p	bHLH	TFF
SoffiXsponR570.06Dg097600.2.p	NOT2_3_5	OTR
SoffiXsponR570.05Eg248500.3.p	SET	OTR
SoffiXsponR570.09Dg042500.1.p	WRKY	TFF
SoffiXsponR570.02Gg261700.1.p	Alfin-like	TFF
SoffiXsponR570.04Dg060700.2.p	C2H2	TFF
SoffiXsponR570.03Ag045000.1.p	PBF-2-like	TFF
SoffiXsponR570.03Ag292800.4.p	SWI/SNF-SWI3	OTR
SoffiXsponR570.1Z207300.1.p	C2C2-Dof	TFF
SoffiXsponR570.09Eg026900.1.p	C3H	TFF
SoffiXsponR570.02Ag039000.1.p	NAC	TFF
SoffiXsponR570.05Ag059400.1.p	PHD	OTR
SoffiXsponR570.10Bg200400.2.p	MYB-related	TFF
SoffiXsponR570.05Ag091400.2.p	Alfin-like	TFF
SoffiXsponR570.08Eg096300.4.p	C2H2	TFF
SoffiXsponR570.10Ag019600.1.p	AP2-EREBP	TFF
SoffiXsponR570.02Bg037200.3.p	NAC	TFF
SoffiXsponR570.02Cg163700.1.p	bZIP	TFF
SoffiXsponR570.4os1g001700.4.p	G2-like	TFF
SoffiXsponR570.06Fg067200.8.p	bHLH	TFF
SoffiXsponR570.01Dg039600.1.p	WRKY	TFF
SoffiXsponR570.01Eg428300.1.p	MYB-related	TFF
SoffiXsponR570.05Cg166600.1.p	zf-HD	TFF
SoffiXsponR570.1Z014300.2.p	SWI/SNF-BAF60b	OTR
SoffiXsponR570.01Bg350800.1.p	bZIP	TFF
SoffiXsponR570.08Eg059500.1.p	RWP-RK	TFF
SoffiXsponR570.04Bg177100.1.p	PLATZ	TFF
SoffiXsponR570.09Cg047400.1.p	GRAS	TFF
SoffiXsponR570.05Dg322100.1.p	bHLH	TFF
SoffiXsponR570.02Bg034100.2.p	C2H2	TFF
SoffiXsponR570.02Fg312200.1.p	OFP	TFF
SoffiXsponR570.06Dg008700.3.p	Top	TFF
SoffiXsponR570.01Eg434300.1.p	Top	TFF
SoffiXsponR570.03Dg218700.1.p	TCP	TFF
SoffiXsponR570.07Cg083800.1.p	DDT	OTR
SoffiXsponR570.04Ag218900.3.p	TRAF	OTR
SoffiXsponR570.05Eg050500.2.p	bHLH	TFF
SoffiXsponR570.02Dg155900.1.p	MYB	TFF
SoffiXsponR570.07Eg141700.1.p	C2H2	TFF
SoffiXsponR570.04Dg021600.5.p	SET	OTR
SoffiXsponR570.03Ag066300.1.p	PLATZ	TFF
SoffiXsponR570.05Cg082100.2.p	AP2-EREBP	TFF
SoffiXsponR570.02Ag365900.1.p	SWI/SNF-BAF60b	OTR
SoffiXsponR570.03Bg226700.2.p	MYB-related	TFF
SoffiXsponR570.03Gg054000.3.p	C2H2	TFF
SoffiXsponR570.10Dg020900.1.p	NAC	TFF
SoffiXsponR570.01Eg335000.3.p	LIM	TFF
SoffiXsponR570.7_10Ag079200.1.p	ABI3VP1	TFF
SoffiXsponR570.6_9Ag121800.1.p	C3H	TFF
SoffiXsponR570.05Bg223000.1.p	TCP	TFF
SoffiXsponR570.10Ag120700.1.p	SBP	TFF
SoffiXsponR570.01Dg257000.2.p	PHD	OTR
SoffiXsponR570.06Cg027200.1.p	C2C2-GATA	TFF
SoffiXsponR570.02Ag290100.2.p	TCP	TFF
SoffiXsponR570.04Ag252900.1.p	ARF	TFF
SoffiXsponR570.02Ag335500.1.p	C2H2	TFF
SoffiXsponR570.01Eg041000.1.p	NAC	TFF
SoffiXsponR570.02Fg190000.1.p	HSF	TFF
SoffiXsponR570.09Bg131800.1.p	CPP	TFF
SoffiXsponR570.01Eg387600.8.p	MADS	TFF
SoffiXsponR570.3os1g007700.3.p	MYB	TFF
SoffiXsponR570.02Dg227900.1.p	MYB	TFF
SoffiXsponR570.1Z221200.7.p	DDT	OTR
SoffiXsponR570.02Dg065100.1.p	CCAAT	TFF
SoffiXsponR570.8_10Ag207000.1.p	TRAF	OTR
SoffiXsponR570.05Dg185800.1.p	CCAAT	TFF
SoffiXsponR570.06Ag037800.1.p	MYB-related	TFF
SoffiXsponR570.9us90g056600.1.p	CPP	TFF
SoffiXsponR570.07Dg173100.3.p	GRAS	TFF
SoffiXsponR570.08Eg045900.1.p	mTERF	OTR
SoffiXsponR570.02Fg346400.1.p	bHLH	TFF
SoffiXsponR570.06Ag027200.1.p	HB	TFF
SoffiXsponR570.09Ag036500.1.p	WRKY	TFF
SoffiXsponR570.10Fg017100.1.p	WRKY	TFF
SoffiXsponR570.8_5Ag163200.1.p	C2H2	TFF
SoffiXsponR570.01Eg321900.2.p	PHD	OTR
SoffiXsponR570.6us88g125500.2.p	FAR1	TFF
SoffiXsponR570.08Dg056400.1.p	TRAF	OTR
SoffiXsponR570.01Dg055900.1.p	ABI3VP1	TFF
SoffiXsponR570.09Bg125900.1.p	LIM	TFF
SoffiXsponR570.04Bg005900.1.p	ABI3VP1	TFF
SoffiXsponR570.9os1g070900.2.p	MYB-related	TFF
SoffiXsponR570.03Cg295200.1.p	zf-C5HC2	TFF
SoffiXsponR570.08Bg109300.2.p	mTERF	OTR
SoffiXsponR570.08Bg057800.7.p	FAR1	TFF
SoffiXsponR570.02Dg303000.2.p	bZIP	TFF
SoffiXsponR570.01Bg020200.4.p	mTERF	OTR
SoffiXsponR570.01Bg150700.1.p	bHLH	TFF
SoffiXsponR570.06Dg034300.1.p	AUX/IAA	OTR
SoffiXsponR570.02Ag186100.1.p	WRKY	TFF
SoffiXsponR570.01Cg290900.5.p	MYB-related	TFF
SoffiXsponR570.09Dg079400.1.p	GRAS	TFF
SoffiXsponR570.09Ag056100.4.p	C2H2	TFF
SoffiXsponR570.03Cg242100.2.p	Top	TFF
SoffiXsponR570.01Bg464800.1.p	MYB	TFF
SoffiXsponR570.03Bg266900.2.p	MADS	TFF
SoffiXsponR570.06Gg026100.1.p	NAC	TFF
SoffiXsponR570.9us90g030800.4.p	MYB-related	TFF
SoffiXsponR570.02Dg069500.3.p	MED26	OTR
SoffiXsponR570.1Z250300.1.p	SAP	TFF
SoffiXsponR570.08Cg114200.2.p	NAC	TFF
SoffiXsponR570.02Ag029000.1.p	BES1	TFF
SoffiXsponR570.01Dg326700.2.p	GRAS	TFF
SoffiXsponR570.6_9Ag036900.1.p	SET	OTR
SoffiXsponR570.01Ag390700.2.p	bZIP	TFF
SoffiXsponR570.04Gg067900.1.p	MYB	TFF
SoffiXsponR570.03Cg241200.2.p	GNAT	OTR
SoffiXsponR570.02Dg344300.1.p	AP2-EREBP	TFF
SoffiXsponR570.05Eg339000.10.p	DDT	OTR
SoffiXsponR570.01Bg048200.2.p	DDT	OTR
SoffiXsponR570.07Dg176200.1.p	MYB-related	TFF
SoffiXsponR570.05Gg116900.1.p	MYB-related	TFF
SoffiXsponR570.01Dg152800.1.p	MED26	OTR
SoffiXsponR570.03Dg062100.2.p	bZIP	TFF
SoffiXsponR570.01Bg434500.1.p	AP2-EREBP	TFF
SoffiXsponR570.03Cg030000.1.p	BES1	TFF
SoffiXsponR570.06Fg124900.1.p	AP2-EREBP	TFF
SoffiXsponR570.6us88g020700.1.p	GRAS	TFF
SoffiXsponR570.05Gg155400.1.p	WRKY	TFF
SoffiXsponR570.08Eg022200.1.p	TRAF	OTR
SoffiXsponR570.04Cg185200.1.p	C3H	TFF
SoffiXsponR570.01Eg062400.1.p	GNAT	OTR
SoffiXsponR570.05Cg226700.1.p	bHLH	TFF
SoffiXsponR570.07Eg025600.9.p	TIG	TFF
SoffiXsponR570.08Eg022000.1.p	TRAF	OTR
SoffiXsponR570.02Cg333300.2.p	MYB-related	TFF
SoffiXsponR570.01Dg218400.1.p	MYB	TFF
SoffiXsponR570.01Ag202400.1.p	SWI/SNF-BAF60b	OTR
SoffiXsponR570.02Cg287700.1.p	SET	OTR
SoffiXsponR570.01Eg304500.1.p	WRKY	TFF
SoffiXsponR570.03Eg249000.1.p	bHLH	TFF
SoffiXsponR570.02Gg212100.1.p	SET	OTR
SoffiXsponR570.01Dg034800.1.p	MYB-related	TFF
SoffiXsponR570.10os1g038600.1.p	WRKY	TFF
SoffiXsponR570.01Fg228300.1.p	Top	TFF
SoffiXsponR570.05Dg108000.2.p	BBR/BPC	TFF
SoffiXsponR570.07Eg107900.2.p	C2C2-GATA	TFF
SoffiXsponR570.7_10Ag121300.1.p	C2H2	TFF
SoffiXsponR570.03Eg285000.4.p	zf-C5HC2	TFF
SoffiXsponR570.5_9Ag085900.1.p	AP2-EREBP	TFF
SoffiXsponR570.5_9Ag396400.1.p	C2H2	TFF
SoffiXsponR570.02Gg243300.1.p	CCAAT	TFF
SoffiXsponR570.06Ag200700.2.p	C3H	TFF
SoffiXsponR570.03Cg064100.1.p	bZIP	TFF
SoffiXsponR570.6_9Ag265400.1.p	AP2-EREBP	TFF
SoffiXsponR570.10Bg017400.1.p	WRKY	TFF
SoffiXsponR570.02Gg154400.1.p	WRKY	TFF
SoffiXsponR570.04Dg102800.1.p	G2-like	TFF
SoffiXsponR570.05Bg311000.1.p	C3H	TFF
SoffiXsponR570.05Bg381000.1.p	bZIP	TFF
SoffiXsponR570.07Bg221600.1.p	SET	OTR
SoffiXsponR570.01Eg099000.1.p	AUX/IAA	OTR
SoffiXsponR570.06Ag150200.1.p	MYB-related	TFF
SoffiXsponR570.10Ag113900.1.p	C3H	TFF
SoffiXsponR570.01Bg458000.2.p	Jumonji	OTR
SoffiXsponR570.05Fg160400.1.p	bHLH	TFF
SoffiXsponR570.06Dg009900.1.p	ABI3VP1	TFF
SoffiXsponR570.10os1g009500.1.p	NAC	TFF
SoffiXsponR570.01Ag292900.1.p	NAC	TFF
SoffiXsponR570.07Eg034400.3.p	S1Fa-like	TFF
SoffiXsponR570.08Ag168200.1.p	MYB	TFF
SoffiXsponR570.02Eg139300.3.p	PHD	OTR
SoffiXsponR570.05Dg219700.1.p	SBP	TFF
SoffiXsponR570.03Fg064500.1.p	MYB-related	TFF
SoffiXsponR570.6_9Ag062800.1.p	MYB	TFF
SoffiXsponR570.01Bg391600.3.p	FAR1	TFF
SoffiXsponR570.02Ag282700.1.p	AP2-EREBP	TFF
SoffiXsponR570.08Cg113600.1.p	TCP	TFF
SoffiXsponR570.03Fg031600.4.p	BES1	TFF
SoffiXsponR570.08Ag163100.8.p	C2H2	TFF
SoffiXsponR570.06Cg176000.2.p	C3H	TFF
SoffiXsponR570.07Bg177500.1.p	C2C2-Dof	TFF
SoffiXsponR570.09Ag144700.1.p	bHLH	TFF
SoffiXsponR570.02Eg276300.1.p	bZIP	TFF
SoffiXsponR570.01Eg363500.3.p	NAC	TFF
SoffiXsponR570.02Eg348400.1.p	bHLH	TFF
SoffiXsponR570.04Ag064800.1.p	SET	OTR
SoffiXsponR570.02Cg194400.1.p	zf-LSD1	TFF
SoffiXsponR570.01Bg360200.4.p	PHD	OTR
SoffiXsponR570.01Ag131900.1.p	C3H	TFF
SoffiXsponR570.09Eg092100.6.p	PHD	OTR
SoffiXsponR570.07Bg158000.1.p	C2C2-GATA	TFF
SoffiXsponR570.02Fg358500.1.p	bHLH	TFF
SoffiXsponR570.07Dg005400.1.p	SET	OTR
SoffiXsponR570.05Bg249800.1.p	NAC	TFF
SoffiXsponR570.01Fg194900.3.p	SET	OTR
SoffiXsponR570.09Dg118300.4.p	C2C2-GATA	TFF
SoffiXsponR570.03Ag187700.2.p	ABI3VP1	TFF
SoffiXsponR570.01Dg102300.1.p	MYB-related	TFF
SoffiXsponR570.01Fg274400.7.p	MADS	TFF
SoffiXsponR570.02Gg280100.2.p	C3H	TFF
SoffiXsponR570.05Ag241900.1.p	MYB	TFF
SoffiXsponR570.7os1g012400.1.p	ARID	OTR
SoffiXsponR570.01Ag330400.1.p	GRAS	TFF
SoffiXsponR570.06Dg046300.1.p	WRKY	TFF
SoffiXsponR570.05Dg099400.1.p	WRKY	TFF
SoffiXsponR570.07Bg230000.5.p	bZIP	TFF
SoffiXsponR570.5_9Ag140600.1.p	C2H2	TFF
SoffiXsponR570.03Gg016700.1.p	CPP	TFF
SoffiXsponR570.6us88g038800.4.p	SAP	TFF
SoffiXsponR570.01Bg214200.1.p	SAP	TFF
SoffiXsponR570.09Cg051100.3.p	C2C2-GATA	TFF
SoffiXsponR570.10Fg113900.1.p	GRAS	TFF
SoffiXsponR570.02Fg285600.1.p	bZIP	TFF
SoffiXsponR570.03Ag219700.1.p	LIM	TFF
SoffiXsponR570.03Ag244500.1.p	GRAS	TFF
SoffiXsponR570.08Ag177900.1.p	AP2-EREBP	TFF
SoffiXsponR570.08Cg108800.3.p	PHD	OTR
SoffiXsponR570.02Dg323300.2.p	CCAAT	TFF
SoffiXsponR570.02Bg021700.1.p	TCP	TFF
SoffiXsponR570.07Dg232400.1.p	OFP	TFF
SoffiXsponR570.05Cg202900.2.p	WRKY	TFF
SoffiXsponR570.1os1g005400.3.p	TRAF	OTR
SoffiXsponR570.01Ag211700.1.p	GeBP	TFF
SoffiXsponR570.10Dg108700.5.p	RB	OTR
SoffiXsponR570.01Bg091000.3.p	AUX/IAA	OTR
SoffiXsponR570.03Eg279200.1.p	AP2-EREBP	TFF
SoffiXsponR570.04Ag222500.1.p	TRAF	OTR
SoffiXsponR570.10Fg113100.1.p	GRAS	TFF
SoffiXsponR570.02Cg370600.2.p	ABI3VP1	TFF
SoffiXsponR570.6_9Ag316100.1.p	bZIP	TFF
SoffiXsponR570.05Eg159200.2.p	bHLH	TFF
SoffiXsponR570.07Dg214800.1.p	MYB-related	TFF
SoffiXsponR570.03Dg259700.2.p	SET	OTR
SoffiXsponR570.04Dg146000.1.p	zf-A20	TFF
SoffiXsponR570.02Fg341000.1.p	mTERF	OTR
SoffiXsponR570.05Fg246600.1.p	GRAS	TFF
SoffiXsponR570.10us89g074100.1.p	ABI3VP1	TFF
SoffiXsponR570.05Bg192400.1.p	CCAAT	TFF
SoffiXsponR570.05Dg175200.1.p	bHLH	TFF
SoffiXsponR570.8_5Ag014400.1.p	zf-BED	TFF
SoffiXsponR570.02Dg060200.2.p	bHLH	TFF
SoffiXsponR570.6_9Ag037700.1.p	WRKY	TFF
SoffiXsponR570.04Fg057100.1.p	HSF	TFF
SoffiXsponR570.04Fg134400.3.p	SBP	TFF
SoffiXsponR570.01Eg314400.2.p	PHD	OTR
SoffiXsponR570.06Ag144400.1.p	WRKY	TFF
SoffiXsponR570.03Cg235300.2.p	GNAT	OTR
SoffiXsponR570.04Bg255600.2.p	bZIP	TFF
SoffiXsponR570.07Ag241500.2.p	ARF	TFF
SoffiXsponR570.03Bg141200.1.p	SET	OTR
SoffiXsponR570.06Eg149100.1.p	AP2-EREBP	TFF
SoffiXsponR570.02Fg266600.1.p	BSD	TFF
SoffiXsponR570.05Bg253700.1.p	SET	OTR
SoffiXsponR570.01Ag427400.1.p	LIM	TFF
SoffiXsponR570.01Cg333000.1.p	Tify	TFF
SoffiXsponR570.07Ag094100.1.p	NAC	TFF
SoffiXsponR570.03Bg212300.1.p	MYB-related	TFF
SoffiXsponR570.01Eg361800.2.p	MYB-related	TFF
SoffiXsponR570.10Cg010500.1.p	C3H	TFF
SoffiXsponR570.01Bg036600.2.p	AP2-EREBP	TFF
SoffiXsponR570.7_10Ag270800.1.p	C2H2	TFF
SoffiXsponR570.04Bg190200.1.p	HB	TFF
SoffiXsponR570.01Ag070100.12.p	bHLH	TFF
SoffiXsponR570.09Eg033800.1.p	WRKY	TFF
SoffiXsponR570.05Ag219800.1.p	bHLH	TFF
SoffiXsponR570.01Fg150600.5.p	bHLH	TFF
SoffiXsponR570.01Bg158100.5.p	ABI3VP1	TFF
SoffiXsponR570.10Bg116700.2.p	ABI3VP1	TFF
SoffiXsponR570.02Ag044900.1.p	WRKY	TFF
SoffiXsponR570.01Fg045900.7.p	HSF	TFF
SoffiXsponR570.03Cg286800.1.p	CCAAT	TFF
SoffiXsponR570.04Dg086600.1.p	MYB	TFF
SoffiXsponR570.02Gg184500.4.p	TCP	TFF
SoffiXsponR570.05Bg314100.1.p	GRAS	TFF
SoffiXsponR570.01Dg157300.1.p	SOH1	OTR
SoffiXsponR570.08Cg019000.1.p	NAC	TFF
SoffiXsponR570.5_9Ag409000.3.p	CCAAT	TFF
SoffiXsponR570.02Dg269100.1.p	C2C2-GATA	TFF
SoffiXsponR570.06Gg139700.1.p	CCAAT	TFF
SoffiXsponR570.01Dg161900.4.p	bHLH	TFF
SoffiXsponR570.7_10Ag356100.3.p	C3H	TFF
SoffiXsponR570.03Dg053400.1.p	ARF	TFF
SoffiXsponR570.02Bg330700.1.p	MADS	TFF
SoffiXsponR570.07Bg249000.3.p	ARF	TFF
SoffiXsponR570.03Eg283000.2.p	C2C2-GATA	TFF
SoffiXsponR570.04Bg258700.1.p	bHLH	TFF
SoffiXsponR570.02Gg279000.2.p	bHLH	TFF
SoffiXsponR570.02Ag041400.1.p	PAS	TFF
SoffiXsponR570.03Eg031600.1.p	SWI/SNF-BAF60b	OTR
SoffiXsponR570.8_10Ag207400.3.p	TRAF	OTR
SoffiXsponR570.04Cg171200.1.p	Top	TFF
SoffiXsponR570.08Eg056000.1.p	AP2-EREBP	TFF
SoffiXsponR570.04Cg132500.4.p	PHD	OTR
SoffiXsponR570.05Cg174300.1.p	MYB	TFF
SoffiXsponR570.04Ag226700.2.p	ARF	TFF
SoffiXsponR570.03Cg148200.2.p	E2F-DP	TFF
SoffiXsponR570.01Eg139300.1.p	C2C2-GATA	TFF
SoffiXsponR570.07Ag232300.6.p	FAR1	TFF
SoffiXsponR570.10us89g048600.1.p	OFP	TFF
SoffiXsponR570.06Gg034700.3.p	TRAF	OTR
SoffiXsponR570.07Bg272500.4.p	TUB	TFF
SoffiXsponR570.05Eg314900.1.p	GRAS	TFF
SoffiXsponR570.06Cg126300.1.p	bZIP	TFF
SoffiXsponR570.05Bg197200.1.p	GNAT	OTR
SoffiXsponR570.9us90g059500.2.p	bHLH	TFF
SoffiXsponR570.02Eg246800.1.p	AP2-EREBP	TFF
SoffiXsponR570.01Bg054800.2.p	HSF	TFF
SoffiXsponR570.01Bg116300.2.p	SET	OTR
SoffiXsponR570.10Ag167600.1.p	WRKY	TFF
SoffiXsponR570.10Fg119200.1.p	GRAS	TFF
SoffiXsponR570.01Dg209700.1.p	bHLH	TFF
SoffiXsponR570.02Cg036400.1.p	TRAF	OTR
SoffiXsponR570.04Bg020600.2.p	TRAF	OTR
SoffiXsponR570.09Cg136700.2.p	TAZ	TFF
SoffiXsponR570.05Fg251000.1.p	C2H2	TFF
SoffiXsponR570.08Cg054400.1.p	zf-LSD1	TFF
SoffiXsponR570.01Ag335000.1.p	WRKY	TFF
SoffiXsponR570.04Cg113500.1.p	MYB	TFF
SoffiXsponR570.03Eg213800.2.p	MYB-related	TFF
SoffiXsponR570.5_9Ag428100.2.p	WRKY	TFF
SoffiXsponR570.08Eg029500.1.p	SET	OTR
SoffiXsponR570.08Dg153300.2.p	bHLH	TFF
SoffiXsponR570.02Ag220100.1.p	C3H	TFF
SoffiXsponR570.07Cg214600.4.p	zf-BED	TFF
SoffiXsponR570.04Dg071000.1.p	ARR-B	TFF
SoffiXsponR570.05Eg349700.2.p	ABI3VP1	TFF
SoffiXsponR570.07Eg056100.2.p	WRKY	TFF
SoffiXsponR570.05Fg269400.2.p	AP2-EREBP	TFF
SoffiXsponR570.7_10Ag176100.2.p	E2F-DP	TFF
SoffiXsponR570.03Fg067400.1.p	SBP	TFF
SoffiXsponR570.01Bg247000.2.p	TIG	TFF
SoffiXsponR570.04Dg099100.1.p	bHLH	TFF
SoffiXsponR570.8_10Ag200900.2.p	SET	OTR
SoffiXsponR570.08Bg150800.2.p	SET	OTR
SoffiXsponR570.01Eg177300.1.p	GRAS	TFF
SoffiXsponR570.07Ag265500.2.p	ARF	TFF
SoffiXsponR570.8_10Ag312300.1.p	TRAF	OTR
SoffiXsponR570.03Fg140700.1.p	WRKY	TFF
SoffiXsponR570.01Dg331900.1.p	MADS	TFF
SoffiXsponR570.05Fg264500.3.p	CCAAT	TFF
SoffiXsponR570.01Fg293400.1.p	OFP	TFF
SoffiXsponR570.08Dg148900.1.p	MYB	TFF
SoffiXsponR570.07Dg040900.1.p	ABI3VP1	TFF
SoffiXsponR570.5_9Ag241500.1.p	AP2-EREBP	TFF
SoffiXsponR570.03Eg201500.1.p	bHLH	TFF
SoffiXsponR570.10Fg026700.2.p	ARF	TFF
SoffiXsponR570.03Bg238100.1.p	C2C2-CO-like	TFF
SoffiXsponR570.01Ag077700.1.p	AP2-EREBP	TFF
SoffiXsponR570.7_10Ag052800.3.p	TUB	TFF
SoffiXsponR570.09Ag051000.2.p	TUB	TFF
SoffiXsponR570.04Ag120900.3.p	bZIP	TFF
SoffiXsponR570.5_9Ag164400.1.p	bHLH	TFF
SoffiXsponR570.05Cg252000.5.p	C2H2	TFF
SoffiXsponR570.03Cg238100.1.p	GRF	TFF
SoffiXsponR570.03Dg243600.3.p	MYB-related	TFF
SoffiXsponR570.5_9Ag373300.1.p	CPP	TFF
SoffiXsponR570.07Ag149800.1.p	AP2-EREBP	TFF
SoffiXsponR570.01Eg387600.3.p	MADS	TFF
SoffiXsponR570.03Dg171100.1.p	ARF	TFF
SoffiXsponR570.08Bg084800.1.p	TRAF	OTR
SoffiXsponR570.05Fg070500.1.p	bZIP	TFF
SoffiXsponR570.05Fg160900.2.p	bZIP	TFF
SoffiXsponR570.05Ag166300.1.p	Tify	TFF
SoffiXsponR570.08Bg175200.2.p	bHLH	TFF
SoffiXsponR570.10Cg099600.1.p	WRKY	TFF
SoffiXsponR570.10Dg039300.2.p	HB	TFF
SoffiXsponR570.01Fg252600.2.p	bHLH	TFF
SoffiXsponR570.08Ag134200.1.p	MYB	TFF
SoffiXsponR570.02Bg007800.1.p	AUX/IAA	OTR
SoffiXsponR570.08Bg112100.1.p	WRKY	TFF
SoffiXsponR570.06Cg013000.2.p	MYB	TFF
SoffiXsponR570.7_10Ag190700.1.p	ARF	TFF
SoffiXsponR570.02Gg212300.2.p	MYB	TFF
SoffiXsponR570.03Eg087700.1.p	MYB-related	TFF
SoffiXsponR570.03Eg035100.1.p	PHD	OTR
SoffiXsponR570.07Eg025600.8.p	TIG	TFF
SoffiXsponR570.06Dg099000.1.p	bZIP	TFF
SoffiXsponR570.01Bg116300.4.p	SET	OTR
SoffiXsponR570.01Eg143800.2.p	GRF	TFF
SoffiXsponR570.07Bg243000.1.p	AP2-EREBP	TFF
SoffiXsponR570.10Eg130000.2.p	GRAS	TFF
SoffiXsponR570.01Bg193000.7.p	C2C2-Dof	TFF
SoffiXsponR570.02Eg108200.1.p	AP2-EREBP	TFF
SoffiXsponR570.06Dg065800.5.p	SET	OTR
SoffiXsponR570.8_5Ag221200.3.p	TIG	TFF
SoffiXsponR570.07Eg197100.1.p	MED7	OTR
SoffiXsponR570.10Eg093700.1.p	FHA	TFF
SoffiXsponR570.02Eg080000.1.p	C3H	TFF
SoffiXsponR570.09Bg050800.2.p	bZIP	TFF
SoffiXsponR570.03Eg232100.2.p	AP2-EREBP	TFF
SoffiXsponR570.01Cg045400.1.p	AP2-EREBP	TFF
SoffiXsponR570.04Ag203200.1.p	Top	TFF
SoffiXsponR570.01Eg433900.3.p	HB	TFF
SoffiXsponR570.01Eg230800.1.p	MADS	TFF
SoffiXsponR570.08Bg082800.5.p	PHD	OTR
SoffiXsponR570.7_10Ag366800.4.p	Top	TFF
SoffiXsponR570.7_10Ag194100.1.p	Alfin-like	TFF
SoffiXsponR570.01Cg184100.2.p	MYB-related	TFF
SoffiXsponR570.01Ag175800.1.p	ABI3VP1	TFF
SoffiXsponR570.09Dg016200.2.p	C2H2	TFF
SoffiXsponR570.02Gg236500.1.p	HB	TFF
SoffiXsponR570.01Eg163200.2.p	CPP	TFF
SoffiXsponR570.7_10Ag205800.1.p	NAC	TFF
SoffiXsponR570.01Bg065400.5.p	bHLH	TFF
SoffiXsponR570.03Dg289700.1.p	mTERF	OTR
SoffiXsponR570.01Eg024600.2.p	C2C2-GATA	TFF
SoffiXsponR570.08Bg161500.1.p	C2H2	TFF
SoffiXsponR570.07Bg072500.3.p	E2F-DP	TFF
SoffiXsponR570.01Cg329000.2.p	MADS	TFF
SoffiXsponR570.01Fg150600.3.p	bHLH	TFF
SoffiXsponR570.02Dg070500.2.p	Top	TFF
SoffiXsponR570.05Fg234100.1.p	GRAS	TFF
SoffiXsponR570.01Fg061300.2.p	C3H	TFF
SoffiXsponR570.03Ag307000.1.p	CCAAT	TFF
SoffiXsponR570.8_10Ag141500.1.p	C2H2	TFF
SoffiXsponR570.01Ag484800.1.p	Tify	TFF
SoffiXsponR570.02Ag076100.1.p	bHLH	TFF
SoffiXsponR570.04Ag003100.1.p	NAC	TFF
SoffiXsponR570.01Eg100000.3.p	WRKY	TFF
SoffiXsponR570.03Cg161200.1.p	Alfin-like	TFF
SoffiXsponR570.01Fg091800.1.p	MED26	OTR
SoffiXsponR570.08Cg158300.1.p	HSF	TFF
SoffiXsponR570.01Ag297400.1.p	zf-LSD1	TFF
SoffiXsponR570.04Gg096800.1.p	C2C2-CO-like	TFF
SoffiXsponR570.07Dg031200.4.p	bHLH	TFF
SoffiXsponR570.08Cg188000.1.p	NAC	TFF
SoffiXsponR570.05Fg025900.1.p	AP2-EREBP	TFF
SoffiXsponR570.02Bg255500.1.p	zf-A20	TFF
SoffiXsponR570.02Fg178400.2.p	Top	TFF
SoffiXsponR570.01Dg052300.1.p	LIM	TFF
SoffiXsponR570.02Ag053300.1.p	C3H	TFF
SoffiXsponR570.04Gg019200.3.p	GRAS	TFF
SoffiXsponR570.02Dg350200.1.p	PHD	OTR
SoffiXsponR570.02Ag038500.5.p	C3H	TFF
SoffiXsponR570.5os1g005600.1.p	DDT	OTR
SoffiXsponR570.7_10Ag279200.2.p	RWP-RK	TFF
SoffiXsponR570.01Dg190300.2.p	GRAS	TFF
SoffiXsponR570.01Cg269700.4.p	SART-1	OTR
SoffiXsponR570.05Ag302900.1.p	MYB	TFF
SoffiXsponR570.03Fg133900.1.p	bHLH	TFF
SoffiXsponR570.05Fg287600.1.p	MED26	OTR
SoffiXsponR570.8_5Ag003800.3.p	TUB	TFF
SoffiXsponR570.03Ag320100.1.p	ARR-B	TFF
SoffiXsponR570.05Gg079200.1.p	bHLH	TFF
SoffiXsponR570.05Eg054900.1.p	PHD	OTR
SoffiXsponR570.01Cg274500.3.p	LIM	TFF
SoffiXsponR570.02Fg270000.1.p	SET	OTR
SoffiXsponR570.10os2g002300.1.p	AP2-EREBP	TFF
SoffiXsponR570.01Eg166800.2.p	LIM	TFF
SoffiXsponR570.03Dg243600.1.p	MYB-related	TFF
SoffiXsponR570.05Ag358900.2.p	bZIP	TFF
SoffiXsponR570.03Ag343400.1.p	C2H2	TFF
SoffiXsponR570.5_9Ag013000.1.p	bZIP	TFF
SoffiXsponR570.08Bg051400.1.p	ABI3VP1	TFF
SoffiXsponR570.08Cg120500.1.p	AP2-EREBP	TFF
SoffiXsponR570.05Bg328500.1.p	Alfin-like	TFF
SoffiXsponR570.02Bg294400.1.p	bHLH	TFF
SoffiXsponR570.06Cg003100.2.p	MYB-related	TFF
SoffiXsponR570.03Eg232300.1.p	TCP	TFF
SoffiXsponR570.01Eg368900.2.p	MYB-related	TFF
SoffiXsponR570.07Cg159700.1.p	WRKY	TFF
SoffiXsponR570.06Eg076700.2.p	MYB	TFF
SoffiXsponR570.01Bg481200.1.p	HB	TFF
SoffiXsponR570.10Eg129500.1.p	GRAS	TFF
SoffiXsponR570.04Dg099400.1.p	TCP	TFF
SoffiXsponR570.09Bg057700.2.p	TCP	TFF
SoffiXsponR570.07Cg072100.1.p	SWI/SNF-BAF60b	OTR
SoffiXsponR570.08Ag140500.1.p	SGT1	OTR
SoffiXsponR570.9os1g019800.10.p	SAP	TFF
SoffiXsponR570.02Ag101700.1.p	MYB	TFF
SoffiXsponR570.01Eg321900.1.p	PHD	OTR
SoffiXsponR570.02Cg328700.2.p	MYB	TFF
SoffiXsponR570.08Dg005000.3.p	zf-LSD1	TFF
SoffiXsponR570.05Bg146900.1.p	SET	OTR
SoffiXsponR570.05Cg001200.1.p	TRAF	OTR
SoffiXsponR570.10Cg182500.1.p	AP2-EREBP	TFF
SoffiXsponR570.5_9Ag126000.2.p	FAR1	TFF
SoffiXsponR570.05Cg148600.1.p	SET	OTR
SoffiXsponR570.01Fg197400.3.p	PHD	OTR
SoffiXsponR570.08Bg002900.2.p	TUB	TFF
SoffiXsponR570.02Bg011700.1.p	OFP	TFF
SoffiXsponR570.02Dg251300.1.p	WRKY	TFF
SoffiXsponR570.01Fg064400.1.p	AP2-EREBP	TFF
SoffiXsponR570.02Eg078300.1.p	Top	TFF
SoffiXsponR570.06Gg018000.1.p	AP2-EREBP	TFF
SoffiXsponR570.5_9Ag093100.3.p	NAC	TFF
SoffiXsponR570.08Ag172400.1.p	bHLH	TFF
SoffiXsponR570.02Ag376900.1.p	bHLH	TFF
SoffiXsponR570.04Bg202400.1.p	C3H	TFF
SoffiXsponR570.01Eg307000.1.p	MYB	TFF
SoffiXsponR570.02Fg354700.1.p	TCP	TFF
SoffiXsponR570.02Cg191100.5.p	Top	TFF
SoffiXsponR570.05Bg364300.1.p	DDT	OTR
SoffiXsponR570.03Ag205900.1.p	SET	OTR
SoffiXsponR570.04Fg128200.1.p	C2C2-GATA	TFF
SoffiXsponR570.07Ag171200.1.p	OFP	TFF
SoffiXsponR570.5_9Ag204200.1.p	bZIP	TFF
SoffiXsponR570.02Fg161300.1.p	HSF	TFF
SoffiXsponR570.01Bg439200.1.p	Tify	TFF
SoffiXsponR570.01Dg127500.8.p	GRAS	TFF
SoffiXsponR570.07Dg217500.1.p	AP2-EREBP	TFF
SoffiXsponR570.01Cg361400.1.p	MYB	TFF
SoffiXsponR570.03Bg276500.3.p	GRF	TFF
SoffiXsponR570.01Dg007200.2.p	AP2-EREBP	TFF
SoffiXsponR570.02Ag283400.2.p	ARF	TFF
SoffiXsponR570.06Ag056600.1.p	WRKY	TFF
SoffiXsponR570.8_5Ag139800.6.p	ARID	OTR
SoffiXsponR570.8_5Ag197800.1.p	C2H2	TFF
SoffiXsponR570.01Eg165800.2.p	WRKY	TFF
SoffiXsponR570.03Bg154500.2.p	C2H2	TFF
SoffiXsponR570.05Bg013200.1.p	GNAT	OTR
SoffiXsponR570.8_10Ag024200.1.p	PHD	OTR
SoffiXsponR570.03Bg073400.2.p	PHD	OTR
SoffiXsponR570.05Eg225600.1.p	AP2-EREBP	TFF
SoffiXsponR570.07Dg075800.1.p	TRAF	OTR
SoffiXsponR570.05Dg349900.4.p	SART-1	OTR
SoffiXsponR570.05Eg149700.1.p	Jumonji	OTR
SoffiXsponR570.02Dg292300.3.p	Top	TFF
SoffiXsponR570.02Eg033000.1.p	MYB-related	TFF
SoffiXsponR570.01Eg141300.1.p	HB	TFF
SoffiXsponR570.08Cg012800.1.p	PHD	OTR
SoffiXsponR570.10Bg068300.1.p	C3H	TFF
SoffiXsponR570.10Eg125300.1.p	C2H2	TFF
SoffiXsponR570.03Dg206400.1.p	AP2-EREBP	TFF
SoffiXsponR570.1Z130100.3.p	AP2-EREBP	TFF
SoffiXsponR570.08Dg147600.1.p	MYB	TFF
SoffiXsponR570.04Cg008200.1.p	ABI3VP1	TFF
SoffiXsponR570.02Ag006500.8.p	ABI3VP1	TFF
SoffiXsponR570.8_5Ag168600.1.p	AP2-EREBP	TFF
SoffiXsponR570.02Fg238700.2.p	ABI3VP1	TFF
SoffiXsponR570.02Eg147500.2.p	MYB-related	TFF
SoffiXsponR570.8_5Ag247800.1.p	DDT	OTR
SoffiXsponR570.03Cg155400.2.p	SET	OTR
SoffiXsponR570.09Eg051600.2.p	TCP	TFF
SoffiXsponR570.01Dg242900.2.p	C3H	TFF
SoffiXsponR570.08Ag103200.1.p	WRKY	TFF
SoffiXsponR570.03Fg023500.1.p	GeBP	TFF
SoffiXsponR570.01Eg051000.1.p	DDT	OTR
SoffiXsponR570.05Cg008700.1.p	WRKY	TFF
SoffiXsponR570.01Cg077500.1.p	MADS	TFF
SoffiXsponR570.08Cg111000.1.p	MYB	TFF
SoffiXsponR570.04Ag127100.1.p	FHA	TFF
SoffiXsponR570.05Bg378600.3.p	C2C2-Dof	TFF
SoffiXsponR570.8_10Ag141600.1.p	C2H2	TFF
SoffiXsponR570.09Ag138500.1.p	ABI3VP1	TFF
SoffiXsponR570.5_9Ag224600.2.p	bHLH	TFF
SoffiXsponR570.05Gg067600.2.p	FHA	TFF
SoffiXsponR570.06Ag069500.1.p	C2H2	TFF
SoffiXsponR570.03Dg252100.9.p	zf-C5HC2	TFF
SoffiXsponR570.08Cg144500.1.p	C2H2	TFF
SoffiXsponR570.10Dg101100.1.p	GRAS	TFF
SoffiXsponR570.09Bg053500.7.p	SAP	TFF
SoffiXsponR570.05Cg049600.2.p	PHD	OTR
SoffiXsponR570.5_9Ag215900.3.p	ARID	OTR
SoffiXsponR570.05Ag361100.1.p	BSD	TFF
SoffiXsponR570.10Cg006700.1.p	AP2-EREBP	TFF
SoffiXsponR570.02Eg006800.1.p	MYB	TFF
SoffiXsponR570.8_10Ag204400.1.p	WRKY	TFF
SoffiXsponR570.02Bg075500.1.p	AP2-EREBP	TFF
SoffiXsponR570.02Fg039600.3.p	PAS	TFF
SoffiXsponR570.09Cg099400.2.p	PHD	OTR
SoffiXsponR570.09Bg123400.1.p	TAZ	TFF
SoffiXsponR570.04Bg139400.2.p	CPP	TFF
SoffiXsponR570.01Bg439300.2.p	Tify	TFF
SoffiXsponR570.03Fg040400.1.p	TAZ	TFF
SoffiXsponR570.07Ag193100.3.p	PHD	OTR
SoffiXsponR570.05Bg131500.1.p	C2H2	TFF
SoffiXsponR570.07Bg090200.1.p	GRAS	TFF
SoffiXsponR570.01Cg279900.1.p	bHLH	TFF
SoffiXsponR570.09Ag026100.1.p	MYB	TFF
SoffiXsponR570.08Dg099200.1.p	PHD	OTR
SoffiXsponR570.05Dg064700.1.p	FHA	TFF
SoffiXsponR570.5_9Ag186300.1.p	zf-A20	TFF
SoffiXsponR570.08Dg153400.1.p	bHLH	TFF
SoffiXsponR570.03Bg262300.1.p	MYB	TFF
SoffiXsponR570.01Cg336900.5.p	CCAAT	TFF
SoffiXsponR570.03Cg313600.1.p	C2C2-GATA	TFF
SoffiXsponR570.05Dg231700.1.p	bHLH	TFF
SoffiXsponR570.02Fg309900.7.p	bZIP	TFF
SoffiXsponR570.01Cg040300.1.p	FAR1	TFF
SoffiXsponR570.06Dg071700.2.p	TRAF	OTR
SoffiXsponR570.05Eg024500.1.p	bZIP	TFF
SoffiXsponR570.02Cg274600.1.p	ARF	TFF
SoffiXsponR570.01Eg162100.1.p	zf-LSD1	TFF
SoffiXsponR570.01Dg333900.2.p	AP2-EREBP	TFF
SoffiXsponR570.07Cg203500.1.p	AP2-EREBP	TFF
SoffiXsponR570.09Bg112000.1.p	GRAS	TFF
SoffiXsponR570.03Cg042300.2.p	PHD	OTR
SoffiXsponR570.04Ag027100.4.p	SET	OTR
SoffiXsponR570.04Eg095200.1.p	MYB-related	TFF
SoffiXsponR570.05Ag181000.6.p	ARID	OTR
SoffiXsponR570.8_10Ag204800.2.p	PHD	OTR
SoffiXsponR570.01Bg183600.2.p	SWI/SNF-BAF60b	OTR
SoffiXsponR570.01Bg410200.2.p	HSF	TFF
SoffiXsponR570.01Bg154100.2.p	WRKY	TFF
SoffiXsponR570.1Z048100.3.p	HB	TFF
SoffiXsponR570.01Dg249400.1.p	MYB	TFF
SoffiXsponR570.01Fg240600.1.p	C2H2	TFF
SoffiXsponR570.02Ag198500.1.p	Top	TFF
SoffiXsponR570.02Dg177600.2.p	C3H	TFF
SoffiXsponR570.7_10Ag010100.1.p	TRAF	OTR
SoffiXsponR570.1Z195200.1.p	BES1	TFF
SoffiXsponR570.06Gg080900.3.p	bZIP	TFF
SoffiXsponR570.05Gg148300.1.p	C2H2	TFF
SoffiXsponR570.01Bg219100.1.p	AP2-EREBP	TFF
SoffiXsponR570.5_9Ag373300.2.p	CPP	TFF
SoffiXsponR570.05Eg199200.1.p	SBP	TFF
SoffiXsponR570.01Bg500300.3.p	Not1	TFF
SoffiXsponR570.05Bg001700.1.p	TRAF	OTR
SoffiXsponR570.02Cg377800.1.p	bHLH	TFF
SoffiXsponR570.8_10Ag082600.1.p	MADS	TFF
SoffiXsponR570.01Ag085500.1.p	WRKY	TFF
SoffiXsponR570.04Dg021600.3.p	SET	OTR
SoffiXsponR570.02Fg034200.2.p	C2H2	TFF
SoffiXsponR570.10us89g051600.7.p	HB	TFF
SoffiXsponR570.6_9Ag226600.2.p	GRAS	TFF
SoffiXsponR570.01Ag114800.1.p	CCAAT	TFF
SoffiXsponR570.02Ag296200.1.p	SET	OTR
SoffiXsponR570.09Bg035400.1.p	WRKY	TFF
SoffiXsponR570.05Ag333800.1.p	CCAAT	TFF
SoffiXsponR570.4us91g011600.1.p	bZIP	TFF
SoffiXsponR570.02Bg170000.1.p	C3H	TFF
SoffiXsponR570.04Fg015200.3.p	zf-C5HC2	TFF
SoffiXsponR570.03Bg072500.1.p	bZIP	TFF
SoffiXsponR570.8_5Ag085400.1.p	AP2-EREBP	TFF
SoffiXsponR570.04Ag027900.3.p	GRAS	TFF
SoffiXsponR570.03Cg293800.1.p	WRKY	TFF
SoffiXsponR570.05Gg193100.1.p	AP2-EREBP	TFF
SoffiXsponR570.06Ag059400.1.p	MYB-related	TFF
SoffiXsponR570.05Cg219800.1.p	AP2-EREBP	TFF
SoffiXsponR570.07Cg162800.1.p	MYB	TFF
SoffiXsponR570.02Ag242900.1.p	Top	TFF
SoffiXsponR570.07Cg089900.1.p	GRAS	TFF
SoffiXsponR570.8_5Ag169700.1.p	bHLH	TFF
SoffiXsponR570.02Cg239900.1.p	AP2-EREBP	TFF
SoffiXsponR570.01Eg422200.1.p	MYB-related	TFF
SoffiXsponR570.05Cg304000.3.p	C3H	TFF
SoffiXsponR570.03Dg168700.2.p	SET	OTR
SoffiXsponR570.03Eg270100.7.p	zf-C5HC2	TFF
SoffiXsponR570.03Eg188200.1.p	C2H2	TFF
SoffiXsponR570.02Bg273600.1.p	AP2-EREBP	TFF
SoffiXsponR570.02Dg266700.2.p	AUX/IAA	OTR
SoffiXsponR570.07Cg242400.1.p	AUX/IAA	OTR
SoffiXsponR570.01Dg056700.1.p	ABI3VP1	TFF
SoffiXsponR570.10Eg100800.2.p	MADS	TFF
SoffiXsponR570.05Fg235300.1.p	C3H	TFF
SoffiXsponR570.09Cg068400.2.p	MADS	TFF
SoffiXsponR570.05Dg262200.3.p	C2H2	TFF
SoffiXsponR570.06Eg062700.1.p	Alfin-like	TFF
SoffiXsponR570.06Ag163100.2.p	TCP	TFF
SoffiXsponR570.05Dg177700.1.p	zf-HD	TFF
SoffiXsponR570.05Dg133800.2.p	SET	OTR
SoffiXsponR570.8_10Ag148500.1.p	GRAS	TFF
SoffiXsponR570.10Dg002700.1.p	SAP	TFF
SoffiXsponR570.03Eg285000.2.p	zf-C5HC2	TFF
SoffiXsponR570.02Dg274700.2.p	ARF	TFF
SoffiXsponR570.08Eg093800.1.p	bHLH	TFF
SoffiXsponR570.01Fg029300.1.p	Top	TFF
SoffiXsponR570.01Cg045800.2.p	TRAF	OTR
SoffiXsponR570.01Eg405900.1.p	OFP	TFF
SoffiXsponR570.6us88g032800.1.p	MYB	TFF
SoffiXsponR570.07Eg211200.1.p	C2C2-Dof	TFF
SoffiXsponR570.06Eg128800.1.p	MYB	TFF
SoffiXsponR570.5_9Ag161400.1.p	AP2-EREBP	TFF
SoffiXsponR570.06Fg095300.1.p	bZIP	TFF
SoffiXsponR570.06Gg051600.1.p	zf-BED	TFF
SoffiXsponR570.03Dg066400.1.p	C2C2-CO-like	TFF
SoffiXsponR570.09Bg028800.1.p	GRAS	TFF
SoffiXsponR570.01Bg297800.1.p	OFP	TFF
SoffiXsponR570.05Eg258700.2.p	GRAS	TFF
SoffiXsponR570.01Dg153000.1.p	MED26	OTR
SoffiXsponR570.04Ag068000.3.p	BBR/BPC	TFF
SoffiXsponR570.07Ag008400.5.p	MYB-related	TFF
SoffiXsponR570.08Bg182000.3.p	AUX/IAA	OTR
SoffiXsponR570.01Ag175400.1.p	bHLH	TFF
SoffiXsponR570.05Cg067300.1.p	bHLH	TFF
SoffiXsponR570.02Bg070700.2.p	MADS	TFF
SoffiXsponR570.09Ag091900.2.p	MADS	TFF
SoffiXsponR570.03Dg073800.1.p	MYB	TFF
SoffiXsponR570.03Bg060600.1.p	SBP	TFF
SoffiXsponR570.08Ag041900.1.p	TRAF	OTR
SoffiXsponR570.05Fg235300.2.p	C3H	TFF
SoffiXsponR570.01Dg056300.2.p	ABI3VP1	TFF
SoffiXsponR570.07Ag252400.2.p	ABI3VP1	TFF
SoffiXsponR570.09Eg104300.4.p	MYB-related	TFF
SoffiXsponR570.06Cg072400.2.p	NAC	TFF
SoffiXsponR570.10Bg099200.1.p	MYB	TFF
SoffiXsponR570.4us91g017400.2.p	MYB	TFF
SoffiXsponR570.07Dg206200.2.p	FAR1	TFF
SoffiXsponR570.06Dg127200.1.p	Sigma70-like	TFF
SoffiXsponR570.03Eg117200.1.p	zf-A20	TFF
SoffiXsponR570.06Eg087100.2.p	AP2-EREBP	TFF
SoffiXsponR570.06Cg194800.1.p	MYB-related	TFF
SoffiXsponR570.01Bg128100.4.p	C2C2-GATA	TFF
SoffiXsponR570.05Cg070300.1.p	AP2-EREBP	TFF
SoffiXsponR570.07Cg080500.1.p	zf-HD	TFF
SoffiXsponR570.8_10Ag326300.2.p	EIL	TFF
SoffiXsponR570.02Ag215500.2.p	MYB-related	TFF
SoffiXsponR570.06Ag012100.2.p	MYB	TFF
SoffiXsponR570.01Dg220800.1.p	HSF	TFF
SoffiXsponR570.07Cg143900.1.p	ARF	TFF
SoffiXsponR570.02Ag422200.1.p	Top	TFF
SoffiXsponR570.10Cg095800.1.p	SAP	TFF
SoffiXsponR570.8_5Ag225200.1.p	MYB	TFF
SoffiXsponR570.01Dg356200.1.p	C2H2	TFF
SoffiXsponR570.08Dg101900.1.p	Tify	TFF
SoffiXsponR570.04Bg037300.1.p	AP2-EREBP	TFF
SoffiXsponR570.01Eg099000.2.p	AUX/IAA	OTR
SoffiXsponR570.07Dg201400.2.p	AP2-EREBP	TFF
SoffiXsponR570.02Eg147500.1.p	MYB-related	TFF
SoffiXsponR570.08Eg122400.1.p	TRAF	OTR
SoffiXsponR570.03Fg042700.3.p	ARF	TFF
SoffiXsponR570.9os1g002500.10.p	SET	OTR
SoffiXsponR570.04Dg176900.1.p	TAZ	TFF
SoffiXsponR570.02Dg109300.1.p	Top	TFF
SoffiXsponR570.04Ag246900.1.p	C2C2-GATA	TFF
SoffiXsponR570.08Bg152400.1.p	AP2-EREBP	TFF
SoffiXsponR570.04Ag121700.1.p	MYB-related	TFF
SoffiXsponR570.09Dg079300.1.p	GRAS	TFF
SoffiXsponR570.7_10Ag289000.1.p	TRAF	OTR
SoffiXsponR570.03Cg116400.1.p	Tudor-knot	OTR
SoffiXsponR570.03Dg077300.1.p	bZIP	TFF
SoffiXsponR570.01Eg426600.1.p	RWP-RK	TFF
SoffiXsponR570.05Ag138200.4.p	ABI3VP1	TFF
SoffiXsponR570.01Bg265200.1.p	bHLH	TFF
SoffiXsponR570.06Ag166200.1.p	VOZ	TFF
SoffiXsponR570.08Ag019000.1.p	NAC	TFF
SoffiXsponR570.03Fg091200.1.p	AP2-EREBP	TFF
SoffiXsponR570.02Dg343800.1.p	bZIP	TFF
SoffiXsponR570.09Ag159300.1.p	TFIID	TFF
SoffiXsponR570.06Bg046900.1.p	MADS	TFF
SoffiXsponR570.05Eg317200.1.p	C2H2	TFF
SoffiXsponR570.01Ag451200.1.p	bHLH	TFF
SoffiXsponR570.01Bg492100.2.p	Trihelix	TFF
SoffiXsponR570.10Fg002300.1.p	ABI3VP1	TFF
SoffiXsponR570.01Ag401300.1.p	PHD	OTR
SoffiXsponR570.6_9Ag042300.1.p	DDT	OTR
SoffiXsponR570.07Dg225400.2.p	Top	TFF
SoffiXsponR570.06Fg067100.2.p	bHLH	TFF
SoffiXsponR570.04Ag268000.1.p	bZIP	TFF
SoffiXsponR570.05Dg264200.1.p	C2H2	TFF
SoffiXsponR570.01Fg013000.1.p	Top	TFF
SoffiXsponR570.09Bg054800.3.p	C2C2-GATA	TFF
SoffiXsponR570.07Cg243100.6.p	FAR1	TFF
SoffiXsponR570.05Gg052500.3.p	PHD	OTR
SoffiXsponR570.03Ag100700.2.p	MYB-related	TFF
SoffiXsponR570.03Dg041000.2.p	PHD	OTR
SoffiXsponR570.07Eg111300.1.p	AP2-EREBP	TFF
SoffiXsponR570.03Cg275100.1.p	CCAAT	TFF
SoffiXsponR570.7os1g018800.1.p	TCP	TFF
SoffiXsponR570.04Dg188500.1.p	bZIP	TFF
SoffiXsponR570.02Ag288800.1.p	CPP	TFF
SoffiXsponR570.07Cg157300.2.p	Trihelix	TFF
SoffiXsponR570.6_9Ag037800.1.p	WRKY	TFF
SoffiXsponR570.09Cg155900.2.p	CCAAT	TFF
SoffiXsponR570.09Dg127300.3.p	HB	TFF
SoffiXsponR570.02Cg220100.2.p	bZIP	TFF
SoffiXsponR570.05Dg342500.1.p	CAMTA	TFF
SoffiXsponR570.10us89g023000.1.p	zf-HD	TFF
SoffiXsponR570.10us89g029800.1.p	C2H2	TFF
SoffiXsponR570.03Eg230400.1.p	mTERF	OTR
SoffiXsponR570.03Fg104900.1.p	AUX/IAA	OTR
SoffiXsponR570.9us90g047000.1.p	ABI3VP1	TFF
SoffiXsponR570.10Dg016900.1.p	WRKY	TFF
SoffiXsponR570.05Fg204500.1.p	SBP	TFF
SoffiXsponR570.05Eg167900.1.p	ARID	OTR
SoffiXsponR570.01Ag136800.2.p	C3H	TFF
SoffiXsponR570.02Fg021900.2.p	bZIP	TFF
SoffiXsponR570.06Gg121600.1.p	zf-BED	TFF
SoffiXsponR570.10Cg161700.2.p	MADS	TFF
SoffiXsponR570.03Bg174000.1.p	FAR1	TFF
SoffiXsponR570.05Cg176700.1.p	ARID	OTR
SoffiXsponR570.03Ag246700.1.p	C2H2	TFF
SoffiXsponR570.04Eg052300.3.p	HB	TFF
SoffiXsponR570.05Bg243700.2.p	HMG	OTR
SoffiXsponR570.02Bg363300.2.p	bHLH	TFF
SoffiXsponR570.01Fg217500.1.p	C2C2-Dof	TFF
SoffiXsponR570.07Eg199900.3.p	C3H	TFF
SoffiXsponR570.05Bg131600.2.p	SET	OTR
SoffiXsponR570.08Ag087700.1.p	TRAF	OTR
SoffiXsponR570.05Fg244800.1.p	C2H2	TFF
SoffiXsponR570.05Ag166100.1.p	MYB	TFF
SoffiXsponR570.05Dg304500.19.p	FAR1	TFF
SoffiXsponR570.01Fg124000.1.p	AP2-EREBP	TFF
SoffiXsponR570.8_10Ag047300.1.p	ARF	TFF
SoffiXsponR570.05Ag088600.1.p	MADS	TFF
SoffiXsponR570.08Ag056200.3.p	C3H	TFF
SoffiXsponR570.06Bg008600.1.p	Top	TFF
SoffiXsponR570.03Eg285000.5.p	zf-C5HC2	TFF
SoffiXsponR570.02Bg048500.1.p	zf-BED	TFF
SoffiXsponR570.05Cg073400.2.p	bZIP	TFF
SoffiXsponR570.01Ag263900.1.p	AP2-EREBP	TFF
SoffiXsponR570.10Dg105400.3.p	ARF	TFF
SoffiXsponR570.09Eg119000.1.p	C2H2	TFF
SoffiXsponR570.02Bg287300.1.p	WRKY	TFF
SoffiXsponR570.04Cg116300.1.p	bZIP	TFF
SoffiXsponR570.03Gg033400.1.p	C2H2	TFF
SoffiXsponR570.4us91g031000.1.p	bHLH	TFF
SoffiXsponR570.02Gg148700.1.p	MYB	TFF
SoffiXsponR570.07Dg173100.1.p	GRAS	TFF
SoffiXsponR570.05Cg089500.1.p	Top	TFF
SoffiXsponR570.01Dg255900.2.p	PHD	OTR
SoffiXsponR570.05Gg031400.2.p	FAR1	TFF
SoffiXsponR570.09Eg020600.5.p	FAR1	TFF
SoffiXsponR570.03Eg098800.3.p	ARID	OTR
SoffiXsponR570.02Ag170500.1.p	MYB	TFF
SoffiXsponR570.10Fg056200.1.p	bHLH	TFF
SoffiXsponR570.04Fg075800.1.p	MYB	TFF
SoffiXsponR570.05Dg206300.1.p	bHLH	TFF
SoffiXsponR570.01Eg152400.1.p	TFIID	TFF
SoffiXsponR570.01Eg366200.1.p	MADS	TFF
SoffiXsponR570.02Dg341100.1.p	NAC	TFF
SoffiXsponR570.02Ag001800.1.p	RWP-RK	TFF
SoffiXsponR570.05Eg089900.2.p	BBR/BPC	TFF
SoffiXsponR570.01Dg282100.1.p	LIM	TFF
SoffiXsponR570.06Ag164300.1.p	C2C2-Dof	TFF
SoffiXsponR570.02Fg312100.1.p	OFP	TFF
SoffiXsponR570.03Dg310700.4.p	NOT2_3_5	OTR
SoffiXsponR570.07Ag101600.1.p	WRKY	TFF
SoffiXsponR570.06Eg105800.1.p	SRS	TFF
SoffiXsponR570.7_10Ag023300.1.p	AP2-EREBP	TFF
SoffiXsponR570.01Dg238800.1.p	bZIP	TFF
SoffiXsponR570.06Bg028400.1.p	bHLH	TFF
SoffiXsponR570.03Cg064100.2.p	bZIP	TFF
SoffiXsponR570.02Fg338900.3.p	ABI3VP1	TFF
SoffiXsponR570.06Gg086400.1.p	AP2-EREBP	TFF
SoffiXsponR570.01Cg113000.1.p	GRAS	TFF
SoffiXsponR570.4us91g014900.3.p	GeBP	TFF
SoffiXsponR570.04Fg054500.1.p	HSF	TFF
SoffiXsponR570.03Bg244100.1.p	NAC	TFF
SoffiXsponR570.02Cg413900.3.p	FAR1	TFF
SoffiXsponR570.05Dg304500.18.p	FAR1	TFF
SoffiXsponR570.03Bg075700.1.p	bZIP	TFF
SoffiXsponR570.09Ag006100.2.p	MYB-related	TFF
SoffiXsponR570.01Eg423200.1.p	bHLH	TFF
SoffiXsponR570.01Eg346000.1.p	CCAAT	TFF
SoffiXsponR570.03Eg216300.4.p	GNAT	OTR
SoffiXsponR570.02Fg001200.4.p	RWP-RK	TFF
SoffiXsponR570.9us90g003400.2.p	MED26	OTR
SoffiXsponR570.01Eg231600.1.p	HB	TFF
SoffiXsponR570.01Eg209000.3.p	Top	TFF
SoffiXsponR570.09Cg087500.1.p	FAR1	TFF
SoffiXsponR570.08Cg176500.3.p	bHLH	TFF
SoffiXsponR570.07Ag242800.3.p	C3H	TFF
SoffiXsponR570.03Eg038000.1.p	TAZ	TFF
SoffiXsponR570.01Bg048200.3.p	DDT	OTR
SoffiXsponR570.09Eg077800.3.p	Jumonji	OTR
SoffiXsponR570.01Fg248700.1.p	HSF	TFF
SoffiXsponR570.06Eg016700.1.p	C2C2-Dof	TFF
SoffiXsponR570.06Bg021400.3.p	Top	TFF
SoffiXsponR570.05Eg264800.1.p	MYB	TFF
SoffiXsponR570.8_10Ag039100.1.p	SBP	TFF
SoffiXsponR570.10os1g038500.1.p	MYB-related	TFF
SoffiXsponR570.03Dg175500.2.p	bHLH	TFF
SoffiXsponR570.05Dg012200.1.p	MADS	TFF
SoffiXsponR570.05Fg090700.1.p	Tify	TFF
SoffiXsponR570.01Ag070100.11.p	bHLH	TFF
SoffiXsponR570.06Gg012400.1.p	AP2-EREBP	TFF
SoffiXsponR570.01Fg174200.2.p	Jumonji	OTR
SoffiXsponR570.01Fg160100.1.p	GeBP	TFF
SoffiXsponR570.05Bg375800.1.p	WRKY	TFF
SoffiXsponR570.01Ag107600.2.p	FHA	TFF
SoffiXsponR570.06Cg126000.1.p	MYB-related	TFF
SoffiXsponR570.03Eg127000.3.p	C2H2	TFF
SoffiXsponR570.01Fg278000.8.p	FAR1	TFF
SoffiXsponR570.05Ag209200.2.p	WRKY	TFF
SoffiXsponR570.09Cg099400.3.p	PHD	OTR
SoffiXsponR570.07Dg164700.3.p	C2H2	TFF
SoffiXsponR570.04Dg097000.1.p	MADS	TFF
SoffiXsponR570.09Ag052800.14.p	SAP	TFF
SoffiXsponR570.03Ag234400.1.p	ABI3VP1	TFF
SoffiXsponR570.07Bg149000.2.p	AP2-EREBP	TFF
SoffiXsponR570.10Dg090600.1.p	FHA	TFF
SoffiXsponR570.03Cg162200.3.p	bHLH	TFF
SoffiXsponR570.04Bg064000.1.p	MYB-related	TFF
SoffiXsponR570.08Ag041000.1.p	SWI/SNF-SWI3	OTR
SoffiXsponR570.5_9Ag118800.2.p	GRAS	TFF
SoffiXsponR570.03Cg168200.1.p	mTERF	OTR
SoffiXsponR570.02Dg272200.1.p	OFP	TFF
SoffiXsponR570.05Ag172400.2.p	bHLH	TFF
SoffiXsponR570.02Ag185900.1.p	CCAAT	TFF
SoffiXsponR570.09Dg046100.1.p	MYB	TFF
SoffiXsponR570.06Fg160200.1.p	NAC	TFF
SoffiXsponR570.07Cg128500.1.p	C2C2-CO-like	TFF
SoffiXsponR570.04Eg078000.2.p	AP2-EREBP	TFF
SoffiXsponR570.03Cg157900.4.p	ARF	TFF
SoffiXsponR570.09Cg078300.1.p	C3H	TFF
SoffiXsponR570.7os1g008800.1.p	SET	OTR
SoffiXsponR570.1Z003000.1.p	bZIP	TFF
SoffiXsponR570.01Dg199600.1.p	CCAAT	TFF
SoffiXsponR570.01Eg065600.1.p	C2C2-GATA	TFF
SoffiXsponR570.09Eg120200.1.p	NAC	TFF
SoffiXsponR570.8_5Ag043300.1.p	MYB-related	TFF
SoffiXsponR570.01Dg377800.1.p	HB	TFF
SoffiXsponR570.01Eg216800.2.p	C2C2-GATA	TFF
SoffiXsponR570.06Dg139200.3.p	C3H	TFF
SoffiXsponR570.05Fg152000.2.p	NAC	TFF
SoffiXsponR570.01Cg223700.2.p	Jumonji	OTR
SoffiXsponR570.02Cg175400.5.p	MYB-related	TFF
SoffiXsponR570.02Cg075100.3.p	MYB	TFF
SoffiXsponR570.07Dg158900.2.p	bHLH	TFF
SoffiXsponR570.08Eg110100.2.p	RB	OTR
SoffiXsponR570.6us88g052500.1.p	GRAS	TFF
SoffiXsponR570.03Bg182100.1.p	SET	OTR
SoffiXsponR570.05Bg298300.2.p	NAC	TFF
SoffiXsponR570.01Dg368300.1.p	NAC	TFF
SoffiXsponR570.02Gg003200.3.p	zf-BED	TFF
SoffiXsponR570.06Ag076800.1.p	zf-BED	TFF
SoffiXsponR570.8_10Ag039100.2.p	SBP	TFF
SoffiXsponR570.01Eg266200.1.p	zf-LSD1	TFF
SoffiXsponR570.01Bg423700.1.p	GNAT	OTR
SoffiXsponR570.02Fg047100.1.p	AUX/IAA	OTR
SoffiXsponR570.06Gg137300.1.p	bZIP	TFF
SoffiXsponR570.02Dg343600.2.p	TUB	TFF
SoffiXsponR570.03Bg246400.1.p	SET	OTR
SoffiXsponR570.03Bg075100.1.p	C3H	TFF
SoffiXsponR570.05Cg288800.1.p	bHLH	TFF
SoffiXsponR570.03Dg030300.2.p	BES1	TFF
SoffiXsponR570.03Ag301700.1.p	GeBP	TFF
SoffiXsponR570.01Bg275700.1.p	MED26	OTR
SoffiXsponR570.1Z208300.3.p	NAC	TFF
SoffiXsponR570.02Bg003800.1.p	RWP-RK	TFF
SoffiXsponR570.07Eg191400.2.p	AP2-EREBP	TFF
SoffiXsponR570.08Dg113800.2.p	SGT1	OTR
SoffiXsponR570.01Fg183600.1.p	C3H	TFF
SoffiXsponR570.08Cg177100.3.p	TRAF	OTR
SoffiXsponR570.02Bg265200.4.p	Top	TFF
SoffiXsponR570.01Fg045900.2.p	HSF	TFF
SoffiXsponR570.02Ag095000.1.p	zf-BED	TFF
SoffiXsponR570.2os1g000600.1.p	NAC	TFF
SoffiXsponR570.03Dg038900.4.p	ARF	TFF
SoffiXsponR570.08Dg036700.1.p	CCAAT	TFF
SoffiXsponR570.01Fg150600.4.p	bHLH	TFF
SoffiXsponR570.02Bg008800.2.p	MYB	TFF
SoffiXsponR570.02Gg323300.2.p	Top	TFF
SoffiXsponR570.01Ag243000.1.p	OFP	TFF
SoffiXsponR570.01Eg033500.1.p	mTERF	OTR
SoffiXsponR570.09Cg048000.3.p	TUB	TFF
SoffiXsponR570.07Ag074800.1.p	zf-HD	TFF
SoffiXsponR570.03Gg117500.1.p	ARID	OTR
SoffiXsponR570.01Ag353900.3.p	TIG	TFF
SoffiXsponR570.07Ag106600.2.p	MYB-related	TFF
SoffiXsponR570.02Dg171300.1.p	zf-BED	TFF
SoffiXsponR570.03Fg003400.1.p	MADS	TFF
SoffiXsponR570.1Z276100.2.p	TFIID	TFF
SoffiXsponR570.7_10Ag197900.1.p	FHA	TFF
SoffiXsponR570.06Ag101400.1.p	AP2-EREBP	TFF
SoffiXsponR570.06Dg117000.1.p	ARF	TFF
SoffiXsponR570.06Gg149700.1.p	bHLH	TFF
SoffiXsponR570.10Cg079400.2.p	Top	TFF
SoffiXsponR570.05Fg319200.1.p	FAR1	TFF
SoffiXsponR570.07Cg165200.1.p	C2H2	TFF
SoffiXsponR570.5_9Ag106100.2.p	bHLH	TFF
SoffiXsponR570.02Fg211200.1.p	WRKY	TFF
SoffiXsponR570.04Cg220400.4.p	ARF	TFF
SoffiXsponR570.02Gg013900.1.p	NAC	TFF
SoffiXsponR570.10Bg193000.1.p	AP2-EREBP	TFF
SoffiXsponR570.03Gg122000.3.p	SET	OTR
SoffiXsponR570.6_9Ag299900.1.p	AP2-EREBP	TFF
SoffiXsponR570.09Ag003900.5.p	Top	TFF
SoffiXsponR570.05Cg010600.2.p	MADS	TFF
SoffiXsponR570.05Eg155500.1.p	bHLH	TFF
SoffiXsponR570.07Bg171100.1.p	bHLH	TFF
SoffiXsponR570.4us91g063400.2.p	Top	TFF
SoffiXsponR570.01Eg106100.5.p	HB	TFF
SoffiXsponR570.03Bg211900.1.p	OFP	TFF
SoffiXsponR570.04Eg039500.1.p	MADS	TFF
SoffiXsponR570.05Cg078000.2.p	SET	OTR
SoffiXsponR570.05Fg119600.2.p	AP2-EREBP	TFF
SoffiXsponR570.01Fg278000.6.p	FAR1	TFF
SoffiXsponR570.05Ag169300.1.p	SET	OTR
SoffiXsponR570.04Fg119400.1.p	MED26	OTR
SoffiXsponR570.7_10Ag112500.1.p	MYB-related	TFF
SoffiXsponR570.6_9Ag276800.1.p	C2C2-Dof	TFF
SoffiXsponR570.6us88g037900.4.p	MYB-related	TFF
SoffiXsponR570.07Cg118800.1.p	FAR1	TFF
SoffiXsponR570.9os1g051100.3.p	Jumonji	OTR
SoffiXsponR570.02Cg006300.3.p	ABI3VP1	TFF
SoffiXsponR570.5_9Ag477600.3.p	MADS	TFF
SoffiXsponR570.09Ag003900.2.p	Top	TFF
SoffiXsponR570.02Dg248400.2.p	MYB-related	TFF
SoffiXsponR570.07Bg086000.6.p	ARF	TFF
SoffiXsponR570.06Ag128500.1.p	MYB	TFF
SoffiXsponR570.01Ag231600.1.p	SAP	TFF
SoffiXsponR570.03Fg006600.9.p	Jumonji	OTR
SoffiXsponR570.01Eg265200.5.p	bHLH	TFF
SoffiXsponR570.01Ag342600.1.p	MYB	TFF
SoffiXsponR570.01Fg140600.1.p	CCAAT	TFF
SoffiXsponR570.10Dg023500.2.p	MYB	TFF
SoffiXsponR570.03Eg120900.1.p	E2F-DP	TFF
SoffiXsponR570.03Dg307400.1.p	GRF	TFF
SoffiXsponR570.03Bg019400.1.p	bHLH	TFF
SoffiXsponR570.05Bg225800.1.p	zf-A20	TFF
SoffiXsponR570.08Eg032500.1.p	GNAT	OTR
SoffiXsponR570.8_10Ag146700.3.p	GRAS	TFF
SoffiXsponR570.01Ag099800.1.p	WRKY	TFF
SoffiXsponR570.01Bg358900.1.p	MYB	TFF
SoffiXsponR570.10Eg085600.1.p	bHLH	TFF
SoffiXsponR570.09Bg035000.6.p	SET	OTR
SoffiXsponR570.08Cg115200.1.p	MYB	TFF
SoffiXsponR570.5_9Ag062800.1.p	GRAS	TFF
SoffiXsponR570.01Bg058300.1.p	TRAF	OTR
SoffiXsponR570.07Cg120800.1.p	GNAT	OTR
SoffiXsponR570.01Ag302600.2.p	Not1	TFF
SoffiXsponR570.07Cg099200.1.p	EIL	TFF
SoffiXsponR570.08Ag187400.2.p	bHLH	TFF
SoffiXsponR570.01Eg162200.1.p	MYB	TFF
SoffiXsponR570.8_10Ag216900.1.p	GNAT	OTR
SoffiXsponR570.07Bg153900.1.p	MYB	TFF
SoffiXsponR570.05Dg304500.16.p	FAR1	TFF
SoffiXsponR570.01Eg402000.2.p	HB	TFF
SoffiXsponR570.7_10Ag144900.3.p	bHLH	TFF
SoffiXsponR570.04Fg047100.1.p	NAC	TFF
SoffiXsponR570.08Bg166800.1.p	SRS	TFF
SoffiXsponR570.03Fg045600.2.p	PHD	OTR
SoffiXsponR570.01Dg378100.1.p	HB	TFF
SoffiXsponR570.04Dg026600.3.p	BBR/BPC	TFF
SoffiXsponR570.01Cg381200.1.p	NAC	TFF
SoffiXsponR570.05Ag057000.1.p	zf-A20	TFF
SoffiXsponR570.01Fg194000.1.p	PAS	TFF
SoffiXsponR570.10Bg147500.2.p	AP2-EREBP	TFF
SoffiXsponR570.03Dg141800.1.p	HSF	TFF
SoffiXsponR570.07Dg093100.2.p	NAC	TFF
SoffiXsponR570.08Cg032200.3.p	zf-LSD1	TFF
SoffiXsponR570.03Ag304000.11.p	GNAT	OTR
SoffiXsponR570.01Cg262200.1.p	Pseudo_ARR-B	OTR
SoffiXsponR570.03Fg106900.1.p	bHLH	TFF
SoffiXsponR570.02Dg365500.1.p	bHLH	TFF
SoffiXsponR570.6us88g024100.1.p	Top	TFF
SoffiXsponR570.01Ag188400.1.p	GRAS	TFF
SoffiXsponR570.01Bg142700.6.p	NOT2_3_5	OTR
SoffiXsponR570.08Ag005000.2.p	PHD	OTR
SoffiXsponR570.02Fg178400.1.p	Top	TFF
SoffiXsponR570.02Eg279200.1.p	bZIP	TFF
SoffiXsponR570.03Fg143900.3.p	ARID	OTR
SoffiXsponR570.02Dg101300.1.p	MYB	TFF
SoffiXsponR570.02Bg265200.3.p	Top	TFF
SoffiXsponR570.03Ag257000.1.p	SET	OTR
SoffiXsponR570.04Fg068700.2.p	Top	TFF
SoffiXsponR570.04Ag107100.2.p	G2-like	TFF
SoffiXsponR570.02Dg382900.1.p	Tify	TFF
SoffiXsponR570.01Eg373300.1.p	TRAF	OTR
SoffiXsponR570.8_5Ag113100.2.p	PAS	TFF
SoffiXsponR570.05Ag256000.1.p	NAC	TFF
SoffiXsponR570.02Bg275600.1.p	SAP	TFF
SoffiXsponR570.01Ag386800.1.p	C3H	TFF
SoffiXsponR570.03Ag255300.2.p	bHLH	TFF
SoffiXsponR570.02Cg386000.1.p	TCP	TFF
SoffiXsponR570.05Gg160700.1.p	GNAT	OTR
SoffiXsponR570.05Eg159100.2.p	bHLH	TFF
SoffiXsponR570.02Fg336400.1.p	bHLH	TFF
SoffiXsponR570.1Z025500.1.p	Top	TFF
SoffiXsponR570.10us89g020200.1.p	C3H	TFF
SoffiXsponR570.02Fg078900.1.p	AP2-EREBP	TFF
SoffiXsponR570.05Dg287100.2.p	FHA	TFF
SoffiXsponR570.7os1g036500.4.p	PHD	OTR
SoffiXsponR570.02Gg096300.2.p	Top	TFF
SoffiXsponR570.01Ag357100.1.p	SAP	TFF
SoffiXsponR570.7os1g058300.2.p	GNAT	OTR
SoffiXsponR570.01Ag471300.1.p	C2H2	TFF
SoffiXsponR570.08Ag134500.1.p	zf-HD	TFF
SoffiXsponR570.05Cg355200.1.p	SWI/SNF-BAF60b	OTR
SoffiXsponR570.02Dg338900.1.p	bZIP	TFF
SoffiXsponR570.06Eg013100.4.p	GRAS	TFF
SoffiXsponR570.10us89g040300.2.p	PHD	OTR
SoffiXsponR570.02Gg276800.1.p	ABI3VP1	TFF
SoffiXsponR570.5_9Ag064300.1.p	CCAAT	TFF
SoffiXsponR570.05Gg155500.2.p	WRKY	TFF
SoffiXsponR570.02Eg231500.1.p	MADS	TFF
SoffiXsponR570.02Fg139500.1.p	Top	TFF
SoffiXsponR570.08Cg101500.3.p	SET	OTR
SoffiXsponR570.01Eg422200.4.p	MYB-related	TFF
SoffiXsponR570.07Ag152600.1.p	SBP	TFF
SoffiXsponR570.06Gg007200.1.p	OFP	TFF
SoffiXsponR570.02Dg069500.2.p	MED26	OTR
SoffiXsponR570.07Ag115600.1.p	C2C2-CO-like	TFF
SoffiXsponR570.09Dg047000.2.p	PHD	OTR
SoffiXsponR570.04Cg187400.4.p	PLATZ	TFF
SoffiXsponR570.8_5Ag098400.1.p	GNAT	OTR
SoffiXsponR570.03Dg240000.7.p	C2H2	TFF
SoffiXsponR570.08Bg075300.1.p	NAC	TFF
SoffiXsponR570.06Cg056800.1.p	AP2-EREBP	TFF
SoffiXsponR570.01Ag263500.2.p	TIG	TFF
SoffiXsponR570.08Ag133500.1.p	NAC	TFF
SoffiXsponR570.01Bg112700.1.p	C2C2-CO-like	TFF
SoffiXsponR570.02Dg341600.1.p	OFP	TFF
SoffiXsponR570.02Ag277700.3.p	SWI/SNF-BAF60b	OTR
SoffiXsponR570.05Fg021800.1.p	FAR1	TFF
SoffiXsponR570.05Ag301300.2.p	bHLH	TFF
SoffiXsponR570.01Bg059300.1.p	C2C2-GATA	TFF
SoffiXsponR570.6us88g128300.1.p	GRAS	TFF
SoffiXsponR570.09Cg153000.1.p	TCP	TFF
SoffiXsponR570.06Eg090900.1.p	FHA	TFF
SoffiXsponR570.05Fg264500.6.p	CCAAT	TFF
SoffiXsponR570.04Fg081500.2.p	bZIP	TFF
SoffiXsponR570.05Bg275700.1.p	MYB-related	TFF
SoffiXsponR570.05Fg118300.1.p	bHLH	TFF
SoffiXsponR570.02Eg134200.1.p	bZIP	TFF
SoffiXsponR570.01Eg389700.1.p	AP2-EREBP	TFF
SoffiXsponR570.08Dg170800.2.p	bHLH	TFF
SoffiXsponR570.04Eg113300.2.p	ARF	TFF
SoffiXsponR570.03Ag054500.3.p	bZIP	TFF
SoffiXsponR570.04Bg243200.2.p	SBP	TFF
SoffiXsponR570.05Fg189600.1.p	GRF	TFF
SoffiXsponR570.6us88g037900.1.p	MYB-related	TFF
SoffiXsponR570.06Eg031600.5.p	MYB-related	TFF
SoffiXsponR570.02Cg292800.3.p	Top	TFF
SoffiXsponR570.02Eg197000.1.p	MYB-related	TFF
SoffiXsponR570.01Fg045800.1.p	C2H2	TFF
SoffiXsponR570.03Bg051000.1.p	MADS	TFF
SoffiXsponR570.06Cg101500.1.p	MYB-related	TFF
SoffiXsponR570.01Bg107500.1.p	zf-HD	TFF
SoffiXsponR570.06Fg011300.1.p	GRAS	TFF
SoffiXsponR570.02Dg323300.1.p	CCAAT	TFF
SoffiXsponR570.08Dg013600.2.p	MYB-related	TFF
SoffiXsponR570.10Cg015400.1.p	C2C2-GATA	TFF
SoffiXsponR570.01Dg093500.2.p	FHA	TFF
SoffiXsponR570.08Bg034800.3.p	C3H	TFF
SoffiXsponR570.09Bg092100.3.p	MADS	TFF
SoffiXsponR570.02Bg171200.1.p	bHLH	TFF
SoffiXsponR570.03Eg056100.3.p	ARF	TFF
SoffiXsponR570.03Fg079600.1.p	AP2-EREBP	TFF
SoffiXsponR570.01Bg338600.1.p	OFP	TFF
SoffiXsponR570.04Bg213200.1.p	TRAF	OTR
SoffiXsponR570.02Ag185300.1.p	mTERF	OTR
SoffiXsponR570.02Fg166400.1.p	WRKY	TFF
SoffiXsponR570.01Cg111600.1.p	TIG	TFF
SoffiXsponR570.06Ag212700.1.p	zf-HD	TFF
SoffiXsponR570.01Cg135900.1.p	WRKY	TFF
SoffiXsponR570.3os5g000200.3.p	bZIP	TFF
SoffiXsponR570.6_9Ag287100.1.p	WRKY	TFF
SoffiXsponR570.03Bg213500.2.p	ABI3VP1	TFF
SoffiXsponR570.02Gg159900.1.p	ABI3VP1	TFF
SoffiXsponR570.02Eg032200.2.p	C2H2	TFF
SoffiXsponR570.03Gg061900.1.p	bHLH	TFF
SoffiXsponR570.05Cg024400.1.p	AP2-EREBP	TFF
SoffiXsponR570.04Bg020600.1.p	TRAF	OTR
SoffiXsponR570.04Ag187500.1.p	zf-A20	TFF
SoffiXsponR570.07Ag008400.3.p	MYB-related	TFF
SoffiXsponR570.06Fg116800.1.p	C3H	TFF
SoffiXsponR570.8_10Ag013900.1.p	PHD	OTR
SoffiXsponR570.09Ag002700.2.p	PAS	TFF
SoffiXsponR570.01Bg157200.3.p	ABI3VP1	TFF
SoffiXsponR570.05Dg083400.2.p	AP2-EREBP	TFF
SoffiXsponR570.03Dg287400.1.p	TCP	TFF
SoffiXsponR570.7_10Ag264200.1.p	MYB-related	TFF
SoffiXsponR570.02Fg357800.3.p	SET	OTR
SoffiXsponR570.07Cg176000.5.p	C2C2-Dof	TFF
SoffiXsponR570.04Dg151500.1.p	PLATZ	TFF
SoffiXsponR570.07Bg017500.1.p	C2H2	TFF
SoffiXsponR570.08Cg180100.1.p	TRAF	OTR
SoffiXsponR570.05Ag257600.2.p	C2H2	TFF
SoffiXsponR570.07Eg124800.2.p	C2H2	TFF
SoffiXsponR570.08Cg113300.1.p	MADS	TFF
SoffiXsponR570.05Cg335800.2.p	SAP	TFF
SoffiXsponR570.05Ag334700.3.p	CCAAT	TFF
SoffiXsponR570.02Ag281300.1.p	OFP	TFF
SoffiXsponR570.07Ag151100.1.p	MYB	TFF
SoffiXsponR570.08Eg068300.1.p	zf-A20	TFF
SoffiXsponR570.01Ag423600.5.p	GRAS	TFF
SoffiXsponR570.01Bg481600.1.p	Top	TFF
SoffiXsponR570.02Bg221200.1.p	MYB	TFF
SoffiXsponR570.1Z299400.1.p	AP2-EREBP	TFF
SoffiXsponR570.06Dg095800.1.p	ABI3VP1	TFF
SoffiXsponR570.10Bg181900.1.p	FHA	TFF
SoffiXsponR570.09Ag173000.1.p	ABI3VP1	TFF
SoffiXsponR570.01Bg500300.1.p	Not1	TFF
SoffiXsponR570.04Cg232600.1.p	MED26	OTR
SoffiXsponR570.02Cg175400.3.p	MYB-related	TFF
SoffiXsponR570.02Ag371400.2.p	TAZ	TFF
SoffiXsponR570.02Gg077300.1.p	bHLH	TFF
SoffiXsponR570.03Gg074600.1.p	MYB-related	TFF
SoffiXsponR570.04Eg014000.4.p	NAC	TFF
SoffiXsponR570.03Dg286700.1.p	NAC	TFF
SoffiXsponR570.09Cg141700.4.p	CPP	TFF
SoffiXsponR570.05Fg313100.2.p	C3H	TFF
SoffiXsponR570.01Bg269000.1.p	WRKY	TFF
SoffiXsponR570.10us89g088100.1.p	PHD	OTR
SoffiXsponR570.03Dg272400.1.p	bHLH	TFF
SoffiXsponR570.05Fg033800.1.p	Rcd1-like	OTR
SoffiXsponR570.02Eg343500.2.p	mTERF	OTR
SoffiXsponR570.7_10Ag049900.2.p	HB	TFF
SoffiXsponR570.10Dg180800.1.p	AP2-EREBP	TFF
SoffiXsponR570.01Cg306200.2.p	MADS	TFF
SoffiXsponR570.03Bg220300.7.p	zf-C5HC2	TFF
SoffiXsponR570.01Bg065400.3.p	bHLH	TFF
SoffiXsponR570.05Fg090400.1.p	MYB	TFF
SoffiXsponR570.10Dg055800.1.p	ABI3VP1	TFF
SoffiXsponR570.8_10Ag115700.1.p	C2C2-Dof	TFF
SoffiXsponR570.9us90g001500.3.p	ARF	TFF
SoffiXsponR570.01Dg273300.1.p	C2H2	TFF
SoffiXsponR570.02Ag395500.1.p	MYB	TFF
SoffiXsponR570.03Eg195500.5.p	C2H2	TFF
SoffiXsponR570.01Eg206400.1.p	GeBP	TFF
SoffiXsponR570.8_10Ag281500.1.p	SOH1	OTR
SoffiXsponR570.6_9Ag108700.2.p	MYB-related	TFF
SoffiXsponR570.06Fg074300.1.p	MYB	TFF
SoffiXsponR570.05Eg015900.1.p	PHD	OTR
SoffiXsponR570.07Cg116700.2.p	MYB-related	TFF
SoffiXsponR570.6_9Ag120200.3.p	MYB-related	TFF
SoffiXsponR570.7os1g039300.1.p	Rcd1-like	OTR
SoffiXsponR570.04Cg183600.2.p	ARR-B	TFF
SoffiXsponR570.02Cg276500.1.p	bZIP	TFF
SoffiXsponR570.06Eg013300.2.p	GRAS	TFF
SoffiXsponR570.03Ag107800.1.p	HMG	OTR
SoffiXsponR570.02Ag041400.2.p	PAS	TFF
SoffiXsponR570.09Cg063600.1.p	bHLH	TFF
SoffiXsponR570.06Dg048800.1.p	MYB	TFF
SoffiXsponR570.7_10Ag190400.2.p	bHLH	TFF
SoffiXsponR570.07Ag136600.3.p	AP2-EREBP	TFF
SoffiXsponR570.05Bg132600.1.p	AP2-EREBP	TFF
SoffiXsponR570.01Fg064100.3.p	TIG	TFF
SoffiXsponR570.06Fg092900.1.p	MYB-related	TFF
SoffiXsponR570.02Gg105400.1.p	MYB-related	TFF
SoffiXsponR570.05Dg287100.1.p	FHA	TFF
SoffiXsponR570.08Bg184100.2.p	mTERF	OTR
SoffiXsponR570.07Bg250200.2.p	C3H	TFF
SoffiXsponR570.01Fg055600.1.p	C2C2-Dof	TFF
SoffiXsponR570.01Cg113000.2.p	GRAS	TFF
SoffiXsponR570.05Fg134100.1.p	CCAAT	TFF
SoffiXsponR570.10Ag026300.1.p	AP2-EREBP	TFF
SoffiXsponR570.07Ag172700.1.p	GRAS	TFF
SoffiXsponR570.03Ag256300.2.p	C2C2-Dof	TFF
SoffiXsponR570.02Ag133200.1.p	bHLH	TFF
SoffiXsponR570.03Bg057800.1.p	MYB-related	TFF
SoffiXsponR570.07Ag233300.1.p	AP2-EREBP	TFF
SoffiXsponR570.03Eg305500.3.p	C3H	TFF
SoffiXsponR570.07Ag071300.1.p	bHLH	TFF
SoffiXsponR570.03Bg143900.1.p	ARF	TFF
SoffiXsponR570.02Ag050400.1.p	BES1	TFF
SoffiXsponR570.05Ag319100.1.p	C3H	TFF
SoffiXsponR570.08Cg210400.1.p	ABI3VP1	TFF
SoffiXsponR570.10Bg083200.3.p	ARF	TFF
SoffiXsponR570.04Dg116500.3.p	zf-C5HC2	TFF
SoffiXsponR570.03Ag035400.2.p	TAZ	TFF
SoffiXsponR570.05Ag369700.3.p	TUB	TFF
SoffiXsponR570.02Bg376400.3.p	TRAF	OTR
SoffiXsponR570.02Ag073400.2.p	MADS	TFF
SoffiXsponR570.5_9Ag398400.3.p	HB	TFF
SoffiXsponR570.01Cg046400.1.p	bHLH	TFF
SoffiXsponR570.06Fg144900.3.p	ARF	TFF
SoffiXsponR570.01Dg248300.1.p	bZIP	TFF
SoffiXsponR570.07Dg077200.2.p	bHLH	TFF
SoffiXsponR570.05Ag033500.2.p	HB	TFF
SoffiXsponR570.1Z218600.1.p	TUB	TFF
SoffiXsponR570.05Cg371700.1.p	AP2-EREBP	TFF
SoffiXsponR570.02Ag135900.1.p	HB	TFF
SoffiXsponR570.01Fg322300.4.p	HB	TFF
SoffiXsponR570.05Eg009800.1.p	WRKY	TFF
SoffiXsponR570.03Bg065100.1.p	HB	TFF
SoffiXsponR570.08Bg065100.2.p	SET	OTR
SoffiXsponR570.05Dg220300.1.p	MYB-related	TFF
SoffiXsponR570.6_9Ag226600.3.p	GRAS	TFF
SoffiXsponR570.04Cg037500.1.p	TRAF	OTR
SoffiXsponR570.01Bg151500.1.p	CPP	TFF
SoffiXsponR570.02Ag204900.1.p	bHLH	TFF
SoffiXsponR570.10Ag145100.1.p	MYB	TFF
SoffiXsponR570.8_10Ag120500.2.p	NAC	TFF
SoffiXsponR570.02Bg039800.1.p	WRKY	TFF
SoffiXsponR570.6_9Ag062900.1.p	MYB	TFF
SoffiXsponR570.02Dg129100.1.p	AUX/IAA	OTR
SoffiXsponR570.06Ag152400.1.p	bZIP	TFF
SoffiXsponR570.05Gg001200.1.p	C2H2	TFF
SoffiXsponR570.01Fg005400.1.p	C2C2-YABBY	TFF
SoffiXsponR570.7_10Ag381500.4.p	PHD	OTR
SoffiXsponR570.03Dg301400.1.p	AP2-EREBP	TFF
SoffiXsponR570.5_9Ag282300.1.p	WRKY	TFF
SoffiXsponR570.09Ag100200.1.p	PHD	OTR
SoffiXsponR570.5_9Ag016300.3.p	EIL	TFF
SoffiXsponR570.5_9Ag348100.1.p	bHLH	TFF
SoffiXsponR570.04Cg253900.1.p	SRS	TFF
SoffiXsponR570.03Dg150600.1.p	AP2-EREBP	TFF
SoffiXsponR570.06Dg094600.1.p	WRKY	TFF
SoffiXsponR570.09Bg106100.2.p	MYB-related	TFF
SoffiXsponR570.04Fg082900.1.p	C3H	TFF
SoffiXsponR570.10Ag018300.1.p	WRKY	TFF
SoffiXsponR570.04Ag178500.3.p	FAR1	TFF
SoffiXsponR570.04Ag065200.1.p	AUX/IAA	OTR
SoffiXsponR570.03Cg234400.1.p	PLATZ	TFF
SoffiXsponR570.04Cg177900.1.p	MYB	TFF
SoffiXsponR570.05Ag168800.1.p	bHLH	TFF
SoffiXsponR570.01Dg047800.1.p	MYB	TFF
SoffiXsponR570.5_9Ag449100.2.p	MYB-related	TFF
SoffiXsponR570.02Dg384600.3.p	ARF	TFF
SoffiXsponR570.01Ag220500.2.p	ARF	TFF
SoffiXsponR570.04Bg161300.1.p	bHLH	TFF
SoffiXsponR570.5_9Ag431800.2.p	TAZ	TFF
SoffiXsponR570.02Ag352100.1.p	OFP	TFF
SoffiXsponR570.02Bg282000.2.p	bZIP	TFF
SoffiXsponR570.5_9Ag224500.1.p	bHLH	TFF
SoffiXsponR570.04Ag149400.1.p	CPP	TFF
SoffiXsponR570.06Ag163100.5.p	TCP	TFF
SoffiXsponR570.6_9Ag236100.1.p	MYB-related	TFF
SoffiXsponR570.08Cg124600.1.p	AP2-EREBP	TFF
SoffiXsponR570.04Bg050700.1.p	AP2-EREBP	TFF
SoffiXsponR570.03Fg020100.1.p	CSD	TFF
SoffiXsponR570.03Dg157400.1.p	E2F-DP	TFF
SoffiXsponR570.1Z006800.1.p	TRAF	OTR
SoffiXsponR570.01Bg104400.1.p	GRAS	TFF
SoffiXsponR570.02Ag075700.4.p	MYB	TFF
SoffiXsponR570.01Eg207800.3.p	C2C2-Dof	TFF
SoffiXsponR570.06Gg152700.1.p	MYB-related	TFF
SoffiXsponR570.05Bg204800.1.p	NAC	TFF
SoffiXsponR570.02Dg326000.1.p	C2H2	TFF
SoffiXsponR570.05Ag137800.1.p	MYB	TFF
SoffiXsponR570.05Dg049200.2.p	zf-A20	TFF
SoffiXsponR570.04Eg133500.4.p	SBP	TFF
SoffiXsponR570.01Bg053800.1.p	bZIP	TFF
SoffiXsponR570.02Bg220400.1.p	MYB-related	TFF
SoffiXsponR570.8_5Ag141500.1.p	AP2-EREBP	TFF
SoffiXsponR570.01Eg020200.2.p	mTERF	OTR
SoffiXsponR570.08Bg038500.2.p	bHLH	TFF
SoffiXsponR570.1Z109500.2.p	MYB-related	TFF
SoffiXsponR570.4us91g037600.1.p	BSD	TFF
SoffiXsponR570.05Fg150200.1.p	SBP	TFF
SoffiXsponR570.09Ag052800.10.p	SAP	TFF
SoffiXsponR570.06Cg013000.3.p	MYB	TFF
SoffiXsponR570.10us89g020700.1.p	NAC	TFF
SoffiXsponR570.03Cg051000.1.p	PBF-2-like	TFF
SoffiXsponR570.04Ag031900.5.p	BBR/BPC	TFF
SoffiXsponR570.1Z073100.2.p	MYB-related	TFF
SoffiXsponR570.04Gg061000.3.p	BBR/BPC	TFF
SoffiXsponR570.01Dg093500.1.p	FHA	TFF
SoffiXsponR570.08Eg142100.5.p	WRKY	TFF
SoffiXsponR570.01Fg225800.1.p	GRAS	TFF
SoffiXsponR570.01Bg437700.2.p	AP2-EREBP	TFF
SoffiXsponR570.8_5Ag061600.1.p	Sigma70-like	TFF
SoffiXsponR570.05Fg251500.3.p	GRAS	TFF
SoffiXsponR570.1Z105100.1.p	SAP	TFF
SoffiXsponR570.05Eg296700.1.p	ABI3VP1	TFF
SoffiXsponR570.6_9Ag102900.1.p	GRAS	TFF
SoffiXsponR570.08Cg177100.1.p	TRAF	OTR
SoffiXsponR570.02Ag133000.8.p	SBP	TFF
SoffiXsponR570.7_10Ag049900.6.p	HB	TFF
SoffiXsponR570.04Eg142200.1.p	MADS	TFF
SoffiXsponR570.08Bg043800.1.p	MYB	TFF
SoffiXsponR570.08Ag095200.1.p	SET	OTR
SoffiXsponR570.5_9Ag184700.1.p	EIL	TFF
SoffiXsponR570.05Fg092300.1.p	C2H2	TFF
SoffiXsponR570.01Eg104400.1.p	C2C2-GATA	TFF
SoffiXsponR570.01Bg007000.1.p	HSF	TFF
SoffiXsponR570.04Eg014000.1.p	NAC	TFF
SoffiXsponR570.01Dg019100.1.p	PHD	OTR
SoffiXsponR570.01Dg380300.1.p	ABI3VP1	TFF
SoffiXsponR570.03Cg067000.1.p	HB	TFF
SoffiXsponR570.02Bg313800.6.p	bZIP	TFF
SoffiXsponR570.6_9Ag051900.1.p	E2F-DP	TFF
SoffiXsponR570.6_9Ag235100.1.p	C2C2-Dof	TFF
SoffiXsponR570.04Dg041600.3.p	Top	TFF
SoffiXsponR570.6_9Ag318400.2.p	CCAAT	TFF
SoffiXsponR570.04Bg242100.4.p	ARF	TFF
SoffiXsponR570.06Fg114600.3.p	AUX/IAA	OTR
SoffiXsponR570.1os1g002800.1.p	HSF	TFF
SoffiXsponR570.06Ag125000.1.p	OFP	TFF
SoffiXsponR570.9os1g019000.1.p	MED26	OTR
SoffiXsponR570.02Cg039300.3.p	NAC	TFF
SoffiXsponR570.02Dg202300.1.p	MYB-related	TFF
SoffiXsponR570.03Bg151900.4.p	C2H2	TFF
SoffiXsponR570.06Fg144900.2.p	ABI3VP1	TFF
SoffiXsponR570.03Dg070300.2.p	HB	TFF
SoffiXsponR570.02Gg145500.1.p	MYB	TFF
SoffiXsponR570.05Gg041400.1.p	C2C2-YABBY	TFF
SoffiXsponR570.7os1g054500.1.p	CSD	TFF
SoffiXsponR570.05Ag237400.1.p	HSF	TFF
SoffiXsponR570.02Ag409300.1.p	zf-BED	TFF
SoffiXsponR570.01Ag058100.1.p	bZIP	TFF
SoffiXsponR570.07Bg161100.3.p	C2C2-GATA	TFF
SoffiXsponR570.02Cg072000.1.p	MADS	TFF
SoffiXsponR570.07Bg158900.2.p	Trihelix	TFF
SoffiXsponR570.10Cg086300.1.p	MYB	TFF
SoffiXsponR570.06Fg099100.1.p	GRAS	TFF
SoffiXsponR570.10Dg196700.1.p	GRAS	TFF
SoffiXsponR570.7_10Ag265500.1.p	WRKY	TFF
SoffiXsponR570.05Cg335800.3.p	SAP	TFF
SoffiXsponR570.03Ag011500.2.p	bHLH	TFF
SoffiXsponR570.04Bg269800.1.p	zf-C5HC2	TFF
SoffiXsponR570.02Ag188800.1.p	ABI3VP1	TFF
SoffiXsponR570.08Bg043900.1.p	MYB-related	TFF
SoffiXsponR570.03Bg170800.2.p	mTERF	OTR
SoffiXsponR570.07Cg127300.1.p	bZIP	TFF
SoffiXsponR570.05Eg206200.3.p	C3H	TFF
SoffiXsponR570.1os1g010600.1.p	C2C2-Dof	TFF
SoffiXsponR570.01Eg107500.1.p	FHA	TFF
SoffiXsponR570.08Ag167500.1.p	NAC	TFF
SoffiXsponR570.01Ag106100.2.p	HB	TFF
SoffiXsponR570.06Cg002000.5.p	SAP	TFF
SoffiXsponR570.02Gg256400.1.p	SET	OTR
SoffiXsponR570.5_9Ag197700.1.p	bHLH	TFF
SoffiXsponR570.6us88g049700.1.p	C2C2-Dof	TFF
SoffiXsponR570.04Eg061300.1.p	MBF1	OTR
SoffiXsponR570.02Bg302200.3.p	MYB	TFF
SoffiXsponR570.03Eg185900.5.p	PHD	OTR
SoffiXsponR570.04Cg275800.1.p	PHD	OTR
SoffiXsponR570.05Ag141000.1.p	SET	OTR
SoffiXsponR570.01Ag034300.1.p	mTERF	OTR
SoffiXsponR570.07Ag052300.1.p	Tify	TFF
SoffiXsponR570.06Eg076700.1.p	MYB	TFF
SoffiXsponR570.02Ag317200.1.p	SET	OTR
SoffiXsponR570.05Fg189600.2.p	GRF	TFF
SoffiXsponR570.04Bg242100.1.p	ARF	TFF
SoffiXsponR570.05Fg009700.1.p	WRKY	TFF
SoffiXsponR570.01Ag172000.2.p	LIM	TFF
SoffiXsponR570.02Eg151300.2.p	mTERF	OTR
SoffiXsponR570.7_10Ag002200.1.p	SAP	TFF
SoffiXsponR570.02Gg124200.1.p	C2C2-GATA	TFF
SoffiXsponR570.05Bg177300.1.p	bZIP	TFF
SoffiXsponR570.10Ag164200.1.p	bHLH	TFF
SoffiXsponR570.04Ag279800.2.p	PHD	OTR
SoffiXsponR570.10Dg161000.1.p	MADS	TFF
SoffiXsponR570.10Dg022800.1.p	zf-HD	TFF
SoffiXsponR570.04Cg268700.1.p	NAC	TFF
SoffiXsponR570.02Cg037900.1.p	C2C2-Dof	TFF
SoffiXsponR570.03Gg104000.1.p	MYB	TFF
SoffiXsponR570.08Dg005000.1.p	zf-LSD1	TFF
SoffiXsponR570.10Fg027300.1.p	GNAT	OTR
SoffiXsponR570.5_9Ag071100.3.p	C2H2	TFF
SoffiXsponR570.08Ag163100.1.p	C2H2	TFF
SoffiXsponR570.01Fg001200.2.p	Trihelix	TFF
SoffiXsponR570.02Bg221200.2.p	MYB	TFF
SoffiXsponR570.7os1g067400.3.p	AP2-EREBP	TFF
SoffiXsponR570.03Bg040100.1.p	SBP	TFF
SoffiXsponR570.03Dg137100.3.p	ARID	OTR
SoffiXsponR570.01Ag445900.1.p	C2H2	TFF
SoffiXsponR570.09Cg002300.1.p	C2C2-Dof	TFF
SoffiXsponR570.10Ag222500.1.p	MYB	TFF
SoffiXsponR570.05Eg296900.2.p	FAR1	TFF
SoffiXsponR570.02Bg233200.1.p	OFP	TFF
SoffiXsponR570.5_9Ag315100.1.p	BBR/BPC	TFF
SoffiXsponR570.05Eg307500.1.p	AP2-EREBP	TFF
SoffiXsponR570.05Dg381500.1.p	MYB	TFF
SoffiXsponR570.01Ag099900.2.p	bHLH	TFF
SoffiXsponR570.02Gg260600.1.p	MADS	TFF
SoffiXsponR570.1Z003200.2.p	bHLH	TFF
SoffiXsponR570.01Bg410500.3.p	MYB-related	TFF
SoffiXsponR570.07Ag165100.2.p	C2C2-Dof	TFF
SoffiXsponR570.3os1g012200.2.p	GeBP	TFF
SoffiXsponR570.10Dg050600.1.p	zf-BED	TFF
SoffiXsponR570.08Eg122300.2.p	TRAF	OTR
SoffiXsponR570.09Cg127600.1.p	NAC	TFF
SoffiXsponR570.01Eg393200.5.p	GNAT	OTR
SoffiXsponR570.03Bg134600.1.p	MADS	TFF
SoffiXsponR570.02Ag050300.1.p	Top	TFF
SoffiXsponR570.01Bg006300.1.p	WRKY	TFF
SoffiXsponR570.05Bg124200.1.p	ABI3VP1	TFF
SoffiXsponR570.06Ag046200.1.p	ABI3VP1	TFF
SoffiXsponR570.03Bg070800.1.p	AP2-EREBP	TFF
SoffiXsponR570.01Ag170100.1.p	AUX/IAA	OTR
SoffiXsponR570.01Ag154300.1.p	TFIID	TFF
SoffiXsponR570.03Cg268600.1.p	SET	OTR
SoffiXsponR570.02Fg251300.1.p	SWI/SNF-BAF60b	OTR
SoffiXsponR570.06Cg002000.2.p	SAP	TFF
SoffiXsponR570.02Bg074500.1.p	bHLH	TFF
SoffiXsponR570.07Dg147900.2.p	SET	OTR
SoffiXsponR570.02Bg027500.1.p	BES1	TFF
SoffiXsponR570.04Fg075800.2.p	MYB	TFF
SoffiXsponR570.01Dg257500.1.p	C3H	TFF
SoffiXsponR570.9os1g072700.1.p	ABI3VP1	TFF
SoffiXsponR570.08Ag021900.2.p	MYB-related	TFF
SoffiXsponR570.01Eg020900.1.p	C2H2	TFF
SoffiXsponR570.04Bg081000.2.p	GeBP	TFF
SoffiXsponR570.08Dg162100.1.p	SBP	TFF
SoffiXsponR570.01Dg041900.2.p	NOT2_3_5	OTR
SoffiXsponR570.1Z178400.1.p	bZIP	TFF
SoffiXsponR570.06Dg146200.1.p	AP2-EREBP	TFF
SoffiXsponR570.08Ag163100.5.p	C2H2	TFF
SoffiXsponR570.04Dg027900.1.p	NAC	TFF
SoffiXsponR570.07Ag157600.2.p	bHLH	TFF
SoffiXsponR570.05Eg286100.1.p	CCAAT	TFF
SoffiXsponR570.07Ag219000.3.p	bZIP	TFF
SoffiXsponR570.05Eg166000.1.p	MYB	TFF
SoffiXsponR570.03Ag279900.1.p	E2F-DP	TFF
SoffiXsponR570.05Dg146300.1.p	bZIP	TFF
SoffiXsponR570.05Bg243700.4.p	HMG	OTR
SoffiXsponR570.01Eg357900.1.p	bHLH	TFF
SoffiXsponR570.03Bg147800.5.p	bHLH	TFF
SoffiXsponR570.03Bg281100.1.p	mTERF	OTR
SoffiXsponR570.03Cg196400.1.p	MYB	TFF
SoffiXsponR570.04Eg039500.2.p	MADS	TFF
SoffiXsponR570.04Fg054000.1.p	BES1	TFF
SoffiXsponR570.05Bg124200.3.p	ABI3VP1	TFF
SoffiXsponR570.08Bg153600.1.p	NAC	TFF
SoffiXsponR570.05Cg304900.1.p	TRAF	OTR
SoffiXsponR570.01Dg069900.1.p	GRAS	TFF
SoffiXsponR570.01Dg111900.1.p	TRAF	OTR
SoffiXsponR570.08Bg034800.1.p	C3H	TFF
SoffiXsponR570.02Cg262100.1.p	WRKY	TFF
SoffiXsponR570.02Ag094900.1.p	bHLH	TFF
SoffiXsponR570.03Cg038800.2.p	SBP	TFF
SoffiXsponR570.08Eg122400.2.p	TRAF	OTR
SoffiXsponR570.8_10Ag184000.1.p	AP2-EREBP	TFF
SoffiXsponR570.01Bg270800.1.p	zf-C5HC2	TFF
SoffiXsponR570.05Cg010600.1.p	MADS	TFF
SoffiXsponR570.6_9Ag216500.2.p	mTERF	OTR
SoffiXsponR570.03Dg289800.1.p	mTERF	OTR
SoffiXsponR570.8_10Ag120500.1.p	NAC	TFF
SoffiXsponR570.06Ag027200.3.p	HB	TFF
SoffiXsponR570.7_10Ag194600.2.p	GRAS	TFF
SoffiXsponR570.05Cg197400.1.p	bHLH	TFF
SoffiXsponR570.01Dg326000.1.p	GNAT	OTR
SoffiXsponR570.02Gg178100.1.p	VOZ	TFF
SoffiXsponR570.7_10Ag175300.2.p	OFP	TFF
SoffiXsponR570.08Ag201900.1.p	EIL	TFF
SoffiXsponR570.02Bg039800.2.p	WRKY	TFF
SoffiXsponR570.07Bg106500.1.p	PHD	OTR
SoffiXsponR570.10us89g085200.1.p	zf-HD	TFF
SoffiXsponR570.05Cg176700.2.p	ARID	OTR
SoffiXsponR570.5_9Ag014600.1.p	bZIP	TFF
SoffiXsponR570.05Eg236900.2.p	bZIP	TFF
SoffiXsponR570.02Cg220100.1.p	bZIP	TFF
SoffiXsponR570.05Fg032100.2.p	PHD	OTR
SoffiXsponR570.01Bg067400.2.p	FAR1	TFF
SoffiXsponR570.05Bg343300.1.p	bHLH	TFF
SoffiXsponR570.05Ag179800.1.p	CCAAT	TFF
SoffiXsponR570.02Dg367400.2.p	MYB-related	TFF
SoffiXsponR570.02Gg253000.1.p	MYB	TFF
SoffiXsponR570.09Ag138400.2.p	ABI3VP1	TFF
SoffiXsponR570.04Cg024400.2.p	BBR/BPC	TFF
SoffiXsponR570.07Cg252700.2.p	C3H	TFF
SoffiXsponR570.04Ag027900.2.p	GRAS	TFF
SoffiXsponR570.01Fg081600.1.p	bHLH	TFF
SoffiXsponR570.01Cg336900.3.p	CCAAT	TFF
SoffiXsponR570.02Ag124700.1.p	C2C2-Dof	TFF
SoffiXsponR570.6_9Ag225400.1.p	NAC	TFF
SoffiXsponR570.03Eg020300.5.p	bHLH	TFF
SoffiXsponR570.04Ag103300.2.p	TCP	TFF
SoffiXsponR570.01Eg163200.4.p	CPP	TFF
SoffiXsponR570.01Fg118300.2.p	SWI/SNF-SWI3	OTR
SoffiXsponR570.05Cg034000.1.p	Rcd1-like	OTR
SoffiXsponR570.05Gg185000.1.p	bHLH	TFF
SoffiXsponR570.03Cg295200.4.p	zf-C5HC2	TFF
SoffiXsponR570.02Gg176300.1.p	WRKY	TFF
SoffiXsponR570.01Ag518500.3.p	MYB-related	TFF
SoffiXsponR570.9os1g065800.1.p	C2H2	TFF
SoffiXsponR570.10Cg010000.1.p	GRAS	TFF
SoffiXsponR570.01Fg106300.3.p	GRAS	TFF
SoffiXsponR570.04Eg134200.2.p	C3H	TFF
SoffiXsponR570.8_10Ag321400.2.p	mTERF	OTR
SoffiXsponR570.05Eg265800.2.p	FAR1	TFF
SoffiXsponR570.01Ag106100.5.p	HB	TFF
SoffiXsponR570.7_10Ag374100.1.p	OFP	TFF
SoffiXsponR570.03Fg143900.4.p	HMG	OTR
SoffiXsponR570.08Bg016800.1.p	NAC	TFF
SoffiXsponR570.05Eg261800.2.p	mTERF	OTR
SoffiXsponR570.1os1g006400.1.p	GNAT	OTR
SoffiXsponR570.09Cg098600.1.p	MYB	TFF
SoffiXsponR570.02Gg196100.3.p	Top	TFF
SoffiXsponR570.08Ag197000.1.p	TRAF	OTR
SoffiXsponR570.09Eg017700.1.p	TRAF	OTR
SoffiXsponR570.08Ag005000.8.p	PHD	OTR
SoffiXsponR570.08Dg023500.3.p	TRAF	OTR
SoffiXsponR570.03Cg258300.2.p	AP2-EREBP	TFF
SoffiXsponR570.06Ag203500.2.p	WRKY	TFF
SoffiXsponR570.06Fg169200.2.p	SET	OTR
SoffiXsponR570.09Ag002700.6.p	PAS	TFF
SoffiXsponR570.01Eg172800.1.p	AP2-EREBP	TFF
SoffiXsponR570.7os1g080800.1.p	SWI/SNF-BAF60b	OTR
SoffiXsponR570.01Cg329000.5.p	MADS	TFF
SoffiXsponR570.02Dg141400.1.p	Top	TFF
SoffiXsponR570.08Dg136700.2.p	SOH1	OTR
SoffiXsponR570.06Cg089900.1.p	AP2-EREBP	TFF
SoffiXsponR570.03Ag044500.1.p	AP2-EREBP	TFF
SoffiXsponR570.5_9Ag269400.3.p	ARF	TFF
SoffiXsponR570.5_9Ag230500.2.p	Tify	TFF
SoffiXsponR570.04Eg096400.1.p	CCAAT	TFF
SoffiXsponR570.10us89g067300.2.p	MYB-related	TFF
SoffiXsponR570.07Ag196100.1.p	Rcd1-like	OTR
SoffiXsponR570.02Ag258700.1.p	MYB	TFF
SoffiXsponR570.09Ag022700.2.p	SET	OTR
SoffiXsponR570.03Eg302900.1.p	Jumonji	OTR
SoffiXsponR570.09Ag145800.1.p	zf-LSD1	TFF
SoffiXsponR570.06Gg042400.2.p	MED26	OTR
SoffiXsponR570.05Cg223800.1.p	bZIP	TFF
SoffiXsponR570.09Dg044200.1.p	LIM	TFF
SoffiXsponR570.01Ag033200.1.p	mTERF	OTR
SoffiXsponR570.08Eg112500.1.p	bHLH	TFF
SoffiXsponR570.01Bg478400.1.p	NAC	TFF
SoffiXsponR570.01Cg387300.1.p	Trihelix	TFF
SoffiXsponR570.10Eg123900.2.p	MYB-related	TFF
SoffiXsponR570.02Gg088500.1.p	OFP	TFF
SoffiXsponR570.03Ag114600.1.p	MYB-related	TFF
SoffiXsponR570.03Cg274600.1.p	BSD	TFF
SoffiXsponR570.1Z207800.1.p	NAC	TFF
SoffiXsponR570.02Gg178100.2.p	VOZ	TFF
SoffiXsponR570.10Cg036400.2.p	ABI3VP1	TFF
SoffiXsponR570.03Eg196700.2.p	C2C2-Dof	TFF
SoffiXsponR570.05Ag270500.2.p	mTERF	OTR
SoffiXsponR570.7_10Ag024900.1.p	C2C2-GATA	TFF
SoffiXsponR570.01Bg479100.1.p	OFP	TFF
SoffiXsponR570.02Dg220000.2.p	PHD	OTR
SoffiXsponR570.05Eg194200.1.p	WRKY	TFF
SoffiXsponR570.07Bg208000.1.p	Rcd1-like	OTR
SoffiXsponR570.05Fg100600.1.p	AP2-EREBP	TFF
SoffiXsponR570.02Cg329500.2.p	WRKY	TFF
SoffiXsponR570.06Fg153200.3.p	bZIP	TFF
SoffiXsponR570.07Ag260000.1.p	OFP	TFF
SoffiXsponR570.08Bg115000.2.p	SET	OTR
SoffiXsponR570.02Cg396300.1.p	CCAAT	TFF
SoffiXsponR570.6us88g038800.5.p	SAP	TFF
SoffiXsponR570.06Gg047900.2.p	NAC	TFF
SoffiXsponR570.03Ag159700.1.p	C2H2	TFF
SoffiXsponR570.03Ag204500.1.p	Pseudo_ARR-B	OTR
SoffiXsponR570.10Fg073500.1.p	TRAF	OTR
SoffiXsponR570.6_9Ag123300.2.p	HB	TFF
SoffiXsponR570.02Ag379200.4.p	ABI3VP1	TFF
SoffiXsponR570.02Gg227400.1.p	CCAAT	TFF
SoffiXsponR570.02Cg384800.1.p	TIG	TFF
SoffiXsponR570.07Dg102900.2.p	GNAT	OTR
SoffiXsponR570.01Ag126700.4.p	SET	OTR
SoffiXsponR570.07Eg224200.1.p	NAC	TFF
SoffiXsponR570.08Ag189300.1.p	TRAF	OTR
SoffiXsponR570.07Ag136600.2.p	AP2-EREBP	TFF
SoffiXsponR570.01Eg074400.4.p	FAR1	TFF
SoffiXsponR570.03Eg251300.2.p	SET	OTR
SoffiXsponR570.1Z014300.1.p	SWI/SNF-BAF60b	OTR
SoffiXsponR570.03Cg270600.1.p	C2C2-CO-like	TFF
SoffiXsponR570.07Eg179000.1.p	mTERF	OTR
SoffiXsponR570.03Ag250000.1.p	AP2-EREBP	TFF
SoffiXsponR570.8_10Ag165900.2.p	MYB-related	TFF
SoffiXsponR570.7_10Ag274900.1.p	bHLH	TFF
SoffiXsponR570.01Cg095500.7.p	HSF	TFF
SoffiXsponR570.07Cg168800.1.p	bHLH	TFF
SoffiXsponR570.01Eg169500.1.p	ABI3VP1	TFF
SoffiXsponR570.08Dg091100.3.p	AP2-EREBP	TFF
SoffiXsponR570.02Fg271400.1.p	bHLH	TFF
SoffiXsponR570.05Dg380300.1.p	MYB-related	TFF
SoffiXsponR570.05Fg168700.1.p	MYB	TFF
SoffiXsponR570.01Eg335000.2.p	LIM	TFF
SoffiXsponR570.03Cg092900.1.p	AUX/IAA	OTR
SoffiXsponR570.02Dg054800.1.p	MYB	TFF
SoffiXsponR570.5_9Ag204000.2.p	HSF	TFF
SoffiXsponR570.6_9Ag001300.1.p	PAS	TFF
SoffiXsponR570.8_5Ag008200.3.p	PHD	OTR
SoffiXsponR570.08Bg032100.3.p	zf-LSD1	TFF
SoffiXsponR570.01Bg020200.2.p	mTERF	OTR
SoffiXsponR570.02Gg079400.1.p	C2H2	TFF
SoffiXsponR570.6us88g091900.2.p	C2H2	TFF
SoffiXsponR570.02Bg074000.4.p	MYB	TFF
SoffiXsponR570.01Dg040600.1.p	FAR1	TFF
SoffiXsponR570.08Eg074000.2.p	GeBP	TFF
SoffiXsponR570.04Gg063100.2.p	ARF	TFF
SoffiXsponR570.03Bg272000.1.p	WRKY	TFF
SoffiXsponR570.03Dg226700.2.p	Trihelix	TFF
SoffiXsponR570.06Cg033400.2.p	AUX/IAA	OTR
SoffiXsponR570.07Bg080400.1.p	GRAS	TFF
SoffiXsponR570.07Cg020000.1.p	C2H2	TFF
SoffiXsponR570.03Gg110000.1.p	CCAAT	TFF
SoffiXsponR570.01Dg250800.1.p	AP2-EREBP	TFF
SoffiXsponR570.01Ag206500.2.p	SET	OTR
SoffiXsponR570.01Eg390600.2.p	FAR1	TFF
SoffiXsponR570.06Ag062400.3.p	MADS	TFF
SoffiXsponR570.5_9Ag292600.1.p	MYB	TFF
SoffiXsponR570.08Ag111800.2.p	PAS	TFF
SoffiXsponR570.09Ag155000.1.p	CCAAT	TFF
SoffiXsponR570.02Bg357000.1.p	MADS	TFF
SoffiXsponR570.7os1g036500.2.p	PHD	OTR
SoffiXsponR570.02Dg046300.1.p	AUX/IAA	OTR
SoffiXsponR570.08Bg185400.3.p	SBP	TFF
SoffiXsponR570.01Ag551200.5.p	Not1	TFF
SoffiXsponR570.09Dg033900.1.p	ARF	TFF
SoffiXsponR570.02Gg296300.1.p	CCAAT	TFF
SoffiXsponR570.04Bg065800.1.p	bHLH	TFF
SoffiXsponR570.01Cg241800.1.p	MYB	TFF
SoffiXsponR570.04Gg093400.1.p	zf-fF-X1	TFF
SoffiXsponR570.09Cg029200.1.p	WRKY	TFF
SoffiXsponR570.7_10Ag281400.2.p	C2C2-Dof	TFF
SoffiXsponR570.04Cg162200.1.p	HSF	TFF
SoffiXsponR570.02Ag361400.1.p	PHD	OTR
SoffiXsponR570.05Dg218400.1.p	bHLH	TFF
SoffiXsponR570.02Fg106900.1.p	NAC	TFF
SoffiXsponR570.05Eg094400.3.p	SET	OTR
SoffiXsponR570.04Cg245300.1.p	ARF	TFF
SoffiXsponR570.8_10Ag208000.1.p	RWP-RK	TFF
SoffiXsponR570.02Cg330200.1.p	MYB-related	TFF
SoffiXsponR570.07Ag189300.1.p	WRKY	TFF
SoffiXsponR570.01Bg141100.1.p	MYB-related	TFF
SoffiXsponR570.1Z068800.3.p	Trihelix	TFF
SoffiXsponR570.5_9Ag097600.1.p	MYB	TFF
SoffiXsponR570.06Fg107100.1.p	C2C2-Dof	TFF
SoffiXsponR570.6_9Ag036900.4.p	SET	OTR
SoffiXsponR570.02Bg222700.1.p	ABI3VP1	TFF
SoffiXsponR570.06Gg079700.4.p	NOT2_3_5	OTR
SoffiXsponR570.02Cg039800.1.p	AUX/IAA	OTR
SoffiXsponR570.06Gg056600.1.p	MYB-related	TFF
SoffiXsponR570.01Bg347100.3.p	EIL	TFF
SoffiXsponR570.01Dg161900.5.p	bHLH	TFF
SoffiXsponR570.01Fg256400.2.p	MYB-related	TFF
SoffiXsponR570.01Dg007200.3.p	AP2-EREBP	TFF
SoffiXsponR570.04Ag003100.2.p	NAC	TFF
SoffiXsponR570.01Ag549300.1.p	GRAS	TFF
SoffiXsponR570.08Cg044000.1.p	MYB	TFF
SoffiXsponR570.01Cg032000.1.p	GNAT	OTR
SoffiXsponR570.03Bg075100.2.p	C3H	TFF
SoffiXsponR570.01Dg330400.1.p	bHLH	TFF
SoffiXsponR570.01Bg215000.1.p	C2C2-GATA	TFF
SoffiXsponR570.01Dg007400.2.p	Alfin-like	TFF
SoffiXsponR570.6_9Ag251600.1.p	AP2-EREBP	TFF
SoffiXsponR570.10Fg091400.1.p	GRAS	TFF
SoffiXsponR570.03Dg220800.1.p	AP2-EREBP	TFF
SoffiXsponR570.01Bg226800.3.p	TRAF	OTR
SoffiXsponR570.02Bg329800.2.p	SWI/SNF-BAF60b	OTR
SoffiXsponR570.02Bg313800.2.p	bZIP	TFF
SoffiXsponR570.02Ag364200.1.p	GRAS	TFF
SoffiXsponR570.09Bg071300.1.p	MADS	TFF
SoffiXsponR570.1Z182100.1.p	TRAF	OTR
SoffiXsponR570.03Eg135600.5.p	bHLH	TFF
SoffiXsponR570.06Fg011200.1.p	GRAS	TFF
SoffiXsponR570.08Cg083600.5.p	SET	OTR
SoffiXsponR570.01Dg153000.4.p	MED26	OTR
SoffiXsponR570.5_9Ag261800.1.p	MYB-related	TFF
SoffiXsponR570.6us88g089600.1.p	MYB	TFF
SoffiXsponR570.01Ag070100.5.p	bHLH	TFF
SoffiXsponR570.07Dg014400.1.p	Top	TFF
SoffiXsponR570.8_5Ag077400.1.p	ABI3VP1	TFF
SoffiXsponR570.8_10Ag229000.1.p	bZIP	TFF
SoffiXsponR570.05Dg236100.1.p	bZIP	TFF
SoffiXsponR570.03Eg232100.3.p	AP2-EREBP	TFF
SoffiXsponR570.5_9Ag432900.3.p	ABI3VP1	TFF
SoffiXsponR570.03Eg064500.1.p	SBP	TFF
SoffiXsponR570.6us88g078700.1.p	MADS	TFF
SoffiXsponR570.03Eg139500.3.p	C2H2	TFF
SoffiXsponR570.05Cg136900.3.p	SET	OTR
SoffiXsponR570.03Ag006200.7.p	Jumonji	OTR
SoffiXsponR570.01Ag505100.2.p	GNAT	OTR
SoffiXsponR570.09Ag117400.1.p	MYB	TFF
SoffiXsponR570.10Eg131200.1.p	GRAS	TFF
SoffiXsponR570.07Bg249000.4.p	ARF	TFF
SoffiXsponR570.10Bg077500.1.p	GRAS	TFF
SoffiXsponR570.08Dg004500.3.p	Top	TFF
SoffiXsponR570.09Ag063200.1.p	PLATZ	TFF
SoffiXsponR570.04Eg147100.4.p	bZIP	TFF
SoffiXsponR570.07Ag071200.1.p	SET	OTR
SoffiXsponR570.08Eg003000.4.p	SET	OTR
SoffiXsponR570.8_5Ag225200.2.p	MYB	TFF
SoffiXsponR570.5_9Ag428100.1.p	WRKY	TFF
SoffiXsponR570.04Gg024800.1.p	NAC	TFF
SoffiXsponR570.04Fg114300.1.p	ARF	TFF
SoffiXsponR570.7_10Ag365900.1.p	MYB	TFF
SoffiXsponR570.03Dg102300.1.p	bHLH	TFF
SoffiXsponR570.08Bg078200.1.p	SET	OTR
SoffiXsponR570.6us88g025100.1.p	MYB-related	TFF
SoffiXsponR570.05Cg136800.1.p	C2H2	TFF
SoffiXsponR570.03Cg116700.1.p	GeBP	TFF
SoffiXsponR570.01Eg118600.1.p	PHD	OTR
SoffiXsponR570.09Dg125800.1.p	bZIP	TFF
SoffiXsponR570.02Cg330200.2.p	MYB-related	TFF
SoffiXsponR570.10Dg105400.2.p	ARF	TFF
SoffiXsponR570.08Cg016000.1.p	NAC	TFF
SoffiXsponR570.06Cg086200.1.p	bZIP	TFF
SoffiXsponR570.05Ag311300.1.p	C2C2-YABBY	TFF
SoffiXsponR570.04Bg140600.1.p	MADS	TFF
SoffiXsponR570.07Ag242800.4.p	C3H	TFF
SoffiXsponR570.04Dg022400.1.p	GRAS	TFF
SoffiXsponR570.01Eg287800.1.p	TUB	TFF
SoffiXsponR570.09Dg078200.1.p	mTERF	OTR
SoffiXsponR570.05Gg184900.2.p	bHLH	TFF
SoffiXsponR570.05Fg222600.1.p	bHLH	TFF
SoffiXsponR570.02Ag233700.5.p	ARF	TFF
SoffiXsponR570.02Fg297200.1.p	WRKY	TFF
SoffiXsponR570.01Eg256300.1.p	GRAS	TFF
SoffiXsponR570.8_10Ag326300.3.p	EIL	TFF
SoffiXsponR570.10Eg121900.3.p	AP2-EREBP	TFF
SoffiXsponR570.06Dg063300.2.p	NAC	TFF
SoffiXsponR570.03Dg058800.4.p	MADS	TFF
SoffiXsponR570.07Eg107600.2.p	SET	OTR
SoffiXsponR570.07Ag222500.1.p	bHLH	TFF
SoffiXsponR570.03Dg097900.1.p	bHLH	TFF
SoffiXsponR570.01Eg034200.5.p	GRAS	TFF
SoffiXsponR570.06Fg043700.2.p	Top	TFF
SoffiXsponR570.05Eg216800.1.p	AP2-EREBP	TFF
SoffiXsponR570.05Eg162900.1.p	AP2-EREBP	TFF
SoffiXsponR570.8_10Ag178100.2.p	Top	TFF
SoffiXsponR570.01Eg185500.1.p	MYB	TFF
SoffiXsponR570.01Cg248500.1.p	PHD	OTR
SoffiXsponR570.03Bg151900.5.p	C2H2	TFF
SoffiXsponR570.03Cg089100.1.p	C2C2-GATA	TFF
SoffiXsponR570.01Eg111900.1.p	bHLH	TFF
SoffiXsponR570.06Ag126200.2.p	bZIP	TFF
SoffiXsponR570.5_9Ag156200.3.p	Pseudo_ARR-B	OTR
SoffiXsponR570.01Cg053800.2.p	BSD	TFF
SoffiXsponR570.01Cg076700.2.p	C3H	TFF
SoffiXsponR570.01Cg148700.1.p	AP2-EREBP	TFF
SoffiXsponR570.03Cg095500.1.p	HSF	TFF
SoffiXsponR570.03Gg004600.1.p	MYB-related	TFF
SoffiXsponR570.5_9Ag105200.1.p	GRAS	TFF
SoffiXsponR570.02Fg256900.3.p	ARF	TFF
SoffiXsponR570.02Gg260300.1.p	AP2-EREBP	TFF
SoffiXsponR570.01Eg396500.1.p	bHLH	TFF
SoffiXsponR570.05Fg139600.1.p	EIL	TFF
SoffiXsponR570.04Ag149100.1.p	AUX/IAA	OTR
SoffiXsponR570.01Fg010000.1.p	GNAT	OTR
SoffiXsponR570.05Cg265700.1.p	mTERF	OTR
SoffiXsponR570.01Bg181700.1.p	Trihelix	TFF
SoffiXsponR570.04Ag165800.3.p	NAC	TFF
SoffiXsponR570.02Fg001200.3.p	RWP-RK	TFF
SoffiXsponR570.08Cg019000.2.p	NAC	TFF
SoffiXsponR570.02Dg354400.2.p	NAC	TFF
SoffiXsponR570.03Fg019500.1.p	bHLH	TFF
SoffiXsponR570.06Eg071100.1.p	MYB-related	TFF
SoffiXsponR570.06Fg022500.3.p	MYB-related	TFF
SoffiXsponR570.06Bg004500.2.p	bHLH	TFF
SoffiXsponR570.6_9Ag004700.1.p	MYB-related	TFF
SoffiXsponR570.04Bg127500.3.p	C3H	TFF
SoffiXsponR570.03Bg220300.9.p	zf-C5HC2	TFF
SoffiXsponR570.10Cg013000.1.p	MYB	TFF
SoffiXsponR570.01Bg075800.1.p	C2H2	TFF
SoffiXsponR570.02Ag330400.1.p	bHLH	TFF
SoffiXsponR570.06Eg030300.6.p	SAP	TFF
SoffiXsponR570.03Eg190200.1.p	GRAS	TFF
SoffiXsponR570.02Fg353100.1.p	SBP	TFF
SoffiXsponR570.03Fg048000.1.p	PAS	TFF
SoffiXsponR570.7_10Ag038100.2.p	DDT	OTR
SoffiXsponR570.07Eg131800.1.p	OFP	TFF
SoffiXsponR570.03Bg262800.4.p	SWI/SNF-SWI3	OTR
SoffiXsponR570.05Ag301300.3.p	bHLH	TFF
SoffiXsponR570.05Bg252800.1.p	GRF	TFF
SoffiXsponR570.6us88g003800.1.p	Alfin-like	TFF
SoffiXsponR570.10Eg130500.4.p	GRAS	TFF
SoffiXsponR570.02Dg352400.2.p	GRAS	TFF
SoffiXsponR570.02Fg086200.2.p	AP2-EREBP	TFF
SoffiXsponR570.03Gg134800.2.p	bHLH	TFF
SoffiXsponR570.03Bg310300.2.p	C2H2	TFF
SoffiXsponR570.01Bg400400.2.p	bZIP	TFF
SoffiXsponR570.03Cg235800.2.p	MYB-related	TFF
SoffiXsponR570.05Eg329700.4.p	CCAAT	TFF
SoffiXsponR570.09Bg157600.1.p	bHLH	TFF
SoffiXsponR570.03Bg194400.4.p	Trihelix	TFF
SoffiXsponR570.04Dg008900.1.p	ABI3VP1	TFF
SoffiXsponR570.04Ag226700.3.p	ARF	TFF
SoffiXsponR570.02Eg187800.1.p	GRAS	TFF
SoffiXsponR570.03Ag036600.2.p	MYB-related	TFF
SoffiXsponR570.05Gg008100.1.p	MYB	TFF
SoffiXsponR570.02Bg239900.1.p	C2C2-GATA	TFF
SoffiXsponR570.01Fg115600.1.p	ABI3VP1	TFF
SoffiXsponR570.05Gg010300.2.p	MADS	TFF
SoffiXsponR570.04Ag017500.1.p	GRF	TFF
SoffiXsponR570.05Ag056300.2.p	TRAF	OTR
SoffiXsponR570.05Gg059100.1.p	bZIP	TFF
SoffiXsponR570.02Bg004100.3.p	ARF	TFF
SoffiXsponR570.04Bg024600.2.p	NAC	TFF
SoffiXsponR570.07Ag193100.2.p	PHD	OTR
SoffiXsponR570.09Eg092100.3.p	PHD	OTR
SoffiXsponR570.9us90g047800.2.p	TAZ	TFF
SoffiXsponR570.05Eg294500.1.p	MYB	TFF
SoffiXsponR570.02Dg124800.1.p	MYB-related	TFF
SoffiXsponR570.05Dg075100.2.p	bHLH	TFF
SoffiXsponR570.07Ag077900.2.p	ARF	TFF
SoffiXsponR570.05Ag308000.1.p	GRAS	TFF
SoffiXsponR570.05Bg312500.2.p	GNAT	OTR
SoffiXsponR570.02Cg390400.1.p	bHLH	TFF
SoffiXsponR570.8_5Ag059100.1.p	C3H	TFF
SoffiXsponR570.01Dg041900.3.p	NOT2_3_5	OTR
SoffiXsponR570.03Bg191400.1.p	MYB	TFF
SoffiXsponR570.02Bg191800.1.p	WRKY	TFF
SoffiXsponR570.05Dg310300.1.p	C2C2-YABBY	TFF
SoffiXsponR570.05Fg233200.2.p	NAC	TFF
SoffiXsponR570.05Fg128100.1.p	bZIP	TFF
SoffiXsponR570.01Fg045900.4.p	HSF	TFF
SoffiXsponR570.01Eg071800.3.p	bHLH	TFF
SoffiXsponR570.07Cg021500.1.p	Top	TFF
SoffiXsponR570.03Eg277600.1.p	MYB-related	TFF
SoffiXsponR570.7os1g003600.2.p	E2F-DP	TFF
SoffiXsponR570.04Cg062700.1.p	MYB-related	TFF
SoffiXsponR570.01Bg301200.2.p	GRAS	TFF
SoffiXsponR570.01Fg046300.1.p	HSF	TFF
SoffiXsponR570.02Dg005900.1.p	ABI3VP1	TFF
SoffiXsponR570.09Bg025500.1.p	MYB	TFF
SoffiXsponR570.6os1g001200.1.p	Top	TFF
SoffiXsponR570.06Fg016500.1.p	MYB	TFF
SoffiXsponR570.01Dg252500.1.p	PAS	TFF
SoffiXsponR570.8_5Ag088500.2.p	TRAF	OTR
SoffiXsponR570.10Bg058600.1.p	TUB	TFF
SoffiXsponR570.04Dg024100.1.p	TRAF	OTR
SoffiXsponR570.09Dg068300.1.p	PAS	TFF
SoffiXsponR570.01Ag055900.1.p	MYB	TFF
SoffiXsponR570.05Cg231100.1.p	HSF	TFF
SoffiXsponR570.02Bg280700.4.p	SET	OTR
SoffiXsponR570.03Bg273500.1.p	GNAT	OTR
SoffiXsponR570.09Dg014300.1.p	GRAS	TFF
SoffiXsponR570.02Bg008800.1.p	MYB	TFF
SoffiXsponR570.10Cg041100.2.p	HB	TFF
SoffiXsponR570.05Eg329700.3.p	CCAAT	TFF
SoffiXsponR570.08Dg077600.1.p	bZIP	TFF
SoffiXsponR570.02Fg248400.1.p	HSF	TFF
SoffiXsponR570.1Z018100.2.p	SET	OTR
SoffiXsponR570.05Gg049800.2.p	zf-A20	TFF
SoffiXsponR570.6_9Ag265700.1.p	AP2-EREBP	TFF
SoffiXsponR570.03Eg186900.2.p	AP2-EREBP	TFF
SoffiXsponR570.09Ag138400.1.p	ABI3VP1	TFF
SoffiXsponR570.03Dg069000.2.p	WRKY	TFF
SoffiXsponR570.02Fg291500.3.p	bZIP	TFF
SoffiXsponR570.02Cg196000.3.p	C3H	TFF
SoffiXsponR570.02Fg155800.4.p	zf-BED	TFF
SoffiXsponR570.01Ag332500.1.p	C2H2	TFF
SoffiXsponR570.7_10Ag264800.3.p	SET	OTR
SoffiXsponR570.08Bg047000.2.p	BSD	TFF
SoffiXsponR570.06Ag147800.1.p	MYB-related	TFF
SoffiXsponR570.05Fg160300.1.p	bHLH	TFF
SoffiXsponR570.01Ag033600.6.p	GRAS	TFF
SoffiXsponR570.1Z025500.7.p	Top	TFF
SoffiXsponR570.02Gg250700.3.p	C2H2	TFF
SoffiXsponR570.06Ag165200.4.p	ARF	TFF
SoffiXsponR570.03Eg043400.4.p	PHD	OTR
SoffiXsponR570.02Cg370300.2.p	MYB-related	TFF
SoffiXsponR570.03Fg116600.1.p	NAC	TFF
SoffiXsponR570.08Bg180200.2.p	mTERF	OTR
SoffiXsponR570.05Eg157900.1.p	zf-HD	TFF
SoffiXsponR570.5_9Ag093100.1.p	NAC	TFF
SoffiXsponR570.06Cg106500.3.p	HB	TFF
SoffiXsponR570.01Bg380100.1.p	GRAS	TFF
SoffiXsponR570.06Gg061600.1.p	HB	TFF
SoffiXsponR570.1Z258300.1.p	Top	TFF
SoffiXsponR570.01Dg195700.3.p	MYB-related	TFF
SoffiXsponR570.08Ag170600.1.p	AP2-EREBP	TFF
SoffiXsponR570.04Fg052800.1.p	MADS	TFF
SoffiXsponR570.02Ag400800.3.p	TRAF	OTR
SoffiXsponR570.09Bg005200.1.p	MYB-related	TFF
SoffiXsponR570.03Cg069800.1.p	mTERF	OTR
SoffiXsponR570.08Ag031100.1.p	TRAF	OTR
SoffiXsponR570.09Dg114000.4.p	CCAAT	TFF
SoffiXsponR570.01Dg192000.1.p	C2H2	TFF
SoffiXsponR570.07Dg164700.6.p	C2H2	TFF
SoffiXsponR570.01Ag491400.1.p	bHLH	TFF
SoffiXsponR570.02Eg265200.3.p	Top	TFF
SoffiXsponR570.06Eg137300.1.p	MYB	TFF
SoffiXsponR570.08Dg031500.1.p	AP2-EREBP	TFF
SoffiXsponR570.01Eg361800.4.p	MYB-related	TFF
SoffiXsponR570.8_10Ag312500.1.p	TRAF	OTR
SoffiXsponR570.04Cg067000.2.p	DBP	TFF
SoffiXsponR570.02Cg384400.3.p	MADS	TFF
SoffiXsponR570.03Fg003400.2.p	MADS	TFF
SoffiXsponR570.01Eg393200.4.p	GNAT	OTR
SoffiXsponR570.9os1g069400.1.p	C2H2	TFF
SoffiXsponR570.04Eg101600.1.p	TRAF	OTR
SoffiXsponR570.02Gg250700.1.p	C2H2	TFF
SoffiXsponR570.02Gg308900.2.p	bHLH	TFF
SoffiXsponR570.03Dg299600.1.p	AP2-EREBP	TFF
SoffiXsponR570.10Cg081100.1.p	AUX/IAA	OTR
SoffiXsponR570.01Ag125800.6.p	GRAS	TFF
SoffiXsponR570.05Ag241500.3.p	Pseudo_ARR-B	OTR
SoffiXsponR570.6us88g046700.1.p	MYB	TFF
SoffiXsponR570.08Dg115700.2.p	ARID	OTR
SoffiXsponR570.05Bg210400.1.p	SBP	TFF
SoffiXsponR570.8_10Ag047200.1.p	bHLH	TFF
SoffiXsponR570.04Cg116300.2.p	bZIP	TFF
SoffiXsponR570.01Dg178200.2.p	HB	TFF
SoffiXsponR570.03Ag295200.1.p	bHLH	TFF
SoffiXsponR570.03Fg048000.2.p	PAS	TFF
SoffiXsponR570.02Fg353200.1.p	MADS	TFF
SoffiXsponR570.05Cg302500.2.p	NAC	TFF
SoffiXsponR570.01Cg075800.1.p	GNAT	OTR
SoffiXsponR570.03Gg050200.5.p	bHLH	TFF
SoffiXsponR570.02Eg360400.2.p	ARF	TFF
SoffiXsponR570.01Bg278500.1.p	MYB-related	TFF
SoffiXsponR570.10Bg163000.1.p	bHLH	TFF
SoffiXsponR570.02Dg367400.1.p	ARR-B	TFF
SoffiXsponR570.01Fg001200.6.p	Trihelix	TFF
SoffiXsponR570.06Gg137300.3.p	bZIP	TFF
SoffiXsponR570.4us91g041300.1.p	zf-BED	TFF
SoffiXsponR570.01Bg052500.1.p	WRKY	TFF
SoffiXsponR570.01Bg156800.1.p	ABI3VP1	TFF
SoffiXsponR570.07Bg086000.2.p	ARF	TFF
SoffiXsponR570.10us89g051600.8.p	HB	TFF
SoffiXsponR570.6_9Ag036900.3.p	SET	OTR
SoffiXsponR570.08Ag109700.1.p	AP2-EREBP	TFF
SoffiXsponR570.07Cg183100.1.p	GRAS	TFF
SoffiXsponR570.05Dg241800.1.p	AP2-EREBP	TFF
SoffiXsponR570.04Cg161200.1.p	HB	TFF
SoffiXsponR570.05Eg176300.2.p	PHD	OTR
SoffiXsponR570.04Bg204600.1.p	bHLH	TFF
SoffiXsponR570.8_5Ag223300.2.p	SAP	TFF
SoffiXsponR570.03Ag068000.1.p	mTERF	OTR
SoffiXsponR570.01Dg335300.1.p	Tify	TFF
SoffiXsponR570.6_9Ag233000.1.p	MYB-related	TFF
SoffiXsponR570.06Ag183100.1.p	bHLH	TFF
SoffiXsponR570.01Eg116500.1.p	MYB-related	TFF
SoffiXsponR570.09Cg056100.1.p	MYB	TFF
SoffiXsponR570.01Dg055300.1.p	MYB-related	TFF
SoffiXsponR570.08Ag191500.1.p	mTERF	OTR
SoffiXsponR570.05Ag348400.1.p	bHLH	TFF
SoffiXsponR570.02Ag379200.5.p	ABI3VP1	TFF
SoffiXsponR570.03Bg282100.1.p	MYB	TFF
SoffiXsponR570.02Fg327300.1.p	Alfin-like	TFF
SoffiXsponR570.04Dg007000.3.p	HB	TFF
SoffiXsponR570.07Bg125800.1.p	bZIP	TFF
SoffiXsponR570.04Dg000300.3.p	NAC	TFF
SoffiXsponR570.04Ag029000.1.p	MYB-related	TFF
SoffiXsponR570.6_9Ag282500.1.p	C2C2-GATA	TFF
SoffiXsponR570.02Cg168900.1.p	zf-BED	TFF
SoffiXsponR570.02Gg250700.2.p	C2H2	TFF
SoffiXsponR570.8_10Ag079400.3.p	bHLH	TFF
SoffiXsponR570.07Cg016500.1.p	SET	OTR
SoffiXsponR570.02Dg226100.1.p	HMG	OTR
SoffiXsponR570.04Fg134400.4.p	SBP	TFF
SoffiXsponR570.03Ag342100.1.p	NAC	TFF
SoffiXsponR570.7_10Ag138100.1.p	MYB	TFF
SoffiXsponR570.03Gg054000.1.p	C2H2	TFF
SoffiXsponR570.6_9Ag261700.2.p	MYB-related	TFF
SoffiXsponR570.04Cg144500.2.p	CPP	TFF
SoffiXsponR570.01Bg468700.4.p	MYB-related	TFF
SoffiXsponR570.05Gg072300.1.p	AP2-EREBP	TFF
SoffiXsponR570.05Fg181200.1.p	HMG	OTR
SoffiXsponR570.07Cg229900.1.p	bZIP	TFF
SoffiXsponR570.7_10Ag299300.1.p	MYB	TFF
SoffiXsponR570.8_5Ag115900.1.p	CCAAT	TFF
SoffiXsponR570.09Cg025000.1.p	GRAS	TFF
SoffiXsponR570.02Ag039600.1.p	AUX/IAA	OTR
SoffiXsponR570.08Bg192700.1.p	SWI/SNF-BAF60b	OTR
SoffiXsponR570.09Dg091400.1.p	ABI3VP1	TFF
SoffiXsponR570.01Ag258500.1.p	Tify	TFF
SoffiXsponR570.05Bg218500.1.p	bZIP	TFF
SoffiXsponR570.01Cg283000.1.p	FAR1	TFF
SoffiXsponR570.01Eg104400.2.p	C2C2-GATA	TFF
SoffiXsponR570.01Cg213600.3.p	MYB-related	TFF
SoffiXsponR570.05Ag036600.1.p	MADS	TFF
SoffiXsponR570.01Eg136500.2.p	C3H	TFF
SoffiXsponR570.03Dg069000.1.p	WRKY	TFF
SoffiXsponR570.06Dg130600.1.p	MYB	TFF
SoffiXsponR570.09Dg125200.1.p	MYB	TFF
SoffiXsponR570.03Eg162300.1.p	SET	OTR
SoffiXsponR570.09Bg160800.1.p	HB	TFF
SoffiXsponR570.03Ag074500.2.p	PHD	OTR
SoffiXsponR570.7_10Ag019500.1.p	NAC	TFF
SoffiXsponR570.03Eg178600.1.p	MYB	TFF
SoffiXsponR570.07Ag094100.2.p	NAC	TFF
SoffiXsponR570.01Fg206200.2.p	PHD	OTR
SoffiXsponR570.01Dg334800.8.p	FAR1	TFF
SoffiXsponR570.01Dg005800.1.p	C2H2	TFF
SoffiXsponR570.02Dg050200.1.p	bZIP	TFF
SoffiXsponR570.05Fg302000.1.p	TUB	TFF
SoffiXsponR570.04Eg131200.1.p	ARF	TFF
SoffiXsponR570.04Gg061000.1.p	BBR/BPC	TFF
SoffiXsponR570.02Ag397600.2.p	ARF	TFF
SoffiXsponR570.08Cg185900.6.p	SBP	TFF
SoffiXsponR570.01Ag170800.1.p	WRKY	TFF
SoffiXsponR570.05Ag060900.1.p	CPP	TFF
SoffiXsponR570.06Dg024500.4.p	bHLH	TFF
SoffiXsponR570.05Bg124200.4.p	ABI3VP1	TFF
SoffiXsponR570.1Z142400.1.p	AUX/IAA	OTR
SoffiXsponR570.01Bg130100.1.p	C2C2-GATA	TFF
SoffiXsponR570.03Ag161200.2.p	SET	OTR
SoffiXsponR570.08Cg151700.7.p	C2H2	TFF
SoffiXsponR570.01Ag531400.1.p	HB	TFF
SoffiXsponR570.05Cg164900.1.p	NAC	TFF
SoffiXsponR570.05Ag296800.1.p	bHLH	TFF
SoffiXsponR570.01Ag200400.1.p	Trihelix	TFF
SoffiXsponR570.05Ag308800.2.p	C3H	TFF
SoffiXsponR570.09Eg003600.1.p	SAP	TFF
SoffiXsponR570.07Eg198900.6.p	ARF	TFF
SoffiXsponR570.8_5Ag186300.3.p	TRAF	OTR
SoffiXsponR570.02Fg152200.1.p	Jumonji	OTR
SoffiXsponR570.05Ag334700.5.p	CCAAT	TFF
SoffiXsponR570.07Dg194300.1.p	bZIP	TFF
SoffiXsponR570.02Ag063500.2.p	zf-fF-X1	TFF
SoffiXsponR570.09Cg056200.1.p	MYB	TFF
SoffiXsponR570.05Fg186000.1.p	TRAF	OTR
SoffiXsponR570.02Cg191100.3.p	Top	TFF
SoffiXsponR570.09Eg022200.1.p	NAC	TFF
SoffiXsponR570.10Cg165800.1.p	GRAS	TFF
SoffiXsponR570.02Gg021800.4.p	NAC	TFF
SoffiXsponR570.03Cg295100.1.p	MYB-related	TFF
SoffiXsponR570.01Ag108400.1.p	BSD	TFF
SoffiXsponR570.01Cg095400.1.p	C2H2	TFF
SoffiXsponR570.05Dg177600.2.p	MYB-related	TFF
SoffiXsponR570.02Dg221500.2.p	bZIP	TFF
SoffiXsponR570.02Ag198400.4.p	Top	TFF
SoffiXsponR570.09Cg022700.1.p	MYB	TFF
SoffiXsponR570.07Bg249900.3.p	MYB-related	TFF
SoffiXsponR570.05Eg181200.1.p	AP2-EREBP	TFF
SoffiXsponR570.05Eg225800.1.p	AP2-EREBP	TFF
SoffiXsponR570.06Dg154600.1.p	OFP	TFF
SoffiXsponR570.02Dg205800.1.p	OFP	TFF
SoffiXsponR570.6_9Ag220800.1.p	bZIP	TFF
SoffiXsponR570.05Dg284400.1.p	MYB-related	TFF
SoffiXsponR570.04Dg175700.1.p	SBP	TFF
SoffiXsponR570.09Bg001900.1.p	PAS	TFF
SoffiXsponR570.01Ag398600.2.p	SET	OTR
SoffiXsponR570.7_10Ag333100.2.p	GNAT	OTR
SoffiXsponR570.02Dg403900.2.p	bHLH	TFF
SoffiXsponR570.10Bg003000.1.p	SAP	TFF
SoffiXsponR570.05Eg061000.1.p	bHLH	TFF
SoffiXsponR570.08Ag005000.9.p	PHD	OTR
SoffiXsponR570.01Dg086900.2.p	C2C2-Dof	TFF
SoffiXsponR570.05Dg113300.2.p	MYB-related	TFF
SoffiXsponR570.01Cg299300.1.p	AP2-EREBP	TFF
SoffiXsponR570.05Eg050700.1.p	bZIP	TFF
SoffiXsponR570.05Eg311900.2.p	GRAS	TFF
SoffiXsponR570.1Z045300.2.p	bHLH	TFF
SoffiXsponR570.02Gg131900.1.p	NAC	TFF
SoffiXsponR570.8_10Ag188300.5.p	SET	OTR
SoffiXsponR570.03Ag292800.2.p	SWI/SNF-SWI3	OTR
SoffiXsponR570.6_9Ag256800.1.p	ABI3VP1	TFF
SoffiXsponR570.6_9Ag102700.1.p	GRAS	TFF
SoffiXsponR570.06Fg120500.2.p	HSF	TFF
SoffiXsponR570.01Cg330000.1.p	ABI3VP1	TFF
SoffiXsponR570.02Cg307500.2.p	SET	OTR
SoffiXsponR570.01Ag525000.1.p	bHLH	TFF
SoffiXsponR570.03Eg249000.2.p	bHLH	TFF
SoffiXsponR570.05Dg273400.2.p	FAR1	TFF
SoffiXsponR570.04Bg175400.1.p	TRAF	OTR
SoffiXsponR570.01Ag264900.3.p	GRAS	TFF
SoffiXsponR570.01Dg354800.1.p	Jumonji	OTR
SoffiXsponR570.03Ag073600.1.p	bZIP	TFF
SoffiXsponR570.02Fg265800.1.p	NAC	TFF
SoffiXsponR570.09Ag140600.1.p	CPP	TFF
SoffiXsponR570.08Ag002500.3.p	TUB	TFF
SoffiXsponR570.01Cg330000.2.p	ABI3VP1	TFF
SoffiXsponR570.04Bg270100.1.p	C2H2	TFF
SoffiXsponR570.8_10Ag326600.1.p	bHLH	TFF
SoffiXsponR570.04Dg156600.1.p	MYB	TFF
SoffiXsponR570.10Cg115800.4.p	ARF	TFF
SoffiXsponR570.1Z073100.1.p	MYB-related	TFF
SoffiXsponR570.07Bg086000.5.p	ARF	TFF
SoffiXsponR570.03Dg175500.1.p	bHLH	TFF
SoffiXsponR570.04Fg042500.1.p	MADS	TFF
SoffiXsponR570.03Eg062400.1.p	MYB-related	TFF
SoffiXsponR570.07Dg159300.3.p	bHLH	TFF
SoffiXsponR570.5_9Ag071100.2.p	C2H2	TFF
SoffiXsponR570.02Gg005700.1.p	bHLH	TFF
SoffiXsponR570.02Bg273400.1.p	AP2-EREBP	TFF
SoffiXsponR570.02Eg025200.1.p	BES1	TFF
SoffiXsponR570.03Bg276100.2.p	MYB-related	TFF
SoffiXsponR570.01Bg091900.2.p	WRKY	TFF
SoffiXsponR570.04Eg133000.4.p	SBP	TFF
SoffiXsponR570.7os1g080900.1.p	MYB-related	TFF
SoffiXsponR570.6us88g128400.1.p	GRAS	TFF
SoffiXsponR570.03Ag239500.7.p	C2H2	TFF
SoffiXsponR570.08Dg143200.5.p	C2H2	TFF
SoffiXsponR570.8_10Ag208300.1.p	ABI3VP1	TFF
SoffiXsponR570.7_10Ag291900.1.p	MYB-related	TFF
SoffiXsponR570.03Bg272400.2.p	Top	TFF
SoffiXsponR570.01Ag306900.1.p	GRAS	TFF
SoffiXsponR570.07Ag149600.1.p	AP2-EREBP	TFF
SoffiXsponR570.8_5Ag169400.1.p	bZIP	TFF
SoffiXsponR570.01Ag132900.1.p	CCAAT	TFF
SoffiXsponR570.08Eg032000.1.p	MYB	TFF
SoffiXsponR570.02Fg184700.1.p	bHLH	TFF
SoffiXsponR570.06Eg031600.1.p	MYB-related	TFF
SoffiXsponR570.02Fg162800.1.p	MYB-related	TFF
SoffiXsponR570.02Ag260800.1.p	WRKY	TFF
SoffiXsponR570.05Bg049500.5.p	PHD	OTR
SoffiXsponR570.01Cg053800.1.p	BSD	TFF
SoffiXsponR570.08Dg104500.1.p	MYB	TFF
SoffiXsponR570.02Fg002500.2.p	G2-like	TFF
SoffiXsponR570.02Ag368300.1.p	NAC	TFF
SoffiXsponR570.05Cg262400.2.p	GRAS	TFF
SoffiXsponR570.03Eg262500.2.p	SET	OTR
SoffiXsponR570.03Eg155900.3.p	mTERF	OTR
SoffiXsponR570.01Ag381900.1.p	OFP	TFF
SoffiXsponR570.03Ag227000.6.p	zf-C5HC2	TFF
SoffiXsponR570.08Cg041800.1.p	MYB-related	TFF
SoffiXsponR570.07Cg214600.2.p	zf-BED	TFF
SoffiXsponR570.02Dg005900.2.p	ABI3VP1	TFF
SoffiXsponR570.06Ag067900.1.p	OFP	TFF
SoffiXsponR570.06Cg164400.1.p	AP2-EREBP	TFF
SoffiXsponR570.10Bg037700.1.p	TRAF	OTR
SoffiXsponR570.5_9Ag171600.1.p	AP2-EREBP	TFF
SoffiXsponR570.03Ag255800.1.p	zf-HD	TFF
SoffiXsponR570.09Cg155900.1.p	CCAAT	TFF
SoffiXsponR570.01Bg478100.1.p	FHA	TFF
SoffiXsponR570.10us89g054300.2.p	MED26	OTR
SoffiXsponR570.01Eg162400.1.p	bHLH	TFF
SoffiXsponR570.03Bg080200.1.p	HSF	TFF
SoffiXsponR570.02Ag226600.2.p	AP2-EREBP	TFF
SoffiXsponR570.5_9Ag351900.1.p	AP2-EREBP	TFF
SoffiXsponR570.9us90g001500.1.p	ARF	TFF
SoffiXsponR570.10Eg063200.1.p	GRF	TFF
SoffiXsponR570.07Ag253800.1.p	C2C2-Dof	TFF
SoffiXsponR570.03Fg042200.5.p	SBP	TFF
SoffiXsponR570.05Ag318800.1.p	mTERF	OTR
SoffiXsponR570.08Cg047300.1.p	BSD	TFF
SoffiXsponR570.03Dg080700.2.p	bZIP	TFF
SoffiXsponR570.05Dg318000.2.p	GRAS	TFF
SoffiXsponR570.07Dg014200.2.p	Top	TFF
SoffiXsponR570.03Bg276500.1.p	GRF	TFF
SoffiXsponR570.04Gg107100.2.p	TRAF	OTR
SoffiXsponR570.06Dg152000.1.p	NAC	TFF
SoffiXsponR570.01Fg309000.1.p	MYB-related	TFF
SoffiXsponR570.06Gg131200.1.p	Trihelix	TFF
SoffiXsponR570.8_5Ag258700.1.p	ABI3VP1	TFF
SoffiXsponR570.6_9Ag281300.1.p	PHD	OTR
SoffiXsponR570.01Fg170100.1.p	Top	TFF
SoffiXsponR570.03Bg080300.1.p	HSF	TFF
SoffiXsponR570.05Bg196300.1.p	zf-A20	TFF
SoffiXsponR570.06Ag020800.1.p	AP2-EREBP	TFF
SoffiXsponR570.7os1g008800.5.p	SET	OTR
SoffiXsponR570.03Dg310700.2.p	NOT2_3_5	OTR
SoffiXsponR570.7_10Ag246300.1.p	MYB	TFF
SoffiXsponR570.05Gg082400.2.p	SET	OTR
SoffiXsponR570.10Bg065500.2.p	FHA	TFF
SoffiXsponR570.08Ag013700.1.p	MADS	TFF
SoffiXsponR570.07Ag238900.1.p	BSD	TFF
SoffiXsponR570.04Eg084300.1.p	Top	TFF
SoffiXsponR570.03Bg218000.1.p	PLATZ	TFF
SoffiXsponR570.7_10Ag355800.3.p	MYB-related	TFF
SoffiXsponR570.9us90g047800.3.p	TAZ	TFF
SoffiXsponR570.09Cg016400.2.p	FAR1	TFF
SoffiXsponR570.05Bg331800.3.p	Tify	TFF
SoffiXsponR570.08Dg157900.2.p	RB	OTR
SoffiXsponR570.05Bg063200.1.p	FHA	TFF
SoffiXsponR570.01Eg205600.1.p	GNAT	OTR
SoffiXsponR570.10Bg083200.2.p	ARF	TFF
SoffiXsponR570.04Ag218900.2.p	TRAF	OTR
SoffiXsponR570.04Eg142100.1.p	SRS	TFF
SoffiXsponR570.8_10Ag147900.1.p	GRAS	TFF
SoffiXsponR570.06Cg138800.2.p	BSD	TFF
SoffiXsponR570.01Eg037800.2.p	AP2-EREBP	TFF
SoffiXsponR570.07Bg165000.1.p	AP2-EREBP	TFF
SoffiXsponR570.09Cg030000.1.p	WRKY	TFF
SoffiXsponR570.03Dg270500.2.p	SET	OTR
SoffiXsponR570.07Bg053000.9.p	TIG	TFF
SoffiXsponR570.05Bg331800.10.p	Tify	TFF
SoffiXsponR570.05Fg053800.2.p	ABI3VP1	TFF
SoffiXsponR570.01Bg067900.1.p	NAC	TFF
SoffiXsponR570.01Dg056200.1.p	ABI3VP1	TFF
SoffiXsponR570.04Bg113700.2.p	zf-C5HC2	TFF
SoffiXsponR570.03Gg105300.1.p	MADS	TFF
SoffiXsponR570.10os1g065100.1.p	Jumonji	OTR
SoffiXsponR570.06Cg122400.1.p	GRAS	TFF
SoffiXsponR570.07Bg160800.1.p	SET	OTR
SoffiXsponR570.02Eg098100.1.p	MADS	TFF
SoffiXsponR570.06Gg045700.1.p	AP2-EREBP	TFF
SoffiXsponR570.05Dg137900.3.p	bZIP	TFF
SoffiXsponR570.01Ag070100.4.p	bHLH	TFF
SoffiXsponR570.3os1g007500.1.p	MYB	TFF
SoffiXsponR570.02Ag354500.1.p	TUB	TFF
SoffiXsponR570.05Fg119100.1.p	HSF	TFF
SoffiXsponR570.06Fg093200.2.p	bZIP	TFF
SoffiXsponR570.01Bg091000.2.p	AUX/IAA	OTR
SoffiXsponR570.1Z140000.2.p	WRKY	TFF
SoffiXsponR570.5_9Ag082000.1.p	C2H2	TFF
SoffiXsponR570.05Fg311100.1.p	bZIP	TFF
SoffiXsponR570.08Ag131400.1.p	MYB	TFF
SoffiXsponR570.07Cg158500.1.p	MYB-related	TFF
SoffiXsponR570.06Ag125300.1.p	MYB-related	TFF
SoffiXsponR570.04Ag045900.1.p	WRKY	TFF
SoffiXsponR570.06Ag166900.1.p	OFP	TFF
SoffiXsponR570.02Fg161400.2.p	C3H	TFF
SoffiXsponR570.10Bg134300.1.p	WRKY	TFF
SoffiXsponR570.04Bg182400.1.p	SBP	TFF
SoffiXsponR570.08Ag011300.1.p	PHD	OTR
SoffiXsponR570.04Ag194000.2.p	PLATZ	TFF
SoffiXsponR570.01Fg010200.1.p	MYB	TFF
SoffiXsponR570.02Ag309500.1.p	AP2-EREBP	TFF
SoffiXsponR570.01Dg303700.1.p	AP2-EREBP	TFF
SoffiXsponR570.05Dg172900.1.p	MYB	TFF
SoffiXsponR570.05Fg119500.1.p	AP2-EREBP	TFF
SoffiXsponR570.04Dg170400.1.p	C2C2-GATA	TFF
SoffiXsponR570.01Eg036400.1.p	C2H2	TFF
SoffiXsponR570.02Ag270400.1.p	OFP	TFF
SoffiXsponR570.06Cg166500.1.p	FAR1	TFF
SoffiXsponR570.08Bg081800.1.p	AP2-EREBP	TFF
SoffiXsponR570.05Cg029800.1.p	NAC	TFF
SoffiXsponR570.05Cg331900.1.p	GRAS	TFF
SoffiXsponR570.10us89g056500.1.p	AP2-EREBP	TFF
SoffiXsponR570.03Gg084800.1.p	bHLH	TFF
SoffiXsponR570.07Eg202700.1.p	AP2-EREBP	TFF
SoffiXsponR570.1Z291900.1.p	MED26	OTR
SoffiXsponR570.02Ag269500.1.p	WRKY	TFF
SoffiXsponR570.03Dg304300.1.p	GNAT	OTR
SoffiXsponR570.8_10Ag141800.1.p	C2H2	TFF
SoffiXsponR570.04Gg102900.1.p	bZIP	TFF
SoffiXsponR570.6_9Ag225200.2.p	SWI/SNF-BAF60b	OTR
SoffiXsponR570.6_9Ag120200.2.p	MYB-related	TFF
SoffiXsponR570.04Eg066900.1.p	AP2-EREBP	TFF
SoffiXsponR570.05Bg049500.2.p	PHD	OTR
SoffiXsponR570.08Eg149300.2.p	bHLH	TFF
SoffiXsponR570.7_10Ag197000.1.p	OFP	TFF
SoffiXsponR570.02Gg213500.4.p	bZIP	TFF
SoffiXsponR570.07Dg201400.3.p	AP2-EREBP	TFF
SoffiXsponR570.02Cg165400.3.p	Jumonji	OTR
SoffiXsponR570.05Dg230900.2.p	NAC	TFF
SoffiXsponR570.03Bg034700.6.p	PHD	OTR
SoffiXsponR570.01Ag444000.1.p	MYB-related	TFF
SoffiXsponR570.08Dg137600.1.p	PLATZ	TFF
SoffiXsponR570.7_10Ag061200.1.p	FHA	TFF
SoffiXsponR570.05Cg107900.1.p	AP2-EREBP	TFF
SoffiXsponR570.02Ag283400.1.p	ARF	TFF
SoffiXsponR570.01Bg066200.2.p	GeBP	TFF
SoffiXsponR570.03Ag167800.3.p	bHLH	TFF
SoffiXsponR570.03Eg128000.1.p	Coactivator_p15	OTR
SoffiXsponR570.08Bg189500.5.p	EIL	TFF
SoffiXsponR570.04Eg147100.3.p	bZIP	TFF
SoffiXsponR570.5_9Ag450500.1.p	zf-BED	TFF
SoffiXsponR570.01Ag060600.1.p	GNAT	OTR
SoffiXsponR570.05Eg123800.1.p	bZIP	TFF
SoffiXsponR570.05Dg281000.1.p	GRAS	TFF
SoffiXsponR570.8_10Ag204000.1.p	AP2-EREBP	TFF
SoffiXsponR570.04Bg243200.3.p	SBP	TFF
SoffiXsponR570.04Eg133700.3.p	MYB-related	TFF
SoffiXsponR570.05Eg214200.1.p	SBP	TFF
SoffiXsponR570.03Eg230200.1.p	mTERF	OTR
SoffiXsponR570.10os1g038600.2.p	WRKY	TFF
SoffiXsponR570.03Dg201300.4.p	FAR1	TFF
SoffiXsponR570.05Bg260900.1.p	CAMTA	TFF
SoffiXsponR570.02Ag356800.1.p	C2H2	TFF
SoffiXsponR570.01Ag029400.1.p	C3H	TFF
SoffiXsponR570.08Cg210400.3.p	ABI3VP1	TFF
SoffiXsponR570.04Fg090700.1.p	mTERF	OTR
SoffiXsponR570.03Eg195500.8.p	C2H2	TFF
SoffiXsponR570.04Cg183800.1.p	bZIP	TFF
SoffiXsponR570.08Dg166600.1.p	CCAAT	TFF
SoffiXsponR570.01Ag182400.1.p	Jumonji	OTR
SoffiXsponR570.03Dg312000.2.p	mTERF	OTR
SoffiXsponR570.03Fg041800.1.p	MYB-related	TFF
SoffiXsponR570.06Gg104200.1.p	AUX/IAA	OTR
SoffiXsponR570.04Cg155900.1.p	BES1	TFF
SoffiXsponR570.02Gg296200.1.p	CCAAT	TFF
SoffiXsponR570.04Bg085400.1.p	bZIP	TFF
SoffiXsponR570.09Cg085800.1.p	ARF	TFF
SoffiXsponR570.8_5Ag184800.1.p	bHLH	TFF
SoffiXsponR570.10Fg011600.2.p	C3H	TFF
SoffiXsponR570.7os1g000700.1.p	GeBP	TFF
SoffiXsponR570.5_9Ag105200.2.p	GRAS	TFF
SoffiXsponR570.02Bg150800.3.p	MYB-related	TFF
SoffiXsponR570.02Gg302500.1.p	NAC	TFF
SoffiXsponR570.9us90g003400.1.p	MED26	OTR
SoffiXsponR570.07Cg183100.2.p	GRAS	TFF
SoffiXsponR570.6us88g125500.3.p	FAR1	TFF
SoffiXsponR570.01Fg324900.1.p	ABI3VP1	TFF
SoffiXsponR570.02Ag109800.1.p	Top	TFF
SoffiXsponR570.02Eg389100.1.p	GNAT	OTR
SoffiXsponR570.05Bg260900.2.p	CAMTA	TFF
SoffiXsponR570.05Ag273700.2.p	PHD	OTR
SoffiXsponR570.05Ag213800.2.p	EIL	TFF
SoffiXsponR570.02Cg039300.1.p	NAC	TFF
SoffiXsponR570.10us89g045000.1.p	bZIP	TFF
SoffiXsponR570.02Bg300700.1.p	C2H2	TFF
SoffiXsponR570.02Eg341600.1.p	ARR-B	TFF
SoffiXsponR570.05Ag114300.1.p	BBR/BPC	TFF
SoffiXsponR570.02Ag266200.1.p	ABI3VP1	TFF
SoffiXsponR570.07Bg168700.2.p	GRAS	TFF
SoffiXsponR570.04Bg167200.1.p	Top	TFF
SoffiXsponR570.1Z275300.1.p	TRAF	OTR
SoffiXsponR570.01Cg314400.1.p	GNAT	OTR
SoffiXsponR570.04Fg014200.1.p	bZIP	TFF
SoffiXsponR570.04Bg111000.1.p	C2C2-CO-like	TFF
SoffiXsponR570.10Dg094700.1.p	SAP	TFF
SoffiXsponR570.05Bg381000.3.p	bZIP	TFF
SoffiXsponR570.01Bg072000.1.p	AP2-EREBP	TFF
SoffiXsponR570.01Dg219000.1.p	GeBP	TFF
SoffiXsponR570.05Fg104300.1.p	CCAAT	TFF
SoffiXsponR570.04Bg175200.1.p	TRAF	OTR
SoffiXsponR570.01Cg089100.2.p	MYB-related	TFF
SoffiXsponR570.02Fg326500.1.p	MADS	TFF
SoffiXsponR570.06Cg181700.1.p	WRKY	TFF
SoffiXsponR570.6_9Ag057200.1.p	SAP	TFF
SoffiXsponR570.05Bg056800.1.p	AUX/IAA	OTR
SoffiXsponR570.03Ag228700.1.p	GNAT	OTR
SoffiXsponR570.04Dg081800.4.p	ARF	TFF
SoffiXsponR570.01Eg258400.2.p	Tify	TFF
SoffiXsponR570.07Eg112400.2.p	SBP	TFF
SoffiXsponR570.01Eg078900.2.p	HB	TFF
SoffiXsponR570.10Cg054100.1.p	MYB-related	TFF
SoffiXsponR570.8_10Ag146500.1.p	GRAS	TFF
SoffiXsponR570.05Gg070700.1.p	DDT	OTR
SoffiXsponR570.05Eg349700.1.p	ABI3VP1	TFF
SoffiXsponR570.01Fg315700.1.p	bHLH	TFF
SoffiXsponR570.10Eg130400.1.p	GRAS	TFF
SoffiXsponR570.05Cg252600.1.p	SET	OTR
SoffiXsponR570.03Gg070100.3.p	mTERF	OTR
SoffiXsponR570.6_9Ag288200.1.p	HSF	TFF
SoffiXsponR570.07Bg275800.2.p	SET	OTR
SoffiXsponR570.8_10Ag342300.2.p	bHLH	TFF
SoffiXsponR570.01Cg271400.3.p	GRAS	TFF
SoffiXsponR570.02Fg038200.1.p	MYB-related	TFF
SoffiXsponR570.8_5Ag070400.1.p	CCAAT	TFF
SoffiXsponR570.03Eg264300.2.p	bHLH	TFF
SoffiXsponR570.06Dg074600.3.p	mTERF	OTR
SoffiXsponR570.05Cg303200.1.p	GRAS	TFF
SoffiXsponR570.02Cg063900.2.p	MYB-related	TFF
SoffiXsponR570.01Dg229300.1.p	Top	TFF
SoffiXsponR570.02Dg273700.1.p	AP2-EREBP	TFF
SoffiXsponR570.08Ag163100.2.p	C2H2	TFF
SoffiXsponR570.03Cg105900.1.p	bHLH	TFF
SoffiXsponR570.05Cg028200.1.p	MADS	TFF
SoffiXsponR570.02Bg252700.2.p	FAR1	TFF
SoffiXsponR570.8_10Ag238800.1.p	SET	OTR
SoffiXsponR570.02Ag318400.1.p	bZIP	TFF
SoffiXsponR570.7_10Ag127300.3.p	Top	TFF
SoffiXsponR570.02Ag020600.1.p	bHLH	TFF
SoffiXsponR570.10Cg115700.1.p	bHLH	TFF
SoffiXsponR570.02Fg078700.1.p	AP2-EREBP	TFF
SoffiXsponR570.01Ag249100.2.p	GNAT	OTR
SoffiXsponR570.10Fg039900.1.p	BSD	TFF
SoffiXsponR570.05Dg189200.2.p	Tify	TFF
SoffiXsponR570.10us89g099300.1.p	AP2-EREBP	TFF
SoffiXsponR570.01Fg253600.1.p	C2C2-YABBY	TFF
SoffiXsponR570.04Gg019200.2.p	GRAS	TFF
SoffiXsponR570.04Eg131700.1.p	AUX/IAA	OTR
SoffiXsponR570.04Gg114100.2.p	TRAF	OTR
SoffiXsponR570.01Dg333700.1.p	AP2-EREBP	TFF
SoffiXsponR570.05Eg350000.1.p	WRKY	TFF
SoffiXsponR570.02Bg084600.1.p	MYB	TFF
SoffiXsponR570.02Cg404200.3.p	GRAS	TFF
SoffiXsponR570.03Eg251300.3.p	SET	OTR
SoffiXsponR570.05Ag116900.1.p	C2H2	TFF
SoffiXsponR570.05Dg113300.1.p	MYB-related	TFF
SoffiXsponR570.02Eg038600.1.p	HMG	OTR
SoffiXsponR570.06Fg159500.1.p	zf-HD	TFF
SoffiXsponR570.07Dg055600.3.p	S1Fa-like	TFF
SoffiXsponR570.03Dg001000.1.p	bZIP	TFF
SoffiXsponR570.06Gg144300.2.p	MYB-related	TFF
SoffiXsponR570.04Gg115700.1.p	ARF	TFF
SoffiXsponR570.01Ag126700.3.p	SET	OTR
SoffiXsponR570.07Eg154100.4.p	PHD	OTR
SoffiXsponR570.08Eg105400.1.p	bHLH	TFF
SoffiXsponR570.01Cg271400.2.p	GRAS	TFF
SoffiXsponR570.04Ag150500.1.p	WRKY	TFF
SoffiXsponR570.09Bg154700.1.p	NAC	TFF
SoffiXsponR570.02Dg339100.1.p	bZIP	TFF
SoffiXsponR570.02Fg243200.1.p	ABI3VP1	TFF
SoffiXsponR570.05Eg170200.1.p	Tify	TFF
SoffiXsponR570.05Dg382200.1.p	bZIP	TFF
SoffiXsponR570.10Dg017000.1.p	MYB	TFF
SoffiXsponR570.9us90g026600.2.p	PAS	TFF
SoffiXsponR570.09Bg109000.1.p	C2C2-Dof	TFF
SoffiXsponR570.09Cg029600.1.p	WRKY	TFF
SoffiXsponR570.05Dg308000.2.p	C3H	TFF
SoffiXsponR570.10Bg096200.2.p	GRF	TFF
SoffiXsponR570.01Bg049700.1.p	DDT	OTR
SoffiXsponR570.06Cg139500.4.p	TCP	TFF
SoffiXsponR570.10Cg051000.1.p	TCP	TFF
SoffiXsponR570.08Cg210500.1.p	HMG	OTR
SoffiXsponR570.05Cg151300.1.p	AP2-EREBP	TFF
SoffiXsponR570.01Bg071500.1.p	HB	TFF
SoffiXsponR570.06Dg033300.3.p	MYB	TFF
SoffiXsponR570.02Fg207400.4.p	bZIP	TFF
SoffiXsponR570.10Dg074300.1.p	Top	TFF
SoffiXsponR570.8_5Ag264700.3.p	bZIP	TFF
SoffiXsponR570.02Bg090500.1.p	MYB-related	TFF
SoffiXsponR570.01Ag454000.1.p	ARR-B	TFF
SoffiXsponR570.09Dg014200.1.p	GRAS	TFF
SoffiXsponR570.02Gg233000.1.p	GRAS	TFF
SoffiXsponR570.05Eg231600.1.p	SRS	TFF
SoffiXsponR570.01Eg390600.6.p	FAR1	TFF
SoffiXsponR570.01Dg346200.6.p	HB	TFF
SoffiXsponR570.8_5Ag224000.2.p	Tudor-knot	OTR
SoffiXsponR570.03Ag273000.1.p	NAC	TFF
SoffiXsponR570.1Z083100.1.p	HSF	TFF
SoffiXsponR570.04Ag017500.4.p	GRF	TFF
SoffiXsponR570.01Bg020200.1.p	mTERF	OTR
SoffiXsponR570.08Bg019000.1.p	NAC	TFF
SoffiXsponR570.09Dg083200.1.p	NAC	TFF
SoffiXsponR570.01Bg133400.1.p	bHLH	TFF
SoffiXsponR570.07Cg106100.1.p	GNAT	OTR
SoffiXsponR570.02Eg037500.1.p	WRKY	TFF
SoffiXsponR570.02Eg049600.1.p	MADS	TFF
SoffiXsponR570.1Z054100.7.p	SET	OTR
SoffiXsponR570.02Gg175700.1.p	HSF	TFF
SoffiXsponR570.01Cg177000.2.p	GNAT	OTR
SoffiXsponR570.02Fg128900.1.p	SBP	TFF
SoffiXsponR570.02Bg320700.5.p	C2H2	TFF
SoffiXsponR570.07Cg102800.1.p	NAC	TFF
SoffiXsponR570.06Ag215900.1.p	WRKY	TFF
SoffiXsponR570.03Eg128300.3.p	SET	OTR
SoffiXsponR570.7_10Ag342700.1.p	AP2-EREBP	TFF
SoffiXsponR570.03Bg157500.1.p	NAC	TFF
SoffiXsponR570.5_9Ag400900.1.p	bZIP	TFF
SoffiXsponR570.7_10Ag313700.2.p	MADS	TFF
SoffiXsponR570.05Bg146900.2.p	SET	OTR
SoffiXsponR570.05Fg278600.7.p	MYB	TFF
SoffiXsponR570.05Fg162800.1.p	AP2-EREBP	TFF
SoffiXsponR570.09Dg024200.1.p	GRAS	TFF
SoffiXsponR570.08Dg103800.1.p	TCP	TFF
SoffiXsponR570.04Dg008500.1.p	MYB	TFF
SoffiXsponR570.07Bg249900.1.p	MYB-related	TFF
SoffiXsponR570.09Dg025200.4.p	C3H	TFF
SoffiXsponR570.05Dg230900.1.p	NAC	TFF
SoffiXsponR570.05Eg220400.1.p	bZIP	TFF
SoffiXsponR570.03Eg200700.3.p	MYB-related	TFF
SoffiXsponR570.09Cg141700.1.p	CPP	TFF
SoffiXsponR570.03Cg142700.1.p	HSF	TFF
SoffiXsponR570.04Fg092500.1.p	HB	TFF
SoffiXsponR570.07Cg136400.1.p	C1-4-t1	TFF
SoffiXsponR570.1Z108800.2.p	FAR1	TFF
SoffiXsponR570.08Ag172000.1.p	bHLH	TFF
SoffiXsponR570.03Dg012800.1.p	bHLH	TFF
SoffiXsponR570.04Bg243700.2.p	C3H	TFF
SoffiXsponR570.03Eg267500.1.p	bHLH	TFF
SoffiXsponR570.01Dg126600.1.p	TIG	TFF
SoffiXsponR570.05Ag193100.1.p	bZIP	TFF
SoffiXsponR570.08Ag058800.2.p	MYB-related	TFF
SoffiXsponR570.05Cg207300.1.p	bZIP	TFF
SoffiXsponR570.02Eg019600.1.p	NOZZLE	TFF
SoffiXsponR570.6_9Ag191400.1.p	FHA	TFF
SoffiXsponR570.07Eg199600.1.p	MYB-related	TFF
SoffiXsponR570.01Fg046700.1.p	HSF	TFF
SoffiXsponR570.02Cg271000.2.p	HB	TFF
SoffiXsponR570.6_9Ag116900.1.p	AP2-EREBP	TFF
SoffiXsponR570.1Z282200.2.p	bHLH	TFF
SoffiXsponR570.08Ag145400.1.p	GeBP	TFF
SoffiXsponR570.07Bg228300.1.p	GNAT	OTR
SoffiXsponR570.01Ag542800.3.p	Trihelix	TFF
SoffiXsponR570.4us91g002800.1.p	TCP	TFF
SoffiXsponR570.02Fg363600.1.p	C2H2	TFF
SoffiXsponR570.05Ag152900.1.p	MYB-related	TFF
SoffiXsponR570.04Fg156400.1.p	MYB-related	TFF
SoffiXsponR570.05Gg052500.9.p	PHD	OTR
SoffiXsponR570.02Fg314400.1.p	bZIP	TFF
SoffiXsponR570.05Gg190900.1.p	MYB	TFF
SoffiXsponR570.03Dg135300.1.p	bHLH	TFF
SoffiXsponR570.05Gg112500.2.p	BBR/BPC	TFF
SoffiXsponR570.5_9Ag344500.1.p	MADS	TFF
SoffiXsponR570.05Eg292800.3.p	bHLH	TFF
SoffiXsponR570.08Cg189200.1.p	SBP	TFF
SoffiXsponR570.08Cg185500.1.p	TRAF	OTR
SoffiXsponR570.4os1g001700.1.p	G2-like	TFF
SoffiXsponR570.6_9Ag075800.1.p	MADS	TFF
SoffiXsponR570.10Ag066100.3.p	MYB-related	TFF
SoffiXsponR570.10Bg012800.1.p	TRAF	OTR
SoffiXsponR570.03Dg161800.1.p	MADS	TFF
SoffiXsponR570.04Cg091600.2.p	MADS	TFF
SoffiXsponR570.02Dg303000.1.p	bZIP	TFF
SoffiXsponR570.02Bg203000.1.p	AUX/IAA	OTR
SoffiXsponR570.01Ag067600.1.p	TCP	TFF
SoffiXsponR570.5_9Ag094900.4.p	FAR1	TFF
SoffiXsponR570.02Bg313600.2.p	bZIP	TFF
SoffiXsponR570.02Gg018100.3.p	Top	TFF
SoffiXsponR570.07Cg228200.1.p	GNAT	OTR
SoffiXsponR570.1Z282200.3.p	bHLH	TFF
SoffiXsponR570.01Eg195600.4.p	Trihelix	TFF
SoffiXsponR570.01Cg020000.2.p	TFIIS	TFF
SoffiXsponR570.01Fg309000.2.p	MYB-related	TFF
SoffiXsponR570.06Fg144500.1.p	DDT	OTR
SoffiXsponR570.02Bg060800.2.p	bHLH	TFF
SoffiXsponR570.03Fg058100.1.p	MADS	TFF
SoffiXsponR570.01Eg402000.5.p	HB	TFF
SoffiXsponR570.01Ag543300.5.p	SWI/SNF-BAF60b	OTR
SoffiXsponR570.08Cg052500.2.p	NAC	TFF
SoffiXsponR570.10Ag224400.1.p	GRAS	TFF
SoffiXsponR570.05Gg180500.1.p	C2H2	TFF
SoffiXsponR570.06Ag085400.1.p	FHA	TFF
SoffiXsponR570.03Ag328300.1.p	zf-C5HC2	TFF
SoffiXsponR570.01Cg107300.1.p	Tify	TFF
SoffiXsponR570.02Cg335800.1.p	MYB	TFF
SoffiXsponR570.02Fg247200.2.p	WRKY	TFF
SoffiXsponR570.07Eg049100.1.p	MADS	TFF
SoffiXsponR570.10Cg111400.1.p	PAS	TFF
SoffiXsponR570.01Bg166900.2.p	mTERF	OTR
SoffiXsponR570.6_9Ag063000.1.p	MYB	TFF
SoffiXsponR570.05Eg159200.1.p	bHLH	TFF
SoffiXsponR570.06Cg089000.2.p	NAC	TFF
SoffiXsponR570.01Fg035000.1.p	ARID	OTR
SoffiXsponR570.02Bg055300.1.p	MYB	TFF
SoffiXsponR570.8_10Ag327900.1.p	zf-A20	TFF
SoffiXsponR570.05Bg250500.1.p	mTERF	OTR
SoffiXsponR570.6us88g052400.1.p	GRAS	TFF
SoffiXsponR570.7os1g008800.4.p	SET	OTR
SoffiXsponR570.02Bg145500.5.p	zf-BED	TFF
SoffiXsponR570.03Ag227000.2.p	zf-C5HC2	TFF
SoffiXsponR570.8_5Ag214800.1.p	AP2-EREBP	TFF
SoffiXsponR570.09Dg047000.1.p	PHD	OTR
SoffiXsponR570.01Bg415200.1.p	MADS	TFF
SoffiXsponR570.08Bg189100.1.p	SBP	TFF
SoffiXsponR570.02Fg201600.1.p	GRAS	TFF
SoffiXsponR570.05Dg224600.1.p	NAC	TFF
SoffiXsponR570.05Ag213000.1.p	bHLH	TFF
SoffiXsponR570.03Cg158900.1.p	AP2-EREBP	TFF
SoffiXsponR570.03Cg326000.1.p	C2H2	TFF
SoffiXsponR570.05Fg246200.1.p	mTERF	OTR
SoffiXsponR570.03Bg220300.8.p	zf-C5HC2	TFF
SoffiXsponR570.10Ag049900.1.p	OFP	TFF
SoffiXsponR570.04Cg050700.1.p	WRKY	TFF
SoffiXsponR570.7_10Ag342000.2.p	AP2-EREBP	TFF
SoffiXsponR570.02Ag035200.1.p	bHLH	TFF
SoffiXsponR570.10Ag196400.2.p	FHA	TFF
SoffiXsponR570.04Bg078400.1.p	GRF	TFF
SoffiXsponR570.05Bg169500.2.p	CCAAT	TFF
SoffiXsponR570.07Cg191800.1.p	MYB	TFF
SoffiXsponR570.01Fg339500.3.p	Not1	TFF
SoffiXsponR570.10Ag106700.1.p	MYB	TFF
SoffiXsponR570.10Fg124200.1.p	GRAS	TFF
SoffiXsponR570.10Dg196400.1.p	GRAS	TFF
SoffiXsponR570.02Eg003900.1.p	ABI3VP1	TFF
SoffiXsponR570.07Ag149900.1.p	AP2-EREBP	TFF
SoffiXsponR570.5_9Ag432400.1.p	ABI3VP1	TFF
SoffiXsponR570.7os1g029900.1.p	bHLH	TFF
SoffiXsponR570.01Eg034800.1.p	mTERF	OTR
SoffiXsponR570.05Cg290000.1.p	GRAS	TFF
SoffiXsponR570.03Ag189500.2.p	mTERF	OTR
SoffiXsponR570.04Dg136900.1.p	MADS	TFF
SoffiXsponR570.06Bg038400.1.p	AUX/IAA	OTR
SoffiXsponR570.02Eg037400.1.p	PAS	TFF
SoffiXsponR570.08Ag069200.1.p	SET	OTR
SoffiXsponR570.09Dg124000.2.p	bHLH	TFF
SoffiXsponR570.07Cg039800.3.p	bHLH	TFF
SoffiXsponR570.05Ag132700.2.p	BES1	TFF
SoffiXsponR570.03Cg165900.3.p	C2H2	TFF
SoffiXsponR570.01Ag090800.2.p	PAS	TFF
SoffiXsponR570.3os1g013400.1.p	FAR1	TFF
SoffiXsponR570.01Dg277700.2.p	GRAS	TFF
SoffiXsponR570.05Fg204600.1.p	SBP	TFF
SoffiXsponR570.02Dg266700.1.p	AUX/IAA	OTR
SoffiXsponR570.08Cg073800.2.p	ABI3VP1	TFF
SoffiXsponR570.02Bg261900.1.p	bHLH	TFF
SoffiXsponR570.03Eg238200.1.p	E2F-DP	TFF
SoffiXsponR570.02Gg096300.3.p	Top	TFF
SoffiXsponR570.8_5Ag146400.1.p	C2H2	TFF
SoffiXsponR570.07Ag147600.3.p	SET	OTR
SoffiXsponR570.04Bg173400.1.p	MYB-related	TFF
SoffiXsponR570.05Gg103600.1.p	WRKY	TFF
SoffiXsponR570.03Bg051400.5.p	ARF	TFF
SoffiXsponR570.04Ag266600.4.p	bZIP	TFF
SoffiXsponR570.02Ag019500.2.p	PHD	OTR
SoffiXsponR570.03Eg277600.2.p	MYB-related	TFF
SoffiXsponR570.05Ag181000.3.p	ARID	OTR
SoffiXsponR570.01Bg333200.1.p	Jumonji	OTR
SoffiXsponR570.08Dg007700.2.p	C3H	TFF
SoffiXsponR570.02Eg049300.3.p	MED26	OTR
SoffiXsponR570.01Bg481200.5.p	HB	TFF
SoffiXsponR570.02Gg248300.5.p	TUB	TFF
SoffiXsponR570.02Ag112100.2.p	C3H	TFF
SoffiXsponR570.04Fg080500.2.p	zf-A20	TFF
SoffiXsponR570.02Gg133400.1.p	E2F-DP	TFF
SoffiXsponR570.05Gg130300.1.p	AP2-EREBP	TFF
SoffiXsponR570.09Cg124000.3.p	GRAS	TFF
SoffiXsponR570.05Fg246700.2.p	WRKY	TFF
SoffiXsponR570.02Fg313300.1.p	C2C2-Dof	TFF
SoffiXsponR570.6_9Ag310700.2.p	C3H	TFF
SoffiXsponR570.05Ag241500.2.p	Pseudo_ARR-B	OTR
SoffiXsponR570.05Fg029800.2.p	mTERF	OTR
SoffiXsponR570.01Dg126600.2.p	TIG	TFF
SoffiXsponR570.07Bg213600.2.p	ABI3VP1	TFF
SoffiXsponR570.8_10Ag341300.2.p	bHLH	TFF
SoffiXsponR570.8_5Ag036500.4.p	zf-LSD1	TFF
SoffiXsponR570.02Eg236000.1.p	WRKY	TFF
SoffiXsponR570.7_10Ag274700.2.p	bHLH	TFF
SoffiXsponR570.1Z252900.1.p	MYB	TFF
SoffiXsponR570.02Gg181500.1.p	C2C2-Dof	TFF
SoffiXsponR570.6us88g027800.1.p	bHLH	TFF
SoffiXsponR570.07Dg211800.1.p	MED7	OTR
SoffiXsponR570.05Bg178000.1.p	NAC	TFF
SoffiXsponR570.02Bg265200.2.p	Top	TFF
SoffiXsponR570.03Ag235700.1.p	MYB-related	TFF
SoffiXsponR570.02Ag057700.1.p	MYB	TFF
SoffiXsponR570.01Ag141600.1.p	HB	TFF
SoffiXsponR570.02Bg004100.6.p	ARF	TFF
SoffiXsponR570.05Dg336900.1.p	AP2-EREBP	TFF
SoffiXsponR570.08Bg082800.1.p	PHD	OTR
SoffiXsponR570.05Cg121600.1.p	CCAAT	TFF
SoffiXsponR570.08Bg132700.1.p	AP2-EREBP	TFF
SoffiXsponR570.01Fg249000.2.p	MYB-related	TFF
SoffiXsponR570.05Gg184900.3.p	bHLH	TFF
SoffiXsponR570.8_5Ag056800.3.p	NAC	TFF
SoffiXsponR570.02Ag114100.1.p	NAC	TFF
SoffiXsponR570.03Bg007500.6.p	Jumonji	OTR
SoffiXsponR570.5_9Ag432900.1.p	ABI3VP1	TFF
SoffiXsponR570.04Ag104200.2.p	RWP-RK	TFF
SoffiXsponR570.08Dg143200.2.p	C2H2	TFF
SoffiXsponR570.5_9Ag051400.1.p	Tudor-knot	OTR
SoffiXsponR570.05Dg353600.1.p	HSF	TFF
SoffiXsponR570.06Ag130400.2.p	bHLH	TFF
SoffiXsponR570.1Z146700.1.p	C2C2-Dof	TFF
SoffiXsponR570.02Gg102700.2.p	C3H	TFF
SoffiXsponR570.8_5Ag182900.5.p	FHA	TFF
SoffiXsponR570.05Fg314500.1.p	MYB-related	TFF
SoffiXsponR570.07Bg126000.2.p	RWP-RK	TFF
SoffiXsponR570.6_9Ag116900.3.p	AP2-EREBP	TFF
SoffiXsponR570.03Eg134600.1.p	Alfin-like	TFF
SoffiXsponR570.09Cg149600.1.p	CCAAT	TFF
SoffiXsponR570.05Cg049600.8.p	PHD	OTR
SoffiXsponR570.07Eg061000.1.p	NAC	TFF
SoffiXsponR570.02Eg201400.1.p	NAC	TFF
SoffiXsponR570.02Fg338900.5.p	ABI3VP1	TFF
SoffiXsponR570.02Bg394400.1.p	AP2-EREBP	TFF
SoffiXsponR570.01Cg054300.1.p	GRF	TFF
SoffiXsponR570.06Cg161000.1.p	MYB	TFF
SoffiXsponR570.5_9Ag230700.1.p	MYB	TFF
SoffiXsponR570.01Ag481100.6.p	MADS	TFF
SoffiXsponR570.8_10Ag128700.4.p	PAS	TFF
SoffiXsponR570.02Bg003000.2.p	G2-like	TFF
SoffiXsponR570.05Bg232200.1.p	MYB	TFF
SoffiXsponR570.05Cg078000.1.p	SET	OTR
SoffiXsponR570.03Eg089800.1.p	bZIP	TFF
SoffiXsponR570.8_5Ag086500.5.p	PHD	OTR
SoffiXsponR570.08Dg055600.1.p	TRAF	OTR
SoffiXsponR570.08Eg083200.2.p	SET	OTR
SoffiXsponR570.05Bg221300.1.p	bHLH	TFF
SoffiXsponR570.01Fg252600.1.p	bHLH	TFF
SoffiXsponR570.02Dg085200.1.p	MYB-related	TFF
SoffiXsponR570.8_10Ag109500.2.p	MADS	TFF
SoffiXsponR570.01Bg280500.2.p	Not1	TFF
SoffiXsponR570.05Dg273400.4.p	FAR1	TFF
SoffiXsponR570.08Cg170700.1.p	SBP	TFF
SoffiXsponR570.02Dg069800.1.p	Top	TFF
SoffiXsponR570.09Dg103300.1.p	bHLH	TFF
SoffiXsponR570.04Fg081000.1.p	bHLH	TFF
SoffiXsponR570.02Fg327500.1.p	NAC	TFF
SoffiXsponR570.02Bg296400.1.p	CCAAT	TFF
SoffiXsponR570.9us90g035700.5.p	GRAS	TFF
SoffiXsponR570.01Dg158100.1.p	MYB-related	TFF
SoffiXsponR570.09Dg121800.1.p	NAC	TFF
SoffiXsponR570.09Ag053400.1.p	AP2-EREBP	TFF
SoffiXsponR570.01Fg280800.1.p	GNAT	OTR
SoffiXsponR570.04Eg001000.1.p	G2-like	TFF
SoffiXsponR570.07Ag219300.1.p	mTERF	OTR
SoffiXsponR570.04Fg055100.2.p	AP2-EREBP	TFF
SoffiXsponR570.03Cg165900.1.p	C2H2	TFF
SoffiXsponR570.07Cg005000.1.p	C3H	TFF
SoffiXsponR570.08Eg021500.1.p	TRAF	OTR
SoffiXsponR570.04Cg111100.2.p	zf-fF-X1	TFF
SoffiXsponR570.09Eg094200.1.p	FHA	TFF
SoffiXsponR570.01Ag292800.1.p	NAC	TFF
SoffiXsponR570.03Bg058000.1.p	SBP	TFF
SoffiXsponR570.05Ag224600.1.p	NAC	TFF
SoffiXsponR570.10Eg113100.1.p	PAS	TFF
SoffiXsponR570.01Cg374900.1.p	FHA	TFF
SoffiXsponR570.01Eg113900.2.p	GRAS	TFF
SoffiXsponR570.5_9Ag469200.1.p	PHD	OTR
SoffiXsponR570.02Bg192800.3.p	bZIP	TFF
SoffiXsponR570.06Gg108900.1.p	HSF	TFF
SoffiXsponR570.03Dg304300.2.p	GNAT	OTR
SoffiXsponR570.03Bg007500.7.p	Jumonji	OTR
SoffiXsponR570.01Bg424100.1.p	bHLH	TFF
SoffiXsponR570.08Bg175200.1.p	bHLH	TFF
SoffiXsponR570.03Ag287800.1.p	mTERF	OTR
SoffiXsponR570.03Dg168700.1.p	SET	OTR
SoffiXsponR570.07Ag232300.4.p	FAR1	TFF
SoffiXsponR570.04Cg117700.4.p	zf-C5HC2	TFF
SoffiXsponR570.01Eg270200.1.p	SAP	TFF
SoffiXsponR570.03Gg074600.3.p	MYB-related	TFF
SoffiXsponR570.03Dg071000.1.p	PLATZ	TFF
SoffiXsponR570.6us88g028900.1.p	WRKY	TFF
SoffiXsponR570.03Ag304000.2.p	GNAT	OTR
SoffiXsponR570.01Dg281000.3.p	LIM	TFF
SoffiXsponR570.03Cg224800.2.p	C2H2	TFF
SoffiXsponR570.03Cg091800.2.p	HB	TFF
SoffiXsponR570.05Cg207800.1.p	SBP	TFF
SoffiXsponR570.10Dg196300.1.p	GRAS	TFF
SoffiXsponR570.06Ag126300.1.p	C2H2	TFF
SoffiXsponR570.01Cg213600.1.p	MYB-related	TFF
SoffiXsponR570.05Bg295700.3.p	FAR1	TFF
SoffiXsponR570.04Gg061000.2.p	BBR/BPC	TFF
SoffiXsponR570.01Bg083200.2.p	MADS	TFF
SoffiXsponR570.07Bg053000.8.p	TIG	TFF
SoffiXsponR570.5_9Ag050200.4.p	MYB	TFF
SoffiXsponR570.04Fg009400.3.p	zf-fF-X1	TFF
SoffiXsponR570.04Ag254300.5.p	SBP	TFF
SoffiXsponR570.02Cg321600.1.p	bHLH	TFF
SoffiXsponR570.03Gg006600.1.p	bZIP	TFF
SoffiXsponR570.02Ag379200.1.p	ABI3VP1	TFF
SoffiXsponR570.8_5Ag213800.1.p	FAR1	TFF
SoffiXsponR570.10Bg049300.1.p	NAC	TFF
SoffiXsponR570.08Dg107400.1.p	zf-HD	TFF
SoffiXsponR570.05Dg262200.1.p	C2H2	TFF
SoffiXsponR570.02Ag351600.1.p	NAC	TFF
SoffiXsponR570.02Eg341600.2.p	MYB-related	TFF
SoffiXsponR570.07Eg009200.1.p	MYB	TFF
SoffiXsponR570.03Dg195800.3.p	ABI3VP1	TFF
SoffiXsponR570.01Ag532700.1.p	MADS	TFF
SoffiXsponR570.03Cg248100.1.p	MADS	TFF
SoffiXsponR570.05Bg375400.1.p	bZIP	TFF
SoffiXsponR570.8_10Ag204800.1.p	PHD	OTR
SoffiXsponR570.01Cg241100.2.p	bZIP	TFF
SoffiXsponR570.01Eg125300.2.p	GRAS	TFF
SoffiXsponR570.05Fg265600.1.p	GRAS	TFF
SoffiXsponR570.03Ag195500.4.p	FAR1	TFF
SoffiXsponR570.7_10Ag014000.1.p	WRKY	TFF
SoffiXsponR570.09Eg071200.1.p	RWP-RK	TFF
SoffiXsponR570.10Eg117100.1.p	AP2-EREBP	TFF
SoffiXsponR570.07Cg022900.1.p	C2H2	TFF
SoffiXsponR570.05Cg186900.1.p	FAR1	TFF
SoffiXsponR570.01Fg191300.1.p	MYB	TFF
SoffiXsponR570.05Eg353000.3.p	EIL	TFF
SoffiXsponR570.01Cg331400.2.p	AP2-EREBP	TFF
SoffiXsponR570.01Bg155000.2.p	LIM	TFF
SoffiXsponR570.03Eg040500.4.p	SBP	TFF
SoffiXsponR570.01Bg140300.2.p	WRKY	TFF
SoffiXsponR570.8_5Ag172600.1.p	bHLH	TFF
SoffiXsponR570.7_10Ag267500.1.p	AP2-EREBP	TFF
SoffiXsponR570.05Dg108000.1.p	BBR/BPC	TFF
SoffiXsponR570.10Ag101900.1.p	AUX/IAA	OTR
SoffiXsponR570.05Dg377200.1.p	WRKY	TFF
SoffiXsponR570.01Cg237700.3.p	EIL	TFF
SoffiXsponR570.06Fg162700.1.p	WRKY	TFF
SoffiXsponR570.05Fg138600.2.p	bHLH	TFF
SoffiXsponR570.10Ag187400.1.p	FHA	TFF
SoffiXsponR570.02Bg195200.1.p	MYB-related	TFF
SoffiXsponR570.01Eg303100.4.p	EIL	TFF
SoffiXsponR570.05Bg021500.1.p	FAR1	TFF
SoffiXsponR570.9os1g020800.4.p	C2C2-GATA	TFF
SoffiXsponR570.02Eg358400.1.p	NAC	TFF
SoffiXsponR570.01Cg052300.2.p	HB	TFF
SoffiXsponR570.01Eg136500.1.p	C3H	TFF
SoffiXsponR570.07Bg060500.1.p	AP2-EREBP	TFF
SoffiXsponR570.03Cg288500.1.p	zf-HD	TFF
SoffiXsponR570.02Fg036900.3.p	NAC	TFF
SoffiXsponR570.02Cg390100.3.p	ARF	TFF
SoffiXsponR570.05Fg214900.2.p	FHA	TFF
SoffiXsponR570.02Ag198400.1.p	Top	TFF
SoffiXsponR570.04Bg037400.1.p	PBF-2-like	TFF
SoffiXsponR570.01Cg017100.1.p	AP2-EREBP	TFF
SoffiXsponR570.06Eg030300.4.p	SAP	TFF
SoffiXsponR570.03Ag153800.1.p	E2F-DP	TFF
SoffiXsponR570.06Dg024600.2.p	bHLH	TFF
SoffiXsponR570.02Ag277700.1.p	SWI/SNF-BAF60b	OTR
SoffiXsponR570.6us88g099100.2.p	E2F-DP	TFF
SoffiXsponR570.01Bg443400.1.p	AP2-EREBP	TFF
SoffiXsponR570.03Bg141200.3.p	SET	OTR
SoffiXsponR570.02Eg040400.1.p	CCAAT	TFF
SoffiXsponR570.01Bg155000.3.p	LIM	TFF
SoffiXsponR570.08Bg000800.1.p	ABI3VP1	TFF
SoffiXsponR570.10Fg113600.1.p	GRAS	TFF
SoffiXsponR570.03Dg259200.2.p	C2C2-Dof	TFF
SoffiXsponR570.01Cg223700.1.p	Jumonji	OTR
SoffiXsponR570.02Fg274700.1.p	Top	TFF
SoffiXsponR570.04Ag115400.2.p	zf-fF-X1	TFF
SoffiXsponR570.07Cg089300.1.p	Alfin-like	TFF
SoffiXsponR570.10Ag129300.1.p	bHLH	TFF
SoffiXsponR570.04Cg192800.5.p	AP2-EREBP	TFF
SoffiXsponR570.01Eg387600.6.p	MADS	TFF
SoffiXsponR570.01Eg236800.1.p	AP2-EREBP	TFF
SoffiXsponR570.01Dg085500.1.p	GeBP	TFF
SoffiXsponR570.03Ag049300.1.p	ARF	TFF
SoffiXsponR570.08Cg074200.1.p	AP2-EREBP	TFF
SoffiXsponR570.06Dg095600.1.p	GNAT	OTR
SoffiXsponR570.09Ag169200.1.p	HB	TFF
SoffiXsponR570.01Fg209900.2.p	Pseudo_ARR-B	OTR
SoffiXsponR570.6_9Ag237300.1.p	C2H2	TFF
SoffiXsponR570.06Ag200700.3.p	C3H	TFF
SoffiXsponR570.5_9Ag348900.2.p	bZIP	TFF
SoffiXsponR570.01Ag454000.4.p	MYB-related	TFF
SoffiXsponR570.07Eg040500.2.p	FHA	TFF
SoffiXsponR570.05Ag181200.1.p	AP2-EREBP	TFF
SoffiXsponR570.02Bg313800.4.p	bZIP	TFF
SoffiXsponR570.05Bg162900.1.p	bHLH	TFF
SoffiXsponR570.05Eg231700.1.p	Pseudo_ARR-B	OTR
SoffiXsponR570.01Dg071400.1.p	MYB	TFF
SoffiXsponR570.01Ag423600.3.p	GRAS	TFF
SoffiXsponR570.09Bg003700.1.p	SAP	TFF
SoffiXsponR570.05Gg199900.3.p	WRKY	TFF
SoffiXsponR570.7_10Ag206100.2.p	MADS	TFF
SoffiXsponR570.01Bg156600.3.p	ABI3VP1	TFF
SoffiXsponR570.02Ag105400.1.p	mTERF	OTR
SoffiXsponR570.02Cg066900.2.p	CCAAT	TFF
SoffiXsponR570.06Dg157100.1.p	bHLH	TFF
SoffiXsponR570.09Ag167900.1.p	bZIP	TFF
SoffiXsponR570.6_9Ag017200.1.p	GRAS	TFF
SoffiXsponR570.04Gg119600.1.p	PLATZ	TFF
SoffiXsponR570.02Cg002600.2.p	G2-like	TFF
SoffiXsponR570.09Bg015900.1.p	bHLH	TFF
SoffiXsponR570.10Eg013000.1.p	Alfin-like	TFF
SoffiXsponR570.06Cg156600.1.p	WRKY	TFF
SoffiXsponR570.8_5Ag136700.3.p	SET	OTR
SoffiXsponR570.03Cg289200.1.p	TUB	TFF
SoffiXsponR570.03Bg058800.3.p	bZIP	TFF
SoffiXsponR570.7_10Ag049900.4.p	HB	TFF
SoffiXsponR570.07Ag180800.1.p	bHLH	TFF
SoffiXsponR570.09Ag040500.1.p	DDT	OTR
SoffiXsponR570.6_9Ag118600.1.p	SAP	TFF
SoffiXsponR570.5_9Ag405600.1.p	TFIID	TFF
SoffiXsponR570.04Bg106500.1.p	zf-fF-X1	TFF
SoffiXsponR570.05Dg259300.1.p	HMG	OTR
SoffiXsponR570.05Dg214000.1.p	CCAAT	TFF
SoffiXsponR570.01Eg331900.4.p	GRAS	TFF
SoffiXsponR570.09Ag052800.9.p	SAP	TFF
SoffiXsponR570.02Bg329300.1.p	PHD	OTR
SoffiXsponR570.05Dg331900.2.p	CCAAT	TFF
SoffiXsponR570.01Eg169800.1.p	ABI3VP1	TFF
SoffiXsponR570.05Bg038100.1.p	Tify	TFF
SoffiXsponR570.01Ag205400.2.p	C2C2-YABBY	TFF
SoffiXsponR570.05Ag381700.1.p	EIL	TFF
SoffiXsponR570.04Ag008200.1.p	MYB	TFF
SoffiXsponR570.02Fg236500.1.p	MYB-related	TFF
SoffiXsponR570.05Gg001100.1.p	TRAF	OTR
SoffiXsponR570.07Bg101300.1.p	MADS	TFF
SoffiXsponR570.03Bg003700.1.p	MADS	TFF
SoffiXsponR570.02Cg318400.1.p	zf-BED	TFF
SoffiXsponR570.01Ag055900.2.p	MYB	TFF
SoffiXsponR570.02Fg081600.1.p	bZIP	TFF
SoffiXsponR570.05Fg252000.1.p	C2H2	TFF
SoffiXsponR570.03Ag197600.1.p	C2C2-CO-like	TFF
SoffiXsponR570.01Bg105800.2.p	MYB	TFF
SoffiXsponR570.01Bg226800.4.p	TRAF	OTR
SoffiXsponR570.6_9Ag120200.1.p	MYB-related	TFF
SoffiXsponR570.10Cg105000.1.p	GRAS	TFF
SoffiXsponR570.08Ag152500.3.p	SET	OTR
SoffiXsponR570.04Cg211900.1.p	TRAF	OTR
SoffiXsponR570.07Cg159500.2.p	C2C2-GATA	TFF
SoffiXsponR570.01Bg343900.3.p	C3H	TFF
SoffiXsponR570.04Fg071000.2.p	FAR1	TFF
SoffiXsponR570.6us88g040400.2.p	AP2-EREBP	TFF
SoffiXsponR570.06Eg086300.1.p	WRKY	TFF
SoffiXsponR570.08Ag095200.3.p	SET	OTR
SoffiXsponR570.06Ag163100.1.p	TCP	TFF
SoffiXsponR570.10Ag132700.5.p	RB	OTR
SoffiXsponR570.9us90g001500.2.p	ARF	TFF
SoffiXsponR570.01Bg106200.2.p	PAS	TFF
SoffiXsponR570.02Bg192800.1.p	bZIP	TFF
SoffiXsponR570.10Fg029100.4.p	RB	OTR
SoffiXsponR570.06Cg184400.1.p	C3H	TFF
SoffiXsponR570.02Fg357800.2.p	SET	OTR
SoffiXsponR570.1Z089300.1.p	NAC	TFF
SoffiXsponR570.03Dg134400.1.p	WRKY	TFF
SoffiXsponR570.03Gg078200.1.p	WRKY	TFF
SoffiXsponR570.02Ag362400.3.p	SET	OTR
SoffiXsponR570.03Ag307000.2.p	CCAAT	TFF
SoffiXsponR570.03Cg067000.2.p	HB	TFF
SoffiXsponR570.01Ag327700.1.p	OFP	TFF
SoffiXsponR570.02Ag301000.2.p	Top	TFF
SoffiXsponR570.01Ag513200.1.p	MYB	TFF
SoffiXsponR570.03Ag286500.1.p	bHLH	TFF
SoffiXsponR570.02Gg246200.1.p	OFP	TFF
SoffiXsponR570.01Ag353200.1.p	zf-LSD1	TFF
SoffiXsponR570.6_9Ag086300.1.p	bZIP	TFF
SoffiXsponR570.1Z022700.1.p	GeBP	TFF
SoffiXsponR570.04Eg147200.3.p	bZIP	TFF
SoffiXsponR570.01Bg360700.1.p	C3H	TFF
SoffiXsponR570.01Eg271100.2.p	bHLH	TFF
SoffiXsponR570.09Dg020600.2.p	SET	OTR
SoffiXsponR570.06Cg136700.1.p	CPP	TFF
SoffiXsponR570.03Bg147800.8.p	bHLH	TFF
SoffiXsponR570.5_9Ag075100.1.p	C2H2	TFF
SoffiXsponR570.01Fg171800.3.p	TUB	TFF
SoffiXsponR570.04Cg076900.4.p	bHLH	TFF
SoffiXsponR570.5_9Ag246400.1.p	OFP	TFF
SoffiXsponR570.01Fg151600.2.p	zf-LSD1	TFF
SoffiXsponR570.04Bg188500.2.p	Top	TFF
SoffiXsponR570.01Bg158100.7.p	ABI3VP1	TFF
SoffiXsponR570.05Dg108600.1.p	AP2-EREBP	TFF
SoffiXsponR570.01Ag173700.2.p	ABI3VP1	TFF
SoffiXsponR570.01Bg166300.1.p	FHA	TFF
SoffiXsponR570.02Cg427600.1.p	C2C2-GATA	TFF
SoffiXsponR570.05Bg356700.1.p	BSD	TFF
SoffiXsponR570.02Bg340300.1.p	AP2-EREBP	TFF
SoffiXsponR570.05Bg144000.1.p	GNAT	OTR
SoffiXsponR570.06Cg036500.1.p	bHLH	TFF
SoffiXsponR570.02Cg327300.1.p	CCAAT	TFF
SoffiXsponR570.07Bg280700.1.p	bZIP	TFF
SoffiXsponR570.03Bg270600.1.p	AP2-EREBP	TFF
SoffiXsponR570.04Eg117900.1.p	AP2-EREBP	TFF
SoffiXsponR570.05Eg168200.2.p	AP2-EREBP	TFF
SoffiXsponR570.02Dg111200.2.p	C3H	TFF
SoffiXsponR570.03Fg058500.4.p	ARF	TFF
SoffiXsponR570.04Eg161100.3.p	PHD	OTR
SoffiXsponR570.7_10Ag302100.1.p	MYB-related	TFF
SoffiXsponR570.08Dg111500.2.p	AP2-EREBP	TFF
SoffiXsponR570.01Ag126700.1.p	SET	OTR
SoffiXsponR570.10Bg136400.2.p	Top	TFF
SoffiXsponR570.8_10Ag305700.1.p	MADS	TFF
SoffiXsponR570.07Ag064800.5.p	E2F-DP	TFF
SoffiXsponR570.06Dg075400.1.p	mTERF	OTR
SoffiXsponR570.02Dg070700.2.p	MADS	TFF
SoffiXsponR570.04Dg069000.1.p	DBP	TFF
SoffiXsponR570.01Fg265900.1.p	OFP	TFF
SoffiXsponR570.05Cg211200.2.p	NAC	TFF
SoffiXsponR570.7_10Ag333000.2.p	GNAT	OTR
SoffiXsponR570.03Bg030500.2.p	BES1	TFF
SoffiXsponR570.03Dg231400.1.p	AP2-EREBP	TFF
SoffiXsponR570.02Gg289700.2.p	Tify	TFF
SoffiXsponR570.03Eg173500.2.p	TCP	TFF
SoffiXsponR570.09Cg136000.2.p	ABI3VP1	TFF
SoffiXsponR570.01Eg091800.2.p	PAS	TFF
SoffiXsponR570.06Gg139400.1.p	MADS	TFF
SoffiXsponR570.02Eg053900.2.p	ABI3VP1	TFF
SoffiXsponR570.5_9Ag490600.1.p	MYB	TFF
SoffiXsponR570.01Ag318800.2.p	bZIP	TFF
SoffiXsponR570.7_10Ag045300.1.p	NAC	TFF
SoffiXsponR570.01Dg141900.1.p	bHLH	TFF
SoffiXsponR570.05Gg032000.5.p	bHLH	TFF
SoffiXsponR570.6us88g065000.1.p	C3H	TFF
SoffiXsponR570.01Cg060300.2.p	MYB	TFF
SoffiXsponR570.06Fg165300.1.p	bHLH	TFF
SoffiXsponR570.07Dg237400.3.p	NAC	TFF
SoffiXsponR570.01Dg051200.1.p	WRKY	TFF
SoffiXsponR570.10Ag224100.2.p	GRAS	TFF
SoffiXsponR570.09Ag126100.2.p	GRAS	TFF
SoffiXsponR570.06Fg106000.2.p	TCP	TFF
SoffiXsponR570.02Eg151300.1.p	mTERF	OTR
SoffiXsponR570.05Eg141800.1.p	AP2-EREBP	TFF
SoffiXsponR570.1Z083800.1.p	BES1	TFF
SoffiXsponR570.05Bg197900.3.p	EIL	TFF
SoffiXsponR570.01Dg057500.1.p	ABI3VP1	TFF
SoffiXsponR570.10Bg018200.1.p	WRKY	TFF
SoffiXsponR570.04Bg087800.1.p	MADS	TFF
SoffiXsponR570.05Ag305300.2.p	FAR1	TFF
SoffiXsponR570.02Eg247200.2.p	VOZ	TFF
SoffiXsponR570.8_10Ag098800.1.p	bHLH	TFF
SoffiXsponR570.02Fg267400.1.p	TRAF	OTR
SoffiXsponR570.5_9Ag432400.2.p	ABI3VP1	TFF
SoffiXsponR570.07Ag231300.1.p	Tify	TFF
SoffiXsponR570.6us88g126700.1.p	C2H2	TFF
SoffiXsponR570.01Eg387600.1.p	MADS	TFF
SoffiXsponR570.09Ag067600.2.p	NAC	TFF
SoffiXsponR570.9us90g054000.1.p	AUX/IAA	OTR
SoffiXsponR570.03Cg258500.2.p	TCP	TFF
SoffiXsponR570.07Ag077900.6.p	ARF	TFF
SoffiXsponR570.03Bg154500.1.p	C2H2	TFF
SoffiXsponR570.03Dg180000.1.p	EIL	TFF
SoffiXsponR570.05Ag351700.1.p	MYB	TFF
SoffiXsponR570.01Eg184100.4.p	GRAS	TFF
SoffiXsponR570.08Bg189900.1.p	bHLH	TFF
SoffiXsponR570.02Dg391400.1.p	CCAAT	TFF
SoffiXsponR570.06Dg110300.1.p	NAC	TFF
SoffiXsponR570.01Ag402100.1.p	MYB	TFF
SoffiXsponR570.5_9Ag386700.1.p	Tify	TFF
SoffiXsponR570.05Fg069500.1.p	MYB-related	TFF
SoffiXsponR570.08Eg069100.1.p	MYB	TFF
SoffiXsponR570.01Eg286300.1.p	Top	TFF
SoffiXsponR570.07Dg122300.1.p	MYB	TFF
SoffiXsponR570.03Bg007500.3.p	Jumonji	OTR
SoffiXsponR570.7_10Ag022200.1.p	zf-HD	TFF
SoffiXsponR570.05Cg317200.2.p	HRT	TFF
SoffiXsponR570.10Bg205700.4.p	GRAS	TFF
SoffiXsponR570.09Cg159500.3.p	C2C2-GATA	TFF
SoffiXsponR570.05Dg107700.1.p	BBR/BPC	TFF
SoffiXsponR570.01Ag243700.1.p	TRAF	OTR
SoffiXsponR570.04Fg134400.2.p	SBP	TFF
SoffiXsponR570.10Fg013500.2.p	SAP	TFF
SoffiXsponR570.02Ag381500.3.p	mTERF	OTR
SoffiXsponR570.1Z153000.1.p	PLATZ	TFF
SoffiXsponR570.01Bg084000.2.p	PAS	TFF
SoffiXsponR570.04Ag094300.1.p	bZIP	TFF
SoffiXsponR570.01Ag425000.1.p	Sigma70-like	TFF
SoffiXsponR570.03Cg180100.1.p	ABI3VP1	TFF
SoffiXsponR570.03Cg256100.1.p	mTERF	OTR
SoffiXsponR570.8_10Ag213100.1.p	TRAF	OTR
SoffiXsponR570.03Eg291300.1.p	AUX/IAA	OTR
SoffiXsponR570.7_10Ag381500.6.p	PHD	OTR
SoffiXsponR570.7_10Ag192600.1.p	MADS	TFF
SoffiXsponR570.02Gg243900.1.p	bZIP	TFF
SoffiXsponR570.02Cg060700.1.p	MYB-related	TFF
SoffiXsponR570.03Bg194400.3.p	Trihelix	TFF
SoffiXsponR570.06Bg044900.1.p	bHLH	TFF
SoffiXsponR570.03Eg098800.1.p	ARID	OTR
SoffiXsponR570.05Ag136100.1.p	MYB	TFF
SoffiXsponR570.02Dg097500.1.p	bHLH	TFF
SoffiXsponR570.02Bg145500.3.p	PHD	OTR
SoffiXsponR570.04Fg093800.1.p	WRKY	TFF
SoffiXsponR570.05Eg224800.1.p	TCP	TFF
SoffiXsponR570.01Cg009700.2.p	CCAAT	TFF
SoffiXsponR570.04Bg242100.3.p	ARF	TFF
SoffiXsponR570.01Ag154200.2.p	WRKY	TFF
SoffiXsponR570.05Bg278800.2.p	FHA	TFF
SoffiXsponR570.05Dg080200.1.p	NAC	TFF
SoffiXsponR570.01Fg256500.1.p	ABI3VP1	TFF
SoffiXsponR570.04Eg046200.1.p	MADS	TFF
SoffiXsponR570.06Gg034700.1.p	TRAF	OTR
SoffiXsponR570.04Gg023500.3.p	BBR/BPC	TFF
SoffiXsponR570.02Cg097400.3.p	bHLH	TFF
SoffiXsponR570.02Eg103500.1.p	HB	TFF
SoffiXsponR570.03Cg259500.1.p	RWP-RK	TFF
SoffiXsponR570.06Dg145100.1.p	bZIP	TFF
SoffiXsponR570.02Ag371400.3.p	TAZ	TFF
SoffiXsponR570.10Ag132700.6.p	RB	OTR
SoffiXsponR570.03Ag304000.6.p	GNAT	OTR
SoffiXsponR570.08Eg100100.1.p	MYB	TFF
SoffiXsponR570.04Bg004100.1.p	MYB-related	TFF
SoffiXsponR570.01Bg128100.1.p	C2C2-GATA	TFF
SoffiXsponR570.05Bg200500.2.p	C3H	TFF
SoffiXsponR570.02Dg039300.1.p	MADS	TFF
SoffiXsponR570.01Bg033400.2.p	GRAS	TFF
SoffiXsponR570.05Ag305300.3.p	FAR1	TFF
SoffiXsponR570.05Fg096900.1.p	bHLH	TFF
SoffiXsponR570.02Bg384200.2.p	FAR1	TFF
SoffiXsponR570.05Ag040100.1.p	bHLH	TFF
SoffiXsponR570.10Dg077100.1.p	AUX/IAA	OTR
SoffiXsponR570.05Bg129500.1.p	MYB-related	TFF
SoffiXsponR570.01Bg154100.1.p	WRKY	TFF
SoffiXsponR570.01Eg020800.3.p	mTERF	OTR
SoffiXsponR570.8_10Ag050200.1.p	RB	OTR
SoffiXsponR570.02Cg105200.1.p	NAC	TFF
SoffiXsponR570.04Dg175100.1.p	ARF	TFF
SoffiXsponR570.09Bg054000.4.p	MYB	TFF
SoffiXsponR570.02Dg199500.3.p	C3H	TFF
SoffiXsponR570.03Dg137100.2.p	HMG	OTR
SoffiXsponR570.03Dg120500.4.p	MYB	TFF
SoffiXsponR570.01Fg179400.2.p	OFP	TFF
SoffiXsponR570.06Fg145700.3.p	C3H	TFF
SoffiXsponR570.8_5Ag172800.1.p	bHLH	TFF
SoffiXsponR570.03Bg097000.1.p	MYB	TFF
SoffiXsponR570.10us89g047600.1.p	ABI3VP1	TFF
SoffiXsponR570.01Ag253100.1.p	C2C2-Dof	TFF
SoffiXsponR570.04Eg052300.5.p	HB	TFF
SoffiXsponR570.01Cg238400.3.p	bZIP	TFF
SoffiXsponR570.05Cg317200.1.p	HRT	TFF
SoffiXsponR570.06Fg067200.5.p	bHLH	TFF
SoffiXsponR570.01Bg142700.1.p	NOT2_3_5	OTR
SoffiXsponR570.05Dg083200.1.p	Alfin-like	TFF
SoffiXsponR570.07Dg168400.1.p	AP2-EREBP	TFF
SoffiXsponR570.05Ag208400.1.p	CCAAT	TFF
SoffiXsponR570.03Eg252000.2.p	C2C2-CO-like	TFF
SoffiXsponR570.07Ag122900.1.p	MYB	TFF
SoffiXsponR570.6_9Ag275400.2.p	TCP	TFF
SoffiXsponR570.04Gg055800.2.p	MADS	TFF
SoffiXsponR570.09Cg014100.2.p	C2H2	TFF
SoffiXsponR570.9os1g002500.7.p	SET	OTR
SoffiXsponR570.02Bg291100.1.p	WRKY	TFF
SoffiXsponR570.01Cg178700.2.p	GRAS	TFF
SoffiXsponR570.02Eg093100.1.p	MYB-related	TFF
SoffiXsponR570.8_5Ag130700.1.p	TCP	TFF
SoffiXsponR570.05Bg117900.1.p	CCAAT	TFF
SoffiXsponR570.05Dg239100.1.p	bHLH	TFF
SoffiXsponR570.01Dg180000.3.p	bZIP	TFF
SoffiXsponR570.09Ag004600.3.p	SAP	TFF
SoffiXsponR570.01Bg121000.2.p	C3H	TFF
SoffiXsponR570.01Cg199000.2.p	bHLH	TFF
SoffiXsponR570.01Dg161900.6.p	bHLH	TFF
SoffiXsponR570.1Z055800.2.p	bZIP	TFF
SoffiXsponR570.03Eg083300.1.p	bHLH	TFF
SoffiXsponR570.03Cg112300.2.p	MYB	TFF
SoffiXsponR570.04Bg209200.1.p	MYB	TFF
SoffiXsponR570.08Eg149800.1.p	MYB	TFF
SoffiXsponR570.07Dg147600.2.p	C2C2-GATA	TFF
SoffiXsponR570.01Cg028300.1.p	bHLH	TFF
SoffiXsponR570.9us90g050600.2.p	LIM	TFF
SoffiXsponR570.10Bg040900.1.p	DDT	OTR
SoffiXsponR570.08Eg122300.1.p	TRAF	OTR
SoffiXsponR570.02Fg001000.2.p	WRKY	TFF
SoffiXsponR570.04Bg169500.1.p	FAR1	TFF
SoffiXsponR570.05Dg318100.1.p	WRKY	TFF
SoffiXsponR570.04Dg081800.3.p	ARF	TFF
SoffiXsponR570.06Fg051800.2.p	ABI3VP1	TFF
SoffiXsponR570.07Cg074100.2.p	SET	OTR
SoffiXsponR570.10Dg047600.1.p	NAC	TFF
SoffiXsponR570.06Cg181900.1.p	AP2-EREBP	TFF
SoffiXsponR570.09Cg162900.1.p	NAC	TFF
SoffiXsponR570.03Eg135600.6.p	bHLH	TFF
SoffiXsponR570.06Eg114900.1.p	mTERF	OTR
SoffiXsponR570.04Ag178100.1.p	DBP	TFF
SoffiXsponR570.09Ag121800.1.p	C2C2-Dof	TFF
SoffiXsponR570.1Z009400.1.p	WRKY	TFF
SoffiXsponR570.09Bg131800.3.p	CPP	TFF
SoffiXsponR570.09Ag100200.2.p	PHD	OTR
SoffiXsponR570.05Dg258200.1.p	RWP-RK	TFF
SoffiXsponR570.01Bg226000.1.p	OFP	TFF
SoffiXsponR570.03Bg037100.2.p	RWP-RK	TFF
SoffiXsponR570.01Bg482700.1.p	bHLH	TFF
SoffiXsponR570.01Bg437800.1.p	AP2-EREBP	TFF
SoffiXsponR570.03Eg178700.1.p	MYB	TFF
SoffiXsponR570.04Dg127600.1.p	zf-C5HC2	TFF
SoffiXsponR570.01Dg328800.6.p	TIG	TFF
SoffiXsponR570.08Bg161500.3.p	C2H2	TFF
SoffiXsponR570.02Eg025200.2.p	BES1	TFF
SoffiXsponR570.03Bg023300.1.p	GeBP	TFF
SoffiXsponR570.01Ag315900.1.p	ABI3VP1	TFF
SoffiXsponR570.03Ag236100.1.p	OFP	TFF
SoffiXsponR570.06Cg051400.1.p	WRKY	TFF
SoffiXsponR570.03Bg126500.1.p	AP2-EREBP	TFF
SoffiXsponR570.04Ag279200.1.p	zf-C5HC2	TFF
SoffiXsponR570.08Dg099200.2.p	PHD	OTR
SoffiXsponR570.10Ag048400.2.p	ABI3VP1	TFF
SoffiXsponR570.02Cg346000.1.p	AP2-EREBP	TFF
SoffiXsponR570.07Eg100600.1.p	LIM	TFF
SoffiXsponR570.01Dg232900.1.p	Jumonji	OTR
SoffiXsponR570.09Dg107300.1.p	ARF	TFF
SoffiXsponR570.02Eg327500.3.p	GRAS	TFF
SoffiXsponR570.04Bg113700.1.p	zf-C5HC2	TFF
SoffiXsponR570.02Fg205800.1.p	PHD	OTR
SoffiXsponR570.07Ag070500.9.p	SET	OTR
SoffiXsponR570.02Eg083400.2.p	C2C2-Dof	TFF
SoffiXsponR570.07Dg092200.3.p	MYB-related	TFF
SoffiXsponR570.05Ag358900.1.p	bZIP	TFF
SoffiXsponR570.08Bg182500.1.p	MYB	TFF
SoffiXsponR570.02Dg206100.1.p	WRKY	TFF
SoffiXsponR570.07Eg058900.1.p	NAC	TFF
SoffiXsponR570.10Ag132700.3.p	RB	OTR
SoffiXsponR570.8_5Ag264700.2.p	bZIP	TFF
SoffiXsponR570.05Cg121700.1.p	CCAAT	TFF
SoffiXsponR570.08Eg066400.2.p	bHLH	TFF
SoffiXsponR570.03Gg111700.2.p	C2C2-CO-like	TFF
SoffiXsponR570.04Eg013100.1.p	bZIP	TFF
SoffiXsponR570.05Eg159600.1.p	WRKY	TFF
SoffiXsponR570.1Z245800.4.p	TIG	TFF
SoffiXsponR570.01Eg382300.1.p	GRAS	TFF
SoffiXsponR570.07Dg128400.1.p	MYB	TFF
SoffiXsponR570.02Eg291200.1.p	WRKY	TFF
SoffiXsponR570.04Fg134600.1.p	MYB-related	TFF
SoffiXsponR570.1Z153700.1.p	C2H2	TFF
SoffiXsponR570.05Fg182000.1.p	NAC	TFF
SoffiXsponR570.02Ag403500.1.p	CCAAT	TFF
SoffiXsponR570.6_9Ag067300.1.p	WRKY	TFF
SoffiXsponR570.02Ag341900.1.p	HB	TFF
SoffiXsponR570.8_5Ag061500.1.p	MYB-related	TFF
SoffiXsponR570.03Dg228600.1.p	WRKY	TFF
SoffiXsponR570.03Ag297100.2.p	MADS	TFF
SoffiXsponR570.06Ag147300.2.p	NOT2_3_5	OTR
SoffiXsponR570.02Dg215700.1.p	C3H	TFF
SoffiXsponR570.8_5Ag197600.1.p	C2H2	TFF
SoffiXsponR570.02Bg358900.1.p	TCP	TFF
SoffiXsponR570.03Dg252100.7.p	zf-C5HC2	TFF
SoffiXsponR570.04Bg057800.1.p	BBR/BPC	TFF
SoffiXsponR570.08Bg059700.1.p	AP2-EREBP	TFF
SoffiXsponR570.01Ag352000.2.p	bHLH	TFF
SoffiXsponR570.03Cg193600.1.p	Pseudo_ARR-B	OTR
SoffiXsponR570.02Bg001600.1.p	RWP-RK	TFF
SoffiXsponR570.02Cg145500.1.p	MADS	TFF
SoffiXsponR570.01Ag551200.7.p	Not1	TFF
SoffiXsponR570.1Z142300.1.p	AUX/IAA	OTR
SoffiXsponR570.09Cg050000.1.p	SAP	TFF
SoffiXsponR570.01Bg155900.1.p	NAC	TFF
SoffiXsponR570.05Dg236100.4.p	bZIP	TFF
SoffiXsponR570.05Cg064300.1.p	FHA	TFF
SoffiXsponR570.06Gg034700.8.p	TRAF	OTR
SoffiXsponR570.10Bg192900.1.p	MYB	TFF
SoffiXsponR570.01Bg273700.1.p	bHLH	TFF
SoffiXsponR570.06Dg116000.1.p	C2C2-Dof	TFF
SoffiXsponR570.07Ag245000.1.p	AP2-EREBP	TFF
SoffiXsponR570.03Gg099300.1.p	E2F-DP	TFF
SoffiXsponR570.01Eg147400.1.p	MYB-related	TFF
SoffiXsponR570.09Ag138100.1.p	ABI3VP1	TFF
SoffiXsponR570.10Bg105300.2.p	zf-HD	TFF
SoffiXsponR570.08Cg108800.1.p	PHD	OTR
SoffiXsponR570.1Z171400.1.p	bHLH	TFF
SoffiXsponR570.01Fg187100.1.p	bZIP	TFF
SoffiXsponR570.03Bg227000.3.p	zf-HD	TFF
SoffiXsponR570.07Cg174800.1.p	C2H2	TFF
SoffiXsponR570.07Cg220600.1.p	SET	OTR
SoffiXsponR570.04Ag100500.1.p	AP2-EREBP	TFF
SoffiXsponR570.02Dg309000.2.p	bZIP	TFF
SoffiXsponR570.03Eg264300.3.p	bHLH	TFF
SoffiXsponR570.05Cg055500.1.p	bHLH	TFF
SoffiXsponR570.04Cg036500.2.p	Top	TFF
SoffiXsponR570.07Cg074700.1.p	bHLH	TFF
SoffiXsponR570.05Eg311900.7.p	GRAS	TFF
SoffiXsponR570.04Bg055200.1.p	AUX/IAA	OTR
SoffiXsponR570.10Cg179700.1.p	MYB	TFF
SoffiXsponR570.3os2g003000.1.p	CPP	TFF
SoffiXsponR570.08Ag000600.3.p	HMG	OTR
SoffiXsponR570.5os2g007000.1.p	TRAF	OTR
SoffiXsponR570.07Bg168700.6.p	GRAS	TFF
SoffiXsponR570.6_9Ag058500.1.p	C2C2-GATA	TFF
SoffiXsponR570.03Bg029600.1.p	bZIP	TFF
SoffiXsponR570.07Bg205100.2.p	PHD	OTR
SoffiXsponR570.05Eg194200.2.p	WRKY	TFF
SoffiXsponR570.8_5Ag154100.1.p	AP2-EREBP	TFF
SoffiXsponR570.02Ag019500.3.p	PHD	OTR
SoffiXsponR570.01Fg249000.1.p	ARR-B	TFF
SoffiXsponR570.10us89g023400.1.p	MYB	TFF
SoffiXsponR570.08Bg111300.1.p	CCAAT	TFF
SoffiXsponR570.6_9Ag091900.1.p	Jumonji	OTR
SoffiXsponR570.02Ag391500.1.p	SBP	TFF
SoffiXsponR570.01Fg162100.1.p	MED26	OTR
SoffiXsponR570.8_10Ag317200.2.p	AUX/IAA	OTR
SoffiXsponR570.01Ag306900.3.p	GRAS	TFF
SoffiXsponR570.10Dg132700.4.p	bHLH	TFF
SoffiXsponR570.05Ag385000.2.p	bZIP	TFF
SoffiXsponR570.02Fg218000.1.p	NAC	TFF
SoffiXsponR570.05Cg319100.1.p	C2H2	TFF
SoffiXsponR570.06Ag062300.1.p	MADS	TFF
SoffiXsponR570.03Cg012800.1.p	bHLH	TFF
SoffiXsponR570.07Ag163900.7.p	C2H2	TFF
SoffiXsponR570.05Bg295700.4.p	FAR1	TFF
SoffiXsponR570.02Fg205800.3.p	PHD	OTR
SoffiXsponR570.10Ag018700.1.p	WRKY	TFF
SoffiXsponR570.05Gg181700.1.p	SET	OTR
SoffiXsponR570.02Eg187300.2.p	C3H	TFF
SoffiXsponR570.04Ag254400.2.p	MYB-related	TFF
SoffiXsponR570.08Bg184100.1.p	mTERF	OTR
SoffiXsponR570.09Bg077500.1.p	RWP-RK	TFF
SoffiXsponR570.10Fg119400.1.p	GRAS	TFF
SoffiXsponR570.01Bg296200.1.p	MADS	TFF
SoffiXsponR570.05Ag037500.1.p	mTERF	OTR
SoffiXsponR570.1Z208300.1.p	NAC	TFF
SoffiXsponR570.10Bg182800.1.p	GRAS	TFF
SoffiXsponR570.06Fg093200.4.p	bZIP	TFF
SoffiXsponR570.02Eg161600.1.p	MYB-related	TFF
SoffiXsponR570.1Z140000.1.p	WRKY	TFF
SoffiXsponR570.01Bg034200.1.p	mTERF	OTR
SoffiXsponR570.4us91g062000.1.p	PBF-2-like	TFF
SoffiXsponR570.1Z226900.1.p	TRAF	OTR
SoffiXsponR570.02Fg128900.4.p	SBP	TFF
SoffiXsponR570.07Ag085500.1.p	FHA	TFF
SoffiXsponR570.04Eg161100.1.p	zf-C5HC2	TFF
SoffiXsponR570.8_10Ag180000.5.p	MYB-related	TFF
SoffiXsponR570.02Eg037500.2.p	WRKY	TFF
SoffiXsponR570.7_10Ag127300.1.p	Top	TFF
SoffiXsponR570.02Gg146600.3.p	zf-BED	TFF
SoffiXsponR570.07Bg163400.1.p	zf-BED	TFF
SoffiXsponR570.03Ag069700.1.p	MYB	TFF
SoffiXsponR570.03Ag129900.1.p	ARID	OTR
SoffiXsponR570.06Fg103000.1.p	CPP	TFF
SoffiXsponR570.08Cg139800.1.p	zf-HD	TFF
SoffiXsponR570.02Eg063600.4.p	zf-BED	TFF
SoffiXsponR570.1Z018100.1.p	SET	OTR
SoffiXsponR570.5_9Ag226700.1.p	NAC	TFF
SoffiXsponR570.05Gg048900.1.p	TRAF	OTR
SoffiXsponR570.6us88g111400.2.p	SET	OTR
SoffiXsponR570.03Ag171900.3.p	C2H2	TFF
SoffiXsponR570.08Cg001100.1.p	OFP	TFF
SoffiXsponR570.09Eg046000.1.p	TUB	TFF
SoffiXsponR570.5_9Ag126500.2.p	PHD	OTR
SoffiXsponR570.08Dg082700.1.p	mTERF	OTR
SoffiXsponR570.01Ag543300.3.p	SWI/SNF-BAF60b	OTR
SoffiXsponR570.03Ag255100.1.p	TUB	TFF
SoffiXsponR570.08Cg141800.1.p	AP2-EREBP	TFF
SoffiXsponR570.02Ag327200.1.p	WRKY	TFF
SoffiXsponR570.05Dg163600.3.p	AP2-EREBP	TFF
SoffiXsponR570.01Cg299100.2.p	bHLH	TFF
SoffiXsponR570.08Cg131300.1.p	GeBP	TFF
SoffiXsponR570.9us90g047200.2.p	ABI3VP1	TFF
SoffiXsponR570.10us89g059900.1.p	NAC	TFF
SoffiXsponR570.07Bg113600.1.p	NAC	TFF
SoffiXsponR570.10Cg043400.1.p	TUB	TFF
SoffiXsponR570.10Fg071000.1.p	NAC	TFF
SoffiXsponR570.8_10Ag169200.2.p	BSD	TFF
SoffiXsponR570.06Ag002700.1.p	GRAS	TFF
SoffiXsponR570.07Eg073700.1.p	bZIP	TFF
SoffiXsponR570.05Eg137500.1.p	OFP	TFF
SoffiXsponR570.07Dg226000.1.p	C2C2-Dof	TFF
SoffiXsponR570.01Bg075900.1.p	GNAT	OTR
SoffiXsponR570.01Dg366400.1.p	bHLH	TFF
SoffiXsponR570.5_9Ag189100.2.p	WRKY	TFF
SoffiXsponR570.02Eg069200.2.p	NAC	TFF
SoffiXsponR570.8_10Ag329500.1.p	SWI/SNF-BAF60b	OTR
SoffiXsponR570.02Gg044100.1.p	Top	TFF
SoffiXsponR570.01Eg168700.1.p	ABI3VP1	TFF
SoffiXsponR570.09Bg027400.3.p	C3H	TFF
SoffiXsponR570.01Ag091800.1.p	MYB-related	TFF
SoffiXsponR570.02Ag139800.1.p	AP2-EREBP	TFF
SoffiXsponR570.03Cg197800.2.p	ARF	TFF
SoffiXsponR570.01Dg065900.1.p	FHA	TFF
SoffiXsponR570.02Bg318400.5.p	TUB	TFF
SoffiXsponR570.01Bg144200.1.p	C2C2-YABBY	TFF
SoffiXsponR570.02Bg282100.1.p	AP2-EREBP	TFF
SoffiXsponR570.05Bg256400.1.p	GRAS	TFF
SoffiXsponR570.02Eg355500.1.p	TIG	TFF
SoffiXsponR570.01Ag078500.4.p	TRAF	OTR
SoffiXsponR570.02Eg034100.1.p	MYB-related	TFF
SoffiXsponR570.08Bg079500.1.p	CCAAT	TFF
SoffiXsponR570.01Eg207800.4.p	C2C2-Dof	TFF
SoffiXsponR570.04Ag220800.2.p	MYB-related	TFF
SoffiXsponR570.05Fg141200.4.p	C3H	TFF
SoffiXsponR570.02Ag006500.9.p	ABI3VP1	TFF
SoffiXsponR570.01Fg136100.1.p	MYB-related	TFF
SoffiXsponR570.06Bg028800.1.p	ABI3VP1	TFF
SoffiXsponR570.07Dg067900.1.p	SET	OTR
SoffiXsponR570.03Bg046300.2.p	PBF-2-like	TFF
SoffiXsponR570.05Dg247300.1.p	SRS	TFF
SoffiXsponR570.01Eg366300.1.p	C2C2-YABBY	TFF
SoffiXsponR570.1Z291900.2.p	MED26	OTR
SoffiXsponR570.02Gg243700.1.p	C2H2	TFF
SoffiXsponR570.01Bg345100.1.p	NAC	TFF
SoffiXsponR570.03Cg042300.3.p	PHD	OTR
SoffiXsponR570.01Ag070100.8.p	bHLH	TFF
SoffiXsponR570.09Bg051500.1.p	TUB	TFF
SoffiXsponR570.05Bg192000.2.p	bHLH	TFF
SoffiXsponR570.03Cg215400.1.p	AP2-EREBP	TFF
SoffiXsponR570.10Bg083200.1.p	ARF	TFF
SoffiXsponR570.05Cg049600.1.p	PHD	OTR
SoffiXsponR570.6_9Ag057200.2.p	SAP	TFF
SoffiXsponR570.02Eg145900.1.p	C3H	TFF
SoffiXsponR570.02Ag403300.1.p	CCAAT	TFF
SoffiXsponR570.1Z151300.2.p	C3H	TFF
SoffiXsponR570.08Ag021900.3.p	MYB-related	TFF
SoffiXsponR570.1Z034700.1.p	ABI3VP1	TFF
SoffiXsponR570.09Cg001600.2.p	PAS	TFF
SoffiXsponR570.10Bg001600.4.p	PAS	TFF
SoffiXsponR570.02Eg327500.2.p	GRAS	TFF
SoffiXsponR570.03Ag302600.1.p	WRKY	TFF
SoffiXsponR570.02Gg098900.1.p	MADS	TFF
SoffiXsponR570.08Bg191200.1.p	zf-A20	TFF
SoffiXsponR570.05Fg087900.1.p	Jumonji	OTR
SoffiXsponR570.01Fg106300.2.p	GRAS	TFF
SoffiXsponR570.07Cg152100.2.p	LIM	TFF
SoffiXsponR570.02Fg155800.2.p	zf-BED	TFF
SoffiXsponR570.05Cg197800.1.p	C2C2-Dof	TFF
SoffiXsponR570.8_10Ag179200.1.p	GNAT	OTR
SoffiXsponR570.02Fg021900.1.p	bZIP	TFF
SoffiXsponR570.9us90g071700.1.p	C2C2-YABBY	TFF
SoffiXsponR570.8_10Ag297000.1.p	bHLH	TFF
SoffiXsponR570.1Z208600.2.p	C3H	TFF
SoffiXsponR570.01Cg029700.1.p	HSF	TFF
SoffiXsponR570.8_10Ag114700.1.p	GRAS	TFF
SoffiXsponR570.01Ag161400.3.p	CCAAT	TFF
SoffiXsponR570.03Ag304000.3.p	GNAT	OTR
SoffiXsponR570.01Dg010600.1.p	NAC	TFF
SoffiXsponR570.06Fg157100.3.p	C3H	TFF
SoffiXsponR570.03Dg271900.1.p	C2C2-Dof	TFF
SoffiXsponR570.04Bg054200.1.p	bHLH	TFF
SoffiXsponR570.01Dg055500.1.p	ABI3VP1	TFF
SoffiXsponR570.04Ag138100.1.p	C3H	TFF
SoffiXsponR570.09Eg123900.1.p	ABI3VP1	TFF
SoffiXsponR570.09Cg117500.2.p	MYB-related	TFF
SoffiXsponR570.6us88g034800.1.p	bZIP	TFF
SoffiXsponR570.01Ag411000.4.p	PHD	OTR
SoffiXsponR570.03Fg143900.5.p	ARID	OTR
SoffiXsponR570.01Eg144500.1.p	HB	TFF
SoffiXsponR570.01Ag258400.1.p	Tify	TFF
SoffiXsponR570.1Z002700.1.p	MYB	TFF
SoffiXsponR570.01Cg372200.1.p	MYB-related	TFF
SoffiXsponR570.04Fg148500.1.p	bZIP	TFF
SoffiXsponR570.03Dg269900.1.p	C2C2-CO-like	TFF
SoffiXsponR570.05Cg079500.1.p	AP2-EREBP	TFF
SoffiXsponR570.6us88g119300.1.p	MYB	TFF
SoffiXsponR570.02Bg329800.4.p	SWI/SNF-BAF60b	OTR
SoffiXsponR570.01Bg343300.1.p	MYB-related	TFF
SoffiXsponR570.6_9Ag055900.1.p	MED26	OTR
SoffiXsponR570.7os1g080300.1.p	ARF	TFF
SoffiXsponR570.03Ag301700.2.p	GeBP	TFF
SoffiXsponR570.04Ag192300.1.p	bZIP	TFF
SoffiXsponR570.09Dg079400.4.p	GRAS	TFF
SoffiXsponR570.5_9Ag405500.1.p	C2C2-GATA	TFF
SoffiXsponR570.10Dg068200.1.p	AP2-EREBP	TFF
SoffiXsponR570.05Gg185200.1.p	WRKY	TFF
SoffiXsponR570.02Cg283800.1.p	BSD	TFF
SoffiXsponR570.03Gg045100.1.p	DDT	OTR
SoffiXsponR570.05Fg230800.1.p	FAR1	TFF
SoffiXsponR570.03Dg062100.4.p	bZIP	TFF
SoffiXsponR570.04Dg060600.1.p	SET	OTR
SoffiXsponR570.05Gg037600.1.p	Tify	TFF
SoffiXsponR570.09Ag016600.1.p	GRAS	TFF
SoffiXsponR570.05Bg339000.1.p	CAMTA	TFF
SoffiXsponR570.04Ag279500.1.p	C2H2	TFF
SoffiXsponR570.05Bg334300.1.p	SAP	TFF
SoffiXsponR570.09Ag003900.7.p	Top	TFF
SoffiXsponR570.02Fg214500.1.p	ARF	TFF
SoffiXsponR570.04Ag006300.1.p	HB	TFF
SoffiXsponR570.01Ag288300.1.p	MYB-related	TFF
SoffiXsponR570.02Bg202300.1.p	TUB	TFF
SoffiXsponR570.04Bg064400.1.p	AP2-EREBP	TFF
SoffiXsponR570.08Bg082200.2.p	WRKY	TFF
SoffiXsponR570.8_5Ag001400.2.p	ABI3VP1	TFF
SoffiXsponR570.10Ag092200.1.p	zf-HD	TFF
SoffiXsponR570.5_9Ag036300.1.p	BSD	TFF
SoffiXsponR570.05Ag155000.1.p	C2H2	TFF
SoffiXsponR570.02Bg088300.2.p	AP2-EREBP	TFF
SoffiXsponR570.05Cg158600.1.p	PHD	OTR
SoffiXsponR570.05Ag223000.1.p	SBP	TFF
SoffiXsponR570.08Ag215500.1.p	CCAAT	TFF
SoffiXsponR570.04Ag217300.1.p	bZIP	TFF
SoffiXsponR570.01Ag389500.3.p	EIL	TFF
SoffiXsponR570.04Bg105900.1.p	TRAF	OTR
SoffiXsponR570.05Fg236200.1.p	TRAF	OTR
SoffiXsponR570.02Dg136400.1.p	FAR1	TFF
SoffiXsponR570.03Bg112900.5.p	HMG	OTR
SoffiXsponR570.03Dg212200.1.p	MYB	TFF
SoffiXsponR570.1Z262600.1.p	C2C2-GATA	TFF
SoffiXsponR570.02Cg426000.1.p	Top	TFF
SoffiXsponR570.8_5Ag252200.1.p	AP2-EREBP	TFF
SoffiXsponR570.02Bg166800.1.p	MADS	TFF
SoffiXsponR570.01Eg095600.1.p	PHD	OTR
SoffiXsponR570.02Eg100600.1.p	bHLH	TFF
SoffiXsponR570.01Eg265200.6.p	bHLH	TFF
SoffiXsponR570.02Dg032500.1.p	bHLH	TFF
SoffiXsponR570.02Cg283100.1.p	NAC	TFF
SoffiXsponR570.01Bg181700.5.p	Trihelix	TFF
SoffiXsponR570.01Dg246700.1.p	WRKY	TFF
SoffiXsponR570.1Z196800.1.p	MADS	TFF
SoffiXsponR570.10Cg044700.2.p	MED26	OTR
SoffiXsponR570.10Bg083200.4.p	ARF	TFF
SoffiXsponR570.8_10Ag296900.1.p	bHLH	TFF
SoffiXsponR570.05Dg265400.1.p	mTERF	OTR
SoffiXsponR570.01Bg418300.3.p	ABI3VP1	TFF
SoffiXsponR570.05Dg304500.13.p	FAR1	TFF
SoffiXsponR570.06Eg138800.1.p	HB	TFF
SoffiXsponR570.02Eg065800.1.p	bHLH	TFF
SoffiXsponR570.04Dg160800.2.p	Top	TFF
SoffiXsponR570.02Fg119600.1.p	MYB	TFF
SoffiXsponR570.10Bg083200.5.p	ARF	TFF
SoffiXsponR570.06Eg133500.1.p	C2C2-Dof	TFF
SoffiXsponR570.06Cg036500.5.p	bHLH	TFF
SoffiXsponR570.9os1g061800.3.p	GRAS	TFF
SoffiXsponR570.01Dg328800.1.p	TIG	TFF
SoffiXsponR570.04Gg086300.1.p	G2-like	TFF
SoffiXsponR570.02Eg331500.1.p	Alfin-like	TFF
SoffiXsponR570.07Cg010600.1.p	E2F-DP	TFF
SoffiXsponR570.05Gg001200.2.p	C2H2	TFF
SoffiXsponR570.05Dg175500.1.p	bHLH	TFF
SoffiXsponR570.04Fg020300.1.p	MYB-related	TFF
SoffiXsponR570.03Bg007500.1.p	Jumonji	OTR
SoffiXsponR570.03Bg173800.3.p	FAR1	TFF
SoffiXsponR570.05Dg382200.2.p	bZIP	TFF
SoffiXsponR570.03Fg111000.1.p	MYB-related	TFF
SoffiXsponR570.01Ag037300.1.p	AP2-EREBP	TFF
SoffiXsponR570.01Eg062900.1.p	GNAT	OTR
SoffiXsponR570.02Fg309900.5.p	bZIP	TFF
SoffiXsponR570.7_10Ag045600.1.p	bZIP	TFF
SoffiXsponR570.01Eg422200.2.p	MYB-related	TFF
SoffiXsponR570.02Fg206800.1.p	AP2-EREBP	TFF
SoffiXsponR570.07Dg215100.5.p	C3H	TFF
SoffiXsponR570.07Dg013000.1.p	C2H2	TFF
SoffiXsponR570.05Bg139800.1.p	WRKY	TFF
SoffiXsponR570.10Ag224800.1.p	GRAS	TFF
SoffiXsponR570.10Ag055100.1.p	bZIP	TFF
SoffiXsponR570.08Cg161100.1.p	bHLH	TFF
SoffiXsponR570.02Bg243600.1.p	OFP	TFF
SoffiXsponR570.08Cg141600.1.p	SET	OTR
SoffiXsponR570.02Eg379700.1.p	bHLH	TFF
SoffiXsponR570.01Bg017000.4.p	FAR1	TFF
SoffiXsponR570.4us91g044000.3.p	MADS	TFF
SoffiXsponR570.05Gg034100.1.p	Rcd1-like	OTR
SoffiXsponR570.04Eg105700.4.p	ARF	TFF
SoffiXsponR570.02Ag317400.2.p	MYB	TFF
SoffiXsponR570.05Fg278600.1.p	MYB	TFF
SoffiXsponR570.8_10Ag303300.1.p	bHLH	TFF
SoffiXsponR570.6_9Ag307000.1.p	AUX/IAA	OTR
SoffiXsponR570.01Cg089100.1.p	MYB-related	TFF
SoffiXsponR570.07Ag231500.1.p	AUX/IAA	OTR
SoffiXsponR570.10us89g052600.1.p	bZIP	TFF
SoffiXsponR570.04Cg266200.2.p	ARF	TFF
SoffiXsponR570.04Cg245300.2.p	ARF	TFF
SoffiXsponR570.05Eg049000.1.p	FAR1	TFF
SoffiXsponR570.09Ag133700.1.p	C2H2	TFF
SoffiXsponR570.05Cg208800.3.p	C3H	TFF
SoffiXsponR570.05Eg262700.1.p	CAMTA	TFF
SoffiXsponR570.02Cg018300.1.p	SET	OTR
SoffiXsponR570.6_9Ag328900.5.p	bHLH	TFF
SoffiXsponR570.02Cg196000.4.p	C3H	TFF
SoffiXsponR570.05Dg173000.1.p	MYB	TFF
SoffiXsponR570.01Fg051700.1.p	GNAT	OTR
SoffiXsponR570.04Dg130000.1.p	C3H	TFF
SoffiXsponR570.04Dg130000.2.p	C3H	TFF
SoffiXsponR570.06Ag216300.1.p	zf-BED	TFF
SoffiXsponR570.09Cg056400.1.p	MYB	TFF
SoffiXsponR570.01Bg115800.1.p	TCP	TFF
SoffiXsponR570.01Cg306200.1.p	MADS	TFF
SoffiXsponR570.07Bg005600.1.p	GeBP	TFF
SoffiXsponR570.01Ag058700.2.p	HSF	TFF
SoffiXsponR570.09Bg112100.4.p	GRAS	TFF
SoffiXsponR570.06Eg134400.1.p	MYB-related	TFF
SoffiXsponR570.10os1g002800.4.p	SAP	TFF
SoffiXsponR570.03Gg109800.1.p	C2C2-Dof	TFF
SoffiXsponR570.07Cg075000.1.p	bHLH	TFF
SoffiXsponR570.8_5Ag182900.1.p	FHA	TFF
SoffiXsponR570.04Bg074500.1.p	AP2-EREBP	TFF
SoffiXsponR570.02Cg269500.1.p	SWI/SNF-BAF60b	OTR
SoffiXsponR570.03Fg126600.2.p	MYB	TFF
SoffiXsponR570.07Dg014200.1.p	Top	TFF
SoffiXsponR570.03Bg271200.1.p	GeBP	TFF
SoffiXsponR570.05Dg322900.1.p	C2H2	TFF
SoffiXsponR570.03Dg183000.2.p	MADS	TFF
SoffiXsponR570.03Ag236400.1.p	GRF	TFF
SoffiXsponR570.03Eg186800.1.p	AP2-EREBP	TFF
SoffiXsponR570.1Z245800.5.p	CAMTA	TFF
SoffiXsponR570.10Cg037600.1.p	OFP	TFF
SoffiXsponR570.08Dg052100.1.p	AP2-EREBP	TFF
SoffiXsponR570.01Ag244900.5.p	HSF	TFF
SoffiXsponR570.06Eg013100.3.p	GRAS	TFF
SoffiXsponR570.01Ag551200.4.p	Not1	TFF
SoffiXsponR570.03Fg085700.2.p	zf-A20	TFF
SoffiXsponR570.07Dg070000.1.p	AP2-EREBP	TFF
SoffiXsponR570.07Bg174900.1.p	RWP-RK	TFF
SoffiXsponR570.03Cg023400.2.p	GeBP	TFF
SoffiXsponR570.8_10Ag290900.1.p	bZIP	TFF
SoffiXsponR570.01Dg209700.5.p	bHLH	TFF
SoffiXsponR570.06Fg175300.1.p	bHLH	TFF
SoffiXsponR570.02Gg019900.2.p	C3H	TFF
SoffiXsponR570.01Fg061200.1.p	Tify	TFF
SoffiXsponR570.01Bg084000.1.p	PAS	TFF
SoffiXsponR570.06Cg036500.3.p	bHLH	TFF
SoffiXsponR570.02Gg118900.1.p	GRAS	TFF
SoffiXsponR570.01Dg289900.1.p	Top	TFF
SoffiXsponR570.03Cg091800.5.p	HB	TFF
SoffiXsponR570.7os1g067400.4.p	AP2-EREBP	TFF
SoffiXsponR570.01Ag551200.8.p	Not1	TFF
SoffiXsponR570.03Dg150900.1.p	C2H2	TFF
SoffiXsponR570.03Bg147800.4.p	bHLH	TFF
SoffiXsponR570.01Eg452100.4.p	Not1	TFF
SoffiXsponR570.9os1g003000.1.p	WRKY	TFF
SoffiXsponR570.03Ag054100.1.p	MADS	TFF
SoffiXsponR570.1Z145600.2.p	Top	TFF
SoffiXsponR570.05Dg042000.1.p	CCAAT	TFF
SoffiXsponR570.05Cg030400.1.p	MYB	TFF
SoffiXsponR570.01Ag291900.2.p	MED26	OTR
SoffiXsponR570.06Cg007200.3.p	PLATZ	TFF
SoffiXsponR570.03Gg042200.1.p	C2H2	TFF
SoffiXsponR570.04Dg043100.1.p	WRKY	TFF
SoffiXsponR570.07Ag113300.1.p	bHLH	TFF
SoffiXsponR570.04Dg094500.2.p	MED6	OTR
SoffiXsponR570.07Dg152900.1.p	AP2-EREBP	TFF
SoffiXsponR570.06Bg027600.1.p	Alfin-like	TFF
SoffiXsponR570.04Eg156200.2.p	HMG	OTR
SoffiXsponR570.04Cg212200.1.p	TRAF	OTR
SoffiXsponR570.05Bg382500.1.p	bZIP	TFF
SoffiXsponR570.1os1g005300.1.p	TRAF	OTR
SoffiXsponR570.05Bg243700.1.p	HMG	OTR
SoffiXsponR570.03Eg195100.1.p	HMG	OTR
SoffiXsponR570.06Gg012500.1.p	MYB	TFF
SoffiXsponR570.06Dg091400.1.p	AP2-EREBP	TFF
SoffiXsponR570.04Fg029300.2.p	PHD	OTR
SoffiXsponR570.04Gg097700.1.p	bZIP	TFF
SoffiXsponR570.02Bg035800.1.p	C2C2-Dof	TFF
SoffiXsponR570.02Fg180400.1.p	MADS	TFF
SoffiXsponR570.01Fg339500.1.p	Not1	TFF
SoffiXsponR570.09Dg090500.2.p	ABI3VP1	TFF
SoffiXsponR570.05Dg219300.1.p	EIL	TFF
SoffiXsponR570.6us88g012400.5.p	Top	TFF
SoffiXsponR570.08Bg057800.2.p	FAR1	TFF
SoffiXsponR570.01Bg099800.1.p	GRF	TFF
SoffiXsponR570.07Bg072500.1.p	E2F-DP	TFF
SoffiXsponR570.02Gg118300.1.p	C3H	TFF
SoffiXsponR570.05Eg176300.1.p	PHD	OTR
SoffiXsponR570.07Cg026300.1.p	ABI3VP1	TFF
SoffiXsponR570.05Cg178700.3.p	Tify	TFF
SoffiXsponR570.08Ag134700.2.p	zf-HD	TFF
SoffiXsponR570.02Ag200100.1.p	GNAT	OTR
SoffiXsponR570.02Cg129300.1.p	SBP	TFF
SoffiXsponR570.06Ag068800.2.p	MYB	TFF
SoffiXsponR570.03Gg091300.1.p	mTERF	OTR
SoffiXsponR570.02Eg000300.1.p	NAC	TFF
SoffiXsponR570.01Fg132300.1.p	C2H2	TFF
SoffiXsponR570.01Cg056200.1.p	HB	TFF
SoffiXsponR570.03Bg244000.1.p	MADS	TFF
SoffiXsponR570.06Fg022500.1.p	MYB-related	TFF
SoffiXsponR570.05Dg036700.2.p	Rcd1-like	OTR
SoffiXsponR570.08Bg091100.4.p	SET	OTR
SoffiXsponR570.04Cg212300.1.p	TRAF	OTR
SoffiXsponR570.02Fg201000.2.p	C3H	TFF
SoffiXsponR570.09Dg103300.3.p	bHLH	TFF
SoffiXsponR570.01Ag019400.2.p	mTERF	OTR
SoffiXsponR570.02Ag233800.1.p	NAC	TFF
SoffiXsponR570.05Cg206900.1.p	GNAT	OTR
SoffiXsponR570.08Eg044800.2.p	PAS	TFF
SoffiXsponR570.02Bg035100.3.p	MYB-related	TFF
SoffiXsponR570.02Dg328500.1.p	WRKY	TFF
SoffiXsponR570.05Fg255900.1.p	C2H2	TFF
SoffiXsponR570.03Cg206500.1.p	LIM	TFF
SoffiXsponR570.06Cg147500.5.p	AUX/IAA	OTR
SoffiXsponR570.05Fg316100.1.p	bZIP	TFF
SoffiXsponR570.02Bg035100.1.p	MYB-related	TFF
SoffiXsponR570.03Bg039700.4.p	MYB-related	TFF
SoffiXsponR570.01Eg233400.1.p	SWI/SNF-SWI3	OTR
SoffiXsponR570.02Fg006200.1.p	ABI3VP1	TFF
SoffiXsponR570.06Ag022500.2.p	SAP	TFF
SoffiXsponR570.09Ag138300.2.p	ABI3VP1	TFF
SoffiXsponR570.6us88g117000.1.p	GRAS	TFF
SoffiXsponR570.03Ag239500.4.p	C2H2	TFF
SoffiXsponR570.02Dg292300.2.p	Top	TFF
SoffiXsponR570.08Bg139200.1.p	AP2-EREBP	TFF
SoffiXsponR570.01Fg063900.1.p	TIG	TFF
SoffiXsponR570.02Bg396200.1.p	MYB-related	TFF
SoffiXsponR570.07Cg136100.1.p	MYB	TFF
SoffiXsponR570.04Fg080500.1.p	zf-A20	TFF
SoffiXsponR570.03Eg020300.3.p	bHLH	TFF
SoffiXsponR570.10Cg011000.1.p	NAC	TFF
SoffiXsponR570.08Ag206800.1.p	Pseudo_ARR-B	OTR
SoffiXsponR570.08Bg182000.1.p	ARF	TFF
SoffiXsponR570.05Eg273500.1.p	GRAS	TFF
SoffiXsponR570.1Z271300.1.p	SET	OTR
SoffiXsponR570.09Dg090500.3.p	ABI3VP1	TFF
SoffiXsponR570.05Dg083400.3.p	AP2-EREBP	TFF
SoffiXsponR570.01Cg322700.1.p	GNAT	OTR
SoffiXsponR570.08Cg145100.1.p	SOH1	OTR
SoffiXsponR570.10Ag052100.4.p	HB	TFF
SoffiXsponR570.01Cg076700.1.p	C3H	TFF
SoffiXsponR570.10us89g051600.2.p	HB	TFF
SoffiXsponR570.4us91g017500.1.p	GRF	TFF
SoffiXsponR570.4us91g009400.1.p	MADS	TFF
SoffiXsponR570.06Cg176000.4.p	C3H	TFF
SoffiXsponR570.9us90g064800.2.p	SET	OTR
SoffiXsponR570.05Fg125700.1.p	bHLH	TFF
SoffiXsponR570.01Ag444000.3.p	MYB-related	TFF
SoffiXsponR570.06Ag100500.1.p	SET	OTR
SoffiXsponR570.02Eg033500.1.p	C2C2-Dof	TFF
SoffiXsponR570.02Eg100400.1.p	SBP	TFF
SoffiXsponR570.02Cg347500.4.p	C2H2	TFF
SoffiXsponR570.05Bg263200.2.p	PHD	OTR
SoffiXsponR570.04Dg150000.1.p	bZIP	TFF
SoffiXsponR570.01Bg101700.1.p	HB	TFF
SoffiXsponR570.05Bg244500.1.p	NAC	TFF
SoffiXsponR570.01Dg242900.4.p	C3H	TFF
SoffiXsponR570.02Gg003200.2.p	zf-BED	TFF
SoffiXsponR570.08Eg066800.1.p	MYB	TFF
SoffiXsponR570.02Gg314900.1.p	Top	TFF
SoffiXsponR570.02Cg168900.3.p	zf-BED	TFF
SoffiXsponR570.02Gg163600.1.p	WRKY	TFF
SoffiXsponR570.08Ag189000.3.p	TRAF	OTR
SoffiXsponR570.02Gg172200.4.p	SWI/SNF-BAF60b	OTR
SoffiXsponR570.01Cg329000.1.p	MADS	TFF
SoffiXsponR570.05Ag274500.1.p	FAR1	TFF
SoffiXsponR570.03Gg021200.2.p	GeBP	TFF
SoffiXsponR570.05Ag257600.4.p	C2H2	TFF
SoffiXsponR570.6us88g011800.1.p	Top	TFF
SoffiXsponR570.02Fg274700.4.p	Top	TFF
SoffiXsponR570.07Cg166900.2.p	GRAS	TFF
SoffiXsponR570.08Dg152500.1.p	bZIP	TFF
SoffiXsponR570.09Eg119700.1.p	AP2-EREBP	TFF
SoffiXsponR570.04Fg041400.2.p	AUX/IAA	OTR
SoffiXsponR570.06Eg068500.1.p	WRKY	TFF
SoffiXsponR570.01Fg140600.2.p	CCAAT	TFF
SoffiXsponR570.04Gg000500.3.p	TRAF	OTR
SoffiXsponR570.04Gg063100.1.p	ARF	TFF
SoffiXsponR570.09Ag159400.3.p	C2C2-GATA	TFF
SoffiXsponR570.9os1g051800.1.p	C3H	TFF
SoffiXsponR570.04Eg038400.2.p	AUX/IAA	OTR
SoffiXsponR570.07Ag130700.1.p	ARF	TFF
SoffiXsponR570.02Cg388500.3.p	Tify	TFF
SoffiXsponR570.03Ag286200.1.p	TCP	TFF
SoffiXsponR570.06Gg038000.1.p	mTERF	OTR
SoffiXsponR570.05Bg057900.2.p	SAP	TFF
SoffiXsponR570.7_10Ag280300.2.p	C2H2	TFF
SoffiXsponR570.02Bg101000.1.p	zf-BED	TFF
SoffiXsponR570.08Bg182000.2.p	ARF	TFF
SoffiXsponR570.02Fg235200.1.p	bHLH	TFF
SoffiXsponR570.01Bg075600.2.p	SWI/SNF-BAF60b	OTR
SoffiXsponR570.10Ag164200.2.p	bHLH	TFF
SoffiXsponR570.6_9Ag021400.1.p	FAR1	TFF
SoffiXsponR570.6_9Ag310700.3.p	C3H	TFF
SoffiXsponR570.08Cg146000.1.p	PLATZ	TFF
SoffiXsponR570.01Cg302400.1.p	ARR-B	TFF
SoffiXsponR570.1Z116000.2.p	bHLH	TFF
SoffiXsponR570.02Ag000500.1.p	OFP	TFF
SoffiXsponR570.07Eg147400.1.p	GRF	TFF
SoffiXsponR570.06Gg072700.1.p	FAR1	TFF
SoffiXsponR570.10Fg026700.1.p	ARF	TFF
SoffiXsponR570.9os1g020800.2.p	C2C2-GATA	TFF
SoffiXsponR570.02Bg000400.1.p	TUB	TFF
SoffiXsponR570.01Dg369900.5.p	RWP-RK	TFF
SoffiXsponR570.06Eg039500.2.p	bHLH	TFF
SoffiXsponR570.05Dg163600.1.p	AP2-EREBP	TFF
SoffiXsponR570.05Eg170200.2.p	Tify	TFF
SoffiXsponR570.1Z033800.5.p	TIG	TFF
SoffiXsponR570.01Ag184600.1.p	mTERF	OTR
SoffiXsponR570.05Eg033100.3.p	bHLH	TFF
SoffiXsponR570.05Dg304500.8.p	FAR1	TFF
SoffiXsponR570.7_10Ag123900.1.p	Top	TFF
SoffiXsponR570.01Bg500300.4.p	Not1	TFF
SoffiXsponR570.01Bg303200.1.p	C2H2	TFF
SoffiXsponR570.08Cg095300.1.p	PAS	TFF
SoffiXsponR570.06Cg186700.1.p	zf-HD	TFF
SoffiXsponR570.1Z114500.3.p	MYB-related	TFF
SoffiXsponR570.05Dg229300.1.p	SBP	TFF
SoffiXsponR570.06Eg103700.2.p	NAC	TFF
SoffiXsponR570.06Eg012900.2.p	GRAS	TFF
SoffiXsponR570.02Ag311800.1.p	SAP	TFF
SoffiXsponR570.05Ag263300.2.p	GRF	TFF
SoffiXsponR570.03Dg327300.3.p	C2C2-GATA	TFF
SoffiXsponR570.05Fg299800.2.p	DDT	OTR
SoffiXsponR570.03Dg296000.1.p	bHLH	TFF
SoffiXsponR570.04Bg140500.1.p	MADS	TFF
SoffiXsponR570.08Cg041400.1.p	SWI/SNF-SWI3	OTR
SoffiXsponR570.01Eg165800.1.p	WRKY	TFF
SoffiXsponR570.01Eg277900.2.p	MED26	OTR
SoffiXsponR570.05Dg061300.1.p	PHD	OTR
SoffiXsponR570.01Bg380100.4.p	GRAS	TFF
SoffiXsponR570.6_9Ag102700.2.p	GRAS	TFF
SoffiXsponR570.7_10Ag348600.1.p	SBP	TFF
SoffiXsponR570.01Dg383300.1.p	AP2-EREBP	TFF
SoffiXsponR570.10Eg053900.3.p	RB	OTR
SoffiXsponR570.03Eg081800.1.p	AUX/IAA	OTR
SoffiXsponR570.01Ag139900.2.p	C2C2-GATA	TFF
SoffiXsponR570.01Bg051000.2.p	FHA	TFF
SoffiXsponR570.10Dg108700.2.p	RB	OTR
SoffiXsponR570.01Eg402000.8.p	HB	TFF
SoffiXsponR570.8_5Ag089200.1.p	ABI3VP1	TFF
SoffiXsponR570.04Dg110400.2.p	zf-fF-X1	TFF
SoffiXsponR570.07Cg237000.2.p	AP2-EREBP	TFF
SoffiXsponR570.09Bg159400.1.p	bZIP	TFF
SoffiXsponR570.08Cg185900.1.p	SBP	TFF
SoffiXsponR570.10Ag013800.1.p	TRAF	OTR
SoffiXsponR570.05Dg380700.1.p	EIL	TFF
SoffiXsponR570.05Eg316800.3.p	GRAS	TFF
SoffiXsponR570.03Gg150300.1.p	C2H2	TFF
SoffiXsponR570.07Ag155200.1.p	GRAS	TFF
SoffiXsponR570.02Eg256300.1.p	NAC	TFF
SoffiXsponR570.9os1g021000.1.p	C2C2-GATA	TFF
SoffiXsponR570.05Eg269300.2.p	SBP	TFF
SoffiXsponR570.01Dg019100.2.p	PHD	OTR
SoffiXsponR570.05Dg010100.1.p	WRKY	TFF
SoffiXsponR570.05Dg199600.1.p	AP2-EREBP	TFF
SoffiXsponR570.01Cg213600.4.p	MYB-related	TFF
SoffiXsponR570.07Dg194300.4.p	bZIP	TFF
SoffiXsponR570.03Cg112300.1.p	MYB	TFF
SoffiXsponR570.05Cg365000.6.p	DDT	OTR
SoffiXsponR570.01Dg291600.2.p	CCAAT	TFF
SoffiXsponR570.09Bg017300.1.p	C2H2	TFF
SoffiXsponR570.07Eg198900.3.p	ARF	TFF
SoffiXsponR570.02Gg245700.1.p	NAC	TFF
SoffiXsponR570.01Eg280300.3.p	MYB-related	TFF
SoffiXsponR570.01Cg285300.3.p	CCAAT	TFF
SoffiXsponR570.07Bg252900.1.p	AP2-EREBP	TFF
SoffiXsponR570.07Eg117700.1.p	bHLH	TFF
SoffiXsponR570.01Fg298000.1.p	Top	TFF
SoffiXsponR570.04Gg039600.1.p	PBF-2-like	TFF
SoffiXsponR570.06Cg128700.1.p	bZIP	TFF
SoffiXsponR570.03Bg013000.2.p	bHLH	TFF
SoffiXsponR570.06Eg131500.1.p	MYB-related	TFF
SoffiXsponR570.04Eg052300.4.p	HB	TFF
SoffiXsponR570.06Ag150500.1.p	bZIP	TFF
SoffiXsponR570.01Dg273300.2.p	C2H2	TFF
SoffiXsponR570.05Fg268000.1.p	FAR1	TFF
SoffiXsponR570.03Cg187600.1.p	SET	OTR
SoffiXsponR570.01Dg365400.2.p	MYB-related	TFF
SoffiXsponR570.01Ag422400.3.p	SART-1	OTR
SoffiXsponR570.07Bg183100.1.p	OFP	TFF
SoffiXsponR570.02Fg048100.5.p	Top	TFF
SoffiXsponR570.05Dg317900.1.p	C3H	TFF
SoffiXsponR570.05Dg204700.2.p	zf-HD	TFF
SoffiXsponR570.03Ag226900.1.p	MYB-related	TFF
SoffiXsponR570.02Ag417200.1.p	SRS	TFF
SoffiXsponR570.05Bg263900.1.p	FAR1	TFF
SoffiXsponR570.07Bg127000.1.p	C2C2-CO-like	TFF
SoffiXsponR570.05Dg098200.2.p	GNAT	OTR
SoffiXsponR570.06Cg013000.1.p	MYB	TFF
SoffiXsponR570.09Cg079100.3.p	Jumonji	OTR
SoffiXsponR570.08Bg193600.1.p	FAR1	TFF
SoffiXsponR570.06Gg057700.4.p	bZIP	TFF
SoffiXsponR570.06Fg096500.1.p	AP2-EREBP	TFF
SoffiXsponR570.10Fg109300.1.p	C2H2	TFF
SoffiXsponR570.5_9Ag250600.1.p	WRKY	TFF
SoffiXsponR570.07Ag147600.2.p	SET	OTR
SoffiXsponR570.08Ag015200.1.p	NAC	TFF
SoffiXsponR570.04Fg092500.2.p	HB	TFF
SoffiXsponR570.03Dg211800.1.p	NAC	TFF
SoffiXsponR570.06Dg035800.2.p	ABI3VP1	TFF
SoffiXsponR570.03Eg131100.1.p	ARF	TFF
SoffiXsponR570.10os1g031600.2.p	zf-HD	TFF
SoffiXsponR570.05Gg031400.3.p	FAR1	TFF
SoffiXsponR570.09Eg104300.3.p	MYB-related	TFF
SoffiXsponR570.5_9Ag075500.1.p	GRAS	TFF
SoffiXsponR570.01Dg048700.2.p	CPP	TFF
SoffiXsponR570.02Dg222100.1.p	bZIP	TFF
SoffiXsponR570.03Bg173800.2.p	FAR1	TFF
SoffiXsponR570.08Eg104500.1.p	bZIP	TFF
SoffiXsponR570.04Eg078200.1.p	zf-BED	TFF
SoffiXsponR570.05Eg047000.7.p	CPP	TFF
SoffiXsponR570.05Gg029700.2.p	NAC	TFF
SoffiXsponR570.02Fg212900.3.p	C3H	TFF
SoffiXsponR570.01Ag264900.5.p	GRAS	TFF
SoffiXsponR570.8_5Ag088500.3.p	TRAF	OTR
SoffiXsponR570.05Ag010000.1.p	WRKY	TFF
SoffiXsponR570.02Cg193000.1.p	MADS	TFF
SoffiXsponR570.02Bg287200.1.p	WRKY	TFF
SoffiXsponR570.01Dg349900.1.p	OFP	TFF
SoffiXsponR570.03Bg309100.2.p	NAC	TFF
SoffiXsponR570.05Bg354200.1.p	bZIP	TFF
SoffiXsponR570.01Ag019400.1.p	mTERF	OTR
SoffiXsponR570.01Eg280300.7.p	MYB-related	TFF
SoffiXsponR570.02Bg343600.1.p	ABI3VP1	TFF
SoffiXsponR570.03Cg282800.2.p	ARID	OTR
SoffiXsponR570.01Eg327000.2.p	C2H2	TFF
SoffiXsponR570.06Cg106600.2.p	bHLH	TFF
SoffiXsponR570.05Eg132600.1.p	WRKY	TFF
SoffiXsponR570.7_10Ag047200.1.p	OFP	TFF
SoffiXsponR570.07Eg226300.1.p	NAC	TFF
SoffiXsponR570.08Eg128400.3.p	mTERF	OTR
SoffiXsponR570.07Cg242000.1.p	Tify	TFF
SoffiXsponR570.09Dg054200.2.p	FHA	TFF
SoffiXsponR570.02Gg080200.1.p	bHLH	TFF
SoffiXsponR570.06Cg106600.1.p	bHLH	TFF
SoffiXsponR570.02Dg274700.1.p	ARF	TFF
SoffiXsponR570.6us88g078700.2.p	MADS	TFF
SoffiXsponR570.06Gg034700.4.p	TRAF	OTR
SoffiXsponR570.04Dg086600.2.p	MYB-related	TFF
SoffiXsponR570.08Bg056800.1.p	MYB-related	TFF
SoffiXsponR570.02Cg127400.2.p	bHLH	TFF
SoffiXsponR570.02Cg326700.1.p	C2H2	TFF
SoffiXsponR570.06Cg174800.2.p	ABI3VP1	TFF
SoffiXsponR570.02Fg021300.2.p	NOZZLE	TFF
SoffiXsponR570.01Cg283000.2.p	FAR1	TFF
SoffiXsponR570.04Gg117600.1.p	MYB	TFF
SoffiXsponR570.1Z288800.1.p	MYB-related	TFF
SoffiXsponR570.8_10Ag323000.1.p	zf-BED	TFF
SoffiXsponR570.01Dg334800.4.p	FAR1	TFF
SoffiXsponR570.08Ag079200.1.p	NAC	TFF
SoffiXsponR570.02Eg166900.1.p	MADS	TFF
SoffiXsponR570.09Bg090200.1.p	MYB	TFF
SoffiXsponR570.06Bg002300.1.p	HB	TFF
SoffiXsponR570.3os1g008300.1.p	CPP	TFF
SoffiXsponR570.5_9Ag341700.1.p	AP2-EREBP	TFF
SoffiXsponR570.01Ag534200.1.p	ABI3VP1	TFF
SoffiXsponR570.05Cg047100.2.p	TRAF	OTR
SoffiXsponR570.7os1g081200.2.p	C3H	TFF
SoffiXsponR570.05Eg247900.2.p	C2H2	TFF
SoffiXsponR570.07Cg079500.1.p	GRAS	TFF
SoffiXsponR570.02Eg364100.2.p	TRAF	OTR
SoffiXsponR570.02Fg338900.2.p	ABI3VP1	TFF
SoffiXsponR570.05Ag338100.1.p	FAR1	TFF
SoffiXsponR570.05Dg267500.1.p	GRF	TFF
SoffiXsponR570.01Ag161400.4.p	CCAAT	TFF
SoffiXsponR570.05Fg246200.3.p	mTERF	OTR
SoffiXsponR570.02Dg008200.1.p	AUX/IAA	OTR
SoffiXsponR570.10Cg005900.2.p	WRKY	TFF
SoffiXsponR570.01Dg314300.3.p	MYB-related	TFF
SoffiXsponR570.06Ag123500.1.p	MYB-related	TFF
SoffiXsponR570.06Fg167800.2.p	MYB-related	TFF
SoffiXsponR570.02Ag379200.6.p	ABI3VP1	TFF
SoffiXsponR570.06Cg106500.2.p	HB	TFF
SoffiXsponR570.05Bg313700.1.p	HRT	TFF
SoffiXsponR570.02Eg009100.1.p	OFP	TFF
SoffiXsponR570.01Eg020800.4.p	mTERF	OTR
SoffiXsponR570.02Ag393600.2.p	TCP	TFF
SoffiXsponR570.8_10Ag261800.1.p	AP2-EREBP	TFF
SoffiXsponR570.02Fg344000.2.p	ABI3VP1	TFF
SoffiXsponR570.06Cg132900.1.p	GRAS	TFF
SoffiXsponR570.01Dg116000.1.p	FAR1	TFF
SoffiXsponR570.10Cg111700.1.p	ABI3VP1	TFF
SoffiXsponR570.01Ag316500.2.p	MADS	TFF
SoffiXsponR570.01Cg036500.1.p	mTERF	OTR
SoffiXsponR570.01Ag108800.1.p	GRF	TFF
SoffiXsponR570.03Cg185000.1.p	FAR1	TFF
SoffiXsponR570.05Ag274500.3.p	FAR1	TFF
SoffiXsponR570.09Ag140600.3.p	CPP	TFF
SoffiXsponR570.01Ag145400.1.p	bHLH	TFF
SoffiXsponR570.03Ag160900.1.p	Coactivator_p15	OTR
SoffiXsponR570.03Dg195800.1.p	ABI3VP1	TFF
SoffiXsponR570.03Bg199500.1.p	AP2-EREBP	TFF
SoffiXsponR570.01Cg331600.1.p	AP2-EREBP	TFF
SoffiXsponR570.03Gg088600.1.p	AP2-EREBP	TFF
SoffiXsponR570.05Dg214700.2.p	WRKY	TFF
SoffiXsponR570.01Fg322300.3.p	HB	TFF
SoffiXsponR570.05Cg330700.2.p	CCAAT	TFF
SoffiXsponR570.06Cg074500.1.p	SRS	TFF
SoffiXsponR570.02Cg028600.2.p	BES1	TFF
SoffiXsponR570.07Ag009100.1.p	E2F-DP	TFF
SoffiXsponR570.02Cg174100.4.p	C3H	TFF
SoffiXsponR570.02Eg143100.1.p	bHLH	TFF
SoffiXsponR570.02Fg096000.2.p	zf-BED	TFF
SoffiXsponR570.10Cg095800.2.p	SAP	TFF
SoffiXsponR570.06Ag140800.1.p	AP2-EREBP	TFF
SoffiXsponR570.03Eg270100.6.p	zf-C5HC2	TFF
SoffiXsponR570.02Ag381500.2.p	mTERF	OTR
SoffiXsponR570.8_5Ag030600.1.p	bHLH	TFF
SoffiXsponR570.7_10Ag032500.1.p	TRAF	OTR
SoffiXsponR570.08Bg189500.4.p	EIL	TFF
SoffiXsponR570.03Ag239500.6.p	C2H2	TFF
SoffiXsponR570.03Dg287600.1.p	AP2-EREBP	TFF
SoffiXsponR570.9us90g003400.3.p	MED26	OTR
SoffiXsponR570.7_10Ag259700.2.p	NAC	TFF
SoffiXsponR570.03Eg007200.4.p	Jumonji	OTR
SoffiXsponR570.08Ag145400.2.p	GeBP	TFF
SoffiXsponR570.02Dg269200.2.p	SWI/SNF-BAF60b	OTR
SoffiXsponR570.05Dg001800.2.p	C2H2	TFF
SoffiXsponR570.06Dg065800.6.p	SET	OTR
SoffiXsponR570.04Gg067700.1.p	GRF	TFF
SoffiXsponR570.01Ag347900.1.p	Top	TFF
SoffiXsponR570.01Fg331200.1.p	Trihelix	TFF
SoffiXsponR570.09Bg113500.1.p	NAC	TFF
SoffiXsponR570.01Bg141600.2.p	FAR1	TFF
SoffiXsponR570.03Eg264500.1.p	TUB	TFF
SoffiXsponR570.02Cg300500.1.p	AP2-EREBP	TFF
SoffiXsponR570.02Eg083400.3.p	C2C2-Dof	TFF
SoffiXsponR570.05Cg265700.3.p	mTERF	OTR
SoffiXsponR570.01Fg239200.4.p	bZIP	TFF
SoffiXsponR570.03Ag034500.2.p	RWP-RK	TFF
SoffiXsponR570.04Gg099000.2.p	zf-C5HC2	TFF
SoffiXsponR570.01Ag019600.1.p	C2H2	TFF
SoffiXsponR570.01Cg211300.4.p	MED26	OTR
SoffiXsponR570.10os1g041900.1.p	AUX/IAA	OTR
SoffiXsponR570.01Dg085500.2.p	GeBP	TFF
SoffiXsponR570.04Bg049200.1.p	WRKY	TFF
SoffiXsponR570.06Ag207100.1.p	WRKY	TFF
SoffiXsponR570.02Bg252700.1.p	FAR1	TFF
SoffiXsponR570.06Fg025200.1.p	bZIP	TFF
SoffiXsponR570.04Bg169500.3.p	FAR1	TFF
SoffiXsponR570.01Ag070100.7.p	bHLH	TFF
SoffiXsponR570.06Dg136500.2.p	TUB	TFF
SoffiXsponR570.03Dg328400.1.p	zf-C5HC2	TFF
SoffiXsponR570.01Eg100100.1.p	bHLH	TFF
SoffiXsponR570.02Cg219000.4.p	bZIP	TFF
SoffiXsponR570.07Cg242000.2.p	Tify	TFF
SoffiXsponR570.07Dg127600.1.p	NAC	TFF
SoffiXsponR570.5_9Ag001300.1.p	C2H2	TFF
SoffiXsponR570.06Cg164000.1.p	zf-BED	TFF
SoffiXsponR570.02Cg180000.1.p	PLATZ	TFF
SoffiXsponR570.06Dg077300.2.p	SWI/SNF-BAF60b	OTR
SoffiXsponR570.03Dg273000.1.p	bZIP	TFF
SoffiXsponR570.03Dg328600.1.p	NAC	TFF
SoffiXsponR570.08Bg108100.3.p	PAS	TFF
SoffiXsponR570.02Dg352400.1.p	GRAS	TFF
SoffiXsponR570.10Fg113700.1.p	GRAS	TFF
SoffiXsponR570.06Cg098700.1.p	MYB-related	TFF
SoffiXsponR570.01Fg136000.1.p	C2H2	TFF
SoffiXsponR570.02Eg201200.2.p	ARF	TFF
SoffiXsponR570.08Dg162200.1.p	MADS	TFF
SoffiXsponR570.02Cg378800.1.p	C3H	TFF
SoffiXsponR570.08Dg007700.1.p	C3H	TFF
SoffiXsponR570.1Z055800.1.p	bZIP	TFF
SoffiXsponR570.10Dg183300.1.p	AP2-EREBP	TFF
SoffiXsponR570.6_9Ag165600.1.p	bHLH	TFF
SoffiXsponR570.08Eg069200.1.p	zf-HD	TFF
SoffiXsponR570.1os1g002800.7.p	HSF	TFF
SoffiXsponR570.05Cg324400.1.p	C2H2	TFF
SoffiXsponR570.8_10Ag322500.3.p	SBP	TFF
SoffiXsponR570.5_9Ag051800.1.p	SAP	TFF
SoffiXsponR570.01Dg277700.3.p	GRAS	TFF
SoffiXsponR570.04Dg060600.3.p	SET	OTR
SoffiXsponR570.01Cg070100.2.p	GRAS	TFF
SoffiXsponR570.05Cg377500.3.p	ABI3VP1	TFF
SoffiXsponR570.03Dg327300.1.p	C2C2-GATA	TFF
SoffiXsponR570.01Cg063100.2.p	PHD	OTR
SoffiXsponR570.07Cg271400.1.p	OFP	TFF
SoffiXsponR570.03Ag239500.2.p	C2H2	TFF
SoffiXsponR570.1os1g005400.1.p	TRAF	OTR
SoffiXsponR570.03Ag216600.2.p	AP2-EREBP	TFF
SoffiXsponR570.6_9Ag030900.2.p	C3H	TFF
SoffiXsponR570.5_9Ag027900.1.p	TUB	TFF
SoffiXsponR570.06Gg046000.2.p	SWI/SNF-BAF60b	OTR
SoffiXsponR570.03Ag194200.1.p	C3H	TFF
SoffiXsponR570.01Ag398600.3.p	SET	OTR
SoffiXsponR570.08Bg002900.1.p	TUB	TFF
SoffiXsponR570.8_10Ag063500.1.p	MYB	TFF
SoffiXsponR570.7_10Ag257800.1.p	MYB	TFF
SoffiXsponR570.08Cg005800.3.p	PHD	OTR
SoffiXsponR570.04Ag136900.4.p	PHD	OTR
SoffiXsponR570.02Cg332200.2.p	HB	TFF
SoffiXsponR570.07Ag070500.6.p	SET	OTR
SoffiXsponR570.05Eg343400.1.p	AP2-EREBP	TFF
SoffiXsponR570.01Eg351300.3.p	MYB-related	TFF
SoffiXsponR570.10Dg040800.2.p	GRAS	TFF
SoffiXsponR570.04Dg138400.2.p	AUX/IAA	OTR
SoffiXsponR570.5_9Ag275600.1.p	SAP	TFF
SoffiXsponR570.07Ag077900.5.p	ARF	TFF
SoffiXsponR570.7_10Ag297400.1.p	PLATZ	TFF
SoffiXsponR570.03Cg243400.1.p	GeBP	TFF
SoffiXsponR570.05Ag347000.1.p	Tudor-knot	OTR
SoffiXsponR570.7_10Ag144900.1.p	bHLH	TFF
SoffiXsponR570.08Cg161500.1.p	bHLH	TFF
SoffiXsponR570.03Dg214100.1.p	ARF	TFF
SoffiXsponR570.8_10Ag180100.3.p	Sigma70-like	TFF
SoffiXsponR570.6us88g046900.2.p	MYB-related	TFF
SoffiXsponR570.01Bg104900.2.p	MYB-related	TFF
SoffiXsponR570.03Cg206700.1.p	MYB	TFF
SoffiXsponR570.06Eg038400.1.p	WRKY	TFF
SoffiXsponR570.02Bg384200.1.p	FAR1	TFF
SoffiXsponR570.01Bg431700.1.p	GNAT	OTR
SoffiXsponR570.01Bg075100.1.p	C2C2-Dof	TFF
SoffiXsponR570.06Dg024300.3.p	bHLH	TFF
SoffiXsponR570.10Cg109500.1.p	GRAS	TFF
SoffiXsponR570.02Dg129800.1.p	WRKY	TFF
SoffiXsponR570.8_10Ag296200.1.p	TCP	TFF
SoffiXsponR570.10Ag186200.1.p	FHA	TFF
SoffiXsponR570.02Eg164400.4.p	Top	TFF
SoffiXsponR570.02Cg042100.1.p	WRKY	TFF
SoffiXsponR570.04Bg194800.1.p	AP2-EREBP	TFF
SoffiXsponR570.6us88g040400.1.p	AP2-EREBP	TFF
SoffiXsponR570.05Ag273500.1.p	MYB	TFF
SoffiXsponR570.08Eg068500.1.p	NAC	TFF
SoffiXsponR570.09Eg065300.1.p	MADS	TFF
SoffiXsponR570.7_10Ag099600.1.p	AUX/IAA	OTR
SoffiXsponR570.08Cg091700.1.p	WRKY	TFF
SoffiXsponR570.10Cg184400.3.p	GRAS	TFF
SoffiXsponR570.08Cg151700.2.p	C2H2	TFF
SoffiXsponR570.05Cg297600.1.p	MYB	TFF
SoffiXsponR570.03Ag303000.2.p	Top	TFF
SoffiXsponR570.03Dg354700.2.p	C3H	TFF
SoffiXsponR570.04Fg072800.1.p	bZIP	TFF
SoffiXsponR570.02Fg066800.1.p	CCAAT	TFF
SoffiXsponR570.03Cg225700.1.p	C2C2-Dof	TFF
SoffiXsponR570.02Ag001600.1.p	WRKY	TFF
SoffiXsponR570.02Dg368600.1.p	Jumonji	OTR
SoffiXsponR570.02Gg073500.5.p	PHD	OTR
SoffiXsponR570.03Dg339600.1.p	C2H2	TFF
SoffiXsponR570.10Cg186800.1.p	MYB	TFF
SoffiXsponR570.01Ag106100.6.p	HB	TFF
SoffiXsponR570.02Ag182000.2.p	MYB-related	TFF
SoffiXsponR570.01Fg322300.1.p	HB	TFF
SoffiXsponR570.04Cg186300.1.p	bZIP	TFF
SoffiXsponR570.07Bg208000.3.p	Rcd1-like	OTR
SoffiXsponR570.07Bg261900.2.p	Top	TFF
SoffiXsponR570.03Dg243200.1.p	OFP	TFF
SoffiXsponR570.05Dg079500.1.p	FAR1	TFF
SoffiXsponR570.06Gg066300.1.p	C2H2	TFF
SoffiXsponR570.05Ag319200.2.p	GRAS	TFF
SoffiXsponR570.03Fg118800.1.p	bHLH	TFF
SoffiXsponR570.7_10Ag309800.3.p	PHD	OTR
SoffiXsponR570.06Dg009400.1.p	bHLH	TFF
SoffiXsponR570.04Cg159200.1.p	HSF	TFF
SoffiXsponR570.04Eg133500.8.p	SBP	TFF
SoffiXsponR570.07Eg124800.1.p	C2H2	TFF
SoffiXsponR570.10Fg019100.2.p	SBP	TFF
SoffiXsponR570.01Cg271400.8.p	GRAS	TFF
SoffiXsponR570.01Dg396000.1.p	Not1	TFF
SoffiXsponR570.08Ag005000.5.p	PHD	OTR
SoffiXsponR570.03Bg256400.2.p	TCP	TFF
SoffiXsponR570.03Eg222600.2.p	MADS	TFF
SoffiXsponR570.01Cg237700.4.p	EIL	TFF
SoffiXsponR570.03Eg282000.1.p	bHLH	TFF
SoffiXsponR570.04Cg063400.1.p	BSD	TFF
SoffiXsponR570.3os5g000600.1.p	zf-A20	TFF
SoffiXsponR570.03Ag234800.1.p	MADS	TFF
SoffiXsponR570.07Cg164400.1.p	SBP	TFF
SoffiXsponR570.1Z151100.1.p	Tify	TFF
SoffiXsponR570.02Cg248100.1.p	MYB-related	TFF
SoffiXsponR570.05Ag234700.1.p	TCP	TFF
SoffiXsponR570.01Cg059100.2.p	GRAS	TFF
SoffiXsponR570.06Ag202700.1.p	WRKY	TFF
SoffiXsponR570.1Z045300.3.p	bHLH	TFF
SoffiXsponR570.05Eg273600.1.p	GRAS	TFF
SoffiXsponR570.04Bg037500.1.p	WRKY	TFF
SoffiXsponR570.1Z253600.1.p	AP2-EREBP	TFF
SoffiXsponR570.02Gg261700.2.p	Alfin-like	TFF
SoffiXsponR570.01Cg167500.3.p	NAC	TFF
SoffiXsponR570.05Cg135800.1.p	bZIP	TFF
SoffiXsponR570.04Bg176400.1.p	MADS	TFF
SoffiXsponR570.05Ag316800.1.p	BES1	TFF
SoffiXsponR570.10Cg188900.1.p	GRAS	TFF
SoffiXsponR570.03Gg043500.1.p	SET	OTR
SoffiXsponR570.07Cg229900.2.p	bZIP	TFF
SoffiXsponR570.02Bg004100.4.p	ARF	TFF
SoffiXsponR570.04Dg080100.1.p	bHLH	TFF
SoffiXsponR570.5_9Ag417800.1.p	NAC	TFF
SoffiXsponR570.01Dg005000.1.p	mTERF	OTR
SoffiXsponR570.05Bg378700.1.p	MYB-related	TFF
SoffiXsponR570.02Bg197400.1.p	HMG	OTR
SoffiXsponR570.01Fg297200.1.p	E2F-DP	TFF
SoffiXsponR570.01Eg091000.1.p	MADS	TFF
SoffiXsponR570.01Bg165000.1.p	GRAS	TFF
SoffiXsponR570.08Cg002300.1.p	NAC	TFF
SoffiXsponR570.02Fg220200.2.p	GeBP	TFF
SoffiXsponR570.05Cg049600.7.p	PHD	OTR
SoffiXsponR570.02Eg034400.1.p	MYB	TFF
SoffiXsponR570.02Ag391600.2.p	MADS	TFF
SoffiXsponR570.5_9Ag180700.2.p	NAC	TFF
SoffiXsponR570.02Ag323700.1.p	WRKY	TFF
SoffiXsponR570.6_9Ag268800.1.p	GRAS	TFF
SoffiXsponR570.01Dg209700.6.p	bHLH	TFF
SoffiXsponR570.01Bg035300.1.p	C2H2	TFF
SoffiXsponR570.01Ag247900.1.p	TRAF	OTR
SoffiXsponR570.04Cg259500.2.p	bZIP	TFF
SoffiXsponR570.04Cg133200.4.p	C3H	TFF
SoffiXsponR570.07Bg260800.1.p	MYB	TFF
SoffiXsponR570.03Eg305500.2.p	C3H	TFF
SoffiXsponR570.01Cg375600.1.p	OFP	TFF
SoffiXsponR570.03Eg152900.1.p	TAZ	TFF
SoffiXsponR570.06Dg142200.1.p	WRKY	TFF
SoffiXsponR570.01Ag117200.1.p	zf-HD	TFF
SoffiXsponR570.05Fg095700.1.p	zf-HD	TFF
SoffiXsponR570.03Gg079100.2.p	GeBP	TFF
SoffiXsponR570.02Cg421600.1.p	PHD	OTR
SoffiXsponR570.10Eg013800.1.p	zf-HD	TFF
SoffiXsponR570.01Fg003000.1.p	SWI/SNF-BAF60b	OTR
SoffiXsponR570.01Dg161700.1.p	C2C2-GATA	TFF
SoffiXsponR570.02Bg198800.1.p	C3H	TFF
SoffiXsponR570.05Bg309500.2.p	C2H2	TFF
SoffiXsponR570.8_5Ag070000.4.p	SET	OTR
SoffiXsponR570.07Ag070500.5.p	SET	OTR
SoffiXsponR570.9os1g026300.1.p	MYB-related	TFF
SoffiXsponR570.05Fg270400.3.p	SAP	TFF
SoffiXsponR570.03Bg197700.2.p	AP2-EREBP	TFF
SoffiXsponR570.05Ag013600.1.p	GNAT	OTR
SoffiXsponR570.07Bg168700.3.p	GRAS	TFF
SoffiXsponR570.8_10Ag120600.1.p	NAC	TFF
SoffiXsponR570.02Gg021800.3.p	NAC	TFF
SoffiXsponR570.02Bg237900.2.p	AUX/IAA	OTR
SoffiXsponR570.02Cg009800.1.p	MYB	TFF
SoffiXsponR570.04Ag176000.1.p	MBF1	OTR
SoffiXsponR570.9us90g032800.1.p	C2C2-Dof	TFF
SoffiXsponR570.02Dg000900.1.p	WRKY	TFF
SoffiXsponR570.09Eg049300.1.p	C2C2-GATA	TFF
SoffiXsponR570.01Dg231000.1.p	TUB	TFF
SoffiXsponR570.10Dg132700.1.p	bHLH	TFF
SoffiXsponR570.04Cg192800.2.p	AP2-EREBP	TFF
SoffiXsponR570.03Dg125700.1.p	GeBP	TFF
SoffiXsponR570.02Ag323800.1.p	WRKY	TFF
SoffiXsponR570.02Dg182500.1.p	mTERF	OTR
SoffiXsponR570.05Dg173100.1.p	Tify	TFF
SoffiXsponR570.09Ag002700.4.p	PAS	TFF
SoffiXsponR570.7_10Ag262700.4.p	Trihelix	TFF
SoffiXsponR570.1Z120400.1.p	PHD	OTR
SoffiXsponR570.6_9Ag021400.2.p	FAR1	TFF
SoffiXsponR570.02Cg367600.1.p	AP2-EREBP	TFF
SoffiXsponR570.03Gg117500.2.p	ARID	OTR
SoffiXsponR570.06Gg010800.3.p	AP2-EREBP	TFF
SoffiXsponR570.02Cg038800.1.p	MYB	TFF
SoffiXsponR570.04Fg085400.3.p	PLATZ	TFF
SoffiXsponR570.07Dg062300.1.p	SWI/SNF-BAF60b	OTR
SoffiXsponR570.03Ag077700.1.p	zf-A20	TFF
SoffiXsponR570.03Dg062100.3.p	bZIP	TFF
SoffiXsponR570.01Bg474900.1.p	bHLH	TFF
SoffiXsponR570.02Fg254900.1.p	WRKY	TFF
SoffiXsponR570.08Ag142600.6.p	ARID	OTR
SoffiXsponR570.5_9Ag355600.1.p	DDT	OTR
SoffiXsponR570.08Dg036700.2.p	CCAAT	TFF
SoffiXsponR570.7_10Ag221800.2.p	TAZ	TFF
SoffiXsponR570.03Cg228000.1.p	OFP	TFF
SoffiXsponR570.10us89g103500.2.p	AP2-EREBP	TFF
SoffiXsponR570.01Cg192300.2.p	Tify	TFF
SoffiXsponR570.6_9Ag225200.6.p	SWI/SNF-BAF60b	OTR
SoffiXsponR570.01Fg100600.1.p	AP2-EREBP	TFF
SoffiXsponR570.02Fg175400.1.p	MYB-related	TFF
SoffiXsponR570.05Fg282200.1.p	MYB	TFF
SoffiXsponR570.05Dg161100.1.p	SET	OTR
SoffiXsponR570.07Dg145500.1.p	AP2-EREBP	TFF
SoffiXsponR570.01Dg296900.2.p	MYB-related	TFF
SoffiXsponR570.06Dg065800.10.p	SET	OTR
SoffiXsponR570.8_10Ag204700.1.p	TRAF	OTR
SoffiXsponR570.09Cg023400.1.p	FHA	TFF
SoffiXsponR570.01Eg249000.1.p	C2H2	TFF
SoffiXsponR570.03Fg142100.1.p	bHLH	TFF
SoffiXsponR570.03Cg162200.1.p	bHLH	TFF
SoffiXsponR570.08Bg094000.2.p	GNAT	OTR
SoffiXsponR570.10Dg042700.1.p	MED26	OTR
SoffiXsponR570.10Dg108700.3.p	RB	OTR
SoffiXsponR570.06Ag022500.5.p	SAP	TFF
SoffiXsponR570.01Bg020200.3.p	mTERF	OTR
SoffiXsponR570.08Ag127600.1.p	MYB	TFF
SoffiXsponR570.07Ag001100.1.p	GeBP	TFF
SoffiXsponR570.03Dg244800.1.p	ABI3VP1	TFF
SoffiXsponR570.03Eg230300.2.p	mTERF	OTR
SoffiXsponR570.02Dg183100.1.p	CCAAT	TFF
SoffiXsponR570.09Ag052800.7.p	SAP	TFF
SoffiXsponR570.05Eg276900.1.p	MYB-related	TFF
SoffiXsponR570.04Bg203700.1.p	bZIP	TFF
SoffiXsponR570.07Bg072500.4.p	E2F-DP	TFF
SoffiXsponR570.8_10Ag291100.1.p	bZIP	TFF
SoffiXsponR570.5_9Ag477600.1.p	MADS	TFF
SoffiXsponR570.02Cg222300.1.p	MYB-related	TFF
SoffiXsponR570.03Ag039400.2.p	PAS	TFF
SoffiXsponR570.3os3g005200.1.p	C2H2	TFF
SoffiXsponR570.02Bg004100.1.p	ARF	TFF
SoffiXsponR570.01Eg338700.2.p	GRAS	TFF
SoffiXsponR570.04Dg157800.2.p	AP2-EREBP	TFF
SoffiXsponR570.01Dg338400.1.p	CCAAT	TFF
SoffiXsponR570.05Fg105900.1.p	AP2-EREBP	TFF
SoffiXsponR570.02Ag112100.1.p	C3H	TFF
SoffiXsponR570.7_10Ag381500.2.p	PHD	OTR
SoffiXsponR570.07Ag197200.1.p	MADS	TFF
SoffiXsponR570.01Eg390900.1.p	Tify	TFF
SoffiXsponR570.01Bg137500.1.p	GNAT	OTR
SoffiXsponR570.02Ag349900.3.p	bZIP	TFF
SoffiXsponR570.04Ag087300.1.p	MYB	TFF
SoffiXsponR570.02Bg318700.1.p	bZIP	TFF
SoffiXsponR570.02Dg243300.1.p	zf-BED	TFF
SoffiXsponR570.01Bg226800.2.p	TRAF	OTR
SoffiXsponR570.02Bg320700.3.p	C2H2	TFF
SoffiXsponR570.1Z129600.1.p	MYB	TFF
SoffiXsponR570.02Eg256400.1.p	NAC	TFF
SoffiXsponR570.01Bg009300.1.p	CCAAT	TFF
SoffiXsponR570.03Bg171800.2.p	bHLH	TFF
SoffiXsponR570.02Gg309600.1.p	SRS	TFF
SoffiXsponR570.07Eg034400.2.p	S1Fa-like	TFF
SoffiXsponR570.07Bg165100.2.p	AP2-EREBP	TFF
SoffiXsponR570.03Bg202400.1.p	PLATZ	TFF
SoffiXsponR570.08Bg065100.4.p	SET	OTR
SoffiXsponR570.04Fg160400.1.p	zf-C5HC2	TFF
SoffiXsponR570.07Ag157600.1.p	bHLH	TFF
SoffiXsponR570.6_9Ag241300.1.p	bHLH	TFF
SoffiXsponR570.05Ag381700.4.p	EIL	TFF
SoffiXsponR570.1os1g002800.5.p	HSF	TFF
SoffiXsponR570.07Ag212400.1.p	CSD	TFF
SoffiXsponR570.02Fg268800.1.p	NAC	TFF
SoffiXsponR570.02Bg302200.2.p	MYB	TFF
SoffiXsponR570.9os1g046100.1.p	bZIP	TFF
SoffiXsponR570.06Cg140600.1.p	C2C2-Dof	TFF
SoffiXsponR570.03Bg256600.2.p	AP2-EREBP	TFF
SoffiXsponR570.04Cg038200.1.p	WRKY	TFF
SoffiXsponR570.08Ag202500.1.p	bHLH	TFF
SoffiXsponR570.01Ag114200.2.p	GRAS	TFF
SoffiXsponR570.03Fg062300.2.p	MADS	TFF
SoffiXsponR570.05Fg251500.2.p	GRAS	TFF
SoffiXsponR570.06Eg124900.1.p	GRAS	TFF
SoffiXsponR570.01Cg039000.1.p	GeBP	TFF
SoffiXsponR570.5_9Ag227800.1.p	SET	OTR
SoffiXsponR570.07Ag070500.1.p	SET	OTR
SoffiXsponR570.10Ag132700.1.p	RB	OTR
SoffiXsponR570.06Dg157100.4.p	bHLH	TFF
SoffiXsponR570.01Fg322300.5.p	HB	TFF
SoffiXsponR570.01Cg271400.4.p	GRAS	TFF
SoffiXsponR570.06Eg094900.1.p	AP2-EREBP	TFF
SoffiXsponR570.02Cg405500.1.p	TRAF	OTR
SoffiXsponR570.02Eg358900.1.p	Tify	TFF
SoffiXsponR570.10Fg099600.1.p	MYB	TFF
SoffiXsponR570.07Cg252300.2.p	MYB-related	TFF
SoffiXsponR570.02Bg125700.1.p	Top	TFF
SoffiXsponR570.02Dg338400.1.p	CCAAT	TFF
SoffiXsponR570.01Cg291800.3.p	bZIP	TFF
SoffiXsponR570.08Dg052600.2.p	WRKY	TFF
SoffiXsponR570.04Ag094300.2.p	bZIP	TFF
SoffiXsponR570.04Cg121600.2.p	C2C2-CO-like	TFF
SoffiXsponR570.01Bg048200.1.p	DDT	OTR
SoffiXsponR570.09Eg001300.3.p	PAS	TFF
SoffiXsponR570.03Bg244000.2.p	MADS	TFF
SoffiXsponR570.02Eg300200.1.p	CCAAT	TFF
SoffiXsponR570.01Cg015400.2.p	SBP	TFF
SoffiXsponR570.05Dg144900.1.p	MYB-related	TFF
SoffiXsponR570.06Dg074700.1.p	mTERF	OTR
SoffiXsponR570.5_9Ag434400.1.p	C2C2-Dof	TFF
SoffiXsponR570.05Eg157800.1.p	MYB	TFF
SoffiXsponR570.01Bg053400.1.p	bHLH	TFF
SoffiXsponR570.03Eg230100.1.p	mTERF	OTR
SoffiXsponR570.8_5Ag259100.1.p	WRKY	TFF
SoffiXsponR570.08Bg004800.1.p	PHD	OTR
SoffiXsponR570.04Gg057900.2.p	C2H2	TFF
SoffiXsponR570.05Bg121900.2.p	AP2-EREBP	TFF
SoffiXsponR570.10Dg040800.1.p	GRAS	TFF
SoffiXsponR570.03Fg040200.1.p	TAZ	TFF
SoffiXsponR570.09Cg136000.1.p	ABI3VP1	TFF
SoffiXsponR570.06Gg144800.1.p	NAC	TFF
SoffiXsponR570.02Bg280900.2.p	MYB	TFF
SoffiXsponR570.08Bg055000.1.p	Top	TFF
SoffiXsponR570.02Bg155700.1.p	PLATZ	TFF
SoffiXsponR570.05Bg149400.2.p	AP2-EREBP	TFF
SoffiXsponR570.01Dg276400.2.p	C2C2-Dof	TFF
SoffiXsponR570.03Bg198500.1.p	PHD	OTR
SoffiXsponR570.1Z299600.1.p	HSF	TFF
SoffiXsponR570.7_10Ag002200.3.p	SAP	TFF
SoffiXsponR570.8_10Ag153800.3.p	Top	TFF
SoffiXsponR570.5_9Ag162700.1.p	TCP	TFF
SoffiXsponR570.7_10Ag047100.1.p	OFP	TFF
SoffiXsponR570.03Dg252200.1.p	MYB-related	TFF
SoffiXsponR570.06Gg029800.2.p	AP2-EREBP	TFF
SoffiXsponR570.10Dg105300.1.p	bHLH	TFF
SoffiXsponR570.08Cg159400.1.p	AP2-EREBP	TFF
SoffiXsponR570.09Ag140500.1.p	CPP	TFF
SoffiXsponR570.5_9Ag094900.1.p	FAR1	TFF
SoffiXsponR570.03Cg148000.1.p	MADS	TFF
SoffiXsponR570.07Bg163200.1.p	AP2-EREBP	TFF
SoffiXsponR570.02Eg385000.1.p	Top	TFF
SoffiXsponR570.09Ag126000.2.p	GRAS	TFF
SoffiXsponR570.04Bg063200.1.p	DBP	TFF
SoffiXsponR570.08Bg004600.2.p	Yl1	TFF
SoffiXsponR570.05Bg122200.1.p	MYB	TFF
SoffiXsponR570.10Ag220400.4.p	GRAS	TFF
SoffiXsponR570.8_5Ag221200.2.p	TIG	TFF
SoffiXsponR570.05Eg296900.3.p	FAR1	TFF
SoffiXsponR570.6_9Ag283900.2.p	AUX/IAA	OTR
SoffiXsponR570.6_9Ag212700.1.p	TRAF	OTR
SoffiXsponR570.01Ag243800.1.p	TRAF	OTR
SoffiXsponR570.05Eg155400.1.p	TCP	TFF
SoffiXsponR570.03Bg195700.1.p	SET	OTR
SoffiXsponR570.06Gg132700.2.p	ARF	TFF
SoffiXsponR570.02Gg122100.1.p	bZIP	TFF
SoffiXsponR570.06Ag147300.1.p	NOT2_3_5	OTR
SoffiXsponR570.04Gg070500.1.p	GeBP	TFF
SoffiXsponR570.08Bg082800.3.p	PHD	OTR
SoffiXsponR570.02Ag209300.1.p	WRKY	TFF
SoffiXsponR570.08Eg013500.1.p	WRKY	TFF
SoffiXsponR570.04Ag186200.1.p	GRAS	TFF
SoffiXsponR570.04Cg216200.1.p	TRAF	OTR
SoffiXsponR570.01Eg389600.1.p	AP2-EREBP	TFF
SoffiXsponR570.02Fg220200.1.p	GeBP	TFF
SoffiXsponR570.01Dg279000.1.p	Sigma70-like	TFF
SoffiXsponR570.05Gg155300.1.p	WRKY	TFF
SoffiXsponR570.05Dg040000.1.p	Tify	TFF
SoffiXsponR570.04Ag218000.1.p	MADS	TFF
SoffiXsponR570.02Cg393300.1.p	TRAF	OTR
SoffiXsponR570.05Bg223500.1.p	AP2-EREBP	TFF
SoffiXsponR570.03Ag106500.1.p	C3H	TFF
SoffiXsponR570.07Dg139900.2.p	MYB	TFF
SoffiXsponR570.1Z245800.2.p	CAMTA	TFF
SoffiXsponR570.01Dg057500.2.p	ABI3VP1	TFF
SoffiXsponR570.08Eg120500.3.p	bHLH	TFF
SoffiXsponR570.06Cg099800.1.p	MYB-related	TFF
SoffiXsponR570.04Cg086900.1.p	AP2-EREBP	TFF
SoffiXsponR570.03Bg295800.1.p	C2C2-GATA	TFF
SoffiXsponR570.02Bg191200.1.p	PHD	OTR
SoffiXsponR570.04Dg149000.1.p	C3H	TFF
SoffiXsponR570.02Eg354600.1.p	MADS	TFF
SoffiXsponR570.06Fg067200.1.p	bHLH	TFF
SoffiXsponR570.03Bg168900.2.p	ABI3VP1	TFF
SoffiXsponR570.02Cg309100.1.p	AP2-EREBP	TFF
SoffiXsponR570.05Bg131600.1.p	SET	OTR
SoffiXsponR570.04Cg079100.1.p	AP2-EREBP	TFF
SoffiXsponR570.05Eg223000.1.p	bHLH	TFF
SoffiXsponR570.10us89g090400.2.p	MYB-related	TFF
SoffiXsponR570.02Ag198500.9.p	Top	TFF
SoffiXsponR570.07Eg100900.1.p	MYB	TFF
SoffiXsponR570.01Eg243500.1.p	GRAS	TFF
SoffiXsponR570.03Ag287900.1.p	mTERF	OTR
SoffiXsponR570.03Dg007100.3.p	Jumonji	OTR
SoffiXsponR570.02Fg356600.1.p	Tify	TFF
SoffiXsponR570.09Dg062000.1.p	FHA	TFF
SoffiXsponR570.02Cg339700.1.p	CCAAT	TFF
SoffiXsponR570.01Eg255300.1.p	CCAAT	TFF
SoffiXsponR570.02Bg330700.2.p	MADS	TFF
SoffiXsponR570.6_9Ag058300.2.p	C2C2-GATA	TFF
SoffiXsponR570.03Dg091600.1.p	Top	TFF
SoffiXsponR570.05Dg112000.1.p	SET	OTR
SoffiXsponR570.02Ag023200.2.p	TCP	TFF
SoffiXsponR570.10Cg010900.1.p	NAC	TFF
SoffiXsponR570.6_9Ag132400.1.p	MYB-related	TFF
SoffiXsponR570.01Bg274100.1.p	PLATZ	TFF
SoffiXsponR570.8_10Ag281500.2.p	SOH1	OTR
SoffiXsponR570.07Dg095400.1.p	NAC	TFF
SoffiXsponR570.5_9Ag186500.1.p	C2H2	TFF
SoffiXsponR570.04Eg046200.2.p	MADS	TFF
SoffiXsponR570.03Bg007500.4.p	Jumonji	OTR
SoffiXsponR570.03Dg252200.2.p	MYB-related	TFF
SoffiXsponR570.02Bg004500.2.p	bHLH	TFF
SoffiXsponR570.04Dg154300.1.p	bZIP	TFF
SoffiXsponR570.02Gg264300.2.p	TRAF	OTR
SoffiXsponR570.05Bg012000.1.p	MADS	TFF
SoffiXsponR570.08Bg057800.4.p	FAR1	TFF
SoffiXsponR570.06Ag046300.2.p	ABI3VP1	TFF
SoffiXsponR570.05Dg135100.1.p	FAR1	TFF
SoffiXsponR570.09Bg057700.1.p	TCP	TFF
SoffiXsponR570.06Ag061100.3.p	bHLH	TFF
SoffiXsponR570.04Ag096600.2.p	MED6	OTR
SoffiXsponR570.04Ag082700.1.p	zf-HD	TFF
SoffiXsponR570.02Gg129200.2.p	DDT	OTR
SoffiXsponR570.01Bg428800.2.p	C2H2	TFF
SoffiXsponR570.02Bg245900.3.p	ARF	TFF
SoffiXsponR570.01Dg084800.3.p	ARF	TFF
SoffiXsponR570.03Ag221100.1.p	NAC	TFF
SoffiXsponR570.01Eg277000.1.p	HSF	TFF
SoffiXsponR570.01Fg274400.4.p	MADS	TFF
SoffiXsponR570.01Dg256400.1.p	MYB	TFF
SoffiXsponR570.05Dg365600.3.p	DDT	OTR
SoffiXsponR570.02Cg179100.1.p	CCAAT	TFF
SoffiXsponR570.08Ag044300.1.p	MYB-related	TFF
SoffiXsponR570.08Bg003200.2.p	TRAF	OTR
SoffiXsponR570.02Bg017500.2.p	PHD	OTR
SoffiXsponR570.01Bg193000.1.p	C2C2-Dof	TFF
SoffiXsponR570.01Cg107200.1.p	Tify	TFF
SoffiXsponR570.03Ag037000.2.p	SBP	TFF
SoffiXsponR570.01Bg228000.1.p	HSF	TFF
SoffiXsponR570.07Bg205400.1.p	AP2-EREBP	TFF
SoffiXsponR570.09Dg103800.1.p	NAC	TFF
SoffiXsponR570.05Fg249100.1.p	HRT	TFF
SoffiXsponR570.04Ag213600.1.p	AP2-EREBP	TFF
SoffiXsponR570.09Ag140600.2.p	CPP	TFF
SoffiXsponR570.07Bg111400.1.p	NAC	TFF
SoffiXsponR570.8_5Ag078100.2.p	NAC	TFF
SoffiXsponR570.08Bg013600.1.p	PHD	OTR
SoffiXsponR570.01Cg053200.1.p	FHA	TFF
SoffiXsponR570.01Bg437600.2.p	AP2-EREBP	TFF
SoffiXsponR570.01Bg034000.1.p	mTERF	OTR
SoffiXsponR570.02Dg063200.1.p	MYB-related	TFF
SoffiXsponR570.05Cg348400.2.p	SART-1	OTR
SoffiXsponR570.02Ag366900.1.p	AP2-EREBP	TFF
SoffiXsponR570.02Eg296800.1.p	CCAAT	TFF
SoffiXsponR570.01Eg092700.2.p	MYB-related	TFF
SoffiXsponR570.03Ag228700.2.p	GNAT	OTR
SoffiXsponR570.04Dg203200.1.p	C2H2	TFF
SoffiXsponR570.03Gg000300.3.p	AUX/IAA	OTR
SoffiXsponR570.06Dg024500.2.p	bHLH	TFF
SoffiXsponR570.02Cg191100.2.p	Top	TFF
SoffiXsponR570.06Dg050700.1.p	FHA	TFF
SoffiXsponR570.04Dg183300.2.p	SRS	TFF
SoffiXsponR570.10Dg089900.1.p	NAC	TFF
SoffiXsponR570.02Eg303100.1.p	MYB-related	TFF
SoffiXsponR570.05Dg243600.1.p	HSF	TFF
SoffiXsponR570.03Ag194200.3.p	C3H	TFF
SoffiXsponR570.02Fg323600.3.p	GRAS	TFF
SoffiXsponR570.1Z297700.1.p	HSF	TFF
SoffiXsponR570.5_9Ag224300.1.p	WRKY	TFF
SoffiXsponR570.10Ag113700.1.p	FHA	TFF
SoffiXsponR570.10Bg074800.1.p	SBP	TFF
SoffiXsponR570.01Fg278000.11.p	FAR1	TFF
SoffiXsponR570.02Cg119100.1.p	BSD	TFF
SoffiXsponR570.01Ag224200.1.p	bHLH	TFF
SoffiXsponR570.01Cg167400.1.p	SWI/SNF-SWI3	OTR
SoffiXsponR570.02Ag037100.4.p	MYB-related	TFF
SoffiXsponR570.03Fg127500.2.p	CPP	TFF
SoffiXsponR570.05Cg226400.1.p	bHLH	TFF
SoffiXsponR570.04Cg117300.2.p	NAC	TFF
SoffiXsponR570.05Dg155500.1.p	WRKY	TFF
SoffiXsponR570.08Ag092000.1.p	MADS	TFF
SoffiXsponR570.06Eg030300.2.p	SAP	TFF
SoffiXsponR570.01Ag154200.1.p	WRKY	TFF
SoffiXsponR570.02Dg374200.1.p	bHLH	TFF
SoffiXsponR570.03Gg070100.1.p	mTERF	OTR
SoffiXsponR570.03Ag326600.1.p	C2C2-GATA	TFF
SoffiXsponR570.05Ag203400.2.p	bHLH	TFF
SoffiXsponR570.10Fg123600.1.p	GRAS	TFF
SoffiXsponR570.02Cg378800.2.p	C3H	TFF
SoffiXsponR570.01Cg132000.1.p	bHLH	TFF
SoffiXsponR570.8_10Ag186300.1.p	bZIP	TFF
SoffiXsponR570.01Cg320000.1.p	C2H2	TFF
SoffiXsponR570.09Cg165700.1.p	bHLH	TFF
SoffiXsponR570.04Bg098900.1.p	LIM	TFF
SoffiXsponR570.02Fg230800.1.p	zf-BED	TFF
SoffiXsponR570.07Dg031200.5.p	bHLH	TFF
SoffiXsponR570.09Bg039800.2.p	PHD	OTR
SoffiXsponR570.05Eg064500.1.p	EIL	TFF
SoffiXsponR570.10Ag224700.1.p	GRAS	TFF
SoffiXsponR570.03Bg061700.1.p	C2C2-CO-like	TFF
SoffiXsponR570.09Ag003900.9.p	Top	TFF
SoffiXsponR570.04Cg187400.3.p	PLATZ	TFF
SoffiXsponR570.07Eg025600.6.p	TIG	TFF
SoffiXsponR570.5_9Ag432100.1.p	ABI3VP1	TFF
SoffiXsponR570.10Bg130600.1.p	PHD	OTR
SoffiXsponR570.01Dg064600.1.p	GRAS	TFF
SoffiXsponR570.02Dg309100.1.p	AP2-EREBP	TFF
SoffiXsponR570.07Dg237400.4.p	NAC	TFF
SoffiXsponR570.04Cg262000.1.p	bZIP	TFF
SoffiXsponR570.04Dg057100.1.p	WRKY	TFF
SoffiXsponR570.01Ag078500.1.p	TRAF	OTR
SoffiXsponR570.8_5Ag138300.1.p	SGT1	OTR
SoffiXsponR570.07Dg094100.1.p	FAR1	TFF
SoffiXsponR570.08Eg018700.1.p	AP2-EREBP	TFF
SoffiXsponR570.03Eg297000.1.p	C2H2	TFF
SoffiXsponR570.05Eg200300.1.p	MYB-related	TFF
SoffiXsponR570.9us90g009000.1.p	WRKY	TFF
SoffiXsponR570.05Dg360500.1.p	TRAF	OTR
SoffiXsponR570.03Cg255800.1.p	mTERF	OTR
SoffiXsponR570.07Eg186200.3.p	AP2-EREBP	TFF
SoffiXsponR570.07Bg277900.1.p	NAC	TFF
SoffiXsponR570.01Ag398600.1.p	SET	OTR
SoffiXsponR570.02Dg194200.1.p	Top	TFF
SoffiXsponR570.02Dg009800.1.p	MYB	TFF
SoffiXsponR570.10os1g041800.1.p	AUX/IAA	OTR
SoffiXsponR570.01Cg283500.4.p	Top	TFF
SoffiXsponR570.08Ag130700.1.p	TCP	TFF
SoffiXsponR570.05Dg042800.2.p	C2C2-YABBY	TFF
SoffiXsponR570.7_10Ag231200.3.p	RWP-RK	TFF
SoffiXsponR570.07Bg209100.2.p	MADS	TFF
SoffiXsponR570.05Eg255500.1.p	SET	OTR
SoffiXsponR570.02Ag210100.1.p	WRKY	TFF
SoffiXsponR570.05Bg376900.1.p	NAC	TFF
SoffiXsponR570.02Cg037400.1.p	MYB-related	TFF
SoffiXsponR570.03Dg125700.3.p	GeBP	TFF
SoffiXsponR570.02Gg274700.1.p	mTERF	OTR
SoffiXsponR570.02Fg316300.1.p	C2H2	TFF
SoffiXsponR570.02Ag247100.1.p	AP2-EREBP	TFF
SoffiXsponR570.06Ag081600.2.p	WRKY	TFF
SoffiXsponR570.1Z145600.1.p	Top	TFF
SoffiXsponR570.07Eg176800.2.p	GNAT	OTR
SoffiXsponR570.03Bg112900.3.p	ARID	OTR
SoffiXsponR570.01Bg279000.1.p	AP2-EREBP	TFF
SoffiXsponR570.06Dg104800.1.p	AP2-EREBP	TFF
SoffiXsponR570.05Eg138000.1.p	mTERF	OTR
SoffiXsponR570.03Ag018800.1.p	bHLH	TFF
SoffiXsponR570.1Z238100.2.p	SART-1	OTR
SoffiXsponR570.10Cg181300.1.p	C2H2	TFF
SoffiXsponR570.08Cg201400.1.p	TRAF	OTR
SoffiXsponR570.01Dg334800.3.p	FAR1	TFF
SoffiXsponR570.05Ag308800.1.p	C3H	TFF
SoffiXsponR570.08Dg111600.1.p	SET	OTR
SoffiXsponR570.10us89g090400.3.p	MYB-related	TFF
SoffiXsponR570.07Dg156600.1.p	GRAS	TFF
SoffiXsponR570.01Eg361800.1.p	ARR-B	TFF
SoffiXsponR570.05Bg032200.3.p	bHLH	TFF
SoffiXsponR570.10Cg154700.1.p	FHA	TFF
SoffiXsponR570.08Dg053100.1.p	PHD	OTR
SoffiXsponR570.08Dg157900.3.p	RB	OTR
SoffiXsponR570.02Fg300900.1.p	WRKY	TFF
SoffiXsponR570.06Eg116800.1.p	SBP	TFF
SoffiXsponR570.7os1g058300.1.p	GNAT	OTR
SoffiXsponR570.03Dg242100.1.p	AP2-EREBP	TFF
SoffiXsponR570.01Bg298000.1.p	SWI/SNF-SWI3	OTR
SoffiXsponR570.01Cg028900.3.p	bZIP	TFF
SoffiXsponR570.05Fg184800.3.p	SET	OTR
SoffiXsponR570.06Gg159100.1.p	bHLH	TFF
SoffiXsponR570.04Ag065100.1.p	AP2-EREBP	TFF
SoffiXsponR570.06Ag145700.1.p	ABI3VP1	TFF
SoffiXsponR570.06Cg089200.1.p	Alfin-like	TFF
SoffiXsponR570.9us90g075400.1.p	C2C2-GATA	TFF
SoffiXsponR570.03Ag144700.1.p	C2C2-GATA	TFF
SoffiXsponR570.02Ag044100.1.p	PHD	OTR
SoffiXsponR570.05Dg376900.2.p	ABI3VP1	TFF
SoffiXsponR570.09Eg028100.1.p	GRAS	TFF
SoffiXsponR570.03Gg091900.1.p	mTERF	OTR
SoffiXsponR570.09Dg068300.2.p	PAS	TFF
SoffiXsponR570.09Dg072300.2.p	MYB	TFF
SoffiXsponR570.03Cg055200.2.p	ARF	TFF
SoffiXsponR570.06Fg105300.1.p	BSD	TFF
SoffiXsponR570.02Cg042700.1.p	MADS	TFF
SoffiXsponR570.02Gg215800.1.p	NAC	TFF
SoffiXsponR570.6_9Ag118600.3.p	SAP	TFF
SoffiXsponR570.7_10Ag361100.2.p	ARF	TFF
SoffiXsponR570.03Dg086200.1.p	AP2-EREBP	TFF
SoffiXsponR570.03Dg080100.5.p	C3H	TFF
SoffiXsponR570.04Ag150600.1.p	WRKY	TFF
SoffiXsponR570.02Fg209600.1.p	C2C2-GATA	TFF
SoffiXsponR570.06Eg134100.1.p	OFP	TFF
SoffiXsponR570.8_5Ag178600.2.p	MADS	TFF
SoffiXsponR570.7os1g008800.2.p	SET	OTR
SoffiXsponR570.03Dg249700.1.p	PLATZ	TFF
SoffiXsponR570.07Eg199900.5.p	C3H	TFF
SoffiXsponR570.08Dg107100.1.p	zf-HD	TFF
SoffiXsponR570.10Bg059700.1.p	MED26	OTR
SoffiXsponR570.8_10Ag032100.1.p	FHA	TFF
SoffiXsponR570.08Bg085500.1.p	TRAF	OTR
SoffiXsponR570.02Bg245000.2.p	AP2-EREBP	TFF
SoffiXsponR570.01Ag035700.1.p	C2H2	TFF
SoffiXsponR570.01Bg225800.1.p	TFIID	TFF
SoffiXsponR570.01Fg270900.4.p	TIG	TFF
SoffiXsponR570.02Bg329800.3.p	SWI/SNF-BAF60b	OTR
SoffiXsponR570.02Cg217100.3.p	PHD	OTR
SoffiXsponR570.06Cg101400.1.p	MYB-related	TFF
SoffiXsponR570.03Ag194200.2.p	C3H	TFF
SoffiXsponR570.06Gg080900.1.p	bZIP	TFF
SoffiXsponR570.09Cg012800.1.p	TRAF	OTR
SoffiXsponR570.09Eg127800.1.p	LIM	TFF
SoffiXsponR570.05Dg359400.1.p	BSD	TFF
SoffiXsponR570.10Cg186800.2.p	MYB-related	TFF
SoffiXsponR570.02Gg108900.1.p	HSF	TFF
SoffiXsponR570.03Ag174300.1.p	mTERF	OTR
SoffiXsponR570.01Eg363500.1.p	NAC	TFF
SoffiXsponR570.08Dg143200.6.p	C2H2	TFF
SoffiXsponR570.01Dg361100.1.p	MYB	TFF
SoffiXsponR570.07Ag248100.9.p	AUX/IAA	OTR
SoffiXsponR570.05Dg049100.1.p	zf-A20	TFF
SoffiXsponR570.01Ag136800.6.p	C3H	TFF
SoffiXsponR570.8_10Ag147800.2.p	GRAS	TFF
SoffiXsponR570.05Ag344000.3.p	TIG	TFF
SoffiXsponR570.05Bg377100.3.p	C3H	TFF
SoffiXsponR570.02Fg168000.1.p	MYB-related	TFF
SoffiXsponR570.02Fg326500.2.p	MADS	TFF
SoffiXsponR570.05Cg026300.2.p	HB	TFF
SoffiXsponR570.03Eg298200.3.p	NAC	TFF
SoffiXsponR570.03Eg062700.1.p	bZIP	TFF
SoffiXsponR570.04Bg178000.1.p	MYB-related	TFF
SoffiXsponR570.07Cg090000.1.p	GRAS	TFF
SoffiXsponR570.06Dg159900.2.p	Sigma70-like	TFF
SoffiXsponR570.03Gg109200.2.p	bHLH	TFF
SoffiXsponR570.09Cg099400.5.p	PHD	OTR
SoffiXsponR570.03Ag268000.1.p	SET	OTR
SoffiXsponR570.02Dg302400.1.p	SAP	TFF
SoffiXsponR570.08Dg160100.1.p	AP2-EREBP	TFF
SoffiXsponR570.06Dg047400.1.p	MADS	TFF
SoffiXsponR570.01Eg125300.1.p	GRAS	TFF
SoffiXsponR570.10Ag211600.1.p	MYB	TFF
SoffiXsponR570.03Cg256000.1.p	mTERF	OTR
SoffiXsponR570.02Bg303800.1.p	MYB-related	TFF
SoffiXsponR570.02Ag135900.2.p	HB	TFF
SoffiXsponR570.9os1g060600.1.p	mTERF	OTR
SoffiXsponR570.07Bg166000.1.p	SBP	TFF
SoffiXsponR570.02Eg079500.1.p	C3H	TFF
SoffiXsponR570.07Bg250200.3.p	C3H	TFF
SoffiXsponR570.10Eg047400.1.p	ABI3VP1	TFF
SoffiXsponR570.03Fg036200.2.p	PHD	OTR
SoffiXsponR570.03Dg053400.2.p	ARF	TFF
SoffiXsponR570.6_9Ag223700.2.p	NAC	TFF
SoffiXsponR570.06Eg028600.1.p	C2H2	TFF
SoffiXsponR570.02Gg184500.2.p	TCP	TFF
SoffiXsponR570.03Bg313300.1.p	zf-fF-X1	TFF
SoffiXsponR570.5_9Ag474100.1.p	SWI/SNF-BAF60b	OTR
SoffiXsponR570.03Ag119600.2.p	GeBP	TFF
SoffiXsponR570.02Ag209800.1.p	OFP	TFF
SoffiXsponR570.03Dg306900.1.p	CCAAT	TFF
SoffiXsponR570.05Bg161700.1.p	zf-HD	TFF
SoffiXsponR570.09Cg047400.2.p	GRAS	TFF
SoffiXsponR570.03Cg202100.1.p	TCP	TFF
SoffiXsponR570.02Bg313800.8.p	bZIP	TFF
SoffiXsponR570.03Bg165300.1.p	AP2-EREBP	TFF
SoffiXsponR570.9os1g022600.1.p	C2H2	TFF
SoffiXsponR570.05Cg343300.1.p	Tudor-knot	OTR
SoffiXsponR570.06Gg021900.1.p	PHD	OTR
SoffiXsponR570.6us88g028900.2.p	WRKY	TFF
SoffiXsponR570.03Eg249900.1.p	CCAAT	TFF
SoffiXsponR570.05Ag352600.1.p	GeBP	TFF
SoffiXsponR570.05Eg159100.1.p	bHLH	TFF
SoffiXsponR570.07Ag104800.1.p	FAR1	TFF
SoffiXsponR570.02Fg036900.4.p	NAC	TFF
SoffiXsponR570.05Dg221000.5.p	C3H	TFF
SoffiXsponR570.01Dg369900.3.p	RWP-RK	TFF
SoffiXsponR570.06Cg005300.1.p	HB	TFF
SoffiXsponR570.05Gg206500.3.p	C3H	TFF
SoffiXsponR570.07Eg186100.2.p	AP2-EREBP	TFF
SoffiXsponR570.06Gg010200.2.p	WRKY	TFF
SoffiXsponR570.07Eg125800.2.p	C2C2-Dof	TFF
SoffiXsponR570.01Eg136500.4.p	C3H	TFF
SoffiXsponR570.06Ag020600.3.p	C2H2	TFF
SoffiXsponR570.02Cg366800.1.p	mTERF	OTR
SoffiXsponR570.06Dg139200.4.p	C3H	TFF
SoffiXsponR570.10Fg123300.1.p	GRAS	TFF
SoffiXsponR570.02Dg399100.3.p	TRAF	OTR
SoffiXsponR570.02Ag285000.1.p	bZIP	TFF
SoffiXsponR570.05Ag213800.1.p	EIL	TFF
SoffiXsponR570.05Cg206000.1.p	zf-A20	TFF
SoffiXsponR570.02Eg361000.1.p	CCAAT	TFF
SoffiXsponR570.02Eg070000.1.p	MYB	TFF
SoffiXsponR570.8_10Ag244100.1.p	RWP-RK	TFF
SoffiXsponR570.04Ag101900.1.p	NAC	TFF
SoffiXsponR570.05Dg054300.1.p	HSF	TFF
SoffiXsponR570.08Cg068500.1.p	NAC	TFF
SoffiXsponR570.01Ag060400.1.p	GNAT	OTR
SoffiXsponR570.07Ag175300.2.p	MYB-related	TFF
SoffiXsponR570.9us90g070700.2.p	CCAAT	TFF
SoffiXsponR570.01Cg358700.1.p	C2C2-GATA	TFF
SoffiXsponR570.05Cg379600.1.p	NAC	TFF
SoffiXsponR570.04Gg098700.1.p	NAC	TFF
SoffiXsponR570.07Cg213100.1.p	NAC	TFF
SoffiXsponR570.01Dg041900.5.p	NOT2_3_5	OTR
SoffiXsponR570.01Ag143800.1.p	GRF	TFF
SoffiXsponR570.5_9Ag207900.1.p	PHD	OTR
SoffiXsponR570.03Eg031200.2.p	BES1	TFF
SoffiXsponR570.05Cg134800.2.p	MYB-related	TFF
SoffiXsponR570.01Fg022600.1.p	ARF	TFF
SoffiXsponR570.09Dg103300.2.p	bHLH	TFF
SoffiXsponR570.05Fg317300.1.p	bZIP	TFF
SoffiXsponR570.10Ag206900.3.p	PAS	TFF
SoffiXsponR570.06Cg190100.1.p	OFP	TFF
SoffiXsponR570.1Z187200.1.p	bHLH	TFF
SoffiXsponR570.10Bg175800.1.p	TRAF	OTR
SoffiXsponR570.09Dg025200.1.p	C3H	TFF
SoffiXsponR570.01Eg166800.3.p	LIM	TFF
SoffiXsponR570.01Cg221700.1.p	TUB	TFF
SoffiXsponR570.02Eg099100.2.p	WRKY	TFF
SoffiXsponR570.7_10Ag302900.1.p	GRF	TFF
SoffiXsponR570.02Bg070700.1.p	MADS	TFF
SoffiXsponR570.05Gg205200.2.p	MYB-related	TFF
SoffiXsponR570.01Eg410600.1.p	GNAT	OTR
SoffiXsponR570.02Bg381400.1.p	bHLH	TFF
SoffiXsponR570.06Gg025200.2.p	GNAT	OTR
SoffiXsponR570.06Ag062400.2.p	MADS	TFF
SoffiXsponR570.08Bg176200.1.p	TRAF	OTR
SoffiXsponR570.02Gg257700.2.p	GRAS	TFF
SoffiXsponR570.05Fg214900.5.p	FHA	TFF
SoffiXsponR570.02Dg421500.1.p	C2C2-GATA	TFF
SoffiXsponR570.09Eg043100.1.p	bZIP	TFF
SoffiXsponR570.01Dg127500.6.p	GRAS	TFF
SoffiXsponR570.01Eg169300.2.p	ABI3VP1	TFF
SoffiXsponR570.7_10Ag350500.1.p	TRAF	OTR
SoffiXsponR570.4us91g014100.1.p	GRAS	TFF
SoffiXsponR570.06Fg021500.3.p	SAP	TFF
SoffiXsponR570.10Bg184800.1.p	C2C2-Dof	TFF
SoffiXsponR570.01Dg332800.1.p	ABI3VP1	TFF
SoffiXsponR570.05Bg298300.1.p	NAC	TFF
SoffiXsponR570.02Gg245800.1.p	MYB-related	TFF
SoffiXsponR570.01Eg195600.5.p	Trihelix	TFF
SoffiXsponR570.05Eg299400.1.p	NAC	TFF
SoffiXsponR570.09Cg085800.2.p	ARF	TFF
SoffiXsponR570.07Bg067300.3.p	S1Fa-like	TFF
SoffiXsponR570.03Eg167500.2.p	Pseudo_ARR-B	OTR
SoffiXsponR570.04Dg129500.3.p	TRAF	OTR
SoffiXsponR570.05Cg078000.5.p	SET	OTR
SoffiXsponR570.09Dg094800.1.p	LIM	TFF
SoffiXsponR570.01Ag016300.1.p	FAR1	TFF
SoffiXsponR570.08Cg052200.1.p	ABI3VP1	TFF
SoffiXsponR570.05Eg100000.1.p	WRKY	TFF
SoffiXsponR570.04Bg201300.1.p	ARID	OTR
SoffiXsponR570.08Eg048000.1.p	CCAAT	TFF
SoffiXsponR570.02Dg084000.1.p	MYB	TFF
SoffiXsponR570.7_10Ag365800.4.p	ABI3VP1	TFF
SoffiXsponR570.08Dg115700.1.p	ARID	OTR
SoffiXsponR570.05Bg032200.4.p	bHLH	TFF
SoffiXsponR570.01Fg278000.2.p	FAR1	TFF
SoffiXsponR570.02Eg330600.1.p	AP2-EREBP	TFF
SoffiXsponR570.8_10Ag321400.1.p	mTERF	OTR
SoffiXsponR570.03Ag205900.3.p	SET	OTR
SoffiXsponR570.03Cg019500.1.p	bHLH	TFF
SoffiXsponR570.01Cg394600.2.p	Not1	TFF
SoffiXsponR570.05Eg047000.5.p	CPP	TFF
SoffiXsponR570.05Ag321900.1.p	HRT	TFF
SoffiXsponR570.01Bg115300.1.p	GRAS	TFF
SoffiXsponR570.07Cg258400.3.p	ARF	TFF
SoffiXsponR570.02Eg164400.6.p	Top	TFF
SoffiXsponR570.1Z046800.1.p	bZIP	TFF
SoffiXsponR570.05Cg176700.3.p	ARID	OTR
SoffiXsponR570.01Bg242800.1.p	Tify	TFF
SoffiXsponR570.09Bg123000.1.p	ABI3VP1	TFF
SoffiXsponR570.02Eg145900.3.p	C3H	TFF
SoffiXsponR570.02Eg281700.1.p	bZIP	TFF
SoffiXsponR570.08Bg175200.3.p	bHLH	TFF
SoffiXsponR570.02Fg042500.1.p	PHD	OTR
SoffiXsponR570.05Eg201100.1.p	C3H	TFF
SoffiXsponR570.04Gg097700.2.p	bZIP	TFF
SoffiXsponR570.04Dg071700.1.p	bHLH	TFF
SoffiXsponR570.03Ag244500.3.p	GRAS	TFF
SoffiXsponR570.8_10Ag325900.2.p	SBP	TFF
SoffiXsponR570.01Bg199600.1.p	FHA	TFF
SoffiXsponR570.09Dg079300.2.p	GRAS	TFF
SoffiXsponR570.01Ag483300.2.p	AP2-EREBP	TFF
SoffiXsponR570.07Ag082100.1.p	GRAS	TFF
SoffiXsponR570.03Eg216300.8.p	GNAT	OTR
SoffiXsponR570.05Bg034000.1.p	Rcd1-like	OTR
SoffiXsponR570.8_10Ag274700.1.p	bHLH	TFF
SoffiXsponR570.05Ag073600.2.p	FHA	TFF
SoffiXsponR570.01Cg166000.1.p	HB	TFF
SoffiXsponR570.02Eg036300.1.p	MYB-related	TFF
SoffiXsponR570.01Eg300100.2.p	C3H	TFF
SoffiXsponR570.03Bg213500.1.p	ABI3VP1	TFF
SoffiXsponR570.05Cg345300.1.p	MYB	TFF
SoffiXsponR570.03Bg089100.1.p	C3H	TFF
SoffiXsponR570.05Cg161400.1.p	MYB	TFF
SoffiXsponR570.05Dg078400.2.p	SET	OTR
SoffiXsponR570.01Ag373900.2.p	TUB	TFF
SoffiXsponR570.5_9Ag013100.1.p	zf-BED	TFF
SoffiXsponR570.10Ag018900.1.p	MYB	TFF
SoffiXsponR570.8_10Ag174800.2.p	MYB-related	TFF
SoffiXsponR570.07Cg194400.1.p	WRKY	TFF
SoffiXsponR570.02Eg319200.2.p	AP2-EREBP	TFF
SoffiXsponR570.07Eg107600.5.p	SET	OTR
SoffiXsponR570.02Gg033300.1.p	SBP	TFF
SoffiXsponR570.01Dg179800.1.p	SWI/SNF-SWI3	OTR
SoffiXsponR570.10os1g038500.2.p	MYB-related	TFF
SoffiXsponR570.10Cg101700.1.p	SBP	TFF
SoffiXsponR570.05Dg357100.1.p	bZIP	TFF
SoffiXsponR570.05Eg149300.1.p	PHD	OTR
SoffiXsponR570.05Cg156900.1.p	zf-BED	TFF
SoffiXsponR570.08Cg098800.2.p	WRKY	TFF
SoffiXsponR570.01Bg035100.1.p	C2H2	TFF
SoffiXsponR570.05Dg246800.1.p	SRS	TFF
SoffiXsponR570.02Ag411100.3.p	TRAF	OTR
SoffiXsponR570.01Cg258000.2.p	PHD	OTR
SoffiXsponR570.01Eg311100.2.p	SET	OTR
SoffiXsponR570.05Dg147800.1.p	SET	OTR
SoffiXsponR570.06Gg055600.1.p	C2C2-Dof	TFF
SoffiXsponR570.03Cg177900.2.p	NAC	TFF
SoffiXsponR570.05Dg221000.4.p	C3H	TFF
SoffiXsponR570.5_9Ag273800.1.p	C2H2	TFF
SoffiXsponR570.03Dg234700.2.p	GRAS	TFF
SoffiXsponR570.09Bg141400.1.p	TCP	TFF
SoffiXsponR570.09Eg017700.2.p	TRAF	OTR
SoffiXsponR570.08Cg173200.1.p	NAC	TFF
SoffiXsponR570.07Cg081800.1.p	NAC	TFF
SoffiXsponR570.06Cg101100.1.p	OFP	TFF
SoffiXsponR570.05Eg280200.1.p	FHA	TFF
SoffiXsponR570.05Gg037700.1.p	Tify	TFF
SoffiXsponR570.02Ag152400.1.p	SAP	TFF
SoffiXsponR570.01Cg203700.2.p	SAP	TFF
SoffiXsponR570.02Dg021800.1.p	TCP	TFF
SoffiXsponR570.04Bg055000.1.p	C2H2	TFF
SoffiXsponR570.04Cg279500.2.p	NAC	TFF
SoffiXsponR570.02Ag180400.1.p	HSF	TFF
SoffiXsponR570.02Eg302400.2.p	WRKY	TFF
SoffiXsponR570.09Bg138200.1.p	ARF	TFF
SoffiXsponR570.04Dg016600.2.p	GRF	TFF
SoffiXsponR570.01Ag401700.1.p	MYB	TFF
SoffiXsponR570.07Bg101100.1.p	MYB	TFF
SoffiXsponR570.04Cg056400.1.p	zf-MIZ	OTR
SoffiXsponR570.01Bg391600.1.p	FAR1	TFF
SoffiXsponR570.01Ag262700.1.p	bHLH	TFF
SoffiXsponR570.05Eg312000.1.p	WRKY	TFF
SoffiXsponR570.01Cg079100.1.p	ARF	TFF
SoffiXsponR570.01Bg412400.2.p	NAC	TFF
SoffiXsponR570.02Bg055200.1.p	MYB	TFF
SoffiXsponR570.06Ag198400.1.p	Trihelix	TFF
SoffiXsponR570.01Bg116300.1.p	SET	OTR
SoffiXsponR570.5_9Ag185400.1.p	GNAT	OTR
SoffiXsponR570.10us89g004400.2.p	MYB-related	TFF
SoffiXsponR570.02Bg328900.1.p	MADS	TFF
SoffiXsponR570.04Gg107700.1.p	TRAF	OTR
SoffiXsponR570.03Ag121400.1.p	bHLH	TFF
SoffiXsponR570.02Dg379900.1.p	TIG	TFF
SoffiXsponR570.10Bg059700.4.p	MED26	OTR
SoffiXsponR570.02Bg282000.3.p	bZIP	TFF
SoffiXsponR570.07Ag248100.3.p	ARF	TFF
SoffiXsponR570.9os1g013800.1.p	E2F-DP	TFF
SoffiXsponR570.10Ag079800.1.p	ABI3VP1	TFF
SoffiXsponR570.01Bg375300.1.p	C2H2	TFF
SoffiXsponR570.07Dg076000.5.p	DDT	OTR
SoffiXsponR570.07Ag266100.4.p	NAC	TFF
SoffiXsponR570.05Bg163100.1.p	WRKY	TFF
SoffiXsponR570.06Ag113300.1.p	MYB-related	TFF
SoffiXsponR570.6us88g034700.2.p	HB	TFF
SoffiXsponR570.01Dg064900.3.p	Jumonji	OTR
SoffiXsponR570.03Cg238400.3.p	MYB-related	TFF
SoffiXsponR570.04Bg063200.2.p	DBP	TFF
SoffiXsponR570.07Bg126000.1.p	RWP-RK	TFF
SoffiXsponR570.04Cg006100.1.p	HB	TFF
SoffiXsponR570.03Bg258100.1.p	mTERF	OTR
SoffiXsponR570.03Dg011100.1.p	MYB	TFF
SoffiXsponR570.09Cg043200.2.p	ABI3VP1	TFF
SoffiXsponR570.05Bg038200.1.p	Tify	TFF
SoffiXsponR570.04Ag166700.1.p	HB	TFF
SoffiXsponR570.5_9Ag419100.2.p	bHLH	TFF
SoffiXsponR570.10us89g001200.3.p	PAS	TFF
SoffiXsponR570.1Z186800.1.p	C2C2-GATA	TFF
SoffiXsponR570.08Cg154900.1.p	bZIP	TFF
SoffiXsponR570.02Fg309700.1.p	bZIP	TFF
SoffiXsponR570.03Bg262800.2.p	SWI/SNF-SWI3	OTR
SoffiXsponR570.05Ag362200.2.p	TRAF	OTR
SoffiXsponR570.03Eg167500.1.p	Pseudo_ARR-B	OTR
SoffiXsponR570.09Dg047000.3.p	PHD	OTR
SoffiXsponR570.09Dg001600.1.p	PAS	TFF
SoffiXsponR570.03Bg220300.6.p	zf-C5HC2	TFF
SoffiXsponR570.05Dg101600.1.p	zf-BED	TFF
SoffiXsponR570.03Gg122000.2.p	SET	OTR
SoffiXsponR570.8_5Ag025600.1.p	mTERF	OTR
SoffiXsponR570.8_10Ag257700.2.p	AP2-EREBP	TFF
SoffiXsponR570.04Fg030900.1.p	C3H	TFF
SoffiXsponR570.01Bg236900.1.p	SET	OTR
SoffiXsponR570.06Gg092500.2.p	NAC	TFF
SoffiXsponR570.01Cg098200.1.p	TRAF	OTR
SoffiXsponR570.06Gg014300.1.p	FHA	TFF
SoffiXsponR570.03Cg169100.1.p	NAC	TFF
SoffiXsponR570.07Bg025600.1.p	ABI3VP1	TFF
SoffiXsponR570.02Cg356700.1.p	PHD	OTR
SoffiXsponR570.03Dg350600.1.p	E2F-DP	TFF
SoffiXsponR570.09Dg072300.5.p	MYB-related	TFF
SoffiXsponR570.01Bg383200.2.p	LIM	TFF
SoffiXsponR570.02Cg038500.1.p	MYB-related	TFF
SoffiXsponR570.09Bg164500.2.p	ABI3VP1	TFF
SoffiXsponR570.08Ag034800.1.p	C3H	TFF
SoffiXsponR570.5_9Ag324300.1.p	WRKY	TFF
SoffiXsponR570.5_9Ag393200.1.p	FAR1	TFF
SoffiXsponR570.6_9Ag175400.1.p	AUX/IAA	OTR
SoffiXsponR570.01Cg235700.2.p	NAC	TFF
SoffiXsponR570.02Gg289300.2.p	MYB	TFF
SoffiXsponR570.01Bg356200.6.p	SET	OTR
SoffiXsponR570.04Bg106500.2.p	zf-fF-X1	TFF
SoffiXsponR570.5_9Ag140600.3.p	C2H2	TFF
SoffiXsponR570.02Fg217800.1.p	AUX/IAA	OTR
SoffiXsponR570.02Ag266000.2.p	ABI3VP1	TFF
SoffiXsponR570.08Ag142600.3.p	ARID	OTR
SoffiXsponR570.04Ag252900.2.p	ARF	TFF
SoffiXsponR570.08Bg082200.1.p	WRKY	TFF
SoffiXsponR570.04Dg003100.1.p	NAC	TFF
SoffiXsponR570.06Dg079400.1.p	bHLH	TFF
SoffiXsponR570.05Cg274200.1.p	C2C2-Dof	TFF
SoffiXsponR570.09Bg028300.1.p	GRAS	TFF
SoffiXsponR570.6_9Ag234000.1.p	TUB	TFF
SoffiXsponR570.01Fg246300.1.p	bHLH	TFF
SoffiXsponR570.03Ag006200.3.p	Jumonji	OTR
SoffiXsponR570.01Fg060800.1.p	Tify	TFF
SoffiXsponR570.07Bg184600.3.p	GRAS	TFF
SoffiXsponR570.04Ag068000.2.p	BBR/BPC	TFF
SoffiXsponR570.01Fg132400.1.p	C2H2	TFF
SoffiXsponR570.02Fg128900.5.p	SBP	TFF
SoffiXsponR570.03Ag320100.2.p	MYB-related	TFF
SoffiXsponR570.07Bg168700.5.p	GRAS	TFF
SoffiXsponR570.01Dg194400.3.p	WRKY	TFF
SoffiXsponR570.05Ag088500.1.p	MADS	TFF
SoffiXsponR570.09Cg047300.1.p	bZIP	TFF
SoffiXsponR570.7_10Ag356100.4.p	C3H	TFF
SoffiXsponR570.02Fg001200.2.p	RWP-RK	TFF
SoffiXsponR570.04Bg203700.3.p	bZIP	TFF
SoffiXsponR570.10Bg182900.1.p	GRAS	TFF
SoffiXsponR570.7_10Ag366800.1.p	Top	TFF
SoffiXsponR570.02Ag050300.2.p	Top	TFF
SoffiXsponR570.6_9Ag037400.1.p	WRKY	TFF
SoffiXsponR570.01Bg100300.3.p	bHLH	TFF
SoffiXsponR570.05Eg065100.1.p	SET	OTR
SoffiXsponR570.1Z218600.2.p	TUB	TFF
SoffiXsponR570.01Cg209000.1.p	GeBP	TFF
SoffiXsponR570.08Ag130700.2.p	TCP	TFF
SoffiXsponR570.01Ag531400.5.p	HB	TFF
SoffiXsponR570.03Cg258200.1.p	bHLH	TFF
SoffiXsponR570.01Bg065400.4.p	bHLH	TFF
SoffiXsponR570.02Ag318400.2.p	bZIP	TFF
SoffiXsponR570.05Ag381700.3.p	EIL	TFF
SoffiXsponR570.02Dg269200.1.p	SWI/SNF-BAF60b	OTR
SoffiXsponR570.02Dg083300.1.p	C2H2	TFF
SoffiXsponR570.06Cg186300.1.p	C2C2-GATA	TFF
SoffiXsponR570.01Dg334800.11.p	FAR1	TFF
SoffiXsponR570.02Cg287700.2.p	SET	OTR
SoffiXsponR570.04Cg021100.1.p	TRAF	OTR
SoffiXsponR570.10Bg017900.1.p	WRKY	TFF
SoffiXsponR570.01Bg365600.1.p	MYB	TFF
SoffiXsponR570.07Dg230900.2.p	CCAAT	TFF
SoffiXsponR570.1Z139000.1.p	AP2-EREBP	TFF
SoffiXsponR570.02Fg005200.3.p	bHLH	TFF
SoffiXsponR570.8_10Ag016700.1.p	AUX/IAA	OTR
SoffiXsponR570.1Z228300.1.p	BSD	TFF
SoffiXsponR570.10Cg049600.1.p	FHA	TFF
SoffiXsponR570.01Bg468700.5.p	MYB-related	TFF
SoffiXsponR570.05Eg029500.2.p	mTERF	OTR
SoffiXsponR570.10Ag132700.2.p	RB	OTR
SoffiXsponR570.07Cg119500.2.p	TAZ	TFF
SoffiXsponR570.08Ag082000.1.p	SET	OTR
SoffiXsponR570.8_10Ag149400.1.p	C2H2	TFF
SoffiXsponR570.01Dg060600.1.p	AP2-EREBP	TFF
SoffiXsponR570.1os1g001700.2.p	TRAF	OTR
SoffiXsponR570.01Bg097800.3.p	HB	TFF
SoffiXsponR570.02Eg388300.1.p	PHD	OTR
SoffiXsponR570.7_10Ag280300.5.p	C2H2	TFF
SoffiXsponR570.04Ag225000.2.p	TRAF	OTR
SoffiXsponR570.08Cg062900.2.p	SET	OTR
SoffiXsponR570.01Bg140300.1.p	WRKY	TFF
SoffiXsponR570.02Ag397100.1.p	SET	OTR
SoffiXsponR570.03Dg043400.1.p	PAS	TFF
SoffiXsponR570.01Fg248700.2.p	HSF	TFF
SoffiXsponR570.01Bg112700.2.p	C2C2-CO-like	TFF
SoffiXsponR570.07Bg141200.1.p	MYB	TFF
SoffiXsponR570.08Dg170800.3.p	bHLH	TFF
SoffiXsponR570.10Ag129400.2.p	ARF	TFF
SoffiXsponR570.01Bg500300.2.p	Not1	TFF
SoffiXsponR570.03Eg156600.1.p	bHLH	TFF
SoffiXsponR570.02Eg065900.1.p	bHLH	TFF
SoffiXsponR570.06Fg106000.1.p	TCP	TFF
SoffiXsponR570.03Cg219300.2.p	GRAS	TFF
SoffiXsponR570.05Bg382500.2.p	bZIP	TFF
SoffiXsponR570.01Dg056300.1.p	ABI3VP1	TFF
SoffiXsponR570.02Ag335900.1.p	CCAAT	TFF
SoffiXsponR570.01Cg327300.1.p	bHLH	TFF
SoffiXsponR570.03Eg023600.1.p	PHD	OTR
SoffiXsponR570.06Dg008700.1.p	Top	TFF
SoffiXsponR570.09Cg099400.1.p	PHD	OTR
SoffiXsponR570.05Eg149700.2.p	Jumonji	OTR
SoffiXsponR570.02Ag171300.1.p	Jumonji	OTR
SoffiXsponR570.07Ag242500.2.p	MYB-related	TFF
SoffiXsponR570.02Dg222100.6.p	bZIP	TFF
SoffiXsponR570.03Gg149000.1.p	NAC	TFF
SoffiXsponR570.1Z111100.1.p	Top	TFF
SoffiXsponR570.03Dg269900.2.p	C2C2-CO-like	TFF
SoffiXsponR570.8_10Ag287900.5.p	C2H2	TFF
SoffiXsponR570.05Cg127800.1.p	MYB	TFF
SoffiXsponR570.06Cg086700.2.p	MED26	OTR
SoffiXsponR570.06Bg045500.4.p	bHLH	TFF
SoffiXsponR570.02Cg050500.1.p	BES1	TFF
SoffiXsponR570.06Bg021900.1.p	C3H	TFF
SoffiXsponR570.01Ag174000.3.p	ABI3VP1	TFF
SoffiXsponR570.02Eg326900.1.p	NAC	TFF
SoffiXsponR570.01Fg274400.6.p	MADS	TFF
SoffiXsponR570.06Ag208100.1.p	MADS	TFF
SoffiXsponR570.01Bg498900.1.p	GRAS	TFF
SoffiXsponR570.05Dg001600.1.p	TRAF	OTR
SoffiXsponR570.02Ag010000.3.p	MYB	TFF
SoffiXsponR570.03Eg040000.2.p	MYB-related	TFF
SoffiXsponR570.06Fg043700.1.p	Top	TFF
SoffiXsponR570.05Fg244100.1.p	BES1	TFF
SoffiXsponR570.01Dg354600.1.p	GNAT	OTR
SoffiXsponR570.01Ag318600.2.p	SWI/SNF-SWI3	OTR
SoffiXsponR570.6us88g002100.2.p	FHA	TFF
SoffiXsponR570.02Cg303200.1.p	bZIP	TFF
SoffiXsponR570.03Eg164600.1.p	AP2-EREBP	TFF
SoffiXsponR570.02Bg191200.2.p	PHD	OTR
SoffiXsponR570.07Cg119500.1.p	TAZ	TFF
SoffiXsponR570.03Gg122000.4.p	SET	OTR
SoffiXsponR570.02Dg417600.1.p	AP2-EREBP	TFF
SoffiXsponR570.03Ag076600.1.p	C3H	TFF
SoffiXsponR570.01Eg152300.1.p	WRKY	TFF
SoffiXsponR570.10Dg091000.1.p	C3H	TFF
SoffiXsponR570.07Dg192600.1.p	GNAT	OTR
SoffiXsponR570.04Cg091500.1.p	MED6	OTR
SoffiXsponR570.02Dg279500.1.p	CPP	TFF
SoffiXsponR570.03Bg217800.1.p	bHLH	TFF
SoffiXsponR570.01Cg271400.1.p	GRAS	TFF
SoffiXsponR570.6_9Ag021500.1.p	FAR1	TFF
SoffiXsponR570.06Gg034700.6.p	TRAF	OTR
SoffiXsponR570.01Ag481100.2.p	MADS	TFF
SoffiXsponR570.08Bg184800.1.p	TRAF	OTR
SoffiXsponR570.10us89g034600.1.p	TRAF	OTR
SoffiXsponR570.02Cg175400.4.p	MYB-related	TFF
SoffiXsponR570.02Eg151000.1.p	WRKY	TFF
SoffiXsponR570.01Bg437600.1.p	AP2-EREBP	TFF
SoffiXsponR570.8_10Ag253300.1.p	zf-A20	TFF
SoffiXsponR570.02Dg097300.1.p	bHLH	TFF
SoffiXsponR570.07Dg147400.1.p	WRKY	TFF
SoffiXsponR570.04Dg006600.1.p	ABI3VP1	TFF
SoffiXsponR570.04Fg002700.1.p	bHLH	TFF
SoffiXsponR570.04Bg117300.2.p	C2C2-CO-like	TFF
SoffiXsponR570.07Bg093900.3.p	FHA	TFF
SoffiXsponR570.05Eg286500.1.p	GRAS	TFF
SoffiXsponR570.05Ag327500.1.p	NAC	TFF
SoffiXsponR570.07Cg264700.2.p	Top	TFF
SoffiXsponR570.02Fg220200.3.p	GeBP	TFF
SoffiXsponR570.07Eg154100.6.p	PHD	OTR
SoffiXsponR570.5_9Ag040200.1.p	SWI/SNF-BAF60b	OTR
SoffiXsponR570.05Dg383700.2.p	bZIP	TFF
SoffiXsponR570.8_5Ag015800.1.p	PHD	OTR
SoffiXsponR570.05Bg229400.1.p	MYB	TFF
SoffiXsponR570.5_9Ag106100.1.p	bHLH	TFF
SoffiXsponR570.7_10Ag290300.1.p	ABI3VP1	TFF
SoffiXsponR570.06Cg122900.4.p	NOT2_3_5	OTR
SoffiXsponR570.6us88g011100.1.p	C2C2-GATA	TFF
SoffiXsponR570.06Cg182900.2.p	CCAAT	TFF
SoffiXsponR570.01Eg277900.3.p	MED26	OTR
SoffiXsponR570.09Bg035000.9.p	SET	OTR
SoffiXsponR570.05Ag059400.2.p	PHD	OTR
SoffiXsponR570.06Ag020600.4.p	C2H2	TFF
SoffiXsponR570.1Z176000.4.p	MYB	TFF
SoffiXsponR570.10Dg051100.1.p	NAC	TFF
SoffiXsponR570.07Cg212000.1.p	bHLH	TFF
SoffiXsponR570.10Fg119300.1.p	GRAS	TFF
SoffiXsponR570.03Eg141700.1.p	mTERF	OTR
SoffiXsponR570.02Bg139300.1.p	MYB	TFF
SoffiXsponR570.8_10Ag025400.1.p	NAC	TFF
SoffiXsponR570.03Gg021200.1.p	GeBP	TFF
SoffiXsponR570.01Eg059300.1.p	bZIP	TFF
SoffiXsponR570.6us88g125500.1.p	FAR1	TFF
SoffiXsponR570.03Eg195500.9.p	C2H2	TFF
SoffiXsponR570.03Ag115500.1.p	CPP	TFF
SoffiXsponR570.01Dg019100.4.p	PHD	OTR
SoffiXsponR570.07Dg014400.2.p	Top	TFF
SoffiXsponR570.8_5Ag091200.1.p	MADS	TFF
SoffiXsponR570.04Ag252900.5.p	ARF	TFF
SoffiXsponR570.02Cg417000.2.p	Top	TFF
SoffiXsponR570.05Cg367200.1.p	TUB	TFF
SoffiXsponR570.02Bg220400.2.p	MYB-related	TFF
SoffiXsponR570.05Fg164800.1.p	HSF	TFF
SoffiXsponR570.5_9Ag414800.1.p	CCAAT	TFF
SoffiXsponR570.01Bg049700.2.p	DDT	OTR
SoffiXsponR570.8_5Ag078100.3.p	NAC	TFF
SoffiXsponR570.04Fg094200.1.p	Top	TFF
SoffiXsponR570.03Bg295800.2.p	C2C2-GATA	TFF
SoffiXsponR570.02Cg307500.1.p	SET	OTR
SoffiXsponR570.04Eg131200.5.p	ARF	TFF
SoffiXsponR570.09Dg004900.1.p	MYB-related	TFF
SoffiXsponR570.04Cg211500.1.p	TRAF	OTR
SoffiXsponR570.03Bg258800.1.p	mTERF	OTR
SoffiXsponR570.09Eg034100.1.p	WRKY	TFF
SoffiXsponR570.05Ag203700.1.p	C2C2-Dof	TFF
SoffiXsponR570.06Cg193000.1.p	Sigma70-like	TFF
SoffiXsponR570.09Bg119200.1.p	C2H2	TFF
SoffiXsponR570.01Dg239400.2.p	WRKY	TFF
SoffiXsponR570.03Fg042200.4.p	SBP	TFF
SoffiXsponR570.02Gg146600.4.p	zf-BED	TFF
SoffiXsponR570.03Dg264100.2.p	ARID	OTR
SoffiXsponR570.01Ag136800.8.p	C3H	TFF
SoffiXsponR570.01Cg165600.2.p	MADS	TFF
SoffiXsponR570.04Bg007900.1.p	MYB	TFF
SoffiXsponR570.05Bg346600.2.p	SART-1	OTR
SoffiXsponR570.03Dg328600.2.p	NAC	TFF
SoffiXsponR570.02Eg032200.1.p	C2H2	TFF
SoffiXsponR570.1Z241400.1.p	bHLH	TFF
SoffiXsponR570.05Eg152600.1.p	MYB	TFF
SoffiXsponR570.02Cg172500.3.p	bHLH	TFF
SoffiXsponR570.05Eg246100.1.p	NAC	TFF
SoffiXsponR570.10Bg200300.1.p	MYB	TFF
SoffiXsponR570.07Bg162900.1.p	AP2-EREBP	TFF
SoffiXsponR570.05Ag114200.1.p	BBR/BPC	TFF
SoffiXsponR570.8_10Ag203800.2.p	ABI3VP1	TFF
SoffiXsponR570.02Fg274700.5.p	Top	TFF
SoffiXsponR570.05Cg163600.1.p	C2H2	TFF
SoffiXsponR570.01Cg332900.1.p	Tify	TFF
SoffiXsponR570.02Cg046200.1.p	OFP	TFF
SoffiXsponR570.06Eg114000.2.p	mTERF	OTR
SoffiXsponR570.03Cg038300.1.p	MYB-related	TFF
SoffiXsponR570.09Ag003900.6.p	Top	TFF
SoffiXsponR570.9us90g035700.3.p	GRAS	TFF
SoffiXsponR570.01Fg065200.4.p	GRAS	TFF
SoffiXsponR570.8_5Ag261500.1.p	NAC	TFF
SoffiXsponR570.05Bg078500.1.p	Alfin-like	TFF
SoffiXsponR570.8_5Ag213600.3.p	Tify	TFF
SoffiXsponR570.01Dg122100.1.p	Tify	TFF
SoffiXsponR570.09Eg104300.5.p	MYB-related	TFF
SoffiXsponR570.02Ag381500.1.p	mTERF	OTR
SoffiXsponR570.08Cg182600.2.p	AUX/IAA	OTR
SoffiXsponR570.04Eg131200.4.p	ARF	TFF
SoffiXsponR570.05Ag344000.2.p	CAMTA	TFF
SoffiXsponR570.10Eg038700.1.p	SAP	TFF
SoffiXsponR570.4us91g044000.1.p	MADS	TFF
SoffiXsponR570.02Gg308900.1.p	bHLH	TFF
SoffiXsponR570.02Fg036200.1.p	MYB-related	TFF
SoffiXsponR570.05Ag214300.1.p	SBP	TFF
SoffiXsponR570.03Bg193800.2.p	C2C2-GATA	TFF
SoffiXsponR570.01Eg215000.2.p	MYB-related	TFF
SoffiXsponR570.02Bg004500.1.p	bHLH	TFF
SoffiXsponR570.04Bg094200.1.p	TCP	TFF
SoffiXsponR570.07Bg230000.2.p	bZIP	TFF
SoffiXsponR570.07Cg174800.5.p	C2H2	TFF
SoffiXsponR570.02Cg062400.1.p	zf-fF-X1	TFF
SoffiXsponR570.07Dg010100.1.p	Top	TFF
SoffiXsponR570.1Z148300.1.p	GeBP	TFF
SoffiXsponR570.03Cg157300.1.p	DDT	OTR
SoffiXsponR570.9us90g012600.1.p	MYB	TFF
SoffiXsponR570.08Dg104400.2.p	NAC	TFF
SoffiXsponR570.06Ag203500.1.p	WRKY	TFF
SoffiXsponR570.03Ag288700.1.p	mTERF	OTR
SoffiXsponR570.4us91g023100.1.p	bHLH	TFF
SoffiXsponR570.10us89g065200.1.p	MYB	TFF
SoffiXsponR570.06Ag212900.1.p	MYB-related	TFF
SoffiXsponR570.02Bg005500.1.p	ABI3VP1	TFF
SoffiXsponR570.10Eg047200.1.p	PAS	TFF
SoffiXsponR570.08Dg153100.1.p	bHLH	TFF
SoffiXsponR570.02Bg343600.2.p	ABI3VP1	TFF
SoffiXsponR570.06Dg125900.2.p	ABI3VP1	TFF
SoffiXsponR570.01Eg314400.3.p	PHD	OTR
SoffiXsponR570.09Cg042600.1.p	E2F-DP	TFF
SoffiXsponR570.08Bg194400.7.p	Pseudo_ARR-B	OTR
SoffiXsponR570.9os1g055900.1.p	MYB	TFF
SoffiXsponR570.03Eg035100.5.p	PHD	OTR
SoffiXsponR570.05Bg299000.2.p	GRAS	TFF
SoffiXsponR570.10Ag196400.1.p	FHA	TFF
SoffiXsponR570.07Eg197200.1.p	BSD	TFF
SoffiXsponR570.03Ag226100.1.p	Top	TFF
SoffiXsponR570.05Eg037200.1.p	TCP	TFF
SoffiXsponR570.10Eg129600.2.p	GRAS	TFF
SoffiXsponR570.08Eg145600.1.p	TRAF	OTR
SoffiXsponR570.07Cg166900.1.p	GRAS	TFF
SoffiXsponR570.10Dg137200.1.p	WRKY	TFF
SoffiXsponR570.01Cg020000.1.p	TFIIS	TFF
SoffiXsponR570.05Dg187400.1.p	AP2-EREBP	TFF
SoffiXsponR570.01Bg355200.1.p	PAS	TFF
SoffiXsponR570.1Z267100.1.p	TRAF	OTR
SoffiXsponR570.06Bg045500.2.p	bHLH	TFF
SoffiXsponR570.01Cg059100.3.p	GRAS	TFF
SoffiXsponR570.08Dg169500.1.p	CCAAT	TFF
SoffiXsponR570.08Cg160000.1.p	TCP	TFF
SoffiXsponR570.02Cg384400.2.p	MADS	TFF
SoffiXsponR570.04Cg102900.1.p	G2-like	TFF
SoffiXsponR570.8_10Ag079400.1.p	bHLH	TFF
SoffiXsponR570.03Dg351900.1.p	TCP	TFF
SoffiXsponR570.04Dg162600.1.p	MED26	OTR
SoffiXsponR570.06Cg125200.2.p	SET	OTR
SoffiXsponR570.09Eg046000.3.p	TUB	TFF
SoffiXsponR570.10Fg092400.1.p	C2C2-Dof	TFF
SoffiXsponR570.04Cg132500.3.p	PHD	OTR
SoffiXsponR570.02Ag354800.1.p	bZIP	TFF
SoffiXsponR570.10Eg130500.1.p	GRAS	TFF
SoffiXsponR570.03Cg213400.1.p	AP2-EREBP	TFF
SoffiXsponR570.05Fg001300.2.p	C2H2	TFF
SoffiXsponR570.03Eg167800.1.p	MYB	TFF
SoffiXsponR570.04Fg080500.4.p	zf-A20	TFF
SoffiXsponR570.6us88g096900.1.p	GRAS	TFF
SoffiXsponR570.01Fg277200.4.p	AP2-EREBP	TFF
SoffiXsponR570.03Eg270100.4.p	zf-C5HC2	TFF
SoffiXsponR570.05Fg040800.1.p	AP2-EREBP	TFF
SoffiXsponR570.05Dg195100.1.p	PHD	OTR
SoffiXsponR570.6_9Ag272600.1.p	CPP	TFF
SoffiXsponR570.04Ag274700.2.p	HMG	OTR
SoffiXsponR570.07Bg241800.2.p	FAR1	TFF
SoffiXsponR570.09Dg015800.1.p	C2H2	TFF
SoffiXsponR570.7_10Ag309800.5.p	PHD	OTR
SoffiXsponR570.01Dg121700.1.p	Tify	TFF
SoffiXsponR570.08Ag118300.3.p	SET	OTR
SoffiXsponR570.08Bg191900.1.p	C2H2	TFF
SoffiXsponR570.8_10Ag326300.1.p	EIL	TFF
SoffiXsponR570.01Cg055000.3.p	bHLH	TFF
SoffiXsponR570.4us91g021100.2.p	ARF	TFF
SoffiXsponR570.01Eg165200.1.p	AUX/IAA	OTR
SoffiXsponR570.01Cg095500.1.p	HSF	TFF
SoffiXsponR570.03Dg223200.1.p	MYB	TFF
SoffiXsponR570.09Cg024000.1.p	C3H	TFF
SoffiXsponR570.10Fg119500.1.p	GRAS	TFF
SoffiXsponR570.08Cg183200.1.p	MYB	TFF
SoffiXsponR570.02Fg048100.4.p	Top	TFF
SoffiXsponR570.04Cg207000.4.p	PHD	OTR
SoffiXsponR570.02Cg174000.1.p	HSF	TFF
SoffiXsponR570.02Dg329600.1.p	MYB-related	TFF
SoffiXsponR570.05Eg033100.2.p	bHLH	TFF
SoffiXsponR570.03Ag128700.1.p	zf-BED	TFF
SoffiXsponR570.02Dg021800.2.p	TCP	TFF
SoffiXsponR570.02Ag356800.2.p	C2H2	TFF
SoffiXsponR570.02Gg213500.1.p	bZIP	TFF
SoffiXsponR570.03Eg046100.1.p	PAS	TFF
SoffiXsponR570.6_9Ag226600.1.p	GRAS	TFF
SoffiXsponR570.04Bg255600.4.p	bZIP	TFF
SoffiXsponR570.07Eg191800.1.p	FAR1	TFF
SoffiXsponR570.01Ag318600.1.p	SWI/SNF-SWI3	OTR
SoffiXsponR570.02Bg000400.2.p	TUB	TFF
SoffiXsponR570.01Bg075400.1.p	MYB-related	TFF
SoffiXsponR570.03Bg139300.1.p	MYB-related	TFF
SoffiXsponR570.01Dg245300.3.p	EIL	TFF
SoffiXsponR570.02Dg070700.1.p	MADS	TFF
SoffiXsponR570.01Cg283500.1.p	Top	TFF
SoffiXsponR570.08Dg026300.1.p	C3H	TFF
SoffiXsponR570.03Dg201300.1.p	FAR1	TFF
SoffiXsponR570.7_10Ag356100.1.p	C3H	TFF
SoffiXsponR570.02Fg060100.2.p	AP2-EREBP	TFF
SoffiXsponR570.8_10Ag147500.1.p	GRAS	TFF
SoffiXsponR570.08Ag176400.2.p	RB	OTR
SoffiXsponR570.05Dg259300.3.p	HMG	OTR
SoffiXsponR570.05Eg310000.1.p	BES1	TFF
SoffiXsponR570.06Dg061900.3.p	GNAT	OTR
SoffiXsponR570.04Eg101200.1.p	TRAF	OTR
SoffiXsponR570.02Dg182200.1.p	WRKY	TFF
SoffiXsponR570.06Eg077900.1.p	AUX/IAA	OTR
SoffiXsponR570.03Ag186800.1.p	TRAF	OTR
SoffiXsponR570.05Gg115700.2.p	SET	OTR
SoffiXsponR570.10Fg108300.1.p	MYB	TFF
SoffiXsponR570.05Dg304500.12.p	FAR1	TFF
SoffiXsponR570.04Ag027100.2.p	SET	OTR
SoffiXsponR570.08Ag076600.2.p	ABI3VP1	TFF
SoffiXsponR570.05Bg299000.1.p	GRAS	TFF
SoffiXsponR570.09Ag153400.1.p	C2H2	TFF
SoffiXsponR570.7_10Ag296800.1.p	C2H2	TFF
SoffiXsponR570.08Eg138300.1.p	Pseudo_ARR-B	OTR
SoffiXsponR570.03Dg203900.2.p	SET	OTR
SoffiXsponR570.05Cg217300.1.p	SBP	TFF
SoffiXsponR570.03Eg103500.1.p	HSF	TFF
SoffiXsponR570.07Eg199900.4.p	C3H	TFF
SoffiXsponR570.01Ag177400.1.p	C2H2	TFF
SoffiXsponR570.01Fg116600.3.p	HB	TFF
SoffiXsponR570.01Dg142000.1.p	bHLH	TFF
SoffiXsponR570.9os1g057300.1.p	TCP	TFF
SoffiXsponR570.01Ag081600.1.p	GNAT	OTR
SoffiXsponR570.8_5Ag006800.1.p	Yl1	TFF
SoffiXsponR570.01Dg302100.1.p	bHLH	TFF
SoffiXsponR570.01Bg141600.1.p	FAR1	TFF
SoffiXsponR570.01Cg038200.2.p	bHLH	TFF
SoffiXsponR570.6_9Ag313300.1.p	WRKY	TFF
SoffiXsponR570.02Dg017800.2.p	SET	OTR
SoffiXsponR570.01Ag024300.2.p	C2C2-GATA	TFF
SoffiXsponR570.03Ag312900.1.p	MYB	TFF
SoffiXsponR570.4us91g042100.2.p	C2H2	TFF
SoffiXsponR570.07Eg150100.1.p	WRKY	TFF
SoffiXsponR570.01Ag110700.1.p	HB	TFF
SoffiXsponR570.02Ag295100.1.p	NAC	TFF
SoffiXsponR570.04Dg070300.1.p	AP2-EREBP	TFF
SoffiXsponR570.7os1g072800.4.p	FAR1	TFF
SoffiXsponR570.08Dg029200.1.p	Sigma70-like	TFF
SoffiXsponR570.10Ag019000.1.p	WRKY	TFF
SoffiXsponR570.03Eg181300.1.p	C2C2-GATA	TFF
SoffiXsponR570.02Gg020100.1.p	C3H	TFF
SoffiXsponR570.01Ag507200.1.p	C2H2	TFF
SoffiXsponR570.5_9Ag203700.1.p	AP2-EREBP	TFF
SoffiXsponR570.01Bg468700.2.p	MYB-related	TFF
SoffiXsponR570.06Gg149700.4.p	bHLH	TFF
SoffiXsponR570.5_9Ag143100.2.p	HMG	OTR
SoffiXsponR570.02Dg421200.1.p	SET	OTR
SoffiXsponR570.06Eg121900.1.p	NAC	TFF
SoffiXsponR570.05Fg141200.1.p	C3H	TFF
SoffiXsponR570.05Ag233100.1.p	bHLH	TFF
SoffiXsponR570.01Eg430900.1.p	NAC	TFF
SoffiXsponR570.9os1g051100.1.p	Jumonji	OTR
SoffiXsponR570.07Eg060000.1.p	FAR1	TFF
SoffiXsponR570.10Bg059700.3.p	MED26	OTR
SoffiXsponR570.04Eg113300.3.p	ARF	TFF
SoffiXsponR570.05Cg049600.4.p	PHD	OTR
SoffiXsponR570.03Dg327300.4.p	C2C2-GATA	TFF
SoffiXsponR570.05Cg057500.2.p	SAP	TFF
SoffiXsponR570.05Bg182400.1.p	AP2-EREBP	TFF
SoffiXsponR570.8_5Ag036100.3.p	Top	TFF
SoffiXsponR570.04Cg117700.5.p	zf-C5HC2	TFF
SoffiXsponR570.08Ag095200.4.p	SET	OTR
SoffiXsponR570.08Bg108100.2.p	PAS	TFF
SoffiXsponR570.02Eg090500.1.p	MYB	TFF
SoffiXsponR570.01Dg221600.2.p	MED26	OTR
SoffiXsponR570.02Dg075200.1.p	AP2-EREBP	TFF
SoffiXsponR570.01Ag431200.1.p	AP2-EREBP	TFF
SoffiXsponR570.02Fg219400.1.p	E2F-DP	TFF
SoffiXsponR570.01Ag223500.1.p	MYB	TFF
SoffiXsponR570.05Dg319200.1.p	GNAT	OTR
SoffiXsponR570.01Bg032800.1.p	mTERF	OTR
SoffiXsponR570.05Bg156600.1.p	MYB	TFF
SoffiXsponR570.8_10Ag188300.4.p	SET	OTR
SoffiXsponR570.07Dg069900.1.p	SET	OTR
SoffiXsponR570.02Dg009800.2.p	MYB	TFF
SoffiXsponR570.01Ag500800.1.p	OFP	TFF
SoffiXsponR570.05Eg201100.3.p	C3H	TFF
SoffiXsponR570.03Ag147800.1.p	C2H2	TFF
SoffiXsponR570.08Dg000300.1.p	zf-BED	TFF
SoffiXsponR570.05Cg349200.1.p	GeBP	TFF
SoffiXsponR570.03Ag235000.1.p	GRAS	TFF
SoffiXsponR570.07Bg088000.1.p	AP2-EREBP	TFF
SoffiXsponR570.06Cg071300.1.p	GNAT	OTR
SoffiXsponR570.10us89g047600.2.p	ABI3VP1	TFF
SoffiXsponR570.08Bg128200.1.p	zf-A20	TFF
SoffiXsponR570.03Dg125300.2.p	Tudor-knot	OTR
SoffiXsponR570.01Eg435600.2.p	bHLH	TFF
SoffiXsponR570.04Ag176200.2.p	Top	TFF
SoffiXsponR570.01Dg024200.1.p	bHLH	TFF
SoffiXsponR570.02Bg059900.1.p	MYB-related	TFF
SoffiXsponR570.04Bg092800.1.p	NAC	TFF
SoffiXsponR570.1Z096700.2.p	BES1	TFF
SoffiXsponR570.06Fg149800.1.p	C2C2-GATA	TFF
SoffiXsponR570.6us88g002100.1.p	FHA	TFF
SoffiXsponR570.06Ag141600.1.p	WRKY	TFF
SoffiXsponR570.1Z130300.3.p	C2H2	TFF
SoffiXsponR570.04Ag031900.2.p	BBR/BPC	TFF
SoffiXsponR570.10Dg187000.1.p	GRAS	TFF
SoffiXsponR570.10Eg043500.1.p	SBP	TFF
SoffiXsponR570.06Cg144600.1.p	PHD	OTR
SoffiXsponR570.05Eg038500.1.p	Tify	TFF
SoffiXsponR570.03Gg074700.1.p	CCAAT	TFF
SoffiXsponR570.01Fg092100.1.p	MED26	OTR
SoffiXsponR570.02Bg344700.2.p	Jumonji	OTR
SoffiXsponR570.05Ag285600.1.p	MYB-related	TFF
SoffiXsponR570.05Cg009600.1.p	MYB-related	TFF
SoffiXsponR570.7_10Ag280300.7.p	C2H2	TFF
SoffiXsponR570.05Bg331800.1.p	Tify	TFF
SoffiXsponR570.1os1g001000.1.p	OFP	TFF
SoffiXsponR570.02Ag293600.1.p	TRAF	OTR
SoffiXsponR570.02Cg250300.1.p	ABI3VP1	TFF
SoffiXsponR570.01Cg297900.2.p	bHLH	TFF
SoffiXsponR570.01Eg412100.1.p	C2H2	TFF
SoffiXsponR570.01Bg444900.1.p	bHLH	TFF
SoffiXsponR570.05Bg315800.2.p	GRAS	TFF
SoffiXsponR570.04Eg039700.1.p	WRKY	TFF
SoffiXsponR570.02Gg222200.2.p	WRKY	TFF
SoffiXsponR570.01Dg337300.1.p	GNAT	OTR
SoffiXsponR570.07Eg082700.1.p	C1-4-t1	TFF
SoffiXsponR570.01Bg462200.1.p	C2C2-GATA	TFF
SoffiXsponR570.07Cg049300.1.p	ABI3VP1	TFF
SoffiXsponR570.03Ag303200.1.p	GeBP	TFF
SoffiXsponR570.03Ag094400.2.p	bHLH	TFF
SoffiXsponR570.04Bg223400.2.p	ARF	TFF
SoffiXsponR570.4us91g019800.1.p	MYB-related	TFF
SoffiXsponR570.02Eg360400.1.p	ARF	TFF
SoffiXsponR570.03Bg101500.1.p	GeBP	TFF
SoffiXsponR570.8_5Ag004100.1.p	TRAF	OTR
SoffiXsponR570.01Ag519900.1.p	bHLH	TFF
SoffiXsponR570.07Dg098100.1.p	WRKY	TFF
SoffiXsponR570.07Ag140100.1.p	LIM	TFF
SoffiXsponR570.01Fg221800.3.p	LIM	TFF
SoffiXsponR570.01Ag483500.1.p	AP2-EREBP	TFF
SoffiXsponR570.8_5Ag136700.2.p	SET	OTR
SoffiXsponR570.06Dg065600.1.p	SRS	TFF
SoffiXsponR570.10Cg006000.1.p	WRKY	TFF
SoffiXsponR570.07Ag064800.2.p	E2F-DP	TFF
SoffiXsponR570.10Bg074800.2.p	SBP	TFF
SoffiXsponR570.04Dg175100.4.p	ARF	TFF
SoffiXsponR570.05Cg334900.4.p	AP2-EREBP	TFF
SoffiXsponR570.5_9Ag394500.1.p	NAC	TFF
SoffiXsponR570.02Bg165300.5.p	Top	TFF
SoffiXsponR570.07Bg230000.4.p	bZIP	TFF
SoffiXsponR570.09Ag126000.1.p	GRAS	TFF
SoffiXsponR570.05Eg189100.3.p	bHLH	TFF
SoffiXsponR570.05Bg362000.1.p	CCAAT	TFF
SoffiXsponR570.05Bg247000.11.p	SET	OTR
SoffiXsponR570.02Gg033300.5.p	SBP	TFF
SoffiXsponR570.02Gg289100.1.p	NAC	TFF
SoffiXsponR570.02Bg018900.1.p	bHLH	TFF
SoffiXsponR570.04Dg128400.1.p	PHD	OTR
SoffiXsponR570.09Bg138200.2.p	ARF	TFF
SoffiXsponR570.06Eg123900.1.p	MADS	TFF
SoffiXsponR570.04Bg215200.3.p	ARF	TFF
SoffiXsponR570.03Bg193800.1.p	C2C2-GATA	TFF
SoffiXsponR570.05Bg206900.1.p	bHLH	TFF
SoffiXsponR570.02Dg041200.1.p	PHD	OTR
SoffiXsponR570.01Dg004300.1.p	FAR1	TFF
SoffiXsponR570.02Dg308100.2.p	MYB	TFF
SoffiXsponR570.01Cg200600.1.p	TIG	TFF
SoffiXsponR570.10Bg013000.1.p	TRAF	OTR
SoffiXsponR570.03Eg185000.1.p	AP2-EREBP	TFF
SoffiXsponR570.05Dg075000.1.p	FHA	TFF
SoffiXsponR570.10Bg105000.1.p	C2C2-GATA	TFF
SoffiXsponR570.06Cg125200.1.p	SET	OTR
SoffiXsponR570.02Fg034400.1.p	TRAF	OTR
SoffiXsponR570.06Fg034200.1.p	MYB-related	TFF
SoffiXsponR570.07Eg023100.1.p	bHLH	TFF
SoffiXsponR570.5_9Ag040800.1.p	MED26	OTR
SoffiXsponR570.01Bg158700.1.p	bHLH	TFF
SoffiXsponR570.03Bg067300.1.p	mTERF	OTR
SoffiXsponR570.9os1g034200.1.p	PLATZ	TFF
SoffiXsponR570.01Dg107400.1.p	TFIID	TFF
SoffiXsponR570.01Dg323600.1.p	C2H2	TFF
SoffiXsponR570.02Bg166600.1.p	GNAT	OTR
SoffiXsponR570.02Fg254400.1.p	HSF	TFF
SoffiXsponR570.02Fg021300.3.p	NOZZLE	TFF
SoffiXsponR570.03Gg127200.1.p	bHLH	TFF
SoffiXsponR570.04Gg076900.1.p	MADS	TFF
SoffiXsponR570.02Ag041600.2.p	WRKY	TFF
SoffiXsponR570.04Eg071000.2.p	ARR-B	TFF
SoffiXsponR570.07Bg214200.1.p	NAC	TFF
SoffiXsponR570.09Bg144000.1.p	CCAAT	TFF
SoffiXsponR570.04Cg096700.1.p	NAC	TFF
SoffiXsponR570.02Gg240100.1.p	MYB	TFF
SoffiXsponR570.01Dg015700.1.p	NAC	TFF
SoffiXsponR570.01Cg142200.1.p	MED26	OTR
SoffiXsponR570.01Fg044200.1.p	OFP	TFF
SoffiXsponR570.02Cg307700.1.p	MYB	TFF
SoffiXsponR570.07Cg085500.1.p	ARF	TFF
SoffiXsponR570.07Cg243100.5.p	FAR1	TFF
SoffiXsponR570.05Dg147700.1.p	C2H2	TFF
SoffiXsponR570.01Ag263500.1.p	TIG	TFF
SoffiXsponR570.05Eg321900.1.p	C2H2	TFF
SoffiXsponR570.9us90g035600.1.p	GRAS	TFF
SoffiXsponR570.5_9Ag297200.1.p	BES1	TFF
SoffiXsponR570.03Fg131900.2.p	Tudor-knot	OTR
SoffiXsponR570.9os1g002500.11.p	SET	OTR
SoffiXsponR570.05Gg185100.1.p	WRKY	TFF
SoffiXsponR570.08Ag031700.3.p	Top	TFF
SoffiXsponR570.6_9Ag120200.4.p	MYB-related	TFF
SoffiXsponR570.03Cg282800.1.p	ARID	OTR
SoffiXsponR570.04Dg196200.1.p	NAC	TFF
SoffiXsponR570.06Gg059900.1.p	MYB	TFF
SoffiXsponR570.07Eg040500.3.p	FHA	TFF
SoffiXsponR570.4us91g041900.1.p	AUX/IAA	OTR
SoffiXsponR570.07Bg108300.1.p	MYB	TFF
SoffiXsponR570.03Ag256300.1.p	C2C2-Dof	TFF
SoffiXsponR570.5_9Ag315100.2.p	BBR/BPC	TFF
SoffiXsponR570.02Ag349200.2.p	CCAAT	TFF
SoffiXsponR570.04Dg142600.1.p	MBF1	OTR
SoffiXsponR570.05Bg346600.3.p	SART-1	OTR
SoffiXsponR570.03Gg054000.2.p	C2H2	TFF
SoffiXsponR570.02Gg206000.1.p	SAP	TFF
SoffiXsponR570.02Fg178600.1.p	Top	TFF
SoffiXsponR570.03Eg195500.1.p	C2H2	TFF
SoffiXsponR570.03Gg123900.1.p	bHLH	TFF
SoffiXsponR570.03Dg275300.1.p	MADS	TFF
SoffiXsponR570.08Ag021900.1.p	MYB-related	TFF
SoffiXsponR570.05Dg241200.1.p	AP2-EREBP	TFF
SoffiXsponR570.01Ag505200.1.p	Jumonji	OTR
SoffiXsponR570.03Eg181300.2.p	C2C2-GATA	TFF
SoffiXsponR570.7_10Ag380700.3.p	NAC	TFF
SoffiXsponR570.04Dg137800.1.p	CPP	TFF
SoffiXsponR570.10Ag120700.2.p	SBP	TFF
SoffiXsponR570.03Dg058800.1.p	MADS	TFF
SoffiXsponR570.01Bg228000.2.p	HSF	TFF
SoffiXsponR570.4us91g003100.1.p	bHLH	TFF
SoffiXsponR570.09Ag144700.2.p	bHLH	TFF
SoffiXsponR570.04Bg093900.1.p	bHLH	TFF
SoffiXsponR570.02Dg279500.2.p	CPP	TFF
SoffiXsponR570.08Eg048900.1.p	WRKY	TFF
SoffiXsponR570.08Cg075200.3.p	PHD	OTR
SoffiXsponR570.01Cg138900.1.p	MYB-related	TFF
SoffiXsponR570.05Bg358100.1.p	TRAF	OTR
SoffiXsponR570.03Dg240000.1.p	C2H2	TFF
SoffiXsponR570.03Dg230200.1.p	AP2-EREBP	TFF
SoffiXsponR570.06Fg031900.1.p	MYB	TFF
SoffiXsponR570.04Bg188800.1.p	WRKY	TFF
SoffiXsponR570.06Cg186800.1.p	MYB-related	TFF
SoffiXsponR570.09Eg004100.1.p	FAR1	TFF
SoffiXsponR570.08Ag196000.1.p	FAR1	TFF
SoffiXsponR570.10Fg106600.1.p	bZIP	TFF
SoffiXsponR570.06Eg044200.1.p	MYB-related	TFF
SoffiXsponR570.6us88g119500.1.p	MYB	TFF
SoffiXsponR570.5_9Ag391000.2.p	Rcd1-like	OTR
SoffiXsponR570.07Dg225400.1.p	Top	TFF
SoffiXsponR570.7_10Ag224400.2.p	Trihelix	TFF
SoffiXsponR570.08Bg108100.4.p	PAS	TFF
SoffiXsponR570.01Eg034900.1.p	mTERF	OTR
SoffiXsponR570.1Z245800.3.p	CAMTA	TFF
SoffiXsponR570.06Eg039700.1.p	bHLH	TFF
SoffiXsponR570.5_9Ag091000.1.p	TRAF	OTR
SoffiXsponR570.01Dg255900.1.p	PHD	OTR
SoffiXsponR570.06Fg034600.2.p	Top	TFF
SoffiXsponR570.03Gg071100.1.p	NOT2_3_5	OTR
SoffiXsponR570.01Eg233500.1.p	NAC	TFF
SoffiXsponR570.07Ag202300.1.p	NAC	TFF
SoffiXsponR570.05Ag305000.1.p	ABI3VP1	TFF
SoffiXsponR570.09Dg047000.5.p	PHD	OTR
SoffiXsponR570.07Dg164700.1.p	C2H2	TFF
SoffiXsponR570.02Bg165300.1.p	Top	TFF
SoffiXsponR570.07Ag144400.2.p	C2C2-GATA	TFF
SoffiXsponR570.03Eg198700.1.p	DBP	TFF
SoffiXsponR570.09Ag003900.3.p	Top	TFF
SoffiXsponR570.01Cg377700.8.p	HB	TFF
SoffiXsponR570.10Dg194600.1.p	GRAS	TFF
SoffiXsponR570.09Ag076300.1.p	bZIP	TFF
SoffiXsponR570.10Eg107900.1.p	C2C2-Dof	TFF
SoffiXsponR570.05Dg345000.3.p	Tudor-knot	OTR
SoffiXsponR570.04Cg197100.3.p	HB	TFF
SoffiXsponR570.10us89g019600.1.p	GRAS	TFF
SoffiXsponR570.01Dg333700.2.p	AP2-EREBP	TFF
SoffiXsponR570.05Eg316200.1.p	bHLH	TFF
SoffiXsponR570.03Cg037000.2.p	TAZ	TFF
SoffiXsponR570.10Eg101200.1.p	FAR1	TFF
SoffiXsponR570.01Bg156700.1.p	ABI3VP1	TFF
SoffiXsponR570.01Cg016700.2.p	GRAS	TFF
SoffiXsponR570.07Cg159100.2.p	SET	OTR
SoffiXsponR570.06Gg133100.1.p	AP2-EREBP	TFF
SoffiXsponR570.02Fg027200.2.p	BES1	TFF
SoffiXsponR570.06Dg122700.1.p	MYB	TFF
SoffiXsponR570.07Bg228300.2.p	GNAT	OTR
SoffiXsponR570.05Fg073600.1.p	AP2-EREBP	TFF
SoffiXsponR570.02Bg065500.1.p	CCAAT	TFF
SoffiXsponR570.8_10Ag298900.2.p	bZIP	TFF
SoffiXsponR570.04Dg100300.2.p	RWP-RK	TFF
SoffiXsponR570.01Eg184100.3.p	GRAS	TFF
SoffiXsponR570.02Ag203900.1.p	C3H	TFF
SoffiXsponR570.01Eg168400.2.p	ABI3VP1	TFF
SoffiXsponR570.06Gg086500.1.p	AP2-EREBP	TFF
SoffiXsponR570.01Eg215000.1.p	MYB-related	TFF
SoffiXsponR570.7os1g033100.1.p	WRKY	TFF
SoffiXsponR570.02Fg323600.2.p	GRAS	TFF
SoffiXsponR570.01Ag393600.2.p	bZIP	TFF
SoffiXsponR570.09Bg112100.1.p	GRAS	TFF
SoffiXsponR570.01Cg394600.1.p	Not1	TFF
SoffiXsponR570.02Dg391100.1.p	C2H2	TFF
SoffiXsponR570.04Eg161100.2.p	PHD	OTR
SoffiXsponR570.04Dg116200.2.p	NAC	TFF
SoffiXsponR570.07Dg141900.1.p	NAC	TFF
SoffiXsponR570.09Cg051100.1.p	C2C2-GATA	TFF
SoffiXsponR570.03Dg038300.1.p	SBP	TFF
SoffiXsponR570.10Dg041600.1.p	TUB	TFF
SoffiXsponR570.05Cg348600.2.p	MYB	TFF
SoffiXsponR570.03Cg273600.1.p	bZIP	TFF
SoffiXsponR570.7_10Ag309800.2.p	PHD	OTR
SoffiXsponR570.08Bg015500.1.p	MADS	TFF
SoffiXsponR570.02Fg096000.3.p	zf-BED	TFF
SoffiXsponR570.04Eg149200.1.p	bHLH	TFF
SoffiXsponR570.02Fg112700.2.p	C3H	TFF
SoffiXsponR570.02Dg384100.1.p	SET	OTR
SoffiXsponR570.09Ag056100.3.p	C2H2	TFF
SoffiXsponR570.02Eg343500.1.p	mTERF	OTR
SoffiXsponR570.09Cg051100.4.p	C2C2-GATA	TFF
SoffiXsponR570.07Bg205100.11.p	PHD	OTR
SoffiXsponR570.08Eg019000.1.p	WRKY	TFF
SoffiXsponR570.03Eg249800.1.p	CCAAT	TFF
SoffiXsponR570.07Cg163100.1.p	AP2-EREBP	TFF
SoffiXsponR570.8_5Ag054100.1.p	FAR1	TFF
SoffiXsponR570.02Cg243200.1.p	zf-BED	TFF
SoffiXsponR570.01Ag290300.1.p	PLATZ	TFF
SoffiXsponR570.03Ag172500.1.p	EIL	TFF
SoffiXsponR570.02Fg036900.1.p	NAC	TFF
SoffiXsponR570.08Eg065900.1.p	MADS	TFF
SoffiXsponR570.08Cg115900.1.p	zf-A20	TFF
SoffiXsponR570.02Cg224300.1.p	HMG	OTR
SoffiXsponR570.10Ag125100.1.p	PAS	TFF
SoffiXsponR570.7_10Ag264800.4.p	SET	OTR
SoffiXsponR570.5os1g005800.1.p	bHLH	TFF
SoffiXsponR570.05Dg250400.1.p	MYB	TFF
SoffiXsponR570.03Dg224500.1.p	NAC	TFF
SoffiXsponR570.10Bg065500.1.p	FHA	TFF
SoffiXsponR570.02Gg018100.1.p	Top	TFF
SoffiXsponR570.05Gg083800.1.p	NAC	TFF
SoffiXsponR570.06Dg065800.4.p	SET	OTR
SoffiXsponR570.01Cg178700.1.p	GRAS	TFF
SoffiXsponR570.07Bg084400.3.p	DDT	OTR
SoffiXsponR570.10Ag002900.1.p	SAP	TFF
SoffiXsponR570.07Ag182100.1.p	MYB	TFF
SoffiXsponR570.03Dg112000.1.p	C3H	TFF
SoffiXsponR570.05Eg243800.3.p	RWP-RK	TFF
SoffiXsponR570.03Fg006600.7.p	Jumonji	OTR
SoffiXsponR570.05Bg227600.1.p	AUX/IAA	OTR
SoffiXsponR570.10Fg115100.1.p	GRAS	TFF
SoffiXsponR570.05Eg354600.2.p	bZIP	TFF
SoffiXsponR570.03Dg289600.2.p	mTERF	OTR
SoffiXsponR570.5_9Ag195000.1.p	bHLH	TFF
SoffiXsponR570.02Ag062700.1.p	bHLH	TFF
SoffiXsponR570.05Bg192400.2.p	CCAAT	TFF
SoffiXsponR570.03Bg075100.3.p	C3H	TFF
SoffiXsponR570.05Bg104600.1.p	C2H2	TFF
SoffiXsponR570.06Cg106500.1.p	HB	TFF
SoffiXsponR570.02Fg309900.4.p	bZIP	TFF
SoffiXsponR570.04Gg076800.1.p	MED6	OTR
SoffiXsponR570.01Eg027700.1.p	SBP	TFF
SoffiXsponR570.05Gg205200.1.p	MYB-related	TFF
SoffiXsponR570.6_9Ag320400.2.p	C3H	TFF
SoffiXsponR570.01Bg232100.2.p	TRAF	OTR
SoffiXsponR570.04Cg182500.1.p	zf-A20	TFF
SoffiXsponR570.03Eg263800.1.p	zf-HD	TFF
SoffiXsponR570.1Z287300.2.p	zf-C5HC2	TFF
SoffiXsponR570.6_9Ag160900.1.p	HMG	OTR
SoffiXsponR570.01Dg396000.2.p	Not1	TFF
SoffiXsponR570.04Gg075000.1.p	MYB-related	TFF
SoffiXsponR570.03Ag229800.1.p	bHLH	TFF
SoffiXsponR570.08Ag005000.6.p	PHD	OTR
SoffiXsponR570.06Dg024500.3.p	bHLH	TFF
SoffiXsponR570.05Bg311200.2.p	WRKY	TFF
SoffiXsponR570.07Cg229900.3.p	bZIP	TFF
SoffiXsponR570.10Bg001600.1.p	PAS	TFF
SoffiXsponR570.07Cg152200.1.p	MYB	TFF
SoffiXsponR570.8_10Ag169200.1.p	BSD	TFF
SoffiXsponR570.05Bg379400.1.p	EIL	TFF
SoffiXsponR570.05Dg245600.1.p	AUX/IAA	OTR
SoffiXsponR570.04Ag254800.1.p	C3H	TFF
SoffiXsponR570.05Bg047500.2.p	zf-A20	TFF
SoffiXsponR570.05Eg156000.1.p	SET	OTR
SoffiXsponR570.03Gg050200.6.p	bHLH	TFF
SoffiXsponR570.03Eg248000.1.p	bZIP	TFF
SoffiXsponR570.06Eg111600.1.p	TRAF	OTR
SoffiXsponR570.8_5Ag178800.1.p	MADS	TFF
SoffiXsponR570.08Dg106700.1.p	MYB	TFF
SoffiXsponR570.02Ag315700.1.p	bZIP	TFF
SoffiXsponR570.02Cg413900.1.p	FAR1	TFF
SoffiXsponR570.02Fg230800.2.p	zf-BED	TFF
SoffiXsponR570.08Cg192900.3.p	SWI/SNF-BAF60b	OTR
SoffiXsponR570.01Bg358800.1.p	PHD	OTR
SoffiXsponR570.05Cg252600.2.p	SET	OTR
SoffiXsponR570.9us90g059500.1.p	bHLH	TFF
SoffiXsponR570.5_9Ag144400.3.p	RWP-RK	TFF
SoffiXsponR570.08Ag216600.2.p	bHLH	TFF
SoffiXsponR570.01Fg116600.1.p	HB	TFF
SoffiXsponR570.02Ag252100.1.p	zf-BED	TFF
SoffiXsponR570.8_5Ag056800.2.p	NAC	TFF
SoffiXsponR570.06Ag148500.1.p	bZIP	TFF
SoffiXsponR570.5_9Ag443900.1.p	mTERF	OTR
SoffiXsponR570.02Cg396200.1.p	CCAAT	TFF
SoffiXsponR570.07Bg118300.1.p	GNAT	OTR
SoffiXsponR570.08Bg109300.1.p	mTERF	OTR
SoffiXsponR570.03Dg257900.3.p	TUB	TFF
SoffiXsponR570.09Cg135800.1.p	ABI3VP1	TFF
SoffiXsponR570.01Fg331200.3.p	Trihelix	TFF
SoffiXsponR570.06Fg144700.1.p	NAC	TFF
SoffiXsponR570.02Ag201900.2.p	zf-LSD1	TFF
SoffiXsponR570.02Eg338300.1.p	mTERF	OTR
SoffiXsponR570.04Ag065000.2.p	C2H2	TFF
SoffiXsponR570.08Ag056200.1.p	C3H	TFF
SoffiXsponR570.01Fg030900.1.p	ARR-B	TFF
SoffiXsponR570.01Dg064500.1.p	GRAS	TFF
SoffiXsponR570.01Ag110500.1.p	HB	TFF
SoffiXsponR570.06Dg024300.1.p	bHLH	TFF
SoffiXsponR570.08Cg004700.1.p	Yl1	TFF
SoffiXsponR570.6_9Ag091900.3.p	Jumonji	OTR
SoffiXsponR570.03Gg091500.1.p	mTERF	OTR
SoffiXsponR570.5_9Ag066000.1.p	MADS	TFF
SoffiXsponR570.05Ag233600.1.p	bZIP	TFF
SoffiXsponR570.02Fg256900.1.p	ARF	TFF
SoffiXsponR570.04Eg039400.1.p	MADS	TFF
SoffiXsponR570.03Gg122700.1.p	C2C2-Dof	TFF
SoffiXsponR570.03Bg276100.1.p	MYB-related	TFF
SoffiXsponR570.02Fg214500.2.p	ARF	TFF
SoffiXsponR570.8_10Ag148100.1.p	GRAS	TFF
SoffiXsponR570.04Bg194800.3.p	AP2-EREBP	TFF
SoffiXsponR570.08Ag004000.1.p	PHD	OTR
SoffiXsponR570.06Gg061700.1.p	bHLH	TFF
SoffiXsponR570.01Eg107500.3.p	FHA	TFF
SoffiXsponR570.05Bg218500.2.p	bZIP	TFF
SoffiXsponR570.06Ag151700.1.p	CCAAT	TFF
SoffiXsponR570.02Ag220100.2.p	C3H	TFF
SoffiXsponR570.02Ag349200.1.p	CCAAT	TFF
SoffiXsponR570.02Dg221000.1.p	AP2-EREBP	TFF
SoffiXsponR570.3os2g002400.3.p	MYB	TFF
SoffiXsponR570.5_9Ag224600.1.p	bHLH	TFF
SoffiXsponR570.8_10Ag153800.1.p	Top	TFF
SoffiXsponR570.01Cg057800.1.p	Top	TFF
SoffiXsponR570.03Eg251300.1.p	SET	OTR
SoffiXsponR570.09Ag045500.3.p	bZIP	TFF
SoffiXsponR570.01Fg197400.2.p	PHD	OTR
SoffiXsponR570.03Ag028300.1.p	BES1	TFF
SoffiXsponR570.09Cg014100.1.p	C2H2	TFF
SoffiXsponR570.05Ag135700.1.p	AP2-EREBP	TFF
SoffiXsponR570.2os1g002000.1.p	TRAF	OTR
SoffiXsponR570.08Ag213500.1.p	TRAF	OTR
SoffiXsponR570.07Bg193500.2.p	MYB-related	TFF
SoffiXsponR570.04Fg118800.1.p	AP2-EREBP	TFF
SoffiXsponR570.08Cg052700.1.p	MED26	OTR
SoffiXsponR570.01Eg303100.1.p	EIL	TFF
SoffiXsponR570.10os1g037900.1.p	bZIP	TFF
SoffiXsponR570.02Eg393800.1.p	Top	TFF
SoffiXsponR570.01Cg189900.1.p	GRAS	TFF
SoffiXsponR570.10Cg053700.1.p	MYB	TFF
SoffiXsponR570.07Dg163900.1.p	RWP-RK	TFF
SoffiXsponR570.6_9Ag153600.1.p	Alfin-like	TFF
SoffiXsponR570.02Ag037100.1.p	MYB-related	TFF
SoffiXsponR570.05Cg226500.1.p	bHLH	TFF
SoffiXsponR570.03Gg054800.1.p	EIL	TFF
SoffiXsponR570.8_5Ag095400.4.p	SET	OTR
SoffiXsponR570.05Bg379400.5.p	EIL	TFF
SoffiXsponR570.8_5Ag060000.2.p	bHLH	TFF
SoffiXsponR570.03Eg216300.2.p	GNAT	OTR
SoffiXsponR570.05Ag120400.3.p	MYB-related	TFF
SoffiXsponR570.02Gg136900.1.p	MYB	TFF
SoffiXsponR570.05Ag336000.1.p	GRAS	TFF
SoffiXsponR570.09Cg063700.1.p	PLATZ	TFF
SoffiXsponR570.04Ag178500.2.p	FAR1	TFF
SoffiXsponR570.07Dg087900.1.p	GNAT	OTR
SoffiXsponR570.03Eg055800.1.p	MADS	TFF
SoffiXsponR570.1Z014300.3.p	SWI/SNF-BAF60b	OTR
SoffiXsponR570.09Bg054800.1.p	C2C2-GATA	TFF
SoffiXsponR570.6_9Ag317000.1.p	WRKY	TFF
SoffiXsponR570.04Gg099000.1.p	zf-C5HC2	TFF
SoffiXsponR570.6_9Ag029400.1.p	MYB	TFF
SoffiXsponR570.03Eg217100.2.p	Top	TFF
SoffiXsponR570.02Ag133000.2.p	SBP	TFF
SoffiXsponR570.08Cg022700.2.p	MYB-related	TFF
SoffiXsponR570.03Gg046200.2.p	ARF	TFF
SoffiXsponR570.03Ag326600.2.p	C2C2-GATA	TFF
SoffiXsponR570.10Ag111100.1.p	Sigma70-like	TFF
SoffiXsponR570.05Eg133100.1.p	WRKY	TFF
SoffiXsponR570.09Bg072000.1.p	Alfin-like	TFF
SoffiXsponR570.04Gg093400.4.p	zf-fF-X1	TFF
SoffiXsponR570.02Cg347500.2.p	C2H2	TFF
SoffiXsponR570.02Bg342700.1.p	GRAS	TFF
SoffiXsponR570.10Ag061600.1.p	FHA	TFF
SoffiXsponR570.01Bg481200.3.p	HB	TFF
SoffiXsponR570.8_10Ag093700.1.p	E2F-DP	TFF
SoffiXsponR570.01Bg157100.3.p	ABI3VP1	TFF
SoffiXsponR570.05Dg155600.1.p	WRKY	TFF
SoffiXsponR570.05Bg172000.1.p	Tify	TFF
SoffiXsponR570.03Gg122700.3.p	C2C2-Dof	TFF
SoffiXsponR570.05Dg236100.2.p	bZIP	TFF
SoffiXsponR570.04Gg003700.1.p	GRAS	TFF
SoffiXsponR570.06Ag188900.1.p	AP2-EREBP	TFF
SoffiXsponR570.05Eg193500.1.p	CCAAT	TFF
SoffiXsponR570.03Eg249400.1.p	BSD	TFF
SoffiXsponR570.5_9Ag432900.2.p	ABI3VP1	TFF
SoffiXsponR570.01Dg050600.1.p	AUX/IAA	OTR
SoffiXsponR570.8_10Ag210400.1.p	MADS	TFF
SoffiXsponR570.6_9Ag057200.5.p	SAP	TFF
SoffiXsponR570.01Ag487700.1.p	AP2-EREBP	TFF
SoffiXsponR570.04Bg243200.7.p	SBP	TFF
SoffiXsponR570.10Ag056900.2.p	MED26	OTR
SoffiXsponR570.01Dg284800.1.p	AP2-EREBP	TFF
SoffiXsponR570.01Ag231100.1.p	ARR-B	TFF
SoffiXsponR570.02Dg171300.5.p	zf-BED	TFF
SoffiXsponR570.01Dg328800.2.p	TIG	TFF
SoffiXsponR570.5_9Ag250500.1.p	WRKY	TFF
SoffiXsponR570.04Ag153000.1.p	bHLH	TFF
SoffiXsponR570.03Ag228100.2.p	MYB-related	TFF
SoffiXsponR570.06Dg034700.1.p	GNAT	OTR
SoffiXsponR570.6us88g002600.3.p	ABI3VP1	TFF
SoffiXsponR570.02Cg226800.4.p	ARF	TFF
SoffiXsponR570.05Eg317400.1.p	C2H2	TFF
SoffiXsponR570.03Bg001000.1.p	bZIP	TFF
SoffiXsponR570.01Cg239200.1.p	WRKY	TFF
SoffiXsponR570.01Cg269900.2.p	SART-1	OTR
SoffiXsponR570.04Eg067800.2.p	MYB	TFF
SoffiXsponR570.03Ag335000.1.p	AUX/IAA	OTR
SoffiXsponR570.03Dg007100.1.p	Jumonji	OTR
SoffiXsponR570.03Ag195500.3.p	FAR1	TFF
SoffiXsponR570.02Dg248400.1.p	MYB-related	TFF
SoffiXsponR570.6_9Ag145300.1.p	C2C2-GATA	TFF
SoffiXsponR570.05Bg026100.1.p	HB	TFF
SoffiXsponR570.04Bg215200.1.p	ARF	TFF
SoffiXsponR570.01Dg127500.5.p	GRAS	TFF
SoffiXsponR570.04Ag176200.3.p	Top	TFF
SoffiXsponR570.04Fg052100.2.p	MADS	TFF
SoffiXsponR570.03Ag258200.1.p	bHLH	TFF
SoffiXsponR570.07Bg053000.4.p	TIG	TFF
SoffiXsponR570.7_10Ag365900.2.p	MYB	TFF
SoffiXsponR570.08Cg074600.1.p	WRKY	TFF
SoffiXsponR570.06Dg024600.5.p	bHLH	TFF
SoffiXsponR570.07Dg220400.4.p	ARF	TFF
SoffiXsponR570.7_10Ag221800.1.p	TAZ	TFF
SoffiXsponR570.08Eg122400.3.p	TRAF	OTR
SoffiXsponR570.02Ag381000.1.p	TAZ	TFF
SoffiXsponR570.06Gg113300.1.p	AP2-EREBP	TFF
SoffiXsponR570.02Ag009200.1.p	AUX/IAA	OTR
SoffiXsponR570.08Dg081400.3.p	PAS	TFF
SoffiXsponR570.5_9Ag304300.1.p	WRKY	TFF
SoffiXsponR570.08Cg063200.2.p	CCAAT	TFF
SoffiXsponR570.02Dg135100.1.p	MYB	TFF
SoffiXsponR570.01Ag114600.1.p	MYB-related	TFF
SoffiXsponR570.02Ag050300.5.p	Top	TFF
SoffiXsponR570.08Ag205300.1.p	SWI/SNF-BAF60b	OTR
SoffiXsponR570.02Gg212100.2.p	SET	OTR
SoffiXsponR570.01Eg363500.2.p	NAC	TFF
SoffiXsponR570.03Dg270500.1.p	SET	OTR
SoffiXsponR570.04Eg147200.1.p	bZIP	TFF
SoffiXsponR570.02Ag002700.1.p	NAC	TFF
SoffiXsponR570.03Bg241300.1.p	bZIP	TFF
SoffiXsponR570.09Eg127800.2.p	LIM	TFF
SoffiXsponR570.08Bg057800.1.p	FAR1	TFF
SoffiXsponR570.8_5Ag024500.2.p	MYB-related	TFF
SoffiXsponR570.8_5Ag088200.1.p	TRAF	OTR
SoffiXsponR570.01Ag543300.1.p	SWI/SNF-BAF60b	OTR
SoffiXsponR570.5_9Ag204000.3.p	HSF	TFF
SoffiXsponR570.02Eg101900.1.p	MYB	TFF
SoffiXsponR570.05Dg169600.1.p	Jumonji	OTR
SoffiXsponR570.01Fg283900.1.p	bHLH	TFF
SoffiXsponR570.02Gg273500.2.p	Jumonji	OTR
SoffiXsponR570.09Ag166600.1.p	bHLH	TFF
SoffiXsponR570.01Ag487200.1.p	GNAT	OTR
SoffiXsponR570.5_9Ag140000.4.p	SET	OTR
SoffiXsponR570.06Fg101900.1.p	NAC	TFF
SoffiXsponR570.10os1g030600.1.p	Alfin-like	TFF
SoffiXsponR570.08Bg161500.6.p	C2H2	TFF
SoffiXsponR570.6_9Ag323200.1.p	zf-HD	TFF
SoffiXsponR570.1Z054100.3.p	SET	OTR
SoffiXsponR570.03Dg135300.2.p	bHLH	TFF
SoffiXsponR570.08Ag216600.1.p	bHLH	TFF
SoffiXsponR570.07Bg177500.3.p	C2C2-Dof	TFF
SoffiXsponR570.07Ag193100.6.p	PHD	OTR
SoffiXsponR570.04Eg052300.2.p	HB	TFF
SoffiXsponR570.03Dg258700.1.p	zf-HD	TFF
SoffiXsponR570.03Ag268000.2.p	SET	OTR
SoffiXsponR570.01Cg211300.3.p	MED26	OTR
SoffiXsponR570.06Eg075900.1.p	OFP	TFF
SoffiXsponR570.01Cg377700.3.p	HB	TFF
SoffiXsponR570.04Dg190000.1.p	bZIP	TFF
SoffiXsponR570.02Gg178500.1.p	ARF	TFF
SoffiXsponR570.02Eg028800.1.p	FAR1	TFF
SoffiXsponR570.04Cg214400.1.p	MYB-related	TFF
SoffiXsponR570.02Bg200100.4.p	ARF	TFF
SoffiXsponR570.04Ag199900.2.p	AP2-EREBP	TFF
SoffiXsponR570.03Bg208900.1.p	C2H2	TFF
SoffiXsponR570.06Eg028800.1.p	AP2-EREBP	TFF
SoffiXsponR570.09Cg136200.1.p	ABI3VP1	TFF
SoffiXsponR570.05Fg299800.4.p	DDT	OTR
SoffiXsponR570.01Ag136800.3.p	C3H	TFF
SoffiXsponR570.07Bg114800.1.p	MYB-related	TFF
SoffiXsponR570.10Eg106000.1.p	GRAS	TFF
SoffiXsponR570.07Ag171200.2.p	OFP	TFF
SoffiXsponR570.02Bg023000.1.p	bZIP	TFF
SoffiXsponR570.05Fg115900.1.p	GeBP	TFF
SoffiXsponR570.05Eg197900.1.p	bHLH	TFF
SoffiXsponR570.04Cg117000.1.p	MYB-related	TFF
SoffiXsponR570.05Fg030700.1.p	NAC	TFF
SoffiXsponR570.05Ag270500.1.p	mTERF	OTR
SoffiXsponR570.04Bg244100.4.p	TAZ	TFF
SoffiXsponR570.01Bg157100.2.p	ABI3VP1	TFF
SoffiXsponR570.8_10Ag227100.1.p	MYB-related	TFF
SoffiXsponR570.02Cg083400.2.p	AP2-EREBP	TFF
SoffiXsponR570.6_9Ag128900.1.p	bHLH	TFF
SoffiXsponR570.02Cg146000.1.p	C2C2-GATA	TFF
SoffiXsponR570.02Ag338600.1.p	WRKY	TFF
SoffiXsponR570.06Fg023700.1.p	C3H	TFF
SoffiXsponR570.03Gg086900.1.p	SWI/SNF-SWI3	OTR
SoffiXsponR570.1Z190400.1.p	HB	TFF
SoffiXsponR570.01Dg297400.1.p	bZIP	TFF
SoffiXsponR570.05Fg250900.1.p	bHLH	TFF
SoffiXsponR570.10Bg143500.1.p	MYB	TFF
SoffiXsponR570.07Ag077800.1.p	TRAF	OTR
SoffiXsponR570.8_5Ag178600.1.p	MADS	TFF
SoffiXsponR570.04Cg245300.3.p	ARF	TFF
SoffiXsponR570.5_9Ag174000.1.p	SBP	TFF
SoffiXsponR570.03Cg274300.1.p	bHLH	TFF
SoffiXsponR570.02Bg058900.2.p	AP2-EREBP	TFF
SoffiXsponR570.6_9Ag236300.1.p	NAC	TFF
SoffiXsponR570.8_5Ag209700.1.p	CCAAT	TFF
SoffiXsponR570.01Eg331900.2.p	GRAS	TFF
SoffiXsponR570.09Ag050300.1.p	GRAS	TFF
SoffiXsponR570.10Eg125400.1.p	C2H2	TFF
SoffiXsponR570.09Ag054000.2.p	C2C2-GATA	TFF
SoffiXsponR570.03Gg060700.1.p	AP2-EREBP	TFF
SoffiXsponR570.02Dg175700.2.p	bHLH	TFF
SoffiXsponR570.02Eg391500.1.p	AP2-EREBP	TFF
SoffiXsponR570.08Ag204600.1.p	C2H2	TFF
SoffiXsponR570.01Eg163200.1.p	CPP	TFF
SoffiXsponR570.06Eg088800.1.p	AP2-EREBP	TFF
SoffiXsponR570.06Gg041300.1.p	bZIP	TFF
SoffiXsponR570.04Fg146800.1.p	bZIP	TFF
SoffiXsponR570.05Ag119300.2.p	SET	OTR
SoffiXsponR570.03Eg181900.2.p	Trihelix	TFF
SoffiXsponR570.08Eg107500.1.p	bZIP	TFF
SoffiXsponR570.05Dg304500.2.p	FAR1	TFF
SoffiXsponR570.06Fg108800.2.p	VOZ	TFF
SoffiXsponR570.05Eg001800.2.p	TRAF	OTR
SoffiXsponR570.07Bg135300.1.p	MYB	TFF
SoffiXsponR570.10Cg079400.3.p	Top	TFF
SoffiXsponR570.07Eg126200.1.p	HSF	TFF
SoffiXsponR570.08Bg034800.4.p	C3H	TFF
SoffiXsponR570.04Cg160200.1.p	NAC	TFF
SoffiXsponR570.08Cg032200.5.p	zf-LSD1	TFF
SoffiXsponR570.01Dg161900.2.p	bHLH	TFF
SoffiXsponR570.02Bg228400.1.p	ABI3VP1	TFF
SoffiXsponR570.02Cg306100.1.p	bZIP	TFF
SoffiXsponR570.07Eg106800.1.p	MYB-related	TFF
SoffiXsponR570.08Eg103800.1.p	AP2-EREBP	TFF
SoffiXsponR570.07Ag008400.4.p	MYB-related	TFF
SoffiXsponR570.06Ag098400.2.p	NAC	TFF
SoffiXsponR570.7_10Ag245500.1.p	NAC	TFF
SoffiXsponR570.10Dg165100.1.p	GRAS	TFF
SoffiXsponR570.03Ag027400.2.p	bZIP	TFF
SoffiXsponR570.03Eg187100.1.p	AP2-EREBP	TFF
SoffiXsponR570.02Fg095900.1.p	bHLH	TFF
SoffiXsponR570.01Dg239400.1.p	WRKY	TFF
SoffiXsponR570.01Fg128500.2.p	GNAT	OTR
SoffiXsponR570.06Cg171800.1.p	AUX/IAA	OTR
SoffiXsponR570.03Cg194700.1.p	SET	OTR
SoffiXsponR570.03Dg310700.1.p	NOT2_3_5	OTR
SoffiXsponR570.09Dg104000.1.p	zf-LSD1	TFF
SoffiXsponR570.06Cg090200.2.p	SWI/SNF-BAF60b	OTR
SoffiXsponR570.06Fg093200.3.p	bZIP	TFF
SoffiXsponR570.03Dg226700.4.p	Trihelix	TFF
SoffiXsponR570.01Fg319500.1.p	NAC	TFF
SoffiXsponR570.05Ag040100.4.p	bHLH	TFF
SoffiXsponR570.01Bg193000.4.p	C2C2-Dof	TFF
SoffiXsponR570.04Gg115700.6.p	ARF	TFF
SoffiXsponR570.01Eg143800.1.p	GRF	TFF
SoffiXsponR570.07Eg082300.1.p	MYB	TFF
SoffiXsponR570.01Bg243000.1.p	Tify	TFF
SoffiXsponR570.8_10Ag059700.3.p	GRF	TFF
SoffiXsponR570.04Gg093400.3.p	zf-fF-X1	TFF
SoffiXsponR570.01Bg183600.3.p	SWI/SNF-BAF60b	OTR
SoffiXsponR570.03Bg193800.3.p	C2C2-GATA	TFF
SoffiXsponR570.03Eg041300.4.p	ARF	TFF
SoffiXsponR570.08Bg132700.3.p	AP2-EREBP	TFF
SoffiXsponR570.01Ag126700.5.p	SET	OTR
SoffiXsponR570.10Dg183200.2.p	AP2-EREBP	TFF
SoffiXsponR570.05Cg296100.2.p	bHLH	TFF
SoffiXsponR570.10Cg189100.1.p	GRAS	TFF
SoffiXsponR570.10Cg052000.1.p	NAC	TFF
SoffiXsponR570.02Bg145500.2.p	zf-BED	TFF
SoffiXsponR570.04Dg151500.3.p	PLATZ	TFF
SoffiXsponR570.06Ag171300.2.p	AUX/IAA	OTR
SoffiXsponR570.02Fg029800.1.p	AP2-EREBP	TFF
SoffiXsponR570.01Bg091900.1.p	WRKY	TFF
SoffiXsponR570.01Ag070100.6.p	bHLH	TFF
SoffiXsponR570.07Eg205300.4.p	ARF	TFF
SoffiXsponR570.09Eg026600.1.p	NAC	TFF
SoffiXsponR570.02Cg225700.1.p	C3H	TFF
SoffiXsponR570.09Bg145600.1.p	C2C2-YABBY	TFF
SoffiXsponR570.08Ag088600.1.p	TRAF	OTR
SoffiXsponR570.02Dg035800.1.p	MYB	TFF
SoffiXsponR570.03Bg212300.2.p	MYB-related	TFF
SoffiXsponR570.06Dg147100.1.p	CCAAT	TFF
SoffiXsponR570.01Eg005400.1.p	MYB-related	TFF
SoffiXsponR570.5_9Ag398400.2.p	HB	TFF
SoffiXsponR570.08Dg013600.1.p	MYB-related	TFF
SoffiXsponR570.01Eg179000.1.p	FHA	TFF
SoffiXsponR570.02Fg306400.1.p	CCAAT	TFF
SoffiXsponR570.01Bg056500.1.p	GNAT	OTR
SoffiXsponR570.01Eg430700.1.p	bZIP	TFF
SoffiXsponR570.02Fg131000.1.p	MYB	TFF
SoffiXsponR570.08Bg022600.4.p	MYB-related	TFF
SoffiXsponR570.01Eg177900.1.p	Jumonji	OTR
SoffiXsponR570.5os2g004600.1.p	Top	TFF
SoffiXsponR570.01Fg156600.1.p	MYB	TFF
SoffiXsponR570.04Eg002000.1.p	LIM	TFF
SoffiXsponR570.6us88g023900.1.p	MYB-related	TFF
SoffiXsponR570.07Eg133500.2.p	GRAS	TFF
SoffiXsponR570.08Ag000600.1.p	HMG	OTR
SoffiXsponR570.02Fg121400.1.p	C2C2-Dof	TFF
SoffiXsponR570.05Ag163400.1.p	Jumonji	OTR
SoffiXsponR570.01Ag222000.2.p	ARF	TFF
SoffiXsponR570.8_5Ag022000.1.p	NAC	TFF
SoffiXsponR570.02Eg287700.1.p	WRKY	TFF
SoffiXsponR570.06Cg110900.1.p	C2H2	TFF
SoffiXsponR570.05Eg280200.4.p	FHA	TFF
SoffiXsponR570.08Ag005000.15.p	PHD	OTR
SoffiXsponR570.6us88g040400.3.p	AP2-EREBP	TFF
SoffiXsponR570.05Eg094400.1.p	SET	OTR
SoffiXsponR570.05Eg209400.1.p	NAC	TFF
SoffiXsponR570.07Eg064200.1.p	TAZ	TFF
SoffiXsponR570.05Eg245900.1.p	NAC	TFF
SoffiXsponR570.05Fg140000.1.p	SBP	TFF
SoffiXsponR570.01Bg407800.1.p	AP2-EREBP	TFF
SoffiXsponR570.03Fg006600.6.p	Jumonji	OTR
SoffiXsponR570.02Ag349900.1.p	bZIP	TFF
SoffiXsponR570.01Dg387800.1.p	SWI/SNF-BAF60b	OTR
SoffiXsponR570.8_5Ag138300.2.p	SGT1	OTR
SoffiXsponR570.05Cg218800.2.p	NAC	TFF
SoffiXsponR570.01Bg158100.1.p	ABI3VP1	TFF
SoffiXsponR570.03Ag274200.1.p	MYB	TFF
SoffiXsponR570.09Eg104300.2.p	MYB	TFF
SoffiXsponR570.9us90g020800.1.p	FHA	TFF
SoffiXsponR570.01Dg210300.1.p	Jumonji	OTR
SoffiXsponR570.05Eg089600.1.p	BBR/BPC	TFF
SoffiXsponR570.08Eg044800.1.p	PAS	TFF
SoffiXsponR570.10Ag224200.1.p	GRAS	TFF
SoffiXsponR570.03Ag076100.1.p	bZIP	TFF
SoffiXsponR570.05Ag101300.1.p	TRAF	OTR
SoffiXsponR570.01Eg116300.2.p	PAS	TFF
SoffiXsponR570.04Bg251000.1.p	MADS	TFF
SoffiXsponR570.02Cg353600.1.p	SET	OTR
SoffiXsponR570.02Ag115400.1.p	C2C2-Dof	TFF
SoffiXsponR570.9os1g018100.3.p	TUB	TFF
SoffiXsponR570.5_9Ag018000.2.p	C3H	TFF
SoffiXsponR570.09Bg086800.1.p	ARF	TFF
SoffiXsponR570.02Bg198800.2.p	C3H	TFF
SoffiXsponR570.05Ag141000.2.p	SET	OTR
SoffiXsponR570.8_5Ag086500.1.p	PHD	OTR
SoffiXsponR570.02Ag386200.2.p	bHLH	TFF
SoffiXsponR570.02Ag000400.2.p	Top	TFF
SoffiXsponR570.02Cg249200.1.p	MYB	TFF
SoffiXsponR570.10us89g016300.1.p	WRKY	TFF
SoffiXsponR570.08Ag189100.1.p	TRAF	OTR
SoffiXsponR570.02Eg003900.2.p	ABI3VP1	TFF
SoffiXsponR570.08Eg126300.1.p	ARF	TFF
SoffiXsponR570.02Gg049400.1.p	MADS	TFF
SoffiXsponR570.6_9Ag274700.1.p	BSD	TFF
SoffiXsponR570.05Dg387400.1.p	PHD	OTR
SoffiXsponR570.02Fg207400.6.p	bZIP	TFF
SoffiXsponR570.06Dg142700.1.p	MYB-related	TFF
SoffiXsponR570.04Dg164700.2.p	PAS	TFF
SoffiXsponR570.06Bg004700.1.p	MYB	TFF
SoffiXsponR570.05Cg166700.1.p	zf-HD	TFF
SoffiXsponR570.7_10Ag297400.2.p	PLATZ	TFF
SoffiXsponR570.05Fg243300.1.p	MADS	TFF
SoffiXsponR570.05Dg229400.1.p	MADS	TFF
SoffiXsponR570.05Cg329900.1.p	CCAAT	TFF
SoffiXsponR570.03Eg041300.1.p	ARF	TFF
SoffiXsponR570.06Bg045200.1.p	bHLH	TFF
SoffiXsponR570.05Ag209200.1.p	WRKY	TFF
SoffiXsponR570.04Dg021600.1.p	SET	OTR
SoffiXsponR570.05Eg353000.2.p	EIL	TFF
SoffiXsponR570.05Gg188300.1.p	AP2-EREBP	TFF
SoffiXsponR570.02Ag065800.1.p	MYB-related	TFF
SoffiXsponR570.05Cg212500.1.p	NAC	TFF
SoffiXsponR570.4us91g044000.2.p	MADS	TFF
SoffiXsponR570.02Ag318600.1.p	AP2-EREBP	TFF
SoffiXsponR570.7_10Ag049900.5.p	HB	TFF
SoffiXsponR570.10Ag018200.1.p	WRKY	TFF
SoffiXsponR570.5_9Ag144400.6.p	RWP-RK	TFF
SoffiXsponR570.02Cg114700.2.p	C2C2-Dof	TFF
SoffiXsponR570.06Cg174800.1.p	ARF	TFF
SoffiXsponR570.01Dg087900.4.p	Top	TFF
SoffiXsponR570.06Cg063800.1.p	AP2-EREBP	TFF
SoffiXsponR570.04Eg133500.5.p	SBP	TFF
SoffiXsponR570.08Dg147000.1.p	bZIP	TFF
SoffiXsponR570.08Dg101700.1.p	MYB	TFF
SoffiXsponR570.07Cg083800.2.p	DDT	OTR
SoffiXsponR570.07Ag113300.2.p	bHLH	TFF
SoffiXsponR570.03Cg322100.1.p	AUX/IAA	OTR
SoffiXsponR570.06Bg004700.2.p	MYB	TFF
SoffiXsponR570.09Eg072400.1.p	bZIP	TFF
SoffiXsponR570.07Dg031300.1.p	bHLH	TFF
SoffiXsponR570.04Bg175500.1.p	TRAF	OTR
SoffiXsponR570.03Bg003600.1.p	MADS	TFF
SoffiXsponR570.01Bg316000.1.p	bHLH	TFF
SoffiXsponR570.01Cg142200.2.p	MED26	OTR
SoffiXsponR570.06Fg148600.1.p	WRKY	TFF
SoffiXsponR570.02Cg127200.1.p	MYB	TFF
SoffiXsponR570.10Bg180400.1.p	MADS	TFF
SoffiXsponR570.02Bg280700.5.p	SET	OTR
SoffiXsponR570.10Ag223200.3.p	GRAS	TFF
SoffiXsponR570.02Bg088300.1.p	AP2-EREBP	TFF
SoffiXsponR570.08Dg052400.1.p	AP2-EREBP	TFF
SoffiXsponR570.01Bg193900.1.p	Top	TFF
SoffiXsponR570.10Bg059700.2.p	MED26	OTR
SoffiXsponR570.07Cg087200.1.p	AP2-EREBP	TFF
SoffiXsponR570.06Ag168600.1.p	PHD	OTR
SoffiXsponR570.04Fg013300.1.p	C2C2-CO-like	TFF
SoffiXsponR570.03Eg185200.2.p	AP2-EREBP	TFF
SoffiXsponR570.01Dg041900.6.p	NOT2_3_5	OTR
SoffiXsponR570.02Eg245100.1.p	HSF	TFF
SoffiXsponR570.01Bg412400.1.p	NAC	TFF
SoffiXsponR570.02Eg312900.1.p	CCAAT	TFF
SoffiXsponR570.03Ag209600.2.p	ARF	TFF
SoffiXsponR570.02Ag012400.1.p	OFP	TFF
SoffiXsponR570.07Cg248400.1.p	MED7	OTR
SoffiXsponR570.06Ag111100.1.p	SBP	TFF
SoffiXsponR570.04Ag127700.1.p	PHD	OTR
SoffiXsponR570.8_10Ag029900.1.p	bHLH	TFF
SoffiXsponR570.08Dg105300.2.p	MYB-related	TFF
SoffiXsponR570.02Fg338900.1.p	ABI3VP1	TFF
SoffiXsponR570.02Cg361000.1.p	C2H2	TFF
SoffiXsponR570.08Eg114200.1.p	MADS	TFF
SoffiXsponR570.03Ag142700.1.p	SET	OTR
SoffiXsponR570.04Dg149800.1.p	ARID	OTR
SoffiXsponR570.4us91g009500.2.p	MED6	OTR
SoffiXsponR570.02Bg300200.1.p	CCAAT	TFF
SoffiXsponR570.10Ag157900.2.p	WRKY	TFF
SoffiXsponR570.05Cg252600.3.p	SET	OTR
SoffiXsponR570.03Eg065600.1.p	C2C2-CO-like	TFF
SoffiXsponR570.04Eg131200.2.p	ARF	TFF
SoffiXsponR570.08Eg026400.1.p	MADS	TFF
SoffiXsponR570.03Ag297100.1.p	MADS	TFF
SoffiXsponR570.01Ag168300.1.p	CPP	TFF
SoffiXsponR570.01Bg066200.1.p	GeBP	TFF
SoffiXsponR570.07Ag026000.1.p	TCP	TFF
SoffiXsponR570.08Bg081500.2.p	ABI3VP1	TFF
SoffiXsponR570.02Ag279500.2.p	HB	TFF
SoffiXsponR570.07Cg161500.1.p	AP2-EREBP	TFF
SoffiXsponR570.04Bg150900.1.p	MADS	TFF
SoffiXsponR570.03Dg137100.1.p	ARID	OTR
SoffiXsponR570.4us91g033900.1.p	DBP	TFF
SoffiXsponR570.01Fg269300.3.p	GRAS	TFF
SoffiXsponR570.10Cg041100.4.p	HB	TFF
SoffiXsponR570.02Bg101000.2.p	zf-BED	TFF
SoffiXsponR570.08Eg019000.2.p	WRKY	TFF
SoffiXsponR570.6_9Ag123200.1.p	bZIP	TFF
SoffiXsponR570.03Bg176800.1.p	SET	OTR
SoffiXsponR570.04Bg078600.1.p	MYB	TFF
SoffiXsponR570.01Fg197900.1.p	MYB	TFF
SoffiXsponR570.03Dg020000.1.p	bHLH	TFF
SoffiXsponR570.03Fg047900.1.p	PAS	TFF
SoffiXsponR570.02Eg164300.3.p	Top	TFF
SoffiXsponR570.01Dg087900.8.p	Top	TFF
SoffiXsponR570.05Fg264500.5.p	CCAAT	TFF
SoffiXsponR570.03Bg197600.1.p	AP2-EREBP	TFF
SoffiXsponR570.08Cg184900.1.p	mTERF	OTR
SoffiXsponR570.01Dg306500.1.p	HSF	TFF
SoffiXsponR570.02Cg272200.1.p	HSF	TFF
SoffiXsponR570.08Eg004500.1.p	C2H2	TFF
SoffiXsponR570.05Bg311100.3.p	GRAS	TFF
SoffiXsponR570.09Ag051000.1.p	TUB	TFF
SoffiXsponR570.10Fg029100.3.p	RB	OTR
SoffiXsponR570.06Cg042200.1.p	OFP	TFF
SoffiXsponR570.02Ag097400.1.p	bHLH	TFF
SoffiXsponR570.07Bg158900.1.p	Trihelix	TFF
SoffiXsponR570.07Dg212000.1.p	BSD	TFF
SoffiXsponR570.05Dg347000.1.p	MYB	TFF
SoffiXsponR570.1Z256900.1.p	AUX/IAA	OTR
SoffiXsponR570.05Bg246400.3.p	C2H2	TFF
SoffiXsponR570.04Ag252900.6.p	ARF	TFF
SoffiXsponR570.08Cg177700.3.p	TRAF	OTR
SoffiXsponR570.04Bg092200.1.p	MADS	TFF
SoffiXsponR570.01Ag141700.1.p	HB	TFF
SoffiXsponR570.05Dg346100.3.p	MYB	TFF
SoffiXsponR570.8_5Ag091300.1.p	MADS	TFF
SoffiXsponR570.05Eg179700.1.p	mTERF	OTR
SoffiXsponR570.03Cg252600.1.p	MYB	TFF
SoffiXsponR570.05Dg083200.2.p	Alfin-like	TFF
SoffiXsponR570.04Eg042100.1.p	bHLH	TFF
SoffiXsponR570.10Eg028800.1.p	MYB	TFF
SoffiXsponR570.01Eg040500.1.p	AP2-EREBP	TFF
SoffiXsponR570.8_10Ag232400.2.p	PAS	TFF
SoffiXsponR570.02Gg285900.1.p	SBP	TFF
SoffiXsponR570.01Dg244800.1.p	MYB-related	TFF
SoffiXsponR570.04Fg006700.2.p	E2F-DP	TFF
SoffiXsponR570.8_5Ag136700.6.p	SET	OTR
SoffiXsponR570.02Bg005500.3.p	ABI3VP1	TFF
SoffiXsponR570.07Eg199900.1.p	C3H	TFF
SoffiXsponR570.03Cg094700.1.p	bHLH	TFF
SoffiXsponR570.02Gg073500.4.p	zf-BED	TFF
SoffiXsponR570.05Ag223000.2.p	SBP	TFF
SoffiXsponR570.02Fg242100.1.p	MYB	TFF
SoffiXsponR570.10os1g060500.1.p	PAS	TFF
SoffiXsponR570.02Bg028500.2.p	MADS	TFF
SoffiXsponR570.01Bg203100.1.p	ARF	TFF
SoffiXsponR570.09Ag052800.3.p	SAP	TFF
SoffiXsponR570.01Bg051000.1.p	FHA	TFF
SoffiXsponR570.02Bg047700.1.p	AUX/IAA	OTR
SoffiXsponR570.09Bg134400.2.p	bHLH	TFF
SoffiXsponR570.07Dg055600.4.p	S1Fa-like	TFF
SoffiXsponR570.10Bg073200.1.p	WRKY	TFF
SoffiXsponR570.01Fg218900.1.p	GRAS	TFF
SoffiXsponR570.01Eg166800.4.p	LIM	TFF
SoffiXsponR570.01Cg338800.1.p	bHLH	TFF
SoffiXsponR570.02Eg331500.2.p	PHD	OTR
SoffiXsponR570.02Dg167400.3.p	Jumonji	OTR
SoffiXsponR570.07Ag258200.1.p	CCAAT	TFF
SoffiXsponR570.01Cg006300.1.p	MYB-related	TFF
SoffiXsponR570.8_5Ag036500.2.p	zf-LSD1	TFF
SoffiXsponR570.03Cg215600.1.p	AP2-EREBP	TFF
SoffiXsponR570.09Dg114000.2.p	CCAAT	TFF
SoffiXsponR570.09Dg095900.2.p	WRKY	TFF
SoffiXsponR570.05Eg304100.1.p	C2C2-YABBY	TFF
SoffiXsponR570.01Bg286100.5.p	GRAS	TFF
SoffiXsponR570.02Ag120200.1.p	BSD	TFF
SoffiXsponR570.10Fg117300.1.p	AP2-EREBP	TFF
SoffiXsponR570.05Fg206000.1.p	C2C2-Dof	TFF
SoffiXsponR570.03Eg299400.3.p	C2H2	TFF
SoffiXsponR570.09Cg048000.1.p	TUB	TFF
SoffiXsponR570.8_5Ag168700.1.p	AP2-EREBP	TFF
SoffiXsponR570.07Ag181200.1.p	PLATZ	TFF
SoffiXsponR570.02Dg387800.1.p	TRAF	OTR
SoffiXsponR570.8_5Ag113900.1.p	mTERF	OTR
SoffiXsponR570.05Fg219600.1.p	bHLH	TFF
SoffiXsponR570.09Ag055200.1.p	TCP	TFF
SoffiXsponR570.06Ag206200.1.p	bZIP	TFF
SoffiXsponR570.06Ag011800.1.p	C2H2	TFF
SoffiXsponR570.03Dg228400.1.p	SET	OTR
SoffiXsponR570.08Ag162600.1.p	FAR1	TFF
SoffiXsponR570.10Dg196200.1.p	GRAS	TFF
SoffiXsponR570.01Dg337700.1.p	AP2-EREBP	TFF
SoffiXsponR570.05Dg355500.1.p	MED26	OTR
SoffiXsponR570.07Cg195700.1.p	MYB-related	TFF
SoffiXsponR570.8_5Ag194700.1.p	SBP	TFF
SoffiXsponR570.01Dg005300.2.p	C2C2-Dof	TFF
SoffiXsponR570.07Bg085700.1.p	bHLH	TFF
SoffiXsponR570.02Dg186300.1.p	ABI3VP1	TFF
SoffiXsponR570.01Eg214100.1.p	AP2-EREBP	TFF
SoffiXsponR570.10us89g051600.3.p	HB	TFF
SoffiXsponR570.5_9Ag310400.2.p	SET	OTR
SoffiXsponR570.10Dg108700.6.p	RB	OTR
SoffiXsponR570.06Cg017000.1.p	Top	TFF
SoffiXsponR570.03Cg335800.1.p	bZIP	TFF
SoffiXsponR570.09Bg092100.2.p	MADS	TFF
SoffiXsponR570.05Dg296500.1.p	bHLH	TFF
SoffiXsponR570.01Eg184100.7.p	GRAS	TFF
SoffiXsponR570.06Dg065800.2.p	SET	OTR
SoffiXsponR570.01Bg323900.1.p	Tify	TFF
SoffiXsponR570.05Ag339900.1.p	SAP	TFF
SoffiXsponR570.8_10Ag094000.1.p	E2F-DP	TFF
SoffiXsponR570.02Bg192800.5.p	bZIP	TFF
SoffiXsponR570.6_9Ag313800.1.p	MYB-related	TFF
SoffiXsponR570.01Eg434200.1.p	HB	TFF
SoffiXsponR570.07Cg077400.1.p	SET	OTR
SoffiXsponR570.04Cg277300.1.p	TRAF	OTR
SoffiXsponR570.02Eg225500.1.p	WRKY	TFF
SoffiXsponR570.05Dg281100.1.p	GRAS	TFF
SoffiXsponR570.01Eg074900.1.p	NAC	TFF
SoffiXsponR570.7_10Ag103900.1.p	GeBP	TFF
SoffiXsponR570.02Fg288900.3.p	bZIP	TFF
SoffiXsponR570.03Eg185900.1.p	PHD	OTR
SoffiXsponR570.9us90g006600.2.p	MADS	TFF
SoffiXsponR570.01Eg070000.1.p	zf-BED	TFF
SoffiXsponR570.9os1g032300.1.p	bHLH	TFF
SoffiXsponR570.7_10Ag322900.1.p	TRAF	OTR
SoffiXsponR570.03Dg272000.1.p	BSD	TFF
SoffiXsponR570.08Ag189500.1.p	TRAF	OTR
SoffiXsponR570.01Cg094900.1.p	TRAF	OTR
SoffiXsponR570.09Ag145600.1.p	NAC	TFF
SoffiXsponR570.03Eg210200.1.p	NOT2_3_5	OTR
SoffiXsponR570.01Cg165600.1.p	MADS	TFF
SoffiXsponR570.03Dg231500.1.p	AP2-EREBP	TFF
SoffiXsponR570.02Dg150500.1.p	SAP	TFF
SoffiXsponR570.02Ag178500.2.p	bHLH	TFF
SoffiXsponR570.07Bg086000.3.p	ARF	TFF
SoffiXsponR570.01Eg396300.1.p	bHLH	TFF
SoffiXsponR570.09Ag052800.13.p	SAP	TFF
SoffiXsponR570.03Gg091600.1.p	mTERF	OTR
SoffiXsponR570.06Dg101100.1.p	bZIP	TFF
SoffiXsponR570.05Ag172700.1.p	WRKY	TFF
SoffiXsponR570.02Ag133000.5.p	SBP	TFF
SoffiXsponR570.7os1g044400.2.p	ABI3VP1	TFF
SoffiXsponR570.10Dg164300.2.p	FHA	TFF
SoffiXsponR570.5_9Ag053900.2.p	CAMTA	TFF
SoffiXsponR570.02Cg329100.2.p	GRAS	TFF
SoffiXsponR570.01Cg146200.1.p	MYB-related	TFF
SoffiXsponR570.01Fg245100.1.p	bHLH	TFF
SoffiXsponR570.05Cg193900.1.p	zf-HD	TFF
SoffiXsponR570.01Ag306900.2.p	GRAS	TFF
SoffiXsponR570.06Gg061700.2.p	bHLH	TFF
SoffiXsponR570.05Dg051600.2.p	PHD	OTR
SoffiXsponR570.01Dg323500.1.p	OFP	TFF
SoffiXsponR570.07Ag266100.3.p	NAC	TFF
SoffiXsponR570.02Gg303800.3.p	TRAF	OTR
SoffiXsponR570.01Eg352000.1.p	bZIP	TFF
SoffiXsponR570.01Eg394400.2.p	CCAAT	TFF
SoffiXsponR570.01Bg019900.2.p	mTERF	OTR
SoffiXsponR570.03Eg169400.2.p	SET	OTR
SoffiXsponR570.01Bg386700.1.p	GRAS	TFF
SoffiXsponR570.6_9Ag125000.1.p	MYB	TFF
SoffiXsponR570.9os1g039300.1.p	Alfin-like	TFF
SoffiXsponR570.06Ag171300.6.p	AUX/IAA	OTR
SoffiXsponR570.01Bg157600.1.p	ABI3VP1	TFF
SoffiXsponR570.06Ag098400.5.p	NAC	TFF
SoffiXsponR570.1Z176700.1.p	AP2-EREBP	TFF
SoffiXsponR570.09Eg114700.1.p	C2H2	TFF
SoffiXsponR570.06Fg034600.1.p	Top	TFF
SoffiXsponR570.1Z241200.1.p	MYB	TFF
SoffiXsponR570.03Cg229000.1.p	GRAS	TFF
SoffiXsponR570.8_10Ag174900.1.p	ABI3VP1	TFF
SoffiXsponR570.01Cg314400.2.p	GNAT	OTR
SoffiXsponR570.04Cg057800.1.p	AP2-EREBP	TFF
SoffiXsponR570.01Dg000100.1.p	C3H	TFF
SoffiXsponR570.01Eg154700.4.p	NOT2_3_5	OTR
SoffiXsponR570.01Bg157800.3.p	ABI3VP1	TFF
SoffiXsponR570.01Dg058400.1.p	ABI3VP1	TFF
SoffiXsponR570.09Eg020600.1.p	FAR1	TFF
SoffiXsponR570.08Bg012100.1.p	zf-BED	TFF
SoffiXsponR570.05Dg083400.4.p	AP2-EREBP	TFF
SoffiXsponR570.07Ag140300.1.p	MYB	TFF
SoffiXsponR570.03Gg135900.4.p	C2C2-GATA	TFF
SoffiXsponR570.01Dg232900.3.p	Jumonji	OTR
SoffiXsponR570.04Cg220400.2.p	ARF	TFF
SoffiXsponR570.04Cg279500.1.p	NAC	TFF
SoffiXsponR570.03Eg279000.1.p	AP2-EREBP	TFF
SoffiXsponR570.02Eg213700.1.p	AP2-EREBP	TFF
SoffiXsponR570.7_10Ag361100.3.p	ARF	TFF
SoffiXsponR570.01Bg482000.1.p	MADS	TFF
SoffiXsponR570.08Dg088500.1.p	SET	OTR
SoffiXsponR570.04Ag115400.3.p	zf-fF-X1	TFF
SoffiXsponR570.7_10Ag264800.2.p	SET	OTR
SoffiXsponR570.02Eg100400.2.p	SBP	TFF
SoffiXsponR570.02Dg017800.1.p	SET	OTR
SoffiXsponR570.10us89g047200.1.p	bZIP	TFF
SoffiXsponR570.6_9Ag032500.2.p	GRAS	TFF
SoffiXsponR570.02Eg247200.1.p	VOZ	TFF
SoffiXsponR570.9os1g002500.5.p	SET	OTR
SoffiXsponR570.01Fg128500.1.p	GNAT	OTR
SoffiXsponR570.09Cg050400.1.p	MYB	TFF
SoffiXsponR570.08Eg128400.2.p	mTERF	OTR
SoffiXsponR570.9us90g035500.2.p	GRAS	TFF
SoffiXsponR570.10us89g094300.1.p	AUX/IAA	OTR
SoffiXsponR570.02Eg234200.1.p	WRKY	TFF
SoffiXsponR570.02Cg045000.1.p	CCAAT	TFF
SoffiXsponR570.05Fg117900.2.p	mTERF	OTR
SoffiXsponR570.01Bg320200.3.p	CCAAT	TFF
SoffiXsponR570.01Eg255300.3.p	CCAAT	TFF
SoffiXsponR570.04Ag219000.1.p	TRAF	OTR
SoffiXsponR570.1Z150700.1.p	Tify	TFF
SoffiXsponR570.03Cg157900.2.p	ARF	TFF
SoffiXsponR570.10Bg205500.1.p	GRAS	TFF
SoffiXsponR570.06Ag165200.1.p	ARF	TFF
SoffiXsponR570.10Ag211800.1.p	AP2-EREBP	TFF
SoffiXsponR570.07Ag147600.1.p	SET	OTR
SoffiXsponR570.02Cg139700.2.p	Top	TFF
SoffiXsponR570.02Gg127500.5.p	C3H	TFF
SoffiXsponR570.6_9Ag320400.1.p	C3H	TFF
SoffiXsponR570.04Cg207000.1.p	PHD	OTR
SoffiXsponR570.01Eg280500.1.p	mTERF	OTR
SoffiXsponR570.8_10Ag102200.1.p	FHA	TFF
SoffiXsponR570.07Ag193100.7.p	PHD	OTR
SoffiXsponR570.05Ag379300.3.p	C3H	TFF
SoffiXsponR570.03Bg131300.1.p	zf-A20	TFF
SoffiXsponR570.10Dg164300.1.p	FHA	TFF
SoffiXsponR570.10Fg123900.1.p	GRAS	TFF
SoffiXsponR570.1Z018100.3.p	SET	OTR
SoffiXsponR570.02Dg038700.1.p	WRKY	TFF
SoffiXsponR570.02Ag361400.3.p	PHD	OTR
SoffiXsponR570.04Eg077000.2.p	AP2-EREBP	TFF
SoffiXsponR570.01Bg457900.1.p	GNAT	OTR
SoffiXsponR570.08Bg031600.1.p	Top	TFF
SoffiXsponR570.03Dg121100.1.p	CPP	TFF
SoffiXsponR570.7_10Ag365800.3.p	ABI3VP1	TFF
SoffiXsponR570.03Fg042700.2.p	ARF	TFF
SoffiXsponR570.09Eg048100.1.p	SAP	TFF
SoffiXsponR570.06Cg080600.3.p	TRAF	OTR
SoffiXsponR570.1Z054100.4.p	SET	OTR
SoffiXsponR570.08Bg005700.3.p	PHD	OTR
SoffiXsponR570.03Cg255900.1.p	mTERF	OTR
SoffiXsponR570.05Ag063800.1.p	FAR1	TFF
SoffiXsponR570.06Fg134000.1.p	Sigma70-like	TFF
SoffiXsponR570.10Ag072600.2.p	MYB-related	TFF
SoffiXsponR570.05Fg162900.1.p	AP2-EREBP	TFF
SoffiXsponR570.5_9Ag386800.1.p	Tify	TFF
SoffiXsponR570.06Ag134400.1.p	C2H2	TFF
SoffiXsponR570.02Fg077400.1.p	MYB-related	TFF
SoffiXsponR570.9os1g061800.1.p	GRAS	TFF
SoffiXsponR570.06Eg013100.1.p	GRAS	TFF
SoffiXsponR570.04Gg018300.1.p	AP2-EREBP	TFF
SoffiXsponR570.01Dg153000.3.p	MED26	OTR
SoffiXsponR570.5_9Ag235900.1.p	zf-BED	TFF
SoffiXsponR570.01Ag423600.4.p	GRAS	TFF
SoffiXsponR570.9os1g019800.2.p	SAP	TFF
SoffiXsponR570.01Cg045100.1.p	MYB	TFF
SoffiXsponR570.03Dg080700.1.p	bZIP	TFF
SoffiXsponR570.10Ag167400.1.p	MADS	TFF
SoffiXsponR570.02Fg340500.1.p	TAZ	TFF
SoffiXsponR570.06Fg042900.1.p	ABI3VP1	TFF
SoffiXsponR570.08Bg176600.1.p	TRAF	OTR
SoffiXsponR570.01Ag328200.1.p	GNAT	OTR
SoffiXsponR570.5_9Ag204900.1.p	HSF	TFF
SoffiXsponR570.04Ag026900.1.p	AP2-EREBP	TFF
SoffiXsponR570.6_9Ag216500.3.p	mTERF	OTR
SoffiXsponR570.08Bg094000.1.p	GNAT	OTR
SoffiXsponR570.7_10Ag267300.1.p	AP2-EREBP	TFF
SoffiXsponR570.05Cg252000.4.p	C2H2	TFF
SoffiXsponR570.03Ag304300.1.p	GNAT	OTR
SoffiXsponR570.10Bg205700.3.p	GRAS	TFF
SoffiXsponR570.04Cg211800.2.p	TRAF	OTR
SoffiXsponR570.01Eg156200.1.p	C2C2-YABBY	TFF
SoffiXsponR570.09Dg039500.2.p	MADS	TFF
SoffiXsponR570.10Ag123500.1.p	GRAS	TFF
SoffiXsponR570.06Gg074200.1.p	WRKY	TFF
SoffiXsponR570.02Dg352400.3.p	GRAS	TFF
SoffiXsponR570.08Ag166500.1.p	bZIP	TFF
SoffiXsponR570.01Fg102100.1.p	C2C2-GATA	TFF
SoffiXsponR570.04Cg191800.1.p	MYB	TFF
SoffiXsponR570.01Fg214500.1.p	C2H2	TFF
SoffiXsponR570.01Eg231600.2.p	HB	TFF
SoffiXsponR570.04Fg142600.2.p	SRS	TFF
SoffiXsponR570.09Eg065300.2.p	MADS	TFF
SoffiXsponR570.02Cg248100.2.p	MYB-related	TFF
SoffiXsponR570.8_5Ag193800.3.p	mTERF	OTR
SoffiXsponR570.8_5Ag008200.5.p	PHD	OTR
SoffiXsponR570.08Bg057800.5.p	FAR1	TFF
SoffiXsponR570.10Dg087700.1.p	bHLH	TFF
SoffiXsponR570.01Eg160300.1.p	MYB-related	TFF
SoffiXsponR570.03Dg293900.1.p	SWI/SNF-SWI3	OTR
SoffiXsponR570.02Eg331500.3.p	PHD	OTR
SoffiXsponR570.01Eg280300.5.p	MYB-related	TFF
SoffiXsponR570.08Cg001900.2.p	TUB	TFF
SoffiXsponR570.01Dg190300.3.p	GRAS	TFF
SoffiXsponR570.01Fg092100.3.p	MED26	OTR
SoffiXsponR570.02Ag023200.1.p	TCP	TFF
SoffiXsponR570.02Bg110300.1.p	BSD	TFF
SoffiXsponR570.08Dg036400.3.p	SET	OTR
SoffiXsponR570.04Ag005800.1.p	ABI3VP1	TFF
SoffiXsponR570.06Gg038000.2.p	mTERF	OTR
SoffiXsponR570.08Ag188200.2.p	TRAF	OTR
SoffiXsponR570.7_10Ag231000.1.p	bZIP	TFF
SoffiXsponR570.04Eg012100.1.p	C2C2-CO-like	TFF
SoffiXsponR570.02Fg214500.4.p	ARF	TFF
SoffiXsponR570.06Gg047900.3.p	NAC	TFF
SoffiXsponR570.01Bg264900.1.p	bHLH	TFF
SoffiXsponR570.08Ag168600.1.p	SRS	TFF
SoffiXsponR570.10Fg114300.1.p	GRAS	TFF
SoffiXsponR570.02Gg070200.1.p	Jumonji	OTR
SoffiXsponR570.01Fg081500.1.p	bHLH	TFF
SoffiXsponR570.01Bg156300.2.p	ABI3VP1	TFF
SoffiXsponR570.01Cg377700.5.p	HB	TFF
SoffiXsponR570.7_10Ag267000.1.p	AP2-EREBP	TFF
SoffiXsponR570.07Dg139900.1.p	MYB	TFF
SoffiXsponR570.02Dg128800.1.p	bHLH	TFF
SoffiXsponR570.04Ag127100.2.p	FHA	TFF
SoffiXsponR570.01Eg303800.1.p	bZIP	TFF
SoffiXsponR570.02Dg179000.1.p	MYB-related	TFF
SoffiXsponR570.01Bg344000.1.p	FAR1	TFF
SoffiXsponR570.01Cg053200.2.p	FHA	TFF
SoffiXsponR570.1Z221200.11.p	DDT	OTR
SoffiXsponR570.7_10Ag342700.2.p	AP2-EREBP	TFF
SoffiXsponR570.01Eg100000.2.p	WRKY	TFF
SoffiXsponR570.02Fg258900.1.p	TCP	TFF
SoffiXsponR570.10Cg044700.3.p	MED26	OTR
SoffiXsponR570.05Eg026800.1.p	HB	TFF
SoffiXsponR570.02Gg137700.1.p	Top	TFF
SoffiXsponR570.8_5Ag139800.4.p	ARID	OTR
SoffiXsponR570.07Dg124500.1.p	MYB-related	TFF
SoffiXsponR570.02Fg335100.1.p	mTERF	OTR
SoffiXsponR570.03Cg289000.2.p	bHLH	TFF
SoffiXsponR570.01Eg002100.1.p	Sigma70-like	TFF
SoffiXsponR570.03Cg245800.1.p	AP2-EREBP	TFF
SoffiXsponR570.08Dg059300.1.p	MADS	TFF
SoffiXsponR570.05Cg187700.1.p	NAC	TFF
SoffiXsponR570.06Ag034200.1.p	bHLH	TFF
SoffiXsponR570.07Bg082700.1.p	NAC	TFF
SoffiXsponR570.07Bg106500.2.p	PHD	OTR
SoffiXsponR570.5_9Ag204000.1.p	HSF	TFF
SoffiXsponR570.05Fg028900.1.p	MADS	TFF
SoffiXsponR570.01Bg039100.1.p	AP2-EREBP	TFF
SoffiXsponR570.07Eg117500.1.p	bHLH	TFF
SoffiXsponR570.1Z216600.1.p	AP2-EREBP	TFF
SoffiXsponR570.04Cg259700.1.p	bZIP	TFF
SoffiXsponR570.06Eg059100.1.p	GRAS	TFF
SoffiXsponR570.01Ag453700.1.p	HSF	TFF
SoffiXsponR570.09Ag136800.1.p	ABI3VP1	TFF
SoffiXsponR570.01Bg067200.1.p	GNAT	OTR
SoffiXsponR570.05Fg053800.3.p	ABI3VP1	TFF
SoffiXsponR570.02Ag409700.1.p	NAC	TFF
SoffiXsponR570.08Dg029100.1.p	MYB-related	TFF
SoffiXsponR570.01Dg372000.1.p	MYB-related	TFF
SoffiXsponR570.01Cg182900.1.p	WRKY	TFF
SoffiXsponR570.06Fg077300.2.p	bHLH	TFF
SoffiXsponR570.05Ag323300.1.p	bHLH	TFF
SoffiXsponR570.03Ag216600.1.p	AP2-EREBP	TFF
SoffiXsponR570.06Ag098400.6.p	NAC	TFF
SoffiXsponR570.05Ag344000.5.p	TIG	TFF
SoffiXsponR570.03Gg110100.1.p	CCAAT	TFF
SoffiXsponR570.8_10Ag292200.1.p	NAC	TFF
SoffiXsponR570.3os5g000200.2.p	bZIP	TFF
SoffiXsponR570.05Gg052500.1.p	PHD	OTR
SoffiXsponR570.01Ag546200.1.p	MYB-related	TFF
SoffiXsponR570.02Ag279500.3.p	HB	TFF
SoffiXsponR570.9os1g058800.2.p	C2C2-Dof	TFF
SoffiXsponR570.08Eg003000.1.p	SET	OTR
SoffiXsponR570.02Bg074000.1.p	MYB	TFF
SoffiXsponR570.05Bg040500.2.p	CCAAT	TFF
SoffiXsponR570.09Eg124400.1.p	TAZ	TFF
SoffiXsponR570.04Cg145500.1.p	MADS	TFF
SoffiXsponR570.06Cg036500.2.p	bHLH	TFF
SoffiXsponR570.03Bg063600.1.p	GNAT	OTR
SoffiXsponR570.07Bg076800.1.p	SET	OTR
SoffiXsponR570.02Ag233700.3.p	ARF	TFF
SoffiXsponR570.01Ag064000.1.p	C2C2-GATA	TFF
SoffiXsponR570.09Cg022400.1.p	MYB	TFF
SoffiXsponR570.04Eg063600.1.p	AUX/IAA	OTR
SoffiXsponR570.06Ag046300.3.p	ABI3VP1	TFF
SoffiXsponR570.08Dg103700.1.p	MADS	TFF
SoffiXsponR570.05Ag172600.1.p	WRKY	TFF
SoffiXsponR570.05Ag181000.1.p	ARID	OTR
SoffiXsponR570.01Cg167500.2.p	NAC	TFF
SoffiXsponR570.09Dg020600.1.p	SET	OTR
SoffiXsponR570.3os1g012200.3.p	GeBP	TFF
SoffiXsponR570.7_10Ag328800.1.p	CSD	TFF
SoffiXsponR570.05Ag375000.1.p	AP2-EREBP	TFF
SoffiXsponR570.07Dg159300.2.p	bHLH	TFF
SoffiXsponR570.04Gg080800.3.p	MADS	TFF
SoffiXsponR570.06Cg112500.1.p	CCAAT	TFF
SoffiXsponR570.05Ag050300.1.p	C2C2-YABBY	TFF
SoffiXsponR570.05Dg187200.3.p	ARID	OTR
SoffiXsponR570.8_10Ag154400.2.p	zf-LSD1	TFF
SoffiXsponR570.01Eg295200.1.p	OFP	TFF
SoffiXsponR570.5_9Ag414500.2.p	SET	OTR
SoffiXsponR570.6_9Ag074900.1.p	NAC	TFF
SoffiXsponR570.08Ag156200.1.p	C2H2	TFF
SoffiXsponR570.01Dg021600.1.p	HSF	TFF
SoffiXsponR570.06Gg085200.1.p	bZIP	TFF
SoffiXsponR570.03Eg243300.1.p	SET	OTR
SoffiXsponR570.08Bg065400.3.p	CCAAT	TFF
SoffiXsponR570.04Dg144500.1.p	AUX/IAA	OTR
SoffiXsponR570.5_9Ag407600.1.p	C2C2-YABBY	TFF
SoffiXsponR570.01Eg141200.1.p	HB	TFF
SoffiXsponR570.5_9Ag046600.2.p	SART-1	OTR
SoffiXsponR570.03Bg238700.3.p	SET	OTR
SoffiXsponR570.08Ag058800.3.p	MYB-related	TFF
SoffiXsponR570.03Eg209400.1.p	mTERF	OTR
SoffiXsponR570.08Ag058900.2.p	Sigma70-like	TFF
SoffiXsponR570.01Fg261000.1.p	GNAT	OTR
SoffiXsponR570.05Bg377100.1.p	C3H	TFF
SoffiXsponR570.08Bg022600.5.p	MYB-related	TFF
SoffiXsponR570.09Eg104300.1.p	MYB	TFF
SoffiXsponR570.02Fg229600.1.p	MYB	TFF
SoffiXsponR570.5_9Ag384500.2.p	CCAAT	TFF
SoffiXsponR570.01Cg377700.4.p	HB	TFF
SoffiXsponR570.03Bg034700.3.p	PHD	OTR
SoffiXsponR570.5_9Ag126000.1.p	FAR1	TFF
SoffiXsponR570.03Dg234800.4.p	GRAS	TFF
SoffiXsponR570.01Cg304000.1.p	NAC	TFF
SoffiXsponR570.08Dg057600.1.p	WRKY	TFF
SoffiXsponR570.04Gg018400.2.p	SET	OTR
SoffiXsponR570.09Cg051100.5.p	C2C2-GATA	TFF
SoffiXsponR570.5_9Ag329700.1.p	TRAF	OTR
SoffiXsponR570.02Cg120900.1.p	MYB	TFF
SoffiXsponR570.05Bg028700.1.p	mTERF	OTR
SoffiXsponR570.01Ag019900.1.p	mTERF	OTR
SoffiXsponR570.04Bg127000.1.p	TRAF	OTR
SoffiXsponR570.05Gg072100.1.p	AP2-EREBP	TFF
SoffiXsponR570.01Eg390600.4.p	FAR1	TFF
SoffiXsponR570.6_9Ag221500.1.p	MED26	OTR
SoffiXsponR570.03Gg093600.2.p	TCP	TFF
SoffiXsponR570.7_10Ag272400.1.p	GRAS	TFF
SoffiXsponR570.04Bg243700.1.p	C3H	TFF
SoffiXsponR570.7os1g072800.6.p	FAR1	TFF
SoffiXsponR570.03Gg070500.1.p	AP2-EREBP	TFF
SoffiXsponR570.01Cg107700.1.p	SAP	TFF
SoffiXsponR570.02Fg126800.1.p	AUX/IAA	OTR
SoffiXsponR570.6_9Ag165400.4.p	bHLH	TFF
SoffiXsponR570.07Ag070500.8.p	SET	OTR
SoffiXsponR570.07Dg159100.1.p	bHLH	TFF
SoffiXsponR570.02Cg342400.1.p	NAC	TFF
SoffiXsponR570.05Eg196900.1.p	C2H2	TFF
SoffiXsponR570.10Dg034200.1.p	OFP	TFF
SoffiXsponR570.05Dg241600.1.p	AP2-EREBP	TFF
SoffiXsponR570.01Ag372100.1.p	Top	TFF
SoffiXsponR570.08Dg036400.4.p	SET	OTR
SoffiXsponR570.09Dg118300.3.p	C2C2-GATA	TFF
SoffiXsponR570.09Dg090500.1.p	ABI3VP1	TFF
SoffiXsponR570.02Ag038500.1.p	C3H	TFF
SoffiXsponR570.10Ag058400.1.p	AP2-EREBP	TFF
SoffiXsponR570.02Dg047600.1.p	BES1	TFF
SoffiXsponR570.01Eg005800.2.p	WRKY	TFF
SoffiXsponR570.03Bg244000.3.p	MADS	TFF
SoffiXsponR570.05Cg219600.1.p	bHLH	TFF
SoffiXsponR570.01Cg267100.1.p	CCAAT	TFF
SoffiXsponR570.03Cg286900.1.p	SET	OTR
SoffiXsponR570.06Gg017900.1.p	AP2-EREBP	TFF
SoffiXsponR570.02Cg272400.1.p	OFP	TFF
SoffiXsponR570.04Dg070900.1.p	LIM	TFF
SoffiXsponR570.09Eg057500.1.p	WRKY	TFF
SoffiXsponR570.05Eg336700.1.p	CCAAT	TFF
SoffiXsponR570.5_9Ag261700.1.p	MYB-related	TFF
SoffiXsponR570.06Cg003100.1.p	MYB-related	TFF
SoffiXsponR570.02Bg175400.1.p	WRKY	TFF
SoffiXsponR570.08Eg122100.1.p	TRAF	OTR
SoffiXsponR570.7_10Ag032300.1.p	GRAS	TFF
SoffiXsponR570.07Bg154100.1.p	MYB	TFF
SoffiXsponR570.02Bg365800.1.p	TRAF	OTR
SoffiXsponR570.06Cg086700.1.p	MED26	OTR
SoffiXsponR570.05Fg249500.1.p	GRAS	TFF
SoffiXsponR570.02Dg002600.2.p	G2-like	TFF
SoffiXsponR570.04Dg000300.1.p	NAC	TFF
SoffiXsponR570.02Cg292800.1.p	Top	TFF
SoffiXsponR570.05Ag037500.2.p	mTERF	OTR
SoffiXsponR570.8_10Ag263300.1.p	AP2-EREBP	TFF
SoffiXsponR570.03Ag248400.1.p	AP2-EREBP	TFF
SoffiXsponR570.03Dg198600.1.p	bHLH	TFF
SoffiXsponR570.09Eg057400.2.p	WRKY	TFF
SoffiXsponR570.03Cg039700.3.p	ARF	TFF
SoffiXsponR570.02Dg384600.4.p	ARF	TFF
SoffiXsponR570.09Bg148600.1.p	TFIID	TFF
SoffiXsponR570.04Gg053500.1.p	AP2-EREBP	TFF
SoffiXsponR570.01Fg018300.1.p	FHA	TFF
SoffiXsponR570.01Eg057000.1.p	AUX/IAA	OTR
SoffiXsponR570.02Cg043200.1.p	HMG	OTR
SoffiXsponR570.02Gg268900.1.p	mTERF	OTR
SoffiXsponR570.09Eg091300.1.p	MYB	TFF
SoffiXsponR570.04Gg115700.2.p	ARF	TFF
SoffiXsponR570.8_5Ag008200.1.p	PHD	OTR
SoffiXsponR570.10os1g052200.1.p	WRKY	TFF
SoffiXsponR570.07Bg089600.3.p	Alfin-like	TFF
SoffiXsponR570.05Gg032000.1.p	bHLH	TFF
SoffiXsponR570.02Bg150800.4.p	MYB-related	TFF
SoffiXsponR570.8_10Ag165800.1.p	MYB	TFF
SoffiXsponR570.8_5Ag213600.1.p	Tify	TFF
SoffiXsponR570.01Cg006600.2.p	WRKY	TFF
SoffiXsponR570.08Eg069400.1.p	zf-HD	TFF
SoffiXsponR570.01Ag394700.1.p	MYB	TFF
SoffiXsponR570.06Cg090600.1.p	MADS	TFF
SoffiXsponR570.01Eg079100.1.p	MYB	TFF
SoffiXsponR570.8_10Ag252600.1.p	zf-A20	TFF
SoffiXsponR570.03Bg294900.1.p	bHLH	TFF
SoffiXsponR570.10Fg008700.1.p	Sigma70-like	TFF
SoffiXsponR570.02Bg344700.1.p	Jumonji	OTR
SoffiXsponR570.06Ag044900.1.p	Alfin-like	TFF
SoffiXsponR570.03Ag114800.1.p	MYB	TFF
SoffiXsponR570.8_10Ag147800.1.p	GRAS	TFF
SoffiXsponR570.10Bg018100.1.p	MYB	TFF
SoffiXsponR570.04Fg001100.5.p	MADS	TFF
SoffiXsponR570.03Dg182800.1.p	NAC	TFF
SoffiXsponR570.02Ag133000.3.p	SBP	TFF
SoffiXsponR570.01Dg369900.2.p	RWP-RK	TFF
SoffiXsponR570.04Cg068500.1.p	AP2-EREBP	TFF
SoffiXsponR570.7_10Ag310200.1.p	AP2-EREBP	TFF
SoffiXsponR570.02Ag354500.3.p	TUB	TFF
SoffiXsponR570.05Gg155600.1.p	WRKY	TFF
SoffiXsponR570.01Eg404200.1.p	HSF	TFF
SoffiXsponR570.9os1g032400.1.p	PLATZ	TFF
SoffiXsponR570.06Eg080100.1.p	bHLH	TFF
SoffiXsponR570.7os1g008800.3.p	SET	OTR
SoffiXsponR570.02Ag133000.1.p	SBP	TFF
SoffiXsponR570.5_9Ag091800.5.p	C3H	TFF
SoffiXsponR570.03Dg152400.1.p	C2H2	TFF
SoffiXsponR570.08Bg053900.1.p	zf-LSD1	TFF
SoffiXsponR570.10us89g092200.1.p	Top	TFF
SoffiXsponR570.05Dg318000.1.p	GRAS	TFF
SoffiXsponR570.05Bg047500.1.p	zf-A20	TFF
SoffiXsponR570.1os1g005400.2.p	TRAF	OTR
SoffiXsponR570.02Gg080800.1.p	MYB-related	TFF
SoffiXsponR570.04Fg083900.1.p	bZIP	TFF
SoffiXsponR570.06Dg065800.7.p	SET	OTR
SoffiXsponR570.06Ag180100.1.p	AP2-EREBP	TFF
SoffiXsponR570.06Fg075100.1.p	AUX/IAA	OTR
SoffiXsponR570.6_9Ag092500.1.p	C3H	TFF
SoffiXsponR570.10Dg180100.1.p	AP2-EREBP	TFF
SoffiXsponR570.03Eg232100.1.p	AP2-EREBP	TFF
SoffiXsponR570.03Dg356700.1.p	bZIP	TFF
SoffiXsponR570.4us91g042100.1.p	C2H2	TFF
SoffiXsponR570.04Bg064900.1.p	LIM	TFF
SoffiXsponR570.05Ag203400.3.p	bHLH	TFF
SoffiXsponR570.6_9Ag003200.1.p	SAP	TFF
SoffiXsponR570.04Bg014500.1.p	GRF	TFF
SoffiXsponR570.05Bg283800.1.p	bHLH	TFF
SoffiXsponR570.05Ag070300.1.p	PHD	OTR
SoffiXsponR570.02Gg052400.1.p	SAP	TFF
SoffiXsponR570.04Eg135100.1.p	TAZ	TFF
SoffiXsponR570.9os1g019800.6.p	SAP	TFF
SoffiXsponR570.6_9Ag050000.1.p	bZIP	TFF
SoffiXsponR570.05Cg269500.2.p	FAR1	TFF
SoffiXsponR570.04Bg175700.1.p	TRAF	OTR
SoffiXsponR570.10Bg183000.1.p	GRAS	TFF
SoffiXsponR570.08Bg177200.1.p	TRAF	OTR
SoffiXsponR570.7_10Ag262700.2.p	Trihelix	TFF
SoffiXsponR570.05Dg187200.1.p	ARID	OTR
SoffiXsponR570.07Ag241500.1.p	ARF	TFF
SoffiXsponR570.02Dg199500.1.p	C3H	TFF
SoffiXsponR570.02Gg033500.2.p	bHLH	TFF
SoffiXsponR570.02Eg063600.2.p	zf-BED	TFF
SoffiXsponR570.07Bg004100.1.p	NAC	TFF
SoffiXsponR570.07Dg145700.2.p	AP2-EREBP	TFF
SoffiXsponR570.02Ag038600.1.p	MYB	TFF
SoffiXsponR570.03Gg091000.1.p	mTERF	OTR
SoffiXsponR570.05Bg031100.3.p	MYB	TFF
SoffiXsponR570.05Ag176100.1.p	AP2-EREBP	TFF
SoffiXsponR570.06Ag169900.1.p	C2C2-GATA	TFF
SoffiXsponR570.8_5Ag070000.1.p	SET	OTR
SoffiXsponR570.03Cg252100.1.p	SWI/SNF-SWI3	OTR
SoffiXsponR570.05Dg316900.1.p	C2H2	TFF
SoffiXsponR570.01Ag232600.3.p	C2C2-GATA	TFF
SoffiXsponR570.03Fg126600.1.p	MYB	TFF
SoffiXsponR570.6_9Ag261700.1.p	MYB-related	TFF
SoffiXsponR570.08Ag142600.5.p	ARID	OTR
SoffiXsponR570.10Dg132700.3.p	bHLH	TFF
SoffiXsponR570.06Ag061000.1.p	bHLH	TFF
SoffiXsponR570.07Cg237000.3.p	AP2-EREBP	TFF
SoffiXsponR570.01Eg152300.2.p	WRKY	TFF
SoffiXsponR570.04Bg008200.1.p	ABI3VP1	TFF
SoffiXsponR570.4us91g019800.2.p	MYB-related	TFF
SoffiXsponR570.08Cg046800.2.p	BSD	TFF
SoffiXsponR570.08Cg177700.1.p	TRAF	OTR
SoffiXsponR570.5_9Ag366800.1.p	SAP	TFF
SoffiXsponR570.01Dg121900.1.p	Tify	TFF
SoffiXsponR570.07Dg201400.1.p	AP2-EREBP	TFF
SoffiXsponR570.01Dg004100.2.p	GRAS	TFF
SoffiXsponR570.07Cg110500.1.p	WRKY	TFF
SoffiXsponR570.02Dg131400.2.p	bHLH	TFF
SoffiXsponR570.09Bg048200.1.p	E2F-DP	TFF
SoffiXsponR570.04Bg002800.1.p	NAC	TFF
SoffiXsponR570.03Fg122200.1.p	WRKY	TFF
SoffiXsponR570.7_10Ag381500.1.p	PHD	OTR
SoffiXsponR570.01Bg272100.1.p	MYB-related	TFF
SoffiXsponR570.05Fg275000.1.p	FAR1	TFF
SoffiXsponR570.03Fg071900.1.p	ARR-B	TFF
SoffiXsponR570.01Dg223400.2.p	MYB-related	TFF
SoffiXsponR570.05Eg065100.3.p	SET	OTR
SoffiXsponR570.07Eg087400.1.p	NAC	TFF
SoffiXsponR570.02Fg294400.1.p	NAC	TFF
SoffiXsponR570.03Bg262800.1.p	SWI/SNF-SWI3	OTR
SoffiXsponR570.05Dg239500.1.p	bZIP	TFF
SoffiXsponR570.09Bg079300.1.p	C3H	TFF
SoffiXsponR570.02Gg233400.2.p	WRKY	TFF
SoffiXsponR570.01Cg012600.1.p	C2C2-GATA	TFF
SoffiXsponR570.03Cg033600.1.p	bZIP	TFF
SoffiXsponR570.02Cg188000.1.p	MYB-related	TFF
SoffiXsponR570.9os1g022600.3.p	C2H2	TFF
SoffiXsponR570.5_9Ag491600.1.p	bHLH	TFF
SoffiXsponR570.5_9Ag436700.1.p	AP2-EREBP	TFF
SoffiXsponR570.1Z059000.1.p	AP2-EREBP	TFF
SoffiXsponR570.08Bg153900.2.p	SOH1	OTR
SoffiXsponR570.01Bg158100.4.p	ABI3VP1	TFF
SoffiXsponR570.04Cg189600.1.p	bZIP	TFF
SoffiXsponR570.7os1g023100.1.p	MYB	TFF
SoffiXsponR570.01Ag244900.1.p	HSF	TFF
SoffiXsponR570.04Bg081500.1.p	AP2-EREBP	TFF
SoffiXsponR570.07Bg232900.1.p	bHLH	TFF
SoffiXsponR570.7os1g081200.4.p	C3H	TFF
SoffiXsponR570.8_10Ag136800.1.p	AP2-EREBP	TFF
SoffiXsponR570.01Bg339700.2.p	WRKY	TFF
SoffiXsponR570.06Eg087500.1.p	MADS	TFF
SoffiXsponR570.02Bg331500.1.p	Alfin-like	TFF
SoffiXsponR570.10Dg087700.2.p	bHLH	TFF
SoffiXsponR570.02Cg174900.1.p	bHLH	TFF
SoffiXsponR570.05Ag239800.1.p	AUX/IAA	OTR
SoffiXsponR570.04Gg056800.1.p	zf-MIZ	OTR
SoffiXsponR570.01Dg387800.4.p	SWI/SNF-BAF60b	OTR
SoffiXsponR570.04Cg218600.3.p	TRAF	OTR
SoffiXsponR570.02Ag237000.1.p	NAC	TFF
SoffiXsponR570.06Ag150200.2.p	MYB-related	TFF
SoffiXsponR570.03Bg173800.1.p	FAR1	TFF
SoffiXsponR570.06Fg125300.1.p	WRKY	TFF
SoffiXsponR570.5_9Ag227800.2.p	SET	OTR
SoffiXsponR570.03Eg185900.3.p	PHD	OTR
SoffiXsponR570.03Cg072800.1.p	zf-A20	TFF
SoffiXsponR570.05Fg234100.2.p	GRAS	TFF
SoffiXsponR570.05Bg295700.1.p	FAR1	TFF
SoffiXsponR570.5_9Ag128700.1.p	CAMTA	TFF
SoffiXsponR570.03Dg250600.1.p	GNAT	OTR
SoffiXsponR570.02Bg122800.1.p	AP2-EREBP	TFF
SoffiXsponR570.07Cg252700.3.p	C3H	TFF
SoffiXsponR570.08Bg114900.1.p	SET	OTR
SoffiXsponR570.08Cg001900.3.p	TUB	TFF
SoffiXsponR570.05Gg067600.1.p	FHA	TFF
SoffiXsponR570.02Bg280900.1.p	MYB	TFF
SoffiXsponR570.01Fg063900.2.p	TIG	TFF
SoffiXsponR570.06Dg157100.2.p	bHLH	TFF
SoffiXsponR570.09Cg048000.2.p	TUB	TFF
SoffiXsponR570.10Cg037400.1.p	OFP	TFF
SoffiXsponR570.01Bg131500.1.p	bZIP	TFF
SoffiXsponR570.10Dg016300.1.p	WRKY	TFF
SoffiXsponR570.04Cg007900.1.p	MYB	TFF
SoffiXsponR570.04Cg019100.1.p	GRAS	TFF
SoffiXsponR570.7_10Ag352800.1.p	BSD	TFF
SoffiXsponR570.02Fg324900.1.p	PHD	OTR
SoffiXsponR570.07Cg115700.1.p	NAC	TFF
SoffiXsponR570.01Bg423200.1.p	TRAF	OTR
SoffiXsponR570.7_10Ag380700.1.p	NAC	TFF
SoffiXsponR570.6us88g012400.3.p	Top	TFF
SoffiXsponR570.05Bg291100.1.p	zf-BED	TFF
SoffiXsponR570.01Cg111000.1.p	bHLH	TFF
SoffiXsponR570.10Dg195200.2.p	GRAS	TFF
SoffiXsponR570.02Ag178500.5.p	bHLH	TFF
SoffiXsponR570.03Bg147800.2.p	bHLH	TFF
SoffiXsponR570.01Bg375900.1.p	CCAAT	TFF
SoffiXsponR570.01Ag376000.1.p	Jumonji	OTR
SoffiXsponR570.01Ag509800.1.p	C2C2-GATA	TFF
SoffiXsponR570.01Bg142700.4.p	NOT2_3_5	OTR
SoffiXsponR570.5_9Ag224200.1.p	WRKY	TFF
SoffiXsponR570.04Eg071600.2.p	PLATZ	TFF
SoffiXsponR570.6_9Ag029000.1.p	MYB	TFF
SoffiXsponR570.02Eg281700.2.p	bZIP	TFF
SoffiXsponR570.1Z161800.1.p	Not1	TFF
SoffiXsponR570.05Ag357900.2.p	SWI/SNF-BAF60b	OTR
SoffiXsponR570.6_9Ag030500.1.p	NAC	TFF
SoffiXsponR570.01Ag302500.1.p	C2C2-GATA	TFF
SoffiXsponR570.02Dg311300.1.p	NAC	TFF
SoffiXsponR570.01Fg277200.2.p	AP2-EREBP	TFF
SoffiXsponR570.01Bg418200.1.p	MYB-related	TFF
SoffiXsponR570.05Bg229000.1.p	Pseudo_ARR-B	OTR
SoffiXsponR570.08Bg027800.1.p	bHLH	TFF
SoffiXsponR570.09Bg034800.1.p	WRKY	TFF
SoffiXsponR570.02Fg127800.1.p	WRKY	TFF
SoffiXsponR570.02Ag181500.1.p	bHLH	TFF
SoffiXsponR570.07Cg154000.1.p	NAC	TFF
SoffiXsponR570.02Fg035500.1.p	C2C2-Dof	TFF
SoffiXsponR570.03Ag309900.1.p	AP2-EREBP	TFF
SoffiXsponR570.06Gg026100.4.p	NAC	TFF
SoffiXsponR570.03Cg086300.1.p	C2C2-GATA	TFF
SoffiXsponR570.07Ag079600.1.p	AP2-EREBP	TFF
SoffiXsponR570.4us91g061900.1.p	WRKY	TFF
SoffiXsponR570.02Dg114900.1.p	C2C2-Dof	TFF
SoffiXsponR570.03Eg169400.3.p	SET	OTR
SoffiXsponR570.04Fg085400.2.p	PLATZ	TFF
SoffiXsponR570.04Ag057900.1.p	WRKY	TFF
SoffiXsponR570.08Cg107600.1.p	RWP-RK	TFF
SoffiXsponR570.03Bg183600.1.p	NAC	TFF
SoffiXsponR570.07Bg009100.1.p	E2F-DP	TFF
SoffiXsponR570.01Ag174300.3.p	ABI3VP1	TFF
SoffiXsponR570.8_5Ag187300.1.p	TRAF	OTR
SoffiXsponR570.5_9Ag064300.3.p	CCAAT	TFF
SoffiXsponR570.8_5Ag136700.7.p	SET	OTR
SoffiXsponR570.06Fg150400.1.p	C2C2-GATA	TFF
SoffiXsponR570.10Ag002900.4.p	SAP	TFF
SoffiXsponR570.02Dg054900.1.p	MYB	TFF
SoffiXsponR570.01Eg393200.2.p	GNAT	OTR
SoffiXsponR570.05Gg028600.1.p	mTERF	OTR
SoffiXsponR570.05Cg330700.1.p	CCAAT	TFF
SoffiXsponR570.05Dg174600.1.p	C2H2	TFF
SoffiXsponR570.02Ag287400.1.p	TUB	TFF
SoffiXsponR570.03Bg297200.4.p	zf-C5HC2	TFF
SoffiXsponR570.9os1g003100.1.p	WRKY	TFF
SoffiXsponR570.02Fg290600.3.p	MYB	TFF
SoffiXsponR570.05Eg011500.1.p	MADS	TFF
SoffiXsponR570.03Cg001000.1.p	bZIP	TFF
SoffiXsponR570.02Cg062400.2.p	zf-fF-X1	TFF
SoffiXsponR570.05Dg195400.1.p	C2H2	TFF
SoffiXsponR570.03Bg170800.3.p	mTERF	OTR
SoffiXsponR570.05Eg001900.1.p	C2H2	TFF
SoffiXsponR570.07Eg104300.1.p	C2C2-GATA	TFF
SoffiXsponR570.7_10Ag341900.1.p	AP2-EREBP	TFF
SoffiXsponR570.02Bg192800.6.p	bZIP	TFF
SoffiXsponR570.07Dg149800.8.p	Trihelix	TFF
SoffiXsponR570.5_9Ag244100.1.p	SET	OTR
SoffiXsponR570.7_10Ag232200.1.p	C2C2-CO-like	TFF
SoffiXsponR570.02Cg404200.2.p	GRAS	TFF
SoffiXsponR570.02Cg228300.1.p	C2C2-Dof	TFF
SoffiXsponR570.02Fg321100.1.p	PHD	OTR
SoffiXsponR570.06Cg002000.4.p	SAP	TFF
SoffiXsponR570.6_9Ag144600.2.p	Top	TFF
SoffiXsponR570.01Dg056600.1.p	ABI3VP1	TFF
SoffiXsponR570.03Cg086600.1.p	bHLH	TFF
SoffiXsponR570.06Ag029700.1.p	MYB	TFF
SoffiXsponR570.05Gg204800.1.p	SBP	TFF
SoffiXsponR570.02Ag367200.1.p	MADS	TFF
SoffiXsponR570.04Ag136900.3.p	PHD	OTR
SoffiXsponR570.03Bg051400.4.p	ARF	TFF
SoffiXsponR570.04Ag045100.1.p	TRAF	OTR
SoffiXsponR570.08Ag170700.1.p	AP2-EREBP	TFF
SoffiXsponR570.08Cg151700.6.p	C2H2	TFF
SoffiXsponR570.03Cg144200.1.p	zf-A20	TFF
SoffiXsponR570.04Ag122100.2.p	zf-C5HC2	TFF
SoffiXsponR570.8_10Ag146700.1.p	GRAS	TFF
SoffiXsponR570.02Cg269400.1.p	C2C2-GATA	TFF
SoffiXsponR570.04Bg008500.1.p	ABI3VP1	TFF
SoffiXsponR570.05Bg029700.2.p	mTERF	OTR
SoffiXsponR570.05Cg300100.1.p	FAR1	TFF
SoffiXsponR570.06Ag116300.1.p	NAC	TFF
SoffiXsponR570.07Dg197300.1.p	bHLH	TFF
SoffiXsponR570.09Bg035500.1.p	WRKY	TFF
SoffiXsponR570.03Bg039700.3.p	MYB-related	TFF
SoffiXsponR570.02Eg245300.1.p	OFP	TFF
SoffiXsponR570.7_10Ag161900.1.p	Tify	TFF
SoffiXsponR570.01Ag466900.1.p	bHLH	TFF
SoffiXsponR570.04Cg266200.3.p	ARF	TFF
SoffiXsponR570.01Bg089800.1.p	HSF	TFF
SoffiXsponR570.02Ag057800.1.p	MYB	TFF
SoffiXsponR570.03Gg109700.2.p	BSD	TFF
SoffiXsponR570.5_9Ag060200.1.p	Tify	TFF
SoffiXsponR570.10Eg014400.1.p	AP2-EREBP	TFF
SoffiXsponR570.05Eg311900.6.p	GRAS	TFF
SoffiXsponR570.04Bg179400.1.p	bZIP	TFF
SoffiXsponR570.03Bg110100.1.p	WRKY	TFF
SoffiXsponR570.08Ag203900.1.p	zf-A20	TFF
SoffiXsponR570.08Dg143200.3.p	C2H2	TFF
SoffiXsponR570.05Ag383500.1.p	bZIP	TFF
SoffiXsponR570.01Eg083800.1.p	GNAT	OTR
SoffiXsponR570.06Gg039600.2.p	FAR1	TFF
SoffiXsponR570.5_9Ag226100.1.p	MYB	TFF
SoffiXsponR570.05Fg198000.1.p	CAMTA	TFF
SoffiXsponR570.5_9Ag080800.1.p	C3H	TFF
SoffiXsponR570.7_10Ag268900.1.p	AP2-EREBP	TFF
SoffiXsponR570.06Cg072400.4.p	NAC	TFF
SoffiXsponR570.02Dg113400.1.p	NAC	TFF
SoffiXsponR570.7_10Ag130600.1.p	ABI3VP1	TFF
SoffiXsponR570.08Eg105300.1.p	bHLH	TFF
SoffiXsponR570.5_9Ag489500.1.p	bZIP	TFF
SoffiXsponR570.04Eg093400.1.p	bZIP	TFF
SoffiXsponR570.9us90g006300.1.p	TRAF	OTR
SoffiXsponR570.10Eg053900.4.p	RB	OTR
SoffiXsponR570.02Ag185000.1.p	WRKY	TFF
SoffiXsponR570.09Cg135400.1.p	ABI3VP1	TFF
SoffiXsponR570.05Ag192200.1.p	bHLH	TFF
SoffiXsponR570.03Eg185100.1.p	AP2-EREBP	TFF
SoffiXsponR570.03Dg275500.1.p	NAC	TFF
SoffiXsponR570.01Dg188400.1.p	GNAT	OTR
SoffiXsponR570.04Gg057200.1.p	bHLH	TFF
SoffiXsponR570.07Ag054700.1.p	AP2-EREBP	TFF
SoffiXsponR570.07Ag266700.1.p	SET	OTR
SoffiXsponR570.03Eg040500.3.p	SBP	TFF
SoffiXsponR570.02Gg248300.4.p	TUB	TFF
SoffiXsponR570.05Ag120400.1.p	MYB-related	TFF
SoffiXsponR570.04Dg088900.1.p	GeBP	TFF
SoffiXsponR570.09Cg038300.1.p	bZIP	TFF
SoffiXsponR570.04Ag031900.4.p	BBR/BPC	TFF
SoffiXsponR570.10Dg016500.1.p	WRKY	TFF
SoffiXsponR570.01Dg334800.7.p	FAR1	TFF
SoffiXsponR570.01Eg258400.1.p	Tify	TFF
SoffiXsponR570.03Eg213800.3.p	MYB-related	TFF
SoffiXsponR570.09Cg019100.1.p	SET	OTR
SoffiXsponR570.09Eg049400.1.p	C2C2-GATA	TFF
SoffiXsponR570.5_9Ag140000.5.p	SET	OTR
SoffiXsponR570.05Eg329700.1.p	CCAAT	TFF
SoffiXsponR570.01Ag126200.1.p	TCP	TFF
SoffiXsponR570.06Bg000700.1.p	C3H	TFF
SoffiXsponR570.01Ag444000.4.p	MYB-related	TFF
SoffiXsponR570.01Dg243900.1.p	NAC	TFF
SoffiXsponR570.10Bg205700.1.p	GRAS	TFF
SoffiXsponR570.04Ag272600.1.p	NAC	TFF
SoffiXsponR570.01Ag529400.1.p	OFP	TFF
SoffiXsponR570.06Eg013300.1.p	GRAS	TFF
SoffiXsponR570.05Fg200100.1.p	MYB	TFF
SoffiXsponR570.10Fg035700.1.p	PAS	TFF
SoffiXsponR570.06Dg139900.1.p	AP2-EREBP	TFF
SoffiXsponR570.04Dg041600.2.p	Top	TFF
SoffiXsponR570.06Fg077300.1.p	bHLH	TFF
SoffiXsponR570.01Bg400400.1.p	bZIP	TFF
SoffiXsponR570.10Eg053900.2.p	RB	OTR
SoffiXsponR570.1Z237200.1.p	GeBP	TFF
SoffiXsponR570.03Dg007100.2.p	Jumonji	OTR
SoffiXsponR570.09Dg114000.5.p	CCAAT	TFF
SoffiXsponR570.5_9Ag474300.1.p	WRKY	TFF
SoffiXsponR570.02Eg373200.3.p	GRAS	TFF
SoffiXsponR570.03Bg212300.4.p	MYB-related	TFF
SoffiXsponR570.8_10Ag032300.1.p	C3H	TFF
SoffiXsponR570.01Ag009000.1.p	CCAAT	TFF
SoffiXsponR570.05Dg176000.1.p	SET	OTR
SoffiXsponR570.01Eg280300.4.p	MYB-related	TFF
SoffiXsponR570.10Fg115500.1.p	C2H2	TFF
SoffiXsponR570.06Ag068800.4.p	MYB	TFF
SoffiXsponR570.01Eg168900.1.p	ABI3VP1	TFF
SoffiXsponR570.06Dg102800.1.p	CCAAT	TFF
SoffiXsponR570.10Fg114400.1.p	GRAS	TFF
SoffiXsponR570.04Ag225000.3.p	TRAF	OTR
SoffiXsponR570.10Eg043600.1.p	SBP	TFF
SoffiXsponR570.7_10Ag049900.1.p	HB	TFF
SoffiXsponR570.08Bg194400.2.p	Pseudo_ARR-B	OTR
SoffiXsponR570.01Cg331600.3.p	AP2-EREBP	TFF
SoffiXsponR570.01Cg028300.3.p	bHLH	TFF
SoffiXsponR570.02Ag430300.1.p	Top	TFF
SoffiXsponR570.5_9Ag162000.1.p	AP2-EREBP	TFF
SoffiXsponR570.04Eg088200.1.p	Top	TFF
SoffiXsponR570.02Eg259200.1.p	NAC	TFF
SoffiXsponR570.03Bg258600.1.p	mTERF	OTR
SoffiXsponR570.05Dg214700.1.p	WRKY	TFF
SoffiXsponR570.01Bg232100.1.p	TRAF	OTR
SoffiXsponR570.08Cg117200.1.p	zf-HD	TFF
SoffiXsponR570.7_10Ag355800.1.p	MYB-related	TFF
SoffiXsponR570.6_9Ag116600.2.p	C2H2	TFF
SoffiXsponR570.03Ag066300.2.p	PLATZ	TFF
SoffiXsponR570.02Dg166500.1.p	MYB	TFF
SoffiXsponR570.01Eg126300.1.p	SET	OTR
SoffiXsponR570.01Eg147300.1.p	MYB-related	TFF
SoffiXsponR570.05Eg269300.3.p	SBP	TFF
SoffiXsponR570.06Ag108500.1.p	mTERF	OTR
SoffiXsponR570.03Dg352100.4.p	Jumonji	OTR
SoffiXsponR570.02Cg029500.1.p	MADS	TFF
SoffiXsponR570.03Gg001700.3.p	HB	TFF
SoffiXsponR570.10Cg005800.1.p	WRKY	TFF
SoffiXsponR570.09Bg129400.2.p	AUX/IAA	OTR
SoffiXsponR570.03Cg169200.1.p	MYB	TFF
SoffiXsponR570.01Ag144700.2.p	HB	TFF
SoffiXsponR570.02Bg192300.2.p	AP2-EREBP	TFF
SoffiXsponR570.05Fg140400.3.p	MYB-related	TFF
SoffiXsponR570.7_10Ag279200.1.p	RWP-RK	TFF
SoffiXsponR570.03Bg079700.1.p	bHLH	TFF
SoffiXsponR570.05Bg250500.2.p	mTERF	OTR
SoffiXsponR570.09Eg110500.3.p	GRAS	TFF
SoffiXsponR570.04Bg190200.3.p	HB	TFF
SoffiXsponR570.03Dg328400.5.p	zf-C5HC2	TFF
SoffiXsponR570.01Bg471600.1.p	NAC	TFF
SoffiXsponR570.03Bg141200.4.p	SET	OTR
SoffiXsponR570.06Fg067100.1.p	bHLH	TFF
SoffiXsponR570.05Eg050500.1.p	bHLH	TFF
SoffiXsponR570.07Eg016300.4.p	bHLH	TFF
SoffiXsponR570.03Eg183200.3.p	SET	OTR
SoffiXsponR570.08Ag032100.3.p	zf-LSD1	TFF
SoffiXsponR570.02Eg111000.1.p	Top	TFF
SoffiXsponR570.01Cg107600.1.p	Tify	TFF
SoffiXsponR570.04Ag217900.1.p	CCAAT	TFF
SoffiXsponR570.03Bg297200.3.p	zf-C5HC2	TFF
SoffiXsponR570.02Eg192900.1.p	AP2-EREBP	TFF
SoffiXsponR570.08Cg161300.1.p	bHLH	TFF
SoffiXsponR570.09Cg144500.1.p	bHLH	TFF
SoffiXsponR570.10Bg135000.1.p	NAC	TFF
SoffiXsponR570.05Fg282000.1.p	SART-1	OTR
SoffiXsponR570.1Z268900.1.p	GNAT	OTR
SoffiXsponR570.8_5Ag044700.1.p	TRAF	OTR
SoffiXsponR570.02Ag225200.1.p	WRKY	TFF
SoffiXsponR570.03Eg213500.2.p	GRF	TFF
SoffiXsponR570.01Eg095600.2.p	PHD	OTR
SoffiXsponR570.01Ag040300.1.p	TFIIS	TFF
SoffiXsponR570.6_9Ag116900.4.p	AP2-EREBP	TFF
SoffiXsponR570.01Dg057000.1.p	ABI3VP1	TFF
SoffiXsponR570.03Ag252000.1.p	WRKY	TFF
SoffiXsponR570.7_10Ag054300.2.p	MED26	OTR
SoffiXsponR570.05Gg103600.6.p	WRKY	TFF
SoffiXsponR570.08Cg041000.1.p	FAR1	TFF
SoffiXsponR570.01Cg354500.1.p	Top	TFF
SoffiXsponR570.01Dg211400.1.p	TIG	TFF
SoffiXsponR570.9us90g067700.1.p	TCP	TFF
SoffiXsponR570.01Dg303700.2.p	AP2-EREBP	TFF
SoffiXsponR570.01Dg242200.1.p	MYB-related	TFF
SoffiXsponR570.03Ag195500.2.p	FAR1	TFF
SoffiXsponR570.02Fg358200.1.p	ARF	TFF
SoffiXsponR570.04Eg052300.6.p	HB	TFF
SoffiXsponR570.02Eg035300.1.p	AUX/IAA	OTR
SoffiXsponR570.02Ag325000.1.p	OFP	TFF
SoffiXsponR570.07Ag235600.1.p	TRAF	OTR
SoffiXsponR570.07Bg249000.1.p	ARF	TFF
SoffiXsponR570.7os1g014200.2.p	Top	TFF
SoffiXsponR570.05Gg114200.1.p	C2H2	TFF
SoffiXsponR570.05Gg028600.2.p	mTERF	OTR
SoffiXsponR570.04Cg068900.1.p	LIM	TFF
SoffiXsponR570.02Fg256900.2.p	ARF	TFF
SoffiXsponR570.03Dg193300.1.p	NAC	TFF
SoffiXsponR570.7_10Ag113100.1.p	E2F-DP	TFF
SoffiXsponR570.5_9Ag118800.3.p	GRAS	TFF
SoffiXsponR570.7_10Ag189200.1.p	DDT	OTR
SoffiXsponR570.02Ag337500.2.p	MYB	TFF
SoffiXsponR570.08Cg022700.1.p	MYB-related	TFF
SoffiXsponR570.03Gg137200.1.p	NAC	TFF
SoffiXsponR570.05Cg178700.1.p	Tify	TFF
SoffiXsponR570.5_9Ag294400.1.p	AP2-EREBP	TFF
SoffiXsponR570.10Eg103200.1.p	FHA	TFF
SoffiXsponR570.01Dg003200.1.p	mTERF	OTR
SoffiXsponR570.08Eg023700.1.p	ABI3VP1	TFF
SoffiXsponR570.08Cg151700.9.p	C2H2	TFF
SoffiXsponR570.08Ag197600.2.p	SBP	TFF
SoffiXsponR570.03Bg272400.1.p	Top	TFF
SoffiXsponR570.6us88g089500.1.p	MYB	TFF
SoffiXsponR570.07Bg084400.2.p	DDT	OTR
SoffiXsponR570.01Cg045800.3.p	TRAF	OTR
SoffiXsponR570.09Cg042000.1.p	OFP	TFF
SoffiXsponR570.01Eg125300.4.p	GRAS	TFF
SoffiXsponR570.01Fg179900.2.p	bZIP	TFF
SoffiXsponR570.10Cg035800.1.p	bZIP	TFF
SoffiXsponR570.07Ag182000.1.p	Top	TFF
SoffiXsponR570.7_10Ag190700.2.p	ARF	TFF
SoffiXsponR570.6_9Ag032400.1.p	GRAS	TFF
SoffiXsponR570.03Fg065500.1.p	bZIP	TFF
SoffiXsponR570.1Z192400.1.p	HSF	TFF
SoffiXsponR570.06Dg047000.4.p	AP2-EREBP	TFF
SoffiXsponR570.06Fg101900.2.p	NAC	TFF
SoffiXsponR570.05Eg248500.10.p	SET	OTR
SoffiXsponR570.04Bg194700.1.p	zf-BED	TFF
SoffiXsponR570.06Gg139700.3.p	CCAAT	TFF
SoffiXsponR570.03Bg007500.5.p	Jumonji	OTR
SoffiXsponR570.01Bg171500.1.p	MYB	TFF
SoffiXsponR570.03Cg230900.2.p	MYB-related	TFF
SoffiXsponR570.04Ag068000.1.p	BBR/BPC	TFF
SoffiXsponR570.08Bg063400.5.p	bZIP	TFF
SoffiXsponR570.02Ag391600.1.p	MADS	TFF
SoffiXsponR570.02Eg316000.1.p	OFP	TFF
SoffiXsponR570.01Ag067900.2.p	mTERF	OTR
SoffiXsponR570.05Cg381000.1.p	C2C2-Dof	TFF
SoffiXsponR570.02Fg101200.1.p	NAC	TFF
SoffiXsponR570.03Bg228300.3.p	SET	OTR
SoffiXsponR570.02Fg127200.1.p	MADS	TFF
SoffiXsponR570.06Dg002500.1.p	GRAS	TFF
SoffiXsponR570.10Bg046700.1.p	bZIP	TFF
SoffiXsponR570.05Dg074500.1.p	bZIP	TFF
SoffiXsponR570.8_5Ag004200.1.p	NAC	TFF
SoffiXsponR570.5_9Ag194500.3.p	bHLH	TFF
SoffiXsponR570.02Cg411100.1.p	bHLH	TFF
SoffiXsponR570.8_10Ag128700.1.p	PAS	TFF
SoffiXsponR570.06Cg043100.3.p	MYB	TFF
SoffiXsponR570.04Ag104200.1.p	RWP-RK	TFF
SoffiXsponR570.01Ag188000.1.p	MADS	TFF
SoffiXsponR570.03Fg030800.1.p	bZIP	TFF
SoffiXsponR570.06Dg138200.4.p	ARF	TFF
SoffiXsponR570.03Bg077300.1.p	GRAS	TFF
SoffiXsponR570.04Ag090900.1.p	AP2-EREBP	TFF
SoffiXsponR570.01Cg274500.2.p	LIM	TFF
SoffiXsponR570.07Ag084600.1.p	OFP	TFF
SoffiXsponR570.05Dg067600.1.p	bHLH	TFF
SoffiXsponR570.02Ag258700.2.p	MYB-related	TFF
SoffiXsponR570.07Ag059900.2.p	S1Fa-like	TFF
SoffiXsponR570.03Dg167000.2.p	C2H2	TFF
SoffiXsponR570.03Bg199600.1.p	AP2-EREBP	TFF
SoffiXsponR570.01Eg170400.1.p	bHLH	TFF
SoffiXsponR570.01Ag401300.2.p	PHD	OTR
SoffiXsponR570.02Fg055900.1.p	MYB	TFF
SoffiXsponR570.03Eg263200.1.p	C2C2-Dof	TFF
SoffiXsponR570.05Gg184900.1.p	bHLH	TFF
SoffiXsponR570.7os1g044400.4.p	ABI3VP1	TFF
SoffiXsponR570.04Fg101200.1.p	MYB-related	TFF
SoffiXsponR570.04Ag204500.2.p	HB	TFF
SoffiXsponR570.04Bg215200.2.p	ARF	TFF
SoffiXsponR570.02Fg126200.2.p	MYB	TFF
SoffiXsponR570.07Eg142200.1.p	PLATZ	TFF
SoffiXsponR570.05Cg145000.1.p	GNAT	OTR
SoffiXsponR570.01Bg380100.3.p	GRAS	TFF
SoffiXsponR570.1Z274400.1.p	HSF	TFF
SoffiXsponR570.6_9Ag063600.1.p	MYB-related	TFF
SoffiXsponR570.01Ag488800.4.p	CCAAT	TFF
SoffiXsponR570.9os1g073300.2.p	ABI3VP1	TFF
SoffiXsponR570.8_10Ag312100.1.p	TRAF	OTR
SoffiXsponR570.05Bg140300.1.p	WRKY	TFF
SoffiXsponR570.01Fg092700.1.p	NAC	TFF
SoffiXsponR570.04Dg065800.1.p	BSD	TFF
SoffiXsponR570.01Ag056000.1.p	AUX/IAA	OTR
SoffiXsponR570.03Dg036600.1.p	TAZ	TFF
SoffiXsponR570.10us89g053500.2.p	TUB	TFF
SoffiXsponR570.08Bg128800.1.p	MYB	TFF
SoffiXsponR570.03Bg129900.1.p	HSF	TFF
SoffiXsponR570.08Bg063400.4.p	bZIP	TFF
SoffiXsponR570.01Eg168400.4.p	ABI3VP1	TFF
SoffiXsponR570.02Ag075700.3.p	MYB	TFF
SoffiXsponR570.08Bg102600.1.p	MYB-related	TFF
SoffiXsponR570.6_9Ag050500.2.p	ABI3VP1	TFF
SoffiXsponR570.06Dg100800.1.p	MYB-related	TFF
SoffiXsponR570.01Ag455600.1.p	NAC	TFF
SoffiXsponR570.6_9Ag174200.1.p	MYB	TFF
SoffiXsponR570.07Eg178700.1.p	bZIP	TFF
SoffiXsponR570.01Bg051000.5.p	FHA	TFF
SoffiXsponR570.1Z210500.1.p	bZIP	TFF
SoffiXsponR570.06Eg123400.5.p	SWI/SNF-BAF60b	OTR
SoffiXsponR570.03Dg067900.1.p	TUB	TFF
SoffiXsponR570.07Eg094700.1.p	TCP	TFF
SoffiXsponR570.07Bg160800.2.p	SET	OTR
SoffiXsponR570.05Dg016500.1.p	GNAT	OTR
SoffiXsponR570.05Bg380500.1.p	MYB	TFF
SoffiXsponR570.07Ag253400.3.p	Top	TFF
SoffiXsponR570.6_9Ag061000.2.p	TCP	TFF
SoffiXsponR570.10os1g012500.1.p	NAC	TFF
SoffiXsponR570.03Fg020600.3.p	NAC	TFF
SoffiXsponR570.01Bg040600.1.p	bHLH	TFF
SoffiXsponR570.01Eg443900.2.p	SWI/SNF-BAF60b	OTR
SoffiXsponR570.05Fg246200.5.p	mTERF	OTR
SoffiXsponR570.01Eg389800.1.p	AP2-EREBP	TFF
SoffiXsponR570.08Dg105200.1.p	MYB	TFF
SoffiXsponR570.09Cg079100.1.p	Jumonji	OTR
SoffiXsponR570.05Eg141800.4.p	AP2-EREBP	TFF
SoffiXsponR570.05Eg302400.1.p	TRAF	OTR
SoffiXsponR570.10Bg196500.1.p	ABI3VP1	TFF
SoffiXsponR570.8_5Ag186700.1.p	TRAF	OTR
SoffiXsponR570.08Eg121200.1.p	TRAF	OTR
SoffiXsponR570.10Cg167000.1.p	C2C2-Dof	TFF
SoffiXsponR570.02Bg362500.2.p	SET	OTR
SoffiXsponR570.10Eg130000.1.p	GRAS	TFF
SoffiXsponR570.06Dg103500.1.p	bZIP	TFF
SoffiXsponR570.01Cg192300.3.p	Tify	TFF
SoffiXsponR570.01Dg183300.1.p	AP2-EREBP	TFF
SoffiXsponR570.04Gg086300.2.p	G2-like	TFF
SoffiXsponR570.02Cg226900.1.p	NAC	TFF
SoffiXsponR570.6us88g038800.1.p	SAP	TFF
SoffiXsponR570.01Eg426600.3.p	RWP-RK	TFF
SoffiXsponR570.1Z101100.1.p	bZIP	TFF
SoffiXsponR570.03Dg197700.1.p	mTERF	OTR
SoffiXsponR570.5_9Ag424400.1.p	bZIP	TFF
SoffiXsponR570.03Gg122000.1.p	SET	OTR
SoffiXsponR570.07Cg249200.1.p	MED7	OTR
SoffiXsponR570.09Ag069700.1.p	Alfin-like	TFF
SoffiXsponR570.05Cg268800.1.p	PHD	OTR
SoffiXsponR570.09Cg145000.1.p	NAC	TFF
SoffiXsponR570.01Cg142200.3.p	MED26	OTR
SoffiXsponR570.10Ag111500.1.p	bHLH	TFF
SoffiXsponR570.6us88g012400.1.p	Top	TFF
SoffiXsponR570.02Gg114000.1.p	MYB	TFF
SoffiXsponR570.10us89g067300.1.p	MYB-related	TFF
SoffiXsponR570.05Gg178700.1.p	MYB	TFF
SoffiXsponR570.09Bg051500.3.p	TUB	TFF
SoffiXsponR570.09Eg084200.3.p	MADS	TFF
SoffiXsponR570.03Eg256300.1.p	GNAT	OTR
SoffiXsponR570.07Ag209300.1.p	SET	OTR
SoffiXsponR570.05Bg161700.2.p	zf-HD	TFF
SoffiXsponR570.05Bg161600.1.p	zf-HD	TFF
SoffiXsponR570.01Dg246000.1.p	bZIP	TFF
SoffiXsponR570.02Cg175400.2.p	MYB-related	TFF
SoffiXsponR570.01Bg330900.4.p	TUB	TFF
SoffiXsponR570.05Eg166700.1.p	CCAAT	TFF
SoffiXsponR570.02Fg161400.3.p	C3H	TFF
SoffiXsponR570.02Ag174800.3.p	PHD	OTR
SoffiXsponR570.06Eg114900.3.p	mTERF	OTR
SoffiXsponR570.02Eg171800.1.p	bHLH	TFF
SoffiXsponR570.08Cg210500.3.p	HMG	OTR
SoffiXsponR570.1Z108800.5.p	FAR1	TFF
SoffiXsponR570.09Dg114000.1.p	CCAAT	TFF
SoffiXsponR570.02Dg403900.1.p	bHLH	TFF
SoffiXsponR570.5_9Ag375000.1.p	PHD	OTR
SoffiXsponR570.05Gg203800.1.p	GNAT	OTR
SoffiXsponR570.04Cg115200.1.p	C2C2-CO-like	TFF
SoffiXsponR570.05Dg195400.2.p	C2H2	TFF
SoffiXsponR570.02Cg372300.1.p	TAZ	TFF
SoffiXsponR570.5_9Ag172500.1.p	NAC	TFF
SoffiXsponR570.02Dg235700.1.p	ARF	TFF
SoffiXsponR570.09Eg033400.2.p	SET	OTR
SoffiXsponR570.06Dg117700.1.p	VOZ	TFF
SoffiXsponR570.09Bg025200.1.p	MYB	TFF
SoffiXsponR570.04Dg144600.1.p	DBP	TFF
SoffiXsponR570.6_9Ag237200.2.p	bZIP	TFF
SoffiXsponR570.02Fg183700.1.p	C3H	TFF
SoffiXsponR570.08Dg013600.3.p	MYB-related	TFF
SoffiXsponR570.3os5g000200.1.p	bZIP	TFF
SoffiXsponR570.03Bg258700.1.p	mTERF	OTR
SoffiXsponR570.5_9Ag309500.2.p	MYB-related	TFF
SoffiXsponR570.05Dg376900.3.p	ABI3VP1	TFF
SoffiXsponR570.01Fg256400.3.p	MYB-related	TFF
SoffiXsponR570.02Gg287700.1.p	Top	TFF
SoffiXsponR570.05Dg294600.2.p	GRAS	TFF
SoffiXsponR570.03Dg307400.2.p	GRF	TFF
SoffiXsponR570.9us90g060400.1.p	NAC	TFF
SoffiXsponR570.02Cg307700.2.p	MYB	TFF
SoffiXsponR570.05Gg183700.1.p	zf-HD	TFF
SoffiXsponR570.04Cg211600.1.p	TRAF	OTR
SoffiXsponR570.04Bg188500.1.p	Top	TFF
SoffiXsponR570.08Bg010100.1.p	bHLH	TFF
SoffiXsponR570.05Fg179900.2.p	RWP-RK	TFF
SoffiXsponR570.5_9Ag344700.1.p	NAC	TFF
SoffiXsponR570.05Cg340400.5.p	TIG	TFF
SoffiXsponR570.09Dg115200.1.p	C2C2-YABBY	TFF
SoffiXsponR570.06Ag070200.1.p	GNAT	OTR
SoffiXsponR570.01Cg057900.1.p	bHLH	TFF
SoffiXsponR570.01Eg253700.1.p	CCAAT	TFF
SoffiXsponR570.01Bg039000.1.p	TFIIS	TFF
SoffiXsponR570.04Bg173800.1.p	MYB-related	TFF
SoffiXsponR570.06Cg147500.7.p	AUX/IAA	OTR
SoffiXsponR570.05Bg364300.4.p	PHD	OTR
SoffiXsponR570.02Eg273600.1.p	AP2-EREBP	TFF
SoffiXsponR570.01Bg159000.1.p	ABI3VP1	TFF
SoffiXsponR570.05Dg304500.20.p	FAR1	TFF
SoffiXsponR570.05Cg235100.1.p	MYB	TFF
SoffiXsponR570.05Cg342700.1.p	SAP	TFF
SoffiXsponR570.08Eg077600.1.p	AP2-EREBP	TFF
SoffiXsponR570.06Ag109400.1.p	mTERF	OTR
SoffiXsponR570.06Dg010000.1.p	ABI3VP1	TFF
SoffiXsponR570.01Bg233500.2.p	GNAT	OTR
SoffiXsponR570.10Fg058800.2.p	Top	TFF
SoffiXsponR570.02Dg167400.4.p	Jumonji	OTR
SoffiXsponR570.8_10Ag008400.1.p	NAC	TFF
SoffiXsponR570.02Gg070200.2.p	Jumonji	OTR
SoffiXsponR570.01Bg145700.1.p	CCAAT	TFF
SoffiXsponR570.04Fg133300.4.p	ARF	TFF
SoffiXsponR570.01Ag292200.1.p	MED26	OTR
SoffiXsponR570.8_5Ag187100.1.p	TRAF	OTR
SoffiXsponR570.01Cg028900.1.p	bZIP	TFF
SoffiXsponR570.8_5Ag136700.1.p	SET	OTR
SoffiXsponR570.06Gg028300.1.p	SET	OTR
SoffiXsponR570.8_10Ag331500.4.p	Pseudo_ARR-B	OTR
SoffiXsponR570.03Eg007200.5.p	Jumonji	OTR
SoffiXsponR570.09Eg048600.1.p	AP2-EREBP	TFF
SoffiXsponR570.03Cg238600.2.p	CCAAT	TFF
SoffiXsponR570.05Gg183300.1.p	MYB	TFF
SoffiXsponR570.02Fg326800.1.p	AP2-EREBP	TFF
SoffiXsponR570.01Dg377800.3.p	HB	TFF
SoffiXsponR570.3os2g002400.2.p	MYB	TFF
SoffiXsponR570.01Dg335100.1.p	Tify	TFF
SoffiXsponR570.08Cg005800.4.p	PHD	OTR
SoffiXsponR570.01Fg261400.1.p	bHLH	TFF
SoffiXsponR570.7_10Ag272400.2.p	GRAS	TFF
SoffiXsponR570.01Dg337300.4.p	GNAT	OTR
SoffiXsponR570.03Gg080900.1.p	bZIP	TFF
SoffiXsponR570.02Bg013500.2.p	AP2-EREBP	TFF
SoffiXsponR570.09Bg080200.1.p	Jumonji	OTR
SoffiXsponR570.1Z114500.1.p	MYB-related	TFF
SoffiXsponR570.03Bg220300.2.p	zf-C5HC2	TFF
SoffiXsponR570.7_10Ag079200.2.p	ABI3VP1	TFF
SoffiXsponR570.05Cg009600.2.p	MYB-related	TFF
SoffiXsponR570.05Fg069400.1.p	MYB-related	TFF
SoffiXsponR570.10Dg038400.1.p	Pseudo_ARR-B	OTR
SoffiXsponR570.01Eg280300.1.p	MYB-related	TFF
SoffiXsponR570.03Dg303000.2.p	WRKY	TFF
SoffiXsponR570.04Gg057900.3.p	C2H2	TFF
SoffiXsponR570.05Ag355700.1.p	HSF	TFF
SoffiXsponR570.5_9Ag250800.1.p	WRKY	TFF
SoffiXsponR570.01Eg359100.1.p	bHLH	TFF
SoffiXsponR570.04Bg180600.2.p	PHD	OTR
SoffiXsponR570.04Eg091500.2.p	FAR1	TFF
SoffiXsponR570.02Dg356800.1.p	NAC	TFF
SoffiXsponR570.07Eg000300.1.p	GeBP	TFF
SoffiXsponR570.04Ag195900.1.p	ABI3VP1	TFF
SoffiXsponR570.03Ag291000.1.p	AP2-EREBP	TFF
SoffiXsponR570.09Dg130900.1.p	ABI3VP1	TFF
SoffiXsponR570.04Gg080800.1.p	MADS	TFF
SoffiXsponR570.8_5Ag170300.1.p	bHLH	TFF
SoffiXsponR570.1os1g002800.8.p	HSF	TFF
SoffiXsponR570.03Ag250300.1.p	AP2-EREBP	TFF
SoffiXsponR570.02Eg052900.3.p	MYB	TFF
SoffiXsponR570.03Dg252100.5.p	zf-C5HC2	TFF
SoffiXsponR570.04Cg064300.1.p	TRAF	OTR
SoffiXsponR570.06Fg145700.5.p	C3H	TFF
SoffiXsponR570.10Bg138600.1.p	AUX/IAA	OTR
SoffiXsponR570.08Dg064500.1.p	MYB	TFF
SoffiXsponR570.5_9Ag049700.1.p	bHLH	TFF
SoffiXsponR570.02Dg003800.1.p	zf-BED	TFF
SoffiXsponR570.01Fg278000.4.p	FAR1	TFF
SoffiXsponR570.1os1g002800.4.p	HSF	TFF
SoffiXsponR570.09Ag085900.1.p	NAC	TFF
SoffiXsponR570.07Eg154100.7.p	PHD	OTR
SoffiXsponR570.4us91g049800.1.p	WRKY	TFF
SoffiXsponR570.02Cg308700.2.p	bZIP	TFF
SoffiXsponR570.01Dg221000.1.p	MADS	TFF
SoffiXsponR570.01Cg239200.2.p	WRKY	TFF
SoffiXsponR570.09Ag041200.1.p	C2H2	TFF
SoffiXsponR570.6_9Ag256600.1.p	GNAT	OTR
SoffiXsponR570.07Dg145400.1.p	AP2-EREBP	TFF
SoffiXsponR570.06Cg072400.1.p	NAC	TFF
SoffiXsponR570.5_9Ag234200.1.p	PHD	OTR
SoffiXsponR570.02Cg357000.1.p	NAC	TFF
SoffiXsponR570.8_10Ag253600.1.p	NAC	TFF
SoffiXsponR570.10Cg189000.1.p	GRAS	TFF
SoffiXsponR570.05Gg008500.1.p	WRKY	TFF
SoffiXsponR570.07Bg184600.1.p	GRAS	TFF
SoffiXsponR570.08Ag044300.3.p	MYB-related	TFF
SoffiXsponR570.02Dg047500.1.p	Top	TFF
SoffiXsponR570.03Dg309900.1.p	AP2-EREBP	TFF
SoffiXsponR570.06Gg039300.1.p	SBP	TFF
SoffiXsponR570.02Eg143100.2.p	bHLH	TFF
SoffiXsponR570.09Cg034000.1.p	DDT	OTR
SoffiXsponR570.05Ag200100.1.p	bHLH	TFF
SoffiXsponR570.05Cg187900.1.p	bHLH	TFF
SoffiXsponR570.07Bg117100.1.p	TAZ	TFF
SoffiXsponR570.06Ag002700.2.p	GRAS	TFF
SoffiXsponR570.04Ag219300.1.p	TRAF	OTR
SoffiXsponR570.09Bg001900.2.p	PAS	TFF
SoffiXsponR570.7_10Ag365800.2.p	ABI3VP1	TFF
SoffiXsponR570.04Eg105700.1.p	ARF	TFF
SoffiXsponR570.02Fg316300.4.p	C2H2	TFF
SoffiXsponR570.05Cg031700.4.p	bHLH	TFF
SoffiXsponR570.06Ag164100.1.p	TUB	TFF
SoffiXsponR570.06Fg154200.1.p	WRKY	TFF
SoffiXsponR570.09Ag040500.3.p	PHD	OTR
SoffiXsponR570.10Cg131300.1.p	OFP	TFF
SoffiXsponR570.04Bg215200.4.p	ARF	TFF
SoffiXsponR570.08Eg044800.3.p	PAS	TFF
SoffiXsponR570.02Bg034100.1.p	C2H2	TFF
SoffiXsponR570.09Bg050900.1.p	GRAS	TFF
SoffiXsponR570.05Eg292800.2.p	bHLH	TFF
SoffiXsponR570.5_9Ag095200.1.p	ABI3VP1	TFF
SoffiXsponR570.08Dg026100.1.p	zf-LSD1	TFF
SoffiXsponR570.05Dg155100.1.p	WRKY	TFF
SoffiXsponR570.08Cg086100.1.p	MYB	TFF
SoffiXsponR570.10Bg093300.1.p	PAS	TFF
SoffiXsponR570.02Dg123700.1.p	C2C2-Dof	TFF
SoffiXsponR570.07Eg216400.1.p	CCAAT	TFF
SoffiXsponR570.8_10Ag029100.2.p	ABI3VP1	TFF
SoffiXsponR570.6_9Ag279400.1.p	OFP	TFF
SoffiXsponR570.01Bg277500.1.p	AP2-EREBP	TFF
SoffiXsponR570.08Ag056200.2.p	C3H	TFF
SoffiXsponR570.07Bg000200.1.p	GeBP	TFF
SoffiXsponR570.05Fg166900.1.p	AUX/IAA	OTR
SoffiXsponR570.10Ag031500.1.p	C2H2	TFF
SoffiXsponR570.05Cg252600.4.p	SET	OTR
SoffiXsponR570.10Cg006100.1.p	MYB	TFF
SoffiXsponR570.01Fg277200.3.p	AP2-EREBP	TFF
SoffiXsponR570.09Cg013000.1.p	GRAS	TFF
SoffiXsponR570.01Ag034100.1.p	mTERF	OTR
SoffiXsponR570.06Ag153600.1.p	AP2-EREBP	TFF
SoffiXsponR570.08Ag058900.1.p	Sigma70-like	TFF
SoffiXsponR570.8_5Ag136700.5.p	SET	OTR
SoffiXsponR570.09Bg106100.3.p	MYB	TFF
SoffiXsponR570.02Eg193400.1.p	bZIP	TFF
SoffiXsponR570.03Cg312400.1.p	bHLH	TFF
SoffiXsponR570.08Bg074000.1.p	CCAAT	TFF
SoffiXsponR570.05Dg241500.1.p	AP2-EREBP	TFF
SoffiXsponR570.02Cg219700.1.p	AP2-EREBP	TFF
SoffiXsponR570.8_5Ag209700.3.p	CCAAT	TFF
SoffiXsponR570.07Cg002300.1.p	GeBP	TFF
SoffiXsponR570.01Fg089700.2.p	bHLH	TFF
SoffiXsponR570.03Ag274200.2.p	MYB	TFF
SoffiXsponR570.6_9Ag221000.1.p	MYB-related	TFF
SoffiXsponR570.02Bg157600.1.p	OFP	TFF
SoffiXsponR570.5_9Ag492200.1.p	bHLH	TFF
SoffiXsponR570.10Bg136400.1.p	Top	TFF
SoffiXsponR570.01Cg111600.2.p	TIG	TFF
SoffiXsponR570.7_10Ag274700.1.p	bHLH	TFF
SoffiXsponR570.02Fg028400.1.p	MADS	TFF
SoffiXsponR570.03Cg089500.1.p	bHLH	TFF
SoffiXsponR570.09Bg035000.8.p	SET	OTR
SoffiXsponR570.02Dg012200.1.p	OFP	TFF
SoffiXsponR570.08Ag097600.1.p	MYB	TFF
SoffiXsponR570.06Ag068800.1.p	MYB	TFF
SoffiXsponR570.9os1g012000.1.p	bZIP	TFF
SoffiXsponR570.02Fg314100.3.p	TUB	TFF
SoffiXsponR570.04Cg077000.1.p	AP2-EREBP	TFF
SoffiXsponR570.9os1g019800.11.p	SAP	TFF
SoffiXsponR570.07Ag134600.1.p	TCP	TFF
SoffiXsponR570.01Eg005800.1.p	WRKY	TFF
SoffiXsponR570.03Dg166400.2.p	MYB-related	TFF
SoffiXsponR570.8_10Ag295500.1.p	AP2-EREBP	TFF
SoffiXsponR570.03Bg051400.2.p	ARF	TFF
SoffiXsponR570.09Eg053000.2.p	MYB-related	TFF
SoffiXsponR570.01Fg319300.1.p	bZIP	TFF
SoffiXsponR570.09Eg052800.1.p	MYB	TFF
SoffiXsponR570.02Ag376300.1.p	AP2-EREBP	TFF
SoffiXsponR570.01Dg034900.1.p	MYB-related	TFF
SoffiXsponR570.06Gg107900.1.p	WRKY	TFF
SoffiXsponR570.6_9Ag133100.1.p	Top	TFF
SoffiXsponR570.07Cg074100.1.p	SET	OTR
SoffiXsponR570.07Bg205100.1.p	PHD	OTR
SoffiXsponR570.07Bg267100.1.p	CCAAT	TFF
SoffiXsponR570.07Cg183100.3.p	GRAS	TFF
SoffiXsponR570.06Cg099500.1.p	TUB	TFF
SoffiXsponR570.03Eg181900.3.p	Trihelix	TFF
SoffiXsponR570.02Bg219300.1.p	bHLH	TFF
SoffiXsponR570.04Cg076900.1.p	bHLH	TFF
SoffiXsponR570.01Ag281400.1.p	bHLH	TFF
SoffiXsponR570.01Bg441600.1.p	GNAT	OTR
SoffiXsponR570.08Ag038200.1.p	bHLH	TFF
SoffiXsponR570.04Fg091500.4.p	AP2-EREBP	TFF
SoffiXsponR570.02Dg033500.1.p	TRAF	OTR
SoffiXsponR570.02Bg335200.2.p	TAZ	TFF
SoffiXsponR570.01Bg386800.1.p	AP2-EREBP	TFF
SoffiXsponR570.01Ag300900.1.p	MYB-related	TFF
SoffiXsponR570.05Fg214900.1.p	FHA	TFF
SoffiXsponR570.08Ag005000.10.p	PHD	OTR
SoffiXsponR570.03Gg083500.1.p	MADS	TFF
SoffiXsponR570.08Ag089800.1.p	TRAF	OTR
SoffiXsponR570.03Ag226900.3.p	MYB-related	TFF
SoffiXsponR570.05Bg102400.2.p	BBR/BPC	TFF
SoffiXsponR570.01Cg329000.4.p	MADS	TFF
SoffiXsponR570.05Ag189900.1.p	GeBP	TFF
SoffiXsponR570.03Gg007500.1.p	C3H	TFF
SoffiXsponR570.10Bg044700.2.p	bZIP	TFF
SoffiXsponR570.06Eg114000.1.p	mTERF	OTR
SoffiXsponR570.06Dg022100.1.p	NAC	TFF
SoffiXsponR570.01Cg329000.6.p	MADS	TFF
SoffiXsponR570.01Eg125300.3.p	GRAS	TFF
SoffiXsponR570.05Dg281100.2.p	GRAS	TFF
SoffiXsponR570.8_10Ag148600.1.p	GRAS	TFF
SoffiXsponR570.07Dg165800.2.p	C2C2-Dof	TFF
SoffiXsponR570.04Cg003800.2.p	GRAS	TFF
SoffiXsponR570.05Eg265000.1.p	PHD	OTR
SoffiXsponR570.05Fg036400.1.p	FHA	TFF
SoffiXsponR570.10Dg126200.1.p	Jumonji	OTR
SoffiXsponR570.01Cg248500.2.p	PHD	OTR
SoffiXsponR570.02Ag101000.1.p	NAC	TFF
SoffiXsponR570.8_10Ag233200.1.p	mTERF	OTR
SoffiXsponR570.01Ag483400.1.p	AP2-EREBP	TFF
SoffiXsponR570.03Eg276900.1.p	GRAS	TFF
SoffiXsponR570.01Bg242500.1.p	Tify	TFF
SoffiXsponR570.06Fg021500.5.p	SAP	TFF
SoffiXsponR570.08Bg054100.3.p	C3H	TFF
SoffiXsponR570.02Cg314100.1.p	WRKY	TFF
SoffiXsponR570.02Fg347600.1.p	C3H	TFF
SoffiXsponR570.05Ag171200.1.p	zf-HD	TFF
SoffiXsponR570.03Eg043400.1.p	PHD	OTR
SoffiXsponR570.01Fg250500.1.p	NAC	TFF
SoffiXsponR570.05Dg198200.1.p	mTERF	OTR
SoffiXsponR570.05Eg048300.2.p	HSF	TFF
SoffiXsponR570.01Bg160500.1.p	C2H2	TFF
SoffiXsponR570.10Cg184400.2.p	GRAS	TFF
SoffiXsponR570.03Fg100400.1.p	C2C2-GATA	TFF
SoffiXsponR570.02Dg332000.2.p	HB	TFF
SoffiXsponR570.07Dg153000.1.p	AP2-EREBP	TFF
SoffiXsponR570.02Gg041100.1.p	AP2-EREBP	TFF
SoffiXsponR570.01Ag403200.1.p	C3H	TFF
SoffiXsponR570.05Ag317600.1.p	C2H2	TFF
SoffiXsponR570.07Eg105300.5.p	Trihelix	TFF
SoffiXsponR570.03Ag093900.1.p	C2C2-GATA	TFF
SoffiXsponR570.01Bg097800.2.p	HB	TFF
SoffiXsponR570.1Z179700.1.p	FAR1	TFF
SoffiXsponR570.10Eg037200.2.p	C3H	TFF
SoffiXsponR570.08Dg117200.1.p	AP2-EREBP	TFF
SoffiXsponR570.03Eg083100.1.p	AP2-EREBP	TFF
SoffiXsponR570.02Gg165600.1.p	HSF	TFF
SoffiXsponR570.04Cg154200.1.p	MADS	TFF
SoffiXsponR570.10Dg033900.1.p	OFP	TFF
SoffiXsponR570.05Bg331800.8.p	Tify	TFF
SoffiXsponR570.05Eg148200.1.p	zf-BED	TFF
SoffiXsponR570.9us90g010600.1.p	LIM	TFF
SoffiXsponR570.01Ag174200.1.p	ABI3VP1	TFF
SoffiXsponR570.02Fg216300.1.p	C2C2-Dof	TFF
SoffiXsponR570.04Ag103000.1.p	bHLH	TFF
SoffiXsponR570.09Dg018700.2.p	FAR1	TFF
SoffiXsponR570.06Dg024500.1.p	bHLH	TFF
SoffiXsponR570.05Cg189000.1.p	AP2-EREBP	TFF
SoffiXsponR570.01Ag145200.1.p	bHLH	TFF
SoffiXsponR570.01Dg343300.1.p	SET	OTR
SoffiXsponR570.02Gg118300.3.p	C3H	TFF
SoffiXsponR570.02Eg265200.2.p	Top	TFF
SoffiXsponR570.02Bg320700.2.p	C2H2	TFF
SoffiXsponR570.08Dg143200.1.p	C2H2	TFF
SoffiXsponR570.06Cg016300.1.p	MYB-related	TFF
SoffiXsponR570.04Ag225000.1.p	TRAF	OTR
SoffiXsponR570.05Gg175700.2.p	Jumonji	OTR
SoffiXsponR570.01Fg256400.1.p	MYB-related	TFF
SoffiXsponR570.02Ag076900.2.p	ABI3VP1	TFF
SoffiXsponR570.05Bg284900.2.p	GRAS	TFF
SoffiXsponR570.03Fg001000.1.p	bZIP	TFF
SoffiXsponR570.5_9Ag469200.3.p	PHD	OTR
SoffiXsponR570.04Cg164900.1.p	C2C2-GATA	TFF
SoffiXsponR570.01Ag335000.2.p	WRKY	TFF
SoffiXsponR570.01Bg227800.1.p	C2H2	TFF
SoffiXsponR570.03Dg080700.3.p	bZIP	TFF
SoffiXsponR570.05Ag012000.1.p	MADS	TFF
SoffiXsponR570.01Eg064400.1.p	TRAF	OTR
SoffiXsponR570.02Ag004600.2.p	RWP-RK	TFF
SoffiXsponR570.01Eg249100.2.p	MYB-related	TFF
SoffiXsponR570.08Cg070900.4.p	SET	OTR
SoffiXsponR570.07Bg201400.1.p	WRKY	TFF
SoffiXsponR570.8_5Ag240700.1.p	TRAF	OTR
SoffiXsponR570.09Cg120900.1.p	C2C2-Dof	TFF
SoffiXsponR570.01Cg107000.1.p	Tify	TFF
SoffiXsponR570.01Dg011900.1.p	bHLH	TFF
SoffiXsponR570.03Eg278000.1.p	OFP	TFF
SoffiXsponR570.02Ag036100.1.p	C2H2	TFF
SoffiXsponR570.05Ag163400.2.p	Jumonji	OTR
SoffiXsponR570.02Gg109400.1.p	WRKY	TFF
SoffiXsponR570.7os1g060100.2.p	bZIP	TFF
SoffiXsponR570.05Bg193200.1.p	WRKY	TFF
SoffiXsponR570.08Dg033400.1.p	CCAAT	TFF
SoffiXsponR570.02Fg290600.1.p	MYB	TFF
SoffiXsponR570.04Fg030900.2.p	C3H	TFF
SoffiXsponR570.05Eg031000.1.p	MYB	TFF
SoffiXsponR570.07Eg105300.3.p	Trihelix	TFF
SoffiXsponR570.02Cg050200.1.p	Top	TFF
SoffiXsponR570.1Z198100.1.p	MYB-related	TFF
SoffiXsponR570.05Bg210400.2.p	SBP	TFF
SoffiXsponR570.02Gg161000.1.p	MADS	TFF
SoffiXsponR570.05Fg278600.6.p	MYB	TFF
SoffiXsponR570.04Fg142600.1.p	SRS	TFF
SoffiXsponR570.09Cg042100.1.p	OFP	TFF
SoffiXsponR570.04Cg036500.3.p	Top	TFF
SoffiXsponR570.3os2g002400.6.p	MYB	TFF
SoffiXsponR570.10Fg091200.2.p	GRAS	TFF
SoffiXsponR570.07Ag023600.1.p	ABI3VP1	TFF
SoffiXsponR570.03Dg252100.6.p	zf-C5HC2	TFF
SoffiXsponR570.05Dg252100.1.p	bZIP	TFF
SoffiXsponR570.02Cg000800.1.p	RWP-RK	TFF
SoffiXsponR570.08Bg165600.1.p	NAC	TFF
SoffiXsponR570.02Cg267400.1.p	AUX/IAA	OTR
SoffiXsponR570.09Ag045500.1.p	bZIP	TFF
SoffiXsponR570.05Cg109100.1.p	C2H2	TFF
SoffiXsponR570.07Eg134500.1.p	ABI3VP1	TFF
SoffiXsponR570.08Cg070900.2.p	SET	OTR
SoffiXsponR570.6_9Ag233800.2.p	bZIP	TFF
SoffiXsponR570.05Bg193200.2.p	WRKY	TFF
SoffiXsponR570.08Bg082800.2.p	PHD	OTR
SoffiXsponR570.05Dg333700.1.p	GRAS	TFF
SoffiXsponR570.01Bg150400.1.p	MYB	TFF
SoffiXsponR570.05Ag301300.1.p	bHLH	TFF
SoffiXsponR570.09Bg060100.1.p	MYB-related	TFF
SoffiXsponR570.05Fg302000.2.p	TUB	TFF
SoffiXsponR570.05Cg053000.1.p	HSF	TFF
SoffiXsponR570.09Dg118200.1.p	TFIID	TFF
SoffiXsponR570.6us88g040600.1.p	C2H2	TFF
SoffiXsponR570.05Fg277100.1.p	SAP	TFF
SoffiXsponR570.01Bg481500.1.p	HB	TFF
SoffiXsponR570.08Eg114100.1.p	SBP	TFF
SoffiXsponR570.03Gg103200.2.p	SET	OTR
SoffiXsponR570.08Bg144500.1.p	AP2-EREBP	TFF
SoffiXsponR570.04Ag084600.1.p	AP2-EREBP	TFF
SoffiXsponR570.01Eg306100.1.p	bZIP	TFF
SoffiXsponR570.03Dg287700.1.p	bHLH	TFF
SoffiXsponR570.7_10Ag130700.1.p	ABI3VP1	TFF
SoffiXsponR570.02Bg181800.1.p	MYB	TFF
SoffiXsponR570.04Eg074100.1.p	bZIP	TFF
SoffiXsponR570.05Fg137800.1.p	C2H2	TFF
SoffiXsponR570.06Eg087100.6.p	AP2-EREBP	TFF
SoffiXsponR570.02Ag107900.1.p	C3H	TFF
SoffiXsponR570.10Dg187200.1.p	GRAS	TFF
SoffiXsponR570.6_9Ag154300.1.p	GNAT	OTR
SoffiXsponR570.02Eg203200.1.p	TUB	TFF
SoffiXsponR570.05Bg051300.1.p	CPP	TFF
SoffiXsponR570.02Ag068300.1.p	CCAAT	TFF
SoffiXsponR570.8_10Ag204400.4.p	WRKY	TFF
SoffiXsponR570.05Bg263200.1.p	PHD	OTR
SoffiXsponR570.01Ag055500.1.p	WRKY	TFF
SoffiXsponR570.04Ag044200.2.p	Top	TFF
SoffiXsponR570.07Bg176200.4.p	C2H2	TFF
SoffiXsponR570.06Gg151800.1.p	MYB-related	TFF
SoffiXsponR570.03Cg124200.1.p	bHLH	TFF
SoffiXsponR570.02Gg219900.1.p	OFP	TFF
SoffiXsponR570.7_10Ag312700.2.p	Rcd1-like	OTR
SoffiXsponR570.10Bg034500.1.p	MYB-related	TFF
SoffiXsponR570.02Bg265200.1.p	Top	TFF
SoffiXsponR570.03Gg132100.1.p	PLATZ	TFF
SoffiXsponR570.03Ag263200.1.p	GNAT	OTR
SoffiXsponR570.02Cg405500.2.p	TRAF	OTR
SoffiXsponR570.07Eg025600.7.p	TIG	TFF
SoffiXsponR570.04Fg068700.5.p	Top	TFF
SoffiXsponR570.08Eg029500.4.p	SET	OTR
SoffiXsponR570.08Dg054800.1.p	TRAF	OTR
SoffiXsponR570.01Eg184100.6.p	GRAS	TFF
SoffiXsponR570.06Cg102600.1.p	C2H2	TFF
SoffiXsponR570.5_9Ag017600.1.p	NAC	TFF
SoffiXsponR570.5_9Ag103200.1.p	bHLH	TFF
SoffiXsponR570.02Fg077300.1.p	MYB	TFF
SoffiXsponR570.5_9Ag294000.1.p	MYB	TFF
SoffiXsponR570.7_10Ag014200.1.p	WRKY	TFF
SoffiXsponR570.02Cg071700.2.p	MED26	OTR
SoffiXsponR570.02Bg306400.2.p	HB	TFF
SoffiXsponR570.7_10Ag334800.1.p	bZIP	TFF
SoffiXsponR570.1Z095700.1.p	bZIP	TFF
SoffiXsponR570.03Eg263800.2.p	zf-HD	TFF
SoffiXsponR570.10us89g054300.3.p	MED26	OTR
SoffiXsponR570.03Fg065500.2.p	bZIP	TFF
SoffiXsponR570.7_10Ag176100.1.p	E2F-DP	TFF
SoffiXsponR570.02Gg102700.4.p	C3H	TFF
SoffiXsponR570.07Cg064600.2.p	S1Fa-like	TFF
SoffiXsponR570.04Cg132500.1.p	PHD	OTR
SoffiXsponR570.01Fg221800.2.p	LIM	TFF
SoffiXsponR570.01Dg314300.2.p	MYB-related	TFF
SoffiXsponR570.8_5Ag170100.1.p	bHLH	TFF
SoffiXsponR570.05Eg198800.1.p	EIL	TFF
SoffiXsponR570.03Bg258900.1.p	mTERF	OTR
SoffiXsponR570.07Eg056100.1.p	WRKY	TFF
SoffiXsponR570.02Fg335900.1.p	AP2-EREBP	TFF
SoffiXsponR570.06Gg079100.1.p	GRAS	TFF
SoffiXsponR570.02Gg174100.3.p	HB	TFF
SoffiXsponR570.10Cg126300.1.p	PAS	TFF
SoffiXsponR570.02Ag133000.4.p	SBP	TFF
SoffiXsponR570.08Cg204200.1.p	bHLH	TFF
SoffiXsponR570.02Ag072800.2.p	MED26	OTR
SoffiXsponR570.01Eg020400.1.p	C2H2	TFF
SoffiXsponR570.05Dg187200.2.p	ARID	OTR
SoffiXsponR570.01Fg220000.1.p	Sigma70-like	TFF
SoffiXsponR570.07Bg048100.1.p	bHLH	TFF
SoffiXsponR570.09Ag086700.3.p	ARF	TFF
SoffiXsponR570.07Bg205100.8.p	PHD	OTR
SoffiXsponR570.03Bg208900.2.p	C2H2	TFF
SoffiXsponR570.8_10Ag207200.1.p	TRAF	OTR
SoffiXsponR570.06Cg130200.1.p	AP2-EREBP	TFF
SoffiXsponR570.04Bg000500.2.p	TRAF	OTR
SoffiXsponR570.07Ag030400.1.p	MYB	TFF
SoffiXsponR570.09Dg025200.2.p	C3H	TFF
SoffiXsponR570.02Cg344000.1.p	C2C2-Dof	TFF
SoffiXsponR570.02Cg388000.1.p	MYB	TFF
SoffiXsponR570.08Ag142100.1.p	MYB	TFF
SoffiXsponR570.5_9Ag161800.1.p	AP2-EREBP	TFF
SoffiXsponR570.02Gg093100.2.p	MYB-related	TFF
SoffiXsponR570.06Cg176700.1.p	AP2-EREBP	TFF
SoffiXsponR570.01Cg387700.4.p	SWI/SNF-BAF60b	OTR
SoffiXsponR570.06Eg070500.1.p	NAC	TFF
SoffiXsponR570.02Gg192500.1.p	bHLH	TFF
SoffiXsponR570.10us89g094200.1.p	AUX/IAA	OTR
SoffiXsponR570.01Bg407800.2.p	AP2-EREBP	TFF
SoffiXsponR570.05Cg319000.1.p	bHLH	TFF
SoffiXsponR570.03Eg213800.1.p	MYB-related	TFF
SoffiXsponR570.06Gg082100.1.p	SET	OTR
SoffiXsponR570.08Bg056900.1.p	Sigma70-like	TFF
SoffiXsponR570.8_5Ag112400.1.p	MBF1	OTR
SoffiXsponR570.01Dg387800.3.p	SWI/SNF-BAF60b	OTR
SoffiXsponR570.01Eg100100.2.p	bHLH	TFF
SoffiXsponR570.10Eg014900.1.p	PHD	OTR
SoffiXsponR570.01Eg439500.1.p	AP2-EREBP	TFF
SoffiXsponR570.03Ag288600.1.p	mTERF	OTR
SoffiXsponR570.09Ag003700.1.p	C2C2-Dof	TFF
SoffiXsponR570.01Eg090900.1.p	MADS	TFF
SoffiXsponR570.05Ag365400.1.p	CCAAT	TFF
SoffiXsponR570.04Eg107000.1.p	MYB	TFF
SoffiXsponR570.01Fg238600.3.p	MYB-related	TFF
SoffiXsponR570.03Ag227000.1.p	zf-C5HC2	TFF
SoffiXsponR570.02Cg396400.1.p	CCAAT	TFF
SoffiXsponR570.08Eg138300.7.p	Pseudo_ARR-B	OTR
SoffiXsponR570.01Dg381400.1.p	NAC	TFF
SoffiXsponR570.05Dg345000.1.p	Tudor-knot	OTR
SoffiXsponR570.03Gg001700.5.p	HB	TFF
SoffiXsponR570.01Ag174000.1.p	ABI3VP1	TFF
SoffiXsponR570.06Eg121900.3.p	NAC	TFF
SoffiXsponR570.05Eg181200.2.p	AP2-EREBP	TFF
SoffiXsponR570.02Fg297500.1.p	WRKY	TFF
SoffiXsponR570.02Eg000300.2.p	NAC	TFF
SoffiXsponR570.07Ag145400.3.p	Trihelix	TFF
SoffiXsponR570.6_9Ag133300.1.p	MYB-related	TFF
SoffiXsponR570.04Ag241000.1.p	PAS	TFF
SoffiXsponR570.03Bg097600.1.p	CPP	TFF
SoffiXsponR570.02Dg232500.1.p	AUX/IAA	OTR
SoffiXsponR570.03Cg264300.1.p	E2F-DP	TFF
SoffiXsponR570.8_10Ag160000.1.p	bHLH	TFF
SoffiXsponR570.02Bg162700.1.p	MYB-related	TFF
SoffiXsponR570.02Fg324600.1.p	MADS	TFF
SoffiXsponR570.06Cg007200.1.p	PLATZ	TFF
SoffiXsponR570.6_9Ag254200.1.p	OFP	TFF
SoffiXsponR570.07Cg152100.1.p	LIM	TFF
SoffiXsponR570.8_10Ag296500.1.p	bZIP	TFF
SoffiXsponR570.04Ag045100.2.p	TRAF	OTR
SoffiXsponR570.8_5Ag131800.1.p	MYB	TFF
SoffiXsponR570.05Eg248500.8.p	SET	OTR
SoffiXsponR570.05Bg228400.1.p	SRS	TFF
SoffiXsponR570.6_9Ag278600.1.p	VOZ	TFF
SoffiXsponR570.06Gg092500.1.p	NAC	TFF
SoffiXsponR570.07Dg031200.8.p	bHLH	TFF
SoffiXsponR570.06Cg075900.1.p	AP2-EREBP	TFF
SoffiXsponR570.06Dg021800.1.p	NAC	TFF
SoffiXsponR570.05Eg114700.2.p	bZIP	TFF
SoffiXsponR570.01Cg290900.3.p	MYB-related	TFF
SoffiXsponR570.02Eg328500.1.p	MADS	TFF
SoffiXsponR570.1Z033800.1.p	TIG	TFF
SoffiXsponR570.03Eg189200.1.p	PLATZ	TFF
SoffiXsponR570.03Bg227600.2.p	C2C2-Dof	TFF
SoffiXsponR570.02Eg164300.2.p	Top	TFF
SoffiXsponR570.07Dg149800.11.p	Trihelix	TFF
SoffiXsponR570.03Bg245400.1.p	MYB	TFF
SoffiXsponR570.06Cg118600.1.p	OFP	TFF
SoffiXsponR570.02Dg183300.1.p	WRKY	TFF
SoffiXsponR570.09Ag035800.1.p	SET	OTR
SoffiXsponR570.04Eg133500.3.p	SBP	TFF
SoffiXsponR570.08Dg155400.1.p	MED26	OTR
SoffiXsponR570.7_10Ag252800.1.p	TCP	TFF
SoffiXsponR570.06Fg067200.7.p	bHLH	TFF
SoffiXsponR570.10Ag223700.1.p	GRAS	TFF
SoffiXsponR570.02Eg360900.1.p	CCAAT	TFF
SoffiXsponR570.06Gg141500.1.p	C3H	TFF
SoffiXsponR570.01Fg098100.1.p	MYB-related	TFF
SoffiXsponR570.03Cg295200.3.p	zf-C5HC2	TFF
SoffiXsponR570.02Ag180500.2.p	C3H	TFF
SoffiXsponR570.03Ag119600.1.p	GeBP	TFF
SoffiXsponR570.08Eg086700.1.p	C2H2	TFF
SoffiXsponR570.10Dg194500.1.p	GRAS	TFF
SoffiXsponR570.05Gg202800.1.p	zf-A20	TFF
SoffiXsponR570.03Cg331700.1.p	Jumonji	OTR
SoffiXsponR570.9us90g075400.2.p	C2C2-GATA	TFF
SoffiXsponR570.08Eg149500.1.p	bZIP	TFF
SoffiXsponR570.01Ag037300.2.p	AP2-EREBP	TFF
SoffiXsponR570.01Dg087900.5.p	Top	TFF
SoffiXsponR570.06Eg078800.1.p	NAC	TFF
SoffiXsponR570.03Eg007200.7.p	Jumonji	OTR
SoffiXsponR570.05Gg082400.3.p	SET	OTR
SoffiXsponR570.02Ag371400.1.p	TAZ	TFF
SoffiXsponR570.09Ag059400.1.p	MYB	TFF
SoffiXsponR570.02Dg002600.1.p	G2-like	TFF
SoffiXsponR570.8_5Ag024500.1.p	MYB-related	TFF
SoffiXsponR570.01Dg334000.1.p	AP2-EREBP	TFF
SoffiXsponR570.8_5Ag208700.1.p	CCAAT	TFF
SoffiXsponR570.10Eg050600.3.p	ARF	TFF
SoffiXsponR570.1Z040200.1.p	ABI3VP1	TFF
SoffiXsponR570.01Ag106100.3.p	HB	TFF
SoffiXsponR570.05Eg248500.7.p	SET	OTR
SoffiXsponR570.02Cg191100.6.p	Top	TFF
SoffiXsponR570.01Dg277700.1.p	GRAS	TFF
SoffiXsponR570.1Z021700.1.p	GNAT	OTR
SoffiXsponR570.01Eg205800.1.p	MYB	TFF
SoffiXsponR570.09Cg012900.1.p	GRAS	TFF
SoffiXsponR570.08Cg189600.1.p	EIL	TFF
SoffiXsponR570.04Dg145100.2.p	FAR1	TFF
SoffiXsponR570.06Eg076700.3.p	MYB	TFF
SoffiXsponR570.8_5Ag191400.1.p	ARF	TFF
SoffiXsponR570.01Ag306900.4.p	GRAS	TFF
SoffiXsponR570.8_10Ag180000.6.p	MYB-related	TFF
SoffiXsponR570.02Fg266100.1.p	zf-A20	TFF
SoffiXsponR570.8_5Ag128100.1.p	Tify	TFF
SoffiXsponR570.02Fg260800.1.p	C2C2-Dof	TFF
SoffiXsponR570.03Ag343400.2.p	C2H2	TFF
SoffiXsponR570.04Ag136900.2.p	PHD	OTR
SoffiXsponR570.05Bg247000.9.p	SET	OTR
SoffiXsponR570.05Cg365000.4.p	PHD	OTR
SoffiXsponR570.04Cg036500.1.p	Top	TFF
SoffiXsponR570.09Ag169200.2.p	HB	TFF
SoffiXsponR570.9os1g060800.1.p	mTERF	OTR
SoffiXsponR570.05Bg124200.2.p	ABI3VP1	TFF
SoffiXsponR570.02Ag282700.2.p	AP2-EREBP	TFF
SoffiXsponR570.05Bg341800.1.p	Tudor-knot	OTR
SoffiXsponR570.03Bg142900.1.p	DDT	OTR
SoffiXsponR570.01Eg190900.1.p	MYB-related	TFF
SoffiXsponR570.7_10Ag157300.1.p	TIG	TFF
SoffiXsponR570.08Dg081400.1.p	PAS	TFF
SoffiXsponR570.09Cg144500.2.p	bHLH	TFF
SoffiXsponR570.6_9Ag332500.3.p	MYB-related	TFF
SoffiXsponR570.06Cg139500.3.p	TCP	TFF
SoffiXsponR570.05Eg176600.1.p	C2H2	TFF
SoffiXsponR570.01Ag161400.2.p	CCAAT	TFF
SoffiXsponR570.8_10Ag301600.3.p	RB	OTR
SoffiXsponR570.02Fg043300.1.p	WRKY	TFF
SoffiXsponR570.7os1g060100.3.p	bZIP	TFF
SoffiXsponR570.06Gg041600.1.p	MYB-related	TFF
SoffiXsponR570.01Ag302700.2.p	bHLH	TFF
SoffiXsponR570.9os1g009300.3.p	bZIP	TFF
SoffiXsponR570.06Dg143400.1.p	C2C2-GATA	TFF
SoffiXsponR570.01Ag389500.4.p	EIL	TFF
SoffiXsponR570.09Ag135300.1.p	MYB-related	TFF
SoffiXsponR570.08Cg151700.5.p	C2H2	TFF
SoffiXsponR570.5_9Ag304400.1.p	WRKY	TFF
SoffiXsponR570.01Ag531800.1.p	HB	TFF
SoffiXsponR570.04Eg097100.1.p	TRAF	OTR
SoffiXsponR570.6_9Ag328900.3.p	bHLH	TFF
SoffiXsponR570.05Bg244400.1.p	NAC	TFF
SoffiXsponR570.04Bg152600.1.p	BES1	TFF
SoffiXsponR570.09Bg071600.1.p	zf-HD	TFF
SoffiXsponR570.02Cg390100.2.p	ARF	TFF
SoffiXsponR570.02Fg323600.1.p	GRAS	TFF
SoffiXsponR570.06Cg035300.2.p	NAC	TFF
SoffiXsponR570.04Ag101100.4.p	MADS	TFF
SoffiXsponR570.01Eg106100.2.p	HB	TFF
SoffiXsponR570.02Dg399100.1.p	TRAF	OTR
SoffiXsponR570.07Dg143700.1.p	C2C2-GATA	TFF
SoffiXsponR570.02Cg222200.1.p	C2C2-GATA	TFF
SoffiXsponR570.04Dg104100.2.p	LIM	TFF
SoffiXsponR570.03Ag153600.1.p	MADS	TFF
SoffiXsponR570.8_5Ag191400.2.p	AUX/IAA	OTR
SoffiXsponR570.05Cg377500.1.p	ABI3VP1	TFF
SoffiXsponR570.02Cg172500.2.p	bHLH	TFF
SoffiXsponR570.06Eg149900.1.p	WRKY	TFF
SoffiXsponR570.01Fg233300.1.p	CCAAT	TFF
SoffiXsponR570.03Ag346400.1.p	TCP	TFF
SoffiXsponR570.03Eg277600.4.p	MYB-related	TFF
SoffiXsponR570.10Bg022200.2.p	GRAS	TFF
SoffiXsponR570.04Cg192800.6.p	AP2-EREBP	TFF
SoffiXsponR570.03Cg072800.2.p	zf-A20	TFF
SoffiXsponR570.9os1g058800.3.p	C2C2-Dof	TFF
SoffiXsponR570.05Cg184500.2.p	PHD	OTR
SoffiXsponR570.08Bg164600.1.p	bZIP	TFF
SoffiXsponR570.01Dg289400.1.p	FAR1	TFF
SoffiXsponR570.03Cg012800.2.p	bHLH	TFF
SoffiXsponR570.01Dg277700.4.p	GRAS	TFF
SoffiXsponR570.5_9Ag094900.6.p	FAR1	TFF
SoffiXsponR570.07Bg163000.1.p	AP2-EREBP	TFF
SoffiXsponR570.07Ag145400.5.p	Trihelix	TFF
SoffiXsponR570.01Bg330900.1.p	TUB	TFF
SoffiXsponR570.09Cg076000.1.p	bZIP	TFF
SoffiXsponR570.08Bg032100.4.p	zf-LSD1	TFF
SoffiXsponR570.01Cg219700.1.p	Top	TFF
SoffiXsponR570.01Ag247700.1.p	TRAF	OTR
SoffiXsponR570.03Eg130900.1.p	C3H	TFF
SoffiXsponR570.04Dg199300.1.p	MYB-related	TFF
SoffiXsponR570.07Dg148600.1.p	MYB-related	TFF
SoffiXsponR570.01Cg016700.1.p	GRAS	TFF
SoffiXsponR570.03Gg044100.1.p	NAC	TFF
SoffiXsponR570.07Bg236700.3.p	AP2-EREBP	TFF
SoffiXsponR570.04Gg006100.1.p	ABI3VP1	TFF
SoffiXsponR570.6us88g012400.4.p	Top	TFF
SoffiXsponR570.01Fg054400.1.p	SET	OTR
SoffiXsponR570.06Dg104900.1.p	AP2-EREBP	TFF
SoffiXsponR570.02Cg411700.1.p	SRS	TFF
SoffiXsponR570.1Z282200.1.p	bHLH	TFF
SoffiXsponR570.10Eg021800.1.p	AUX/IAA	OTR
SoffiXsponR570.02Cg388400.1.p	Tify	TFF
SoffiXsponR570.01Fg302200.1.p	C2C2-GATA	TFF
SoffiXsponR570.04Fg081500.1.p	bZIP	TFF
SoffiXsponR570.07Eg205300.7.p	AUX/IAA	OTR
SoffiXsponR570.05Dg179100.2.p	bHLH	TFF
SoffiXsponR570.04Gg038200.2.p	Top	TFF
SoffiXsponR570.5_9Ag176900.1.p	bHLH	TFF
SoffiXsponR570.08Ag085700.1.p	PHD	OTR
SoffiXsponR570.01Eg361800.3.p	MYB-related	TFF
SoffiXsponR570.8_5Ag103800.1.p	WRKY	TFF
SoffiXsponR570.03Gg041500.1.p	MYB-related	TFF
SoffiXsponR570.04Cg057600.1.p	C2H2	TFF
SoffiXsponR570.4us91g017400.1.p	MYB	TFF
SoffiXsponR570.10Ag052900.1.p	PHD	OTR
SoffiXsponR570.04Ag262300.1.p	SRS	TFF
SoffiXsponR570.10Ag222500.2.p	MYB-related	TFF
SoffiXsponR570.10Dg175100.1.p	FAR1	TFF
SoffiXsponR570.05Fg105700.1.p	ARID	OTR
SoffiXsponR570.04Gg082900.1.p	TCP	TFF
SoffiXsponR570.02Dg391300.1.p	CCAAT	TFF
SoffiXsponR570.05Cg262400.1.p	GRAS	TFF
SoffiXsponR570.01Dg048000.1.p	bHLH	TFF
SoffiXsponR570.03Cg098800.1.p	MYB-related	TFF
SoffiXsponR570.04Ag107100.1.p	G2-like	TFF
SoffiXsponR570.01Fg162100.3.p	MED26	OTR
SoffiXsponR570.01Fg171800.2.p	TUB	TFF
SoffiXsponR570.02Bg186200.1.p	C3H	TFF
SoffiXsponR570.08Cg002200.1.p	TRAF	OTR
SoffiXsponR570.06Fg088000.1.p	AP2-EREBP	TFF
SoffiXsponR570.01Cg356300.1.p	C2H2	TFF
SoffiXsponR570.04Dg058900.1.p	zf-MIZ	OTR
SoffiXsponR570.03Gg130600.1.p	MYB	TFF
SoffiXsponR570.09Dg100200.3.p	CPP	TFF
SoffiXsponR570.7_10Ag356100.5.p	C3H	TFF
SoffiXsponR570.05Dg001800.1.p	C2H2	TFF
SoffiXsponR570.09Dg098700.1.p	bZIP	TFF
SoffiXsponR570.02Cg143500.1.p	AP2-EREBP	TFF
SoffiXsponR570.05Cg068300.1.p	AP2-EREBP	TFF
SoffiXsponR570.08Bg176300.1.p	TRAF	OTR
SoffiXsponR570.8_10Ag090300.1.p	TRAF	OTR
SoffiXsponR570.08Bg051300.1.p	MYB-related	TFF
SoffiXsponR570.02Ag010000.2.p	MYB	TFF
SoffiXsponR570.02Eg192300.1.p	WRKY	TFF
SoffiXsponR570.01Bg392200.1.p	Top	TFF
SoffiXsponR570.04Ag084500.1.p	bHLH	TFF
SoffiXsponR570.03Ag292300.1.p	MYB	TFF
SoffiXsponR570.02Dg131200.1.p	SBP	TFF
SoffiXsponR570.04Ag101100.3.p	MADS	TFF
SoffiXsponR570.02Eg289000.1.p	OFP	TFF
SoffiXsponR570.01Ag458700.1.p	MADS	TFF
SoffiXsponR570.5_9Ag118800.1.p	GRAS	TFF
SoffiXsponR570.07Eg111100.1.p	MYB	TFF
SoffiXsponR570.03Ag001100.1.p	bZIP	TFF
SoffiXsponR570.03Eg097300.2.p	bHLH	TFF
SoffiXsponR570.01Fg099600.1.p	MYB-related	TFF
SoffiXsponR570.02Cg009800.3.p	MYB	TFF
SoffiXsponR570.05Cg079100.1.p	NAC	TFF
SoffiXsponR570.05Fg227000.1.p	bHLH	TFF
SoffiXsponR570.01Bg019900.1.p	mTERF	OTR
SoffiXsponR570.03Eg046100.2.p	PAS	TFF
SoffiXsponR570.03Ag270600.1.p	bZIP	TFF
SoffiXsponR570.03Bg074700.1.p	MYB-related	TFF
SoffiXsponR570.5_9Ag391000.1.p	Rcd1-like	OTR
SoffiXsponR570.04Bg113300.1.p	NAC	TFF
SoffiXsponR570.08Eg001100.1.p	bZIP	TFF
SoffiXsponR570.06Eg123400.1.p	SWI/SNF-BAF60b	OTR
SoffiXsponR570.7os1g086500.1.p	C3H	TFF
SoffiXsponR570.10Eg037000.1.p	FHA	TFF
SoffiXsponR570.05Cg057500.1.p	SAP	TFF
SoffiXsponR570.8_10Ag141300.1.p	C2H2	TFF
SoffiXsponR570.01Bg383200.1.p	LIM	TFF
SoffiXsponR570.02Cg129500.3.p	bHLH	TFF
SoffiXsponR570.07Dg093000.1.p	NAC	TFF
SoffiXsponR570.03Cg277000.1.p	C2C2-CO-like	TFF
SoffiXsponR570.03Bg147800.1.p	bHLH	TFF
SoffiXsponR570.03Dg012800.2.p	bHLH	TFF
SoffiXsponR570.05Dg313400.1.p	AP2-EREBP	TFF
SoffiXsponR570.10Cg136200.3.p	Jumonji	OTR
SoffiXsponR570.06Cg192500.2.p	bHLH	TFF
SoffiXsponR570.8_10Ag180000.1.p	MYB-related	TFF
SoffiXsponR570.8_10Ag050200.2.p	RB	OTR
SoffiXsponR570.04Gg107100.1.p	TRAF	OTR
SoffiXsponR570.05Fg119600.1.p	AP2-EREBP	TFF
SoffiXsponR570.07Dg149800.4.p	Trihelix	TFF
SoffiXsponR570.01Cg045600.1.p	bZIP	TFF
SoffiXsponR570.9us90g046000.1.p	ABI3VP1	TFF
SoffiXsponR570.06Eg056200.1.p	Top	TFF
SoffiXsponR570.01Dg056600.2.p	ABI3VP1	TFF
SoffiXsponR570.03Eg024500.1.p	GeBP	TFF
SoffiXsponR570.8_5Ag008200.6.p	PHD	OTR
SoffiXsponR570.08Ag163100.4.p	C2H2	TFF
SoffiXsponR570.05Gg192900.3.p	ARID	OTR
SoffiXsponR570.10Dg066900.1.p	Alfin-like	TFF
SoffiXsponR570.03Bg244100.3.p	NAC	TFF
SoffiXsponR570.01Dg340400.1.p	bHLH	TFF
SoffiXsponR570.03Ag257000.3.p	SET	OTR
SoffiXsponR570.02Bg205100.1.p	GeBP	TFF
SoffiXsponR570.09Cg041000.1.p	bZIP	TFF
SoffiXsponR570.8_10Ag148200.1.p	GRAS	TFF
SoffiXsponR570.09Cg029400.1.p	SET	OTR
SoffiXsponR570.10Bg052200.4.p	MED26	OTR
SoffiXsponR570.06Gg089500.1.p	GRAS	TFF
SoffiXsponR570.03Ag077300.2.p	bZIP	TFF
SoffiXsponR570.05Gg204400.1.p	EIL	TFF
SoffiXsponR570.06Dg151500.1.p	MYB-related	TFF
SoffiXsponR570.06Cg055900.1.p	WRKY	TFF
SoffiXsponR570.04Bg173800.2.p	MYB-related	TFF
SoffiXsponR570.07Eg181800.1.p	bHLH	TFF
SoffiXsponR570.01Fg036700.2.p	MYB-related	TFF
SoffiXsponR570.07Eg199600.2.p	MYB-related	TFF
SoffiXsponR570.09Bg027400.1.p	C3H	TFF
SoffiXsponR570.6_9Ag206400.4.p	SET	OTR
SoffiXsponR570.05Eg286500.2.p	GRAS	TFF
SoffiXsponR570.7os1g081200.3.p	C3H	TFF
SoffiXsponR570.02Fg044100.1.p	OFP	TFF
SoffiXsponR570.03Ag207500.1.p	MYB	TFF
SoffiXsponR570.09Cg001600.1.p	PAS	TFF
SoffiXsponR570.03Ag310800.1.p	NOT2_3_5	OTR
SoffiXsponR570.01Fg106300.1.p	GRAS	TFF
SoffiXsponR570.10Ag055900.1.p	TUB	TFF
SoffiXsponR570.02Bg247300.1.p	bZIP	TFF
SoffiXsponR570.02Fg248200.1.p	OFP	TFF
SoffiXsponR570.01Bg303000.1.p	C2H2	TFF
SoffiXsponR570.05Dg308000.4.p	C3H	TFF
SoffiXsponR570.8_5Ag019100.1.p	NAC	TFF
SoffiXsponR570.05Ag348000.2.p	MYB	TFF
SoffiXsponR570.07Cg085600.1.p	AUX/IAA	OTR
SoffiXsponR570.6_9Ag036600.2.p	WRKY	TFF
SoffiXsponR570.05Ag246300.1.p	bZIP	TFF
SoffiXsponR570.5_9Ag225900.1.p	zf-HD	TFF
SoffiXsponR570.8_10Ag044200.1.p	PAS	TFF
SoffiXsponR570.01Fg090200.1.p	PLATZ	TFF
SoffiXsponR570.8_10Ag175100.1.p	NAC	TFF
SoffiXsponR570.8_10Ag032300.2.p	C3H	TFF
SoffiXsponR570.01Fg322600.1.p	HB	TFF
SoffiXsponR570.05Bg293000.1.p	MYB	TFF
SoffiXsponR570.08Ag197600.1.p	SBP	TFF
SoffiXsponR570.6_9Ag165400.3.p	bHLH	TFF
SoffiXsponR570.09Bg053500.1.p	SAP	TFF
SoffiXsponR570.02Ag086000.1.p	MYB-related	TFF
SoffiXsponR570.05Cg319500.3.p	GRAS	TFF
SoffiXsponR570.06Eg149100.2.p	AP2-EREBP	TFF
SoffiXsponR570.09Cg114500.1.p	MYB	TFF
SoffiXsponR570.04Bg087500.2.p	MED6	OTR
SoffiXsponR570.05Bg311200.1.p	WRKY	TFF
SoffiXsponR570.10Fg011300.1.p	FHA	TFF
SoffiXsponR570.05Ag087100.2.p	SET	OTR
SoffiXsponR570.10Cg171100.2.p	PAS	TFF
SoffiXsponR570.04Gg055800.1.p	MADS	TFF
SoffiXsponR570.03Dg320600.2.p	MYB-related	TFF
SoffiXsponR570.10Dg024400.1.p	AP2-EREBP	TFF
SoffiXsponR570.6_9Ag063100.1.p	MYB	TFF
SoffiXsponR570.01Ag130900.1.p	GNAT	OTR
SoffiXsponR570.03Dg030300.1.p	BES1	TFF
SoffiXsponR570.01Bg459700.1.p	C2H2	TFF
SoffiXsponR570.08Cg210400.5.p	ABI3VP1	TFF
SoffiXsponR570.01Bg027100.1.p	SBP	TFF
SoffiXsponR570.08Bg107400.1.p	MBF1	OTR
SoffiXsponR570.01Fg198500.2.p	PHD	OTR
SoffiXsponR570.02Dg345900.1.p	C2H2	TFF
SoffiXsponR570.02Fg361300.1.p	TRAF	OTR
SoffiXsponR570.8_10Ag115700.2.p	C2C2-Dof	TFF
SoffiXsponR570.06Bg037100.1.p	HMG	OTR
SoffiXsponR570.05Eg180100.1.p	bHLH	TFF
SoffiXsponR570.06Fg090300.1.p	OFP	TFF
SoffiXsponR570.03Dg242700.1.p	GRF	TFF
SoffiXsponR570.02Ag004600.1.p	RWP-RK	TFF
SoffiXsponR570.08Ag127700.1.p	Tify	TFF
SoffiXsponR570.10Dg034100.1.p	OFP	TFF
SoffiXsponR570.04Ag192000.3.p	ARID	OTR
SoffiXsponR570.06Fg014100.1.p	C2C2-Dof	TFF
SoffiXsponR570.5_9Ag095200.2.p	ABI3VP1	TFF
SoffiXsponR570.03Eg037300.1.p	RWP-RK	TFF
SoffiXsponR570.07Ag021500.2.p	Top	TFF
SoffiXsponR570.10Bg025400.1.p	zf-HD	TFF
SoffiXsponR570.01Fg199000.1.p	C3H	TFF
SoffiXsponR570.01Bg410200.4.p	HSF	TFF
SoffiXsponR570.05Bg316500.1.p	C2H2	TFF
SoffiXsponR570.05Dg034400.2.p	bHLH	TFF
SoffiXsponR570.04Bg211600.1.p	TRAF	OTR
SoffiXsponR570.04Gg105900.1.p	MADS	TFF
SoffiXsponR570.06Gg056500.1.p	MYB-related	TFF
SoffiXsponR570.01Ag302700.1.p	bHLH	TFF
SoffiXsponR570.07Bg084400.4.p	DDT	OTR
SoffiXsponR570.10Bg142300.1.p	AP2-EREBP	TFF
SoffiXsponR570.04Bg161700.1.p	C2C2-GATA	TFF
SoffiXsponR570.02Fg338100.1.p	GRAS	TFF
SoffiXsponR570.08Ag032100.1.p	zf-LSD1	TFF
SoffiXsponR570.01Cg071300.3.p	SET	OTR
SoffiXsponR570.10Dg082400.1.p	MYB	TFF
SoffiXsponR570.01Dg097600.1.p	C2C2-GATA	TFF
SoffiXsponR570.02Ag292400.1.p	zf-A20	TFF
SoffiXsponR570.06Eg135400.1.p	C2H2	TFF
SoffiXsponR570.07Bg241800.1.p	FAR1	TFF
SoffiXsponR570.05Gg199900.1.p	WRKY	TFF
SoffiXsponR570.10Fg123300.2.p	GRAS	TFF
SoffiXsponR570.01Ag531400.2.p	HB	TFF
SoffiXsponR570.01Fg159400.1.p	MYB	TFF
SoffiXsponR570.04Ag242000.1.p	MED26	OTR
SoffiXsponR570.04Ag150300.1.p	MADS	TFF
SoffiXsponR570.05Bg146000.2.p	mTERF	OTR
SoffiXsponR570.04Ag182300.2.p	AP2-EREBP	TFF
SoffiXsponR570.7os1g076200.1.p	TRAF	OTR
SoffiXsponR570.03Gg074200.2.p	GRF	TFF
SoffiXsponR570.10Bg026700.1.p	AP2-EREBP	TFF
SoffiXsponR570.05Eg032500.2.p	FAR1	TFF
SoffiXsponR570.05Gg086700.2.p	AP2-EREBP	TFF
SoffiXsponR570.08Bg161500.4.p	C2H2	TFF
SoffiXsponR570.08Ag185200.1.p	FHA	TFF
SoffiXsponR570.1Z231400.1.p	SWI/SNF-BAF60b	OTR
SoffiXsponR570.06Ag122400.1.p	MYB-related	TFF
SoffiXsponR570.09Ag138300.3.p	ABI3VP1	TFF
SoffiXsponR570.8_10Ag206800.1.p	TRAF	OTR
SoffiXsponR570.06Fg091500.1.p	WRKY	TFF
SoffiXsponR570.03Dg036700.2.p	TAZ	TFF
SoffiXsponR570.01Dg032300.1.p	bHLH	TFF
SoffiXsponR570.05Dg221000.2.p	C3H	TFF
SoffiXsponR570.8_10Ag254400.1.p	zf-HD	TFF
SoffiXsponR570.02Gg225400.1.p	bHLH	TFF
SoffiXsponR570.7os1g060500.1.p	mTERF	OTR
SoffiXsponR570.05Cg047100.1.p	TRAF	OTR
SoffiXsponR570.05Eg351500.2.p	C3H	TFF
SoffiXsponR570.03Cg019500.5.p	bHLH	TFF
SoffiXsponR570.07Cg258200.1.p	C3H	TFF
SoffiXsponR570.04Eg017100.1.p	PHD	OTR
SoffiXsponR570.02Dg173800.1.p	TRAF	OTR
SoffiXsponR570.06Dg054500.1.p	AP2-EREBP	TFF
SoffiXsponR570.02Gg029900.1.p	MYB	TFF
SoffiXsponR570.05Eg248500.1.p	SET	OTR
SoffiXsponR570.04Cg014700.1.p	GRF	TFF
SoffiXsponR570.05Cg074200.1.p	FHA	TFF
SoffiXsponR570.01Ag492600.1.p	C2C2-Dof	TFF
SoffiXsponR570.04Ag206100.1.p	WRKY	TFF
SoffiXsponR570.8_5Ag136400.1.p	AP2-EREBP	TFF
SoffiXsponR570.04Ag218900.1.p	TRAF	OTR
SoffiXsponR570.07Cg258400.5.p	AUX/IAA	OTR
SoffiXsponR570.08Ag152500.1.p	SET	OTR
SoffiXsponR570.07Bg081300.1.p	zf-HD	TFF
SoffiXsponR570.5_9Ag065200.1.p	CCAAT	TFF
SoffiXsponR570.02Fg266600.2.p	BSD	TFF
SoffiXsponR570.05Ag192000.1.p	NAC	TFF
SoffiXsponR570.01Ag264900.6.p	GRAS	TFF
SoffiXsponR570.06Cg046600.1.p	bHLH	TFF
SoffiXsponR570.07Eg218100.1.p	OFP	TFF
SoffiXsponR570.03Dg078200.1.p	PHD	OTR
SoffiXsponR570.05Dg175300.1.p	TCP	TFF
SoffiXsponR570.10Ag055900.4.p	TUB	TFF
SoffiXsponR570.02Ag403200.1.p	C2H2	TFF
SoffiXsponR570.01Bg356200.1.p	SET	OTR
SoffiXsponR570.01Cg180400.1.p	C2H2	TFF
SoffiXsponR570.04Dg063500.3.p	BBR/BPC	TFF
SoffiXsponR570.05Eg328600.1.p	CCAAT	TFF
SoffiXsponR570.09Bg028800.2.p	GRAS	TFF
SoffiXsponR570.04Fg041700.2.p	CPP	TFF
SoffiXsponR570.09Dg035800.4.p	MED26	OTR
SoffiXsponR570.10Cg044300.1.p	FAR1	TFF
SoffiXsponR570.5_9Ag098700.2.p	bHLH	TFF
SoffiXsponR570.03Gg126300.2.p	GRF	TFF
SoffiXsponR570.03Bg192200.1.p	C2C2-YABBY	TFF
SoffiXsponR570.6_9Ag001300.2.p	PAS	TFF
SoffiXsponR570.05Bg223800.1.p	AP2-EREBP	TFF
SoffiXsponR570.05Cg147300.2.p	mTERF	OTR
SoffiXsponR570.05Cg031100.1.p	FAR1	TFF
SoffiXsponR570.06Fg064600.1.p	NAC	TFF
SoffiXsponR570.03Cg328400.1.p	C2H2	TFF
SoffiXsponR570.02Dg034900.1.p	C2C2-Dof	TFF
SoffiXsponR570.02Gg080800.4.p	MYB-related	TFF
SoffiXsponR570.07Ag151400.1.p	AP2-EREBP	TFF
SoffiXsponR570.8_10Ag337600.1.p	CCAAT	TFF
SoffiXsponR570.02Dg326400.1.p	CCAAT	TFF
SoffiXsponR570.01Fg324000.3.p	bHLH	TFF
SoffiXsponR570.10us89g051600.4.p	HB	TFF
SoffiXsponR570.8_10Ag328600.1.p	C2H2	TFF
SoffiXsponR570.06Gg005000.4.p	bHLH	TFF
SoffiXsponR570.6_9Ag263500.2.p	CCAAT	TFF
SoffiXsponR570.04Bg158100.1.p	HB	TFF
SoffiXsponR570.01Bg158100.2.p	ABI3VP1	TFF
SoffiXsponR570.06Fg133400.1.p	AP2-EREBP	TFF
SoffiXsponR570.10us89g088100.2.p	PHD	OTR
SoffiXsponR570.02Fg237300.1.p	MYB	TFF
SoffiXsponR570.7os1g071800.1.p	Tify	TFF
SoffiXsponR570.04Cg145700.1.p	WRKY	TFF
SoffiXsponR570.6us88g040400.4.p	AP2-EREBP	TFF
SoffiXsponR570.07Eg068000.2.p	bHLH	TFF
SoffiXsponR570.02Cg037400.2.p	MYB-related	TFF
SoffiXsponR570.07Ag163900.8.p	C2H2	TFF
SoffiXsponR570.9us90g038900.1.p	C2H2	TFF
SoffiXsponR570.10Fg113200.1.p	GRAS	TFF
SoffiXsponR570.09Bg053500.5.p	SAP	TFF
SoffiXsponR570.7_10Ag189200.4.p	DDT	OTR
SoffiXsponR570.02Gg303000.1.p	GRAS	TFF
SoffiXsponR570.05Fg097100.1.p	bHLH	TFF
SoffiXsponR570.04Bg196000.1.p	MYB	TFF
SoffiXsponR570.03Fg149200.1.p	HSF	TFF
SoffiXsponR570.03Fg077800.1.p	MYB	TFF
SoffiXsponR570.9us90g034700.1.p	mTERF	OTR
SoffiXsponR570.08Ag119800.1.p	AP2-EREBP	TFF
SoffiXsponR570.07Bg215900.4.p	zf-BED	TFF
SoffiXsponR570.06Eg114900.2.p	mTERF	OTR
SoffiXsponR570.10Ag055900.3.p	TUB	TFF
SoffiXsponR570.10Eg014900.2.p	PHD	OTR
SoffiXsponR570.04Cg246200.1.p	MYB-related	TFF
SoffiXsponR570.06Cg091700.1.p	NAC	TFF
SoffiXsponR570.02Dg272400.1.p	WRKY	TFF
SoffiXsponR570.04Cg095700.1.p	AP2-EREBP	TFF
SoffiXsponR570.03Bg220400.1.p	MYB-related	TFF
SoffiXsponR570.04Cg121600.1.p	C2C2-CO-like	TFF
SoffiXsponR570.03Cg112300.4.p	MYB	TFF
SoffiXsponR570.04Cg247100.1.p	TAZ	TFF
SoffiXsponR570.05Ag088900.1.p	AP2-EREBP	TFF
SoffiXsponR570.06Cg141400.2.p	ARF	TFF
SoffiXsponR570.1Z293100.1.p	NAC	TFF
SoffiXsponR570.02Gg128700.1.p	ARF	TFF
SoffiXsponR570.05Dg346100.1.p	MYB	TFF
SoffiXsponR570.08Dg013200.1.p	SWI/SNF-SWI3	OTR
SoffiXsponR570.01Fg194900.1.p	SET	OTR
SoffiXsponR570.01Eg265200.4.p	bHLH	TFF
SoffiXsponR570.01Ag239600.1.p	E2F-DP	TFF
SoffiXsponR570.05Bg246400.2.p	C2H2	TFF
SoffiXsponR570.8_10Ag335600.1.p	WRKY	TFF
SoffiXsponR570.03Cg274700.1.p	C2C2-Dof	TFF
SoffiXsponR570.03Bg220300.3.p	zf-C5HC2	TFF
SoffiXsponR570.02Fg162800.2.p	MYB-related	TFF
SoffiXsponR570.08Dg052300.1.p	AP2-EREBP	TFF
SoffiXsponR570.05Ag351500.2.p	SART-1	OTR
SoffiXsponR570.08Dg133600.1.p	SET	OTR
SoffiXsponR570.07Bg183100.2.p	OFP	TFF
SoffiXsponR570.02Gg259600.3.p	SWI/SNF-BAF60b	OTR
SoffiXsponR570.03Cg289200.2.p	TUB	TFF
SoffiXsponR570.6us88g140900.1.p	SAP	TFF
SoffiXsponR570.03Ag161200.6.p	SET	OTR
SoffiXsponR570.07Dg205800.1.p	AP2-EREBP	TFF
SoffiXsponR570.01Eg122600.1.p	C2C2-CO-like	TFF
SoffiXsponR570.02Cg255500.1.p	MYB	TFF
SoffiXsponR570.3os2g008300.2.p	GeBP	TFF
SoffiXsponR570.01Eg289900.2.p	Jumonji	OTR
SoffiXsponR570.10Ag206900.2.p	PAS	TFF
SoffiXsponR570.06Eg028800.2.p	AP2-EREBP	TFF
SoffiXsponR570.01Bg133300.1.p	bHLH	TFF
SoffiXsponR570.05Gg049700.1.p	zf-A20	TFF
SoffiXsponR570.03Cg092900.2.p	AUX/IAA	OTR
SoffiXsponR570.06Gg046400.1.p	MADS	TFF
SoffiXsponR570.02Ag309600.1.p	AP2-EREBP	TFF
SoffiXsponR570.07Bg101000.2.p	NAC	TFF
SoffiXsponR570.01Cg377700.1.p	HB	TFF
SoffiXsponR570.02Gg131000.1.p	TUB	TFF
SoffiXsponR570.03Fg082400.5.p	PHD	OTR
SoffiXsponR570.01Ag244900.3.p	HSF	TFF
SoffiXsponR570.04Gg057800.1.p	SET	OTR
SoffiXsponR570.05Fg105900.2.p	AP2-EREBP	TFF
SoffiXsponR570.10Dg055800.2.p	ABI3VP1	TFF
SoffiXsponR570.6_9Ag017000.1.p	TRAF	OTR
SoffiXsponR570.07Dg164700.5.p	C2H2	TFF
SoffiXsponR570.03Dg048800.1.p	AP2-EREBP	TFF
SoffiXsponR570.04Fg055100.1.p	AP2-EREBP	TFF
SoffiXsponR570.01Fg155300.3.p	SAP	TFF
SoffiXsponR570.08Eg018300.1.p	ABI3VP1	TFF
SoffiXsponR570.04Fg114300.4.p	ARF	TFF
SoffiXsponR570.04Ag086200.2.p	ARF	TFF
SoffiXsponR570.01Fg063900.3.p	TIG	TFF
SoffiXsponR570.05Dg379800.1.p	NAC	TFF
SoffiXsponR570.8_10Ag311900.1.p	TRAF	OTR
SoffiXsponR570.05Cg175300.1.p	CCAAT	TFF
SoffiXsponR570.09Cg165700.2.p	bHLH	TFF
SoffiXsponR570.02Eg198500.1.p	WRKY	TFF
SoffiXsponR570.7_10Ag014100.1.p	WRKY	TFF
SoffiXsponR570.03Fg003400.3.p	MADS	TFF
SoffiXsponR570.05Dg199100.1.p	bZIP	TFF
SoffiXsponR570.02Bg307500.1.p	MYB	TFF
SoffiXsponR570.10Eg051100.1.p	GNAT	OTR
SoffiXsponR570.7_10Ag014400.1.p	WRKY	TFF
SoffiXsponR570.03Ag319400.1.p	bHLH	TFF
SoffiXsponR570.02Eg230600.1.p	ABI3VP1	TFF
SoffiXsponR570.04Gg051900.1.p	WRKY	TFF
SoffiXsponR570.02Fg042900.1.p	CCAAT	TFF
SoffiXsponR570.02Gg210300.3.p	bZIP	TFF
SoffiXsponR570.08Ag200100.1.p	NAC	TFF
SoffiXsponR570.01Cg355400.1.p	AP2-EREBP	TFF
SoffiXsponR570.06Ag115800.1.p	NAC	TFF
SoffiXsponR570.6_9Ag116600.1.p	C2H2	TFF
SoffiXsponR570.03Ag248300.1.p	AP2-EREBP	TFF
SoffiXsponR570.07Cg026200.1.p	ABI3VP1	TFF
SoffiXsponR570.02Ag180500.1.p	C3H	TFF
SoffiXsponR570.08Dg034500.1.p	bZIP	TFF
SoffiXsponR570.03Bg203300.3.p	GRAS	TFF
SoffiXsponR570.01Ag211100.1.p	MYB	TFF
SoffiXsponR570.03Eg276400.1.p	ABI3VP1	TFF
SoffiXsponR570.07Ag094100.4.p	NAC	TFF
SoffiXsponR570.01Bg157800.1.p	ABI3VP1	TFF
SoffiXsponR570.10Eg032700.1.p	AP2-EREBP	TFF
SoffiXsponR570.06Bg008100.1.p	MYB-related	TFF
SoffiXsponR570.03Eg270100.2.p	zf-C5HC2	TFF
SoffiXsponR570.04Cg057500.1.p	SET	OTR
SoffiXsponR570.05Eg066900.1.p	AP2-EREBP	TFF
SoffiXsponR570.03Cg139100.1.p	AP2-EREBP	TFF
SoffiXsponR570.01Dg255900.3.p	PHD	OTR
SoffiXsponR570.04Ag153000.2.p	bHLH	TFF
SoffiXsponR570.01Ag006800.1.p	HSF	TFF
SoffiXsponR570.9os1g038900.1.p	zf-HD	TFF
SoffiXsponR570.10Fg073200.1.p	TRAF	OTR
SoffiXsponR570.02Bg240000.2.p	SWI/SNF-BAF60b	OTR
SoffiXsponR570.01Fg277300.1.p	AP2-EREBP	TFF
SoffiXsponR570.02Fg035000.3.p	MYB-related	TFF
SoffiXsponR570.02Dg242300.1.p	MYB	TFF
SoffiXsponR570.03Dg137100.4.p	ARID	OTR
SoffiXsponR570.02Bg106200.1.p	NAC	TFF
SoffiXsponR570.1Z024400.1.p	C2C2-Dof	TFF
SoffiXsponR570.03Eg155900.1.p	mTERF	OTR
SoffiXsponR570.08Dg132700.2.p	SET	OTR
SoffiXsponR570.05Dg304200.2.p	ABI3VP1	TFF
SoffiXsponR570.7_10Ag185900.1.p	zf-HD	TFF
SoffiXsponR570.03Bg157700.1.p	MADS	TFF
SoffiXsponR570.04Bg125400.1.p	zf-C5HC2	TFF
SoffiXsponR570.07Bg177900.1.p	HSF	TFF
SoffiXsponR570.01Eg402000.6.p	HB	TFF
SoffiXsponR570.09Bg053500.8.p	SAP	TFF
SoffiXsponR570.01Eg353900.1.p	C2H2	TFF
SoffiXsponR570.01Fg280800.3.p	GNAT	OTR
SoffiXsponR570.04Fg030400.1.p	TRAF	OTR
SoffiXsponR570.5_9Ag204800.1.p	bHLH	TFF
SoffiXsponR570.06Dg145100.2.p	bZIP	TFF
SoffiXsponR570.7_10Ag280300.4.p	C2H2	TFF
SoffiXsponR570.03Gg127000.1.p	MYB-related	TFF
SoffiXsponR570.02Dg369000.1.p	TAZ	TFF
SoffiXsponR570.05Dg039000.1.p	TCP	TFF
SoffiXsponR570.07Dg145600.1.p	AP2-EREBP	TFF
SoffiXsponR570.03Ag326600.4.p	C2C2-GATA	TFF
SoffiXsponR570.03Eg283000.4.p	C2C2-GATA	TFF
SoffiXsponR570.04Cg187400.1.p	PLATZ	TFF
SoffiXsponR570.05Cg234100.2.p	SRS	TFF
SoffiXsponR570.05Fg291800.2.p	BSD	TFF
SoffiXsponR570.05Ag328700.1.p	C2H2	TFF
SoffiXsponR570.5_9Ag018000.1.p	C3H	TFF
SoffiXsponR570.04Ag076200.1.p	ARR-B	TFF
SoffiXsponR570.04Eg010500.1.p	MYB	TFF
SoffiXsponR570.07Eg178700.2.p	bZIP	TFF
SoffiXsponR570.01Dg342100.1.p	C2C2-Dof	TFF
SoffiXsponR570.01Bg096000.1.p	C2C2-GATA	TFF
SoffiXsponR570.05Fg220300.1.p	CCAAT	TFF
SoffiXsponR570.07Bg215900.1.p	zf-BED	TFF
SoffiXsponR570.03Gg153600.2.p	Jumonji	OTR
SoffiXsponR570.02Gg174100.1.p	HB	TFF
SoffiXsponR570.08Ag148000.1.p	AP2-EREBP	TFF
SoffiXsponR570.01Ag156500.3.p	NOT2_3_5	OTR
SoffiXsponR570.5_9Ag378200.1.p	TRAF	OTR
SoffiXsponR570.1Z068600.1.p	TFIID	TFF
SoffiXsponR570.08Cg116100.1.p	zf-A20	TFF
SoffiXsponR570.02Dg039700.1.p	HMG	OTR
SoffiXsponR570.05Ag235900.1.p	AP2-EREBP	TFF
SoffiXsponR570.03Ag245500.1.p	PLATZ	TFF
SoffiXsponR570.01Eg113900.3.p	GRAS	TFF
SoffiXsponR570.5_9Ag091800.2.p	C3H	TFF
SoffiXsponR570.02Fg297400.1.p	WRKY	TFF
SoffiXsponR570.03Bg141900.1.p	NAC	TFF
SoffiXsponR570.03Eg268900.2.p	WRKY	TFF
SoffiXsponR570.5_9Ag419100.4.p	bHLH	TFF
SoffiXsponR570.09Ag156400.1.p	C2C2-YABBY	TFF
SoffiXsponR570.8_10Ag148300.1.p	GRAS	TFF
SoffiXsponR570.8_5Ag226000.1.p	MYB	TFF
SoffiXsponR570.03Cg253800.1.p	AP2-EREBP	TFF
SoffiXsponR570.03Fg103400.2.p	HB	TFF
SoffiXsponR570.03Ag330700.1.p	FAR1	TFF
SoffiXsponR570.8_10Ag146600.1.p	GRAS	TFF
SoffiXsponR570.01Cg246100.4.p	SET	OTR
SoffiXsponR570.02Bg368300.1.p	CCAAT	TFF
SoffiXsponR570.02Gg146600.1.p	zf-BED	TFF
SoffiXsponR570.01Cg387700.2.p	SWI/SNF-BAF60b	OTR
SoffiXsponR570.04Eg027600.1.p	C3H	TFF
SoffiXsponR570.03Bg200500.1.p	FAR1	TFF
SoffiXsponR570.3os1g007500.2.p	MYB	TFF
SoffiXsponR570.03Bg127000.1.p	C2H2	TFF
SoffiXsponR570.09Ag026700.1.p	FHA	TFF
SoffiXsponR570.03Gg103200.1.p	SET	OTR
SoffiXsponR570.04Eg099500.1.p	MYB-related	TFF
SoffiXsponR570.03Eg173500.1.p	TCP	TFF
SoffiXsponR570.8_5Ag133400.1.p	zf-A20	TFF
SoffiXsponR570.04Gg114300.1.p	NAC	TFF
SoffiXsponR570.02Fg311800.1.p	MYB-related	TFF
SoffiXsponR570.7os1g014200.1.p	Top	TFF
SoffiXsponR570.02Dg328100.2.p	GRAS	TFF
SoffiXsponR570.03Dg302100.1.p	GeBP	TFF
SoffiXsponR570.01Eg302400.1.p	MYB-related	TFF
SoffiXsponR570.02Dg342800.1.p	C2C2-Dof	TFF
SoffiXsponR570.01Bg212000.1.p	Top	TFF
SoffiXsponR570.09Cg016400.1.p	FAR1	TFF
SoffiXsponR570.05Gg086500.1.p	Alfin-like	TFF
SoffiXsponR570.01Bg233500.3.p	GNAT	OTR
SoffiXsponR570.03Bg317800.1.p	bZIP	TFF
SoffiXsponR570.04Ag044200.1.p	Top	TFF
SoffiXsponR570.02Fg256100.1.p	AP2-EREBP	TFF
SoffiXsponR570.03Eg041300.2.p	ARF	TFF
SoffiXsponR570.08Bg127200.1.p	MADS	TFF
SoffiXsponR570.05Ag322300.1.p	GRAS	TFF
SoffiXsponR570.04Dg142800.4.p	Top	TFF
SoffiXsponR570.02Fg009400.3.p	MYB	TFF
SoffiXsponR570.02Fg165700.1.p	mTERF	OTR
SoffiXsponR570.08Ag069600.2.p	CCAAT	TFF
SoffiXsponR570.8_5Ag036100.1.p	Top	TFF
SoffiXsponR570.02Bg243800.1.p	WRKY	TFF
SoffiXsponR570.02Dg109300.2.p	Top	TFF
SoffiXsponR570.03Dg053400.3.p	ARF	TFF
SoffiXsponR570.02Fg309100.1.p	CCAAT	TFF
SoffiXsponR570.1Z281200.1.p	MYB-related	TFF
SoffiXsponR570.04Dg050600.1.p	mTERF	OTR
SoffiXsponR570.01Dg319000.1.p	GNAT	OTR
SoffiXsponR570.09Bg092100.1.p	MADS	TFF
SoffiXsponR570.09Eg123900.2.p	ABI3VP1	TFF
SoffiXsponR570.01Ag205400.1.p	C2C2-YABBY	TFF
SoffiXsponR570.05Fg053800.1.p	ABI3VP1	TFF
SoffiXsponR570.08Eg149300.1.p	bHLH	TFF
SoffiXsponR570.02Gg248600.1.p	bZIP	TFF
SoffiXsponR570.05Gg204400.2.p	EIL	TFF
SoffiXsponR570.03Gg123900.2.p	bHLH	TFF
SoffiXsponR570.04Bg265300.2.p	HMG	OTR
SoffiXsponR570.08Cg120500.3.p	AP2-EREBP	TFF
SoffiXsponR570.01Fg298800.1.p	AP2-EREBP	TFF
SoffiXsponR570.01Ag081300.2.p	SWI/SNF-BAF60b	OTR
SoffiXsponR570.01Cg365500.2.p	MYB-related	TFF
SoffiXsponR570.02Bg038700.1.p	MYB-related	TFF
SoffiXsponR570.04Eg126500.1.p	C2C2-GATA	TFF
SoffiXsponR570.06Cg072400.3.p	NAC	TFF
SoffiXsponR570.03Eg196700.1.p	C2C2-Dof	TFF
SoffiXsponR570.5_9Ag259300.1.p	C2H2	TFF
SoffiXsponR570.02Cg314400.1.p	WRKY	TFF
SoffiXsponR570.6us88g025200.1.p	MYB-related	TFF
SoffiXsponR570.01Ag173500.1.p	MYB-related	TFF
SoffiXsponR570.8_5Ag086500.6.p	PHD	OTR
SoffiXsponR570.02Ag396000.1.p	Tify	TFF
SoffiXsponR570.02Eg287600.1.p	WRKY	TFF
SoffiXsponR570.06Fg082000.1.p	C2H2	TFF
SoffiXsponR570.08Dg151100.1.p	AP2-EREBP	TFF
SoffiXsponR570.03Ag261000.1.p	ARID	OTR
SoffiXsponR570.01Cg246100.5.p	SET	OTR
SoffiXsponR570.01Cg145300.1.p	SOH1	OTR
SoffiXsponR570.03Eg141700.2.p	mTERF	OTR
SoffiXsponR570.06Ag160200.1.p	CPP	TFF
SoffiXsponR570.05Ag138200.1.p	ABI3VP1	TFF
SoffiXsponR570.08Dg071000.1.p	WRKY	TFF
SoffiXsponR570.05Gg146300.1.p	MYB-related	TFF
SoffiXsponR570.03Cg229500.1.p	ABI3VP1	TFF
SoffiXsponR570.01Bg347800.1.p	bZIP	TFF
SoffiXsponR570.01Ag156500.2.p	NOT2_3_5	OTR
SoffiXsponR570.02Cg318000.1.p	WRKY	TFF
SoffiXsponR570.06Fg146400.1.p	AP2-EREBP	TFF
SoffiXsponR570.02Dg134500.1.p	HB	TFF
SoffiXsponR570.01Eg079500.1.p	AP2-EREBP	TFF
SoffiXsponR570.08Eg039400.1.p	MYB-related	TFF
SoffiXsponR570.10Bg205000.1.p	GRAS	TFF
SoffiXsponR570.02Gg187200.1.p	BSD	TFF
SoffiXsponR570.07Bg249000.2.p	ARF	TFF
SoffiXsponR570.08Ag047700.1.p	BSD	TFF
SoffiXsponR570.01Fg189900.1.p	bZIP	TFF
SoffiXsponR570.03Dg099900.2.p	HB	TFF
SoffiXsponR570.01Bg133200.1.p	bHLH	TFF
SoffiXsponR570.01Dg387100.1.p	Trihelix	TFF
SoffiXsponR570.5_9Ag449700.1.p	FAR1	TFF
SoffiXsponR570.01Bg084000.3.p	PAS	TFF
SoffiXsponR570.10os1g001500.3.p	PAS	TFF
SoffiXsponR570.05Dg365600.1.p	DDT	OTR
SoffiXsponR570.6_9Ag129100.1.p	MYB	TFF
SoffiXsponR570.05Cg334900.1.p	AP2-EREBP	TFF
SoffiXsponR570.02Eg198300.2.p	FAR1	TFF
SoffiXsponR570.01Dg057200.2.p	ABI3VP1	TFF
SoffiXsponR570.02Ag068200.1.p	CCAAT	TFF
SoffiXsponR570.06Ag002800.1.p	GRAS	TFF
SoffiXsponR570.8_10Ag024400.2.p	Yl1	TFF
SoffiXsponR570.10Ag216500.1.p	C2H2	TFF
SoffiXsponR570.09Ag063000.1.p	PLATZ	TFF
SoffiXsponR570.01Cg354700.1.p	Jumonji	OTR
SoffiXsponR570.03Dg078200.5.p	PHD	OTR
SoffiXsponR570.04Fg155700.1.p	HMG	OTR
SoffiXsponR570.05Gg140000.1.p	C2H2	TFF
SoffiXsponR570.03Cg190400.1.p	AP2-EREBP	TFF
SoffiXsponR570.06Cg182900.3.p	CCAAT	TFF
SoffiXsponR570.5_9Ag144400.4.p	RWP-RK	TFF
SoffiXsponR570.01Bg063300.1.p	TCP	TFF
SoffiXsponR570.01Bg156600.1.p	ABI3VP1	TFF
SoffiXsponR570.03Cg180100.3.p	ABI3VP1	TFF
SoffiXsponR570.02Cg129300.4.p	SBP	TFF
SoffiXsponR570.02Eg164400.1.p	Top	TFF
SoffiXsponR570.02Fg285000.1.p	SAP	TFF
SoffiXsponR570.08Cg180600.2.p	mTERF	OTR
SoffiXsponR570.05Ag009100.1.p	zf-C5HC2	TFF
SoffiXsponR570.9us90g009200.1.p	SWI/SNF-BAF60b	OTR
SoffiXsponR570.01Eg221400.3.p	GRAS	TFF
SoffiXsponR570.01Dg211400.4.p	TIG	TFF
SoffiXsponR570.03Gg076900.2.p	GNAT	OTR
SoffiXsponR570.05Cg146800.1.p	OFP	TFF
SoffiXsponR570.06Ag227400.1.p	bHLH	TFF
SoffiXsponR570.03Dg226000.2.p	C2C2-GATA	TFF
SoffiXsponR570.01Ag535500.1.p	NAC	TFF
SoffiXsponR570.07Eg205300.1.p	ARF	TFF
SoffiXsponR570.10Eg100800.1.p	MADS	TFF
SoffiXsponR570.07Ag064800.4.p	E2F-DP	TFF
SoffiXsponR570.06Cg164000.2.p	zf-BED	TFF
SoffiXsponR570.06Cg147500.8.p	AUX/IAA	OTR
SoffiXsponR570.06Eg152100.1.p	WRKY	TFF
SoffiXsponR570.01Eg152200.1.p	WRKY	TFF
SoffiXsponR570.08Ag176400.3.p	RB	OTR
SoffiXsponR570.06Dg107700.1.p	GRAS	TFF
SoffiXsponR570.01Cg325900.1.p	TIG	TFF
SoffiXsponR570.01Cg061800.1.p	zf-HD	TFF
SoffiXsponR570.5_9Ag395600.1.p	mTERF	OTR
SoffiXsponR570.05Fg027100.1.p	HB	TFF
SoffiXsponR570.01Eg385900.1.p	bHLH	TFF
SoffiXsponR570.03Cg207700.1.p	C2C2-YABBY	TFF
SoffiXsponR570.02Eg164400.10.p	Top	TFF
SoffiXsponR570.01Dg087900.1.p	Top	TFF
SoffiXsponR570.10Dg194600.2.p	GRAS	TFF
SoffiXsponR570.10Ag055200.1.p	GRAS	TFF
SoffiXsponR570.04Eg014000.2.p	NAC	TFF
SoffiXsponR570.10Fg124100.1.p	GRAS	TFF
SoffiXsponR570.09Cg136100.3.p	ABI3VP1	TFF
SoffiXsponR570.05Gg112200.1.p	BBR/BPC	TFF
SoffiXsponR570.5_9Ag206900.1.p	GeBP	TFF
SoffiXsponR570.05Cg255400.2.p	mTERF	OTR
SoffiXsponR570.08Cg035100.1.p	C3H	TFF
SoffiXsponR570.8_10Ag346300.1.p	bZIP	TFF
SoffiXsponR570.02Ag380500.1.p	Jumonji	OTR
SoffiXsponR570.02Fg098400.1.p	bHLH	TFF
SoffiXsponR570.10Ag052100.2.p	HB	TFF
SoffiXsponR570.05Fg042600.1.p	AP2-EREBP	TFF
SoffiXsponR570.01Bg343900.2.p	C3H	TFF
SoffiXsponR570.04Dg071000.2.p	ARR-B	TFF
SoffiXsponR570.08Bg143100.2.p	bZIP	TFF
SoffiXsponR570.01Eg124200.1.p	GeBP	TFF
SoffiXsponR570.05Eg132700.1.p	WRKY	TFF
SoffiXsponR570.01Fg269300.4.p	GRAS	TFF
SoffiXsponR570.03Fg006600.5.p	Jumonji	OTR
SoffiXsponR570.7_10Ag231200.2.p	RWP-RK	TFF
SoffiXsponR570.05Fg230800.3.p	FAR1	TFF
SoffiXsponR570.06Ag025100.2.p	C3H	TFF
SoffiXsponR570.02Cg120700.1.p	MYB	TFF
SoffiXsponR570.04Eg069700.1.p	zf-A20	TFF
SoffiXsponR570.01Ag352000.4.p	bHLH	TFF
SoffiXsponR570.06Dg094700.1.p	WRKY	TFF
SoffiXsponR570.01Eg374000.1.p	bHLH	TFF
SoffiXsponR570.05Eg311900.3.p	GRAS	TFF
SoffiXsponR570.04Ag074100.1.p	DBP	TFF
SoffiXsponR570.09Eg033400.4.p	SET	OTR
SoffiXsponR570.03Dg053100.1.p	MADS	TFF
SoffiXsponR570.03Gg153600.3.p	Jumonji	OTR
SoffiXsponR570.02Dg100500.1.p	NAC	TFF
SoffiXsponR570.06Eg044600.1.p	Top	TFF
SoffiXsponR570.02Ag174800.5.p	zf-BED	TFF
SoffiXsponR570.06Fg092100.2.p	SET	OTR
SoffiXsponR570.09Ag045500.2.p	bZIP	TFF
SoffiXsponR570.07Ag268500.1.p	NAC	TFF
SoffiXsponR570.01Ag291900.3.p	MED26	OTR
SoffiXsponR570.6_9Ag283900.6.p	AUX/IAA	OTR
SoffiXsponR570.10Bg116700.4.p	ABI3VP1	TFF
SoffiXsponR570.07Cg237000.4.p	AP2-EREBP	TFF
SoffiXsponR570.03Dg252100.3.p	zf-C5HC2	TFF
SoffiXsponR570.09Bg120700.1.p	MYB-related	TFF
SoffiXsponR570.07Bg053000.2.p	TIG	TFF
SoffiXsponR570.6_9Ag054400.1.p	GRAS	TFF
SoffiXsponR570.06Cg091700.2.p	NAC	TFF
SoffiXsponR570.05Eg339000.6.p	PHD	OTR
SoffiXsponR570.03Dg307100.3.p	MYB-related	TFF
SoffiXsponR570.01Eg336200.1.p	LIM	TFF
SoffiXsponR570.8_10Ag248100.1.p	Tify	TFF
SoffiXsponR570.10Eg034200.1.p	Sigma70-like	TFF
SoffiXsponR570.1Z258400.1.p	TRAF	OTR
SoffiXsponR570.5_9Ag224500.2.p	bHLH	TFF
SoffiXsponR570.08Dg153000.1.p	bHLH	TFF
SoffiXsponR570.09Cg149700.1.p	GRAS	TFF
SoffiXsponR570.05Eg158000.1.p	zf-HD	TFF
SoffiXsponR570.02Dg272000.1.p	HSF	TFF
SoffiXsponR570.01Eg398000.1.p	C2C2-Dof	TFF
SoffiXsponR570.8_10Ag238900.1.p	SET	OTR
SoffiXsponR570.02Bg165200.2.p	Top	TFF
SoffiXsponR570.1Z114400.1.p	ABI3VP1	TFF
SoffiXsponR570.07Dg224500.1.p	MYB	TFF
SoffiXsponR570.04Cg246100.1.p	SBP	TFF
SoffiXsponR570.9us90g047300.3.p	ABI3VP1	TFF
SoffiXsponR570.8_10Ag188600.2.p	CCAAT	TFF
SoffiXsponR570.03Dg003700.1.p	MADS	TFF
SoffiXsponR570.06Dg009900.3.p	ABI3VP1	TFF
SoffiXsponR570.03Eg068500.1.p	GRAS	TFF
SoffiXsponR570.09Ag062300.1.p	MYB	TFF
SoffiXsponR570.05Dg260000.1.p	NAC	TFF
SoffiXsponR570.03Ag162800.2.p	DDT	OTR
SoffiXsponR570.09Ag095000.1.p	WRKY	TFF
SoffiXsponR570.03Dg302200.2.p	GeBP	TFF
SoffiXsponR570.02Bg100900.1.p	bHLH	TFF
SoffiXsponR570.02Ag209600.1.p	HSF	TFF
SoffiXsponR570.06Eg107100.1.p	AP2-EREBP	TFF
SoffiXsponR570.01Bg358800.2.p	PHD	OTR
SoffiXsponR570.07Ag023500.1.p	ABI3VP1	TFF
SoffiXsponR570.10Ag018800.1.p	WRKY	TFF
SoffiXsponR570.8_10Ag326600.2.p	bHLH	TFF
SoffiXsponR570.02Dg286200.1.p	NAC	TFF
SoffiXsponR570.07Eg191400.1.p	AP2-EREBP	TFF
SoffiXsponR570.8_5Ag060000.1.p	bHLH	TFF
SoffiXsponR570.08Ag110900.1.p	MBF1	OTR
SoffiXsponR570.09Eg087500.1.p	WRKY	TFF
SoffiXsponR570.10Ag223200.4.p	GRAS	TFF
SoffiXsponR570.02Ag271100.1.p	WRKY	TFF
SoffiXsponR570.03Dg253400.1.p	WRKY	TFF
SoffiXsponR570.01Fg102300.2.p	bHLH	TFF
SoffiXsponR570.02Cg232200.1.p	GeBP	TFF
SoffiXsponR570.10Ag002900.3.p	zf-MIZ	OTR
SoffiXsponR570.10Bg028600.1.p	C2C2-GATA	TFF
SoffiXsponR570.9os1g019800.9.p	SAP	TFF
SoffiXsponR570.01Ag110500.2.p	HB	TFF
SoffiXsponR570.05Cg317600.3.p	GRAS	TFF
SoffiXsponR570.05Fg269400.1.p	AP2-EREBP	TFF
SoffiXsponR570.06Ag082200.4.p	AP2-EREBP	TFF
SoffiXsponR570.08Dg024000.2.p	MYB-related	TFF
SoffiXsponR570.04Dg080300.1.p	AP2-EREBP	TFF
SoffiXsponR570.1Z130300.2.p	C2H2	TFF
SoffiXsponR570.04Fg134900.1.p	C3H	TFF
SoffiXsponR570.01Eg052500.2.p	DDT	OTR
SoffiXsponR570.08Eg096300.2.p	C2H2	TFF
SoffiXsponR570.02Fg254600.1.p	OFP	TFF
SoffiXsponR570.03Cg211600.1.p	SET	OTR
SoffiXsponR570.8_5Ag142900.1.p	CCAAT	TFF
SoffiXsponR570.01Fg037000.1.p	MYB-related	TFF
SoffiXsponR570.03Bg291400.1.p	DBP	TFF
SoffiXsponR570.02Dg224100.1.p	MYB-related	TFF
SoffiXsponR570.07Eg002700.1.p	C3H	TFF
SoffiXsponR570.06Cg176000.8.p	C3H	TFF
SoffiXsponR570.04Dg116500.1.p	zf-C5HC2	TFF
SoffiXsponR570.02Bg374900.1.p	NAC	TFF
SoffiXsponR570.01Fg162100.2.p	MED26	OTR
SoffiXsponR570.03Gg069000.1.p	MYB	TFF
SoffiXsponR570.08Bg164700.1.p	bZIP	TFF
SoffiXsponR570.01Ag423600.1.p	GRAS	TFF
SoffiXsponR570.6_9Ag128900.2.p	bHLH	TFF
SoffiXsponR570.05Ag057100.1.p	zf-A20	TFF
SoffiXsponR570.03Bg250800.1.p	E2F-DP	TFF
SoffiXsponR570.05Gg193100.2.p	AP2-EREBP	TFF
SoffiXsponR570.04Ag192000.2.p	ARID	OTR
SoffiXsponR570.10Bg206300.1.p	GRAS	TFF
SoffiXsponR570.04Cg210700.1.p	CCAAT	TFF
SoffiXsponR570.10Dg137500.1.p	MADS	TFF
SoffiXsponR570.03Dg125700.2.p	GeBP	TFF
SoffiXsponR570.02Gg296400.1.p	CCAAT	TFF
SoffiXsponR570.05Bg124200.8.p	ABI3VP1	TFF
SoffiXsponR570.01Fg096300.1.p	zf-LSD1	TFF
SoffiXsponR570.01Eg111700.1.p	Top	TFF
SoffiXsponR570.3os1g007700.4.p	MYB	TFF
SoffiXsponR570.02Dg414800.1.p	PHD	OTR
SoffiXsponR570.01Cg269700.1.p	SART-1	OTR
SoffiXsponR570.09Dg125100.1.p	MYB	TFF
SoffiXsponR570.04Ag074100.2.p	DBP	TFF
SoffiXsponR570.02Bg362500.3.p	SET	OTR
SoffiXsponR570.02Gg258700.1.p	MADS	TFF
SoffiXsponR570.5_9Ag022300.1.p	AP2-EREBP	TFF
SoffiXsponR570.8_5Ag185500.1.p	TRAF	OTR
SoffiXsponR570.06Bg021400.1.p	Top	TFF
SoffiXsponR570.04Bg113700.3.p	zf-C5HC2	TFF
SoffiXsponR570.04Ag045800.1.p	PBF-2-like	TFF
SoffiXsponR570.07Bg052400.1.p	ABI3VP1	TFF
SoffiXsponR570.03Eg185900.4.p	PHD	OTR
SoffiXsponR570.07Dg206200.4.p	FAR1	TFF
SoffiXsponR570.02Bg013500.1.p	AP2-EREBP	TFF
SoffiXsponR570.04Gg082900.3.p	TCP	TFF
SoffiXsponR570.07Bg177500.2.p	C2C2-Dof	TFF
SoffiXsponR570.01Cg208100.1.p	MYB	TFF
SoffiXsponR570.10Bg124400.1.p	MYB-related	TFF
SoffiXsponR570.01Eg132600.1.p	CCAAT	TFF
SoffiXsponR570.03Fg083700.1.p	bZIP	TFF
SoffiXsponR570.01Cg302400.4.p	MYB-related	TFF
SoffiXsponR570.5_9Ag227600.1.p	NAC	TFF
SoffiXsponR570.06Cg174800.4.p	ARF	TFF
SoffiXsponR570.04Eg055400.2.p	bHLH	TFF
SoffiXsponR570.04Cg246100.2.p	SBP	TFF
SoffiXsponR570.01Bg102800.1.p	bHLH	TFF
SoffiXsponR570.05Bg149400.3.p	AP2-EREBP	TFF
SoffiXsponR570.01Dg145700.1.p	WRKY	TFF
SoffiXsponR570.02Ag277600.1.p	C2C2-GATA	TFF
SoffiXsponR570.02Ag198500.7.p	Top	TFF
SoffiXsponR570.1Z130300.1.p	C2H2	TFF
SoffiXsponR570.04Ag199100.1.p	mTERF	OTR
SoffiXsponR570.08Dg153300.1.p	bHLH	TFF
SoffiXsponR570.06Fg050500.1.p	Alfin-like	TFF
SoffiXsponR570.02Eg320600.2.p	C2H2	TFF
SoffiXsponR570.04Fg092500.3.p	HB	TFF
SoffiXsponR570.07Eg102600.2.p	NAC	TFF
SoffiXsponR570.08Eg129500.8.p	SBP	TFF
SoffiXsponR570.03Bg228300.6.p	SET	OTR
SoffiXsponR570.06Ag113700.1.p	MED26	OTR
SoffiXsponR570.02Ag014400.1.p	AP2-EREBP	TFF
SoffiXsponR570.08Bg149200.1.p	zf-HD	TFF
SoffiXsponR570.03Dg243600.5.p	MYB-related	TFF
SoffiXsponR570.02Cg390400.2.p	bHLH	TFF
SoffiXsponR570.04Cg172800.1.p	DBP	TFF
SoffiXsponR570.06Ag219200.1.p	Sigma70-like	TFF
SoffiXsponR570.01Bg410500.1.p	ARR-B	TFF
SoffiXsponR570.08Dg004500.2.p	Top	TFF
SoffiXsponR570.06Dg157100.3.p	bHLH	TFF
SoffiXsponR570.06Eg019400.1.p	C2H2	TFF
SoffiXsponR570.09Cg063100.1.p	PLATZ	TFF
SoffiXsponR570.01Cg095500.4.p	HSF	TFF
SoffiXsponR570.05Dg356100.1.p	SWI/SNF-BAF60b	OTR
SoffiXsponR570.08Bg065100.3.p	SET	OTR
SoffiXsponR570.10Ag142000.1.p	GRF	TFF
SoffiXsponR570.02Bg119800.1.p	MYB	TFF
SoffiXsponR570.09Eg065400.1.p	MADS	TFF
SoffiXsponR570.01Bg220000.1.p	MYB-related	TFF
SoffiXsponR570.01Bg482000.2.p	MADS	TFF
SoffiXsponR570.10Bg040900.2.p	PHD	OTR
SoffiXsponR570.03Cg186700.1.p	C2C2-CO-like	TFF
SoffiXsponR570.02Bg228600.1.p	ABI3VP1	TFF
SoffiXsponR570.01Cg221700.4.p	TUB	TFF
SoffiXsponR570.8_5Ag155300.1.p	NAC	TFF
SoffiXsponR570.02Bg363000.2.p	ARF	TFF
SoffiXsponR570.05Ag131800.1.p	CCAAT	TFF
SoffiXsponR570.10Cg043400.3.p	TUB	TFF
SoffiXsponR570.03Eg218700.1.p	AP2-EREBP	TFF
SoffiXsponR570.04Bg198300.1.p	ABI3VP1	TFF
SoffiXsponR570.03Ag326600.3.p	C2C2-GATA	TFF
SoffiXsponR570.03Fg070200.2.p	TUB	TFF
SoffiXsponR570.07Ag079900.1.p	MADS	TFF
SoffiXsponR570.02Ag378900.1.p	ARR-B	TFF
SoffiXsponR570.01Ag453700.2.p	HSF	TFF
SoffiXsponR570.06Dg114100.1.p	BSD	TFF
SoffiXsponR570.5_9Ag414700.1.p	GRAS	TFF
SoffiXsponR570.7_10Ag248800.1.p	ARF	TFF
SoffiXsponR570.03Cg208100.1.p	NAC	TFF
SoffiXsponR570.07Bg168700.1.p	GRAS	TFF
SoffiXsponR570.05Eg312000.2.p	WRKY	TFF
SoffiXsponR570.01Ag505100.3.p	GNAT	OTR
SoffiXsponR570.06Ag123100.1.p	bZIP	TFF
SoffiXsponR570.06Eg039800.1.p	MYB	TFF
SoffiXsponR570.02Gg172100.1.p	C2C2-GATA	TFF
SoffiXsponR570.01Cg140200.2.p	bHLH	TFF
SoffiXsponR570.02Dg256500.1.p	ABI3VP1	TFF
SoffiXsponR570.03Ag275000.1.p	SET	OTR
SoffiXsponR570.5_9Ag194100.1.p	C2C2-Dof	TFF
SoffiXsponR570.09Bg125900.2.p	LIM	TFF
SoffiXsponR570.02Dg325700.1.p	C2H2	TFF
SoffiXsponR570.8_5Ag131700.2.p	NAC	TFF
SoffiXsponR570.02Dg197800.1.p	zf-LSD1	TFF
SoffiXsponR570.07Bg084400.1.p	DDT	OTR
SoffiXsponR570.01Fg040200.1.p	E2F-DP	TFF
SoffiXsponR570.10Ag049700.1.p	OFP	TFF
SoffiXsponR570.03Ag018800.4.p	bHLH	TFF
SoffiXsponR570.04Gg107100.3.p	TRAF	OTR
SoffiXsponR570.03Ag332000.1.p	MYB-related	TFF
SoffiXsponR570.7_10Ag019000.1.p	C3H	TFF
SoffiXsponR570.01Dg257000.3.p	PHD	OTR
SoffiXsponR570.03Eg224200.2.p	bHLH	TFF
SoffiXsponR570.02Ag232600.2.p	C3H	TFF
SoffiXsponR570.05Eg126100.1.p	AP2-EREBP	TFF
SoffiXsponR570.8_5Ag230200.1.p	GeBP	TFF
SoffiXsponR570.01Bg106200.6.p	PAS	TFF
SoffiXsponR570.01Fg150600.2.p	bHLH	TFF
SoffiXsponR570.07Eg154100.3.p	PHD	OTR
SoffiXsponR570.01Cg036200.1.p	TCP	TFF
SoffiXsponR570.8_10Ag317200.1.p	ARF	TFF
SoffiXsponR570.03Dg170200.2.p	DDT	OTR
SoffiXsponR570.05Dg069100.1.p	FAR1	TFF
SoffiXsponR570.6_9Ag019200.2.p	C2H2	TFF
SoffiXsponR570.02Gg151700.2.p	MYB-related	TFF
SoffiXsponR570.01Bg330900.2.p	TUB	TFF
SoffiXsponR570.02Eg359900.2.p	SET	OTR
SoffiXsponR570.5_9Ag443300.2.p	GRAS	TFF
SoffiXsponR570.09Cg002300.2.p	C2C2-Dof	TFF
SoffiXsponR570.04Dg147400.1.p	bZIP	TFF
SoffiXsponR570.02Cg097400.1.p	bHLH	TFF
SoffiXsponR570.02Bg227400.1.p	MYB	TFF
SoffiXsponR570.5_9Ag478100.1.p	TRAF	OTR
SoffiXsponR570.02Ag386200.1.p	bHLH	TFF
SoffiXsponR570.03Gg079000.1.p	GeBP	TFF
SoffiXsponR570.04Eg013900.1.p	NAC	TFF
SoffiXsponR570.10Fg072100.1.p	E2F-DP	TFF
SoffiXsponR570.07Bg004700.1.p	C2H2	TFF
SoffiXsponR570.02Dg023000.1.p	bZIP	TFF
SoffiXsponR570.05Fg097100.2.p	bHLH	TFF
SoffiXsponR570.5_9Ag105500.1.p	CCAAT	TFF
SoffiXsponR570.03Cg140300.1.p	C2H2	TFF
SoffiXsponR570.07Cg243100.1.p	FAR1	TFF
SoffiXsponR570.6_9Ag255600.1.p	WRKY	TFF
SoffiXsponR570.02Eg341100.1.p	GRAS	TFF
SoffiXsponR570.03Dg195800.4.p	ABI3VP1	TFF
SoffiXsponR570.05Bg247000.10.p	SET	OTR
SoffiXsponR570.03Bg039700.5.p	MYB-related	TFF
SoffiXsponR570.08Ag188800.1.p	TRAF	OTR
SoffiXsponR570.05Cg051400.1.p	CPP	TFF
SoffiXsponR570.03Gg033800.1.p	AP2-EREBP	TFF
SoffiXsponR570.6us88g038800.3.p	SAP	TFF
SoffiXsponR570.05Gg175300.2.p	PHD	OTR
SoffiXsponR570.01Eg104400.3.p	C2C2-GATA	TFF
SoffiXsponR570.02Cg000500.2.p	WRKY	TFF
SoffiXsponR570.04Bg014500.2.p	GRF	TFF
SoffiXsponR570.01Cg306300.1.p	C2C2-YABBY	TFF
SoffiXsponR570.03Bg240200.1.p	BSD	TFF
SoffiXsponR570.5_9Ag417600.1.p	zf-LSD1	TFF
SoffiXsponR570.01Ag298200.1.p	SOH1	OTR
SoffiXsponR570.02Cg071700.1.p	MED26	OTR
SoffiXsponR570.04Eg055800.1.p	C2C2-GATA	TFF
SoffiXsponR570.03Ag128400.2.p	bHLH	TFF
SoffiXsponR570.9os1g035900.1.p	SWI/SNF-BAF60b	OTR
SoffiXsponR570.03Eg077500.1.p	Top	TFF
SoffiXsponR570.05Ag211900.1.p	C2H2	TFF
SoffiXsponR570.07Dg159300.1.p	bHLH	TFF
SoffiXsponR570.05Cg164100.1.p	TCP	TFF
SoffiXsponR570.02Cg180900.2.p	MYB-related	TFF
SoffiXsponR570.10Ag150700.1.p	Jumonji	OTR
SoffiXsponR570.08Bg115000.1.p	SET	OTR
SoffiXsponR570.06Bg045500.3.p	bHLH	TFF
SoffiXsponR570.03Dg091600.2.p	Top	TFF
SoffiXsponR570.1Z210300.1.p	ABI3VP1	TFF
SoffiXsponR570.10Fg114400.2.p	GRAS	TFF
SoffiXsponR570.02Fg001200.1.p	RWP-RK	TFF
SoffiXsponR570.04Eg131700.2.p	AUX/IAA	OTR
SoffiXsponR570.05Gg181200.1.p	bHLH	TFF
SoffiXsponR570.02Gg086500.1.p	MYB-related	TFF
SoffiXsponR570.01Bg247000.1.p	TIG	TFF
SoffiXsponR570.01Bg437700.1.p	AP2-EREBP	TFF
SoffiXsponR570.08Ag098100.1.p	GNAT	OTR
SoffiXsponR570.04Eg134400.1.p	C3H	TFF
SoffiXsponR570.7_10Ag270000.1.p	SBP	TFF
SoffiXsponR570.03Bg295800.4.p	C2C2-GATA	TFF
SoffiXsponR570.04Ag121600.1.p	NAC	TFF
SoffiXsponR570.5_9Ag368800.1.p	bHLH	TFF
SoffiXsponR570.03Fg062300.1.p	MADS	TFF
SoffiXsponR570.01Bg140400.1.p	TFIID	TFF
SoffiXsponR570.03Dg224200.1.p	C2C2-YABBY	TFF
SoffiXsponR570.09Dg067600.1.p	bZIP	TFF
SoffiXsponR570.01Dg179900.1.p	NAC	TFF
SoffiXsponR570.03Ag006200.9.p	Jumonji	OTR
SoffiXsponR570.03Bg238700.1.p	SET	OTR
SoffiXsponR570.06Gg134300.1.p	WRKY	TFF
SoffiXsponR570.06Gg076800.1.p	WRKY	TFF
SoffiXsponR570.02Ag387300.1.p	C3H	TFF
SoffiXsponR570.03Dg080100.1.p	C3H	TFF
SoffiXsponR570.03Ag221700.1.p	AP2-EREBP	TFF
SoffiXsponR570.8_10Ag296700.1.p	bHLH	TFF
SoffiXsponR570.10Dg002700.3.p	SAP	TFF
SoffiXsponR570.8_5Ag060600.1.p	GNAT	OTR
SoffiXsponR570.05Cg250300.1.p	NAC	TFF
SoffiXsponR570.06Ag116300.3.p	NAC	TFF
SoffiXsponR570.08Bg000900.1.p	HMG	OTR
SoffiXsponR570.8_10Ag268500.1.p	C2H2	TFF
SoffiXsponR570.01Eg299600.1.p	MYB-related	TFF
SoffiXsponR570.04Fg014800.4.p	NAC	TFF
SoffiXsponR570.03Gg076900.1.p	GNAT	OTR
SoffiXsponR570.04Cg225900.1.p	C3H	TFF
SoffiXsponR570.10Dg195200.3.p	GRAS	TFF
SoffiXsponR570.01Cg203700.1.p	SAP	TFF
SoffiXsponR570.01Dg291600.3.p	CCAAT	TFF
SoffiXsponR570.6_9Ag085500.1.p	RWP-RK	TFF
SoffiXsponR570.5_9Ag042600.1.p	HSF	TFF
SoffiXsponR570.07Dg147900.1.p	SET	OTR
SoffiXsponR570.08Eg029500.3.p	SET	OTR
SoffiXsponR570.01Cg297900.1.p	bHLH	TFF
SoffiXsponR570.7os1g060100.1.p	bZIP	TFF
SoffiXsponR570.01Dg111800.1.p	TRAF	OTR
SoffiXsponR570.6_9Ag187300.1.p	WRKY	TFF
SoffiXsponR570.05Eg083500.2.p	GNAT	OTR
SoffiXsponR570.05Fg129500.3.p	bHLH	TFF
SoffiXsponR570.03Ag269500.1.p	C2C2-Dof	TFF
SoffiXsponR570.7_10Ag254800.1.p	AP2-EREBP	TFF
SoffiXsponR570.3os5g000600.2.p	zf-A20	TFF
SoffiXsponR570.02Cg345200.1.p	TUB	TFF
SoffiXsponR570.10Ag001600.1.p	PAS	TFF
SoffiXsponR570.05Cg238300.1.p	MYB	TFF
SoffiXsponR570.6_9Ag189600.1.p	AP2-EREBP	TFF
SoffiXsponR570.03Dg312000.1.p	mTERF	OTR
SoffiXsponR570.07Bg072500.2.p	E2F-DP	TFF
SoffiXsponR570.05Cg381400.4.p	EIL	TFF
SoffiXsponR570.08Cg063200.3.p	CCAAT	TFF
SoffiXsponR570.10Bg196200.1.p	bZIP	TFF
SoffiXsponR570.04Ag254300.2.p	SBP	TFF
SoffiXsponR570.5os1g006900.1.p	AP2-EREBP	TFF
SoffiXsponR570.03Eg195500.4.p	C2H2	TFF
SoffiXsponR570.04Cg211700.1.p	TRAF	OTR
SoffiXsponR570.03Eg216300.5.p	GNAT	OTR
SoffiXsponR570.04Gg058000.1.p	AP2-EREBP	TFF
SoffiXsponR570.04Ag005900.1.p	ABI3VP1	TFF
SoffiXsponR570.03Eg209400.2.p	mTERF	OTR
SoffiXsponR570.09Ag083800.1.p	C3H	TFF
SoffiXsponR570.03Gg131200.1.p	GNAT	OTR
SoffiXsponR570.03Eg013600.1.p	bHLH	TFF
SoffiXsponR570.01Dg257000.4.p	PHD	OTR
SoffiXsponR570.01Eg110700.2.p	HB	TFF
SoffiXsponR570.05Cg247400.1.p	RWP-RK	TFF
SoffiXsponR570.06Gg042400.1.p	MED26	OTR
SoffiXsponR570.06Gg150200.1.p	Sigma70-like	TFF
SoffiXsponR570.08Bg091100.1.p	SET	OTR
SoffiXsponR570.05Bg302300.1.p	C2C2-YABBY	TFF
SoffiXsponR570.7_10Ag197900.2.p	FHA	TFF
SoffiXsponR570.03Bg045800.1.p	AP2-EREBP	TFF
SoffiXsponR570.7os1g044400.1.p	ABI3VP1	TFF
SoffiXsponR570.05Cg161600.1.p	MYB	TFF
SoffiXsponR570.08Bg057800.6.p	FAR1	TFF
SoffiXsponR570.7_10Ag347300.1.p	AP2-EREBP	TFF
SoffiXsponR570.06Ag136000.2.p	CCAAT	TFF
SoffiXsponR570.03Gg120600.1.p	bHLH	TFF
SoffiXsponR570.08Eg121500.1.p	TRAF	OTR
SoffiXsponR570.05Dg319200.2.p	GNAT	OTR
SoffiXsponR570.07Eg172800.1.p	CSD	TFF
SoffiXsponR570.01Cg031600.1.p	GNAT	OTR
SoffiXsponR570.10Eg058500.2.p	CCAAT	TFF
SoffiXsponR570.8_5Ag186100.1.p	TRAF	OTR
SoffiXsponR570.07Dg087200.1.p	Trihelix	TFF
SoffiXsponR570.02Eg193400.2.p	bZIP	TFF
SoffiXsponR570.08Bg042400.1.p	TRAF	OTR
SoffiXsponR570.1Z017100.1.p	C2C2-YABBY	TFF
SoffiXsponR570.09Eg017900.1.p	GRAS	TFF
SoffiXsponR570.8_10Ag153800.4.p	Top	TFF
SoffiXsponR570.08Dg123500.2.p	bHLH	TFF
SoffiXsponR570.07Eg210600.1.p	Top	TFF
SoffiXsponR570.03Eg200700.2.p	MYB-related	TFF
SoffiXsponR570.01Eg130600.1.p	GNAT	OTR
SoffiXsponR570.01Eg036600.1.p	C2H2	TFF
SoffiXsponR570.02Eg156600.1.p	OFP	TFF
SoffiXsponR570.05Eg206200.2.p	C3H	TFF
SoffiXsponR570.02Gg037100.2.p	HB	TFF
SoffiXsponR570.06Ag130400.3.p	bHLH	TFF
SoffiXsponR570.10Fg002100.1.p	AP2-EREBP	TFF
SoffiXsponR570.05Gg175700.1.p	Jumonji	OTR
SoffiXsponR570.5_9Ag250900.1.p	WRKY	TFF
SoffiXsponR570.01Dg210500.1.p	zf-LSD1	TFF
SoffiXsponR570.01Dg204800.1.p	PLATZ	TFF
SoffiXsponR570.09Ag086700.4.p	ARF	TFF
SoffiXsponR570.7_10Ag019600.1.p	NAC	TFF
SoffiXsponR570.06Fg067200.4.p	bHLH	TFF
SoffiXsponR570.01Eg183700.1.p	MADS	TFF
SoffiXsponR570.06Eg065000.2.p	AUX/IAA	OTR
SoffiXsponR570.01Dg379500.1.p	bHLH	TFF
SoffiXsponR570.8_5Ag153700.1.p	bHLH	TFF
SoffiXsponR570.8_5Ag120000.1.p	bHLH	TFF
SoffiXsponR570.01Dg377800.8.p	HB	TFF
SoffiXsponR570.02Dg283900.1.p	BSD	TFF
SoffiXsponR570.05Dg130900.2.p	ABI3VP1	TFF
SoffiXsponR570.03Dg175500.4.p	bHLH	TFF
SoffiXsponR570.01Bg125600.1.p	C3H	TFF
SoffiXsponR570.3os3g006900.1.p	zf-A20	TFF
SoffiXsponR570.10Cg129200.3.p	GRF	TFF
SoffiXsponR570.02Cg014000.1.p	AP2-EREBP	TFF
SoffiXsponR570.04Fg091500.1.p	AP2-EREBP	TFF
SoffiXsponR570.03Eg226600.1.p	SWI/SNF-SWI3	OTR
SoffiXsponR570.09Dg018700.5.p	FAR1	TFF
SoffiXsponR570.07Ag242500.3.p	MYB-related	TFF
SoffiXsponR570.01Ag411000.1.p	PHD	OTR
SoffiXsponR570.06Fg137200.1.p	MYB	TFF
SoffiXsponR570.01Ag081200.1.p	MYB-related	TFF
SoffiXsponR570.7_10Ag281800.1.p	HSF	TFF
SoffiXsponR570.10Ag091100.1.p	Alfin-like	TFF
SoffiXsponR570.01Ag336200.1.p	C2H2	TFF
SoffiXsponR570.08Cg160600.1.p	bZIP	TFF
SoffiXsponR570.10Cg028500.1.p	DDT	OTR
SoffiXsponR570.7_10Ag354700.4.p	ARF	TFF
SoffiXsponR570.04Dg022400.2.p	GRAS	TFF
SoffiXsponR570.8_5Ag261100.1.p	C3H	TFF
SoffiXsponR570.03Cg060100.2.p	MADS	TFF
SoffiXsponR570.03Bg250800.2.p	E2F-DP	TFF
SoffiXsponR570.07Ag238700.1.p	MED7	OTR
SoffiXsponR570.04Fg001100.3.p	MADS	TFF
SoffiXsponR570.06Cg035300.1.p	NAC	TFF
SoffiXsponR570.02Eg052900.1.p	MYB	TFF
SoffiXsponR570.05Bg075300.1.p	NAC	TFF
SoffiXsponR570.01Eg384300.1.p	TIG	TFF
SoffiXsponR570.09Dg127300.4.p	HB	TFF
SoffiXsponR570.09Cg089400.1.p	MYB	TFF
SoffiXsponR570.07Cg252300.3.p	MYB-related	TFF
SoffiXsponR570.01Eg295800.1.p	bZIP	TFF
SoffiXsponR570.02Dg233800.1.p	C2C2-Dof	TFF
SoffiXsponR570.9us90g043900.1.p	MYB-related	TFF
SoffiXsponR570.04Cg218600.4.p	TRAF	OTR
SoffiXsponR570.06Bg033900.1.p	AUX/IAA	OTR
SoffiXsponR570.01Bg156100.1.p	MYB-related	TFF
SoffiXsponR570.7_10Ag309600.1.p	FAR1	TFF
SoffiXsponR570.08Ag134700.1.p	zf-HD	TFF
SoffiXsponR570.6_9Ag225200.1.p	SWI/SNF-BAF60b	OTR
SoffiXsponR570.02Cg225700.3.p	C3H	TFF
SoffiXsponR570.03Bg209900.2.p	C2C2-Dof	TFF
SoffiXsponR570.09Bg054000.1.p	MYB	TFF
SoffiXsponR570.06Fg166000.1.p	Sigma70-like	TFF
SoffiXsponR570.03Eg034300.1.p	bZIP	TFF
SoffiXsponR570.10Fg003200.1.p	MYB	TFF
SoffiXsponR570.03Dg252100.10.p	zf-C5HC2	TFF
SoffiXsponR570.01Cg339000.1.p	bHLH	TFF
SoffiXsponR570.04Cg192800.3.p	AP2-EREBP	TFF
SoffiXsponR570.04Bg102400.1.p	E2F-DP	TFF
SoffiXsponR570.04Eg051600.1.p	NAC	TFF
SoffiXsponR570.03Dg049300.1.p	PBF-2-like	TFF
SoffiXsponR570.02Bg256000.1.p	BSD	TFF
SoffiXsponR570.10Dg108700.1.p	RB	OTR
SoffiXsponR570.05Dg101600.2.p	zf-BED	TFF
SoffiXsponR570.07Eg197100.2.p	MED7	OTR
SoffiXsponR570.8_10Ag074100.1.p	WRKY	TFF
SoffiXsponR570.02Dg178400.1.p	bHLH	TFF
SoffiXsponR570.01Dg194400.2.p	WRKY	TFF
SoffiXsponR570.09Eg124000.1.p	ABI3VP1	TFF
SoffiXsponR570.01Ag216900.1.p	FHA	TFF
SoffiXsponR570.07Ag242800.5.p	C3H	TFF
SoffiXsponR570.02Eg281800.2.p	AP2-EREBP	TFF
SoffiXsponR570.01Cg230800.1.p	WRKY	TFF
SoffiXsponR570.05Dg294100.1.p	CCAAT	TFF
SoffiXsponR570.01Cg097500.1.p	TRAF	OTR
SoffiXsponR570.03Fg053900.1.p	PBF-2-like	TFF
SoffiXsponR570.6us88g099500.1.p	OFP	TFF
SoffiXsponR570.07Bg205100.10.p	PHD	OTR
SoffiXsponR570.03Dg081000.2.p	zf-A20	TFF
SoffiXsponR570.06Gg010800.1.p	AP2-EREBP	TFF
SoffiXsponR570.01Bg100300.2.p	bHLH	TFF
SoffiXsponR570.01Ag195800.2.p	MYB-related	TFF
SoffiXsponR570.06Ag002900.1.p	GRAS	TFF
SoffiXsponR570.03Cg037000.1.p	TAZ	TFF
SoffiXsponR570.07Ag266100.1.p	NAC	TFF
SoffiXsponR570.04Cg279300.2.p	TRAF	OTR
SoffiXsponR570.03Eg232300.2.p	TCP	TFF
SoffiXsponR570.10Cg165900.1.p	GRAS	TFF
SoffiXsponR570.04Eg113300.1.p	ARF	TFF
SoffiXsponR570.10Dg019900.1.p	GRAS	TFF
SoffiXsponR570.09Cg029400.3.p	SET	OTR
SoffiXsponR570.04Eg013900.2.p	NAC	TFF
SoffiXsponR570.05Bg030600.1.p	NAC	TFF
SoffiXsponR570.03Dg303400.3.p	Top	TFF
SoffiXsponR570.04Gg058100.1.p	AUX/IAA	OTR
SoffiXsponR570.04Ag065000.4.p	C2H2	TFF
SoffiXsponR570.06Bg011600.1.p	GRAS	TFF
SoffiXsponR570.10us89g099200.1.p	AP2-EREBP	TFF
SoffiXsponR570.02Ag365400.1.p	PHD	OTR
SoffiXsponR570.04Dg149800.2.p	ARID	OTR
SoffiXsponR570.6_9Ag154500.1.p	bHLH	TFF
SoffiXsponR570.01Dg034700.1.p	MYB-related	TFF
SoffiXsponR570.5_9Ag064300.2.p	CCAAT	TFF
SoffiXsponR570.02Ag005700.3.p	bHLH	TFF
SoffiXsponR570.01Dg356200.2.p	C2H2	TFF
SoffiXsponR570.05Eg139300.2.p	SET	OTR
SoffiXsponR570.03Cg245200.1.p	bZIP	TFF
SoffiXsponR570.01Cg283500.2.p	Top	TFF
SoffiXsponR570.03Fg067400.2.p	SBP	TFF
SoffiXsponR570.01Dg335200.1.p	Tify	TFF
SoffiXsponR570.01Eg145400.1.p	bHLH	TFF
SoffiXsponR570.04Ag087300.3.p	MYB-related	TFF
SoffiXsponR570.02Bg343200.1.p	ARR-B	TFF
SoffiXsponR570.6_9Ag058400.1.p	C2C2-GATA	TFF
SoffiXsponR570.02Dg235200.2.p	NAC	TFF
SoffiXsponR570.02Cg347500.1.p	C2H2	TFF
SoffiXsponR570.03Cg228400.3.p	MYB-related	TFF
SoffiXsponR570.08Eg126800.1.p	MYB	TFF
SoffiXsponR570.01Bg242900.1.p	Tify	TFF
SoffiXsponR570.8_10Ag329500.2.p	SWI/SNF-BAF60b	OTR
SoffiXsponR570.01Ag188400.2.p	GRAS	TFF
SoffiXsponR570.09Eg057400.1.p	WRKY	TFF
SoffiXsponR570.5_9Ag179400.1.p	NAC	TFF
SoffiXsponR570.02Eg191600.1.p	PHD	OTR
SoffiXsponR570.02Fg253100.1.p	HB	TFF
SoffiXsponR570.03Cg162200.2.p	bHLH	TFF
SoffiXsponR570.02Eg343000.1.p	TAZ	TFF
SoffiXsponR570.01Cg140200.1.p	bHLH	TFF
SoffiXsponR570.01Bg097800.1.p	HB	TFF
SoffiXsponR570.02Fg096000.4.p	zf-BED	TFF
SoffiXsponR570.9os1g070900.1.p	MYB-related	TFF
SoffiXsponR570.10Fg106800.1.p	ABI3VP1	TFF
SoffiXsponR570.07Cg113400.1.p	C2H2	TFF
SoffiXsponR570.08Ag002800.1.p	TRAF	OTR
SoffiXsponR570.8_10Ag245600.1.p	PHD	OTR
SoffiXsponR570.10Ag049800.1.p	OFP	TFF
SoffiXsponR570.1Z029300.1.p	Tify	TFF
SoffiXsponR570.05Gg163400.2.p	SET	OTR
SoffiXsponR570.10Bg022200.3.p	GRAS	TFF
SoffiXsponR570.03Bg179200.1.p	AP2-EREBP	TFF
SoffiXsponR570.6_9Ag309300.1.p	DDT	OTR
SoffiXsponR570.03Cg030500.2.p	SWI/SNF-BAF60b	OTR
SoffiXsponR570.03Bg090500.1.p	HMG	OTR
SoffiXsponR570.03Cg211800.1.p	WRKY	TFF
SoffiXsponR570.08Eg003000.2.p	SET	OTR
SoffiXsponR570.02Cg357000.2.p	NAC	TFF
SoffiXsponR570.10Ag002200.1.p	C2C2-Dof	TFF
SoffiXsponR570.02Cg226800.3.p	ARF	TFF
SoffiXsponR570.02Ag239100.2.p	GeBP	TFF
SoffiXsponR570.02Cg208200.1.p	MYB	TFF
SoffiXsponR570.01Ag475100.1.p	GRAS	TFF
SoffiXsponR570.03Bg051400.1.p	ARF	TFF
SoffiXsponR570.01Eg168200.1.p	ABI3VP1	TFF
SoffiXsponR570.02Eg164400.7.p	Top	TFF
SoffiXsponR570.04Cg097300.1.p	mTERF	OTR
SoffiXsponR570.02Gg033300.7.p	SBP	TFF
SoffiXsponR570.7os1g036500.8.p	PHD	OTR
SoffiXsponR570.7_10Ag103000.1.p	NAC	TFF
SoffiXsponR570.02Dg247100.1.p	bHLH	TFF
SoffiXsponR570.8_10Ag029100.1.p	ABI3VP1	TFF
SoffiXsponR570.10Eg075000.1.p	TRAF	OTR
SoffiXsponR570.02Fg011900.1.p	OFP	TFF
SoffiXsponR570.05Cg289400.1.p	CCAAT	TFF
SoffiXsponR570.02Bg058900.1.p	AP2-EREBP	TFF
SoffiXsponR570.08Ag146400.2.p	bHLH	TFF
SoffiXsponR570.01Eg361500.1.p	HSF	TFF
SoffiXsponR570.02Cg345200.2.p	TUB	TFF
SoffiXsponR570.01Dg127500.7.p	GRAS	TFF
SoffiXsponR570.08Eg075700.1.p	bHLH	TFF
SoffiXsponR570.01Ag397700.1.p	PAS	TFF
SoffiXsponR570.07Ag123300.1.p	C1-4-t1	TFF
SoffiXsponR570.01Bg298000.2.p	SWI/SNF-SWI3	OTR
SoffiXsponR570.09Bg127100.1.p	WRKY	TFF
SoffiXsponR570.10Fg112700.1.p	GRAS	TFF
SoffiXsponR570.01Ag488800.1.p	CCAAT	TFF
SoffiXsponR570.03Dg111100.1.p	NAC	TFF
SoffiXsponR570.02Fg061900.1.p	bHLH	TFF
SoffiXsponR570.7_10Ag265300.1.p	C2C2-GATA	TFF
SoffiXsponR570.02Bg150800.2.p	MYB-related	TFF
SoffiXsponR570.02Gg130300.1.p	C2C2-Dof	TFF
SoffiXsponR570.01Eg313600.3.p	PHD	OTR
SoffiXsponR570.04Dg175100.2.p	ARF	TFF
SoffiXsponR570.08Eg068700.1.p	MYB	TFF
SoffiXsponR570.09Cg002900.1.p	SAP	TFF
SoffiXsponR570.04Ag076100.1.p	LIM	TFF
SoffiXsponR570.01Eg434800.1.p	MADS	TFF
SoffiXsponR570.03Fg085300.1.p	bZIP	TFF
SoffiXsponR570.05Ag168700.1.p	TCP	TFF
SoffiXsponR570.07Cg183700.1.p	MADS	TFF
SoffiXsponR570.01Bg266000.1.p	zf-BED	TFF
SoffiXsponR570.03Dg023800.1.p	GeBP	TFF
SoffiXsponR570.08Cg096200.1.p	mTERF	OTR
SoffiXsponR570.07Eg157000.2.p	Rcd1-like	OTR
SoffiXsponR570.01Ag422200.3.p	C2C2-Dof	TFF
SoffiXsponR570.01Ag444000.2.p	MYB-related	TFF
SoffiXsponR570.02Eg044400.1.p	CCAAT	TFF
SoffiXsponR570.01Ag301300.1.p	AP2-EREBP	TFF
SoffiXsponR570.01Dg100500.1.p	ARID	OTR
SoffiXsponR570.04Cg089700.1.p	bZIP	TFF
SoffiXsponR570.05Bg031100.2.p	MYB	TFF
SoffiXsponR570.1Z146700.3.p	C2C2-Dof	TFF
SoffiXsponR570.01Ag125800.2.p	GRAS	TFF
SoffiXsponR570.05Eg208000.2.p	NAC	TFF
SoffiXsponR570.01Dg192200.1.p	C2H2	TFF
SoffiXsponR570.08Bg128500.1.p	NAC	TFF
SoffiXsponR570.05Fg128400.2.p	bHLH	TFF
SoffiXsponR570.08Bg088500.1.p	MADS	TFF
SoffiXsponR570.8_10Ag037100.1.p	WRKY	TFF
SoffiXsponR570.02Gg321500.1.p	WRKY	TFF
SoffiXsponR570.02Gg035300.1.p	MYB	TFF
SoffiXsponR570.9os1g069100.1.p	C2H2	TFF
SoffiXsponR570.10Eg106100.1.p	GRAS	TFF
SoffiXsponR570.8_10Ag156800.1.p	C3H	TFF
SoffiXsponR570.05Bg364300.5.p	PHD	OTR
SoffiXsponR570.06Fg149000.1.p	MYB-related	TFF
SoffiXsponR570.05Fg246600.2.p	GRAS	TFF
SoffiXsponR570.05Gg052500.5.p	PHD	OTR
SoffiXsponR570.07Dg174300.1.p	ABI3VP1	TFF
SoffiXsponR570.08Cg063200.1.p	CCAAT	TFF
SoffiXsponR570.05Ag214800.2.p	MYB-related	TFF
SoffiXsponR570.03Eg216300.7.p	GNAT	OTR
SoffiXsponR570.01Cg063100.1.p	PHD	OTR
SoffiXsponR570.05Gg094200.1.p	Top	TFF
SoffiXsponR570.01Ag136800.9.p	C3H	TFF
SoffiXsponR570.02Ag403400.1.p	CCAAT	TFF
SoffiXsponR570.05Bg284600.1.p	CCAAT	TFF
SoffiXsponR570.06Dg065800.3.p	SET	OTR
SoffiXsponR570.01Fg298200.1.p	Jumonji	OTR
SoffiXsponR570.10Eg128900.1.p	GRAS	TFF
SoffiXsponR570.01Eg303100.6.p	EIL	TFF
SoffiXsponR570.9us90g064600.1.p	GRAS	TFF
SoffiXsponR570.1Z114500.2.p	MYB-related	TFF
SoffiXsponR570.01Eg233600.1.p	bZIP	TFF
SoffiXsponR570.5_9Ag432200.1.p	ABI3VP1	TFF
SoffiXsponR570.05Gg148400.1.p	SET	OTR
SoffiXsponR570.06Fg067200.3.p	bHLH	TFF
SoffiXsponR570.02Bg251000.1.p	CPP	TFF
SoffiXsponR570.02Ag397900.1.p	bHLH	TFF
SoffiXsponR570.5_9Ag414800.2.p	CCAAT	TFF
SoffiXsponR570.05Bg117900.2.p	CCAAT	TFF
SoffiXsponR570.6_9Ag136300.1.p	GRAS	TFF
SoffiXsponR570.07Cg206600.2.p	Rcd1-like	OTR
SoffiXsponR570.01Cg166000.3.p	HB	TFF
SoffiXsponR570.07Cg169000.2.p	bHLH	TFF
SoffiXsponR570.03Eg218000.1.p	GeBP	TFF
SoffiXsponR570.02Ag195300.1.p	MYB-related	TFF
SoffiXsponR570.01Eg260400.1.p	PLATZ	TFF
SoffiXsponR570.01Dg004800.1.p	mTERF	OTR
SoffiXsponR570.02Eg220900.1.p	bHLH	TFF
SoffiXsponR570.8_10Ag250300.2.p	TCP	TFF
SoffiXsponR570.04Cg254000.2.p	MADS	TFF
SoffiXsponR570.01Fg064100.1.p	TIG	TFF
SoffiXsponR570.05Bg032200.1.p	bHLH	TFF
SoffiXsponR570.01Cg235700.1.p	NAC	TFF
SoffiXsponR570.03Eg245300.1.p	MADS	TFF
SoffiXsponR570.02Dg231100.1.p	E2F-DP	TFF
SoffiXsponR570.7_10Ag014800.1.p	WRKY	TFF
SoffiXsponR570.04Cg138200.3.p	mTERF	OTR
SoffiXsponR570.01Dg311500.1.p	C2C2-YABBY	TFF
SoffiXsponR570.05Cg228600.1.p	AP2-EREBP	TFF
SoffiXsponR570.03Ag255800.2.p	zf-HD	TFF
SoffiXsponR570.04Dg081800.5.p	ARF	TFF
SoffiXsponR570.6_9Ag230000.1.p	MYB	TFF
SoffiXsponR570.8_5Ag008200.2.p	PHD	OTR
SoffiXsponR570.01Eg415300.1.p	C2C2-GATA	TFF
SoffiXsponR570.10Ag002900.2.p	SAP	TFF
SoffiXsponR570.07Eg025600.2.p	TIG	TFF
SoffiXsponR570.02Ag122300.1.p	MYB	TFF
SoffiXsponR570.05Dg273400.3.p	FAR1	TFF
SoffiXsponR570.03Bg201400.1.p	C2H2	TFF
SoffiXsponR570.1Z281100.2.p	MYB-related	TFF
SoffiXsponR570.09Dg001600.2.p	PAS	TFF
SoffiXsponR570.04Gg109300.2.p	MYB-related	TFF
SoffiXsponR570.05Fg187200.1.p	mTERF	OTR
SoffiXsponR570.05Gg146400.3.p	MYB-related	TFF
SoffiXsponR570.02Bg313100.1.p	CCAAT	TFF
SoffiXsponR570.03Eg216300.12.p	GNAT	OTR
SoffiXsponR570.09Cg135500.1.p	ABI3VP1	TFF
SoffiXsponR570.01Dg377800.2.p	HB	TFF
SoffiXsponR570.02Ag362400.1.p	SET	OTR
SoffiXsponR570.05Dg163600.4.p	AP2-EREBP	TFF
SoffiXsponR570.07Dg201300.1.p	AP2-EREBP	TFF
SoffiXsponR570.01Bg296200.2.p	MADS	TFF
SoffiXsponR570.05Eg265800.1.p	FAR1	TFF
SoffiXsponR570.06Gg068300.2.p	CCAAT	TFF
SoffiXsponR570.01Bg053000.1.p	MYB	TFF
SoffiXsponR570.06Eg138900.1.p	bHLH	TFF
SoffiXsponR570.6_9Ag032500.1.p	GRAS	TFF
SoffiXsponR570.02Cg370300.1.p	ARR-B	TFF
SoffiXsponR570.03Cg180100.2.p	ABI3VP1	TFF
SoffiXsponR570.03Cg091800.4.p	HB	TFF
SoffiXsponR570.01Bg157500.1.p	ABI3VP1	TFF
SoffiXsponR570.01Ag287000.1.p	zf-C5HC2	TFF
SoffiXsponR570.06Dg024500.6.p	bHLH	TFF
SoffiXsponR570.7_10Ag206100.3.p	MADS	TFF
SoffiXsponR570.09Cg162900.2.p	NAC	TFF
SoffiXsponR570.08Bg065100.1.p	SET	OTR
SoffiXsponR570.05Dg204700.1.p	zf-HD	TFF
SoffiXsponR570.02Bg318400.3.p	TUB	TFF
SoffiXsponR570.08Ag138400.1.p	SET	OTR
SoffiXsponR570.01Bg106200.3.p	PAS	TFF
SoffiXsponR570.08Cg161400.1.p	bHLH	TFF
SoffiXsponR570.06Bg008600.2.p	Top	TFF
SoffiXsponR570.03Cg182900.2.p	bHLH	TFF
SoffiXsponR570.03Dg352100.1.p	Jumonji	OTR
SoffiXsponR570.02Dg250700.1.p	ABI3VP1	TFF
SoffiXsponR570.06Cg190200.1.p	WRKY	TFF
SoffiXsponR570.8_5Ag177800.1.p	AP2-EREBP	TFF
SoffiXsponR570.02Eg245500.2.p	WRKY	TFF
SoffiXsponR570.01Bg067400.1.p	FAR1	TFF
SoffiXsponR570.06Gg056300.1.p	OFP	TFF
SoffiXsponR570.02Ag063500.1.p	zf-fF-X1	TFF
SoffiXsponR570.01Fg045900.5.p	HSF	TFF
SoffiXsponR570.10Ag115700.2.p	SAP	TFF
SoffiXsponR570.02Eg315600.1.p	MYB-related	TFF
SoffiXsponR570.02Gg232600.1.p	MYB	TFF
SoffiXsponR570.05Dg241400.1.p	AP2-EREBP	TFF
SoffiXsponR570.05Cg078000.4.p	SET	OTR
SoffiXsponR570.02Bg153600.1.p	WRKY	TFF
SoffiXsponR570.01Ag411000.2.p	PHD	OTR
SoffiXsponR570.03Fg104900.2.p	AUX/IAA	OTR
SoffiXsponR570.03Ag144100.5.p	Trihelix	TFF
SoffiXsponR570.02Eg034800.1.p	NAC	TFF
SoffiXsponR570.01Eg074400.2.p	FAR1	TFF
SoffiXsponR570.04Cg025900.1.p	NAC	TFF
SoffiXsponR570.02Gg084900.1.p	WRKY	TFF
SoffiXsponR570.03Cg157700.1.p	C3H	TFF
SoffiXsponR570.10Fg091200.1.p	GRAS	TFF
SoffiXsponR570.01Eg335000.1.p	LIM	TFF
SoffiXsponR570.05Dg316200.1.p	BES1	TFF
SoffiXsponR570.9us90g004800.2.p	MYB	TFF
SoffiXsponR570.09Bg134400.1.p	bHLH	TFF
SoffiXsponR570.09Cg053900.2.p	C2H2	TFF
SoffiXsponR570.05Gg011400.1.p	GNAT	OTR
SoffiXsponR570.03Bg297200.1.p	zf-C5HC2	TFF
SoffiXsponR570.05Ag198700.1.p	zf-HD	TFF
SoffiXsponR570.9os1g025400.1.p	MYB	TFF
SoffiXsponR570.1Z252600.2.p	zf-BED	TFF
SoffiXsponR570.03Eg216300.10.p	GNAT	OTR
SoffiXsponR570.03Eg270100.11.p	zf-C5HC2	TFF
SoffiXsponR570.05Eg001800.1.p	TRAF	OTR
SoffiXsponR570.08Eg096300.3.p	C2H2	TFF
SoffiXsponR570.01Cg336100.1.p	AP2-EREBP	TFF
SoffiXsponR570.03Gg132600.1.p	HMG	OTR
SoffiXsponR570.02Fg364000.1.p	CCAAT	TFF
SoffiXsponR570.01Eg275200.1.p	GeBP	TFF
SoffiXsponR570.04Eg133700.2.p	MYB-related	TFF
SoffiXsponR570.01Dg046000.1.p	MYB-related	TFF
SoffiXsponR570.09Ag115300.1.p	PAS	TFF
SoffiXsponR570.01Cg269500.3.p	C2C2-Dof	TFF
SoffiXsponR570.03Ag255100.2.p	TUB	TFF
SoffiXsponR570.08Dg171500.1.p	bHLH	TFF
SoffiXsponR570.05Cg314300.4.p	GRAS	TFF
SoffiXsponR570.8_5Ag185700.1.p	TRAF	OTR
SoffiXsponR570.05Ag277800.1.p	SBP	TFF
SoffiXsponR570.05Ag083800.2.p	bZIP	TFF
SoffiXsponR570.03Ag066000.1.p	PLATZ	TFF
SoffiXsponR570.05Ag369700.1.p	TUB	TFF
SoffiXsponR570.03Cg038800.1.p	SBP	TFF
SoffiXsponR570.02Gg021800.1.p	NAC	TFF
SoffiXsponR570.07Dg127600.2.p	NAC	TFF
SoffiXsponR570.03Cg287900.1.p	C2C2-Dof	TFF
SoffiXsponR570.02Cg311200.1.p	NAC	TFF
SoffiXsponR570.05Fg181200.2.p	HMG	OTR
SoffiXsponR570.03Dg244300.1.p	MADS	TFF
SoffiXsponR570.01Bg218200.1.p	ARID	OTR
SoffiXsponR570.02Cg323700.1.p	CCAAT	TFF
SoffiXsponR570.01Ag033600.5.p	GRAS	TFF
SoffiXsponR570.09Eg111700.2.p	NAC	TFF
SoffiXsponR570.05Dg148700.1.p	AP2-EREBP	TFF
SoffiXsponR570.04Fg078900.3.p	GRAS	TFF
SoffiXsponR570.10Bg050000.2.p	ABI3VP1	TFF
SoffiXsponR570.04Ag188100.1.p	bHLH	TFF
SoffiXsponR570.09Dg090400.1.p	ABI3VP1	TFF
SoffiXsponR570.07Cg169200.1.p	bHLH	TFF
SoffiXsponR570.01Ag302900.1.p	bHLH	TFF
SoffiXsponR570.05Fg279300.2.p	bHLH	TFF
SoffiXsponR570.03Bg064600.1.p	ARR-B	TFF
SoffiXsponR570.01Dg021600.2.p	HSF	TFF
SoffiXsponR570.1Z265400.1.p	HB	TFF
SoffiXsponR570.5_9Ag167000.1.p	bZIP	TFF
SoffiXsponR570.05Bg343500.1.p	MYB	TFF
SoffiXsponR570.10Ag223200.1.p	GRAS	TFF
SoffiXsponR570.07Ag172700.2.p	GRAS	TFF
SoffiXsponR570.01Bg170400.1.p	GRAS	TFF
SoffiXsponR570.06Gg054600.1.p	TUB	TFF
SoffiXsponR570.10Eg130100.1.p	GRAS	TFF
SoffiXsponR570.01Dg111500.1.p	TRAF	OTR
SoffiXsponR570.01Ag189700.1.p	MYB	TFF
SoffiXsponR570.01Cg365500.4.p	MYB-related	TFF
SoffiXsponR570.05Dg040100.1.p	Tify	TFF
SoffiXsponR570.09Cg054700.2.p	TCP	TFF
SoffiXsponR570.09Eg130100.1.p	CPP	TFF
SoffiXsponR570.02Eg049300.2.p	MED26	OTR
SoffiXsponR570.10Eg047400.2.p	ABI3VP1	TFF
SoffiXsponR570.01Bg074200.1.p	MYB-related	TFF
SoffiXsponR570.07Bg113700.1.p	NAC	TFF
SoffiXsponR570.01Cg038200.1.p	bHLH	TFF
SoffiXsponR570.02Gg128700.2.p	ARF	TFF
SoffiXsponR570.02Fg062600.1.p	zf-fF-X1	TFF
SoffiXsponR570.01Cg032100.1.p	GNAT	OTR
SoffiXsponR570.5_9Ag215700.1.p	AP2-EREBP	TFF
SoffiXsponR570.01Eg321900.3.p	PHD	OTR
SoffiXsponR570.07Dg194500.1.p	mTERF	OTR
SoffiXsponR570.10Dg194300.1.p	GRAS	TFF
SoffiXsponR570.03Bg211600.1.p	GRF	TFF
SoffiXsponR570.05Fg200400.1.p	PHD	OTR
SoffiXsponR570.01Eg280300.2.p	MYB-related	TFF
SoffiXsponR570.8_10Ag139900.1.p	MYB	TFF
SoffiXsponR570.03Dg291900.1.p	NAC	TFF
SoffiXsponR570.02Fg263900.2.p	TCP	TFF
SoffiXsponR570.7os1g036500.7.p	PHD	OTR
SoffiXsponR570.06Cg098900.1.p	AP2-EREBP	TFF
SoffiXsponR570.7_10Ag366800.2.p	Top	TFF
SoffiXsponR570.01Cg290900.4.p	MYB-related	TFF
SoffiXsponR570.05Fg315600.1.p	MYB	TFF
SoffiXsponR570.06Fg169200.8.p	SET	OTR
SoffiXsponR570.01Fg036700.3.p	MYB-related	TFF
SoffiXsponR570.02Fg128900.6.p	SBP	TFF
SoffiXsponR570.05Bg108300.3.p	MYB-related	TFF
SoffiXsponR570.05Eg225700.1.p	AP2-EREBP	TFF
SoffiXsponR570.10Dg186800.2.p	GRAS	TFF
SoffiXsponR570.01Cg247100.1.p	bZIP	TFF
SoffiXsponR570.04Fg021400.1.p	PHD	OTR
SoffiXsponR570.02Ag019500.1.p	PHD	OTR
SoffiXsponR570.02Cg272600.1.p	WRKY	TFF
SoffiXsponR570.8_5Ag263100.4.p	EIL	TFF
SoffiXsponR570.01Ag161400.1.p	CCAAT	TFF
SoffiXsponR570.03Dg007100.4.p	Jumonji	OTR
SoffiXsponR570.07Eg109700.1.p	AP2-EREBP	TFF
SoffiXsponR570.02Dg225500.1.p	WRKY	TFF
SoffiXsponR570.01Fg183200.2.p	MYB-related	TFF
SoffiXsponR570.10us89g085800.1.p	AP2-EREBP	TFF
SoffiXsponR570.02Ag379200.3.p	ABI3VP1	TFF
SoffiXsponR570.01Cg031600.2.p	GNAT	OTR
SoffiXsponR570.01Cg377700.2.p	HB	TFF
SoffiXsponR570.1Z275900.1.p	OFP	TFF
SoffiXsponR570.04Ag103300.3.p	TCP	TFF
SoffiXsponR570.03Dg259700.3.p	SET	OTR
SoffiXsponR570.08Eg074000.1.p	GeBP	TFF
SoffiXsponR570.04Cg096100.1.p	MADS	TFF
SoffiXsponR570.08Eg122300.3.p	TRAF	OTR
SoffiXsponR570.01Eg034200.4.p	GRAS	TFF
SoffiXsponR570.04Bg139000.1.p	AUX/IAA	OTR
SoffiXsponR570.03Bg213000.1.p	GRAS	TFF
SoffiXsponR570.05Ag046800.1.p	Tify	TFF
SoffiXsponR570.05Dg376300.1.p	OFP	TFF
SoffiXsponR570.10Bg205900.1.p	GRAS	TFF
SoffiXsponR570.04Bg065800.2.p	bHLH	TFF
SoffiXsponR570.05Dg304500.9.p	FAR1	TFF
SoffiXsponR570.06Fg092100.1.p	SET	OTR
SoffiXsponR570.08Ag089900.1.p	ABI3VP1	TFF
SoffiXsponR570.05Gg079200.3.p	bHLH	TFF
SoffiXsponR570.01Bg191800.1.p	GeBP	TFF
SoffiXsponR570.06Cg164400.2.p	ABI3VP1	TFF
SoffiXsponR570.09Cg012900.2.p	GRAS	TFF
SoffiXsponR570.05Bg041200.1.p	C2C2-YABBY	TFF
SoffiXsponR570.01Dg371800.1.p	bHLH	TFF
SoffiXsponR570.03Cg204400.1.p	AP2-EREBP	TFF
SoffiXsponR570.09Cg044400.1.p	E2F-DP	TFF
SoffiXsponR570.03Bg075100.4.p	C3H	TFF
SoffiXsponR570.09Dg127300.1.p	HB	TFF
SoffiXsponR570.02Dg220000.1.p	PHD	OTR
SoffiXsponR570.07Cg174800.3.p	C2H2	TFF
SoffiXsponR570.05Gg074300.1.p	AP2-EREBP	TFF
SoffiXsponR570.01Ag318300.1.p	OFP	TFF
SoffiXsponR570.06Ag072200.1.p	bHLH	TFF
SoffiXsponR570.09Bg017300.2.p	C2H2	TFF
SoffiXsponR570.5_9Ag344200.1.p	AP2-EREBP	TFF
SoffiXsponR570.04Eg016100.1.p	FHA	TFF
SoffiXsponR570.8_10Ag270400.1.p	bHLH	TFF
SoffiXsponR570.01Dg221600.3.p	MED26	OTR
SoffiXsponR570.02Cg212500.2.p	C3H	TFF
SoffiXsponR570.01Bg439400.1.p	Tify	TFF
SoffiXsponR570.01Ag116100.1.p	PAS	TFF
SoffiXsponR570.10us89g054300.4.p	MED26	OTR
SoffiXsponR570.08Cg111100.1.p	Tify	TFF
SoffiXsponR570.02Ag031500.1.p	AP2-EREBP	TFF
SoffiXsponR570.07Eg104300.2.p	C2C2-GATA	TFF
SoffiXsponR570.08Ag206600.6.p	Pseudo_ARR-B	OTR
SoffiXsponR570.08Cg156700.1.p	MYB	TFF
SoffiXsponR570.02Eg193400.6.p	bZIP	TFF
SoffiXsponR570.02Dg105600.1.p	NAC	TFF
SoffiXsponR570.02Dg280700.2.p	TCP	TFF
SoffiXsponR570.05Ag313900.1.p	AP2-EREBP	TFF
SoffiXsponR570.08Bg194200.1.p	Pseudo_ARR-B	OTR
SoffiXsponR570.10Fg056200.3.p	bHLH	TFF
SoffiXsponR570.7_10Ag052800.2.p	TUB	TFF
SoffiXsponR570.01Eg172100.1.p	C2H2	TFF
SoffiXsponR570.1Z151200.1.p	Tify	TFF
SoffiXsponR570.04Cg003800.3.p	GRAS	TFF
SoffiXsponR570.02Gg286100.1.p	MADS	TFF
SoffiXsponR570.01Ag163900.1.p	MYB-related	TFF
SoffiXsponR570.09Bg106100.4.p	MYB-related	TFF
SoffiXsponR570.8_10Ag287900.4.p	C2H2	TFF
SoffiXsponR570.02Ag380500.2.p	Jumonji	OTR
SoffiXsponR570.02Ag198400.3.p	Top	TFF
SoffiXsponR570.06Cg141400.1.p	ARF	TFF
SoffiXsponR570.03Cg215500.2.p	AP2-EREBP	TFF
SoffiXsponR570.09Ag018300.1.p	C2H2	TFF
SoffiXsponR570.7os1g040400.1.p	MADS	TFF
SoffiXsponR570.04Cg171100.1.p	MBF1	OTR
SoffiXsponR570.04Ag076200.2.p	ARR-B	TFF
SoffiXsponR570.05Bg044000.1.p	FAR1	TFF
SoffiXsponR570.01Eg216900.4.p	Not1	TFF
SoffiXsponR570.01Ag289800.1.p	bHLH	TFF
SoffiXsponR570.05Dg219300.2.p	EIL	TFF
SoffiXsponR570.05Gg206500.1.p	C3H	TFF
SoffiXsponR570.03Eg211500.1.p	AP2-EREBP	TFF
SoffiXsponR570.7_10Ag365800.1.p	ABI3VP1	TFF
SoffiXsponR570.03Gg093400.1.p	AP2-EREBP	TFF
SoffiXsponR570.03Cg039700.5.p	ARF	TFF
SoffiXsponR570.10Ag101800.1.p	AUX/IAA	OTR
SoffiXsponR570.02Cg002600.1.p	G2-like	TFF
SoffiXsponR570.03Dg137100.5.p	ARID	OTR
SoffiXsponR570.08Ag002500.1.p	TUB	TFF
SoffiXsponR570.01Dg006000.1.p	C2H2	TFF
SoffiXsponR570.10Ag036900.1.p	TRAF	OTR
SoffiXsponR570.08Cg038200.2.p	bHLH	TFF
SoffiXsponR570.01Bg116300.3.p	SET	OTR
SoffiXsponR570.02Gg206700.1.p	bZIP	TFF
SoffiXsponR570.03Gg046000.1.p	C3H	TFF
SoffiXsponR570.06Dg050700.2.p	FHA	TFF
SoffiXsponR570.03Ag048900.1.p	MADS	TFF
SoffiXsponR570.5_9Ag126500.1.p	PHD	OTR
SoffiXsponR570.07Bg236700.1.p	AP2-EREBP	TFF
SoffiXsponR570.05Cg272600.1.p	SBP	TFF
SoffiXsponR570.10Fg123700.1.p	GRAS	TFF
SoffiXsponR570.05Bg102700.2.p	BBR/BPC	TFF
SoffiXsponR570.02Eg063600.3.p	zf-BED	TFF
SoffiXsponR570.02Bg339500.1.p	mTERF	OTR
SoffiXsponR570.01Cg349800.1.p	OFP	TFF
SoffiXsponR570.02Fg152200.2.p	Jumonji	OTR
SoffiXsponR570.05Cg082100.3.p	AP2-EREBP	TFF
SoffiXsponR570.7_10Ag164600.1.p	AP2-EREBP	TFF
SoffiXsponR570.06Ag206200.2.p	bZIP	TFF
SoffiXsponR570.01Cg269500.4.p	C2C2-Dof	TFF
SoffiXsponR570.03Bg191100.1.p	LIM	TFF
SoffiXsponR570.8_5Ag172500.1.p	bHLH	TFF
SoffiXsponR570.08Cg157300.1.p	SRS	TFF
SoffiXsponR570.05Cg187500.1.p	mTERF	OTR
SoffiXsponR570.01Eg069500.1.p	mTERF	OTR
SoffiXsponR570.08Ag044300.2.p	MYB-related	TFF
SoffiXsponR570.10Fg019000.2.p	SBP	TFF
SoffiXsponR570.03Gg081400.1.p	AP2-EREBP	TFF
SoffiXsponR570.7os1g067400.5.p	AP2-EREBP	TFF
SoffiXsponR570.06Ag033100.1.p	WRKY	TFF
SoffiXsponR570.10Fg075200.1.p	MYB-related	TFF
SoffiXsponR570.05Fg138600.1.p	bHLH	TFF
SoffiXsponR570.8_5Ag175900.1.p	RB	OTR
SoffiXsponR570.10Ag052100.6.p	HB	TFF
SoffiXsponR570.06Fg016000.1.p	C2H2	TFF
SoffiXsponR570.1Z003900.2.p	bHLH	TFF
SoffiXsponR570.07Cg089300.3.p	Alfin-like	TFF
SoffiXsponR570.02Fg128900.3.p	SBP	TFF
SoffiXsponR570.05Eg141800.2.p	AP2-EREBP	TFF
SoffiXsponR570.05Fg264500.2.p	CCAAT	TFF
SoffiXsponR570.06Gg037200.1.p	mTERF	OTR
SoffiXsponR570.9os1g023400.1.p	TCP	TFF
SoffiXsponR570.03Ag222200.1.p	AP2-EREBP	TFF
SoffiXsponR570.8_5Ag083100.1.p	CCAAT	TFF
SoffiXsponR570.10Dg161000.2.p	MADS	TFF
SoffiXsponR570.7_10Ag045500.1.p	NAC	TFF
SoffiXsponR570.04Cg138200.2.p	mTERF	OTR
SoffiXsponR570.02Dg406900.1.p	FAR1	TFF
SoffiXsponR570.7_10Ag180700.1.p	bHLH	TFF
SoffiXsponR570.07Ag217200.2.p	GNAT	OTR
SoffiXsponR570.03Cg271000.1.p	MADS	TFF
SoffiXsponR570.01Dg296900.1.p	MYB-related	TFF
SoffiXsponR570.06Dg047000.2.p	AP2-EREBP	TFF
SoffiXsponR570.03Eg216300.3.p	GNAT	OTR
SoffiXsponR570.03Ag156900.1.p	AP2-EREBP	TFF
SoffiXsponR570.05Dg032800.1.p	MYB	TFF
SoffiXsponR570.08Bg034800.5.p	C3H	TFF
SoffiXsponR570.03Gg091200.1.p	mTERF	OTR
SoffiXsponR570.05Eg254400.2.p	GRF	TFF
SoffiXsponR570.08Dg056900.1.p	ABI3VP1	TFF
SoffiXsponR570.02Dg399100.2.p	TRAF	OTR
SoffiXsponR570.01Bg356200.5.p	SET	OTR
SoffiXsponR570.02Eg331700.1.p	NAC	TFF
SoffiXsponR570.05Fg186500.1.p	NAC	TFF
SoffiXsponR570.03Gg016300.1.p	MYB-related	TFF
SoffiXsponR570.05Eg069700.2.p	AP2-EREBP	TFF
SoffiXsponR570.05Ag337900.1.p	Tify	TFF
SoffiXsponR570.08Cg133000.1.p	bZIP	TFF
SoffiXsponR570.04Ag254300.7.p	SBP	TFF
SoffiXsponR570.05Gg147200.1.p	bZIP	TFF
SoffiXsponR570.10Eg128900.2.p	GRAS	TFF
SoffiXsponR570.01Fg270900.2.p	TIG	TFF
SoffiXsponR570.03Bg208900.3.p	C2H2	TFF
SoffiXsponR570.06Eg080100.2.p	bHLH	TFF
SoffiXsponR570.05Eg311900.5.p	GRAS	TFF
SoffiXsponR570.05Bg130200.1.p	bZIP	TFF
SoffiXsponR570.01Dg109500.5.p	HSF	TFF
SoffiXsponR570.05Eg197100.1.p	zf-A20	TFF
SoffiXsponR570.4us91g069700.1.p	MADS	TFF
SoffiXsponR570.04Dg175700.2.p	SBP	TFF
SoffiXsponR570.01Cg113000.3.p	GRAS	TFF
SoffiXsponR570.09Bg053500.2.p	SAP	TFF
SoffiXsponR570.06Ag130400.1.p	bHLH	TFF
SoffiXsponR570.04Eg097300.2.p	TRAF	OTR
SoffiXsponR570.01Ag401300.7.p	PHD	OTR
SoffiXsponR570.04Ag161000.1.p	BES1	TFF
SoffiXsponR570.02Fg290600.2.p	MYB	TFF
SoffiXsponR570.09Ag054000.4.p	C2C2-GATA	TFF
SoffiXsponR570.10Eg053900.1.p	RB	OTR
SoffiXsponR570.03Dg168700.3.p	SET	OTR
SoffiXsponR570.03Cg030500.1.p	SWI/SNF-BAF60b	OTR
SoffiXsponR570.07Bg168700.7.p	GRAS	TFF
SoffiXsponR570.10Bg200400.1.p	MYB	TFF
SoffiXsponR570.01Bg169900.1.p	MADS	TFF
SoffiXsponR570.7_10Ag261600.1.p	C2C2-GATA	TFF
SoffiXsponR570.03Bg023300.2.p	GeBP	TFF
SoffiXsponR570.06Ag173200.1.p	C3H	TFF
SoffiXsponR570.09Dg110200.1.p	TCP	TFF
SoffiXsponR570.03Bg289400.1.p	ARR-B	TFF
SoffiXsponR570.03Bg140000.2.p	C2H2	TFF
SoffiXsponR570.03Gg012500.1.p	NAC	TFF
SoffiXsponR570.02Dg384600.1.p	ARF	TFF
SoffiXsponR570.04Fg002100.1.p	mTERF	OTR
SoffiXsponR570.8_5Ag196700.1.p	C2H2	TFF
SoffiXsponR570.03Dg165200.1.p	bHLH	TFF
SoffiXsponR570.06Ag218500.2.p	bHLH	TFF
SoffiXsponR570.02Ag182000.1.p	MYB-related	TFF
SoffiXsponR570.04Bg072700.3.p	bHLH	TFF
SoffiXsponR570.01Bg349100.1.p	WRKY	TFF
SoffiXsponR570.08Ag069200.4.p	SET	OTR
SoffiXsponR570.05Bg182100.1.p	HSF	TFF
SoffiXsponR570.03Eg302100.1.p	zf-fF-X1	TFF
SoffiXsponR570.05Gg112500.1.p	BBR/BPC	TFF
SoffiXsponR570.04Fg103400.1.p	TRAF	OTR
SoffiXsponR570.01Cg095500.6.p	HSF	TFF
SoffiXsponR570.02Cg247100.1.p	Coactivator_p15	OTR
SoffiXsponR570.08Ag084800.1.p	AP2-EREBP	TFF
SoffiXsponR570.08Bg132700.2.p	AP2-EREBP	TFF
SoffiXsponR570.10Fg123800.1.p	GRAS	TFF
SoffiXsponR570.8_5Ag193800.1.p	mTERF	OTR
SoffiXsponR570.02Bg125700.2.p	Top	TFF
SoffiXsponR570.04Fg105200.1.p	TRAF	OTR
SoffiXsponR570.02Eg173400.1.p	MYB-related	TFF
SoffiXsponR570.03Eg264300.1.p	bHLH	TFF
SoffiXsponR570.03Eg051500.1.p	AP2-EREBP	TFF
SoffiXsponR570.8_10Ag027100.1.p	TUB	TFF
SoffiXsponR570.01Fg274400.5.p	MADS	TFF
SoffiXsponR570.09Ag167400.1.p	MYB	TFF
SoffiXsponR570.06Dg097600.1.p	NOT2_3_5	OTR
SoffiXsponR570.01Dg122200.1.p	Tify	TFF
SoffiXsponR570.06Dg063300.1.p	NAC	TFF
SoffiXsponR570.02Ag111900.1.p	C3H	TFF
SoffiXsponR570.10Eg002800.1.p	ABI3VP1	TFF
SoffiXsponR570.04Dg063500.2.p	BBR/BPC	TFF
SoffiXsponR570.02Bg309800.1.p	MYB	TFF
SoffiXsponR570.05Bg197900.2.p	EIL	TFF
SoffiXsponR570.07Dg076000.3.p	DDT	OTR
SoffiXsponR570.8_5Ag209900.1.p	Alfin-like	TFF
SoffiXsponR570.09Eg054800.1.p	NAC	TFF
SoffiXsponR570.6_9Ag323600.2.p	MYB-related	TFF
SoffiXsponR570.08Cg116300.1.p	NAC	TFF
SoffiXsponR570.10os1g002800.3.p	zf-MIZ	OTR
SoffiXsponR570.03Ag325400.1.p	AUX/IAA	OTR
SoffiXsponR570.02Dg061200.1.p	zf-fF-X1	TFF
SoffiXsponR570.01Bg320200.1.p	CCAAT	TFF
SoffiXsponR570.02Ag338100.2.p	GRAS	TFF
SoffiXsponR570.03Cg271000.2.p	MADS	TFF
SoffiXsponR570.04Eg133700.4.p	MYB-related	TFF
SoffiXsponR570.10Bg018800.1.p	AP2-EREBP	TFF
SoffiXsponR570.05Cg164200.1.p	bHLH	TFF
SoffiXsponR570.06Dg024600.4.p	bHLH	TFF
SoffiXsponR570.08Dg056800.1.p	ABI3VP1	TFF
SoffiXsponR570.01Eg402000.3.p	HB	TFF
SoffiXsponR570.07Dg047300.1.p	Tify	TFF
SoffiXsponR570.01Bg358800.6.p	PHD	OTR
SoffiXsponR570.01Eg106100.4.p	HB	TFF
SoffiXsponR570.07Bg260800.2.p	MYB	TFF
SoffiXsponR570.02Ag416200.1.p	bHLH	TFF
SoffiXsponR570.07Eg199500.1.p	SWI/SNF-BAF60b	OTR
SoffiXsponR570.02Eg193400.5.p	bZIP	TFF
SoffiXsponR570.5_9Ag492200.3.p	bHLH	TFF
SoffiXsponR570.08Bg175200.4.p	bHLH	TFF
SoffiXsponR570.09Bg100000.1.p	PAS	TFF
SoffiXsponR570.04Eg052300.1.p	HB	TFF
SoffiXsponR570.05Cg320000.1.p	C2H2	TFF
SoffiXsponR570.7os1g036800.1.p	AP2-EREBP	TFF
SoffiXsponR570.07Bg170700.1.p	bHLH	TFF
SoffiXsponR570.09Ag002700.1.p	PAS	TFF
SoffiXsponR570.8_10Ag245600.2.p	PHD	OTR
SoffiXsponR570.01Fg118400.2.p	NAC	TFF
SoffiXsponR570.01Dg010200.1.p	AP2-EREBP	TFF
SoffiXsponR570.02Cg425800.1.p	WRKY	TFF
SoffiXsponR570.08Cg123900.1.p	ARID	OTR
SoffiXsponR570.01Eg037800.1.p	AP2-EREBP	TFF
SoffiXsponR570.9os1g072800.1.p	ABI3VP1	TFF
SoffiXsponR570.02Gg323300.1.p	Top	TFF
SoffiXsponR570.9os1g053100.1.p	MYB	TFF
SoffiXsponR570.01Fg270900.3.p	TIG	TFF
SoffiXsponR570.05Eg052500.1.p	SAP	TFF
SoffiXsponR570.06Fg162900.1.p	OFP	TFF
SoffiXsponR570.07Bg163100.1.p	AP2-EREBP	TFF
SoffiXsponR570.02Ag338100.1.p	GRAS	TFF
SoffiXsponR570.08Eg012300.1.p	NAC	TFF
SoffiXsponR570.03Dg171100.2.p	ARF	TFF
SoffiXsponR570.07Ag253400.2.p	Top	TFF
SoffiXsponR570.03Cg043900.1.p	HB	TFF
SoffiXsponR570.04Bg244100.5.p	TAZ	TFF
SoffiXsponR570.03Cg206600.1.p	MYB	TFF
SoffiXsponR570.08Cg196500.1.p	MED26	OTR
SoffiXsponR570.06Cg109500.2.p	MYB	TFF
SoffiXsponR570.06Gg135500.1.p	MYB-related	TFF
SoffiXsponR570.09Bg022200.1.p	SET	OTR
SoffiXsponR570.10Dg197200.1.p	C2H2	TFF
SoffiXsponR570.01Ag155200.1.p	FAR1	TFF
SoffiXsponR570.03Cg288500.2.p	zf-HD	TFF
SoffiXsponR570.04Eg147200.2.p	bZIP	TFF
SoffiXsponR570.04Dg016600.1.p	GRF	TFF
SoffiXsponR570.05Dg179400.2.p	bHLH	TFF
SoffiXsponR570.04Gg039700.1.p	WRKY	TFF
SoffiXsponR570.07Dg041100.1.p	ABI3VP1	TFF
SoffiXsponR570.01Dg253500.2.p	SET	OTR
SoffiXsponR570.01Eg083700.1.p	C2H2	TFF
SoffiXsponR570.09Bg164900.1.p	TRAF	OTR
SoffiXsponR570.8_5Ag036500.3.p	zf-LSD1	TFF
SoffiXsponR570.05Ag001800.1.p	C2H2	TFF
SoffiXsponR570.7_10Ag289700.1.p	MADS	TFF
SoffiXsponR570.01Ag174700.1.p	ABI3VP1	TFF
SoffiXsponR570.03Eg150500.1.p	AP2-EREBP	TFF
SoffiXsponR570.02Dg421100.1.p	Top	TFF
SoffiXsponR570.7_10Ag046000.3.p	ABI3VP1	TFF
SoffiXsponR570.09Cg141700.2.p	CPP	TFF
SoffiXsponR570.02Cg326900.1.p	C2H2	TFF
SoffiXsponR570.3os4g005400.2.p	E2F-DP	TFF
SoffiXsponR570.10Eg130000.4.p	GRAS	TFF
SoffiXsponR570.09Ag026200.1.p	zf-HD	TFF
SoffiXsponR570.8_5Ag086500.4.p	PHD	OTR
SoffiXsponR570.7_10Ag092600.3.p	PHD	OTR
SoffiXsponR570.02Bg253000.3.p	TCP	TFF
SoffiXsponR570.02Fg314100.4.p	TUB	TFF
SoffiXsponR570.5_9Ag164200.1.p	bHLH	TFF
SoffiXsponR570.09Eg017800.1.p	GRAS	TFF
SoffiXsponR570.04Cg145400.1.p	MADS	TFF
SoffiXsponR570.06Fg051800.3.p	ABI3VP1	TFF
SoffiXsponR570.01Dg378200.1.p	Top	TFF
SoffiXsponR570.07Bg164700.1.p	MYB	TFF
SoffiXsponR570.01Cg234600.2.p	C3H	TFF
SoffiXsponR570.10Cg036400.1.p	ABI3VP1	TFF
SoffiXsponR570.01Ag485000.1.p	Tify	TFF
SoffiXsponR570.08Bg153500.1.p	C2H2	TFF
SoffiXsponR570.04Cg212400.1.p	TRAF	OTR
SoffiXsponR570.07Eg102600.1.p	NAC	TFF
SoffiXsponR570.1Z221200.5.p	DDT	OTR
SoffiXsponR570.02Fg020500.3.p	TCP	TFF
SoffiXsponR570.03Dg038300.3.p	SBP	TFF
SoffiXsponR570.09Ag128900.1.p	C2H2	TFF
SoffiXsponR570.05Dg187400.2.p	AP2-EREBP	TFF
SoffiXsponR570.05Cg218800.1.p	NAC	TFF
SoffiXsponR570.02Eg342900.1.p	Jumonji	OTR
SoffiXsponR570.06Fg168900.1.p	MYB-related	TFF
SoffiXsponR570.06Gg057800.1.p	C2H2	TFF
SoffiXsponR570.02Ag133000.6.p	SBP	TFF
SoffiXsponR570.07Ag231700.1.p	AP2-EREBP	TFF
SoffiXsponR570.03Dg320600.1.p	ARR-B	TFF
SoffiXsponR570.06Cg142400.1.p	VOZ	TFF
SoffiXsponR570.8_10Ag322500.1.p	SBP	TFF
SoffiXsponR570.03Cg258500.3.p	TCP	TFF
SoffiXsponR570.10us89g061700.1.p	TCP	TFF
SoffiXsponR570.10Bg074600.3.p	SBP	TFF
SoffiXsponR570.02Gg172200.2.p	SWI/SNF-BAF60b	OTR
SoffiXsponR570.10Bg196300.1.p	AP2-EREBP	TFF
SoffiXsponR570.01Dg058300.1.p	ABI3VP1	TFF
SoffiXsponR570.08Ag210700.1.p	WRKY	TFF
SoffiXsponR570.03Gg061200.2.p	MYB-related	TFF
SoffiXsponR570.03Eg007200.14.p	Jumonji	OTR
SoffiXsponR570.01Dg328800.7.p	TIG	TFF
SoffiXsponR570.09Dg087000.1.p	C2H2	TFF
SoffiXsponR570.01Cg290900.1.p	MYB-related	TFF
SoffiXsponR570.06Fg073500.1.p	OFP	TFF
SoffiXsponR570.02Fg009400.2.p	MYB	TFF
SoffiXsponR570.03Fg085700.1.p	zf-A20	TFF
SoffiXsponR570.01Eg184100.5.p	GRAS	TFF
SoffiXsponR570.01Dg314400.2.p	ABI3VP1	TFF
SoffiXsponR570.02Eg328800.1.p	PHD	OTR
SoffiXsponR570.05Ag223100.1.p	MADS	TFF
SoffiXsponR570.05Fg027100.2.p	HB	TFF
SoffiXsponR570.8_5Ag263100.1.p	EIL	TFF
SoffiXsponR570.8_10Ag287900.2.p	C2H2	TFF
SoffiXsponR570.01Eg169600.1.p	ABI3VP1	TFF
SoffiXsponR570.6_9Ag216500.1.p	mTERF	OTR
SoffiXsponR570.07Ag128000.1.p	NAC	TFF
SoffiXsponR570.5_9Ag156200.2.p	Pseudo_ARR-B	OTR
SoffiXsponR570.02Bg217100.1.p	MYB	TFF
SoffiXsponR570.01Ag124700.1.p	GeBP	TFF
SoffiXsponR570.01Fg266000.1.p	C2H2	TFF
SoffiXsponR570.01Ag531900.2.p	Top	TFF
SoffiXsponR570.03Eg062700.2.p	bZIP	TFF
SoffiXsponR570.01Bg399900.4.p	MYB-related	TFF
SoffiXsponR570.03Fg073300.1.p	PLATZ	TFF
SoffiXsponR570.01Fg086900.2.p	zf-C5HC2	TFF
SoffiXsponR570.06Fg021500.2.p	SAP	TFF
SoffiXsponR570.06Fg094600.1.p	CCAAT	TFF
SoffiXsponR570.02Ag264900.1.p	MYB	TFF
SoffiXsponR570.02Dg049800.1.p	C3H	TFF
SoffiXsponR570.05Gg192900.2.p	ARID	OTR
SoffiXsponR570.7_10Ag103800.1.p	GeBP	TFF
SoffiXsponR570.04Eg082700.2.p	HB	TFF
SoffiXsponR570.01Ag244900.8.p	HSF	TFF
SoffiXsponR570.01Ag489500.1.p	AP2-EREBP	TFF
SoffiXsponR570.08Ag189000.2.p	TRAF	OTR
SoffiXsponR570.02Ag046000.1.p	OFP	TFF
SoffiXsponR570.08Bg087200.1.p	WRKY	TFF
SoffiXsponR570.06Gg054900.2.p	MYB-related	TFF
SoffiXsponR570.03Cg019500.3.p	bHLH	TFF
SoffiXsponR570.10Cg189400.2.p	GRAS	TFF
SoffiXsponR570.6_9Ag237200.5.p	bZIP	TFF
SoffiXsponR570.05Cg228800.1.p	AP2-EREBP	TFF
SoffiXsponR570.01Ag247500.1.p	TRAF	OTR
SoffiXsponR570.8_10Ag063000.1.p	BSD	TFF
SoffiXsponR570.06Cg035400.1.p	NAC	TFF
SoffiXsponR570.01Eg426600.2.p	RWP-RK	TFF
SoffiXsponR570.03Ag142500.1.p	WRKY	TFF
SoffiXsponR570.02Fg309900.2.p	bZIP	TFF
SoffiXsponR570.02Gg186700.1.p	zf-A20	TFF
SoffiXsponR570.02Cg191100.1.p	Top	TFF
SoffiXsponR570.05Dg179400.1.p	bHLH	TFF
SoffiXsponR570.01Bg482700.2.p	bHLH	TFF
SoffiXsponR570.01Ag481100.3.p	MADS	TFF
SoffiXsponR570.10Cg166900.1.p	C2C2-Dof	TFF
SoffiXsponR570.06Dg098100.1.p	MYB-related	TFF
SoffiXsponR570.10Dg146900.1.p	TRAF	OTR
SoffiXsponR570.07Bg053000.6.p	TIG	TFF
SoffiXsponR570.07Bg213600.1.p	ABI3VP1	TFF
SoffiXsponR570.03Ag304000.9.p	GNAT	OTR
SoffiXsponR570.09Bg057100.2.p	C2H2	TFF
SoffiXsponR570.8_10Ag160000.2.p	bHLH	TFF
SoffiXsponR570.08Bg161500.2.p	C2H2	TFF
SoffiXsponR570.06Cg182900.4.p	CCAAT	TFF
SoffiXsponR570.04Ag149100.2.p	AUX/IAA	OTR
SoffiXsponR570.05Bg223700.1.p	AP2-EREBP	TFF
SoffiXsponR570.05Bg055500.1.p	bHLH	TFF
SoffiXsponR570.7os1g045100.1.p	NAC	TFF
SoffiXsponR570.03Cg148200.1.p	E2F-DP	TFF
SoffiXsponR570.04Eg064200.1.p	FAR1	TFF
SoffiXsponR570.03Fg006600.8.p	Jumonji	OTR
SoffiXsponR570.02Gg248300.1.p	TUB	TFF
SoffiXsponR570.5_9Ag260500.1.p	bZIP	TFF
SoffiXsponR570.03Gg104800.1.p	C2C2-CO-like	TFF
SoffiXsponR570.10Fg026600.1.p	bHLH	TFF
SoffiXsponR570.06Ag140800.2.p	AP2-EREBP	TFF
SoffiXsponR570.5_9Ag214000.1.p	Tify	TFF
SoffiXsponR570.01Eg452100.1.p	Not1	TFF
SoffiXsponR570.1Z267300.1.p	TRAF	OTR
SoffiXsponR570.01Eg311100.3.p	SET	OTR
SoffiXsponR570.08Dg122200.2.p	GeBP	TFF
SoffiXsponR570.10Fg026700.4.p	ARF	TFF
SoffiXsponR570.02Cg042000.1.p	WRKY	TFF
SoffiXsponR570.07Dg224400.1.p	ABI3VP1	TFF
SoffiXsponR570.10Eg122200.1.p	AP2-EREBP	TFF
SoffiXsponR570.06Cg179800.1.p	C2C2-GATA	TFF
SoffiXsponR570.01Eg315000.1.p	C3H	TFF
SoffiXsponR570.02Fg183700.3.p	C3H	TFF
SoffiXsponR570.10Ag055900.2.p	TUB	TFF
SoffiXsponR570.04Fg058800.2.p	HB	TFF
SoffiXsponR570.02Fg159400.2.p	bHLH	TFF
SoffiXsponR570.05Dg332100.1.p	Alfin-like	TFF
SoffiXsponR570.02Dg038600.1.p	PAS	TFF
SoffiXsponR570.02Bg074000.3.p	MYB	TFF
SoffiXsponR570.01Fg011800.5.p	C2C2-Dof	TFF
SoffiXsponR570.02Ag319600.1.p	NAC	TFF
SoffiXsponR570.07Eg164500.1.p	zf-BED	TFF
SoffiXsponR570.07Bg126000.3.p	RWP-RK	TFF
SoffiXsponR570.04Gg102600.2.p	C2C2-CO-like	TFF
SoffiXsponR570.01Ag363200.1.p	HSF	TFF
SoffiXsponR570.02Ag061300.1.p	AP2-EREBP	TFF
SoffiXsponR570.06Dg047000.1.p	AP2-EREBP	TFF
SoffiXsponR570.04Cg253900.2.p	SRS	TFF
SoffiXsponR570.10us89g103500.1.p	AP2-EREBP	TFF
SoffiXsponR570.7_10Ag110900.1.p	TRAF	OTR
SoffiXsponR570.06Dg150900.1.p	C2C2-GATA	TFF
SoffiXsponR570.06Dg024300.2.p	bHLH	TFF
SoffiXsponR570.05Ag380900.1.p	C2C2-Dof	TFF
SoffiXsponR570.06Cg176000.3.p	C3H	TFF
SoffiXsponR570.8_10Ag146900.1.p	GRAS	TFF
SoffiXsponR570.05Dg133800.3.p	SET	OTR
SoffiXsponR570.01Dg028500.1.p	C2C2-GATA	TFF
SoffiXsponR570.03Cg116700.2.p	GeBP	TFF
SoffiXsponR570.01Cg142800.1.p	NAC	TFF
SoffiXsponR570.03Bg313800.1.p	Jumonji	OTR
SoffiXsponR570.02Eg104400.1.p	MYB	TFF
SoffiXsponR570.06Eg033600.1.p	HB	TFF
SoffiXsponR570.6_9Ag037200.1.p	WRKY	TFF
SoffiXsponR570.06Ag045800.1.p	bHLH	TFF
SoffiXsponR570.01Ag098700.1.p	AUX/IAA	OTR
SoffiXsponR570.05Bg189200.1.p	bHLH	TFF
SoffiXsponR570.8_5Ag244800.1.p	CCAAT	TFF
SoffiXsponR570.02Eg063500.1.p	bHLH	TFF
SoffiXsponR570.5_9Ag469200.2.p	PHD	OTR
SoffiXsponR570.06Ag198300.1.p	TUB	TFF
SoffiXsponR570.02Gg079200.1.p	HSF	TFF
SoffiXsponR570.10Cg046300.1.p	AP2-EREBP	TFF
SoffiXsponR570.05Eg180000.1.p	HSF	TFF
SoffiXsponR570.6us88g088500.1.p	MYB-related	TFF
SoffiXsponR570.03Ag171900.4.p	C2H2	TFF
SoffiXsponR570.05Eg203100.1.p	NAC	TFF
SoffiXsponR570.05Dg051600.3.p	PHD	OTR
SoffiXsponR570.04Cg177900.6.p	MYB	TFF
SoffiXsponR570.02Bg246900.1.p	TCP	TFF
SoffiXsponR570.06Ag061100.2.p	bHLH	TFF
SoffiXsponR570.07Cg243100.4.p	FAR1	TFF
SoffiXsponR570.01Eg165200.2.p	AUX/IAA	OTR
SoffiXsponR570.8_5Ag132600.1.p	zf-BED	TFF
SoffiXsponR570.07Bg161100.1.p	C2C2-GATA	TFF
SoffiXsponR570.04Bg139400.3.p	CPP	TFF
SoffiXsponR570.03Bg143700.1.p	C3H	TFF
SoffiXsponR570.05Dg349900.1.p	SART-1	OTR
SoffiXsponR570.07Dg080000.1.p	MADS	TFF
SoffiXsponR570.7os1g086800.1.p	ARF	TFF
SoffiXsponR570.05Dg379200.1.p	NAC	TFF
SoffiXsponR570.06Cg055900.2.p	WRKY	TFF
SoffiXsponR570.8_10Ag114600.1.p	GRAS	TFF
SoffiXsponR570.07Bg090300.3.p	GRAS	TFF
SoffiXsponR570.01Bg383200.3.p	LIM	TFF
SoffiXsponR570.02Eg019000.2.p	TCP	TFF
SoffiXsponR570.06Dg075400.3.p	mTERF	OTR
SoffiXsponR570.5_9Ag195400.1.p	bZIP	TFF
SoffiXsponR570.07Bg236800.3.p	AP2-EREBP	TFF
SoffiXsponR570.03Bg258200.2.p	mTERF	OTR
SoffiXsponR570.08Eg083900.2.p	SET	OTR
SoffiXsponR570.08Ag003800.2.p	Yl1	TFF
SoffiXsponR570.07Dg063900.1.p	E2F-DP	TFF
SoffiXsponR570.03Ag233100.1.p	MYB-related	TFF
SoffiXsponR570.07Ag242800.6.p	C3H	TFF
SoffiXsponR570.02Gg268900.2.p	mTERF	OTR
SoffiXsponR570.02Bg368000.1.p	C2H2	TFF
SoffiXsponR570.06Fg169200.3.p	SET	OTR
SoffiXsponR570.01Ag438400.3.p	CCAAT	TFF
SoffiXsponR570.01Eg296400.1.p	WRKY	TFF
SoffiXsponR570.02Ag030200.2.p	MADS	TFF
SoffiXsponR570.05Eg069500.1.p	Alfin-like	TFF
SoffiXsponR570.07Dg031200.1.p	bHLH	TFF
SoffiXsponR570.06Cg181000.1.p	bZIP	TFF
SoffiXsponR570.02Dg004000.1.p	RWP-RK	TFF
SoffiXsponR570.05Cg053000.2.p	HSF	TFF
SoffiXsponR570.08Dg051900.1.p	ABI3VP1	TFF
SoffiXsponR570.04Ag182300.1.p	AP2-EREBP	TFF
SoffiXsponR570.1Z125100.1.p	ARR-B	TFF
SoffiXsponR570.02Gg189700.1.p	NAC	TFF
SoffiXsponR570.08Dg055000.1.p	TRAF	OTR
SoffiXsponR570.04Ag032900.1.p	NAC	TFF
SoffiXsponR570.01Bg142700.2.p	NOT2_3_5	OTR
SoffiXsponR570.02Cg111400.2.p	C3H	TFF
SoffiXsponR570.07Bg165100.1.p	AP2-EREBP	TFF
SoffiXsponR570.03Gg079100.1.p	GeBP	TFF
SoffiXsponR570.03Ag079000.1.p	GRAS	TFF
SoffiXsponR570.05Eg201100.2.p	C3H	TFF
SoffiXsponR570.06Fg155500.1.p	CCAAT	TFF
SoffiXsponR570.6_9Ag067200.1.p	WRKY	TFF
SoffiXsponR570.01Bg380100.2.p	GRAS	TFF
SoffiXsponR570.01Eg056900.2.p	MYB	TFF
SoffiXsponR570.02Ag095000.2.p	zf-BED	TFF
SoffiXsponR570.1Z300000.1.p	BES1	TFF
SoffiXsponR570.03Dg102900.3.p	HSF	TFF
SoffiXsponR570.07Cg153900.1.p	C2C2-YABBY	TFF
SoffiXsponR570.02Fg354600.1.p	Top	TFF
SoffiXsponR570.08Dg052900.1.p	TRAF	OTR
SoffiXsponR570.01Dg331900.2.p	MADS	TFF
SoffiXsponR570.09Bg148600.2.p	TFIID	TFF
SoffiXsponR570.06Eg039500.1.p	bHLH	TFF
SoffiXsponR570.06Cg192500.3.p	bHLH	TFF
SoffiXsponR570.9us90g001500.4.p	ARF	TFF
SoffiXsponR570.02Bg075400.2.p	ABI3VP1	TFF
SoffiXsponR570.07Dg077500.3.p	AUX/IAA	OTR
SoffiXsponR570.08Bg056200.1.p	GNAT	OTR
SoffiXsponR570.04Ag178500.1.p	FAR1	TFF
SoffiXsponR570.03Eg216300.1.p	GNAT	OTR
SoffiXsponR570.4os1g000600.1.p	LIM	TFF
SoffiXsponR570.1Z212700.1.p	AP2-EREBP	TFF
SoffiXsponR570.10Bg003000.2.p	SAP	TFF
SoffiXsponR570.01Cg112100.1.p	AP2-EREBP	TFF
SoffiXsponR570.04Bg065000.2.p	ARR-B	TFF
SoffiXsponR570.07Eg141900.1.p	bHLH	TFF
SoffiXsponR570.02Cg218500.1.p	AP2-EREBP	TFF
SoffiXsponR570.01Dg007200.4.p	AP2-EREBP	TFF
SoffiXsponR570.9os1g013200.1.p	OFP	TFF
SoffiXsponR570.08Cg177600.1.p	TRAF	OTR
SoffiXsponR570.03Ag074500.3.p	PHD	OTR
SoffiXsponR570.02Fg020500.2.p	TCP	TFF
SoffiXsponR570.08Cg113800.1.p	bHLH	TFF
SoffiXsponR570.10Ag225000.1.p	GRAS	TFF
SoffiXsponR570.01Eg431600.1.p	OFP	TFF
SoffiXsponR570.07Cg165100.1.p	C2H2	TFF
SoffiXsponR570.03Cg256200.1.p	mTERF	OTR
SoffiXsponR570.02Ag257900.1.p	MYB-related	TFF
SoffiXsponR570.06Dg136600.2.p	Trihelix	TFF
SoffiXsponR570.07Eg066000.1.p	GNAT	OTR
SoffiXsponR570.06Fg075500.1.p	GNAT	OTR
SoffiXsponR570.03Bg226300.2.p	TUB	TFF
SoffiXsponR570.02Bg043600.1.p	WRKY	TFF
SoffiXsponR570.09Ag052800.15.p	SAP	TFF
SoffiXsponR570.08Dg136100.1.p	C2H2	TFF
SoffiXsponR570.8_10Ag324700.1.p	NAC	TFF
SoffiXsponR570.10Fg118900.1.p	GRAS	TFF
SoffiXsponR570.03Ag292800.3.p	SWI/SNF-SWI3	OTR
SoffiXsponR570.08Cg014400.1.p	MADS	TFF
SoffiXsponR570.07Dg220400.3.p	ARF	TFF
SoffiXsponR570.08Ag131000.1.p	bHLH	TFF
SoffiXsponR570.02Gg016300.1.p	C3H	TFF
SoffiXsponR570.01Bg105800.1.p	MYB	TFF
SoffiXsponR570.08Cg210500.2.p	HMG	OTR
SoffiXsponR570.05Ag189100.1.p	C2H2	TFF
SoffiXsponR570.03Fg131900.1.p	Tudor-knot	OTR
SoffiXsponR570.05Fg118200.1.p	HSF	TFF
SoffiXsponR570.02Ag006500.3.p	ABI3VP1	TFF
SoffiXsponR570.03Gg049300.1.p	Alfin-like	TFF
SoffiXsponR570.5_9Ag449100.3.p	MYB-related	TFF
SoffiXsponR570.04Dg094500.1.p	MED6	OTR
SoffiXsponR570.06Cg058300.1.p	AP2-EREBP	TFF
SoffiXsponR570.07Dg237400.2.p	NAC	TFF
SoffiXsponR570.01Eg182300.1.p	C2C2-Dof	TFF
SoffiXsponR570.04Fg001100.1.p	MADS	TFF
SoffiXsponR570.05Bg315400.1.p	C2H2	TFF
SoffiXsponR570.04Dg137000.1.p	MADS	TFF
SoffiXsponR570.01Cg071300.1.p	SET	OTR
SoffiXsponR570.05Eg198200.1.p	GNAT	OTR
SoffiXsponR570.05Eg066500.1.p	NAC	TFF
SoffiXsponR570.08Dg010300.2.p	bHLH	TFF
SoffiXsponR570.02Fg244600.2.p	MADS	TFF
SoffiXsponR570.04Eg015300.1.p	bZIP	TFF
SoffiXsponR570.01Bg042700.1.p	mTERF	OTR
SoffiXsponR570.02Gg287800.1.p	TCP	TFF
SoffiXsponR570.03Ag269600.1.p	BSD	TFF
SoffiXsponR570.05Ag367800.4.p	DDT	OTR
SoffiXsponR570.02Cg006300.1.p	ABI3VP1	TFF
SoffiXsponR570.03Cg241200.1.p	GNAT	OTR
SoffiXsponR570.02Eg176400.1.p	WRKY	TFF
SoffiXsponR570.03Bg184200.1.p	MYB	TFF
SoffiXsponR570.05Eg248500.9.p	SET	OTR
SoffiXsponR570.01Cg166000.2.p	HB	TFF
SoffiXsponR570.04Ag150400.1.p	MADS	TFF
SoffiXsponR570.03Eg132200.1.p	AP2-EREBP	TFF
SoffiXsponR570.01Eg255300.5.p	CCAAT	TFF
SoffiXsponR570.01Bg183600.1.p	SWI/SNF-BAF60b	OTR
SoffiXsponR570.03Dg166400.1.p	MYB-related	TFF
SoffiXsponR570.05Fg143600.1.p	NAC	TFF
SoffiXsponR570.02Dg111000.1.p	C3H	TFF
SoffiXsponR570.07Dg040700.1.p	ABI3VP1	TFF
SoffiXsponR570.05Bg198900.1.p	SBP	TFF
SoffiXsponR570.05Fg097300.1.p	WRKY	TFF
SoffiXsponR570.02Bg280700.1.p	SET	OTR
SoffiXsponR570.02Bg118700.1.p	HB	TFF
SoffiXsponR570.01Eg428100.1.p	bHLH	TFF
SoffiXsponR570.01Ag222000.1.p	ARF	TFF
SoffiXsponR570.02Bg200100.2.p	ARF	TFF
SoffiXsponR570.03Cg094500.1.p	AP2-EREBP	TFF
SoffiXsponR570.04Eg083900.1.p	WRKY	TFF
SoffiXsponR570.01Eg020200.1.p	mTERF	OTR
SoffiXsponR570.04Eg069500.1.p	C2H2	TFF
SoffiXsponR570.05Bg295400.2.p	ABI3VP1	TFF
SoffiXsponR570.07Ag009200.1.p	E2F-DP	TFF
SoffiXsponR570.07Ag081500.1.p	Alfin-like	TFF
SoffiXsponR570.01Bg346400.1.p	MYB-related	TFF
SoffiXsponR570.07Ag067900.1.p	SWI/SNF-BAF60b	OTR
SoffiXsponR570.02Eg364100.1.p	TRAF	OTR
SoffiXsponR570.1Z245800.1.p	CAMTA	TFF
SoffiXsponR570.01Eg300100.1.p	C3H	TFF
SoffiXsponR570.04Dg160800.1.p	Top	TFF
SoffiXsponR570.5_9Ag164300.1.p	bHLH	TFF
SoffiXsponR570.03Cg289000.1.p	bHLH	TFF
SoffiXsponR570.02Bg042700.1.p	PHD	OTR
SoffiXsponR570.03Ag221200.1.p	C2H2	TFF
SoffiXsponR570.09Dg091900.2.p	TAZ	TFF
SoffiXsponR570.10Eg108100.1.p	C2C2-Dof	TFF
SoffiXsponR570.4us91g042700.1.p	bHLH	TFF
SoffiXsponR570.01Cg069000.1.p	GeBP	TFF
SoffiXsponR570.05Fg143600.2.p	NAC	TFF
SoffiXsponR570.07Eg104300.3.p	C2C2-GATA	TFF
SoffiXsponR570.05Fg105700.4.p	ARID	OTR
SoffiXsponR570.01Ag477200.2.p	TIG	TFF
SoffiXsponR570.10Cg084900.1.p	AP2-EREBP	TFF
SoffiXsponR570.01Eg114300.2.p	MYB-related	TFF
SoffiXsponR570.10os1g039100.1.p	NAC	TFF
SoffiXsponR570.5_9Ag435400.1.p	MYB-related	TFF
SoffiXsponR570.03Fg082400.7.p	PHD	OTR
SoffiXsponR570.06Eg044800.1.p	MYB-related	TFF
SoffiXsponR570.04Bg159000.1.p	HSF	TFF
SoffiXsponR570.01Cg037000.2.p	Rcd1-like	OTR
SoffiXsponR570.01Cg237000.1.p	MYB-related	TFF
SoffiXsponR570.01Bg400400.4.p	bZIP	TFF
SoffiXsponR570.05Fg079500.1.p	WRKY	TFF
SoffiXsponR570.01Fg162100.4.p	MED26	OTR
SoffiXsponR570.7_10Ag346700.1.p	Tify	TFF
SoffiXsponR570.08Cg062900.3.p	SET	OTR
SoffiXsponR570.08Bg086600.1.p	ABI3VP1	TFF
SoffiXsponR570.8_5Ag262400.1.p	C2C2-Dof	TFF
SoffiXsponR570.6_9Ag237200.6.p	bZIP	TFF
SoffiXsponR570.05Cg092500.1.p	TRAF	OTR
SoffiXsponR570.01Ag061100.1.p	GNAT	OTR
SoffiXsponR570.07Eg170200.1.p	SET	OTR
SoffiXsponR570.7_10Ag256300.1.p	zf-BED	TFF
SoffiXsponR570.06Cg086400.1.p	MYB-related	TFF
SoffiXsponR570.01Bg298200.2.p	bZIP	TFF
SoffiXsponR570.02Ag321000.1.p	NAC	TFF
SoffiXsponR570.07Bg205100.4.p	PHD	OTR
SoffiXsponR570.02Eg252900.1.p	CPP	TFF
SoffiXsponR570.03Cg019500.4.p	bHLH	TFF
SoffiXsponR570.07Dg098500.1.p	C2H2	TFF
SoffiXsponR570.08Bg150000.2.p	SET	OTR
SoffiXsponR570.08Cg000800.1.p	GNAT	OTR
SoffiXsponR570.06Ag199800.1.p	ARF	TFF
SoffiXsponR570.02Ag256800.1.p	bHLH	TFF
SoffiXsponR570.02Fg358500.2.p	bHLH	TFF
SoffiXsponR570.10Cg073000.3.p	zf-HD	TFF
SoffiXsponR570.01Cg057900.2.p	bHLH	TFF
SoffiXsponR570.01Bg157300.1.p	ABI3VP1	TFF
SoffiXsponR570.08Ag179200.1.p	bHLH	TFF
SoffiXsponR570.05Ag253700.1.p	RWP-RK	TFF
SoffiXsponR570.7os1g044400.5.p	ABI3VP1	TFF
SoffiXsponR570.06Eg039700.2.p	bHLH	TFF
SoffiXsponR570.01Eg097000.3.p	Top	TFF
SoffiXsponR570.03Cg112100.1.p	MYB	TFF
SoffiXsponR570.01Dg203000.1.p	Tify	TFF
SoffiXsponR570.8_5Ag261100.2.p	C3H	TFF
SoffiXsponR570.02Bg103500.1.p	bHLH	TFF
SoffiXsponR570.05Cg344500.2.p	MYB	TFF
SoffiXsponR570.04Dg042500.1.p	TRAF	OTR
SoffiXsponR570.10Bg062800.1.p	AP2-EREBP	TFF
SoffiXsponR570.01Bg381400.1.p	Sigma70-like	TFF
SoffiXsponR570.03Gg083500.2.p	MADS	TFF
SoffiXsponR570.03Ag311900.1.p	mTERF	OTR
SoffiXsponR570.04Eg133500.2.p	SBP	TFF
SoffiXsponR570.03Fg006600.1.p	Jumonji	OTR
SoffiXsponR570.07Dg063100.1.p	OFP	TFF
SoffiXsponR570.03Fg041800.2.p	MYB-related	TFF
SoffiXsponR570.01Eg113900.4.p	GRAS	TFF
SoffiXsponR570.10Fg108400.2.p	MYB-related	TFF
SoffiXsponR570.06Ag012300.2.p	MYB-related	TFF
SoffiXsponR570.04Fg001100.4.p	MADS	TFF
SoffiXsponR570.06Gg079700.3.p	NOT2_3_5	OTR
SoffiXsponR570.05Cg116000.1.p	WRKY	TFF
SoffiXsponR570.7_10Ag352600.1.p	MED7	OTR
SoffiXsponR570.02Ag365700.2.p	NAC	TFF
SoffiXsponR570.01Ag170200.1.p	AUX/IAA	OTR
SoffiXsponR570.04Fg029300.3.p	PHD	OTR
SoffiXsponR570.01Fg246500.1.p	AP2-EREBP	TFF
SoffiXsponR570.03Ag326600.5.p	C2C2-GATA	TFF
SoffiXsponR570.03Gg091300.2.p	mTERF	OTR
SoffiXsponR570.8_10Ag141400.1.p	C2H2	TFF
SoffiXsponR570.6us88g089400.1.p	MYB	TFF
SoffiXsponR570.05Ag049600.1.p	CCAAT	TFF
SoffiXsponR570.06Dg022700.1.p	MYB-related	TFF
SoffiXsponR570.07Dg105700.1.p	MADS	TFF
SoffiXsponR570.05Fg219600.2.p	bHLH	TFF
SoffiXsponR570.10Dg181300.1.p	MYB	TFF
SoffiXsponR570.01Dg122700.1.p	SAP	TFF
SoffiXsponR570.9os1g038600.1.p	MADS	TFF
SoffiXsponR570.05Fg147300.1.p	bHLH	TFF
SoffiXsponR570.01Ag079800.2.p	MYB-related	TFF
SoffiXsponR570.05Dg198500.1.p	HSF	TFF
SoffiXsponR570.06Ag116300.4.p	NAC	TFF
SoffiXsponR570.8_10Ag207700.1.p	TRAF	OTR
SoffiXsponR570.07Cg159100.1.p	SET	OTR
SoffiXsponR570.06Gg104200.2.p	AUX/IAA	OTR
SoffiXsponR570.08Dg106900.1.p	MYB	TFF
SoffiXsponR570.01Fg085400.1.p	WRKY	TFF
SoffiXsponR570.01Eg209000.1.p	Top	TFF
SoffiXsponR570.02Fg169600.1.p	ABI3VP1	TFF
SoffiXsponR570.08Dg084500.1.p	CCAAT	TFF
SoffiXsponR570.02Fg338600.1.p	ARR-B	TFF
SoffiXsponR570.05Eg125100.2.p	SET	OTR
SoffiXsponR570.04Ag075100.1.p	MYB-related	TFF
SoffiXsponR570.07Bg071700.2.p	OFP	TFF
SoffiXsponR570.05Fg200400.2.p	PHD	OTR
SoffiXsponR570.04Ag254400.1.p	MYB-related	TFF
SoffiXsponR570.7_10Ag194600.1.p	GRAS	TFF
SoffiXsponR570.05Cg340400.1.p	CAMTA	TFF
SoffiXsponR570.6_9Ag037300.1.p	WRKY	TFF
SoffiXsponR570.05Bg260200.1.p	mTERF	OTR
SoffiXsponR570.01Eg443500.3.p	Trihelix	TFF
SoffiXsponR570.09Cg136700.3.p	TAZ	TFF
SoffiXsponR570.03Dg307100.1.p	MYB-related	TFF
SoffiXsponR570.06Cg121000.1.p	ABI3VP1	TFF
SoffiXsponR570.04Fg062800.2.p	bHLH	TFF
SoffiXsponR570.6us88g102800.1.p	bZIP	TFF
SoffiXsponR570.09Cg094800.1.p	SWI/SNF-BAF60b	OTR
SoffiXsponR570.02Dg234900.2.p	DDT	OTR
SoffiXsponR570.08Eg138300.4.p	Pseudo_ARR-B	OTR
SoffiXsponR570.02Fg261600.1.p	TUB	TFF
SoffiXsponR570.02Fg004700.1.p	ARF	TFF
SoffiXsponR570.09Dg018700.3.p	FAR1	TFF
SoffiXsponR570.04Eg077000.1.p	AP2-EREBP	TFF
SoffiXsponR570.03Ag018800.5.p	bHLH	TFF
SoffiXsponR570.08Eg148300.4.p	bHLH	TFF
SoffiXsponR570.01Cg269700.3.p	SART-1	OTR
SoffiXsponR570.02Cg179300.1.p	WRKY	TFF
SoffiXsponR570.5_9Ag092500.2.p	GRAS	TFF
SoffiXsponR570.05Gg079100.1.p	FHA	TFF
SoffiXsponR570.7_10Ag219100.1.p	MYB-related	TFF
SoffiXsponR570.09Ag003900.4.p	Top	TFF
SoffiXsponR570.06Eg019900.1.p	MYB	TFF
SoffiXsponR570.05Ag334700.1.p	CCAAT	TFF
SoffiXsponR570.02Ag301000.3.p	Top	TFF
SoffiXsponR570.08Ag187900.1.p	TRAF	OTR
SoffiXsponR570.06Fg169200.6.p	SET	OTR
SoffiXsponR570.03Bg192500.1.p	NAC	TFF
SoffiXsponR570.01Ag373900.1.p	TUB	TFF
SoffiXsponR570.05Eg047000.1.p	CPP	TFF
SoffiXsponR570.08Bg165200.1.p	MYB	TFF
SoffiXsponR570.7_10Ag231200.4.p	RWP-RK	TFF
SoffiXsponR570.01Eg060200.1.p	HSF	TFF
SoffiXsponR570.05Dg291000.1.p	bHLH	TFF
SoffiXsponR570.01Cg314200.1.p	TRAF	OTR
SoffiXsponR570.09Bg112100.2.p	GRAS	TFF
SoffiXsponR570.03Dg170200.3.p	DDT	OTR
SoffiXsponR570.03Cg036200.1.p	RWP-RK	TFF
SoffiXsponR570.8_10Ag321900.1.p	TRAF	OTR
SoffiXsponR570.8_5Ag113100.3.p	PAS	TFF
SoffiXsponR570.05Eg285300.1.p	bHLH	TFF
SoffiXsponR570.06Ag221100.1.p	SET	OTR
SoffiXsponR570.09Ag062900.1.p	bHLH	TFF
SoffiXsponR570.01Bg155000.1.p	LIM	TFF
SoffiXsponR570.01Ag070900.1.p	GeBP	TFF
SoffiXsponR570.10Fg119100.1.p	GRAS	TFF
SoffiXsponR570.5_9Ag020100.1.p	OFP	TFF
SoffiXsponR570.03Bg151900.3.p	C2H2	TFF
SoffiXsponR570.02Dg028900.1.p	AP2-EREBP	TFF
SoffiXsponR570.01Eg217000.1.p	bHLH	TFF
SoffiXsponR570.6_9Ag123300.3.p	HB	TFF
SoffiXsponR570.05Ag333400.1.p	MADS	TFF
SoffiXsponR570.02Bg240000.3.p	SWI/SNF-BAF60b	OTR
SoffiXsponR570.02Gg100500.1.p	zf-LSD1	TFF
SoffiXsponR570.08Eg136800.1.p	SWI/SNF-BAF60b	OTR
SoffiXsponR570.05Eg227300.1.p	HSF	TFF
SoffiXsponR570.07Ag242200.2.p	SWI/SNF-BAF60b	OTR
SoffiXsponR570.04Eg038700.1.p	CPP	TFF
SoffiXsponR570.05Bg124200.7.p	ABI3VP1	TFF
SoffiXsponR570.05Cg208200.1.p	MYB-related	TFF
SoffiXsponR570.06Ag108500.2.p	mTERF	OTR
SoffiXsponR570.05Fg183100.1.p	MYB-related	TFF
SoffiXsponR570.02Cg180900.1.p	MYB-related	TFF
SoffiXsponR570.01Dg245300.1.p	EIL	TFF
SoffiXsponR570.03Dg258700.3.p	zf-HD	TFF
SoffiXsponR570.02Eg097900.1.p	MADS	TFF
SoffiXsponR570.9us90g056700.1.p	CPP	TFF
SoffiXsponR570.05Eg011500.2.p	MADS	TFF
SoffiXsponR570.01Cg200600.3.p	TIG	TFF
SoffiXsponR570.9os1g055900.4.p	MYB-related	TFF
SoffiXsponR570.06Ag058500.1.p	NAC	TFF
SoffiXsponR570.06Ag149400.3.p	SET	OTR
SoffiXsponR570.8_5Ag224000.3.p	Tudor-knot	OTR
SoffiXsponR570.06Cg194800.2.p	MYB-related	TFF
SoffiXsponR570.08Ag005000.12.p	PHD	OTR
SoffiXsponR570.5_9Ag017000.1.p	NAC	TFF
SoffiXsponR570.09Ag138300.1.p	ABI3VP1	TFF
SoffiXsponR570.01Cg113000.6.p	GRAS	TFF
SoffiXsponR570.08Bg136900.1.p	ARID	OTR
SoffiXsponR570.04Eg105700.2.p	ARF	TFF
SoffiXsponR570.02Fg133100.2.p	HB	TFF
SoffiXsponR570.8_10Ag188300.1.p	SET	OTR
SoffiXsponR570.05Eg201100.4.p	C3H	TFF
SoffiXsponR570.05Ag381600.2.p	EIL	TFF
SoffiXsponR570.10Cg185800.1.p	C2H2	TFF
SoffiXsponR570.01Fg197600.1.p	MYB	TFF
SoffiXsponR570.05Fg105700.2.p	ARID	OTR
SoffiXsponR570.05Ag379100.1.p	NAC	TFF
SoffiXsponR570.02Eg193400.3.p	bZIP	TFF
SoffiXsponR570.02Dg236600.1.p	Top	TFF
SoffiXsponR570.8_10Ag261300.2.p	ARID	OTR
SoffiXsponR570.01Ag168300.2.p	CPP	TFF
SoffiXsponR570.02Gg289300.1.p	MYB	TFF
SoffiXsponR570.04Fg134400.5.p	SBP	TFF
SoffiXsponR570.01Bg280500.4.p	Not1	TFF
SoffiXsponR570.02Dg084600.1.p	MYB-related	TFF
SoffiXsponR570.04Eg084100.1.p	WRKY	TFF
SoffiXsponR570.04Ag079800.1.p	PHD	OTR
SoffiXsponR570.02Ag254500.1.p	MYB	TFF
SoffiXsponR570.06Cg099400.1.p	bZIP	TFF
SoffiXsponR570.05Ag255900.1.p	NAC	TFF
SoffiXsponR570.07Bg086000.1.p	ARF	TFF
SoffiXsponR570.01Bg157200.4.p	ABI3VP1	TFF
SoffiXsponR570.04Dg092600.1.p	bZIP	TFF
SoffiXsponR570.8_5Ag036100.2.p	Top	TFF
SoffiXsponR570.01Bg453900.1.p	OFP	TFF
SoffiXsponR570.08Ag180800.1.p	SBP	TFF
SoffiXsponR570.01Bg017000.8.p	FAR1	TFF
SoffiXsponR570.05Fg279300.1.p	bHLH	TFF
SoffiXsponR570.01Ag144700.1.p	HB	TFF
SoffiXsponR570.8_5Ag261900.1.p	NAC	TFF
SoffiXsponR570.08Bg086200.1.p	TRAF	OTR
SoffiXsponR570.01Fg218900.4.p	GRAS	TFF
SoffiXsponR570.7os1g080900.2.p	MYB-related	TFF
SoffiXsponR570.01Ag040400.1.p	AP2-EREBP	TFF
SoffiXsponR570.03Bg066000.1.p	PLATZ	TFF
SoffiXsponR570.01Dg084800.2.p	ARF	TFF
SoffiXsponR570.01Cg061000.5.p	PAS	TFF
SoffiXsponR570.02Fg217900.1.p	NAC	TFF
SoffiXsponR570.05Cg174900.1.p	CCAAT	TFF
SoffiXsponR570.04Eg076100.1.p	MYB	TFF
SoffiXsponR570.01Cg035100.1.p	C2C2-GATA	TFF
SoffiXsponR570.09Bg122200.2.p	ABI3VP1	TFF
SoffiXsponR570.05Ag230300.1.p	bZIP	TFF
SoffiXsponR570.08Dg106000.1.p	zf-A20	TFF
SoffiXsponR570.02Bg315900.1.p	NAC	TFF
SoffiXsponR570.04Gg111100.1.p	TRAF	OTR
SoffiXsponR570.06Ag073900.1.p	OFP	TFF
SoffiXsponR570.05Bg305500.1.p	AP2-EREBP	TFF
SoffiXsponR570.10Bg018000.1.p	WRKY	TFF
SoffiXsponR570.05Cg377500.2.p	ABI3VP1	TFF
SoffiXsponR570.02Fg309600.1.p	bZIP	TFF
SoffiXsponR570.02Ag317400.1.p	MYB	TFF
SoffiXsponR570.04Bg018500.1.p	AP2-EREBP	TFF
SoffiXsponR570.10Bg156500.1.p	WRKY	TFF
SoffiXsponR570.02Cg389500.2.p	SET	OTR
SoffiXsponR570.03Ag003400.1.p	MADS	TFF
SoffiXsponR570.04Bg053000.1.p	MADS	TFF
SoffiXsponR570.07Eg198900.4.p	ARF	TFF
SoffiXsponR570.01Eg168700.2.p	ABI3VP1	TFF
SoffiXsponR570.08Ag174100.1.p	bZIP	TFF
SoffiXsponR570.08Ag094500.1.p	TRAF	OTR
SoffiXsponR570.01Ag081500.2.p	C2H2	TFF
SoffiXsponR570.06Ag119600.1.p	MYB	TFF
SoffiXsponR570.03Bg141000.1.p	Coactivator_p15	OTR
SoffiXsponR570.8_10Ag251000.1.p	NAC	TFF
SoffiXsponR570.01Cg269900.1.p	SART-1	OTR
SoffiXsponR570.04Cg108200.1.p	E2F-DP	TFF
SoffiXsponR570.08Bg150000.1.p	SET	OTR
SoffiXsponR570.06Gg076700.1.p	WRKY	TFF
SoffiXsponR570.07Eg167300.1.p	TRAF	OTR
SoffiXsponR570.07Ag059900.1.p	S1Fa-like	TFF
SoffiXsponR570.01Ag079800.1.p	MYB-related	TFF
SoffiXsponR570.04Cg270400.2.p	HMG	OTR
SoffiXsponR570.10Cg054100.2.p	MYB-related	TFF
SoffiXsponR570.05Fg093500.2.p	SET	OTR
SoffiXsponR570.6_9Ag318000.1.p	MADS	TFF
SoffiXsponR570.02Bg214300.1.p	MYB	TFF
SoffiXsponR570.06Ag218500.6.p	bHLH	TFF
SoffiXsponR570.08Eg083900.1.p	SET	OTR
SoffiXsponR570.01Ag131900.3.p	C3H	TFF
SoffiXsponR570.07Eg205300.6.p	AUX/IAA	OTR
SoffiXsponR570.03Dg065600.1.p	SBP	TFF
SoffiXsponR570.05Fg025000.1.p	bZIP	TFF
SoffiXsponR570.4us91g047100.1.p	AP2-EREBP	TFF
SoffiXsponR570.01Ag244900.6.p	HSF	TFF
SoffiXsponR570.06Fg011100.1.p	GRAS	TFF
SoffiXsponR570.02Cg223900.1.p	WRKY	TFF
SoffiXsponR570.01Bg193000.2.p	C2C2-Dof	TFF
SoffiXsponR570.01Ag187100.1.p	C2C2-Dof	TFF
SoffiXsponR570.02Dg343600.1.p	TUB	TFF
SoffiXsponR570.06Eg028600.4.p	C2H2	TFF
SoffiXsponR570.6_9Ag054300.1.p	bZIP	TFF
SoffiXsponR570.1Z108800.4.p	FAR1	TFF
SoffiXsponR570.5_9Ag435400.2.p	MYB-related	TFF
SoffiXsponR570.05Ag181000.5.p	ARID	OTR
SoffiXsponR570.01Fg118700.1.p	bZIP	TFF
SoffiXsponR570.05Dg304500.14.p	FAR1	TFF
SoffiXsponR570.01Eg383600.1.p	AP2-EREBP	TFF
SoffiXsponR570.01Bg436000.1.p	ABI3VP1	TFF
SoffiXsponR570.04Dg007000.2.p	HB	TFF
SoffiXsponR570.02Bg035100.4.p	MYB-related	TFF
SoffiXsponR570.02Gg019900.1.p	C3H	TFF
SoffiXsponR570.04Fg085400.4.p	PLATZ	TFF
SoffiXsponR570.01Ag436700.1.p	Top	TFF
SoffiXsponR570.01Dg152800.3.p	MED26	OTR
SoffiXsponR570.05Dg054300.2.p	HSF	TFF
SoffiXsponR570.05Dg258200.2.p	RWP-RK	TFF
SoffiXsponR570.04Cg227000.1.p	ARF	TFF
SoffiXsponR570.02Ag392300.1.p	CAMTA	TFF
SoffiXsponR570.8_5Ag044400.1.p	TRAF	OTR
SoffiXsponR570.05Bg320800.3.p	C2H2	TFF
SoffiXsponR570.02Bg001900.3.p	WRKY	TFF
SoffiXsponR570.02Eg322500.1.p	MYB	TFF
SoffiXsponR570.8_10Ag042200.1.p	GRAS	TFF
SoffiXsponR570.1Z281200.3.p	MYB-related	TFF
SoffiXsponR570.10Cg189400.1.p	GRAS	TFF
SoffiXsponR570.07Bg119200.1.p	Trihelix	TFF
SoffiXsponR570.10us89g020200.2.p	C3H	TFF
SoffiXsponR570.03Dg169300.2.p	NAC	TFF
SoffiXsponR570.08Ag095200.2.p	SET	OTR
SoffiXsponR570.02Ag267200.1.p	MADS	TFF
SoffiXsponR570.06Ag113700.2.p	MED26	OTR
SoffiXsponR570.06Eg087100.5.p	AP2-EREBP	TFF
SoffiXsponR570.8_10Ag275800.1.p	zf-HD	TFF
SoffiXsponR570.03Bg203300.2.p	GRAS	TFF
SoffiXsponR570.07Ag017700.1.p	C2H2	TFF
SoffiXsponR570.7_10Ag205900.1.p	MYB	TFF
SoffiXsponR570.01Cg393600.1.p	GRAS	TFF
SoffiXsponR570.05Cg208200.2.p	MYB-related	TFF
SoffiXsponR570.01Eg062900.2.p	GNAT	OTR
SoffiXsponR570.10Ag110000.1.p	AP2-EREBP	TFF
SoffiXsponR570.5_9Ag374100.1.p	NAC	TFF
SoffiXsponR570.10Bg055300.1.p	Pseudo_ARR-B	OTR
SoffiXsponR570.09Ag145800.2.p	zf-LSD1	TFF
SoffiXsponR570.6_9Ag275400.4.p	TCP	TFF
SoffiXsponR570.05Bg379400.2.p	EIL	TFF
SoffiXsponR570.01Eg163200.3.p	CPP	TFF
SoffiXsponR570.02Gg127500.2.p	C3H	TFF
SoffiXsponR570.10Fg096000.3.p	PAS	TFF
SoffiXsponR570.02Gg150700.1.p	bHLH	TFF
SoffiXsponR570.02Fg062600.2.p	zf-fF-X1	TFF
SoffiXsponR570.01Eg391100.1.p	Tify	TFF
SoffiXsponR570.04Dg021600.6.p	SET	OTR
SoffiXsponR570.03Cg292400.1.p	bHLH	TFF
SoffiXsponR570.02Bg112600.1.p	MYB	TFF
SoffiXsponR570.8_5Ag163200.2.p	C2H2	TFF
SoffiXsponR570.01Dg062600.1.p	C2H2	TFF
SoffiXsponR570.01Cg304000.2.p	NAC	TFF
SoffiXsponR570.09Cg117500.4.p	MYB-related	TFF
SoffiXsponR570.02Fg072900.1.p	MADS	TFF
SoffiXsponR570.1Z295900.1.p	zf-LSD1	TFF
SoffiXsponR570.01Dg338400.2.p	CCAAT	TFF
SoffiXsponR570.03Dg108300.1.p	bZIP	TFF
SoffiXsponR570.05Ag260600.1.p	mTERF	OTR
SoffiXsponR570.4us91g005000.1.p	MADS	TFF
SoffiXsponR570.07Bg072500.5.p	E2F-DP	TFF
SoffiXsponR570.03Eg041300.5.p	AUX/IAA	OTR
SoffiXsponR570.02Eg145900.2.p	C3H	TFF
SoffiXsponR570.10Bg083100.1.p	bHLH	TFF
SoffiXsponR570.05Bg320800.2.p	C2H2	TFF
SoffiXsponR570.10Bg188500.1.p	PAS	TFF
SoffiXsponR570.01Fg161500.1.p	HSF	TFF
SoffiXsponR570.02Gg127500.4.p	C3H	TFF
SoffiXsponR570.01Ag521500.1.p	NAC	TFF
SoffiXsponR570.09Ag027400.2.p	C3H	TFF
SoffiXsponR570.1Z151300.1.p	SAP	TFF
SoffiXsponR570.02Gg003200.1.p	zf-BED	TFF
SoffiXsponR570.01Dg254400.1.p	bZIP	TFF
SoffiXsponR570.02Bg360700.1.p	NAC	TFF
SoffiXsponR570.01Ag156500.5.p	NOT2_3_5	OTR
SoffiXsponR570.02Bg348000.1.p	ABI3VP1	TFF
SoffiXsponR570.03Ag304000.7.p	GNAT	OTR
SoffiXsponR570.04Cg211700.2.p	TRAF	OTR
SoffiXsponR570.03Dg152800.1.p	HSF	TFF
SoffiXsponR570.08Ag084600.1.p	AP2-EREBP	TFF
SoffiXsponR570.03Eg127000.2.p	C2H2	TFF
SoffiXsponR570.8_10Ag342500.1.p	bZIP	TFF
SoffiXsponR570.05Eg125100.1.p	SET	OTR
SoffiXsponR570.03Gg043200.1.p	Coactivator_p15	OTR
SoffiXsponR570.7_10Ag337800.1.p	bHLH	TFF
SoffiXsponR570.07Ag241500.4.p	ARF	TFF
SoffiXsponR570.03Dg336200.1.p	AUX/IAA	OTR
SoffiXsponR570.01Ag115600.1.p	MYB	TFF
SoffiXsponR570.05Bg034000.2.p	Rcd1-like	OTR
SoffiXsponR570.8_10Ag140900.1.p	C2H2	TFF
SoffiXsponR570.06Cg099500.2.p	TUB	TFF
SoffiXsponR570.09Bg119700.1.p	AP2-EREBP	TFF
SoffiXsponR570.5_9Ag002200.1.p	bZIP	TFF
SoffiXsponR570.05Fg291800.1.p	BSD	TFF
SoffiXsponR570.03Cg112300.8.p	MYB	TFF
SoffiXsponR570.03Bg213100.1.p	MADS	TFF
SoffiXsponR570.01Bg017000.1.p	FAR1	TFF
SoffiXsponR570.03Cg318600.1.p	MYB-related	TFF
SoffiXsponR570.02Ag317200.2.p	SET	OTR
SoffiXsponR570.6_9Ag127900.1.p	WRKY	TFF
SoffiXsponR570.01Ag432500.1.p	bHLH	TFF
SoffiXsponR570.8_10Ag109500.1.p	MADS	TFF
SoffiXsponR570.09Cg131900.1.p	AP2-EREBP	TFF
SoffiXsponR570.07Cg069100.2.p	OFP	TFF
SoffiXsponR570.01Ag528800.1.p	NAC	TFF
SoffiXsponR570.03Dg348700.1.p	C2H2	TFF
SoffiXsponR570.01Cg061000.4.p	PAS	TFF
SoffiXsponR570.07Ag081900.1.p	GRAS	TFF
SoffiXsponR570.03Eg175800.2.p	AP2-EREBP	TFF
SoffiXsponR570.04Cg083900.1.p	MYB	TFF
SoffiXsponR570.01Ag112400.1.p	bHLH	TFF
SoffiXsponR570.02Fg207400.2.p	bZIP	TFF
SoffiXsponR570.10Dg180400.1.p	AP2-EREBP	TFF
SoffiXsponR570.08Dg131600.1.p	zf-HD	TFF
SoffiXsponR570.02Dg367400.3.p	MYB-related	TFF
SoffiXsponR570.03Gg093400.2.p	AP2-EREBP	TFF
SoffiXsponR570.01Fg130800.1.p	bZIP	TFF
SoffiXsponR570.10Fg096000.1.p	PAS	TFF
SoffiXsponR570.10Ag216700.1.p	C2H2	TFF
SoffiXsponR570.07Bg089600.1.p	Alfin-like	TFF
SoffiXsponR570.07Bg025500.1.p	ABI3VP1	TFF
SoffiXsponR570.06Dg082000.1.p	MYB	TFF
SoffiXsponR570.6_9Ag221500.2.p	MED26	OTR
SoffiXsponR570.10Fg047700.1.p	TRAF	OTR
SoffiXsponR570.10Fg114600.1.p	GRAS	TFF
SoffiXsponR570.06Cg119600.1.p	WRKY	TFF
SoffiXsponR570.02Bg208700.1.p	Top	TFF
SoffiXsponR570.01Cg272700.1.p	Sigma70-like	TFF
SoffiXsponR570.02Ag005700.2.p	bHLH	TFF
SoffiXsponR570.01Bg149700.1.p	TRAF	OTR
SoffiXsponR570.07Bg255800.2.p	ARF	TFF
SoffiXsponR570.09Bg134400.3.p	bHLH	TFF
SoffiXsponR570.08Cg176500.1.p	bHLH	TFF
SoffiXsponR570.5_9Ag182700.2.p	C3H	TFF
SoffiXsponR570.06Gg129800.1.p	AUX/IAA	OTR
SoffiXsponR570.06Ag200700.4.p	C3H	TFF
SoffiXsponR570.03Cg112800.1.p	CPP	TFF
SoffiXsponR570.06Fg145700.6.p	C3H	TFF
SoffiXsponR570.02Cg217100.2.p	PHD	OTR
SoffiXsponR570.05Gg072200.1.p	AP2-EREBP	TFF
SoffiXsponR570.05Cg382900.1.p	bZIP	TFF
SoffiXsponR570.06Cg147500.6.p	AUX/IAA	OTR
SoffiXsponR570.07Ag048400.1.p	WRKY	TFF
SoffiXsponR570.05Dg025700.1.p	bZIP	TFF
SoffiXsponR570.02Gg161000.2.p	MADS	TFF
SoffiXsponR570.03Cg100700.1.p	bZIP	TFF
SoffiXsponR570.02Dg167400.1.p	Jumonji	OTR
SoffiXsponR570.07Bg192300.1.p	bHLH	TFF
SoffiXsponR570.02Eg209300.1.p	MYB	TFF
SoffiXsponR570.01Ag237100.1.p	AP2-EREBP	TFF
SoffiXsponR570.01Eg160300.3.p	MYB-related	TFF
SoffiXsponR570.05Bg332000.2.p	FAR1	TFF
SoffiXsponR570.05Fg119400.1.p	AP2-EREBP	TFF
SoffiXsponR570.03Eg135600.7.p	bHLH	TFF
SoffiXsponR570.03Fg107600.1.p	HSF	TFF
SoffiXsponR570.01Eg200600.1.p	C2C2-YABBY	TFF
SoffiXsponR570.01Bg033400.1.p	GRAS	TFF
SoffiXsponR570.02Bg342700.2.p	GRAS	TFF
SoffiXsponR570.03Bg276500.2.p	GRF	TFF
SoffiXsponR570.02Ag297700.1.p	bHLH	TFF
SoffiXsponR570.03Eg270100.8.p	zf-C5HC2	TFF
SoffiXsponR570.02Eg219000.1.p	MYB	TFF
SoffiXsponR570.10Bg174800.2.p	E2F-DP	TFF
SoffiXsponR570.09Cg123800.2.p	GRAS	TFF
SoffiXsponR570.08Bg004600.1.p	Yl1	TFF
SoffiXsponR570.03Eg258300.1.p	ARID	OTR
SoffiXsponR570.08Ag061300.1.p	AP2-EREBP	TFF
SoffiXsponR570.6us88g118300.1.p	NAC	TFF
SoffiXsponR570.04Dg153700.1.p	ABI3VP1	TFF
SoffiXsponR570.1Z267500.1.p	TRAF	OTR
SoffiXsponR570.03Dg195000.1.p	TAZ	TFF
SoffiXsponR570.8_5Ag088400.1.p	TRAF	OTR
SoffiXsponR570.1Z146700.2.p	C2C2-Dof	TFF
SoffiXsponR570.05Fg249500.4.p	GRAS	TFF
SoffiXsponR570.05Dg214700.3.p	WRKY	TFF
SoffiXsponR570.10Eg122400.1.p	AP2-EREBP	TFF
SoffiXsponR570.07Cg248900.1.p	BSD	TFF
SoffiXsponR570.04Bg113300.2.p	NAC	TFF
SoffiXsponR570.10Dg099200.2.p	SBP	TFF
SoffiXsponR570.03Dg239500.1.p	HMG	OTR
SoffiXsponR570.10Bg083200.6.p	ARF	TFF
SoffiXsponR570.05Eg288400.1.p	bHLH	TFF
SoffiXsponR570.05Eg180900.1.p	HSF	TFF
SoffiXsponR570.08Ag059400.3.p	FAR1	TFF
SoffiXsponR570.1Z111200.2.p	bHLH	TFF
SoffiXsponR570.05Dg291000.2.p	bHLH	TFF
SoffiXsponR570.03Fg126300.1.p	MYB	TFF
SoffiXsponR570.08Eg063600.1.p	Tify	TFF
SoffiXsponR570.02Ag129700.1.p	MYB	TFF
SoffiXsponR570.08Eg088100.1.p	PLATZ	TFF
SoffiXsponR570.01Bg393800.1.p	CCAAT	TFF
SoffiXsponR570.08Eg096300.5.p	C2H2	TFF
SoffiXsponR570.01Ag173700.1.p	ABI3VP1	TFF
SoffiXsponR570.10Ag023700.3.p	C3H	TFF
SoffiXsponR570.5_9Ag053900.1.p	CAMTA	TFF
SoffiXsponR570.01Bg233500.1.p	GNAT	OTR
SoffiXsponR570.03Ag032200.1.p	PHD	OTR
SoffiXsponR570.08Dg055200.1.p	TRAF	OTR
SoffiXsponR570.05Bg075800.1.p	AP2-EREBP	TFF
SoffiXsponR570.02Dg222100.3.p	bZIP	TFF
SoffiXsponR570.03Bg228400.1.p	CCAAT	TFF
SoffiXsponR570.02Dg257800.1.p	MADS	TFF
SoffiXsponR570.06Fg108000.2.p	ARF	TFF
SoffiXsponR570.08Bg185400.2.p	SBP	TFF
SoffiXsponR570.07Cg085100.1.p	bHLH	TFF
SoffiXsponR570.03Cg153500.1.p	MYB-related	TFF
SoffiXsponR570.8_5Ag156600.1.p	PLATZ	TFF
SoffiXsponR570.08Dg123500.1.p	bHLH	TFF
SoffiXsponR570.05Fg139500.1.p	bZIP	TFF
SoffiXsponR570.03Cg112100.2.p	MYB-related	TFF
SoffiXsponR570.6us88g111400.1.p	SET	OTR
SoffiXsponR570.07Ag111000.1.p	GNAT	OTR
SoffiXsponR570.03Ag226000.1.p	WRKY	TFF
SoffiXsponR570.07Bg217400.1.p	FAR1	TFF
SoffiXsponR570.10Ag200200.1.p	C2C2-Dof	TFF
SoffiXsponR570.6us88g002500.3.p	ABI3VP1	TFF
SoffiXsponR570.05Eg090500.1.p	AP2-EREBP	TFF
SoffiXsponR570.6_9Ag058600.1.p	C2C2-GATA	TFF
SoffiXsponR570.02Cg060000.1.p	AP2-EREBP	TFF
SoffiXsponR570.02Eg301500.2.p	MYB	TFF
SoffiXsponR570.07Ag162700.1.p	RWP-RK	TFF
SoffiXsponR570.03Dg175500.5.p	bHLH	TFF
SoffiXsponR570.02Dg034400.2.p	MYB-related	TFF
SoffiXsponR570.01Fg322300.9.p	HB	TFF
SoffiXsponR570.03Bg055500.3.p	MADS	TFF
SoffiXsponR570.04Cg055500.1.p	MADS	TFF
SoffiXsponR570.05Dg300500.1.p	bHLH	TFF
SoffiXsponR570.07Eg198900.7.p	ARF	TFF
SoffiXsponR570.06Cg124200.1.p	bZIP	TFF
SoffiXsponR570.08Bg055100.1.p	Top	TFF
SoffiXsponR570.7os1g067200.1.p	AP2-EREBP	TFF
SoffiXsponR570.5_9Ag105400.1.p	CCAAT	TFF
SoffiXsponR570.5_9Ag388100.1.p	TCP	TFF
SoffiXsponR570.8_10Ag188300.2.p	SET	OTR
SoffiXsponR570.5_9Ag215900.2.p	ARID	OTR
SoffiXsponR570.04Cg177000.1.p	AP2-EREBP	TFF
SoffiXsponR570.08Bg104300.1.p	bZIP	TFF
SoffiXsponR570.07Cg148000.1.p	TCP	TFF
SoffiXsponR570.8_5Ag192100.1.p	MYB	TFF
SoffiXsponR570.05Eg110100.1.p	AP2-EREBP	TFF
SoffiXsponR570.05Gg194400.1.p	C2C2-Dof	TFF
SoffiXsponR570.02Eg275700.1.p	SAP	TFF
SoffiXsponR570.8_10Ag027100.2.p	TUB	TFF
SoffiXsponR570.07Cg161200.1.p	AP2-EREBP	TFF
SoffiXsponR570.03Dg038900.5.p	AUX/IAA	OTR
SoffiXsponR570.5_9Ag081000.1.p	mTERF	OTR
SoffiXsponR570.03Eg266600.1.p	GRF	TFF
SoffiXsponR570.8_10Ag287900.3.p	C2H2	TFF
SoffiXsponR570.01Ag352000.1.p	bHLH	TFF
SoffiXsponR570.6us88g078900.1.p	MADS	TFF
SoffiXsponR570.01Bg326100.2.p	PLATZ	TFF
SoffiXsponR570.10Dg074300.2.p	Top	TFF
SoffiXsponR570.01Dg180000.1.p	bZIP	TFF
SoffiXsponR570.02Dg177600.1.p	C3H	TFF
SoffiXsponR570.05Bg310700.1.p	mTERF	OTR
SoffiXsponR570.02Eg034200.3.p	C3H	TFF
SoffiXsponR570.03Eg056100.2.p	ARF	TFF
SoffiXsponR570.08Dg029200.2.p	Sigma70-like	TFF
SoffiXsponR570.07Ag206800.1.p	TRAF	OTR
SoffiXsponR570.10Bg017600.1.p	WRKY	TFF
SoffiXsponR570.08Ag144800.1.p	AP2-EREBP	TFF
SoffiXsponR570.06Ag122600.1.p	AP2-EREBP	TFF
SoffiXsponR570.1Z034500.1.p	ABI3VP1	TFF
SoffiXsponR570.05Bg001800.1.p	C2H2	TFF
SoffiXsponR570.8_5Ag147900.1.p	bHLH	TFF
SoffiXsponR570.03Dg167000.1.p	C2H2	TFF
SoffiXsponR570.01Ag444500.1.p	bZIP	TFF
SoffiXsponR570.07Bg158900.3.p	Trihelix	TFF
SoffiXsponR570.03Dg162100.1.p	E2F-DP	TFF
SoffiXsponR570.03Eg283000.3.p	C2C2-GATA	TFF
SoffiXsponR570.02Bg048800.3.p	Top	TFF
SoffiXsponR570.6_9Ag025300.1.p	NAC	TFF
SoffiXsponR570.06Fg075900.1.p	NAC	TFF
SoffiXsponR570.02Ag358600.1.p	MYB	TFF
SoffiXsponR570.04Dg060900.1.p	AUX/IAA	OTR
SoffiXsponR570.04Fg142700.2.p	MADS	TFF
SoffiXsponR570.07Dg219900.1.p	C3H	TFF
SoffiXsponR570.09Ag095200.1.p	SWI/SNF-BAF60b	OTR
SoffiXsponR570.01Bg339700.1.p	WRKY	TFF
SoffiXsponR570.02Fg102400.1.p	MYB	TFF
SoffiXsponR570.01Bg129900.1.p	HB	TFF
SoffiXsponR570.05Ag045100.2.p	TCP	TFF
SoffiXsponR570.09Cg029400.2.p	SET	OTR
SoffiXsponR570.03Eg043400.2.p	PHD	OTR
SoffiXsponR570.02Eg302400.1.p	WRKY	TFF
SoffiXsponR570.01Cg059100.1.p	GRAS	TFF
SoffiXsponR570.02Ag049100.1.p	AUX/IAA	OTR
SoffiXsponR570.6_9Ag057200.3.p	SAP	TFF
SoffiXsponR570.06Cg015900.1.p	MYB-related	TFF
SoffiXsponR570.01Bg153500.2.p	AUX/IAA	OTR
SoffiXsponR570.1Z191300.2.p	NAC	TFF
SoffiXsponR570.10Bg205800.1.p	GRAS	TFF
SoffiXsponR570.02Bg035100.2.p	MYB-related	TFF
SoffiXsponR570.07Dg225400.6.p	Top	TFF
SoffiXsponR570.05Ag381700.5.p	EIL	TFF
SoffiXsponR570.05Eg061000.3.p	bHLH	TFF
SoffiXsponR570.02Eg176800.1.p	OFP	TFF
SoffiXsponR570.02Cg060000.2.p	AP2-EREBP	TFF
SoffiXsponR570.04Fg114300.5.p	ARF	TFF
SoffiXsponR570.02Eg020100.1.p	bZIP	TFF
SoffiXsponR570.10Eg036400.1.p	NAC	TFF
SoffiXsponR570.01Eg410600.2.p	GNAT	OTR
SoffiXsponR570.01Fg001200.5.p	Trihelix	TFF
SoffiXsponR570.05Dg182900.1.p	AP2-EREBP	TFF
SoffiXsponR570.01Eg265900.1.p	Jumonji	OTR
SoffiXsponR570.01Bg157800.2.p	ABI3VP1	TFF
SoffiXsponR570.10Fg124300.1.p	GRAS	TFF
SoffiXsponR570.06Fg016300.1.p	MYB	TFF
SoffiXsponR570.02Ag224600.3.p	PHD	OTR
SoffiXsponR570.02Dg095300.2.p	zf-BED	TFF
SoffiXsponR570.01Ag306900.5.p	GRAS	TFF
SoffiXsponR570.02Eg147500.4.p	MYB-related	TFF
SoffiXsponR570.07Bg008400.2.p	MYB-related	TFF
SoffiXsponR570.6_9Ag160300.1.p	C2H2	TFF
SoffiXsponR570.05Fg147300.3.p	bHLH	TFF
SoffiXsponR570.05Ag367800.6.p	DDT	OTR
SoffiXsponR570.06Cg101000.1.p	OFP	TFF
SoffiXsponR570.01Cg155000.2.p	GRAS	TFF
SoffiXsponR570.05Fg208800.1.p	GRAS	TFF
SoffiXsponR570.03Dg072300.1.p	mTERF	OTR
SoffiXsponR570.01Eg115700.2.p	MYB	TFF
SoffiXsponR570.02Dg004300.1.p	ARF	TFF
SoffiXsponR570.07Eg193300.1.p	SBP	TFF
SoffiXsponR570.07Ag183100.1.p	MYB	TFF
SoffiXsponR570.03Eg007200.9.p	Jumonji	OTR
SoffiXsponR570.01Dg334800.10.p	FAR1	TFF
SoffiXsponR570.09Bg099200.1.p	bZIP	TFF
SoffiXsponR570.07Dg238200.1.p	SET	OTR
SoffiXsponR570.03Bg034700.1.p	PHD	OTR
SoffiXsponR570.08Eg076200.1.p	bZIP	TFF
SoffiXsponR570.08Dg151900.1.p	TCP	TFF
SoffiXsponR570.07Cg092900.1.p	OFP	TFF
SoffiXsponR570.6_9Ag265600.1.p	AP2-EREBP	TFF
SoffiXsponR570.04Fg133300.3.p	ARF	TFF
SoffiXsponR570.07Ag064800.6.p	E2F-DP	TFF
SoffiXsponR570.6_9Ag165400.2.p	bHLH	TFF
SoffiXsponR570.03Dg220800.2.p	AP2-EREBP	TFF
SoffiXsponR570.6us88g100100.2.p	ABI3VP1	TFF
SoffiXsponR570.05Dg112000.2.p	SET	OTR
SoffiXsponR570.07Ag021500.1.p	Top	TFF
SoffiXsponR570.3os5g001800.1.p	GRAS	TFF
SoffiXsponR570.09Ag052800.1.p	SAP	TFF
SoffiXsponR570.6_9Ag338400.2.p	bHLH	TFF
SoffiXsponR570.08Bg154900.1.p	PLATZ	TFF
SoffiXsponR570.9os1g002500.8.p	SET	OTR
SoffiXsponR570.02Dg110600.1.p	C3H	TFF
SoffiXsponR570.09Eg050800.1.p	C2H2	TFF
SoffiXsponR570.6us88g100100.1.p	ABI3VP1	TFF
SoffiXsponR570.07Eg221700.1.p	TUB	TFF
SoffiXsponR570.09Bg070200.1.p	NAC	TFF
SoffiXsponR570.01Cg365500.1.p	MYB-related	TFF
SoffiXsponR570.09Dg075300.1.p	C2C2-Dof	TFF
SoffiXsponR570.08Cg094300.1.p	MBF1	OTR
SoffiXsponR570.03Cg039700.4.p	ARF	TFF
SoffiXsponR570.05Cg299700.1.p	ABI3VP1	TFF
SoffiXsponR570.8_10Ag281100.1.p	C2H2	TFF
SoffiXsponR570.09Eg110500.2.p	GRAS	TFF
SoffiXsponR570.8_5Ag041000.2.p	bHLH	TFF
SoffiXsponR570.10Ag018600.1.p	WRKY	TFF
SoffiXsponR570.04Gg063300.1.p	AP2-EREBP	TFF
SoffiXsponR570.01Dg121800.1.p	Tify	TFF
SoffiXsponR570.02Bg078500.1.p	bZIP	TFF
SoffiXsponR570.01Bg156300.1.p	ABI3VP1	TFF
SoffiXsponR570.06Ag100300.1.p	SRS	TFF
SoffiXsponR570.06Fg062500.1.p	WRKY	TFF
SoffiXsponR570.02Eg294800.1.p	bHLH	TFF
SoffiXsponR570.02Eg299800.1.p	C2H2	TFF
SoffiXsponR570.05Dg330000.1.p	MADS	TFF
SoffiXsponR570.05Bg331800.2.p	Tify	TFF
SoffiXsponR570.1Z107400.1.p	Top	TFF
SoffiXsponR570.05Gg078500.2.p	bZIP	TFF
SoffiXsponR570.01Bg321500.1.p	GRAS	TFF
SoffiXsponR570.01Eg141200.2.p	HB	TFF
SoffiXsponR570.05Fg013100.1.p	GNAT	OTR
SoffiXsponR570.06Gg054000.1.p	AP2-EREBP	TFF
SoffiXsponR570.07Bg086000.4.p	ARF	TFF
SoffiXsponR570.02Eg281800.4.p	AP2-EREBP	TFF
SoffiXsponR570.10Bg205200.2.p	GRAS	TFF
SoffiXsponR570.02Dg367700.2.p	ABI3VP1	TFF
SoffiXsponR570.06Dg061900.2.p	GNAT	OTR
SoffiXsponR570.7_10Ag300500.1.p	WRKY	TFF
SoffiXsponR570.03Eg228400.1.p	AP2-EREBP	TFF
SoffiXsponR570.04Bg054200.3.p	bHLH	TFF
SoffiXsponR570.04Cg117700.2.p	zf-C5HC2	TFF
SoffiXsponR570.01Bg065400.1.p	bHLH	TFF
SoffiXsponR570.01Ag393600.1.p	bZIP	TFF
SoffiXsponR570.05Fg160900.1.p	bZIP	TFF
SoffiXsponR570.04Fg114300.2.p	ARF	TFF
SoffiXsponR570.07Cg127500.2.p	RWP-RK	TFF
SoffiXsponR570.05Bg342800.3.p	MYB	TFF
SoffiXsponR570.03Bg313600.1.p	TCP	TFF
SoffiXsponR570.8_5Ag177500.1.p	AP2-EREBP	TFF
SoffiXsponR570.09Eg051600.1.p	TCP	TFF
SoffiXsponR570.07Bg249900.2.p	MYB-related	TFF
SoffiXsponR570.09Cg170000.2.p	HB	TFF
SoffiXsponR570.05Eg035500.2.p	Rcd1-like	OTR
SoffiXsponR570.02Bg363000.1.p	ARF	TFF
SoffiXsponR570.05Bg069000.1.p	AP2-EREBP	TFF
SoffiXsponR570.01Eg109500.1.p	bHLH	TFF
SoffiXsponR570.09Eg060200.1.p	PLATZ	TFF
SoffiXsponR570.02Cg349900.1.p	MYB	TFF
SoffiXsponR570.04Eg096400.2.p	CCAAT	TFF
SoffiXsponR570.1Z302600.1.p	MYB-related	TFF
SoffiXsponR570.04Cg133200.5.p	C3H	TFF
SoffiXsponR570.02Cg281100.2.p	TCP	TFF
SoffiXsponR570.05Bg129600.1.p	MYB-related	TFF
SoffiXsponR570.02Eg040800.1.p	WRKY	TFF
SoffiXsponR570.05Cg317600.1.p	GRAS	TFF
SoffiXsponR570.10Ag027800.1.p	C2C2-GATA	TFF
SoffiXsponR570.08Ag178200.1.p	AP2-EREBP	TFF
SoffiXsponR570.01Ag147800.1.p	MYB-related	TFF
SoffiXsponR570.08Bg022600.2.p	MYB-related	TFF
SoffiXsponR570.06Eg125200.4.p	NAC	TFF
SoffiXsponR570.01Eg287800.4.p	TUB	TFF
SoffiXsponR570.10Bg174800.4.p	E2F-DP	TFF
SoffiXsponR570.8_10Ag220400.1.p	zf-LSD1	TFF
SoffiXsponR570.04Ag000300.2.p	NAC	TFF
SoffiXsponR570.01Ag032800.1.p	mTERF	OTR
SoffiXsponR570.06Cg126300.2.p	bZIP	TFF
SoffiXsponR570.5_9Ag060000.1.p	FAR1	TFF
SoffiXsponR570.8_10Ag338200.1.p	TRAF	OTR
SoffiXsponR570.06Eg048000.1.p	GRAS	TFF
SoffiXsponR570.05Dg264500.1.p	NAC	TFF
SoffiXsponR570.10Fg019100.3.p	SBP	TFF
SoffiXsponR570.05Dg032800.2.p	MYB	TFF
SoffiXsponR570.01Fg314400.1.p	MYB-related	TFF
SoffiXsponR570.03Bg022600.1.p	PHD	OTR
SoffiXsponR570.08Ag069600.1.p	CCAAT	TFF
SoffiXsponR570.04Ag206900.1.p	NAC	TFF
SoffiXsponR570.7_10Ag049900.3.p	HB	TFF
SoffiXsponR570.02Ag266000.1.p	ABI3VP1	TFF
SoffiXsponR570.08Dg121800.1.p	C2H2	TFF
SoffiXsponR570.03Bg316100.2.p	C3H	TFF
SoffiXsponR570.06Eg102600.1.p	GNAT	OTR
SoffiXsponR570.02Bg396700.1.p	Top	TFF
SoffiXsponR570.03Gg079700.1.p	AP2-EREBP	TFF
SoffiXsponR570.05Bg049500.3.p	PHD	OTR
SoffiXsponR570.01Ag099800.2.p	WRKY	TFF
SoffiXsponR570.1Z112400.3.p	C3H	TFF
SoffiXsponR570.03Ag056500.1.p	PLATZ	TFF
SoffiXsponR570.10Bg051200.1.p	OFP	TFF
SoffiXsponR570.02Fg018500.1.p	bHLH	TFF
SoffiXsponR570.02Gg083900.1.p	WRKY	TFF
SoffiXsponR570.09Ag135900.1.p	bHLH	TFF
SoffiXsponR570.5_9Ag367800.1.p	AUX/IAA	OTR
SoffiXsponR570.04Bg255600.1.p	bZIP	TFF
SoffiXsponR570.08Ag031700.2.p	Top	TFF
SoffiXsponR570.03Bg218900.2.p	GNAT	OTR
SoffiXsponR570.02Cg235100.1.p	MYB	TFF
SoffiXsponR570.02Eg015200.1.p	SET	OTR
SoffiXsponR570.01Ag019600.2.p	C2H2	TFF
SoffiXsponR570.05Ag235400.1.p	AP2-EREBP	TFF
SoffiXsponR570.9os1g025100.1.p	MYB	TFF
SoffiXsponR570.07Bg215900.3.p	zf-BED	TFF
SoffiXsponR570.8_10Ag322500.2.p	SBP	TFF
SoffiXsponR570.05Fg093800.1.p	NAC	TFF
SoffiXsponR570.5_9Ag189900.1.p	CCAAT	TFF
SoffiXsponR570.03Ag161200.4.p	SET	OTR
SoffiXsponR570.08Cg130800.1.p	C2H2	TFF
SoffiXsponR570.05Cg299700.2.p	ABI3VP1	TFF
SoffiXsponR570.06Fg027600.1.p	MYB	TFF
SoffiXsponR570.03Fg068400.1.p	C2C2-CO-like	TFF
SoffiXsponR570.07Dg220400.1.p	ARF	TFF
SoffiXsponR570.03Ag163800.1.p	C3H	TFF
SoffiXsponR570.01Dg056400.1.p	ABI3VP1	TFF
SoffiXsponR570.06Ag165200.3.p	ARF	TFF
SoffiXsponR570.05Cg304000.2.p	C3H	TFF
SoffiXsponR570.06Ag061100.1.p	bHLH	TFF
SoffiXsponR570.01Eg231600.3.p	HB	TFF
SoffiXsponR570.04Eg099100.2.p	MYB-related	TFF
SoffiXsponR570.6_9Ag155300.1.p	FHA	TFF
SoffiXsponR570.04Ag065000.3.p	C2H2	TFF
SoffiXsponR570.03Cg235800.1.p	MYB	TFF
SoffiXsponR570.6_9Ag318400.1.p	CCAAT	TFF
SoffiXsponR570.04Bg149000.1.p	MYB-related	TFF
SoffiXsponR570.7_10Ag197900.3.p	FHA	TFF
SoffiXsponR570.08Dg085200.1.p	WRKY	TFF
SoffiXsponR570.03Eg128900.1.p	NAC	TFF
SoffiXsponR570.07Bg000300.2.p	GeBP	TFF
SoffiXsponR570.01Ag461700.1.p	ABI3VP1	TFF
SoffiXsponR570.06Bg028300.1.p	GNAT	OTR
SoffiXsponR570.07Bg236800.2.p	AP2-EREBP	TFF
SoffiXsponR570.01Ag174900.1.p	ABI3VP1	TFF
SoffiXsponR570.01Fg319200.1.p	FHA	TFF
SoffiXsponR570.03Ag214600.1.p	TCP	TFF
SoffiXsponR570.1Z025500.3.p	Top	TFF
SoffiXsponR570.10Ag025600.1.p	MYB	TFF
SoffiXsponR570.01Fg249000.3.p	MYB-related	TFF
SoffiXsponR570.10Fg091500.1.p	GRAS	TFF
SoffiXsponR570.06Ag218500.3.p	bHLH	TFF
SoffiXsponR570.04Fg136900.1.p	C2H2	TFF
SoffiXsponR570.7_10Ag215700.1.p	C2H2	TFF
SoffiXsponR570.04Gg090500.1.p	E2F-DP	TFF
SoffiXsponR570.01Fg037100.1.p	MYB-related	TFF
SoffiXsponR570.01Ag090100.2.p	MADS	TFF
SoffiXsponR570.01Eg314400.1.p	PHD	OTR
SoffiXsponR570.09Cg094600.1.p	WRKY	TFF
SoffiXsponR570.10us89g034500.1.p	GRAS	TFF
SoffiXsponR570.02Bg320700.1.p	C2H2	TFF
SoffiXsponR570.10Bg106000.1.p	Alfin-like	TFF
SoffiXsponR570.02Cg358300.2.p	MADS	TFF
SoffiXsponR570.10Bg092000.1.p	CCAAT	TFF
SoffiXsponR570.08Dg157900.1.p	RB	OTR
SoffiXsponR570.10Ag129400.4.p	ARF	TFF
SoffiXsponR570.09Dg042500.2.p	WRKY	TFF
SoffiXsponR570.07Cg264700.3.p	Top	TFF
SoffiXsponR570.04Fg083800.1.p	ARID	OTR
SoffiXsponR570.01Dg179500.1.p	OFP	TFF
SoffiXsponR570.01Eg169900.1.p	C2C2-Dof	TFF
SoffiXsponR570.06Ag038500.1.p	MYB-related	TFF
SoffiXsponR570.02Cg131000.1.p	MYB	TFF
SoffiXsponR570.6_9Ag165600.9.p	bHLH	TFF
SoffiXsponR570.03Fg039300.1.p	RWP-RK	TFF
SoffiXsponR570.01Ag353900.2.p	TIG	TFF
SoffiXsponR570.03Ag019400.1.p	CSD	TFF
SoffiXsponR570.05Cg254800.1.p	NAC	TFF
SoffiXsponR570.02Fg201000.1.p	C3H	TFF
SoffiXsponR570.08Ag085700.2.p	PHD	OTR
SoffiXsponR570.09Bg057100.1.p	C2H2	TFF
SoffiXsponR570.05Cg311400.1.p	MADS	TFF
SoffiXsponR570.01Eg071800.2.p	bHLH	TFF
SoffiXsponR570.7_10Ag298200.1.p	Top	TFF
SoffiXsponR570.09Ag159400.2.p	C2C2-GATA	TFF
SoffiXsponR570.03Eg142800.1.p	MADS	TFF
SoffiXsponR570.5_9Ag230600.1.p	MYB	TFF
SoffiXsponR570.08Cg192100.1.p	C2H2	TFF
SoffiXsponR570.7_10Ag383200.1.p	NAC	TFF
SoffiXsponR570.5_9Ag422200.4.p	CPP	TFF
SoffiXsponR570.04Ag119700.1.p	C2C2-CO-like	TFF
SoffiXsponR570.05Fg061600.1.p	bZIP	TFF
SoffiXsponR570.9os1g022600.2.p	C2H2	TFF
SoffiXsponR570.10Dg123500.1.p	MYB	TFF
SoffiXsponR570.01Ag083800.1.p	SWI/SNF-BAF60b	OTR
SoffiXsponR570.10Fg096000.2.p	PAS	TFF
SoffiXsponR570.8_5Ag146800.1.p	GeBP	TFF
SoffiXsponR570.01Cg090800.1.p	E2F-DP	TFF
SoffiXsponR570.03Bg096800.1.p	MYB	TFF
SoffiXsponR570.02Eg083400.1.p	C2C2-Dof	TFF
SoffiXsponR570.09Eg099900.1.p	bZIP	TFF
SoffiXsponR570.6_9Ag059900.1.p	C2H2	TFF
SoffiXsponR570.02Ag029000.2.p	BES1	TFF
SoffiXsponR570.03Fg020600.2.p	NAC	TFF
SoffiXsponR570.01Eg154700.3.p	NOT2_3_5	OTR
SoffiXsponR570.02Ag097200.1.p	bHLH	TFF
SoffiXsponR570.01Ag386800.2.p	C3H	TFF
SoffiXsponR570.08Bg177000.1.p	TRAF	OTR
SoffiXsponR570.09Cg024000.2.p	C3H	TFF
SoffiXsponR570.07Bg108800.1.p	WRKY	TFF
SoffiXsponR570.05Eg153000.1.p	MYB	TFF
SoffiXsponR570.5_9Ag150900.1.p	bZIP	TFF
SoffiXsponR570.03Ag159700.3.p	C2H2	TFF
SoffiXsponR570.1Z210300.2.p	ABI3VP1	TFF
SoffiXsponR570.07Eg134000.1.p	MADS	TFF
SoffiXsponR570.02Fg227500.1.p	AP2-EREBP	TFF
SoffiXsponR570.07Bg053000.5.p	TIG	TFF
SoffiXsponR570.8_10Ag204200.1.p	AP2-EREBP	TFF
SoffiXsponR570.09Bg135000.1.p	zf-LSD1	TFF
SoffiXsponR570.6us88g065800.1.p	Jumonji	OTR
SoffiXsponR570.02Bg090800.1.p	MYB-related	TFF
SoffiXsponR570.10Cg132500.1.p	MYB	TFF
SoffiXsponR570.02Bg302600.4.p	GRAS	TFF
SoffiXsponR570.10Fg007300.1.p	AP2-EREBP	TFF
SoffiXsponR570.02Eg379700.2.p	bHLH	TFF
SoffiXsponR570.02Ag076900.1.p	AP2-EREBP	TFF
SoffiXsponR570.07Dg214700.1.p	SWI/SNF-BAF60b	OTR
SoffiXsponR570.03Ag304000.12.p	GNAT	OTR
SoffiXsponR570.03Dg058800.2.p	MADS	TFF
SoffiXsponR570.01Dg032000.1.p	bHLH	TFF
SoffiXsponR570.07Bg120600.2.p	bHLH	TFF
SoffiXsponR570.04Fg088500.1.p	FAR1	TFF
SoffiXsponR570.05Cg358800.1.p	BSD	TFF
SoffiXsponR570.10Fg019100.1.p	SBP	TFF
SoffiXsponR570.9os1g009300.2.p	bZIP	TFF
SoffiXsponR570.05Ag334700.4.p	CCAAT	TFF
SoffiXsponR570.02Dg422100.1.p	MYB	TFF
SoffiXsponR570.01Cg262200.3.p	Pseudo_ARR-B	OTR
SoffiXsponR570.02Gg102400.1.p	MADS	TFF
SoffiXsponR570.06Ag022500.1.p	SAP	TFF
SoffiXsponR570.01Dg277700.7.p	GRAS	TFF
SoffiXsponR570.8_5Ag046600.1.p	MYB	TFF
SoffiXsponR570.9us90g046200.2.p	ABI3VP1	TFF
SoffiXsponR570.04Cg227000.2.p	ARF	TFF
SoffiXsponR570.1Z292400.2.p	MED26	OTR
SoffiXsponR570.04Dg129500.1.p	TRAF	OTR
SoffiXsponR570.03Eg301900.1.p	zf-fF-X1	TFF
SoffiXsponR570.05Fg184100.1.p	C2H2	TFF
SoffiXsponR570.08Ag171900.1.p	bHLH	TFF
SoffiXsponR570.05Eg094400.2.p	SET	OTR
SoffiXsponR570.06Eg035600.1.p	MYB	TFF
SoffiXsponR570.03Gg047100.1.p	AP2-EREBP	TFF
SoffiXsponR570.02Eg187300.1.p	C3H	TFF
SoffiXsponR570.07Cg258400.4.p	ARF	TFF
SoffiXsponR570.02Bg381400.2.p	bHLH	TFF
SoffiXsponR570.05Dg161100.2.p	SET	OTR
SoffiXsponR570.02Bg351900.1.p	C3H	TFF
SoffiXsponR570.04Ag165800.2.p	NAC	TFF
SoffiXsponR570.6_9Ag311400.1.p	AP2-EREBP	TFF
SoffiXsponR570.02Ag238200.1.p	E2F-DP	TFF
SoffiXsponR570.7os1g012400.2.p	ARID	OTR
SoffiXsponR570.10Dg016600.1.p	WRKY	TFF
SoffiXsponR570.02Cg230000.1.p	NAC	TFF
SoffiXsponR570.02Cg139700.1.p	Top	TFF
SoffiXsponR570.6_9Ag314600.1.p	C2C2-GATA	TFF
SoffiXsponR570.08Ag069200.3.p	SET	OTR
SoffiXsponR570.9us90g030800.1.p	MYB	TFF
SoffiXsponR570.05Bg314100.3.p	GRAS	TFF
SoffiXsponR570.01Eg083500.1.p	bHLH	TFF
SoffiXsponR570.07Eg016300.2.p	bHLH	TFF
SoffiXsponR570.10Cg165600.1.p	GRAS	TFF
SoffiXsponR570.01Ag163900.2.p	MYB-related	TFF
SoffiXsponR570.5_9Ag091800.4.p	C3H	TFF
SoffiXsponR570.07Bg213600.4.p	ABI3VP1	TFF
SoffiXsponR570.05Bg246400.1.p	C2H2	TFF
SoffiXsponR570.03Ag340900.1.p	C2H2	TFF
SoffiXsponR570.01Eg331900.3.p	GRAS	TFF
SoffiXsponR570.05Dg272700.1.p	MYB	TFF
SoffiXsponR570.04Gg107000.2.p	TRAF	OTR
SoffiXsponR570.02Eg273500.2.p	AP2-EREBP	TFF
SoffiXsponR570.04Bg265300.1.p	HMG	OTR
SoffiXsponR570.1Z130100.2.p	AP2-EREBP	TFF
SoffiXsponR570.08Dg081400.2.p	PAS	TFF
SoffiXsponR570.08Cg204200.2.p	bHLH	TFF
SoffiXsponR570.06Ag068800.3.p	MYB	TFF
SoffiXsponR570.03Ag288800.1.p	mTERF	OTR
SoffiXsponR570.08Eg021800.2.p	TRAF	OTR
SoffiXsponR570.8_5Ag061500.3.p	MYB-related	TFF
SoffiXsponR570.02Eg198300.1.p	FAR1	TFF
SoffiXsponR570.8_10Ag056600.1.p	PAS	TFF
SoffiXsponR570.07Ag038000.1.p	bHLH	TFF
SoffiXsponR570.9os1g002500.1.p	SET	OTR
SoffiXsponR570.01Ag496800.1.p	HB	TFF
SoffiXsponR570.8_5Ag187000.1.p	TRAF	OTR
SoffiXsponR570.03Fg076400.1.p	mTERF	OTR
SoffiXsponR570.05Bg055700.1.p	bZIP	TFF
SoffiXsponR570.02Bg361400.1.p	Tify	TFF
SoffiXsponR570.6_9Ag258500.2.p	NOT2_3_5	OTR
SoffiXsponR570.06Gg098600.1.p	ARF	TFF
SoffiXsponR570.01Fg152300.5.p	TIG	TFF
SoffiXsponR570.04Fg042600.1.p	MADS	TFF
SoffiXsponR570.05Gg086700.1.p	AP2-EREBP	TFF
SoffiXsponR570.03Ag087500.2.p	Top	TFF
SoffiXsponR570.01Bg359200.1.p	MYB	TFF
SoffiXsponR570.02Ag182000.3.p	MYB-related	TFF
SoffiXsponR570.04Bg087500.1.p	MED6	OTR
SoffiXsponR570.10Cg022900.1.p	TRAF	OTR
SoffiXsponR570.1Z090800.1.p	GeBP	TFF
SoffiXsponR570.02Eg273500.1.p	AP2-EREBP	TFF
SoffiXsponR570.07Bg119200.2.p	Trihelix	TFF
SoffiXsponR570.5_9Ag019800.1.p	bZIP	TFF
SoffiXsponR570.04Dg145100.1.p	FAR1	TFF
SoffiXsponR570.06Ag218500.4.p	bHLH	TFF
SoffiXsponR570.05Gg014900.1.p	PHD	OTR
SoffiXsponR570.01Ag173100.1.p	NAC	TFF
SoffiXsponR570.01Dg007400.3.p	Alfin-like	TFF
SoffiXsponR570.03Fg064700.1.p	SBP	TFF
SoffiXsponR570.02Cg182200.1.p	ABI3VP1	TFF
SoffiXsponR570.09Ag003900.8.p	Top	TFF
SoffiXsponR570.04Cg183600.1.p	ARR-B	TFF
SoffiXsponR570.01Dg055700.1.p	ABI3VP1	TFF
SoffiXsponR570.02Cg000500.1.p	WRKY	TFF
SoffiXsponR570.09Dg024200.2.p	GRAS	TFF
SoffiXsponR570.09Bg148700.2.p	C2C2-GATA	TFF
SoffiXsponR570.04Cg133200.2.p	C3H	TFF
SoffiXsponR570.02Eg006000.1.p	AUX/IAA	OTR
SoffiXsponR570.06Dg151300.1.p	zf-HD	TFF
SoffiXsponR570.01Cg076700.4.p	C3H	TFF
SoffiXsponR570.10Dg137100.1.p	MADS	TFF
SoffiXsponR570.04Ag199900.1.p	AP2-EREBP	TFF
SoffiXsponR570.02Dg194200.3.p	Top	TFF
SoffiXsponR570.01Bg392200.2.p	Top	TFF
SoffiXsponR570.04Dg069800.1.p	MYB-related	TFF
SoffiXsponR570.04Bg209200.2.p	MYB	TFF
SoffiXsponR570.03Dg081000.1.p	zf-A20	TFF
SoffiXsponR570.03Ag240100.1.p	HMG	OTR
SoffiXsponR570.01Cg155000.1.p	GRAS	TFF
SoffiXsponR570.04Dg000700.2.p	TRAF	OTR
SoffiXsponR570.07Bg019800.1.p	ARID	OTR
SoffiXsponR570.04Fg094000.1.p	WRKY	TFF
SoffiXsponR570.6_9Ag317200.1.p	AP2-EREBP	TFF
SoffiXsponR570.8_5Ag039000.2.p	C3H	TFF
SoffiXsponR570.09Eg026200.1.p	FHA	TFF
SoffiXsponR570.01Dg003300.1.p	mTERF	OTR
SoffiXsponR570.7os1g063200.1.p	bHLH	TFF
SoffiXsponR570.05Eg280200.2.p	FHA	TFF
SoffiXsponR570.01Eg255300.2.p	CCAAT	TFF
SoffiXsponR570.09Dg054200.1.p	FHA	TFF
SoffiXsponR570.7os1g072400.3.p	AP2-EREBP	TFF
SoffiXsponR570.01Cg275300.1.p	LIM	TFF
SoffiXsponR570.8_5Ag186300.1.p	TRAF	OTR
SoffiXsponR570.07Bg213800.4.p	bHLH	TFF
SoffiXsponR570.02Cg358300.1.p	MADS	TFF
SoffiXsponR570.04Ag252900.4.p	ARF	TFF
SoffiXsponR570.5_9Ag345900.2.p	SET	OTR
SoffiXsponR570.02Bg329800.1.p	SWI/SNF-BAF60b	OTR
SoffiXsponR570.06Fg165300.2.p	bHLH	TFF
SoffiXsponR570.1Z151000.1.p	Tify	TFF
SoffiXsponR570.05Dg294200.1.p	CCAAT	TFF
SoffiXsponR570.09Eg128100.1.p	bZIP	TFF
SoffiXsponR570.01Ag106100.4.p	HB	TFF
SoffiXsponR570.10Eg117000.1.p	MYB	TFF
SoffiXsponR570.07Cg265100.1.p	C2C2-Dof	TFF
SoffiXsponR570.02Cg012000.2.p	OFP	TFF
SoffiXsponR570.01Ag141900.1.p	C2C2-GATA	TFF
SoffiXsponR570.8_5Ag121200.1.p	AP2-EREBP	TFF
SoffiXsponR570.06Fg127600.1.p	bHLH	TFF
SoffiXsponR570.04Cg198700.1.p	Top	TFF
SoffiXsponR570.09Ag136300.1.p	C2C2-Dof	TFF
SoffiXsponR570.07Eg048800.2.p	NAC	TFF
SoffiXsponR570.03Cg258300.1.p	AP2-EREBP	TFF
SoffiXsponR570.02Gg033500.3.p	bHLH	TFF
SoffiXsponR570.01Ag070100.13.p	bHLH	TFF
SoffiXsponR570.5_9Ag035200.1.p	TRAF	OTR
SoffiXsponR570.10us89g046900.1.p	NAC	TFF
SoffiXsponR570.04Ag008600.2.p	ABI3VP1	TFF
SoffiXsponR570.01Cg199600.1.p	Jumonji	OTR
SoffiXsponR570.02Bg192300.1.p	AP2-EREBP	TFF
SoffiXsponR570.02Dg175700.1.p	bHLH	TFF
SoffiXsponR570.01Bg157500.2.p	ABI3VP1	TFF
SoffiXsponR570.04Cg069000.1.p	ARR-B	TFF
SoffiXsponR570.04Eg038700.3.p	CPP	TFF
SoffiXsponR570.02Ag232600.4.p	C3H	TFF
SoffiXsponR570.05Eg203100.2.p	NAC	TFF
SoffiXsponR570.02Ag134500.1.p	MYB	TFF
SoffiXsponR570.8_10Ag305400.1.p	SBP	TFF
SoffiXsponR570.03Cg281000.1.p	GNAT	OTR
SoffiXsponR570.01Dg153900.1.p	NAC	TFF
SoffiXsponR570.10Dg186700.1.p	GRAS	TFF
SoffiXsponR570.01Ag195800.1.p	MYB-related	TFF
SoffiXsponR570.07Cg244300.1.p	SBP	TFF
SoffiXsponR570.07Ag106600.1.p	MYB-related	TFF
SoffiXsponR570.08Cg101500.2.p	SET	OTR
SoffiXsponR570.01Cg045800.4.p	TRAF	OTR
SoffiXsponR570.05Bg298100.2.p	NAC	TFF
SoffiXsponR570.05Bg159100.1.p	bHLH	TFF
SoffiXsponR570.02Eg080200.2.p	C3H	TFF
SoffiXsponR570.02Dg270700.1.p	HB	TFF
SoffiXsponR570.05Eg069700.3.p	AP2-EREBP	TFF
SoffiXsponR570.02Cg049200.1.p	AUX/IAA	OTR
SoffiXsponR570.09Ag099200.1.p	MYB	TFF
SoffiXsponR570.10Fg029100.2.p	RB	OTR
SoffiXsponR570.08Cg205100.1.p	bHLH	TFF
SoffiXsponR570.05Dg130400.1.p	MYB	TFF
SoffiXsponR570.10Eg123800.1.p	MYB	TFF
SoffiXsponR570.01Dg094700.1.p	Top	TFF
SoffiXsponR570.10Bg098700.1.p	BSD	TFF
SoffiXsponR570.7_10Ag038100.4.p	PHD	OTR
SoffiXsponR570.01Eg443900.1.p	SWI/SNF-BAF60b	OTR
SoffiXsponR570.03Cg333700.2.p	C3H	TFF
SoffiXsponR570.04Dg052500.1.p	mTERF	OTR
SoffiXsponR570.05Fg051600.1.p	AP2-EREBP	TFF
SoffiXsponR570.04Cg116300.3.p	bZIP	TFF
SoffiXsponR570.03Bg011800.1.p	MYB	TFF
SoffiXsponR570.02Fg036300.2.p	C3H	TFF
SoffiXsponR570.03Cg062800.1.p	MYB-related	TFF
SoffiXsponR570.01Dg086900.1.p	C2C2-Dof	TFF
SoffiXsponR570.06Bg028900.1.p	ABI3VP1	TFF
SoffiXsponR570.05Eg038600.1.p	Tify	TFF
SoffiXsponR570.05Eg112200.1.p	ABI3VP1	TFF
SoffiXsponR570.01Dg365400.4.p	MYB-related	TFF
SoffiXsponR570.03Ag346700.1.p	Jumonji	OTR
SoffiXsponR570.6_9Ag326500.1.p	OFP	TFF
SoffiXsponR570.06Gg080900.2.p	bZIP	TFF
SoffiXsponR570.01Ag033600.3.p	GRAS	TFF
SoffiXsponR570.02Ag000400.1.p	Top	TFF
SoffiXsponR570.02Fg274700.3.p	Top	TFF
SoffiXsponR570.04Eg076500.1.p	mTERF	OTR
SoffiXsponR570.01Cg150300.1.p	bHLH	TFF
SoffiXsponR570.01Bg358800.5.p	PHD	OTR
SoffiXsponR570.03Eg216300.6.p	GNAT	OTR
SoffiXsponR570.05Eg105700.1.p	CCAAT	TFF
SoffiXsponR570.04Eg081600.1.p	Top	TFF
SoffiXsponR570.02Cg100500.1.p	NAC	TFF
SoffiXsponR570.02Ag354500.4.p	TUB	TFF
SoffiXsponR570.01Cg293700.1.p	C2H2	TFF
SoffiXsponR570.06Eg044100.1.p	MYB-related	TFF
SoffiXsponR570.10Dg091000.2.p	C3H	TFF
SoffiXsponR570.8_5Ag126300.1.p	PHD	OTR
SoffiXsponR570.01Cg189400.1.p	MYB	TFF
SoffiXsponR570.4us91g033100.1.p	MYB-related	TFF
SoffiXsponR570.01Fg281900.3.p	CCAAT	TFF
SoffiXsponR570.01Cg059500.2.p	MYB-related	TFF
SoffiXsponR570.01Fg197400.1.p	PHD	OTR
SoffiXsponR570.05Dg365600.4.p	DDT	OTR
SoffiXsponR570.07Dg158900.1.p	bHLH	TFF
SoffiXsponR570.01Eg184100.1.p	GRAS	TFF
SoffiXsponR570.04Eg044800.1.p	MYB-related	TFF
SoffiXsponR570.08Eg018600.1.p	AP2-EREBP	TFF
SoffiXsponR570.01Dg326700.1.p	GRAS	TFF
SoffiXsponR570.7_10Ag175300.1.p	OFP	TFF
SoffiXsponR570.03Gg001700.6.p	HB	TFF
SoffiXsponR570.08Ag133100.1.p	zf-A20	TFF
SoffiXsponR570.04Cg198500.1.p	WRKY	TFF
SoffiXsponR570.03Cg249400.1.p	bHLH	TFF
SoffiXsponR570.03Dg183000.1.p	MADS	TFF
SoffiXsponR570.02Cg056300.1.p	MYB	TFF
SoffiXsponR570.01Ag145500.1.p	bHLH	TFF
SoffiXsponR570.05Gg078500.1.p	bZIP	TFF
SoffiXsponR570.7_10Ag347700.2.p	FAR1	TFF
SoffiXsponR570.05Bg181200.1.p	C2H2	TFF
SoffiXsponR570.01Ag531900.1.p	Top	TFF
SoffiXsponR570.01Ag347400.1.p	PLATZ	TFF
SoffiXsponR570.01Ag488800.2.p	CCAAT	TFF
SoffiXsponR570.08Bg184100.3.p	mTERF	OTR
SoffiXsponR570.01Fg281900.1.p	CCAAT	TFF
SoffiXsponR570.8_5Ag225800.1.p	bHLH	TFF
SoffiXsponR570.6_9Ag195400.1.p	AP2-EREBP	TFF
SoffiXsponR570.8_10Ag309000.1.p	FHA	TFF
SoffiXsponR570.05Bg364300.3.p	DDT	OTR
SoffiXsponR570.04Ag052200.1.p	mTERF	OTR
SoffiXsponR570.1Z274500.1.p	C2H2	TFF
SoffiXsponR570.9os1g020800.3.p	C2C2-GATA	TFF
SoffiXsponR570.05Cg144200.1.p	WRKY	TFF
SoffiXsponR570.03Bg194400.1.p	Trihelix	TFF
SoffiXsponR570.02Cg037400.3.p	MYB-related	TFF
SoffiXsponR570.01Ag220500.1.p	ARF	TFF
SoffiXsponR570.01Eg074400.1.p	FAR1	TFF
SoffiXsponR570.10Cg189800.1.p	GRAS	TFF
SoffiXsponR570.09Cg043800.1.p	OFP	TFF
SoffiXsponR570.01Bg352200.1.p	MYB	TFF
SoffiXsponR570.02Dg131400.1.p	bHLH	TFF
SoffiXsponR570.05Fg238100.1.p	C2C2-YABBY	TFF
SoffiXsponR570.8_5Ag194700.4.p	SBP	TFF
SoffiXsponR570.5_9Ag152400.1.p	MYB	TFF
SoffiXsponR570.01Dg334800.5.p	FAR1	TFF
SoffiXsponR570.06Ag123300.1.p	TUB	TFF
SoffiXsponR570.02Eg146800.1.p	bHLH	TFF
SoffiXsponR570.08Eg129500.6.p	SBP	TFF
SoffiXsponR570.06Cg043100.2.p	MYB	TFF
SoffiXsponR570.01Eg097800.1.p	HSF	TFF
SoffiXsponR570.01Ag436700.2.p	Top	TFF
SoffiXsponR570.01Ag122800.1.p	C2C2-CO-like	TFF
SoffiXsponR570.09Bg121300.1.p	bHLH	TFF
SoffiXsponR570.01Ag094700.5.p	PHD	OTR
SoffiXsponR570.02Cg001300.1.p	C2H2	TFF
SoffiXsponR570.1Z267400.3.p	TRAF	OTR
SoffiXsponR570.6us88g118500.1.p	FHA	TFF
SoffiXsponR570.02Gg243800.1.p	C2H2	TFF
SoffiXsponR570.08Cg166100.2.p	RB	OTR
SoffiXsponR570.03Ag244600.1.p	GRAS	TFF
SoffiXsponR570.03Eg098800.5.p	HMG	OTR
SoffiXsponR570.09Cg029400.4.p	SET	OTR
SoffiXsponR570.07Bg111500.1.p	NAC	TFF
SoffiXsponR570.03Cg248100.2.p	MADS	TFF
SoffiXsponR570.01Cg070400.1.p	TCP	TFF
SoffiXsponR570.03Cg112300.9.p	MYB	TFF
SoffiXsponR570.1Z003200.1.p	bHLH	TFF
SoffiXsponR570.8_10Ag115600.1.p	C2C2-Dof	TFF
SoffiXsponR570.06Cg151600.2.p	HSF	TFF
SoffiXsponR570.01Fg322300.7.p	HB	TFF
SoffiXsponR570.9us90g059500.4.p	bHLH	TFF
SoffiXsponR570.09Bg035000.5.p	SET	OTR
SoffiXsponR570.03Cg210300.3.p	Trihelix	TFF
SoffiXsponR570.8_10Ag177000.1.p	zf-LSD1	TFF
SoffiXsponR570.07Eg157000.1.p	Rcd1-like	OTR
SoffiXsponR570.09Bg157600.2.p	bHLH	TFF
SoffiXsponR570.05Cg344500.3.p	MYB	TFF
SoffiXsponR570.02Bg008800.3.p	MYB	TFF
SoffiXsponR570.02Bg074000.5.p	MYB	TFF
SoffiXsponR570.05Dg365600.5.p	PHD	OTR
SoffiXsponR570.07Bg021500.1.p	Top	TFF
SoffiXsponR570.09Dg053100.1.p	FAR1	TFF
SoffiXsponR570.03Eg096400.1.p	WRKY	TFF
SoffiXsponR570.02Eg090700.1.p	MYB	TFF
SoffiXsponR570.5_9Ag189100.1.p	WRKY	TFF
SoffiXsponR570.01Eg393400.1.p	AP2-EREBP	TFF
SoffiXsponR570.01Bg360200.1.p	PHD	OTR
SoffiXsponR570.8_5Ag089100.1.p	ABI3VP1	TFF
SoffiXsponR570.05Fg277600.1.p	Tudor-knot	OTR
SoffiXsponR570.03Ag292800.1.p	SWI/SNF-SWI3	OTR
